# Generated by Visualization Toolkit
v -1.1582794189453125 -123.77491760253906 98.87191772460938
v 0.645263671875 -124.71458435058594 97.83636474609375
v -3.90472412109375 -123.12718200683594 98.84590148925781
v -3.0276031494140625 -124.37228393554688 97.7591552734375
v -5.9384918212890625 -124.47598266601562 98.08293151855469
v 4.9210968017578125 -125.76255798339844 98.33316040039062
v -8.117950439453125 -125.93772888183594 98.18643188476562
v -6.76385498046875 -123.89521789550781 99.08790588378906
v 3.1042633056640625 -126.8443603515625 97.76756286621094
v -0.883056640625 -126.947265625 97.18914794921875
v -4.3771209716796875 -127.61444091796875 97.14816284179688
v 4.8143157958984375 -128.8091583251953 98.34596252441406
v -5.8390045166015625 -130.10943603515625 97.39227294921875
v 3.439544677734375 -131.76132202148438 97.67903137207031
v 1.8759918212890625 -131.76910400390625 97.34895324707031
v 4.1017913818359375 -131.69581604003906 98.21269226074219
v -0.9517822265625 -132.65330505371094 97.16560363769531
v -7.019805908203125 -132.2779998779297 98.24085998535156
v 6.0448150634765625 -133.71560668945312 98.33964538574219
v -3.6847381591796875 -135.53811645507812 97.42323303222656
v 5.59930419921875 -135.17526245117188 97.76261901855469
v 2.2501983642578125 -136.34947204589844 97.01303100585938
v -0.9779052734375 -136.68453979492188 97.08950805664062
v 8.359100341796875 -134.34071350097656 99.69456481933594
v -5.3939361572265625 -135.9506378173828 98.15219116210938
v 6.612579345703125 -136.87185668945312 99.19422912597656
v 3.969268798828125 -138.47994995117188 97.79336547851562
v 5.850494384765625 -140.27784729003906 99.33120727539062
v 1.01202392578125 -139.22744750976562 97.46868896484375
v -2.9753570556640625 -138.5834503173828 97.72781372070312
v -4.0537261962890625 -138.38397216796875 98.358642578125
v 1.0900115966796875 -141.25596618652344 98.39309692382812
v 3.702880859375 -142.08871459960938 99.29081726074219
v -0.9794158935546875 -140.84933471679688 99.03007507324219
v 0.29913330078125 -142.48843383789062 99.31890869140625
v -4.4842681884765625 -121.08880615234375 100.42440795898438
v -6.777008056640625 -122.43289184570312 99.70988464355469
v -4.4545440673828125 -118.42388916015625 101.42111206054688
v -1.6245269775390625 -118.71817016601562 101.68698120117188
v -6.6776580810546875 -121.00668334960938 101.18519592285156
v -1.591644287109375 -121.85090637207031 100.38349914550781
v -1.591644287109375 -121.85090637207031 100.38352966308594
v -1.591644287109375 -121.85090637207031 100.38352966308594
v -1.591644287109375 -121.85090637207031 100.38351440429688
v -3.50372314453125 -121.07315063476562 101.2725830078125
v -4.408905029296875 -122.57412719726562 99.84100341796875
v -0.085723876953125 -126.63417053222656 99.52798461914062
v -4.513885498046875 -124.81187438964844 99.45977783203125
v -5.6834259033203125 -123.25921630859375 99.75238037109375
v 3.1419525146484375 -127.35293579101562 98.97476196289062
v -7.5710601806640625 -126.67887878417969 98.68717956542969
v -3.5008544921875 -130.56663513183594 99.61993408203125
v 3.36492919921875 -131.53659057617188 98.85151672363281
v 1.4618988037109375 -133.47940063476562 99.2872314453125
v -0.6715850830078125 -135.5330352783203 99.4080810546875
v -5.2501678466796875 -132.65029907226562 99.29119873046875
v 3.89666748046875 -133.78350830078125 99.13748168945312
v 6.901824951171875 -134.7489013671875 99.38459777832031
v -5.438232421875 -134.86912536621094 98.83416748046875
v 5.58984375 -138.61004638671875 100.15101623535156
v 0.3748931884765625 -139.11903381347656 99.84576416015625
v -1.8448944091796875 -139.03665161132812 99.12974548339844
v 6.4290618896484375 -139.40516662597656 99.761474609375
v 2.471893310546875 -140.54502868652344 100.61376953125
v -0.781494140625 -142.4082794189453 100.13949584960938
v 2.30804443359375 -142.7452850341797 99.94674682617188
v 2.317962646484375 -119.79972839355469 103.27491760253906
v -1.6071624755859375 -120.05946350097656 101.78720092773438
v -1.3855438232421875 -120.522705078125 103.54310607910156
v -1.591644287109375 -121.85090637207031 100.38351440429688
v -4.7109222412109375 -121.46939086914062 102.48504638671875
v -5.7342071533203125 -122.21310424804688 100.88484191894531
v -6.2189788818359375 -121.453857421875 102.70346069335938
v -8.702346801757812 -119.96473693847656 104.94306945800781
v 11.231735229492188 -123.75259399414062 103.27928161621094
v 6.880828857421875 -123.05860900878906 103.43069458007812
v 8.186492919921875 -121.74122619628906 103.85282897949219
v 11.6024169921875 -125.97360229492188 102.59754943847656
v 13.1993408203125 -124.02293395996094 103.75701904296875
v 10.932723999023438 -125.39935302734375 103.44924926757812
v 8.981491088867188 -123.9451904296875 103.74140930175781
v 12.3206787109375 -126.79508972167969 102.73844909667969
v 13.166244506835938 -128.95814514160156 103.41304016113281
v 11.961257934570312 -138.4155731201172 102.39132690429688
v 11.961257934570312 -138.41554260253906 102.39134216308594
v 11.96124267578125 -138.41554260253906 102.39132690429688
v 10.455368041992188 -139.9214324951172 102.39132690429688
v 10.455368041992188 -139.9214324951172 102.39132690429688
v 10.455368041992188 -139.9214324951172 102.39134216308594
v 11.961257934570312 -138.4155731201172 102.39132690429688
v 10.455368041992188 -139.9214324951172 102.39132690429688
v 10.455368041992188 -139.9214324951172 102.39132690429688
v -1.428924560546875 -117.19572448730469 103.23124694824219
v -4.7455902099609375 -117.62260437011719 102.64808654785156
v -3.44732666015625 -116.67521667480469 105.674560546875
v -2.3059844970703125 -116.69174194335938 107.94097900390625
v -5.9375152587890625 -117.32073974609375 103.08927917480469
v -7.1587982177734375 -117.11758422851562 105.01103210449219
v 0.4353179931640625 -118.47785949707031 103.57231140136719
v -8.587570190429688 -118.755615234375 104.39784240722656
v 9.6273193359375 -120.23915100097656 106.2490234375
v 10.59002685546875 -121.31880187988281 104.77468872070312
v 5.45892333984375 -120.34593200683594 104.28851318359375
v 6.7300872802734375 -121.78398132324219 104.1678466796875
v 3.4583587646484375 -120.07406616210938 103.75320434570312
v -6.480377197265625 -121.41554260253906 104.352783203125
v 12.575698852539062 -122.62333679199219 105.15599060058594
v 13.631759643554688 -126.84100341796875 104.77304077148438
v 13.802215576171875 -130.368896484375 103.80580139160156
v 13.467132568359375 -137.66261291503906 104.39921569824219
v 13.467132568359375 -137.66262817382812 104.39918518066406
v 13.467132568359375 -137.66261291503906 104.39926147460938
v 13.467132568359375 -137.66261291503906 104.39921569824219
v 13.467132568359375 -137.66261291503906 104.39921569824219
v 13.467132568359375 -137.66261291503906 104.39921569824219
v 13.467132568359375 -137.66261291503906 104.39926147460938
v 11.961257934570312 -138.41554260253906 102.391357421875
v 13.467132568359375 -137.66261291503906 104.39918518066406
v 10.455368041992188 -139.9214324951172 102.391357421875
v -0.5705108642578125 -117.59375 109.94160461425781
v 0.8610687255859375 -119.15452575683594 105.48707580566406
v -8.6644287109375 -117.51632690429688 106.69508361816406
v 11.313064575195312 -120.78683471679688 106.4735107421875
v -0.0003204345703125 -119.69795227050781 105.81715393066406
v 8.218994140625 -121.1143798828125 105.92312622070312
v -3.8812255859375 -120.57647705078125 106.9127197265625
v -10.272476196289062 -119.04791259765625 109.50637817382812
v 11.569961547851562 -124.16836547851562 106.334716796875
v 13.638442993164062 -123.69927978515625 106.7149658203125
v 12.937225341796875 -126.83375549316406 105.0916748046875
v 13.123886108398438 -124.58403015136719 106.61662292480469
v 13.467132568359375 -137.66261291503906 104.39924621582031
v 13.467132568359375 -137.66261291503906 104.39924621582031
v -5.670745849609375 -116.73960876464844 109.86787414550781
v -1.1547088623046875 -118.40155029296875 110.10136413574219
v -10.160842895507812 -118.34971618652344 110.16038513183594
v 10.695846557617188 -120.36122131347656 107.45429992675781
v -7.4892120361328125 -119.56059265136719 109.71145629882812
v -4.7140350341796875 -117.16015625 112.12321472167969
v -11.103652954101562 -118.75341796875 110.5352783203125
v -7.477447509765625 -117.84590148925781 111.06501770019531
v -5.3405609130859375 -118.09188842773438 111.53730773925781
v 147.490234375 -203.16827392578125 371.44140625
v 147.490234375 -203.16827392578125 371.44140625
v 147.49020385742188 -203.16827392578125 371.44140625
v 147.49020385742188 -203.16827392578125 371.44140625
v 147.490234375 -203.16827392578125 371.44140625
v 147.490234375 -203.16827392578125 371.44140625
v 57.914306640625 -210.67526245117188 486.341552734375
v 51.70002746582031 -213.75253295898438 485.4478454589844
v 53.45475769042969 -209.4807586669922 486.40478515625
v 55.65632629394531 -217.72048950195312 484.97344970703125
v 47.93409729003906 -211.44483947753906 486.4453430175781
v 49.14048767089844 -215.83103942871094 485.4283752441406
v 44.71058654785156 -214.17282104492188 486.469970703125
v 53.98866271972656 -217.9070281982422 484.9929504394531
v 41.95210266113281 -218.0044708251953 486.76837158203125
v 60.93983459472656 -218.9482879638672 485.770263671875
v 66.35731506347656 -219.6465606689453 486.1288757324219
v 59.65376281738281 -223.83152770996094 485.2310791015625
v 56.19952392578125 -222.01535034179688 485.0659484863281
v 52.764678955078125 -222.27938842773438 485.24212646484375
v 65.02230834960938 -227.2520751953125 484.7300109863281
v 69.6065673828125 -228.09872436523438 484.9282531738281
v 56.718017578125 -226.6110382080078 484.802490234375
v 53.84259033203125 -228.3170623779297 484.87322998046875
v 44.97320556640625 -227.70156860351562 486.9576721191406
v 69.37653350830078 -232.29348754882812 484.8526306152344
v 73.69231414794922 -230.88360595703125 485.53125
v 67.4119873046875 -231.02081298828125 484.7312927246094
v 48.379852294921875 -231.5460968017578 486.3531799316406
v 59.7479248046875 -232.24766540527344 485.0225830078125
v 54.272613525390625 -231.95770263671875 485.3306884765625
v 72.37763977050781 -234.78688049316406 485.66766357421875
v 69.79493713378906 -238.6121368408203 486.32696533203125
v 55.454681396484375 -238.2476806640625 486.6426696777344
v 64.09596252441406 -238.7937469482422 486.6463317871094
v 49.928863525390625 -196.63494873046875 488.3028869628906
v 49.544830322265625 -199.5069122314453 487.1090393066406
v 46.7274169921875 -195.8959503173828 487.99517822265625
v 43.62077331542969 -197.5900115966797 487.16571044921875
v 34.43635559082031 -198.72218322753906 487.619140625
v 37.64739990234375 -192.74903869628906 488.361572265625
v 37.16569519042969 -195.9962615966797 487.5732116699219
v 57.16807556152344 -200.47122192382812 488.26483154296875
v 40.52099609375 -197.7898406982422 486.93115234375
v 36.658782958984375 -201.19871520996094 486.8034973144531
v 54.76548767089844 -201.96815490722656 487.2873229980469
v 59.65184020996094 -203.26718139648438 487.6611633300781
v 51.53651428222656 -202.89898681640625 486.892822265625
v 40.325775146484375 -202.52053833007812 486.6546936035156
v 33.646514892578125 -201.50350952148438 487.3845520019531
v 60.69056701660156 -206.46688842773438 487.0452575683594
v 53.35276794433594 -206.35977172851562 486.7985534667969
v 67.29419708251953 -206.65191650390625 488.00830078125
v 65.55059814453125 -208.22525024414062 487.2384338378906
v 64.22930908203125 -203.85447692871094 488.2630615234375
v 38.056884765625 -211.1804962158203 486.805419921875
v 32.674713134765625 -209.7740478515625 487.8317565917969
v 31.68328857421875 -204.25677490234375 488.11376953125
v 35.3831787109375 -210.9895782470703 487.0745544433594
v 41.07916259765625 -212.9838409423828 486.8125
v 71.17476654052734 -214.85061645507812 487.9112243652344
v 69.2153091430664 -214.1918487548828 487.3717346191406
v 66.91071319580078 -214.37191772460938 486.8733825683594
v 33.87115478515625 -213.31040954589844 487.79852294921875
v 36.77827453613281 -214.44293212890625 487.2456970214844
v 71.38726806640625 -219.45835876464844 486.89520263671875
v 35.84478759765625 -217.2177734375 488.2019958496094
v 38.642333984375 -219.57261657714844 487.6726989746094
v 77.89949798583984 -222.51504516601562 488.1208801269531
v 75.97749328613281 -224.3224334716797 486.8157043457031
v 41.09521484375 -220.86837768554688 487.1750183105469
v 42.974395751953125 -224.718994140625 487.2332458496094
v 39.0645751953125 -223.1383056640625 488.5708923339844
v 79.3818130493164 -227.47865295410156 487.9273681640625
v 41.03926086425781 -227.4905548095703 488.59619140625
v 77.83041381835938 -229.76451110839844 486.962890625
v 79.95332336425781 -232.9119110107422 488.1624755859375
v 42.77842712402344 -230.3603973388672 488.06890869140625
v 76.27747344970703 -235.1476287841797 486.7932434082031
v 49.98265075683594 -236.39259338378906 486.9278259277344
v 45.34809875488281 -234.35011291503906 487.8896179199219
v 73.24586486816406 -237.9794464111328 486.48333740234375
v 78.20469665527344 -241.40252685546875 487.8560485839844
v 47.60227966308594 -238.1088104248047 488.21759033203125
v 76.55000305175781 -243.54640197753906 487.41693115234375
v 71.8728256225586 -244.28616333007812 486.7839050292969
v 69.26525115966797 -242.1688232421875 486.70062255859375
v 57.87550354003906 -242.5820770263672 487.08984375
v 54.4359130859375 -244.09124755859375 487.8720397949219
v 72.20451354980469 -246.49826049804688 487.1990051269531
v 59.65447998046875 -248.25950622558594 487.05072021484375
v 75.4625473022461 -246.66952514648438 488.1338195800781
v 70.2366714477539 -249.0862579345703 487.69476318359375
v 64.24185180664062 -249.0266876220703 487.1837158203125
v 56.73582458496094 -250.43141174316406 487.9345703125
v 61.76014709472656 -251.81480407714844 487.8520202636719
v 57.17388916015625 -252.2246856689453 488.3771667480469
v 43.65655517578125 -187.34393310546875 490.0266418457031
v 41.53330993652344 -189.09754943847656 489.178466796875
v 40.303985595703125 -186.17092895507812 490.4001770019531
v 37.01280212402344 -188.3389434814453 489.57574462890625
v 45.68971252441406 -193.24354553222656 488.79974365234375
v 34.44966125488281 -189.5827178955078 489.8699645996094
v 34.34869384765625 -194.6026153564453 489.0621032714844
v 31.798873901367188 -189.20870971679688 491.2501220703125
v 53.54856872558594 -194.8396453857422 490.8680114746094
v 31.0709228515625 -199.83285522460938 489.11358642578125
v 64.33441162109375 -199.67897033691406 490.99224853515625
v 67.15152740478516 -203.3980255126953 489.7723388671875
v 27.828704833984375 -200.2884063720703 490.50927734375
v 25.90899658203125 -202.9822540283203 491.0491638183594
v 69.78291320800781 -207.3259735107422 489.16961669921875
v 26.05810546875 -205.689208984375 491.2615051269531
v 72.67056274414062 -214.27542114257812 488.87762451171875
v 33.032745361328125 -213.85040283203125 488.390625
v 75.96367645263672 -214.01283264160156 491.4716796875
v 79.146240234375 -218.6833953857422 491.00494384765625
v 34.231536865234375 -217.6573028564453 489.4757080078125
v 37.19450378417969 -226.7513427734375 491.5679016113281
v 82.82750701904297 -227.0081787109375 490.86920166015625
v 83.8038558959961 -232.88914489746094 491.0939025878906
v 42.25105285644531 -234.740234375 490.0218811035156
v 82.7558822631836 -241.50711059570312 490.92041015625
v 51.507415771484375 -243.84129333496094 488.93011474609375
v 42.645843505859375 -238.37367248535156 491.3714294433594
v 53.63240051269531 -245.37852478027344 488.3866882324219
v 80.29378509521484 -246.97328186035156 490.78961181640625
v 47.971405029296875 -244.93997192382812 491.2632751464844
v 74.20317840576172 -252.78868103027344 491.1297607421875
v 51.343994140625 -252.3854217529297 490.7796325683594
v 66.14423370361328 -255.5652313232422 490.5676574707031
v 58.25379943847656 -257.3234558105469 490.606689453125
v 61.44276428222656 -259.9064025878906 491.9931945800781
v 43.84796142578125 -184.3760223388672 492.00042724609375
v 47.776031494140625 -185.52357482910156 492.4122009277344
v 35.94245910644531 -185.5301971435547 491.0920715332031
v 33.04905700683594 -185.9664764404297 491.3758239746094
v 32.451629638671875 -183.48941040039062 492.3690185546875
v 49.03202819824219 -187.36607360839844 492.0812683105469
v 50.663818359375 -191.88861083984375 491.3321228027344
v 29.519119262695312 -195.0968475341797 491.8647155761719
v 29.379196166992188 -189.02122497558594 492.1891784667969
v 53.31529235839844 -192.7379608154297 491.77197265625
v 65.99361419677734 -198.45887756347656 492.0719299316406
v 25.599807739257812 -199.8710479736328 491.30767822265625
v 22.75311279296875 -195.6719512939453 492.7828369140625
v 21.311126708984375 -199.748779296875 492.6261901855469
v 69.1826400756836 -202.13331604003906 491.64239501953125
v 72.10102844238281 -205.2050323486328 491.6949157714844
v 73.02836608886719 -208.427978515625 491.12860107421875
v 28.661727905273438 -213.07186889648438 491.5389709472656
v 25.100326538085938 -209.5536346435547 492.6071472167969
v 32.55073547363281 -219.95550537109375 492.27081298828125
v 81.87323760986328 -222.0322265625 491.47796630859375
v 38.31678771972656 -233.6712188720703 492.5776672363281
v 42.634124755859375 -241.6328887939453 492.464599609375
v 86.20982360839844 -247.6786651611328 494.0434265136719
v 78.11249542236328 -249.8832550048828 490.9872741699219
v 46.18418884277344 -252.83387756347656 492.79681396484375
v 79.0978012084961 -255.0874481201172 493.69989013671875
v 54.04473876953125 -256.2124328613281 490.9756774902344
v 48.81854248046875 -258.4851989746094 492.98785400390625
v 75.837890625 -257.4498596191406 493.8989562988281
v 52.114105224609375 -260.990234375 492.8626708984375
v 58.839996337890625 -261.21978759765625 492.47625732421875
v 29.22613525390625 -181.2321014404297 494.05902099609375
v 32.98027038574219 -180.69512939453125 493.9277038574219
v 25.912948608398438 -184.49847412109375 493.6473083496094
v 52.136505126953125 -184.6117401123047 494.5908508300781
v 37.508941650390625 -182.01002502441406 493.39190673828125
v 27.996856689453125 -186.38623046875 492.7139587402344
v 53.57257080078125 -187.9585723876953 493.3869323730469
v 22.09112548828125 -188.83058166503906 493.6946105957031
v 59.913604736328125 -191.9387969970703 493.2865905761719
v 60.086639404296875 -189.68032836914062 494.4063415527344
v 27.80963134765625 -193.89654541015625 492.44097900390625
v 67.62679290771484 -195.09649658203125 493.9544677734375
v 19.456771850585938 -192.6253662109375 494.1385498046875
v 19.605239868164062 -201.5684814453125 493.1958923339844
v 70.59938049316406 -197.8280792236328 493.83306884765625
v 74.4275894165039 -201.3837432861328 494.05694580078125
v 76.2067642211914 -205.1208038330078 493.8897705078125
v 19.624252319335938 -204.9532928466797 493.8677673339844
v 18.766876220703125 -206.60508728027344 495.166748046875
v 78.11653900146484 -210.7734832763672 493.9486389160156
v 22.159042358398438 -211.59982299804688 495.3915100097656
v 80.46163940429688 -213.1204376220703 494.6364440917969
v 22.130386352539062 -213.5174102783203 496.37005615234375
v 84.469970703125 -220.0983123779297 493.9166564941406
v 26.35809326171875 -218.66920471191406 495.913818359375
v 33.81275939941406 -224.5963592529297 492.9739990234375
v 86.4876937866211 -225.07205200195312 493.80792236328125
v 87.11485290527344 -228.8837432861328 493.5744934082031
v 35.581207275390625 -234.10020446777344 494.17144775390625
v 31.69964599609375 -230.6031951904297 495.1078186035156
v 87.92555236816406 -235.4517059326172 493.74078369140625
v 86.92288208007812 -241.8518524169922 493.3030700683594
v 40.8355712890625 -242.90695190429688 493.46820068359375
v 89.74066925048828 -239.866455078125 495.5360412597656
v 89.06613159179688 -242.2060089111328 495.0138854980469
v 43.710968017578125 -252.4159698486328 493.9139709472656
v 40.51335144042969 -247.62123107910156 494.5494689941406
v 82.38167572021484 -252.4367218017578 493.94097900390625
v 47.14839172363281 -259.70489501953125 494.1684265136719
v 66.07675170898438 -261.6057434082031 494.2206726074219
v 73.18865966796875 -259.7898864746094 494.8053283691406
v 49.49818420410156 -262.0411376953125 494.112060546875
v 61.66929626464844 -263.2554016113281 494.73004150390625
v 56.623291015625 -263.17718505859375 493.9339599609375
v 51.71673583984375 -263.26727294921875 494.34674072265625
v 36.490814208984375 -177.6680908203125 497.40155029296875
v 46.678863525390625 -180.04576110839844 497.1235656738281
v 32.89817810058594 -176.9209442138672 497.32257080078125
v 23.377639770507812 -180.0610809326172 497.850830078125
v 27.222793579101562 -178.73544311523438 496.95428466796875
v 20.468307495117188 -184.55337524414062 496.4115295410156
v 18.237518310546875 -186.9654998779297 496.5423278808594
v 59.01936340332031 -186.98199462890625 495.86749267578125
v 16.70172119140625 -189.95315551757812 496.8318176269531
v 70.94477081298828 -194.9004364013672 495.596923828125
v 17.13543701171875 -201.794677734375 494.8539123535156
v 76.05699920654297 -199.97415161132812 495.7950744628906
v 15.482894897460938 -201.0699462890625 496.43963623046875
v 15.013641357421875 -202.94113159179688 497.3858947753906
v 78.1902847290039 -205.2822723388672 495.8451232910156
v 16.456771850585938 -205.14053344726562 496.8007507324219
v 80.01233673095703 -209.8104248046875 496.07061767578125
v 85.39492797851562 -218.57464599609375 495.7485656738281
v 87.12963104248047 -221.98403930664062 495.8018493652344
v 26.900314331054688 -222.3747100830078 496.59136962890625
v 88.65717315673828 -226.7472381591797 495.8946533203125
v 27.900985717773438 -229.55274963378906 496.8808898925781
v 88.8901596069336 -231.9938507080078 495.1922607421875
v 89.66178894042969 -229.16329956054688 497.40924072265625
v 29.331039428710938 -233.54495239257812 497.1249084472656
v 90.46199035644531 -236.1847686767578 496.73968505859375
v 36.92427062988281 -239.4329071044922 494.9801025390625
v 32.49324035644531 -240.70840454101562 498.0660400390625
v 88.4381332397461 -246.67239379882812 495.78656005859375
v 38.00822448730469 -249.2503204345703 496.8808898925781
v 85.36993408203125 -254.88487243652344 497.7169494628906
v 82.9244155883789 -257.2017517089844 497.34979248046875
v 41.49324035644531 -255.92295837402344 497.1394348144531
v 80.24207305908203 -258.9185485839844 497.10650634765625
v 43.88871765136719 -263.1983642578125 497.9314880371094
v 43.45458984375 -260.51239013671875 497.197509765625
v 70.90555572509766 -262.0049133300781 496.1708068847656
v 46.494720458984375 -264.3154602050781 497.27703857421875
v 57.62492370605469 -264.9158630371094 496.1665344238281
v 52.898345947265625 -265.0522766113281 496.21588134765625
v 30.4989013671875 -177.3280792236328 497.07012939453125
v 27.846466064453125 -176.18270874023438 498.177978515625
v 44.47486877441406 -178.80650329589844 497.5994873046875
v 51.19683837890625 -180.4443817138672 498.5373229980469
v 59.9703369140625 -185.13172912597656 498.0370178222656
v 17.5528564453125 -182.05599975585938 501.0640563964844
v 63.880775451660156 -184.7014923095703 500.33544921875
v 72.99452209472656 -193.88426208496094 497.5819396972656
v 14.502471923828125 -193.68409729003906 498.5177307128906
v 77.15198516845703 -198.85256958007812 497.90252685546875
v 79.41499328613281 -205.7819366455078 497.6206359863281
v 17.921783447265625 -208.99656677246094 498.0515441894531
v 81.00615692138672 -206.5503692626953 499.7239685058594
v 18.473617553710938 -210.59214782714844 498.3128967285156
v 20.420913696289062 -215.47682189941406 497.96893310546875
v 86.5068359375 -218.332275390625 497.62567138671875
v 88.84162902832031 -223.3730010986328 498.3509216308594
v 87.46612548828125 -217.59286499023438 500.3580017089844
v 23.591476440429688 -224.632080078125 497.9984436035156
v 25.004669189453125 -230.27651977539062 498.07763671875
v 27.053619384765625 -233.5381622314453 497.95721435546875
v 33.90269470214844 -245.0535888671875 498.4537658691406
v 92.08560180664062 -248.1591033935547 500.7841491699219
v 37.48704528808594 -252.76670837402344 498.0795593261719
v 88.41957092285156 -252.8705596923828 499.23150634765625
v 78.35409545898438 -260.9989013671875 498.123046875
v 67.40666198730469 -264.5677490234375 498.0687255859375
v 47.55888366699219 -266.3021240234375 498.9369812011719
v 28.7664794921875 -171.1907958984375 499.9198913574219
v 31.53668212890625 -170.8955841064453 500.2687072753906
v 31.706283569335938 -174.90243530273438 498.3612365722656
v 39.019012451171875 -173.8335723876953 500.047119140625
v 25.875625610351562 -172.3259735107422 499.78277587890625
v 43.89006042480469 -174.16519165039062 500.6422424316406
v 46.3973388671875 -173.9987030029297 501.4793701171875
v 23.864715576171875 -177.30621337890625 498.9356994628906
v 22.106826782226562 -174.72720336914062 500.7864074707031
v 20.664962768554688 -180.25833129882812 499.46356201171875
v 56.76506042480469 -180.97821044921875 500.97955322265625
v 15.437042236328125 -186.22193908691406 500.31414794921875
v 13.370269775390625 -189.08340454101562 501.4436950683594
v 68.7418212890625 -186.40882873535156 502.03125
v 71.40229797363281 -189.878173828125 500.7603759765625
v 72.40808868408203 -190.0508575439453 502.30364990234375
v 75.2557601928711 -193.47402954101562 500.8628845214844
v 11.088760375976562 -195.8316192626953 502.70037841796875
v 77.35633087158203 -197.0955047607422 500.85980224609375
v 79.40038299560547 -202.6099395751953 500.3609924316406
v 12.215682983398438 -200.49203491210938 501.5845031738281
v 13.001251220703125 -203.65147399902344 501.5473327636719
v 15.820236206054688 -208.38702392578125 500.9266357421875
v -1.473907470703125 -206.7207489013672 500.23834228515625
v -6.0156402587890625 -206.7516632080078 499.1365051269531
v -3.2464447021484375 -205.0280303955078 500.8303527832031
v -7.909027099609375 -204.6146697998047 500.373046875
v -13.582778930664062 -206.12965393066406 499.67681884765625
v -22.189224243164062 -206.1494598388672 499.7339172363281
v -20.567428588867188 -205.1453094482422 500.23638916015625
v 0.2914886474609375 -209.02572631835938 500.2532653808594
v -2.327117919921875 -209.23501586914062 499.0645751953125
v -13.246505737304688 -208.376220703125 498.91375732421875
v -19.993484497070312 -208.3620147705078 498.93212890625
v -23.754653930664062 -207.5831298828125 499.5593566894531
v -6.58758544921875 -209.77845764160156 498.6536865234375
v -17.683792114257812 -211.3914337158203 498.7042236328125
v -21.49981689453125 -210.8979034423828 498.93609619140625
v -24.443283081054688 -211.25868225097656 499.5938415527344
v 18.444046020507812 -213.30274963378906 498.8057556152344
v 15.525955200195312 -211.7666015625 501.6145324707031
v -0.3886871337890625 -212.6236572265625 499.24676513671875
v 3.641448974609375 -214.9321746826172 501.1629638671875
v 84.48735809326172 -209.64329528808594 502.1495666503906
v 86.021728515625 -211.6636962890625 502.9873352050781
v 15.742401123046875 -213.15579223632812 500.8424072265625
v -2.104766845703125 -215.8169708251953 498.8764953613281
v -5.408050537109375 -217.45880126953125 498.6665954589844
v 16.935745239257812 -215.92892456054688 499.35247802734375
v 0.6015472412109375 -217.24148559570312 499.6899108886719
v -16.373977661132812 -219.07139587402344 498.9375305175781
v -19.966903686523438 -221.57403564453125 499.5417785644531
v 19.475204467773438 -218.72927856445312 498.55596923828125
v 13.914016723632812 -221.97271728515625 499.6087646484375
v 11.31402587890625 -219.38946533203125 500.52923583984375
v -4.673248291015625 -221.6966094970703 499.42608642578125
v -9.338760375976562 -222.5300750732422 499.1653137207031
v -15.164596557617188 -222.35350036621094 499.1480407714844
v 89.02134704589844 -220.3391876220703 502.4111328125
v -8.826934814453125 -224.6927032470703 499.8835144042969
v -13.277786254882812 -225.70480346679688 499.96563720703125
v -17.746368408203125 -226.2154541015625 500.3631286621094
v 16.078994750976562 -226.85040283203125 499.5867004394531
v 91.21271514892578 -227.65603637695312 503.1895446777344
v 92.0521240234375 -233.34922790527344 501.263671875
v 20.949676513671875 -234.10342407226562 499.7397766113281
v 17.9420166015625 -230.9093017578125 499.9585876464844
v 92.19330596923828 -239.33016967773438 499.5935363769531
v 27.791275024414062 -242.5008544921875 500.12158203125
v 94.23341369628906 -243.3182373046875 502.7716979980469
v 93.70834350585938 -246.2999725341797 502.2876281738281
v 27.190597534179688 -246.56204223632812 500.9770812988281
v 33.50639343261719 -248.3103790283203 499.1584777832031
v 90.02310943603516 -253.30162048339844 501.1632385253906
v 35.85133361816406 -254.98448181152344 498.7361145019531
v 31.159011840820312 -250.8085479736328 500.09368896484375
v 86.07649230957031 -258.30426025390625 500.648193359375
v 38.445892333984375 -260.2100524902344 498.8175964355469
v 28.385467529296875 -257.7748718261719 500.5952453613281
v 84.29139709472656 -260.199951171875 500.8296203613281
v 41.34169006347656 -262.05181884765625 498.5260925292969
v 34.17942810058594 -261.5735168457031 499.76617431640625
v 81.12980651855469 -261.7831115722656 500.5607604980469
v 78.02346801757812 -263.34814453125 501.2620849609375
v 74.12621307373047 -264.298095703125 500.35809326171875
v 39.01551818847656 -264.1368713378906 499.92767333984375
v 40.15672302246094 -266.1977844238281 501.069580078125
v 67.4129867553711 -266.1104736328125 500.56494140625
v 60.0823974609375 -266.7262268066406 499.6193542480469
v 52.39317321777344 -267.8392028808594 500.6407470703125
v 36.692291259765625 -170.46786499023438 502.363525390625
v 30.916534423828125 -168.1604766845703 503.1451721191406
v 28.040298461914062 -168.85595703125 502.0411682128906
v 24.35601806640625 -168.73492431640625 502.9711608886719
v 37.37904357910156 -171.58828735351562 501.38873291015625
v 24.489364624023438 -170.92140197753906 501.3134765625
v 53.7059326171875 -178.06878662109375 502.3084716796875
v 17.656417846679688 -178.59854125976562 502.5045166015625
v 66.7955322265625 -184.19081115722656 503.00140380859375
v 59.033416748046875 -180.17752075195312 503.3600769042969
v 13.91412353515625 -183.33497619628906 504.56024169921875
v 73.21209716796875 -190.16554260253906 504.5500183105469
v 80.07121276855469 -200.35032653808594 505.4388427734375
v 11.521148681640625 -203.46226501464844 503.25634765625
v -2.7587127685546875 -202.77462768554688 503.8439025878906
v -13.215606689453125 -204.24537658691406 501.12713623046875
v -21.746734619140625 -203.23394775390625 502.1044006347656
v -26.810989379882812 -204.34347534179688 502.3790588378906
v 13.81475830078125 -207.29736328125 502.8918762207031
v -28.766204833984375 -207.26173400878906 501.8775329589844
v -30.086471557617188 -211.1407012939453 501.8399353027344
v 15.552825927734375 -209.877197265625 501.71893310546875
v 4.249114990234375 -212.1405487060547 502.2608337402344
v -28.649276733398438 -213.29273986816406 501.2261047363281
v 12.564559936523438 -212.7316436767578 503.0050048828125
v 11.963088989257812 -216.5542449951172 501.2176513671875
v 6.548004150390625 -214.3046112060547 502.5936584472656
v 4.0554656982421875 -216.62506103515625 501.2186584472656
v -24.976150512695312 -222.08473205566406 500.9242858886719
v 9.307647705078125 -215.8199920654297 502.18878173828125
v 7.7769775390625 -219.44839477539062 501.2236633300781
v 5.5048675537109375 -218.30447387695312 501.3072509765625
v 2.213134765625 -219.10122680664062 500.70672607421875
v -29.739776611328125 -216.59742736816406 502.15594482421875
v 5.3701934814453125 -221.024169921875 501.2319030761719
v 0.439178466796875 -221.847412109375 500.8406677246094
v 7.9510040283203125 -223.36032104492188 501.1169738769531
v -25.331268310546875 -224.8388671875 501.6962890625
v 3.6082763671875 -225.2938690185547 501.91876220703125
v -0.1672210693359375 -224.46246337890625 501.5295715332031
v -21.024673461914062 -226.5767059326172 501.09716796875
v 7.2718658447265625 -226.20138549804688 501.6929626464844
v -5.66357421875 -228.4673309326172 502.2398376464844
v 13.849334716796875 -228.7621307373047 500.64434814453125
v 9.723648071289062 -231.17999267578125 502.3835144042969
v -13.003799438476562 -231.98202514648438 502.8893127441406
v 15.382125854492188 -233.8563232421875 502.04339599609375
v 19.09393310546875 -238.81103515625 502.3110046386719
v 94.0041732788086 -238.29855346679688 503.40594482421875
v 23.128921508789062 -243.0023956298828 502.197265625
v 12.203353881835938 -248.38548278808594 501.171875
v 9.884933471679688 -245.48875427246094 501.7933349609375
v 13.641983032226562 -242.88157653808594 502.5328674316406
v 22.551589965820312 -246.52938842773438 502.606689453125
v 19.30535888671875 -250.7097625732422 501.5292053222656
v 8.330413818359375 -247.25547790527344 501.9068603515625
v 27.531478881835938 -249.72938537597656 500.826416015625
v 24.282302856445312 -248.2660369873047 501.8377380371094
v 92.30024719238281 -250.74659729003906 503.1812744140625
v 16.1517333984375 -250.7982940673828 501.2468566894531
v 7.9268646240234375 -249.74537658691406 502.31646728515625
v 23.018508911132812 -252.0351104736328 501.2037353515625
v 17.201202392578125 -253.1697540283203 501.2675476074219
v 26.129776000976562 -254.6032257080078 500.8135986328125
v 15.345062255859375 -254.5515899658203 501.8201904296875
v 90.0688705444336 -255.43873596191406 503.6545104980469
v 22.751205444335938 -257.34747314453125 501.13482666015625
v 19.368881225585938 -259.213134765625 501.70782470703125
v 85.79851531982422 -260.0411376953125 503.27056884765625
v 27.184432983398438 -261.73602294921875 501.4333190917969
v 81.7002182006836 -262.3996887207031 503.3866882324219
v 28.775115966796875 -264.7218017578125 502.21563720703125
v 74.10762786865234 -265.2658386230469 502.4291076660156
v 33.12284851074219 -265.4395751953125 501.78277587890625
v 59.78450012207031 -267.933837890625 501.93084716796875
v 71.60076904296875 -266.3220520019531 503.79217529296875
v 45.16758728027344 -268.42730712890625 502.2838134765625
v 26.544036865234375 -166.7561492919922 505.239501953125
v 17.467391967773438 -171.673828125 504.1003112792969
v 47.42744445800781 -172.9557342529297 503.4511413574219
v 42.41954040527344 -171.1879425048828 503.52587890625
v 19.404434204101562 -173.82334899902344 502.5627746582031
v 16.214645385742188 -173.7149200439453 504.0049743652344
v 15.556655883789062 -179.66477966308594 504.1378479003906
v 13.4171142578125 -173.85032653808594 505.7149353027344
v 71.35990142822266 -186.19769287109375 505.6917724609375
v 11.17138671875 -191.56163024902344 504.2265319824219
v 77.38888549804688 -195.41806030273438 506.5452880859375
v 78.93167114257812 -199.49575805664062 503.3939208984375
v 10.080001831054688 -198.4464569091797 503.514404296875
v -12.208251953125 -202.3628692626953 503.5618591308594
v -16.482406616210938 -201.634521484375 504.8457336425781
v -23.919082641601562 -201.61851501464844 504.7377014160156
v -28.003936767578125 -202.47274780273438 504.5798034667969
v -0.8037109375 -204.40460205078125 502.9713439941406
v -29.750656127929688 -204.29058837890625 503.75537109375
v 1.35968017578125 -204.21221923828125 504.13824462890625
v 3.87469482421875 -206.95193481445312 504.4099426269531
v 2.109222412109375 -207.21197509765625 503.1944885253906
v -31.707229614257812 -208.50253295898438 503.5643615722656
v 13.021728515625 -209.95619201660156 504.1490783691406
v 8.005615234375 -210.4998321533203 504.5966491699219
v -33.21629333496094 -210.70433044433594 504.9154357910156
v 10.99578857421875 -210.51974487304688 504.6275634765625
v -32.05839538574219 -215.5539093017578 503.9034729003906
v 87.6473617553711 -215.3291473388672 503.5372009277344
v 61.65519714355469 -215.21530151367188 503.95867919921875
v 61.65519714355469 -215.21530151367188 503.9585876464844
v 61.65519714355469 -215.2152862548828 503.9585876464844
v 61.65519714355469 -215.21530151367188 503.9585876464844
v 61.65519714355469 -215.21530151367188 503.9585876464844
v -30.03240966796875 -221.7329864501953 503.478759765625
v 90.23355102539062 -223.27708435058594 505.22808837890625
v -28.039535522460938 -225.7404022216797 503.8115539550781
v -24.908676147460938 -228.8450927734375 503.63714599609375
v 3.105926513671875 -232.98025512695312 504.39031982421875
v 0.0599212646484375 -232.0231170654297 504.1910400390625
v -20.863372802734375 -232.99868774414062 504.2457580566406
v 92.9916000366211 -228.50392150878906 507.2673645019531
v -5.872711181640625 -233.55438232421875 503.9624328613281
v -16.13323974609375 -235.69163513183594 504.6353454589844
v 13.805877685546875 -236.11947631835938 502.8408508300781
v 9.065994262695312 -234.64833068847656 503.1206359863281
v -11.895950317382812 -235.5658721923828 504.27362060546875
v 2.5067901611328125 -237.6119384765625 504.8226318359375
v 16.446640014648438 -240.06863403320312 502.9337158203125
v 9.336471557617188 -239.3086700439453 503.1365051269531
v 6.6479949951171875 -239.1380615234375 503.5881042480469
v 18.959014892578125 -243.10231018066406 502.99298095703125
v 9.96282958984375 -241.92332458496094 502.7142333984375
v 2.259918212890625 -246.48651123046875 503.4872741699219
v -0.7232818603515625 -244.3287353515625 504.7431640625
v 94.42617797851562 -246.27110290527344 504.9967041015625
v 20.168014526367188 -245.91192626953125 502.75860595703125
v 93.70388793945312 -247.94642639160156 504.260009765625
v 0.810028076171875 -250.6317596435547 504.1022644042969
v 3.3204345703125 -252.28587341308594 503.9216003417969
v 9.490264892578125 -255.73780822753906 503.8963928222656
v 12.929473876953125 -263.5872497558594 504.2878112792969
v 8.675628662109375 -261.45068359375 504.92803955078125
v 82.4904556274414 -261.9308776855469 506.6485595703125
v 18.732192993164062 -264.3036804199219 503.26837158203125
v 75.91499328613281 -264.7662048339844 504.14825439453125
v 29.66082763671875 -267.39544677734375 503.38311767578125
v 34.83734130859375 -266.9788818359375 502.9256591796875
v 21.840072631835938 -266.51318359375 503.9158630371094
v 60.72918701171875 -268.3822021484375 503.5853271484375
v 38.74574279785156 -268.11322021484375 504.1325988769531
v 51.41175842285156 -270.2530212402344 505.6147766113281
v 47.26641845703125 -270.3410339355469 505.3437805175781
v 29.2783203125 -269.29522705078125 504.771240234375
v 20.935836791992188 -166.58074951171875 507.6050720214844
v 30.770660400390625 -166.85072326660156 505.8894348144531
v 17.980133056640625 -169.2030487060547 505.7744140625
v 38.95658874511719 -169.49534606933594 505.69683837890625
v 45.12294006347656 -170.30252075195312 507.1375427246094
v 47.019195556640625 -171.4654998779297 505.76849365234375
v 14.290252685546875 -172.21160888671875 505.8606872558594
v 50.30409240722656 -171.6447296142578 508.5804748535156
v 55.65586853027344 -176.6954803466797 505.806396484375
v 13.801773071289062 -179.71142578125 506.04193115234375
v 63.10148620605469 -180.8328399658203 505.83538818359375
v 57.26805114746094 -176.2593994140625 508.6766052246094
v 70.75759887695312 -184.1810302734375 507.51068115234375
v 68.63034057617188 -182.9459686279297 507.6095886230469
v 10.8543701171875 -184.94837951660156 508.4947814941406
v 9.41162109375 -193.59068298339844 505.719970703125
v 9.078628540039062 -196.4895782470703 504.38653564453125
v 7.42681884765625 -195.4279327392578 505.8569030761719
v 5.9463348388671875 -198.0420684814453 505.2085266113281
v 4.4321136474609375 -195.95773315429688 506.5597229003906
v 1.1981201171875 -198.00421142578125 506.2564697265625
v 7.64532470703125 -199.80221557617188 504.6543273925781
v -0.46697998046875 -200.45687866210938 505.4348449707031
v 0.679168701171875 -194.84390258789062 509.1094970703125
v 10.281097412109375 -204.1675567626953 504.2569274902344
v 9.127471923828125 -205.05938720703125 504.9190673828125
v 5.141021728515625 -202.08819580078125 504.99017333984375
v 1.235107421875 -202.52603149414062 504.5621337890625
v -2.558837890625 -201.7124481201172 504.97271728515625
v -5.18060302734375 -200.6264190673828 506.7671203613281
v -10.55682373046875 -199.92196655273438 507.1082458496094
v -13.332489013671875 -200.0155487060547 507.2571716308594
v -17.624679565429688 -201.1130828857422 506.6257019042969
v -25.382492065429688 -201.124267578125 506.49102783203125
v -31.090255737304688 -202.139404296875 506.30682373046875
v 8.285736083984375 -207.29995727539062 505.2523498535156
v 82.87552642822266 -202.55323791503906 507.9049072265625
v 5.6772613525390625 -205.68701171875 505.0995178222656
v -33.20196533203125 -203.48348999023438 507.1764221191406
v 84.30523681640625 -204.7814483642578 508.4636535644531
v 85.70076751708984 -208.471435546875 507.10247802734375
v 11.24078369140625 -208.69102478027344 504.7546081542969
v -33.996795654296875 -206.1856231689453 507.1072692871094
v 87.0334701538086 -211.53179931640625 506.9876708984375
v -34.125885009765625 -212.42440795898438 506.60064697265625
v 88.08963012695312 -215.4908447265625 506.3057861328125
v 61.65519714355469 -215.21530151367188 503.95867919921875
v -32.33758544921875 -219.91688537597656 505.6869201660156
v -34.6552734375 -218.05795288085938 509.73870849609375
v -30.7591552734375 -226.6680450439453 507.3821716308594
v -32.73039245605469 -224.9557647705078 508.71893310546875
v 94.81131744384766 -232.1894989013672 508.221435546875
v -24.68353271484375 -234.52272033691406 507.63592529296875
v -0.1411285400390625 -235.048828125 504.8531188964844
v -14.248764038085938 -237.64663696289062 505.10284423828125
v -8.119949340820312 -239.41835021972656 505.0041809082031
v -22.455062866210938 -235.66627502441406 506.91729736328125
v -19.049301147460938 -237.26226806640625 506.4849548339844
v 94.64431762695312 -239.18934631347656 505.34051513671875
v -4.14898681640625 -242.87039184570312 505.3513488769531
v -14.819198608398438 -239.3505401611328 505.852294921875
v -17.347610473632812 -240.0758819580078 507.49041748046875
v -10.186798095703125 -243.60330200195312 506.159912109375
v 94.20398712158203 -242.46507263183594 506.679443359375
v 94.78471374511719 -239.81277465820312 506.9555358886719
v -6.0196380615234375 -245.39315795898438 505.8826904296875
v -3.430694580078125 -247.22047424316406 505.45587158203125
v 92.16486358642578 -250.1096954345703 505.63629150390625
v -6.0072021484375 -249.05284118652344 506.7606201171875
v -5.03973388671875 -250.8715362548828 506.865966796875
v 90.53439331054688 -255.0559844970703 505.4229431152344
v 2.6142120361328125 -258.3331298828125 505.1885681152344
v -0.161285400390625 -255.19395446777344 505.4336242675781
v 88.2887191772461 -257.8674011230469 505.1085510253906
v -1.2804412841796875 -258.51641845703125 507.0529479980469
v -2.575103759765625 -254.76356506347656 506.7613220214844
v 86.10740661621094 -259.9297180175781 504.8797912597656
v 0.7606353759765625 -260.80633544921875 506.6181640625
v 3.391876220703125 -262.30535888671875 506.2457275390625
v 6.7928466796875 -263.89483642578125 506.1947021484375
v 78.63060760498047 -263.54534912109375 506.8656311035156
v 12.447189331054688 -265.6028137207031 505.1396179199219
v 71.78868865966797 -266.39007568359375 507.25799560546875
v 15.160476684570312 -267.3567199707031 505.50689697265625
v 8.076873779296875 -266.4460144042969 507.3052978515625
v 65.17108154296875 -267.7355041503906 504.79168701171875
v 35.15403747558594 -268.66058349609375 505.2989807128906
v 21.637588500976562 -268.6604919433594 505.537353515625
v 11.554672241210938 -267.9442443847656 506.9017639160156
v 42.54872131347656 -271.2694396972656 508.1453552246094
v 29.852813720703125 -270.45147705078125 506.03753662109375
v 27.3970947265625 -270.01788330078125 505.9714660644531
v 22.781936645507812 -270.4002380371094 507.56298828125
v 27.8599853515625 -165.33859252929688 509.5374755859375
v 31.768539428710938 -166.1233367919922 509.3946838378906
v 36.2760009765625 -167.79098510742188 509.8017883300781
v 17.218719482421875 -166.5138702392578 511.7554931640625
v 40.56398010253906 -169.2568817138672 508.4925537109375
v 16.750900268554688 -168.46029663085938 508.87750244140625
v 15.120315551757812 -170.84695434570312 507.9794006347656
v 13.94964599609375 -173.13839721679688 508.48150634765625
v 13.070175170898438 -175.43447875976562 508.9399719238281
v 13.05389404296875 -177.92771911621094 507.6670837402344
v 64.21876525878906 -180.07086181640625 509.5471496582031
v 71.77896881103516 -185.0662841796875 508.4993591308594
v 9.55706787109375 -189.67306518554688 508.6654357910156
v 74.39786529541016 -190.7504425048828 508.53411865234375
v 8.234573364257812 -191.76490783691406 509.1946105957031
v 77.93972778320312 -195.34339904785156 508.4964599609375
v -3.2359466552734375 -198.93548583984375 507.97637939453125
v 80.73944091796875 -196.75787353515625 511.47784423828125
v -14.031265258789062 -199.3321075439453 509.55767822265625
v -18.112564086914062 -201.01190185546875 508.1059875488281
v -25.9715576171875 -201.0390167236328 507.7708435058594
v -30.433624267578125 -202.17604064941406 508.3645324707031
v -33.76849365234375 -203.64028930664062 508.78326416015625
v -34.8289794921875 -208.6860809326172 508.3194885253906
v 87.7930908203125 -215.08865356445312 509.0688781738281
v 89.39344787597656 -219.70785522460938 509.9381408691406
v 91.01514434814453 -223.32962036132812 509.33837890625
v 95.8245620727539 -236.36737060546875 509.51751708984375
v -21.640243530273438 -238.8746795654297 509.510498046875
v 94.0201187133789 -241.00816345214844 509.1071472167969
v -13.6424560546875 -243.91278076171875 507.4542236328125
v 92.11045837402344 -243.58946228027344 509.7963562011719
v 91.64852142333984 -245.89158630371094 508.594970703125
v 88.69741821289062 -252.6803436279297 508.5145568847656
v -12.853668212890625 -249.7965850830078 509.76104736328125
v 89.4791488647461 -250.30577087402344 508.9523620605469
v -6.4049224853515625 -253.2412567138672 508.637451171875
v 87.2754898071289 -257.2561950683594 507.42767333984375
v 86.82757568359375 -255.76856994628906 509.66180419921875
v -3.9649810791015625 -257.63348388671875 509.1741943359375
v 85.07463836669922 -259.0510559082031 508.86761474609375
v 82.75431823730469 -260.6634521484375 510.10858154296875
v 2.01361083984375 -263.97125244140625 508.00042724609375
v -0.444061279296875 -262.3463134765625 508.5922546386719
v 76.76537322998047 -263.9300842285156 508.9938659667969
v 66.14745330810547 -267.5372619628906 508.7426452636719
v 61.18804931640625 -268.991943359375 508.03985595703125
v 61.83354187011719 -268.6368103027344 511.6117858886719
v 55.36534118652344 -270.39691162109375 508.4056701660156
v 35.16935729980469 -270.1806335449219 509.02838134765625
v 12.495040893554688 -269.4749450683594 508.2234191894531
v 37.81829833984375 -270.73687744140625 509.68865966796875
v 29.6622314453125 -271.50299072265625 509.62261962890625
v 27.736328125 -271.1813049316406 508.21551513671875
v 16.000518798828125 -270.8525390625 509.3187561035156
v 23.54833984375 -165.24453735351562 509.7879333496094
v 19.505783081054688 -165.34274291992188 512.0427856445312
v 44.58778381347656 -169.4019775390625 511.6968994140625
v 48.71055603027344 -170.1935577392578 511.24847412109375
v 14.20001220703125 -170.33621215820312 510.60272216796875
v 12.115402221679688 -178.63409423828125 509.6705627441406
v 73.85786437988281 -186.41635131835938 514.709716796875
v 5.508514404296875 -192.6870574951172 509.67230224609375
v 0.14227294921875 -193.21839904785156 510.25152587890625
v -4.798309326171875 -197.02761840820312 509.3753356933594
v -9.351608276367188 -197.78765869140625 509.11956787109375
v -7.517486572265625 -195.84136962890625 510.1122131347656
v -11.841567993164062 -198.04452514648438 509.67327880859375
v -9.494766235351562 -195.866455078125 510.8506164550781
v -12.926910400390625 -197.9678955078125 512.0208129882812
v 82.90101623535156 -199.86349487304688 512.671630859375
v -16.792831420898438 -200.94264221191406 509.6796875
v -19.271530151367188 -201.64561462402344 509.8670959472656
v -26.781448364257812 -201.4134063720703 509.0738830566406
v -32.04814147949219 -203.5394287109375 509.4182434082031
v -34.77064514160156 -203.15611267089844 510.0126953125
v -34.61778259277344 -205.7263641357422 508.9564514160156
v 85.15491485595703 -206.0141143798828 511.2803039550781
v 85.83827209472656 -208.86094665527344 511.2781677246094
v -34.70054626464844 -208.8306121826172 510.42401123046875
v -35.152587890625 -212.62850952148438 509.32220458984375
v -35.53456115722656 -210.5911102294922 511.302490234375
v 89.18392944335938 -218.5238800048828 514.2451171875
v 94.90919494628906 -227.294677734375 513.7221069335938
v 93.57722473144531 -225.14865112304688 513.412109375
v 96.4694595336914 -232.0891876220703 512.8994140625
v 95.24098205566406 -238.65093994140625 511.2015075683594
v 90.07869720458984 -248.0092010498047 510.7485656738281
v 88.86939239501953 -251.2126007080078 510.53277587890625
v -6.533111572265625 -258.03204345703125 511.5873718261719
v 87.96266174316406 -253.6194610595703 510.9286804199219
v 84.19294738769531 -258.13983154296875 512.6351928710938
v 79.80028533935547 -262.0166931152344 511.2897033691406
v 73.45579528808594 -264.8467102050781 510.7064208984375
v 70.32534790039062 -266.4447326660156 509.6689758300781
v 59.049896240234375 -269.7127380371094 511.6923828125
v 54.75483703613281 -270.7847900390625 510.1225891113281
v 9.040084838867188 -272.7324523925781 513.7628784179688
v 47.38316345214844 -272.398193359375 510.34552001953125
v 41.02386474609375 -272.3758850097656 511.3230895996094
v 23.462799072265625 -273.16522216796875 512.5701293945312
v 27.804885864257812 -164.86019897460938 513.7567138671875
v 31.699966430664062 -165.58363342285156 513.3975219726562
v 22.444076538085938 -164.76812744140625 513.5919189453125
v 38.91777038574219 -168.62615966796875 514.6856689453125
v 39.83818054199219 -168.81900024414062 512.3619384765625
v 14.394851684570312 -167.8225555419922 513.1868286132812
v 47.56883239746094 -168.67254638671875 517.8820190429688
v 61.33384704589844 -176.27853393554688 515.7811279296875
v 11.202789306640625 -175.98751831054688 511.9613342285156
v 10.61083984375 -170.84226989746094 515.1810302734375
v 9.18695068359375 -181.7836456298828 511.97662353515625
v 67.99836730957031 -181.24765014648438 513.8851928710938
v 65.15583801269531 -178.6409912109375 516.4176025390625
v 8.410324096679688 -185.81398010253906 511.7170104980469
v 7.1892242431640625 -188.7574462890625 511.4000549316406
v 7.2245941162109375 -187.25315856933594 513.1445922851562
v 75.37277221679688 -189.7241668701172 513.2752685546875
v 5.8609466552734375 -188.9579315185547 512.771240234375
v 5.350616455078125 -190.20440673828125 511.4499206542969
v 2.7503204345703125 -190.5834197998047 511.56591796875
v 4.0757904052734375 -189.54823303222656 512.8401489257812
v -1.7259063720703125 -189.02487182617188 512.3765258789062
v -4.1028594970703125 -190.8745880126953 511.34722900390625
v -5.9548187255859375 -189.70852661132812 512.7642211914062
v 78.81765747070312 -192.6707000732422 515.7608032226562
v -7.672210693359375 -191.224853515625 513.09375
v -10.807373046875 -195.89735412597656 511.837890625
v -14.140899658203125 -200.03573608398438 511.7729797363281
v -14.835540771484375 -200.81488037109375 511.2505798339844
v -16.482742309570312 -202.2015838623047 511.0885314941406
v -25.297805786132812 -202.0200958251953 510.08056640625
v 83.72241973876953 -200.14964294433594 515.62451171875
v -19.056121826171875 -203.63995361328125 511.2437438964844
v -23.037002563476562 -203.7949676513672 511.56805419921875
v -26.290557861328125 -203.49734497070312 511.0594177246094
v -15.880462646484375 -203.81101989746094 511.83795166015625
v -27.361602783203125 -207.44610595703125 512.5803833007812
v -33.23985290527344 -204.53396606445312 509.76898193359375
v -15.690658569335938 -206.622802734375 512.0575561523438
v -17.879409790039062 -208.3585205078125 511.83587646484375
v -19.646438598632812 -208.64414978027344 512.0250854492188
v -33.83897399902344 -206.4546661376953 510.316162109375
v -31.357559204101562 -210.20591735839844 512.6400756835938
v -33.72230529785156 -208.95620727539062 511.5082092285156
v -17.643142700195312 -209.05401611328125 512.4525756835938
v -32.97650146484375 -211.14915466308594 513.2011108398438
v -35.119049072265625 -209.7086639404297 512.1580200195312
v -36.4034423828125 -207.9271240234375 513.274169921875
v -36.56745910644531 -209.18955993652344 513.9035034179688
v 86.19268035888672 -212.5198974609375 513.2335815429688
v 86.96784210205078 -214.92315673828125 513.3905029296875
v -37.63606262207031 -214.14996337890625 516.3242797851562
v 90.86737823486328 -221.28431701660156 514.75146484375
v -36.045135498046875 -223.0867156982422 513.8604125976562
v -34.83186340332031 -226.18885803222656 513.2648315429688
v 92.29976654052734 -223.3288116455078 513.747314453125
v -32.875457763671875 -228.4244384765625 512.1433715820312
v 96.16609954833984 -226.27731323242188 518.497802734375
v -29.6810302734375 -232.94845581054688 512.4089965820312
v -27.318756103515625 -236.04672241210938 513.33447265625
v -24.3775634765625 -237.898193359375 511.2587890625
v 96.3186264038086 -235.7640838623047 512.1505126953125
v -25.099777221679688 -238.73770141601562 513.5758056640625
v -22.948928833007812 -241.1585235595703 512.766357421875
v -19.95147705078125 -242.499267578125 510.84716796875
v 93.3630599975586 -242.56732177734375 512.7794189453125
v 91.48261260986328 -245.34219360351562 511.9683837890625
v -20.67724609375 -247.1913299560547 514.2545166015625
v -18.968826293945312 -248.28175354003906 513.046875
v -17.525100708007812 -249.9462432861328 513.0076293945312
v -11.84722900390625 -253.6051483154297 512.074951171875
v 87.20913696289062 -254.95094299316406 512.632080078125
v 86.00732421875 -255.9882049560547 513.9200439453125
v -9.025344848632812 -257.6260986328125 513.0496826171875
v -4.47772216796875 -261.03387451171875 512.510986328125
v 0.89715576171875 -269.2301025390625 514.031005859375
v 64.68047332763672 -267.1919860839844 513.7018432617188
v 3.788909912109375 -271.10595703125 514.0477905273438
v 36.184967041015625 -271.7753601074219 513.1526489257812
v 33.4541015625 -271.6827697753906 512.8953857421875
v 54.58544921875 -270.9965515136719 514.5101318359375
v 48.72526550292969 -272.7518310546875 512.9620971679688
v 41.8660888671875 -273.09771728515625 513.5372314453125
v 28.29095458984375 -273.8736267089844 515.2864379882812
v 26.5081787109375 -273.881591796875 514.2022094726562
v 13.3790283203125 -274.07080078125 515.267822265625
v 17.284530639648438 -165.58236694335938 514.2523803710938
v 54.487457275390625 -171.4497528076172 516.6260375976562
v 8.955947875976562 -172.76840209960938 515.7918701171875
v 7.493133544921875 -178.85931396484375 514.812255859375
v 71.8379135131836 -183.28541564941406 517.6730346679688
v 7.475494384765625 -183.99252319335938 514.3837890625
v 7.3011627197265625 -185.94847106933594 515.2504272460938
v 6.4900970458984375 -188.5150146484375 514.5980224609375
v 1.36279296875 -188.5772705078125 513.6530151367188
v -2.1246490478515625 -186.2112579345703 516.5519409179688
v -3.57562255859375 -187.6500701904297 514.3992309570312
v 74.86180114746094 -186.418212890625 517.727294921875
v 4.6084442138671875 -189.29466247558594 514.662109375
v -35.757415771484375 -194.0201416015625 512.4105224609375
v -30.800140380859375 -191.40122985839844 515.7644653320312
v -32.18861389160156 -192.6172332763672 515.3324584960938
v -35.59019470214844 -192.3015594482422 514.07568359375
v -36.408782958984375 -194.03675842285156 512.5921630859375
v -12.510772705078125 -195.70140075683594 514.8386840820312
v -13.732803344726562 -199.45004272460938 513.7410888671875
v -13.879150390625 -202.40003967285156 513.95166015625
v 84.81591796875 -203.4877166748047 514.6569213867188
v -14.254135131835938 -203.44065856933594 512.77001953125
v -12.320465087890625 -207.17408752441406 514.4217529296875
v -23.1507568359375 -208.27694702148438 512.858642578125
v 85.96319580078125 -207.842041015625 513.4540405273438
v -12.65130615234375 -209.64404296875 514.2779541015625
v -25.034469604492188 -208.44334411621094 513.3361206054688
v -14.120132446289062 -209.06961059570312 513.5432739257812
v -27.887405395507812 -209.0580596923828 513.7460327148438
v -29.480972290039062 -210.6268310546875 515.4880981445312
v -12.637466430664062 -210.29893493652344 514.038330078125
v -14.895355224609375 -209.91827392578125 514.4186401367188
v -17.395904541015625 -210.69085693359375 514.2213134765625
v -19.248336791992188 -212.52073669433594 514.434814453125
v -23.605453491210938 -211.3920135498047 515.5047607421875
v -27.39019775390625 -209.80581665039062 514.8642578125
v -31.549468994140625 -211.97377014160156 514.8543090820312
v -34.29951477050781 -211.11282348632812 514.1922607421875
v -36.94526672363281 -210.90875244140625 515.2295532226562
v -32.651519775390625 -212.17262268066406 515.4152221679688
v -37.3990478515625 -220.16900634765625 516.3170776367188
v -32.17286682128906 -230.26805114746094 514.0015869140625
v -35.78297424316406 -226.37693786621094 516.6675415039062
v -29.421966552734375 -233.93675231933594 514.126953125
v 97.23628234863281 -234.32540893554688 516.82568359375
v 96.36686706542969 -238.5929412841797 515.7738647460938
v 95.031982421875 -240.8868865966797 514.3348388671875
v -24.250503540039062 -241.29476928710938 515.4124145507812
v 90.36028289794922 -249.5913848876953 513.7122802734375
v 90.1316146850586 -252.05152893066406 515.3497924804688
v -17.146011352539062 -254.2284393310547 517.1567993164062
v 84.2981948852539 -256.7086486816406 516.8530883789062
v 82.05960083007812 -257.14453125 519.7503051757812
v 80.63116455078125 -259.5169982910156 516.1455078125
v 71.97340393066406 -262.0635681152344 519.00537109375
v -2.956024169921875 -267.7286682128906 517.1779174804688
v 67.89440155029297 -265.6730041503906 514.939697265625
v 57.735748291015625 -269.4671325683594 517.0768432617188
v 43.6810302734375 -273.2456359863281 515.2506103515625
v 32.80792236328125 -272.484375 515.7308959960938
v 11.68408203125 -166.88978576660156 518.9647216796875
v 50.617645263671875 -168.7446746826172 520.5736694335938
v 44.577667236328125 -168.77713012695312 516.5987548828125
v 10.443817138671875 -168.6063232421875 517.5082397460938
v 7.10223388671875 -175.70692443847656 515.9952392578125
v 6.72418212890625 -181.55897521972656 515.6051635742188
v 7.2016754150390625 -187.884521484375 515.5407104492188
v 2.9639892578125 -189.02157592773438 515.683349609375
v -5.069976806640625 -187.51510620117188 516.4176025390625
v -17.752792358398438 -189.0460662841797 516.0952758789062
v -14.802902221679688 -186.8802032470703 515.6920776367188
v -14.0799560546875 -188.7346649169922 515.0194702148438
v 5.468902587890625 -189.5098419189453 515.13232421875
v -7.0775146484375 -189.05422973632812 517.005859375
v -9.361404418945312 -191.26573181152344 516.2402954101562
v -28.288375854492188 -191.62448120117188 515.9575805664062
v -31.177810668945312 -191.13150024414062 516.9296875
v -33.44866943359375 -190.31271362304688 516.1929321289062
v -10.890182495117188 -192.28521728515625 517.1517944335938
v -36.876983642578125 -193.32667541503906 514.830810546875
v 81.55602264404297 -196.22621154785156 517.3522338867188
v -34.8292236328125 -194.62911987304688 516.7366333007812
v -36.12188720703125 -194.5519561767578 515.1087646484375
v -38.1278076171875 -197.5040740966797 514.9044799804688
v -37.98448181152344 -194.6807403564453 516.2921752929688
v -37.1353759765625 -196.83148193359375 515.970703125
v -14.133499145507812 -197.96217346191406 516.0346069335938
v -37.673309326171875 -200.37237548828125 517.0105590820312
v -14.287765502929688 -201.0626220703125 515.463623046875
v -38.036956787109375 -203.6509246826172 518.2437133789062
v -38.76097106933594 -198.03997802734375 515.8592529296875
v -13.81915283203125 -203.76039123535156 515.6067504882812
v -15.979232788085938 -201.66307067871094 517.62646484375
v 86.99939727783203 -204.03436279296875 517.722900390625
v 89.53494262695312 -206.17544555664062 517.1473999023438
v 87.4223861694336 -205.71548461914062 517.192138671875
v 86.88592529296875 -206.54295349121094 516.2991333007812
v -12.514328002929688 -207.39019775390625 515.256591796875
v 87.46513366699219 -207.5608673095703 516.3277587890625
v 85.9979019165039 -204.83657836914062 517.3135986328125
v 88.16552734375 -207.4550018310547 517.324951171875
v 86.78012084960938 -208.71865844726562 515.5573120117188
v -35.72587585449219 -209.61219787597656 515.4017944335938
v 86.98960876464844 -212.50294494628906 516.05322265625
v -14.576797485351562 -209.64366149902344 515.4367065429688
v -16.425247192382812 -210.49871826171875 516.2232055664062
v -18.082061767578125 -212.68975830078125 515.8063354492188
v -17.615631103515625 -211.88156127929688 516.5635375976562
v -27.21466064453125 -210.58775329589844 516.3621215820312
v -22.621383666992188 -212.3750762939453 516.9244995117188
v 88.10739135742188 -215.30731201171875 515.8658447265625
v 94.85122680664062 -223.9364471435547 516.8097534179688
v 94.65616607666016 -221.28277587890625 517.7900390625
v -36.49656677246094 -224.47142028808594 516.07958984375
v -32.36213684082031 -230.10386657714844 516.6952514648438
v -26.798263549804688 -236.82395935058594 516.4586791992188
v -24.95135498046875 -240.66336059570312 517.6700439453125
v 95.51893615722656 -244.0741729736328 516.8677978515625
v -23.434188842773438 -245.05157470703125 516.9283447265625
v 92.29499053955078 -247.7324981689453 515.8316650390625
v 92.35680389404297 -248.8794403076172 518.2946166992188
v 90.09561157226562 -252.67869567871094 518.2459106445312
v 87.64154815673828 -254.6601104736328 516.4814453125
v -11.346664428710938 -261.0804138183594 518.03076171875
v 79.34021759033203 -258.4552307128906 520.0574951171875
v -5.30755615234375 -265.1940002441406 517.1026611328125
v 52.92549133300781 -271.1996154785156 516.9384155273438
v 49.411865234375 -272.56494140625 515.3213500976562
v 35.24891662597656 -272.56787109375 517.9635620117188
v 4.8844451904296875 -273.5189514160156 517.1861572265625
v 46.37580871582031 -272.820556640625 517.4780883789062
v 21.054428100585938 -274.2287902832031 515.5929565429688
v 27.4112548828125 -274.4302673339844 517.2017211914062
v 17.588546752929688 -274.6822814941406 516.71337890625
v 28.111083984375 -164.90484619140625 521.0897827148438
v 22.2415771484375 -164.56268310546875 520.1797485351562
v 16.378997802734375 -164.90225219726562 520.98046875
v 14.597244262695312 -165.44656372070312 519.9459838867188
v 33.37129211425781 -166.34886169433594 520.7412719726562
v 44.87962341308594 -167.94883728027344 520.2958984375
v 54.985260009765625 -169.76068115234375 523.3881225585938
v 39.896026611328125 -168.40045166015625 520.4235229492188
v 7.38409423828125 -170.09103393554688 518.650634765625
v 3.9341583251953125 -173.84683227539062 518.415771484375
v 62.6082763671875 -174.87637329101562 521.30224609375
v 58.09370422363281 -171.95401000976562 520.9541015625
v 3.3310546875 -176.6609649658203 517.9879760742188
v 5.35540771484375 -178.4624786376953 516.7130737304688
v 3.02545166015625 -178.57566833496094 518.2933349609375
v 5.175506591796875 -180.7152862548828 517.3543701171875
v 68.74219512939453 -180.74168395996094 518.811767578125
v 4.5574798583984375 -182.73516845703125 519.3798217773438
v 1.4916839599609375 -181.27517700195312 520.985107421875
v 6.318450927734375 -184.06857299804688 517.9591674804688
v 7.23388671875 -186.4651641845703 519.379638671875
v 8.10565185546875 -189.4359588623047 519.3687744140625
v -27.0780029296875 -185.607177734375 517.7380981445312
v -28.559921264648438 -186.5800018310547 518.310302734375
v -29.449661254882812 -187.19659423828125 517.9258422851562
v -29.761322021484375 -186.08331298828125 517.763671875
v -1.3612518310546875 -186.36517333984375 518.451904296875
v 0.8807830810546875 -187.85902404785156 519.740966796875
v -2.9903106689453125 -186.56695556640625 520.0112915039062
v -28.127304077148438 -189.43592834472656 519.6710205078125
v 78.01963806152344 -188.5235137939453 519.6519165039062
v 8.477203369140625 -191.6736297607422 520.3889770507812
v 4.147003173828125 -190.736083984375 519.1051025390625
v -30.776214599609375 -190.15869140625 519.4221801757812
v -31.209579467773438 -191.79429626464844 517.422119140625
v -32.71089172363281 -190.21987915039062 517.3394775390625
v -33.810272216796875 -188.45797729492188 518.6766967773438
v -35.011260986328125 -188.95375061035156 517.9381713867188
v -36.784912109375 -190.2679443359375 517.9476318359375
v 7.500396728515625 -192.17649841308594 519.7345581054688
v 6.293365478515625 -192.0681610107422 519.7095336914062
v -9.807022094726562 -191.13682556152344 519.051025390625
v -13.52764892578125 -193.4353485107422 518.6614379882812
v -12.72747802734375 -192.27256774902344 519.4447631835938
v -31.459381103515625 -192.40374755859375 516.6819458007812
v -32.33619689941406 -192.65374755859375 518.8726806640625
v 81.1534652709961 -193.47047424316406 521.013671875
v -33.49456787109375 -194.04026794433594 519.4179077148438
v -37.25372314453125 -194.879150390625 515.7548828125
v -15.010574340820312 -194.52293395996094 519.5964965820312
v -36.024932861328125 -195.74261474609375 516.699951171875
v -39.21467590332031 -193.6541748046875 518.5726318359375
v 85.82347106933594 -202.9027099609375 517.3084716796875
v 85.71671295166016 -201.77670288085938 518.7548217773438
v -39.13218688964844 -201.04107666015625 518.15087890625
v 88.78815460205078 -204.89779663085938 518.122802734375
v -17.452789306640625 -205.24624633789062 518.37060546875
v -18.504867553710938 -202.7658233642578 520.245849609375
v -38.52513122558594 -203.0043487548828 518.7476806640625
v 87.7098388671875 -205.10769653320312 518.1742553710938
v 87.78299713134766 -207.0504150390625 517.8535766601562
v 87.1200942993164 -206.58570861816406 518.13427734375
v 87.58201599121094 -207.9008026123047 517.9771118164062
v -15.064453125 -208.35475158691406 516.7210693359375
v -28.697433471679688 -207.68589782714844 518.0134887695312
v -28.697433471679688 -207.68589782714844 518.0134887695312
v -28.697418212890625 -207.68589782714844 518.0134887695312
v -28.69744873046875 -207.68589782714844 518.0134887695312
v -37.800750732421875 -208.6133270263672 518.5986938476562
v -38.67218017578125 -204.8197784423828 518.876953125
v 88.6806411743164 -207.49842834472656 518.6978149414062
v -16.600784301757812 -209.25369262695312 517.9509887695312
v -28.697433471679688 -207.6859130859375 518.0134887695312
v -38.739288330078125 -210.4405059814453 518.953857421875
v 89.43110656738281 -210.8064422607422 519.999267578125
v -18.23126220703125 -211.37147521972656 519.2478637695312
v -28.302200317382812 -210.5227813720703 518.1215209960938
v -30.725143432617188 -210.84324645996094 517.3356323242188
v -31.267501831054688 -210.1592254638672 519.2078247070312
v -34.390716552734375 -210.5791015625 517.2423706054688
v -36.33221435546875 -209.72071838378906 517.1981811523438
v -37.54876708984375 -211.0247039794922 517.1461181640625
v -36.87861633300781 -208.16139221191406 518.7732543945312
v -19.427780151367188 -212.82952880859375 519.213134765625
v -26.371871948242188 -212.1840057373047 519.31005859375
v -22.634567260742188 -212.86605834960938 519.1764526367188
v -24.7520751953125 -213.40773010253906 520.0509643554688
v 90.27154541015625 -216.27891540527344 517.0459594726562
v 93.79357147216797 -217.39736938476562 518.63525390625
v -37.866943359375 -222.03460693359375 518.3334350585938
v -34.687652587890625 -228.07151794433594 519.4902954101562
v -28.98260498046875 -233.0568084716797 520.0714111328125
v 96.51941680908203 -242.98892211914062 519.353515625
v 96.27519226074219 -243.8607940673828 519.4566040039062
v 94.43942260742188 -246.36900329589844 518.4382934570312
v -20.617889404296875 -252.8379669189453 520.018310546875
v -19.415069580078125 -252.56040954589844 517.9305419921875
v 86.1385269165039 -254.69435119628906 520.2933959960938
v -16.232284545898438 -259.26800537109375 520.4732666015625
v -8.303543090820312 -264.557861328125 519.0867919921875
v -4.652313232421875 -267.7216491699219 519.5022583007812
v 61.058197021484375 -266.8381652832031 520.1686401367188
v 0.556121826171875 -272.48260498046875 518.9678955078125
v 50.80668640136719 -271.12615966796875 519.483154296875
v 40.878570556640625 -273.1204528808594 518.6389770507812
v 36.30694580078125 -272.7783203125 520.533447265625
v 33.18359375 -272.9677734375 519.6410522460938
v 3.9381256103515625 -273.9866638183594 519.173583984375
v 12.690353393554688 -275.3499755859375 519.4796752929688
v 38.55284118652344 -168.08843994140625 521.656005859375
v 10.567306518554688 -166.3604736328125 521.4932861328125
v 5.3790130615234375 -169.4866485595703 520.4970703125
v 1.6513824462890625 -172.36842346191406 520.6226196289062
v 1.0700531005859375 -174.93077087402344 520.0738525390625
v 0.420562744140625 -179.1541748046875 520.8814697265625
v 73.66197204589844 -183.43130493164062 521.6923828125
v -29.712326049804688 -186.2416534423828 518.8876953125
v -32.44264221191406 -186.44735717773438 520.9419555664062
v -30.956497192382812 -186.50843811035156 521.223876953125
v -32.017364501953125 -187.0770263671875 518.916259765625
v -5.434967041015625 -187.93173217773438 519.8001708984375
v -28.412506103515625 -187.86756896972656 519.729736328125
v -8.846389770507812 -190.5386199951172 519.9426879882812
v -25.454391479492188 -189.85411071777344 520.9339599609375
v -27.233428955078125 -188.6348876953125 520.9476318359375
v -32.54817199707031 -189.29872131347656 518.5745239257812
v -35.300628662109375 -187.98648071289062 519.5210571289062
v -37.804290771484375 -188.09280395507812 521.2030639648438
v -35.88795471191406 -186.79412841796875 521.5437622070312
v 79.43006134033203 -189.01644897460938 522.41455078125
v 9.658355712890625 -192.37289428710938 523.7014770507812
v -31.83074951171875 -190.97891235351562 518.8895263671875
v -39.10011291503906 -191.27566528320312 519.976318359375
v -11.819656372070312 -191.45863342285156 520.4974975585938
v -16.589202880859375 -190.70726013183594 524.0139770507812
v 82.48797607421875 -195.79522705078125 521.31982421875
v -34.232879638671875 -195.54502868652344 520.2051391601562
v -40.87532043457031 -192.8359375 523.0636596679688
v -40.091064453125 -197.75296020507812 519.4995727539062
v -36.885040283203125 -200.90806579589844 519.3641967773438
v -18.148040771484375 -198.1027374267578 521.442626953125
v 85.69943237304688 -201.94290161132812 520.3765258789062
v 86.50370788574219 -203.49200439453125 518.9986572265625
v -39.81060791015625 -203.11532592773438 520.439208984375
v -37.850189208984375 -203.41094970703125 518.7910766601562
v 86.06405639648438 -204.7808380126953 519.5863037109375
v 88.52688598632812 -206.32376098632812 518.589599609375
v -18.954025268554688 -205.961181640625 520.6451416015625
v 88.339599609375 -207.36993408203125 520.4258422851562
v 87.83442687988281 -206.867431640625 519.2883911132812
v -28.697433471679688 -207.68589782714844 518.0134887695312
v -39.89555358886719 -209.47434997558594 520.869873046875
v 88.69454193115234 -208.4081573486328 519.7320556640625
v -18.587860107421875 -209.65701293945312 520.429931640625
v -28.061874389648438 -210.01234436035156 519.7764282226562
v -31.618698120117188 -209.80157470703125 520.055419921875
v -39.652740478515625 -215.4845428466797 521.8963012695312
v 92.82109832763672 -214.783935546875 519.6129760742188
v 94.81633758544922 -216.7807159423828 520.5587768554688
v 95.63456726074219 -219.99700927734375 520.5084228515625
v 96.10253143310547 -221.44715881347656 522.0453491210938
v -37.610015869140625 -225.38291931152344 522.0713500976562
v -38.6856689453125 -222.82318115234375 522.5611572265625
v 97.87093353271484 -231.6704559326172 522.055908203125
v -36.38093566894531 -227.22023010253906 523.1732177734375
v -31.83966064453125 -230.45419311523438 522.7897338867188
v -31.225051879882812 -231.0821075439453 519.1369018554688
v 97.55720520019531 -236.4108123779297 521.2796630859375
v 95.71675872802734 -244.20127868652344 520.3292236328125
v 93.86518859863281 -246.57778930664062 521.684814453125
v 92.5136947631836 -248.92417907714844 520.2274169921875
v -21.829666137695312 -252.3782196044922 522.2481079101562
v 89.46504211425781 -252.20372009277344 522.2815551757812
v -13.31866455078125 -262.369140625 520.9795532226562
v 63.007293701171875 -264.96051025390625 522.55859375
v 56.31806945800781 -268.9419860839844 520.3975219726562
v 41.27320861816406 -272.5450744628906 521.4801025390625
v 32.680816650390625 -273.0911560058594 521.6438598632812
v 2.8146209716796875 -274.212890625 521.5131225585938
v 28.123611450195312 -274.3990783691406 522.328369140625
v 25.96185302734375 -274.7663879394531 522.884521484375
v 20.158477783203125 -275.01373291015625 520.4490966796875
v 16.998306274414062 -275.508544921875 520.5870971679688
v 11.542465209960938 -275.6622009277344 521.9467163085938
v 22.37451171875 -164.29324340820312 522.8539428710938
v 34.38414001464844 -166.36184692382812 523.4883422851562
v 47.87821960449219 -166.92030334472656 525.7146606445312
v 7.8897552490234375 -166.50694274902344 523.1322631835938
v 2.3928070068359375 -168.00608825683594 524.3432006835938
v 60.46702575683594 -172.36285400390625 524.832763671875
v -2.81134033203125 -173.72332763671875 523.4500732421875
v 69.63728332519531 -179.99485778808594 522.8709106445312
v -2.55419921875 -175.7071075439453 523.1123046875
v 2.8964996337890625 -183.6884002685547 523.1509399414062
v 76.615478515625 -185.0487518310547 523.6027221679688
v 5.525726318359375 -185.95370483398438 523.3926391601562
v -0.8681793212890625 -187.61087036132812 521.7057495117188
v -28.697433471679688 -186.60362243652344 522.0291748046875
v -28.697433471679688 -186.60362243652344 522.0291748046875
v -28.697418212890625 -186.60362243652344 522.0291748046875
v -28.69744873046875 -186.60362243652344 522.0291748046875
v 7.9418487548828125 -188.68316650390625 522.9506225585938
v 1.0003814697265625 -189.0431365966797 522.849365234375
v -4.2429046630859375 -187.96649169921875 521.4417114257812
v -28.697433471679688 -186.60362243652344 522.0291748046875
v -23.951324462890625 -189.14910888671875 524.0069580078125
v -8.313278198242188 -191.0203399658203 522.1309814453125
v -25.360076904296875 -191.75393676757812 521.9522094726562
v -39.26997375488281 -188.32363891601562 523.7024536132812
v 5.10321044921875 -193.96182250976562 524.9494018554688
v -10.453445434570312 -191.0939178466797 522.1614990234375
v -13.287551879882812 -190.5277862548828 522.3458862304688
v -17.937667846679688 -193.39447021484375 522.823486328125
v -31.25177001953125 -193.3004150390625 522.30908203125
v 8.676666259765625 -193.24998474121094 522.6284790039062
v 8.71728515625 -195.49923706054688 526.3208618164062
v -23.541748046875 -192.09339904785156 522.7403564453125
v -25.080780029296875 -193.80357360839844 522.7125854492188
v -33.006072998046875 -194.7527313232422 522.175537109375
v 82.9608383178711 -196.49349975585938 523.022216796875
v -33.254425048828125 -196.90765380859375 522.5430908203125
v -19.312088012695312 -199.4954071044922 521.6265258789062
v -21.640167236328125 -200.6459197998047 521.7606201171875
v -20.153106689453125 -193.97958374023438 523.28857421875
v -25.078506469726562 -200.4810791015625 521.8470458984375
v -24.873031616210938 -196.6007080078125 522.7501831054688
v -32.88645935058594 -199.1291961669922 522.6880493164062
v -34.72410583496094 -201.93191528320312 521.22705078125
v -19.718734741210938 -201.86285400390625 521.3502197265625
v -31.315567016601562 -203.17987060546875 521.7807006835938
v -41.492034912109375 -200.58978271484375 524.6800537109375
v 85.75252532958984 -203.10919189453125 521.7411499023438
v -20.0650634765625 -204.67031860351562 521.4808349609375
v -23.650299072265625 -203.54071044921875 521.5545654296875
v -28.518722534179688 -207.66293334960938 520.9616088867188
v -33.97755432128906 -206.67967224121094 520.58056640625
v -19.919631958007812 -206.26809692382812 521.6748657226562
v -23.375625610351562 -208.9760284423828 521.9769897460938
v -25.545150756835938 -207.5358123779297 521.4871215820312
v -30.726715087890625 -208.45297241210938 520.6987915039062
v -20.35272216796875 -209.9694366455078 521.910888671875
v -25.136505126953125 -209.4476776123047 521.9481811523438
v -26.90032958984375 -209.20855712890625 520.9492797851562
v 89.4048080444336 -208.7690887451172 521.6185913085938
v 91.01769256591797 -210.3489227294922 522.5626220703125
v -24.31146240234375 -211.86599731445312 521.15625
v -25.76043701171875 -211.9457550048828 520.6384887695312
v 93.1808090209961 -213.45880126953125 521.411865234375
v -22.67364501953125 -212.1369171142578 520.7117919921875
v 96.18944549560547 -219.3951873779297 522.2327270507812
v 96.2270278930664 -221.9857177734375 524.59228515625
v 96.66596221923828 -225.45077514648438 522.81982421875
v -30.27099609375 -231.71295166015625 523.1883544921875
v -28.800186157226562 -233.27633666992188 523.6072998046875
v -27.120162963867188 -236.04600524902344 522.16552734375
v -26.811264038085938 -237.3107147216797 524.2321166992188
v 97.60052490234375 -236.83067321777344 522.4786376953125
v 96.32120513916016 -241.42579650878906 522.4732666015625
v -24.63836669921875 -247.10133361816406 524.3212280273438
v 91.63934326171875 -249.35667419433594 522.8419799804688
v -19.783767700195312 -257.2115478515625 522.8908081054688
v 74.60938262939453 -258.9164123535156 522.9822387695312
v 68.71736907958984 -260.99072265625 524.444580078125
v -16.051254272460938 -263.6303405761719 525.69140625
v -8.62420654296875 -266.696044921875 523.1052856445312
v -6.513702392578125 -268.2173767089844 523.613037109375
v -4.3182525634765625 -269.835205078125 523.9049682617188
v 53.17193603515625 -269.07843017578125 522.6842041015625
v 46.425994873046875 -270.5366516113281 522.992919921875
v 37.28129577636719 -272.4844970703125 522.57177734375
v -0.17138671875 -272.9916687011719 524.0652465820312
v 22.61376953125 -163.5177764892578 525.1845092773438
v 17.1212158203125 -163.97381591796875 524.7843627929688
v 31.10894775390625 -164.7917938232422 525.4268798828125
v 26.414993286132812 -164.35723876953125 523.43896484375
v 12.733413696289062 -164.4044952392578 525.4340209960938
v 44.40269470214844 -166.15835571289062 526.8999633789062
v 41.751495361328125 -166.28599548339844 526.24462890625
v 35.76885986328125 -165.85240173339844 525.9630126953125
v 51.13291931152344 -167.807861328125 526.258056640625
v -1.1578216552734375 -170.22618103027344 524.3082885742188
v -2.9841766357421875 -171.5830841064453 524.4862060546875
v 65.20265197753906 -175.53585815429688 526.259033203125
v -3.4934539794921875 -177.5369110107422 524.4778442382812
v -0.8851470947265625 -180.14920043945312 523.4519653320312
v 69.85807037353516 -179.33096313476562 526.301513671875
v 76.30760955810547 -184.5480194091797 525.3450927734375
v -0.0360870361328125 -181.65245056152344 524.3892822265625
v -28.697433471679688 -186.60362243652344 522.0291137695312
v -34.31050109863281 -185.84481811523438 525.0870361328125
v -31.242523193359375 -186.36854553222656 524.6160888671875
v -37.02601623535156 -186.37498474121094 523.8665161132812
v 78.39173126220703 -187.0330352783203 526.0960083007812
v -0.7503662109375 -189.4919891357422 524.623046875
v -22.427658081054688 -190.76217651367188 523.6962890625
v 79.95863342285156 -189.6112518310547 526.3155517578125
v 9.127517700195312 -190.43936157226562 525.679931640625
v 1.911590576171875 -191.7500762939453 526.35498046875
v -2.8672027587890625 -190.9366912841797 525.4537353515625
v -6.332794189453125 -192.20960998535156 524.4714965820312
v -13.246475219726562 -189.80125427246094 524.2086791992188
v -41.13478088378906 -191.16505432128906 525.8477172851562
v -7.048004150390625 -192.3538055419922 525.0343627929688
v -9.006546020507812 -191.47451782226562 524.1273803710938
v -18.50531005859375 -191.6315155029297 524.2742919921875
v -21.909133911132812 -193.1810760498047 523.288330078125
v -20.316970825195312 -190.84613037109375 524.8399658203125
v 10.431167602539062 -194.2193145751953 526.0525512695312
v 7.0787353515625 -195.18971252441406 525.636474609375
v -31.463851928710938 -194.63894653320312 523.0763549804688
v -31.883163452148438 -195.29226684570312 523.3489379882812
v -29.806732177734375 -197.8504638671875 523.0409545898438
v 83.58940887451172 -200.1262664794922 527.0294799804688
v 85.93231201171875 -203.59625244140625 523.991943359375
v -42.20368957519531 -207.89720153808594 526.44873046875
v 86.91311645507812 -204.35244750976562 527.5676879882812
v 90.1686782836914 -207.72618103027344 525.7680053710938
v 92.86014556884766 -211.90234375 524.1964111328125
v -42.94279479980469 -210.45347595214844 529.7424926757812
v 94.7807846069336 -215.53030395507812 523.5154418945312
v 95.75231170654297 -218.22201538085938 524.7325439453125
v -41.66461181640625 -215.28321838378906 529.21142578125
v -39.06451416015625 -223.88143920898438 526.7421264648438
v 97.21189880371094 -228.51373291015625 525.0098876953125
v 97.1013412475586 -230.5089874267578 526.5853271484375
v 97.22831726074219 -235.1107940673828 524.4758911132812
v -25.577163696289062 -242.6743621826172 523.9686279296875
v 93.7614974975586 -243.83596801757812 524.854736328125
v 92.02168273925781 -246.2623748779297 526.09716796875
v 91.82133483886719 -247.7720489501953 524.75390625
v 87.43994903564453 -251.3839569091797 526.32470703125
v 84.69761657714844 -253.39649963378906 525.1765747070312
v 81.32250213623047 -254.3093719482422 526.3306274414062
v -21.458572387695312 -258.45037841796875 527.0829467773438
v 74.52285766601562 -256.42138671875 527.0270385742188
v -17.660202026367188 -261.87872314453125 524.9996948242188
v 56.26324462890625 -266.0986633300781 525.5657348632812
v 50.44163513183594 -268.1205749511719 525.66552734375
v 39.55975341796875 -271.5573425292969 524.236572265625
v 33.54100036621094 -272.52349853515625 524.649169921875
v 28.93670654296875 -273.8127746582031 524.9752807617188
v 1.5433502197265625 -273.9191589355469 525.349609375
v 18.175857543945312 -275.0188903808594 525.5159301757812
v 12.020721435546875 -275.7573547363281 525.0712890625
v 27.786102294921875 -163.8477783203125 525.9260864257812
v 24.2659912109375 -163.0084228515625 526.3848266601562
v 10.120574951171875 -163.6085662841797 528.3167724609375
v 4.9414520263671875 -165.17886352539062 527.3516235351562
v 39.319671630859375 -164.9442138671875 529.5462646484375
v 58.38127136230469 -170.87887573242188 527.1585083007812
v -7.055206298828125 -171.17886352539062 527.579833984375
v -6.2624359130859375 -174.22195434570312 526.1740112304688
v -5.71429443359375 -176.05496215820312 525.9369506835938
v -6.768157958984375 -176.86085510253906 527.7140502929688
v -2.7347564697265625 -179.5801239013672 525.381103515625
v -4.4069366455078125 -178.1982879638672 526.4882202148438
v 3.223052978515625 -184.8656768798828 526.7374267578125
v 0.68035888671875 -182.64247131347656 526.8208618164062
v -32.303985595703125 -185.7752685546875 529.1652221679688
v 7.821868896484375 -188.97616577148438 527.7595825195312
v -29.057510375976562 -186.43531799316406 528.0992431640625
v -37.7117919921875 -186.46971130371094 526.833251953125
v -15.06573486328125 -189.21620178222656 527.2462768554688
v -12.94451904296875 -189.4658966064453 527.6970825195312
v -17.99005126953125 -189.335693359375 527.1693725585938
v -20.663787841796875 -189.16517639160156 527.0737915039062
v -24.774337768554688 -187.54885864257812 527.5993041992188
v 10.07183837890625 -191.5626220703125 526.3806762695312
v 0.7517242431640625 -191.198974609375 526.750244140625
v -1.465972900390625 -191.44317626953125 527.1825561523438
v -40.64772033691406 -189.6612091064453 528.1339721679688
v 11.590789794921875 -192.92291259765625 528.2886962890625
v -18.9991455078125 -190.04339599609375 525.9075927734375
v 81.73353576660156 -194.0280303955078 527.153564453125
v 11.663604736328125 -194.72830200195312 528.1061401367188
v -3.279998779296875 -192.53921508789062 528.5775146484375
v -42.062896728515625 -195.85504150390625 528.1865234375
v 91.69603729248047 -209.360595703125 527.9878540039062
v 92.54976654052734 -211.26133728027344 526.7133178710938
v 93.76050567626953 -214.13494873046875 525.9260864257812
v 94.92793273925781 -217.7345428466797 527.6228637695312
v 95.92146301269531 -223.56808471679688 527.4597778320312
v -37.534271240234375 -226.88729858398438 529.2939453125
v -34.09283447265625 -230.1373748779297 528.819580078125
v 96.56769561767578 -235.3476104736328 526.4824829101562
v -28.0302734375 -235.63525390625 526.356201171875
v 94.3456039428711 -240.00149536132812 526.8842163085938
v 89.47330474853516 -249.35462951660156 526.9160766601562
v -25.014251708984375 -250.60789489746094 529.2247924804688
v -22.918838500976562 -256.67041015625 528.692138671875
v -20.353118896484375 -260.45953369140625 527.532958984375
v 67.25283813476562 -260.1549987792969 527.0238037109375
v 62.67425537109375 -262.430419921875 527.0742797851562
v 51.24058532714844 -266.5592956542969 527.6530151367188
v -11.533187866210938 -267.07415771484375 528.1160888671875
v 43.06925964355469 -268.1876220703125 527.7509155273438
v -7.2026519775390625 -269.05426025390625 529.2487182617188
v 38.97868347167969 -270.02105712890625 526.7618408203125
v 33.98870849609375 -271.63946533203125 526.5235595703125
v 25.800323486328125 -274.189208984375 527.2714233398438
v 3.0336456298828125 -274.3115539550781 527.230712890625
v 21.542221069335938 -161.51119995117188 528.8649291992188
v 15.868240356445312 -161.0480499267578 530.569580078125
v 32.9063720703125 -163.07102966308594 529.7689819335938
v 47.434051513671875 -166.4993133544922 529.8229370117188
v 43.58250427246094 -165.57139587402344 529.8680419921875
v -1.6650848388671875 -166.28152465820312 529.0505981445312
v 53.536407470703125 -168.48880004882812 529.4384765625
v -5.5112457275390625 -168.3143768310547 528.7588500976562
v 62.21644592285156 -173.27317810058594 529.6356201171875
v -8.0576171875 -174.85491943359375 527.772216796875
v -9.382965087890625 -173.2943572998047 528.9677734375
v 67.78382110595703 -177.51292419433594 530.8917846679688
v 71.6724624633789 -180.8408966064453 528.2542724609375
v -3.453857421875 -179.58108520507812 528.2603759765625
v -6.2357177734375 -177.72958374023438 528.4525756835938
v -1.8999786376953125 -180.63844299316406 529.792236328125
v 74.98086547851562 -183.74301147460938 529.6232299804688
v 1.9080657958984375 -183.4425811767578 528.6524658203125
v 76.7109146118164 -185.57522583007812 529.5186157226562
v 78.3232650756836 -187.61424255371094 528.9772338867188
v -35.26519775390625 -185.83119201660156 528.3619995117188
v 5.7561187744140625 -187.10992431640625 529.0322265625
v -39.5523681640625 -188.04371643066406 530.77685546875
v -20.888595581054688 -188.3707275390625 529.760498046875
v 81.22322845458984 -193.38072204589844 530.9334106445312
v -1.443328857421875 -193.03073120117188 529.70263671875
v -8.73992919921875 -191.64627075195312 530.3507690429688
v 10.942123413085938 -196.8920135498047 528.5176391601562
v 4.3063812255859375 -195.75115966796875 527.9160766601562
v 6.43170166015625 -196.9796600341797 527.871337890625
v -42.633514404296875 -202.88966369628906 528.4111328125
v -43.70912170410156 -207.18280029296875 530.85107421875
v 89.82893371582031 -206.89730834960938 529.9476318359375
v 91.9850845336914 -211.86968994140625 529.3450927734375
v 93.11524200439453 -214.58392333984375 527.7032470703125
v -40.4881591796875 -220.75611877441406 529.1467895507812
v 96.02835083007812 -226.07742309570312 528.5706176757812
v -32.50007629394531 -232.08981323242188 530.7017211914062
v 96.06554412841797 -229.8502197265625 529.3467407226562
v -30.2373046875 -234.5182647705078 530.9743041992188
v 95.33182525634766 -234.2865447998047 528.8408813476562
v -28.743621826171875 -236.87167358398438 531.2928466796875
v -27.698211669921875 -239.6735382080078 531.2435913085938
v 93.27862548828125 -242.32107543945312 528.0526733398438
v 93.27862548828125 -242.3210906982422 528.0526733398438
v 93.27862548828125 -242.3210906982422 528.0526733398438
v 93.27862548828125 -242.3210906982422 528.0526733398438
v 91.74214935302734 -241.14913940429688 528.8894653320312
v -26.576690673828125 -244.89088439941406 530.2893676757812
v 93.27862548828125 -242.3210906982422 528.0526733398438
v -25.964263916015625 -248.34535217285156 530.309814453125
v 80.36734771728516 -253.26808166503906 528.5153198242188
v -19.196640014648438 -262.6430969238281 529.1845703125
v 58.218505859375 -261.24847412109375 531.0335693359375
v -16.175048828125 -265.2561950683594 529.5003051757812
v -4.477996826171875 -270.3437805175781 530.0017700195312
v 34.01533508300781 -270.1076354980469 528.99609375
v 27.4990234375 -272.92095947265625 529.413818359375
v -0.846466064453125 -272.6508483886719 528.4163208007812
v 12.345413208007812 -275.1594543457031 528.3475341796875
v 8.453689575195312 -274.86383056640625 529.0634765625
v 26.616073608398438 -160.8724822998047 530.8818359375
v 30.21356201171875 -162.0756378173828 530.7235107421875
v 8.710952758789062 -163.33399963378906 530.1566162109375
v 37.602020263671875 -163.86312866210938 531.500732421875
v 33.68510437011719 -162.73731994628906 531.0720825195312
v 5.2152099609375 -163.97354125976562 530.6893920898438
v 1.7292633056640625 -165.2519989013672 529.8873291015625
v -4.0806121826171875 -165.60397338867188 531.3381958007812
v -5.41552734375 -166.23191833496094 531.3264770507812
v 53.186798095703125 -168.52645874023438 531.1444702148438
v -9.159393310546875 -167.32017517089844 531.4232788085938
v -11.441009521484375 -169.31689453125 530.6809692382812
v -9.535675048828125 -170.80300903320312 529.2860717773438
v 57.632354736328125 -170.66787719726562 530.4581909179688
v -11.794967651367188 -172.1433868408203 530.7335205078125
v -11.908340454101562 -173.0413360595703 531.2525634765625
v -9.670074462890625 -175.59161376953125 530.4192504882812
v -4.9552154541015625 -178.42628479003906 530.5144653320312
v 71.1192855834961 -180.6865997314453 530.6347045898438
v 74.60870361328125 -184.07369995117188 531.0309448242188
v 2.602325439453125 -183.19287109375 530.562744140625
v -26.193984985351562 -186.73146057128906 530.0810546875
v -28.499740600585938 -186.54579162597656 531.5037231445312
v -37.49713134765625 -186.7351837158203 529.8101806640625
v -24.48297119140625 -187.560791015625 530.991943359375
v -14.533721923828125 -189.32765197753906 529.903564453125
v -19.542343139648438 -188.90769958496094 529.5947875976562
v 80.07390594482422 -191.61798095703125 530.6989135742188
v 10.427520751953125 -190.3948211669922 529.4594116210938
v -41.766876220703125 -194.06497192382812 530.552490234375
v 13.294998168945312 -193.92132568359375 529.8446044921875
v 12.6092529296875 -191.08480834960938 530.9395751953125
v 0.863006591796875 -194.3452606201172 529.9584350585938
v -6.0341796875 -192.49916076660156 529.9048461914062
v -0.4900665283203125 -194.7388458251953 531.9551391601562
v 82.6491928100586 -196.9042510986328 531.1656494140625
v 13.75604248046875 -195.7606964111328 529.8678588867188
v -42.482391357421875 -196.3568572998047 530.3807373046875
v 8.8638916015625 -198.07809448242188 528.6130981445312
v 3.9573516845703125 -199.70053100585938 530.9273071289062
v 14.395721435546875 -199.5863494873047 530.5031127929688
v 18.31195068359375 -199.95245361328125 533.1188354492188
v 11.218185424804688 -199.8286895751953 529.8871459960938
v 8.09783935546875 -201.0851287841797 530.7295532226562
v 5.5158538818359375 -200.2073516845703 530.56298828125
v 2.3805389404296875 -199.68092346191406 532.3172607421875
v -42.97319030761719 -203.2630615234375 530.2067260742188
v 84.4985580444336 -201.38186645507812 530.4674072265625
v 86.93646240234375 -204.64878845214844 530.786865234375
v 90.39176940917969 -210.2118682861328 531.5032958984375
v 91.92707824707031 -213.69631958007812 529.8566284179688
v 92.44327545166016 -215.08709716796875 528.50146484375
v -42.23893737792969 -213.83969116210938 532.1134643554688
v 92.39366149902344 -216.68824768066406 530.5618286132812
v -40.80110168457031 -219.85455322265625 531.5751953125
v 93.86648559570312 -221.7503662109375 530.983154296875
v -39.13746643066406 -223.67349243164062 531.1522827148438
v 94.51434326171875 -226.2096710205078 530.9163208007812
v -33.08961486816406 -231.27716064453125 531.9974975585938
v 94.93224334716797 -230.51278686523438 530.9805297851562
v 93.39481353759766 -232.1886749267578 531.7723999023438
v 90.74573516845703 -238.49658203125 530.9560546875
v 93.27862548828125 -242.3210906982422 528.0526733398438
v 88.20154571533203 -243.24114990234375 531.5728149414062
v 86.77400207519531 -246.00265502929688 531.2463989257812
v 83.48564910888672 -250.0358428955078 530.2413940429688
v 72.65031433105469 -254.1392059326172 530.8291625976562
v 78.3587417602539 -252.3333282470703 530.47900390625
v -24.115402221679688 -254.89308166503906 531.4742431640625
v 65.02315521240234 -257.7098693847656 531.5938110351562
v -22.783447265625 -258.4170227050781 530.9814453125
v -20.589187622070312 -261.5223693847656 531.1262817382812
v 51.597412109375 -263.3598937988281 531.5201416015625
v 45.6602783203125 -264.40814208984375 532.1491088867188
v 37.59587097167969 -265.6528015136719 532.569580078125
v -15.446319580078125 -266.02197265625 531.7258911132812
v -10.4874267578125 -267.8923645019531 530.5341186523438
v 28.552383422851562 -271.35980224609375 531.4021606445312
v 24.333953857421875 -273.0957946777344 530.9190063476562
v 17.551742553710938 -273.94610595703125 531.5488891601562
v 5.12457275390625 -273.95294189453125 531.15283203125
v 0.655303955078125 -273.00457763671875 530.607666015625
v 28.241424560546875 -161.0387725830078 532.26171875
v 24.08837890625 -160.74560546875 533.182373046875
v 20.14093017578125 -160.7441864013672 532.079345703125
v 13.790939331054688 -161.26023864746094 531.85791015625
v 34.01690673828125 -162.65635681152344 532.6277465820312
v 29.922637939453125 -161.83773803710938 532.1301879882812
v 12.071456909179688 -162.13552856445312 531.4838256835938
v 9.931793212890625 -163.15196228027344 532.0919189453125
v 39.805908203125 -164.88986206054688 532.0692138671875
v 43.4881591796875 -165.72747802734375 532.0862426757812
v 3.4680938720703125 -164.8067169189453 531.6782836914062
v 0.512603759765625 -165.47198486328125 531.3787231445312
v 47.84967041015625 -167.09689331054688 532.3115234375
v 51.46711730957031 -168.4664306640625 532.7069702148438
v -11.9876708984375 -169.25677490234375 531.425537109375
v 58.56988525390625 -171.93023681640625 532.1126708984375
v 61.84721374511719 -173.89561462402344 532.3339233398438
v -11.8641357421875 -171.07118225097656 532.1026000976562
v 64.63135528564453 -175.50694274902344 531.7568969726562
v -9.870773315429688 -175.4524688720703 531.4122924804688
v -0.684783935546875 -180.32508850097656 531.8233642578125
v 4.027374267578125 -182.3424530029297 532.2738647460938
v 6.3742523193359375 -186.56338500976562 530.8851928710938
v 8.178314208984375 -186.7205352783203 531.9717407226562
v -34.28302001953125 -186.37599182128906 531.5966186523438
v 76.69392395019531 -188.56869506835938 532.2037353515625
v 77.77459716796875 -188.5677490234375 531.0331420898438
v -29.116455078125 -187.21359252929688 532.8649291992188
v -38.61772155761719 -188.0870819091797 532.1307983398438
v -20.034530639648438 -189.1686248779297 531.4208374023438
v -21.011978149414062 -189.63548278808594 532.7589721679688
v 12.921615600585938 -189.49880981445312 532.2228393554688
v -9.409103393554688 -192.02578735351562 532.2997436523438
v -14.841156005859375 -190.46424865722656 532.3800659179688
v -40.75315856933594 -191.30181884765625 531.4741821289062
v 16.678375244140625 -193.68783569335938 532.7722778320312
v -3.6281280517578125 -193.16912841796875 532.266845703125
v -42.247650146484375 -196.1491241455078 532.22998046875
v 81.20594787597656 -195.0048370361328 532.3626098632812
v 83.86105346679688 -201.69866943359375 532.3209228515625
v -0.55792236328125 -196.7533416748047 533.4971313476562
v -42.60655212402344 -201.80751037597656 532.8876953125
v 16.281173706054688 -200.61436462402344 531.8348999023438
v 15.296142578125 -202.3605194091797 532.0084228515625
v 13.195968627929688 -201.96337890625 531.7664184570312
v -43.72563171386719 -205.6607666015625 532.0244140625
v 88.9782943725586 -207.51145935058594 531.5411987304688
v -43.461944580078125 -209.20843505859375 531.881591796875
v 91.02845001220703 -214.6510467529297 531.6771240234375
v -41.50367736816406 -215.74560546875 531.8118896484375
v 92.32239532470703 -218.60569763183594 531.8580932617188
v 91.5684814453125 -220.05282592773438 532.9445190429688
v 92.6718521118164 -225.8075714111328 532.4380493164062
v -37.53425598144531 -226.564453125 531.5786743164062
v -35.4737548828125 -228.7510223388672 532.0592041015625
v 89.49057006835938 -236.8586883544922 532.325439453125
v -26.7532958984375 -244.036865234375 532.2195434570312
v -26.838943481445312 -245.44561767578125 532.2739868164062
v -26.3643798828125 -246.84898376464844 532.0743408203125
v 81.63187408447266 -248.63502502441406 532.1570434570312
v 72.54257202148438 -252.26502990722656 532.5068969726562
v -25.153900146484375 -251.87290954589844 531.694091796875
v 34.15191650390625 -267.1922912597656 532.4627685546875
v -11.345382690429688 -267.26727294921875 532.46044921875
v -7.9342193603515625 -268.57781982421875 531.7266235351562
v -3.4134063720703125 -270.3854675292969 532.118896484375
v 22.82525634765625 -271.9676208496094 533.1282958984375
v 0.932891845703125 -272.3536682128906 532.5082397460938
v 11.084976196289062 -273.9378967285156 532.19140625
v 14.952972412109375 -161.67567443847656 533.3892822265625
v 28.9779052734375 -162.1258087158203 533.4600830078125
v 23.0439453125 -161.30276489257812 533.9518432617188
v 39.25653076171875 -165.11798095703125 533.2622680664062
v 34.67146301269531 -163.67198181152344 533.6908569335938
v 31.842575073242188 -163.4038848876953 534.2301635742188
v 14.181732177734375 -162.85888671875 534.3258666992188
v 9.077545166015625 -164.0278778076172 532.8775024414062
v 8.633193969726562 -165.25872802734375 533.78271484375
v 2.6714019775390625 -165.74502563476562 532.7314453125
v -4.016265869140625 -166.26788330078125 532.6431884765625
v 44.66069030761719 -166.7782440185547 533.2979736328125
v 38.80097961425781 -166.07725524902344 534.2427978515625
v 2.7739715576171875 -167.74826049804688 534.1884765625
v -2.399078369140625 -168.0616455078125 534.2158203125
v 55.34797668457031 -170.35792541503906 532.8722534179688
v 48.02653503417969 -167.96951293945312 533.2860107421875
v 43.85662841796875 -167.56854248046875 534.2380981445312
v 8.580902099609375 -166.6824493408203 534.4688110351562
v -7.541046142578125 -169.39463806152344 534.4100952148438
v -9.263259887695312 -168.34829711914062 532.63916015625
v 52.341522216796875 -170.34524536132812 534.4300537109375
v 47.26661682128906 -169.0350341796875 534.3458251953125
v -9.495010375976562 -170.6776885986328 534.1954956054688
v 54.93299865722656 -171.2008514404297 533.9608764648438
v 57.46174621582031 -172.31822204589844 533.4161376953125
v -11.1175537109375 -173.08514404296875 532.6173095703125
v -9.168289184570312 -173.036865234375 534.1717529296875
v 60.16888427734375 -174.46153259277344 534.0350341796875
v -6.018524169921875 -175.94537353515625 533.6251831054688
v -9.199798583984375 -174.8512725830078 532.97119140625
v -2.67840576171875 -175.23138427734375 534.6536865234375
v 65.37845611572266 -178.06150817871094 534.0462646484375
v -2.07135009765625 -177.10482788085938 533.8820190429688
v 68.17694854736328 -178.84451293945312 532.4796142578125
v -4.1751861572265625 -177.8978271484375 532.430419921875
v 6.369720458984375 -180.30078125 533.8026733398438
v 2.7445068359375 -180.14047241210938 533.2556762695312
v 67.3520736694336 -181.4400634765625 534.562744140625
v 72.95977783203125 -185.6089324951172 533.4781494140625
v 73.25337982177734 -184.38497924804688 532.6296997070312
v 70.92970275878906 -186.7735595703125 534.6188354492188
v 14.38946533203125 -186.9811553955078 533.657958984375
v 19.167190551757812 -189.5315399169922 534.5933227539062
v 16.911590576171875 -185.64186096191406 534.4388427734375
v -35.20643615722656 -188.82688903808594 534.2291870117188
v 76.5248031616211 -191.1881866455078 533.5899658203125
v 16.136032104492188 -190.90464782714844 533.1634521484375
v -22.6512451171875 -190.18545532226562 533.646484375
v -31.471893310546875 -189.18069458007812 534.487060546875
v 73.9610824584961 -192.2244415283203 534.5650024414062
v -18.304580688476562 -191.34713745117188 534.0149536132812
v -24.00604248046875 -191.6082000732422 534.5056762695312
v -38.273345947265625 -191.24424743652344 534.7535400390625
v -40.23023986816406 -192.78738403320312 534.0587768554688
v 19.997283935546875 -196.23277282714844 534.4161987304688
v -7.657745361328125 -192.9566192626953 532.8765869140625
v -9.4471435546875 -193.48045349121094 533.9341430664062
v 80.3632583618164 -195.9864501953125 533.4613037109375
v 78.46261596679688 -195.5995635986328 534.1024780273438
v -3.63140869140625 -194.19036865234375 533.8001098632812
v -10.500518798828125 -194.85650634765625 534.6987915039062
v -41.32154846191406 -196.72633361816406 533.8126831054688
v 82.88815307617188 -202.34103393554688 533.3882446289062
v -0.0614166259765625 -199.19236755371094 533.9962768554688
v 80.6676254272461 -203.89138793945312 534.5226440429688
v 2.5673828125 -201.8556671142578 533.8896484375
v 18.077072143554688 -203.6765899658203 532.9693603515625
v 6.1748809814453125 -203.48744201660156 533.4706420898438
v 84.0759048461914 -207.7394561767578 534.0953979492188
v 10.509536743164062 -204.57989501953125 534.1213989257812
v 86.46942138671875 -206.69833374023438 532.818115234375
v 16.319656372070312 -204.2990264892578 532.8689575195312
v 14.020111083984375 -205.00204467773438 533.81884765625
v 5.6565399169921875 -205.1207733154297 534.4763793945312
v -43.42938232421875 -205.9854278564453 533.11572265625
v 19.318038940429688 -206.63540649414062 533.3074951171875
v 21.490676879882812 -208.91957092285156 533.8544311523438
v 18.063568115234375 -206.06549072265625 532.8513793945312
v 18.095916748046875 -209.543701171875 533.8556518554688
v 88.17720794677734 -210.4161376953125 533.1381225585938
v -42.513031005859375 -209.43978881835938 533.9111938476562
v 22.49578857421875 -213.56353759765625 533.9813842773438
v 89.65511322021484 -214.70472717285156 533.0588989257812
v -41.367034912109375 -214.0470733642578 533.371826171875
v 88.69307708740234 -219.9761962890625 534.4100341796875
v 18.385391235351562 -216.9354705810547 534.8882446289062
v -40.63804626464844 -216.74903869628906 533.6288452148438
v -39.00642395019531 -221.17210388183594 533.8831176757812
v 90.17450714111328 -222.8102569580078 533.9249267578125
v -36.01322937011719 -226.004638671875 533.93603515625
v -36.89939880371094 -222.21743774414062 534.63916015625
v -38.71110534667969 -223.45265197753906 532.62255859375
v 91.73633575439453 -230.20077514648438 532.8095092773438
v 88.226806640625 -227.0284423828125 534.4454345703125
v -33.53825378417969 -228.00953674316406 534.413818359375
v -31.804931640625 -231.619384765625 533.6121215820312
v -29.712295532226562 -233.1595458984375 534.2473754882812
v 84.677734375 -232.75579833984375 534.6690673828125
v -29.143585205078125 -235.50802612304688 533.0162963867188
v -27.527084350585938 -237.805419921875 533.8593139648438
v 83.2098388671875 -240.32443237304688 534.3467407226562
v 84.5110855102539 -244.09799194335938 532.9204711914062
v -26.858322143554688 -237.50709533691406 534.4833984375
v -25.668243408203125 -243.9884490966797 533.9531860351562
v 77.59909057617188 -246.5837860107422 534.2240600585938
v -25.512176513671875 -248.37620544433594 533.7911987304688
v 71.2524185180664 -250.17628479003906 534.2633056640625
v -24.164154052734375 -251.5594940185547 534.15087890625
v -24.766372680664062 -252.0813751220703 533.0191650390625
v 63.95301055908203 -255.3854217529297 534.0436401367188
v -22.666534423828125 -256.24725341796875 533.69091796875
v 58.618499755859375 -258.234619140625 533.7181396484375
v -21.374298095703125 -258.6611633300781 533.8275146484375
v 52.926422119140625 -260.5711975097656 533.7230224609375
v -20.46044921875 -261.1570129394531 532.513427734375
v -19.514389038085938 -261.2781982421875 533.7965698242188
v 43.322296142578125 -262.86785888671875 534.0455322265625
v -15.775787353515625 -265.5369873046875 533.1793212890625
v -16.200653076171875 -264.22515869140625 534.2910766601562
v 35.76295471191406 -264.42803955078125 534.0642700195312
v -10.841384887695312 -266.85467529296875 533.426513671875
v -13.544662475585938 -265.23016357421875 534.6310424804688
v 30.923248291015625 -267.1431579589844 534.3484497070312
v -6.95196533203125 -268.13427734375 533.3958129882812
v -3.22003173828125 -269.4984130859375 533.6069946289062
v -2.29296875 -268.1596984863281 534.6082763671875
v -7.971923828125 -266.7107238769531 534.28076171875
v 27.810928344726562 -270.24127197265625 533.1141967773438
v 25.451202392578125 -269.2401123046875 534.6458129882812
v 21.816070556640625 -270.9786376953125 534.2483520507812
v 13.596435546875 -272.4340515136719 533.98486328125
v 6.4545135498046875 -272.2427062988281 533.9302978515625
v 0.290069580078125 -270.8622741699219 534.0651245117188
v 23.0059814453125 -162.2570037841797 534.5355834960938
v 27.900527954101562 -163.5028076171875 534.6627807617188
v 20.471038818359375 -164.35671997070312 535.1657104492188
v 15.667816162109375 -164.41615295410156 535.0361938476562
v 33.78013610839844 -166.3361053466797 534.98681640625
v 28.869781494140625 -165.93984985351562 535.1918334960938
v 40.80232238769531 -167.845703125 534.8009033203125
v 16.230300903320312 -166.71458435058594 535.3182373046875
v 7.805206298828125 -169.20654296875 534.9730224609375
v 32.62040710449219 -168.59478759765625 535.2737426757812
v 41.78369140625 -170.19326782226562 535.1807250976562
v 48.02742004394531 -170.96731567382812 535.0277709960938
v 11.515472412109375 -170.9269561767578 535.2670288085938
v 15.8590087890625 -173.40528869628906 535.1051025390625
v -1.4369964599609375 -171.05030822753906 534.9752197265625
v 40.91807556152344 -172.41409301757812 535.2798461914062
v 30.4051513671875 -176.69924926757812 535.0233154296875
v -7.171661376953125 -171.97528076171875 534.756103515625
v 56.012542724609375 -173.3905487060547 534.528564453125
v 55.08624267578125 -175.22039794921875 535.1259155273438
v 50.764251708984375 -173.78936767578125 535.2640991210938
v 12.204315185546875 -175.1333770751953 535.0906982421875
v -1.67095947265625 -173.57965087890625 535.0337524414062
v 60.274383544921875 -176.29176330566406 534.78662109375
v 55.76678466796875 -178.9297637939453 535.23388671875
v 8.839706420898438 -177.25592041015625 534.7274780273438
v 48.50982666015625 -182.82887268066406 535.0433349609375
v 62.53819274902344 -180.3762969970703 535.1290893554688
v 23.200653076171875 -185.28363037109375 535.157958984375
v 19.182632446289062 -183.06442260742188 534.9946899414062
v 67.04655456542969 -185.46157836914062 535.093994140625
v 65.13034057617188 -187.9249267578125 535.1577758789062
v 26.539398193359375 -199.13632202148438 535.247802734375
v 35.5968017578125 -202.58580017089844 535.0720825195312
v 70.42940521240234 -194.15634155273438 535.0578002929688
v 22.450637817382812 -195.22711181640625 535.1078491210938
v -35.079193115234375 -192.9476776123047 535.4486694335938
v -16.764312744140625 -193.0857391357422 534.6542358398438
v -26.363006591796875 -193.61830139160156 534.9639282226562
v -38.22972106933594 -193.91949462890625 535.2617797851562
v 74.99313354492188 -197.19476318359375 534.94384765625
v -6.0995635986328125 -196.16905212402344 535.0106201171875
v -18.143890380859375 -196.00181579589844 535.2674560546875
v 55.49339294433594 -196.86883544921875 535.0674438476562
v -11.99298095703125 -197.8293914794922 535.179931640625
v -28.930389404296875 -196.0977783203125 535.0996704101562
v 74.00859069824219 -204.8520965576172 535.1638793945312
v -3.7274169921875 -197.9003143310547 534.94580078125
v -40.62300109863281 -198.83197021484375 534.6278686523438
v -2.1444091796875 -201.27633666992188 535.0910034179688
v -37.562469482421875 -203.2385711669922 535.3107299804688
v -30.650955200195312 -202.7752685546875 535.0001831054688
v 78.26190948486328 -205.4060821533203 534.9926147460938
v 23.869247436523438 -202.6698760986328 534.9734497070312
v 0.737335205078125 -202.1215362548828 534.5849609375
v -6.5561676025390625 -201.07992553710938 535.3414916992188
v -39.42906188964844 -207.10614013671875 535.2661743164062
v -0.48016357421875 -204.2683868408203 535.1401977539062
v -2.0494232177734375 -206.77345275878906 535.1954956054688
v -13.866439819335938 -205.3629150390625 535.0634765625
v -42.012237548828125 -205.8341522216797 534.3597412109375
v 27.171737670898438 -211.59706115722656 534.8832397460938
v 42.03190612792969 -228.76651000976562 535.0917358398438
v 31.612152099609375 -211.70089721679688 535.1289672851562
v 11.783126831054688 -207.337646484375 534.9638061523438
v 3.4615325927734375 -207.32037353515625 535.1089477539062
v -41.04522705078125 -208.63868713378906 534.86279296875
v -4.447021484375 -214.3314971923828 534.9503173828125
v 80.59017944335938 -213.30369567871094 535.0380859375
v 74.25482940673828 -235.9872589111328 535.0488891601562
v 15.132598876953125 -212.5347442626953 534.8964233398438
v 9.815109252929688 -210.30982971191406 535.3258666992188
v -23.997726440429688 -218.74203491210938 535.02783203125
v -38.66822814941406 -212.47691345214844 535.1009521484375
v 84.31200408935547 -215.3956298828125 534.7835693359375
v -16.071502685546875 -214.60621643066406 535.0454711914062
v 27.967086791992188 -214.72854614257812 535.0126953125
v -1.1365203857421875 -217.51107788085938 534.9314575195312
v -35.4940185546875 -216.3184051513672 535.2979125976562
v 25.895523071289062 -225.21034240722656 535.0938110351562
v 11.728759765625 -216.734619140625 535.20751953125
v -39.769989013671875 -214.9627227783203 534.5449829101562
v 23.127883911132812 -216.00735473632812 534.5746459960938
v 80.85112762451172 -219.84866333007812 535.1491088867188
v -10.374099731445312 -217.76242065429688 535.4351196289062
v 20.935714721679688 -220.41488647460938 535.0567626953125
v -7.816558837890625 -219.42483520507812 535.596435546875
v -15.931137084960938 -218.81759643554688 535.6264038085938
v -22.571319580078125 -222.70692443847656 535.180908203125
v -36.3751220703125 -219.3018341064453 535.1650390625
v 85.14065551757812 -223.98291015625 535.17431640625
v -5.32366943359375 -221.76644897460938 535.5728759765625
v -3.50286865234375 -223.8426055908203 535.3291625976562
v 10.433746337890625 -222.4720001220703 535.1714477539062
v -13.194137573242188 -223.01559448242188 537.4027709960938
v -20.115982055664062 -222.95704650878906 535.5380249023438
v -28.4267578125 -227.97445678710938 535.10546875
v 0.030181884765625 -225.82342529296875 534.9601440429688
v -33.2071533203125 -225.75914001464844 534.9395751953125
v 15.004745483398438 -228.7519989013672 535.022216796875
v -20.8819580078125 -229.48365783691406 535.168701171875
v -18.154190063476562 -224.36956787109375 536.0780639648438
v 80.38629913330078 -232.84140014648438 535.1704711914062
v -3.888885498046875 -228.29501342773438 535.3693237304688
v -17.353179931640625 -228.01905822753906 535.8588256835938
v 4.5736083984375 -232.2429962158203 534.8842163085938
v -2.14959716796875 -233.08384704589844 535.006591796875
v -17.067520141601562 -232.3289031982422 535.19873046875
v 27.637649536132812 -236.26368713378906 535.0488891601562
v 20.211318969726562 -235.80548095703125 534.9960327148438
v -7.868255615234375 -232.5339813232422 535.9923095703125
v -10.276092529296875 -226.0437774658203 537.359130859375
v -17.36212158203125 -235.05113220214844 535.020263671875
v -26.794754028320312 -232.91641235351562 535.015869140625
v 13.74249267578125 -232.6655731201172 535.1980590820312
v -14.145538330078125 -229.46424865722656 536.281005859375
v -10.140182495117188 -234.15158081054688 535.8936157226562
v -23.418685913085938 -238.91688537597656 535.1520385742188
v -28.540603637695312 -233.09121704101562 534.6931762695312
v 51.1898193359375 -241.22119140625 535.0955810546875
v 36.8685302734375 -237.63613891601562 534.9376831054688
v 2.2285003662109375 -234.83055114746094 534.9981079101562
v 10.795074462890625 -235.6112823486328 535.666015625
v -7.417266845703125 -238.10813903808594 535.9530029296875
v -12.99920654296875 -236.88681030273438 535.2378540039062
v 78.6781005859375 -238.41539001464844 535.229736328125
v 42.27589416503906 -241.755615234375 534.9212036132812
v 15.82208251953125 -236.27340698242188 535.3812255859375
v 12.366409301757812 -238.1345672607422 536.3267211914062
v 3.644287109375 -236.654052734375 535.473388671875
v 20.44293212890625 -242.71322631835938 534.8681030273438
v 9.2083740234375 -239.2132110595703 537.172607421875
v -4.2994232177734375 -240.62254333496094 536.4161376953125
v 38.01362609863281 -240.76890563964844 534.9701538085938
v 29.589263916015625 -239.92520141601562 535.3233032226562
v 17.4034423828125 -241.587158203125 535.3370361328125
v 14.385818481445312 -240.26678466796875 536.2485961914062
v 0.08270263671875 -239.77389526367188 536.620849609375
v -8.790618896484375 -244.2744598388672 535.753173828125
v -5.134246826171875 -244.07843017578125 536.5385131835938
v -25.506439208984375 -240.27130126953125 534.609130859375
v 77.96520233154297 -242.80372619628906 534.9794311523438
v 70.1830062866211 -245.91001892089844 535.1932373046875
v 26.259796142578125 -241.56539916992188 535.3292236328125
v -12.302322387695312 -245.2308349609375 535.1701049804688
v -20.406997680664062 -248.34837341308594 535.2688598632812
v 49.32545471191406 -250.27220153808594 535.0568237304688
v 34.51123046875 -241.8616180419922 535.435546875
v 29.535140991210938 -242.894775390625 535.9796752929688
v 21.573654174804688 -246.44210815429688 535.0692749023438
v -14.8258056640625 -248.0017852783203 535.0648193359375
v -24.113967895507812 -247.29795837402344 534.7296752929688
v 40.219085693359375 -247.86509704589844 535.1983032226562
v 37.122802734375 -244.85885620117188 535.5462036132812
v 33.539581298828125 -243.85899353027344 536.191162109375
v 27.261444091796875 -244.04237365722656 536.00537109375
v -22.676177978515625 -248.5930938720703 535.1065063476562
v 71.15896606445312 -248.2194061279297 534.8547973632812
v 24.817047119140625 -245.8323974609375 535.570068359375
v 16.315475463867188 -246.30776977539062 536.0556640625
v 61.21873474121094 -251.4724578857422 535.2386474609375
v 36.12907409667969 -247.0859832763672 536.3792114257812
v 22.982025146484375 -249.3885040283203 535.2418212890625
v 18.69732666015625 -249.45860290527344 535.4158325195312
v -8.564407348632812 -250.1313934326172 535.0895385742188
v 25.279891967773438 -250.31617736816406 535.9994506835938
v -4.761505126953125 -247.77076721191406 536.0072631835938
v -20.715927124023438 -252.53099060058594 535.1500854492188
v 61.89239501953125 -253.5827178955078 535.0435180664062
v 42.15437316894531 -252.2662811279297 534.9715576171875
v 37.96122741699219 -250.65016174316406 535.7261962890625
v 20.356124877929688 -254.1745147705078 534.9848022460938
v -3.3957366943359375 -252.6274871826172 535.1231689453125
v 46.3076171875 -257.22735595703125 535.26123046875
v -0.6627349853515625 -253.4812774658203 535.519775390625
v -9.7003173828125 -253.98915100097656 534.95947265625
v 37.70021057128906 -255.6383819580078 535.120361328125
v 36.14923095703125 -253.60853576660156 535.76806640625
v 29.264633178710938 -252.0408477783203 537.6123046875
v 28.552871704101562 -249.6819610595703 537.9454956054688
v 26.045944213867188 -253.80201721191406 535.7867431640625
v 23.793350219726562 -256.7129211425781 535.0318603515625
v 18.130661010742188 -253.01353454589844 535.4741821289062
v 16.184646606445312 -250.62806701660156 536.4954833984375
v -4.974212646484375 -254.87937927246094 534.8497924804688
v -21.854339599609375 -254.51853942871094 534.6557006835938
v 61.31394958496094 -255.7285919189453 534.5137939453125
v 32.40863037109375 -254.60414123535156 536.3136596679688
v 33.6202392578125 -250.12843322753906 538.2201538085938
v -2.443359375 -256.3982849121094 534.93359375
v -15.398361206054688 -258.6585693359375 535.3618774414062
v -18.8817138671875 -256.5503845214844 535.2025146484375
v 35.37806701660156 -260.30419921875 535.0792236328125
v 30.651535034179688 -256.9857177734375 535.4948120117188
v 28.568359375 -255.7429962158203 535.7106323242188
v 15.134063720703125 -256.83685302734375 535.481201171875
v 52.930755615234375 -258.072509765625 534.8707275390625
v 19.66387939453125 -258.94000244140625 534.8687133789062
v 14.108001708984375 -253.75791931152344 536.9707641601562
v 11.877288818359375 -257.27734375 535.9625854492188
v 0.8679656982421875 -259.31842041015625 535.0721435546875
v 2.6156463623046875 -255.4831085205078 536.1640625
v 6.1495513916015625 -257.572021484375 536.0957641601562
v 43.000335693359375 -259.9950866699219 535.0860595703125
v 30.992904663085938 -259.7916259765625 535.107666015625
v 14.153457641601562 -261.015869140625 534.9506225585938
v 7.5727691650390625 -259.8963317871094 535.3812866210938
v -18.558242797851562 -260.0965576171875 534.8330078125
v 45.60554504394531 -261.01727294921875 534.6273803710938
v -15.233261108398438 -262.0367431640625 535.218994140625
v 36.29362487792969 -262.7124328613281 534.73828125
v 4.8754730224609375 -262.6320495605469 535.0958251953125
v -3.9734649658203125 -263.9616394042969 535.107666015625
v -11.370285034179688 -262.9718933105469 535.3134155273438
v 30.096923828125 -265.81597900390625 534.9234008789062
v 27.596450805664062 -265.2664794921875 535.2061767578125
v 12.294174194335938 -267.4160461425781 535.2222900390625
v 0.2639923095703125 -266.6239929199219 535.1755981445312
v -6.496337890625 -265.4024353027344 534.8768310546875
v 16.639175415039062 -269.9290466308594 535.0107421875
v 2.5907135009765625 -268.8944091796875 535.056884765625
v 3.3319549560546875 -270.36187744140625 534.7049560546875
v -11.4088134765625 -224.03756713867188 537.8846435546875
v -12.713226318359375 -224.54112243652344 538.0244140625
v -10.96734619140625 -229.27989196777344 536.7261962890625
v 2.4483642578125 -242.09152221679688 538.269287109375
v 11.638839721679688 -243.25013732910156 538.2424926757812
v 9.805267333984375 -243.45384216308594 538.8197021484375
v 0.53460693359375 -243.6722412109375 538.5204467773438
v -2.66253662109375 -242.96568298339844 537.1932373046875
v 31.590896606445312 -246.8282012939453 538.0977172851562
v 28.6531982421875 -246.57244873046875 537.5611572265625
v 13.569091796875 -248.94798278808594 538.0679931640625
v 0.4430694580078125 -246.61631774902344 538.499267578125
v -0.0954437255859375 -248.53065490722656 537.7469482421875
v 12.499923706054688 -252.4460906982422 538.2984619140625
v 4.181243896484375 -252.4654083251953 538.2540283203125
v 30.965103149414062 -251.36827087402344 538.1798706054688
v 9.803268432617188 -253.37489318847656 538.5084228515625
v 7.2276153564453125 -252.7559356689453 538.7991943359375
v 5.38970947265625 -243.7439727783203 539.1011352539062
v 7.0915374755859375 -246.35182189941406 539.5541381835938
v 29.889755249023438 -247.74998474121094 538.1548461914062
v 10.24951171875 -248.9134979248047 539.2817993164062
v 3.9819488525390625 -248.4689178466797 539.1964721679688
v 6.8559417724609375 -249.1111602783203 539.5035400390625
vn 0.3205885887145996 0.8275840282440186 0.4607903063297272
vn 0.16388565301895142 0.5701180100440979 -0.8050509095191956
vn 0.25353196263313293 0.7755680680274963 -0.5781140327453613
vn -0.026373468339443207 0.40708354115486145 -0.9130101203918457
vn -0.24924540519714355 0.46287208795547485 -0.8506621718406677
vn 0.6625093817710876 0.7017159461975098 0.2620612382888794
vn -0.776630163192749 0.1979759931564331 -0.598039448261261
vn -0.678010106086731 0.03340543806552887 0.7342931628227234
vn 0.22147902846336365 0.08711989223957062 -0.9712657928466797
vn 0.06223808228969574 0.11589961498975754 -0.9913091063499451
vn -0.10119401663541794 0.08592512458562851 -0.9911491870880127
vn 0.9934863448143005 -0.11386565864086151 -0.00442046532407403
vn -0.2998592257499695 -0.05972190946340561 -0.9521122574806213
vn 0.4021690785884857 0.1297873705625534 -0.9063196778297424
vn 0.14142651855945587 0.058990977704524994 -0.9881895780563354
vn 0.9226220846176147 0.25434011220932007 0.2899650037288666
vn -0.012891868129372597 0.013869669288396835 -0.9998207092285156
vn -0.9592189192771912 -0.28090935945510864 0.03145032003521919
vn 0.5475971102714539 0.8349577784538269 -0.05461521074175835
vn -0.22031576931476593 -0.09629292041063309 -0.9706640839576721
vn 0.43465685844421387 -0.031172994524240494 -0.9000564813613892
vn 0.10468477755784988 -0.05585223063826561 -0.9929358959197998
vn -0.08563258498907089 -0.09581823647022247 -0.9917086362838745
vn 0.8374224901199341 0.4875355064868927 0.24704799056053162
vn -0.7971892356872559 -0.4010181427001953 -0.4513023793697357
vn 0.9711611270904541 -0.219037726521492 0.09417344629764557
vn 0.2723967432975769 -0.2982564866542816 -0.9147913455963135
vn 0.7410606145858765 -0.5089911222457886 -0.4379009008407593
vn 0.026181574910879135 -0.28684791922569275 -0.9576183557510376
vn -0.3087623715400696 -0.4026739001274109 -0.8616957664489746
vn -0.753761351108551 -0.5846447944641113 0.3000573515892029
vn -0.06039401888847351 -0.5049428939819336 -0.8610373139381409
vn 0.30183732509613037 -0.6998176574707031 -0.6474175453186035
vn -0.7833799123764038 -0.6170315146446228 -0.07475373148918152
vn -0.18388479948043823 -0.7408116459846497 -0.6460530757904053
vn 0.41624534130096436 0.22734610736370087 -0.8803712725639343
vn -0.9429512023925781 0.07819167524576187 -0.32361865043640137
vn -0.1355113387107849 0.6285991668701172 -0.7658327221870422
vn 0.3197861611843109 0.48466914892196655 -0.8141453862190247
vn -0.9197357892990112 -0.12831836938858032 -0.3709724247455597
vn 0 -0 0
vn 0 -0 0
vn 0 -0 0
vn 0 -0 0
vn 0.6326598525047302 -0.7094573378562927 -0.31050264835357666
vn 0.6726110577583313 -0.3731551468372345 0.6390224695205688
vn 0.10871443897485733 0.10054641962051392 0.9889750480651855
vn -0.047061748802661896 -0.06841433793306351 0.9965463876724243
vn -0.16922356188297272 -0.4906805753707886 0.8547490835189819
vn 0.26150819659233093 0.026944277808070183 0.9648250937461853
vn -0.5728328227996826 -0.05445775389671326 0.8178611993789673
vn -0.0550641193985939 -0.020648710429668427 0.9982693195343018
vn 0.4071567952632904 0.03720381110906601 0.9126002788543701
vn 0.09819347411394119 0.051264550536870956 0.99384605884552
vn -0.06334953010082245 -0.007970908656716347 0.997959554195404
vn -0.27443432807922363 -0.07798177003860474 0.9584386348724365
vn 0.17392295598983765 0.31661149859428406 0.9324741363525391
vn 0.10083145648241043 0.2884354591369629 0.9521754384040833
vn -0.5686538219451904 -0.27121636271476746 0.7765787243843079
vn 0.43815121054649353 -0.004975588526576757 0.8988875150680542
vn -0.2648994028568268 0.11320651322603226 0.9576077461242676
vn -0.2902839481830597 -0.15246206521987915 0.9447172284126282
vn 0.6349235773086548 -0.3130396604537964 0.7063131928443909
vn 0.02570326253771782 0.0051277815364301205 0.9996564984321594
vn -0.5848175287246704 -0.4850130081176758 0.6501929759979248
vn 0.3031967580318451 -0.8095704913139343 0.5026602149009705
vn 0.6092773079872131 0.2307031899690628 -0.7586548328399658
vn 0.4539918601512909 -0.5818904638290405 -0.6747553944587708
vn 0.24744032323360443 -0.9644432663917542 -0.0928574651479721
vn 0 -0 0
vn 0.20102356374263763 -0.9552690982818604 0.21691133081912994
vn -0.2659471035003662 -0.8236389756202698 0.5008901953697205
vn -0.40431877970695496 -0.9118443727493286 0.0711774155497551
vn -0.7799866795539856 -0.5909000039100647 -0.20605355501174927
vn 0.023816606029868126 0.28264379501342773 -0.9589292407035828
vn -0.7015681862831116 -0.6140978932380676 -0.3615049719810486
vn 0.0015561236068606377 0.3857285976409912 -0.9226109981536865
vn -0.3032853603363037 -0.07564331591129303 -0.9498926997184753
vn 0.7107126116752625 0.320870578289032 -0.6260428428649902
vn -0.8451247811317444 -0.5169391632080078 -0.13615477085113525
vn -0.4438978135585785 -0.8140831589698792 -0.3744642436504364
vn 0.31693950295448303 -0.05017324164509773 -0.9471177458763123
vn -0.11293293535709381 -0.5641252398490906 -0.8179296255111694
vn -0.7771670818328857 0.23822559416294098 0.5824602246284485
vn 0 -0 0
vn 0 -0 0
vn 0 -0 0
vn 0 -0 0
vn 0 -0 0
vn 0.7771670818328857 -0.23822559416294098 -0.5824602246284485
vn 0 -0 0
vn 0 -0 0
vn 0.30436182022094727 0.8999456167221069 -0.3121887743473053
vn 0.04356555640697479 0.8738556504249573 -0.4842297434806824
vn -0.001640064874663949 0.9890133142471313 -0.14781734347343445
vn 0.18761885166168213 0.9801269173622131 0.06442467868328094
vn -0.29349827766418457 0.796890139579773 -0.5280386805534363
vn -0.3502659797668457 0.9107021689414978 -0.21894142031669617
vn 0.6166731119155884 0.7564293742179871 -0.21801123023033142
vn -0.8198351860046387 0.3802647590637207 -0.42809924483299255
vn 0.055469561368227005 0.9967392683029175 -0.058601073920726776
vn 0.34010499715805054 0.7070556879043579 -0.6200007200241089
vn -0.03832191228866577 0.2500413656234741 -0.967476487159729
vn -0.8871114253997803 -0.3571010231971741 -0.29242485761642456
vn 0.650497555732727 -0.7248578667640686 0.2267908900976181
vn -0.2067619413137436 -0.9703390002250671 0.12526701390743256
vn 0.6100219488143921 0.6641849875450134 -0.43212443590164185
vn 0.9356672167778015 -0.20367494225502014 0.28817254304885864
vn 0.39285746216773987 -0.4666246771812439 0.7924168705940247
vn -1 -0 0
vn 1 0 0
vn 0 -0 0
vn 1 0 0
vn 0 -0 0
vn 0 -0 0
vn 0 -0 0
vn 0 -0 0
vn 0 -0 0
vn 0 -0 0
vn 0.8185791373252869 0.4081151783466339 0.40419086813926697
vn 0.807494044303894 0.4281626343727112 0.4057464301586151
vn -0.5557268261909485 0.8170452117919922 -0.1536388248205185
vn 0.6110870838165283 0.7905715107917786 0.039614297449588776
vn 0.45599165558815 -0.7677967548370361 0.45006632804870605
vn -0.5697037577629089 -0.3530732989311218 0.7421433925628662
vn 0.17803436517715454 -0.9433594346046448 0.27995845675468445
vn -0.8599136471748352 -0.467380553483963 -0.20519250631332397
vn -0.471222847700119 -0.5809465050697327 0.6636642813682556
vn 0.9007744789123535 0.23793992400169373 0.36330413818359375
vn -0.3894387185573578 -0.5417717695236206 0.744862973690033
vn 0.22781984508037567 -0.29514312744140625 0.9278947114944458
vn 1 0 0
vn 0 -0 0
vn -0.18452252447605133 0.9741718769073486 0.130156010389328
vn 0.36370721459388733 -0.7023389339447021 0.6119126677513123
vn -0.5974908471107483 0.7988494038581848 -0.06960129737854004
vn -0.011842403560876846 0.47644472122192383 0.8791247010231018
vn -0.02936450205743313 -0.9116116762161255 0.4100024104118347
vn 0.10358259081840515 0.4550718367099762 0.8844096064567566
vn -0.6330640316009521 0.002533770864829421 0.774095356464386
vn -0.33383890986442566 0.6219466328620911 0.7083318829536438
vn -0.027011791244149208 -0.5389333963394165 0.8419151902198792
vn 0 -0 0
vn 0 -0 0
vn 0 -0 0
vn 0 -0 0
vn 0 -0 0
vn 0 -0 0
vn 0.0776766687631607 0.13115572929382324 -0.9883139729499817
vn -0.03747881203889847 0.16608768701553345 -0.985398530960083
vn -0.026882486417889595 0.16432008147239685 -0.9860407114028931
vn 0.07053568959236145 0.07584488391876221 -0.9946216940879822
vn -0.18989059329032898 0.2663998007774353 -0.9449723362922668
vn -0.1389259397983551 0.07091587036848068 -0.9877604246139526
vn -0.20507682859897614 0.18633119761943817 -0.9608455896377563
vn -0.047461703419685364 0.016102390363812447 -0.9987432956695557
vn -0.15172456204891205 -0.05288113281130791 -0.9870072603225708
vn 0.11352553218603134 0.09028620272874832 -0.9894242882728577
vn 0.10589902848005295 0.14620929956436157 -0.9835691452026367
vn 0.05526605248451233 0.11367963254451752 -0.99197918176651
vn 0.035335201770067215 0.022396335378289223 -0.9991245269775391
vn -0.12756116688251495 -0.01833297871053219 -0.9916613101959229
vn 0.02071189321577549 0.08259698748588562 -0.9963678121566772
vn 0.1268702745437622 0.10200881958007812 -0.9866600632667542
vn -0.007056610193103552 0.058989014476537704 -0.9982337355613708
vn -0.10114261507987976 -0.04603612422943115 -0.9938062429428101
vn -0.2579716742038727 -0.06636925786733627 -0.9638702273368835
vn 0.07591065764427185 -0.10840367525815964 -0.9912044405937195
vn 0.24690796434879303 -0.014634802006185055 -0.9689284563064575
vn 0.012784834951162338 -0.03252258151769638 -0.9993892312049866
vn -0.2527735233306885 -0.14583805203437805 -0.9564710259437561
vn -0.036046721041202545 -0.18531201779842377 -0.9820184111595154
vn -0.12318921089172363 -0.17846238613128662 -0.9762046933174133
vn 0.17552168667316437 -0.16839110851287842 -0.9699673652648926
vn 0.019191252067685127 -0.1930677592754364 -0.9809978008270264
vn -0.07866426557302475 -0.19429847598075867 -0.9777832627296448
vn -0.030398646369576454 -0.15790434181690216 -0.9869863986968994
vn 0.24245236814022064 0.4291490912437439 -0.8700850605964661
vn 0.10436608642339706 0.22682136297225952 -0.9683284163475037
vn 0.1269967257976532 0.33147820830345154 -0.934876561164856
vn 0.09364711493253708 0.26976853609085083 -0.9583606719970703
vn -0.32551950216293335 0.2276347130537033 -0.917725145816803
vn -0.18446768820285797 0.24679678678512573 -0.9513480067253113
vn -0.15525197982788086 0.20737716555595398 -0.9658631086349487
vn 0.21293969452381134 0.427489697933197 -0.8785836696624756
vn -0.00957877654582262 0.17612600326538086 -0.9843210577964783
vn -0.11992807686328888 0.0705544576048851 -0.9902724027633667
vn 0.0876556858420372 0.18248480558395386 -0.9792935252189636
vn 0.14869096875190735 0.2836035192012787 -0.9473437070846558
vn 0.043801113963127136 0.055718183517456055 -0.997485339641571
vn 0.001030638930387795 0.026417367160320282 -0.9996504783630371
vn -0.34766438603401184 0.09971228241920471 -0.9323019981384277
vn 0.09807530790567398 0.1741345375776291 -0.9798257350921631
vn -0.09252168983221054 0.17339342832565308 -0.9804970622062683
vn 0.34720534086227417 0.2888578176498413 -0.8921937346458435
vn 0.15879786014556885 0.1745646744966507 -0.9717563986778259
vn 0.24071505665779114 0.4018925130367279 -0.8834810256958008
vn -0.06556793302297592 -0.032508738338947296 -0.9973184466362
vn -0.40788477659225464 -0.08217234164476395 -0.9093281626701355
vn -0.4316179156303406 -0.01816054806113243 -0.901873767375946
vn -0.20426927506923676 -0.061516959220170975 -0.9769799113273621
vn -0.024251719936728477 0.016777563840150833 -0.9995651245117188
vn 0.3650462329387665 0.24039773643016815 -0.8994166254997253
vn 0.2451903223991394 0.14955978095531464 -0.957869291305542
vn 0.1360512375831604 0.10704649984836578 -0.9849016070365906
vn -0.34839558601379395 -0.1875700205564499 -0.918388843536377
vn -0.21659711003303528 -0.15019449591636658 -0.9646384716033936
vn 0.20156067609786987 0.19274334609508514 -0.9603245854377747
vn -0.4117226302623749 -0.28795546293258667 -0.8646190762519836
vn -0.29909488558769226 -0.19221366941928864 -0.9346636533737183
vn 0.5094776749610901 0.28497540950775146 -0.8119246363639832
vn 0.3034912347793579 0.1657724529504776 -0.9383030533790588
vn -0.2995122969150543 -0.16285067796707153 -0.9400915503501892
vn -0.2801678478717804 -0.1106763556599617 -0.9535495638847351
vn -0.4973039925098419 -0.2994528114795685 -0.8142583966255188
vn 0.5407103896141052 0.10338318347930908 -0.8348318934440613
vn -0.49906525015830994 -0.20644688606262207 -0.8416137099266052
vn 0.37778839468955994 -0.0057066367007792 -0.9258744120597839
vn 0.5428870320320129 -0.0304881501942873 -0.8392521739006042
vn -0.46047624945640564 -0.19261077046394348 -0.8665233850479126
vn 0.26924967765808105 -0.09880518913269043 -0.9579886198043823
vn -0.21822482347488403 -0.22344622015953064 -0.9499735832214355
vn -0.3883943259716034 -0.26161158084869385 -0.8835775256156921
vn 0.11958048492670059 -0.11803238093852997 -0.9857833981513977
vn 0.4665175676345825 -0.11375199258327484 -0.8771669864654541
vn -0.40286701917648315 -0.3393375277519226 -0.850028395652771
vn 0.3243342936038971 -0.17424482107162476 -0.9297558665275574
vn 0.060255732387304306 -0.10205962508916855 -0.9929517507553101
vn -0.010807516053318977 -0.06217639148235321 -0.9980067014694214
vn -0.08291291445493698 -0.08234354853630066 -0.9931490421295166
vn -0.2558091878890991 -0.18047906458377838 -0.9497309923171997
vn 0.15777865052223206 -0.24855069816112518 -0.9556822180747986
vn -0.07951932400465012 -0.11451423913240433 -0.9902338981628418
vn 0.32832765579223633 -0.38738521933555603 -0.8614718317985535
vn 0.1776728630065918 -0.3961106538772583 -0.900848925113678
vn 0.04373270273208618 -0.21002590656280518 -0.9767172336578369
vn -0.2585240602493286 -0.20874720811843872 -0.9431807398796082
vn 0.016644934192299843 -0.35913705825805664 -0.9331364035606384
vn -0.2136552780866623 -0.34350553154945374 -0.9145246744155884
vn 0.2055264413356781 0.40732628107070923 -0.8898563385009766
vn 0.050442326813936234 0.2958916127681732 -0.9538887739181519
vn 0.016238704323768616 0.49995318055152893 -0.8659001588821411
vn -0.12824732065200806 0.3411886990070343 -0.9312050938606262
vn 0.23088544607162476 0.32489269971847534 -0.9171350598335266
vn -0.30329424142837524 0.24273563921451569 -0.9214618802070618
vn -0.42985984683036804 0.21959447860717773 -0.875784695148468
vn -0.41770127415657043 0.13426677882671356 -0.8986089825630188
vn 0.2705201208591461 0.47349128127098083 -0.8382272720336914
vn -0.4495323896408081 0.28272050619125366 -0.8473427891731262
vn 0.2759523093700409 0.47751584649086 -0.8341636061668396
vn 0.4082739055156708 0.46522557735443115 -0.7854155898094177
vn -0.37629249691963196 0.2278984636068344 -0.8980346918106079
vn -0.37852802872657776 0.01865735650062561 -0.9254018068313599
vn 0.5008132457733154 0.31586143374443054 -0.8058645725250244
vn -0.45767128467559814 -0.1530946046113968 -0.8758419156074524
vn 0.5164912939071655 0.32390764355659485 -0.7926667928695679
vn -0.525497555732727 -0.2729951739311218 -0.8058076500892639
vn 0.5345107913017273 0.32473257184028625 -0.7802865505218506
vn 0.5241710543632507 0.38194409012794495 -0.7611593008041382
vn -0.5617043375968933 -0.38471031188964844 -0.7324521541595459
vn -0.5621585845947266 -0.24704165756702423 -0.7892706990242004
vn 0.5923082232475281 0.15204748511314392 -0.7912348508834839
vn 0.5711022019386292 0.012836710549890995 -0.8207786679267883
vn -0.5475631952285767 -0.30315354466438293 -0.7799183130264282
vn 0.525070309638977 -0.14457659423351288 -0.8386887311935425
vn -0.4132542312145233 -0.31877127289772034 -0.8529981970787048
vn -0.44806012511253357 -0.32457101345062256 -0.8330040574073792
vn -0.40695810317993164 -0.1890306919813156 -0.8936735987663269
vn 0.44573724269866943 -0.30043408274650574 -0.8432424068450928
vn -0.39517080783843994 -0.22296203672885895 -0.8911386132240295
vn 0.26332613825798035 -0.4547238349914551 -0.850814700126648
vn -0.36409616470336914 -0.2075989991426468 -0.9079298973083496
vn 0.18701843917369843 -0.4755227267742157 -0.8595942258834839
vn -0.07064780592918396 -0.41302192211151123 -0.9079768061637878
vn 0.12934225797653198 -0.4960477948188782 -0.8586077094078064
vn 0.16845081746578217 0.616849958896637 -0.7688436508178711
vn 0.2920388877391815 0.46467503905296326 -0.8359368443489075
vn -0.12423316389322281 0.41196995973587036 -0.9026886820793152
vn -0.26736655831336975 0.23569895327091217 -0.9343239068984985
vn -0.1671448051929474 0.37101447582244873 -0.913460910320282
vn 0.329601913690567 0.31813862919807434 -0.8889040350914001
vn 0.3067043721675873 0.3676823675632477 -0.8779191970825195
vn -0.33519887924194336 0.21066850423812866 -0.9182921648025513
vn -0.30837464332580566 0.07060365378856659 -0.9486412405967712
vn 0.21575555205345154 0.3684070408344269 -0.9042819142341614
vn 0.25353172421455383 0.3761320114135742 -0.8912050724029541
vn -0.2669089138507843 0.15983222424983978 -0.9503753781318665
vn -0.18102394044399261 0.14673517644405365 -0.9724706411361694
vn -0.3058481216430664 0.08483893424272537 -0.9482928514480591
vn 0.3578934073448181 0.3899466097354889 -0.8484421372413635
vn 0.4588508605957031 0.3353913724422455 -0.8227810263633728
vn 0.5431543588638306 0.2534981369972229 -0.8004511594772339
vn -0.5494955778121948 -0.3288227915763855 -0.7680691480636597
vn -0.47346794605255127 -0.29076918959617615 -0.8314333558082581
vn -0.5540881752967834 -0.34574711322784424 -0.7572616934776306
vn 0.5644822120666504 0.2674884796142578 -0.7809032201766968
vn -0.511545717716217 -0.23826108872890472 -0.825562059879303
vn -0.33936017751693726 -0.2751680314540863 -0.8995094299316406
vn 0.5634444952011108 -0.2878037393093109 -0.7744025588035583
vn 0.3539586663246155 -0.39534080028533936 -0.8475959897041321
vn -0.38829168677330017 -0.17416048049926758 -0.9049296975135803
vn 0.35319575667381287 -0.46714088320732117 -0.8105752468109131
vn -0.24334955215454102 -0.30768275260925293 -0.9198436737060547
vn -0.32447659969329834 -0.26945599913597107 -0.9067019820213318
vn 0.2500137686729431 -0.5208909511566162 -0.8161897659301758
vn -0.15639318525791168 -0.4257533848285675 -0.8912212252616882
vn 0.05501681938767433 -0.5582492351531982 -0.8278471827507019
vn -0.24742421507835388 0.5378969311714172 -0.805883526802063
vn -0.023182498291134834 0.5829373002052307 -0.8121863603591919
vn -0.32299575209617615 0.36272382736206055 -0.8741310834884644
vn 0.29092293977737427 0.5736808180809021 -0.7656724452972412
vn 0.1114552766084671 0.6673217415809631 -0.7363827228546143
vn -0.22450606524944305 0.14043356478214264 -0.9643005132675171
vn 0.2679257094860077 0.3496251702308655 -0.8977628350257874
vn -0.338024377822876 0.21843431890010834 -0.915437638759613
vn 0.22141151130199432 0.3802585303783417 -0.897986888885498
vn 0.3043718636035919 0.49681851267814636 -0.8127294778823853
vn -0.20323340594768524 0.09312242269515991 -0.9746919870376587
vn 0.3001845180988312 0.43155086040496826 -0.8506780862808228
vn -0.503460705280304 0.14263445138931274 -0.8521636128425598
vn -0.4295181632041931 -0.04531051963567734 -0.9019207954406738
vn 0.35203230381011963 0.3833339810371399 -0.8538901209831238
vn 0.43978819251060486 0.34566155076026917 -0.8289176821708679
vn 0.5679775476455688 0.2526586353778839 -0.7833040356636047
vn -0.4893355369567871 -0.24016527831554413 -0.8383743166923523
vn -0.630102276802063 -0.36438190937042236 -0.6857091188430786
vn 0.597337007522583 0.25821757316589355 -0.7592840790748596
vn -0.5627327561378479 -0.3386078178882599 -0.7541065216064453
vn 0.5532183051109314 0.37678053975105286 -0.7429576516151428
vn -0.5216240286827087 -0.33208921551704407 -0.7858912944793701
vn 0.6022661924362183 0.3335624933242798 -0.7252665162086487
vn -0.48907339572906494 -0.2757023274898529 -0.8275237679481506
vn -0.48011302947998047 -0.19964420795440674 -0.854185938835144
vn 0.650339663028717 0.2149631828069687 -0.7285940051078796
vn 0.6637210249900818 0.10198752582073212 -0.7409945726394653
vn -0.45194756984710693 -0.23320354521274567 -0.861022412776947
vn -0.43330153822898865 -0.2011239379644394 -0.8785209059715271
vn 0.6708616614341736 0.019861334934830666 -0.7413164973258972
vn 0.5458255410194397 -0.09067925810813904 -0.8329776525497437
vn -0.4128931760787964 -0.19863224029541016 -0.8888557553291321
vn 0.8043742179870605 -0.018204858526587486 -0.5938441157341003
vn 0.7048197984695435 -0.13963457942008972 -0.6955078840255737
vn -0.5070459246635437 -0.2484927922487259 -0.825321614742279
vn -0.5164696574211121 -0.20609314739704132 -0.8311346173286438
vn 0.4544128477573395 -0.4043978750705719 -0.7937073111534119
vn -0.4919387102127075 -0.30309152603149414 -0.8161690831184387
vn 0.19289825856685638 -0.642184853553772 -0.7418820261955261
vn 0.2659614384174347 -0.6354843378067017 -0.7248615622520447
vn -0.3334557116031647 -0.46710658073425293 -0.8189132213592529
vn 0.1376885622739792 -0.7294980883598328 -0.6699808835983276
vn 0.0066989390179514885 -0.6810464859008789 -0.7322095632553101
vn -0.16189643740653992 -0.6536813974380493 -0.7392497062683105
vn 0.12326809018850327 0.5846645832061768 -0.8018555641174316
vn 0.18848057091236115 0.637240469455719 -0.7472614049911499
vn 0.06662765145301819 0.5616858005523682 -0.824663519859314
vn -0.41001778841018677 0.4827200174331665 -0.7738648056983948
vn -0.2842878997325897 0.5101547837257385 -0.8117404580116272
vn -0.4885331392288208 0.4604642689228058 -0.7411531805992126
vn -0.5905967950820923 0.3539917767047882 -0.7251794338226318
vn 0.34816044569015503 0.5928911566734314 -0.7261298298835754
vn -0.6975805163383484 0.1915038377046585 -0.69044029712677
vn 0.40401890873908997 0.5076404809951782 -0.7609663009643555
vn -0.6465569734573364 -0.10666536539793015 -0.7553718686103821
vn 0.6080314517021179 0.3822147846221924 -0.6958518028259277
vn -0.7706995606422424 -0.0046155452728271484 -0.6371820569038391
vn -0.7956798672676086 -0.2553093433380127 -0.5492820739746094
vn 0.749352753162384 0.2736864686012268 -0.602964460849762
vn -0.7267255187034607 -0.3695582449436188 -0.5790480971336365
vn 0.7025565505027771 0.3487072288990021 -0.6203367114067078
vn 0.6875936388969421 0.40519896149635315 -0.6025186777114868
vn 0.7780011892318726 0.31274673342704773 -0.5448887348175049
vn -0.4078863561153412 -0.14249518513679504 -0.9018446803092957
vn 0.8371911644935608 0.17911116778850555 -0.5167496204376221
vn -0.40775683522224426 -0.15337160229682922 -0.9001175165176392
vn 0.8131153583526611 0.0982050746679306 -0.5737589001655579
vn 0.9109684824943542 0.16560868918895721 -0.3777700960636139
vn -0.39958131313323975 -0.24251210689544678 -0.8840377330780029
vn 0.8506873250007629 0.0893176719546318 -0.5180284380912781
vn -0.5130693912506104 -0.2223357856273651 -0.829051673412323
vn -0.40374916791915894 -0.2502973675727844 -0.8799647092819214
vn 0.6981542706489563 -0.2976388931274414 -0.6511464715003967
vn -0.5311470627784729 -0.24680101871490479 -0.8105382323265076
vn 0.5731253623962402 -0.44147011637687683 -0.6903850436210632
vn 0.4831855893135071 -0.5144262909889221 -0.7084470987319946
vn -0.49289166927337646 -0.25569677352905273 -0.8316712379455566
vn 0.36932173371315 -0.6018524169921875 -0.7080785632133484
vn -0.38858655095100403 -0.3982471823692322 -0.8309029936790466
vn -0.47988978028297424 -0.26391008496284485 -0.8366943001747131
vn 0.2387043833732605 -0.7247942090034485 -0.6462922096252441
vn -0.30655401945114136 -0.5933552980422974 -0.7442809343338013
vn 0.0759153813123703 -0.8222229480743408 -0.564079999923706
vn -0.046372752636671066 -0.7970748543739319 -0.6020973324775696
vn -0.11519913375377655 0.5684089064598083 -0.8146413564682007
vn -0.1676848977804184 0.4013187289237976 -0.9004582762718201
vn 0.14247027039527893 0.5427678227424622 -0.8277109265327454
vn 0.33488228917121887 0.6585658192634583 -0.6739028096199036
vn 0.33217230439186096 0.672485888004303 -0.6613806486129761
vn -0.6508845090866089 0.3972831666469574 -0.6469277143478394
vn 0.37628260254859924 0.6668027639389038 -0.6432616114616394
vn 0.550190806388855 0.5737908482551575 -0.6066747307777405
vn -0.7725581526756287 0.13123738765716553 -0.6212332248687744
vn 0.7972228527069092 0.39832109212875366 -0.4536254107952118
vn 0.8298723697662354 0.32274922728538513 -0.4551316797733307
vn -0.7635601162910461 -0.3519308269023895 -0.5414062738418579
vn 0.7741580605506897 0.43254217505455017 -0.4621542692184448
vn -0.7243549823760986 -0.23113012313842773 -0.6495296359062195
vn -0.3958389461040497 -0.1379314810037613 -0.9079023003578186
vn 0.8025622963905334 0.39200711250305176 -0.449693500995636
vn 0.9107582569122314 0.26792478561401367 -0.31422242522239685
vn 0.8819825649261475 0.3388802707195282 -0.32751643657684326
vn -0.24502873420715332 -0.07875913381576538 -0.966311514377594
vn -0.28696608543395996 -0.12193562090396881 -0.9501485228538513
vn -0.3059072494506836 -0.2082226723432541 -0.9290124773979187
vn -0.4225279986858368 -0.18821612000465393 -0.8865916728973389
vn 0.7804890275001526 -0.2907823622226715 -0.5534279942512512
vn -0.3469012379646301 -0.15598779916763306 -0.9248390793800354
vn 0.643092930316925 -0.40302956104278564 -0.6511518955230713
vn 0.31741079688072205 -0.6941711902618408 -0.6460469961166382
vn 0.17950838804244995 -0.7989146113395691 -0.5740315914154053
vn -0.15473338961601257 -0.7656052708625793 -0.6244246363639832
vn -0.07465563714504242 0.5133483409881592 -0.8549268841743469
vn 0.1143290102481842 0.60878986120224 -0.7850502729415894
vn -0.036309678107500076 0.4375379979610443 -0.8984665870666504
vn 0.14521287381649017 0.5412769913673401 -0.8282103538513184
vn -0.2906293272972107 0.423338383436203 -0.8580904603004456
vn 0.1745213121175766 0.5950911045074463 -0.784480094909668
vn 0.2789040505886078 0.6599670052528381 -0.6976074576377869
vn -0.3735659718513489 0.36091354489326477 -0.854511559009552
vn -0.4709380567073822 0.2954803705215454 -0.8312091827392578
vn -0.5268860459327698 0.3985061049461365 -0.750722348690033
vn 0.3462434411048889 0.7019667625427246 -0.6223810911178589
vn -0.7263417840003967 0.37653499841690063 -0.575020968914032
vn -0.8052534461021423 0.2579553425312042 -0.5338783264160156
vn 0.5438111424446106 0.6477850675582886 -0.5335203409194946
vn 0.6348662376403809 0.6305741667747498 -0.44645389914512634
vn 0.7341387867927551 0.6017882823944092 -0.31446969509124756
vn 0.7402136921882629 0.594002902507782 -0.3150304853916168
vn -0.7656447887420654 0.1247178465127945 -0.6310575604438782
vn 0.8759238123893738 0.4264317452907562 -0.22564007341861725
vn 0.8712934851646423 0.37434327602386475 -0.31735602021217346
vn -0.7951340079307556 -0.11562641710042953 -0.5953087210655212
vn -0.7816928029060364 -0.3121597170829773 -0.5399191975593567
vn -0.7827625274658203 -0.33492612838745117 -0.5245068073272705
vn 0.40723246335983276 0.47838258743286133 -0.7780179381370544
vn 0.0811471939086914 0.3698921203613281 -0.9255241751670837
vn 0.24417130649089813 0.6593567132949829 -0.711076021194458
vn 0.03244038298726082 0.6991905570030212 -0.7141990065574646
vn -0.018271781504154205 0.4526856243610382 -0.8914830088615417
vn -0.1320255547761917 0.46678048372268677 -0.874462902545929
vn -0.03658400475978851 0.6053318381309509 -0.7951321005821228
vn 0.5214599370956421 0.28202149271965027 -0.8053219318389893
vn 0.19802340865135193 0.1499142050743103 -0.968665361404419
vn -0.014072975143790245 0.19419068098068237 -0.9808628559112549
vn -0.05484253913164139 0.18263930082321167 -0.9816492199897766
vn -0.281154066324234 0.20324881374835968 -0.937892496585846
vn 0.020665623247623444 0.06272044777870178 -0.9978171586990356
vn -0.02879340946674347 0.025971433147788048 -0.9992479681968689
vn -0.1362176239490509 -0.008278965950012207 -0.9906443953514099
vn -0.291125625371933 -0.03013686090707779 -0.9562100768089294
vn -0.5823715329170227 -0.042122602462768555 -0.8118307590484619
vn -0.6091350317001343 0.22578105330467224 -0.7602483034133911
vn 0.3525664210319519 0.06676070392131805 -0.9334023594856262
vn 0.4504993259906769 0.12658418715000153 -0.8837572336196899
vn 0.7909272909164429 0.46134278178215027 -0.4019911587238312
vn 0.8571681380271912 0.4004833400249481 -0.3238454759120941
vn -0.48868224024772644 0.3044512867927551 -0.8176180124282837
vn 0.1621609479188919 -0.06010301038622856 -0.9849322438240051
vn 0.04674462601542473 -0.06352744996547699 -0.9968847632408142
vn -0.36810871958732605 0.13037924468517303 -0.9205961227416992
vn 0.32772693037986755 -0.10811968892812729 -0.9385654926300049
vn -0.05301444232463837 -0.05320700258016586 -0.9971752762794495
vn -0.17373903095722198 -0.1562497317790985 -0.9723172187805176
vn -0.25739407539367676 -0.028393123298883438 -0.9658893346786499
vn -0.21525302529335022 0.018151042982935905 -0.9763897061347961
vn -0.2531123161315918 0.20354944467544556 -0.9457810521125793
vn 0.17447733879089355 -0.267139732837677 -0.9477310180664062
vn 0.04741774499416351 -0.21963180601596832 -0.9744297862052917
vn -0.04811655730009079 -0.1671166867017746 -0.9847623109817505
vn 0.9387892484664917 0.2804960012435913 -0.19999192655086517
vn 0.11203726381063461 -0.37231874465942383 -0.9213177561759949
vn 0.007655697409063578 -0.3315742015838623 -0.943398118019104
vn -0.10451513528823853 -0.35263025760650635 -0.9299078583717346
vn -0.23593279719352722 -0.15250760316848755 -0.9597276449203491
vn 0.9191348552703857 0.2636719346046448 -0.2926913797855377
vn 0.8991471529006958 0.20400801301002502 -0.3871889114379883
vn -0.30322566628456116 -0.23892757296562195 -0.9224792122840881
vn -0.3314675986766815 -0.28143683075904846 -0.9005123972892761
vn 0.8788391351699829 0.0809837132692337 -0.47019508481025696
vn -0.3321148455142975 -0.2324422299861908 -0.914150059223175
vn 0.9301292300224304 -0.001975020859390497 -0.367227166891098
vn 0.8771449327468872 -0.2133823186159134 -0.4302147626876831
vn -0.3227654695510864 -0.05525527894496918 -0.9448647499084473
vn -0.31174254417419434 -0.08943061530590057 -0.9459486603736877
vn 0.7369382977485657 -0.4102650284767151 -0.5372193455696106
vn -0.24971885979175568 -0.06728781014680862 -0.965977668762207
vn -0.2519204616546631 -0.03845251724123955 -0.9669837355613708
vn 0.638429582118988 -0.5362733602523804 -0.5521038174629211
vn -0.19691461324691772 -0.18796469271183014 -0.96223384141922
vn -0.16494862735271454 -0.05020307004451752 -0.9850236773490906
vn 0.48499271273612976 -0.7051541209220886 -0.517242431640625
vn -0.3203057050704956 -0.22685463726520538 -0.9197506904602051
vn -0.18875719606876373 -0.23070722818374634 -0.9545391201972961
vn 0.3698624074459076 -0.8095335960388184 -0.4559136629104614
vn 0.3518119752407074 -0.8864775896072388 -0.3006425201892853
vn 0.2635747194290161 -0.8159744143486023 -0.5145038366317749
vn -0.20671509206295013 -0.40587469935417175 -0.89024418592453
vn -0.19905579090118408 -0.6694890260696411 -0.7156544923782349
vn 0.18198569118976593 -0.8888784646987915 -0.42044779658317566
vn 0.10628971457481384 -0.864700198173523 -0.4909135103225708
vn 0.008993103168904781 -0.8687988519668579 -0.4950835704803467
vn 0.2254590392112732 0.7905184030532837 -0.5694286227226257
vn 0.1578066647052765 0.8325439691543579 -0.5310063362121582
vn -0.03631485998630524 0.744129478931427 -0.6670477390289307
vn -0.25326666235923767 0.6730145215988159 -0.6949154138565063
vn 0.19904637336730957 0.6783322095870972 -0.707280695438385
vn -0.37230685353279114 0.4722467064857483 -0.7989810109138489
vn 0.4145038425922394 0.6862640380859375 -0.5976858139038086
vn -0.5655111074447632 0.2295157015323639 -0.7921614646911621
vn 0.4417492151260376 0.7580145597457886 -0.4798661768436432
vn 0.4017765522003174 0.7625936269760132 -0.506977915763855
vn -0.7773129343986511 0.29636114835739136 -0.5549367070198059
vn 0.8271788358688354 0.5205501317977905 -0.21166664361953735
vn 0.8056641221046448 0.4899715483188629 -0.3329162895679474
vn -0.6743507385253906 -0.22279863059520721 -0.7039971351623535
vn 0.047287434339523315 0.7321069836616516 -0.6795464158058167
vn -0.010747577995061874 0.7062872052192688 -0.7078438997268677
vn -0.07383029907941818 0.7577376961708069 -0.648369312286377
vn -0.2738517224788666 0.5777699947357178 -0.768886923789978
vn -0.6655133366584778 -0.26323503255844116 -0.6984263062477112
vn -0.4586765766143799 0.28879597783088684 -0.8403646349906921
vn -0.5349195599555969 0.034877583384513855 -0.8441829085350037
vn -0.747769296169281 -0.1265326589345932 -0.6517903804779053
vn 0.5151418447494507 0.3073903024196625 -0.8000876307487488
vn -0.3927324414253235 -0.07358763366937637 -0.9167039394378662
vn -0.3491830825805664 0.43267369270324707 -0.8311826586723328
vn -0.32965242862701416 0.3582003712654114 -0.8735111951828003
vn 0.3200564682483673 0.29946956038475037 -0.898822546005249
vn 0.3458237648010254 0.0640757754445076 -0.9361091256141663
vn -0.3121485710144043 -0.16801464557647705 -0.9350584745407104
vn -0.06424128264188766 0.3796357810497284 -0.9229029417037964
vn -0.1209949180483818 0.1540408730506897 -0.980628252029419
vn 0.12265437096357346 0.1006491631269455 -0.9873326420783997
vn 0.27940842509269714 -0.11951982229948044 -0.9527045488357544
vn -0.510677695274353 -0.14081469178199768 -0.8481624126434326
vn 0.013277064077556133 -0.08178399503231049 -0.9965617060661316
vn 0.2051333636045456 -0.20662075281143188 -0.95667564868927
vn -0.1630822867155075 -0.07825376838445663 -0.9835042357444763
vn -0.39391741156578064 -0.32307785749435425 -0.8604939579963684
vn -0.053598757833242416 -0.23318813741207123 -0.9709534645080566
vn 0.12482526898384094 -0.3048149645328522 -0.9441962242126465
vn -0.21881119906902313 -0.32196733355522156 -0.9211181998252869
vn -0.198256716132164 -0.22338944673538208 -0.9543539881706238
vn 0.1345108598470688 -0.3697993755340576 -0.9193232655525208
vn -0.25823935866355896 -0.2714982032775879 -0.9271467924118042
vn -0.20052780210971832 -0.2295704483985901 -0.9524106383323669
vn 0.021423155441880226 -0.38427141308784485 -0.9229716062545776
vn -0.2510809004306793 -0.28042635321617126 -0.9264553189277649
vn -0.2743346393108368 -0.24159379303455353 -0.9307916164398193
vn 0.9254159927368164 0.11453159898519516 -0.36123085021972656
vn -0.2917080819606781 -0.1494641751050949 -0.9447575807571411
vn -0.06120781600475311 0.016224337741732597 -0.9979932308197021
vn -0.11600200086832047 0.20412106812000275 -0.9720484018325806
vn 0.06749315559864044 0.17775411903858185 -0.9817577004432678
vn -0.15764743089675903 0.1066761240363121 -0.9817166328430176
vn 0.0568673349916935 0.17288462817668915 -0.9832990765571594
vn -0.2041100412607193 0.06334146857261658 -0.9768965840339661
vn -0.19524595141410828 0.025631390511989594 -0.9804193377494812
vn -0.25473278760910034 0.1394074559211731 -0.9569100737571716
vn 0.8912282586097717 -0.40296807885169983 -0.2081563025712967
vn 0.0643032044172287 0.04648754000663757 -0.9968470335006714
vn -0.21423399448394775 -0.2113826721906662 -0.9536357522010803
vn -0.09357964992523193 0.16429197788238525 -0.9819628596305847
vn -0.05922955647110939 -0.02467459626495838 -0.99793940782547
vn -0.07032458484172821 0.023946739733219147 -0.9972367286682129
vn -0.22447332739830017 -0.2000763714313507 -0.9537196755409241
vn 0.7857573628425598 -0.5560094714164734 -0.27099597454071045
vn -0.09026509523391724 -0.09636881202459335 -0.991244375705719
vn -0.15856143832206726 -0.18958830833435059 -0.9689760804176331
vn 0.6167489290237427 -0.765392541885376 -0.18383419513702393
vn -0.14428357779979706 -0.2338709533214569 -0.9615023136138916
vn 0.42326581478118896 -0.8964795470237732 -0.13103652000427246
vn -0.1566590815782547 -0.4010612964630127 -0.9025562405586243
vn 0.29927605390548706 -0.9119435548782349 -0.28070059418678284
vn -0.12792132794857025 -0.5558292269706726 -0.8213951587677002
vn 0.12300527095794678 -0.9156937599182129 -0.3825894296169281
vn 0.23765034973621368 -0.9531430006027222 -0.18719172477722168
vn -0.13314393162727356 -0.8290504217147827 -0.5430912971496582
vn -0.04165218025445938 0.8912808895111084 -0.451534628868103
vn -0.4399397671222687 0.399167537689209 -0.8044366836547852
vn 0.39601030945777893 0.7612472772598267 -0.5134963989257812
vn 0.235507071018219 0.8305307626724243 -0.5047327280044556
vn -0.44923287630081177 0.19500328600406647 -0.8718736171722412
vn -0.49493008852005005 0.1768675595521927 -0.8507421016693115
vn -0.6753435134887695 0.1346602439880371 -0.725105345249176
vn -0.8507170677185059 0.2043977975845337 -0.4842541515827179
vn 0.7391387224197388 0.5535172820091248 -0.38378727436065674
vn -0.8363891243934631 0.25516027212142944 -0.48512521386146545
vn 0.8260408043861389 0.533103346824646 -0.18291376531124115
vn 0.8722215294837952 0.4324408173561096 -0.22852706909179688
vn -0.5899901390075684 -0.045886050909757614 -0.8061055541038513
vn 0.010895898565649986 0.8271661996841431 -0.5618517398834229
vn -0.036819592118263245 0.893951416015625 -0.44664880633354187
vn -0.08139046281576157 0.8780317902565002 -0.47163110971450806
vn -0.22223597764968872 0.7710013389587402 -0.5967981815338135
vn 0.39271801710128784 0.5337375998497009 -0.7489303946495056
vn -0.4741418659687042 0.46460506319999695 -0.7478848099708557
vn 0.3839524984359741 0.2796453535556793 -0.8799880743026733
vn 0.3628217279911041 0.2905292809009552 -0.8854113221168518
vn 0.5286592245101929 0.4136298894882202 -0.7412353754043579
vn -0.6666582226753235 0.21043556928634644 -0.7150411009788513
vn -0.5089877247810364 0.05993600934743881 -0.8586845397949219
vn 0.14333738386631012 0.2992919683456421 -0.9433338046073914
vn -0.8086185455322266 0.03386529162526131 -0.5873578190803528
vn -0.15348096191883087 0.2850125730037689 -0.9461561441421509
vn -0.7449473738670349 -0.11790022253990173 -0.6566223502159119
vn 0.922478437423706 0.31916239857673645 -0.2171841859817505
vn 0 -0 0
vn 0 -0 0
vn 0 -0 0
vn 0 -0 0
vn 0 -0 0
vn -0.6583268642425537 -0.2784130573272705 -0.6993511319160461
vn 0.9316197037696838 0.32099416851997375 -0.17043356597423553
vn -0.5679344534873962 -0.43121016025543213 -0.7010765075683594
vn -0.4423556327819824 -0.476554274559021 -0.7597483396530151
vn -0.13700878620147705 -0.19481830298900604 -0.9712231755256653
vn 0.05317945405840874 -0.28709471225738525 -0.9564248919487
vn -0.3074869215488434 -0.4796956479549408 -0.8217930793762207
vn 0.8617024421691895 0.39655056595802307 -0.3165699541568756
vn 0.07608133554458618 -0.2664184868335724 -0.9608500599861145
vn -0.16971956193447113 -0.4145001471042633 -0.8940833210945129
vn -0.12357831001281738 -0.1335032433271408 -0.9833135008811951
vn -0.1819213479757309 -0.06344516575336456 -0.9812641739845276
vn -0.019992634654045105 -0.3016279935836792 -0.9532160758972168
vn -0.17018991708755493 0.011817374266684055 -0.9853404760360718
vn -0.04897844046354294 0.005210667848587036 -0.9987862706184387
vn -0.07434888929128647 0.06979292631149292 -0.9947870373725891
vn -0.22281767427921295 0.10964334011077881 -0.9686747193336487
vn -0.06643126904964447 -0.024371936917304993 -0.9974933862686157
vn -0.07344730943441391 0.19286130368709564 -0.9784733057022095
vn -0.2853667736053467 0.06613168120384216 -0.9561340808868408
vn -0.23248177766799927 0.05890485271811485 -0.9708153605461121
vn 0.9426594376564026 -0.25003400444984436 0.22107963263988495
vn 0.04589736834168434 0.16460776329040527 -0.9852907061576843
vn 0.9108238816261292 -0.41150617599487305 -0.032597217708826065
vn -0.3045729100704193 -0.15152128040790558 -0.940359890460968
vn -0.16990132629871368 -0.2206716388463974 -0.960436224937439
vn -0.19725903868675232 -0.21300147473812103 -0.9569321870803833
vn -0.24441362917423248 -0.24435827136039734 -0.938376784324646
vn -0.19633258879184723 -0.2412855327129364 -0.9503867030143738
vn 0.47027692198753357 -0.8737982511520386 0.12375900894403458
vn -0.14748305082321167 -0.3695897161960602 -0.9174160957336426
vn 0.36658602952957153 -0.9296647906303406 -0.03657959774136543
vn -0.09146226197481155 -0.5115987062454224 -0.8543426990509033
vn -0.009627548977732658 -0.7311160564422607 -0.682185173034668
vn -0.12475305050611496 -0.5286675691604614 -0.8396114706993103
vn 0.17234471440315247 -0.9569660425186157 -0.23348085582256317
vn -0.11887925863265991 -0.8586301803588867 -0.4986201226711273
vn 0.09686198085546494 -0.9319210648536682 -0.3494865596294403
vn -0.0228642039000988 -0.9078960418701172 -0.4185713529586792
vn -0.07502081245183945 -0.668401300907135 -0.7400078773498535
vn -0.28402578830718994 0.8526166677474976 -0.43860483169555664
vn 0.1817309707403183 0.9231378436088562 -0.33880743384361267
vn -0.4660225212574005 0.6975402235984802 -0.5442982912063599
vn 0.2543879449367523 0.916923463344574 -0.3074705898761749
vn 0.2301335483789444 0.9332183599472046 -0.27593865990638733
vn 0.31959500908851624 0.8534272313117981 -0.41172945499420166
vn -0.7538614273071289 0.5659199953079224 -0.33380770683288574
vn 0.441330224275589 0.8281676769256592 -0.3454938232898712
vn 0.47283831238746643 0.7488724589347839 -0.4643425941467285
vn -0.8519043326377869 0.04961696267127991 -0.5213416814804077
vn 0.4302310049533844 0.8184136748313904 -0.38092049956321716
vn 0.4881459176540375 0.795687735080719 -0.358600914478302
vn 0.6088230013847351 0.7292869687080383 -0.3122099041938782
vn 0.4568111002445221 0.8400284647941589 -0.29270419478416443
vn -0.8199348449707031 0.24837473034858704 -0.5157681703567505
vn -0.6950533986091614 0.40552428364753723 -0.5936757922172546
vn -0.5032548308372498 0.24346096813678741 -0.8291328549385071
vn -0.41263851523399353 0.5146464109420776 -0.7515774369239807
vn -0.20630525052547455 0.27268457412719727 -0.9397240281105042
vn -0.27880942821502686 0.5938787460327148 -0.7547008991241455
vn -0.2951875329017639 0.5104214549064636 -0.8076722025871277
vn -0.28060537576675415 -0.02772139571607113 -0.9594228267669678
vn -0.229293093085289 0.5645570755004883 -0.7929060459136963
vn -0.28136327862739563 0.5812371373176575 -0.7635431885719299
vn -0.4590626060962677 -0.1798970103263855 -0.8699991703033447
vn -0.28308504819869995 -0.12603919208049774 -0.9507770538330078
vn -0.0029754871502518654 0.0013500512577593327 -0.999994695186615
vn 0.1552729308605194 0.2737814486026764 -0.9491754770278931
vn -0.22522318363189697 0.7032533288002014 -0.6743214130401611
vn -0.06712449342012405 0.72532057762146 -0.6851308941841125
vn -0.002396431751549244 0.7597150206565857 -0.6502517461776733
vn -0.16911625862121582 0.849961519241333 -0.4989640712738037
vn -0.09834150224924088 0.9690300822257996 -0.2265162616968155
vn -0.09807389229536057 0.959219217300415 -0.2651040554046631
vn -0.37385720014572144 0.8814050555229187 -0.28871431946754456
vn -0.04386811703443527 0.028787100687623024 -0.998622477054596
vn 0.8032952547073364 0.4823220670223236 -0.3494024872779846
vn 0.18493035435676575 0.12651239335536957 -0.9745744466781616
vn -0.7567331790924072 0.42999476194381714 -0.49240174889564514
vn 0.8929579257965088 0.4005606770515442 -0.2053712010383606
vn 0.894479513168335 0.4038015604019165 -0.1919655203819275
vn -0.2831508219242096 -0.05158238485455513 -0.957687258720398
vn -0.8543676733970642 0.17754001915454865 -0.4884008467197418
vn 0.9417157173156738 0.32828372716903687 -0.07349348068237305
vn -0.8946822285652161 -0.08043187856674194 -0.43940234184265137
vn 0.9574711918830872 0.28406965732574463 -0.050531476736068726
vn 0 -0 0
vn -0.8396326899528503 -0.18996486067771912 -0.5088520050048828
vn -0.910637617111206 -0.1040790006518364 -0.39988330006599426
vn -0.6888338923454285 -0.46264421939849854 -0.5580934286117554
vn -0.7887148857116699 -0.33626773953437805 -0.5146384239196777
vn 0.8953942656517029 0.2694913148880005 -0.3544623851776123
vn -0.5624249577522278 -0.5485707521438599 -0.6186665892601013
vn 0.011831989511847496 -0.14017251133918762 -0.9900563955307007
vn -0.05593205988407135 -0.3698920011520386 -0.9273896217346191
vn -0.022603360936045647 -0.177749365568161 -0.9838162064552307
vn -0.4339372515678406 -0.5696104764938354 -0.6980275511741638
vn -0.37635883688926697 -0.5239276885986328 -0.7641032338142395
vn 0.9894710183143616 -0.05446409061551094 -0.13409225642681122
vn -0.08531226962804794 -0.05179764702916145 -0.9950069785118103
vn -0.2425806075334549 -0.3936215043067932 -0.8866886496543884
vn -0.4319823384284973 -0.4756300449371338 -0.7662684917449951
vn -0.19158299267292023 -0.27517956495285034 -0.942110538482666
vn 0.9179773330688477 -0.27281853556632996 0.28790244460105896
vn 0.9608396291732788 -0.276449054479599 -0.01905842125415802
vn -0.18038979172706604 -0.15521468222141266 -0.971271276473999
vn -0.3126091957092285 -0.06742972880601883 -0.9474855065345764
vn 0.8477048277854919 -0.38775908946990967 0.361993670463562
vn -0.3458420932292938 -0.2794802486896515 -0.8957030773162842
vn -0.4682673513889313 -0.2708255350589752 -0.8410584330558777
vn 0.8345283269882202 -0.46265533566474915 0.2991864085197449
vn -0.22759659588336945 -0.22565966844558716 -0.947247326374054
vn -0.42778313159942627 -0.2364768087863922 -0.8723992109298706
vn 0.7345776557922363 -0.6618889570236206 0.14932750165462494
vn -0.5782735347747803 -0.31905826926231384 -0.7508671879768372
vn -0.5399439930915833 -0.30106690526008606 -0.7860147953033447
vn 0.613709568977356 -0.7735095620155334 0.15825144946575165
vn -0.4438490867614746 -0.3739185333251953 -0.8143604397773743
vn -0.2700987458229065 -0.40518641471862793 -0.8734247088432312
vn -0.2686859965324402 -0.4233294725418091 -0.8652167320251465
vn 0.37813955545425415 -0.9182599186897278 0.11751291900873184
vn -0.24808186292648315 -0.44128328561782837 -0.8623946309089661
vn 0.31012651324272156 -0.9471114873886108 0.08247089385986328
vn -0.1614328920841217 -0.5783334374427795 -0.7996686697006226
vn -0.25933054089546204 -0.3745233416557312 -0.8902134895324707
vn 0.2132623791694641 -0.9741264581680298 -0.07481195777654648
vn 0.10014712065458298 -0.8703804612159729 -0.4820876717567444
vn -0.12523791193962097 -0.7175143361091614 -0.6851924061775208
vn -0.24864278733730316 -0.5316309332847595 -0.8096575736999512
vn -0.15761680901050568 -0.8861176371574402 -0.43583548069000244
vn 0.07165921479463577 -0.8746577501296997 -0.47941502928733826
vn -0.11230166256427765 -0.8304715156555176 -0.5456238985061646
vn -0.0918809026479721 -0.8407529592514038 -0.5335657596588135
vn 0.10652873665094376 0.972085177898407 -0.20905032753944397
vn 0.27571946382522583 0.9432661533355713 -0.1850075125694275
vn 0.3230741024017334 0.9413852691650391 -0.09704107791185379
vn -0.48033407330513 0.7977371215820312 -0.3645472824573517
vn 0.20322751998901367 0.9684484601020813 -0.14424338936805725
vn -0.6640272736549377 0.6587503552436829 -0.35371702909469604
vn -0.8354319334030151 0.5159080624580383 -0.18945281207561493
vn -0.912122368812561 0.3985375165939331 -0.09592016786336899
vn -0.9323305487632751 0.23608222603797913 -0.273906946182251
vn -0.9509702920913696 0.04148543253540993 -0.30648744106292725
vn 0.49195152521133423 0.830692708492279 -0.26064029335975647
vn 0.8054492473602295 0.5482815504074097 -0.22503088414669037
vn -0.7799744009971619 0.30092325806617737 -0.5487122535705566
vn 0.812225341796875 0.5348512530326843 -0.2328609973192215
vn -0.5045900940895081 0.5381319522857666 -0.6751317381858826
vn 0.7507087588310242 0.5862021446228027 -0.30463656783103943
vn -0.19336609542369843 0.5749857425689697 -0.7949849367141724
vn 0.7887529730796814 0.5494018197059631 -0.2757290005683899
vn -0.5416841506958008 0.8405624032020569 -0.0057626995258033276
vn -0.1839243769645691 0.9708250761032104 0.15385237336158752
vn -0.10946087539196014 0.9933081865310669 0.03684000298380852
vn -0.28516000509262085 0.9047194123268127 0.31649109721183777
vn -0.4846749007701874 0.8651944398880005 0.1285645216703415
vn -0.962023138999939 0.1153053268790245 -0.24741917848587036
vn 0.9485037922859192 0.2884235680103302 0.13096752762794495
vn 0.9215710163116455 0.3873971998691559 -0.025106005370616913
vn 0.8653385043144226 0.4703526794910431 -0.17308273911476135
vn 0.9772894978523254 -0.10536348074674606 -0.18385818600654602
vn -0.5306517481803894 -0.5737029910087585 -0.6239179372787476
vn 0.8719218969345093 -0.44977718591690063 0.19352716207504272
vn -0.41121405363082886 -0.3909522294998169 -0.8234436511993408
vn 0.8727221488952637 -0.47426941990852356 0.11586494743824005
vn 0.8243387341499329 -0.3445095419883728 0.4491979479789734
vn 0.8259368538856506 -0.36179468035697937 0.43235746026039124
vn -0.4412136971950531 -0.44591790437698364 -0.7787731885910034
vn 0.8915817737579346 -0.36904844641685486 0.2624599039554596
vn -0.4803088307380676 -0.3768235445022583 -0.792027473449707
vn 0.7297410368919373 -0.47088319063186646 0.49572882056236267
vn 0.8113319277763367 -0.542540431022644 0.21769358217716217
vn -0.608599841594696 -0.4168199896812439 -0.6751795411109924
vn 0.7030959725379944 -0.6072877645492554 0.3699427843093872
vn 0.5769167542457581 -0.7587528228759766 0.3024256229400635
vn -0.3723404109477997 -0.5079960823059082 -0.7767255902290344
vn -0.6188023090362549 -0.49089789390563965 -0.6132724285125732
vn 0.3787362575531006 -0.9091741442680359 0.17309312522411346
vn 0.260165810585022 -0.9627622365951538 0.0735035166144371
vn 0.26068150997161865 -0.964009702205658 -0.05225422978401184
vn 0.34285780787467957 -0.933903157711029 0.1013580858707428
vn 0.21201863884925842 -0.9617404341697693 -0.17350351810455322
vn 0.06838036328554153 -0.9344413876533508 -0.3494902551174164
vn -0.1845075637102127 -0.7478960752487183 -0.6376586556434631
vn -0.1860712766647339 -0.8947241306304932 -0.40601271390914917
vn 0.16909761726856232 -0.9347388744354248 -0.3125208020210266
vn -0.0032504138071089983 -0.9182844758033752 -0.3959079384803772
vn -0.10473382472991943 -0.8209524154663086 -0.5613092184066772
vn -0.06936822086572647 0.9686865210533142 -0.23839975893497467
vn -0.24668553471565247 0.944186806678772 -0.2183062881231308
vn 0.10427191108465195 0.987002432346344 -0.12228504568338394
vn 0.2905062735080719 0.9304953813552856 -0.22312438488006592
vn -0.7809668779373169 0.4368788003921509 -0.44634929299354553
vn -0.8463574647903442 0.18412838876247406 -0.499775767326355
vn 0.8240863680839539 0.5210294723510742 -0.222283735871315
vn -0.26855018734931946 0.635526716709137 -0.723869264125824
vn -0.13086551427841187 0.4671231508255005 -0.8744542598724365
vn -0.09541402757167816 0.42988869547843933 -0.8978261947631836
vn -0.10714162886142731 0.6487663984298706 -0.7534075379371643
vn -0.1898721307516098 0.4711843430995941 -0.8613558411598206
vn -0.42202186584472656 0.7726511359214783 -0.47424429655075073
vn -0.3578929007053375 0.5770538449287415 -0.7341127991676331
vn -0.7773461937904358 0.6049063205718994 -0.17268863320350647
vn 0.8500252366065979 0.4723595678806305 -0.2330959588289261
vn -0.3807710111141205 0.7927037477493286 0.4760611057281494
vn -0.09960953146219254 0.7775501012802124 0.6208814382553101
vn -0.1332622468471527 0.8850961923599243 0.4459214508533478
vn -0.25243309140205383 0.6722760796546936 0.6959327459335327
vn -0.4388703405857086 0.6164602637290955 0.6537351012229919
vn -0.9783446192741394 0.1817908138036728 -0.09896437078714371
vn 0.9505360722541809 0.29107385873794556 -0.1084306463599205
vn 0.9716877937316895 0.23582260310649872 0.014512104913592339
vn -0.8348294496536255 0.44328078627586365 0.3264382779598236
vn -0.9339267611503601 0.02815685234963894 -0.35635384917259216
vn -0.8630150556564331 0.3670767843723297 -0.3470730781555176
vn 0.8237733840942383 0.46843934059143066 -0.31931498646736145
vn 0.8645007014274597 0.370197594165802 -0.339988648891449
vn 0.7578557133674622 0.5098632574081421 -0.4070555567741394
vn 0.9568163752555847 0.15127716958522797 -0.24822895228862762
vn 0.9010976552963257 -0.41879919171333313 -0.1123846247792244
vn 0.9247578382492065 -0.38033148646354675 0.013077686540782452
vn 0.937513530254364 -0.3420897126197815 -0.0635843425989151
vn -0.5058867335319519 -0.5340130925178528 -0.6774280071258545
vn 0.8814478516578674 -0.4704493582248688 -0.04155891388654709
vn 0.6801676750183105 -0.6869012713432312 0.25600525736808777
vn 0.41252103447914124 -0.8626669645309448 0.2926297187805176
vn 0.3731430470943451 -0.8837657570838928 0.28235161304473877
vn 0.30414679646492004 -0.9294934868812561 0.20865435898303986
vn 0.3075987994670868 -0.9514315128326416 0.012692772783339024
vn 0.27109551429748535 -0.9593433737754822 -0.07853361964225769
vn -0.18566593527793884 -0.8331775069236755 -0.520906388759613
vn 0.054486971348524094 -0.956052839756012 -0.28808698058128357
vn -0.13764390349388123 -0.9292467832565308 -0.34286245703697205
vn -0.03657932206988335 -0.9076542854309082 -0.4181216061115265
vn 0.07795396447181702 0.9950520396232605 -0.06160162016749382
vn 0.2803921401500702 0.958428144454956 -0.05287514626979828
vn -0.05515100434422493 0.9946578741073608 -0.08725906163454056
vn 0.2535371482372284 0.9666962623596191 -0.034889500588178635
vn 0.20011477172374725 0.9790120124816895 -0.03859487175941467
vn -0.5864295959472656 0.7019789218902588 -0.4041360914707184
vn 0.11693494021892548 0.9716361165046692 -0.20554693043231964
vn 0.5240975022315979 0.7973476648330688 -0.2992632985115051
vn -0.7704511284828186 0.26882699131965637 -0.5780459046363831
vn -0.6701111793518066 0.4121282696723938 -0.6173341274261475
vn -0.7868248224258423 0.19306008517742157 -0.5862034559249878
vn 0.5387294292449951 0.823000967502594 -0.18011119961738586
vn 0.5687544941902161 0.782948911190033 -0.2520107924938202
vn -0.8186886310577393 0.2643316984176636 -0.509782075881958
vn -0.6491212248802185 0.47611770033836365 -0.5932567119598389
vn -0.886120080947876 0.3973042070865631 -0.2386225312948227
vn 0.7783247828483582 0.5526323318481445 -0.29800698161125183
vn -0.523041844367981 0.8058193922042847 -0.2776371240615845
vn -0.26742082834243774 0.634089469909668 -0.7255457639694214
vn -0.00471315486356616 0.6486300826072693 -0.7610892653465271
vn -0.04950510337948799 0.9296236038208008 -0.3651702105998993
vn -0.013589094392955303 0.7272829413414001 -0.6862033009529114
vn -0.14651213586330414 0.4452599585056305 -0.8833333253860474
vn -0.4846380650997162 0.6772497892379761 -0.5535871386528015
vn 0.7715467214584351 0.5493474006652832 -0.320831835269928
vn -0.6638525128364563 0.6193602681159973 -0.4191572964191437
vn -0.6022031903266907 0.6221032738685608 -0.5003386735916138
vn -0.9085028171539307 0.34455081820487976 0.23644733428955078
vn -0.5936999320983887 0.49387943744659424 0.6352980136871338
vn -0.29353100061416626 0.5108124613761902 0.8080285787582397
vn -0.11169497668743134 0.677335262298584 0.7271459102630615
vn 0.8493947982788086 0.4718605577945709 -0.23638126254081726
vn -0.0650089904665947 0.3167218863964081 0.9462880492210388
vn 0.02437683194875717 0.41826537251472473 0.907997727394104
vn -0.1722641885280609 0.5176990032196045 0.8380410671234131
vn -0.315419465303421 0.2012270838022232 0.9273716807365417
vn -0.15244878828525543 0.48135098814964294 0.8631689548492432
vn -0.009757108986377716 0.5246450901031494 0.8512651324272156
vn -0.38712021708488464 0.2331778109073639 0.8920572400093079
vn -0.15683476626873016 0.3048652112483978 0.9393934607505798
vn 0.09540329873561859 0.3893541693687439 0.9161341190338135
vn -0.4466626048088074 0.2712419927120209 0.8525962233543396
vn -0.3222538232803345 0.6368153095245361 0.700441837310791
vn -0.26647087931632996 0.5996078848838806 0.7546281814575195
vn -0.26488226652145386 0.6027840375900269 0.7526545524597168
vn 0.071998730301857 0.8031148314476013 0.5914582014083862
vn 0.053917478770017624 0.9737659692764282 0.22107192873954773
vn 0.060584861785173416 0.9879811406135559 -0.14220689237117767
vn -0.9197639226913452 0.3859705328941345 -0.07114174962043762
vn 0.9808060526847839 0.1897425353527069 -0.044913630932569504
vn 0.9147467613220215 0.38639959692955017 -0.11804120987653732
vn -0.9289193749427795 0.046185944229364395 -0.3673904538154602
vn 0.6841627955436707 0.4925093948841095 -0.5379180908203125
vn -0.8955980539321899 -0.18735353648662567 -0.40348830819129944
vn -0.8445164561271667 -0.39107993245124817 -0.3658531904220581
vn 0.7304299473762512 0.5324310660362244 -0.4277724325656891
vn -0.7656193375587463 -0.521263837814331 -0.37697622179985046
vn 0.9428188800811768 0.23772190511226654 -0.23362542688846588
vn -0.7164109349250793 -0.5843024849891663 -0.3812427222728729
vn -0.7244255542755127 -0.6481236219406128 -0.2348264753818512
vn -0.6521010398864746 -0.5854767560958862 -0.48164430260658264
vn 0.9731847047805786 -0.15353704988956451 -0.17128336429595947
vn -0.7961169481277466 -0.5385098457336426 -0.27605265378952026
vn -0.7103950381278992 -0.47162243723869324 -0.5224089622497559
vn -0.5554597973823547 -0.4521579444408417 -0.6978664994239807
vn 0.8104575872421265 -0.45592617988586426 -0.36781781911849976
vn 0.8613107204437256 -0.4251900017261505 -0.27813205122947693
vn -0.7151161432266235 -0.4422089755535126 -0.5413503050804138
vn -0.5961203575134277 -0.43748271465301514 -0.6732380390167236
vn -0.5502777099609375 -0.548089861869812 -0.6299143433570862
vn -0.5130080580711365 -0.5531681180000305 -0.6563746929168701
vn 0.740403950214386 -0.6713924407958984 -0.03215853124856949
vn 0.6620513200759888 -0.7422859072685242 0.10343965142965317
vn -0.5079841017723083 -0.555105447769165 -0.6586426496505737
vn -0.6063035130500793 -0.5304197669029236 -0.5924955606460571
vn -0.5413934588432312 -0.6319553256034851 -0.5545498728752136
vn 0.3371533155441284 -0.9183957576751709 0.20706722140312195
vn -0.35184210538864136 -0.7324153780937195 -0.5829020738601685
vn -0.1344922035932541 -0.9499065279960632 -0.28211596608161926
vn 0.15170909464359283 -0.9531497359275818 -0.26170605421066284
vn 0.2992234528064728 -0.9522444009780884 0.06079378351569176
vn 0.1890627145767212 -0.9802786111831665 -0.057525523006916046
vn -0.08076611906290054 -0.9874093532562256 -0.13601331412792206
vn 0.24950344860553741 -0.9413781762123108 -0.2270578145980835
vn 0.07789654284715652 -0.9453052282333374 -0.3167494535446167
vn -0.06694087386131287 -0.9137494564056396 -0.400725394487381
vn -0.40915098786354065 0.8744171857833862 -0.2607491612434387
vn 0.45993268489837646 0.8448692560195923 -0.27323615550994873
vn -0.6022536158561707 0.31868577003479004 -0.7319358587265015
vn -0.6683638691902161 0.15628071129322052 -0.7272318005561829
vn 0.6524229049682617 0.7308407425880432 -0.2005399465560913
vn -0.9312371611595154 0.061633169651031494 -0.3591639995574951
vn -0.9994674921035767 -0.013717829249799252 0.029607897624373436
vn -0.7120300531387329 0.5904399156570435 0.3799920082092285
vn 0.23090821504592896 0.8711731433868408 -0.4332882761955261
vn 0.03513804078102112 0.9662544131278992 -0.25518178939819336
vn -0.2521938681602478 0.8313483595848083 -0.49523553252220154
vn 0.7048099040985107 0.6265552639961243 -0.3326733112335205
vn -0.023197583854198456 0.96766597032547 0.2511661946773529
vn 0.27555301785469055 0.6899396181106567 -0.669368326663971
vn 0.4043734073638916 0.6833322048187256 -0.6078975200653076
vn 0.5393326878547668 -0.7841459512710571 -0.3069779872894287
vn -0.3747938275337219 0.7032123804092407 -0.6041705012321472
vn -0.6613883376121521 0.6760539412498474 -0.3248331844806671
vn -0.7497989535331726 0.5109821557998657 -0.42035558819770813
vn -0.9587342143058777 0.2449628710746765 -0.144298255443573
vn -0.9944175481796265 -0.09540937095880508 0.04506531357765198
vn 0.9256611466407776 0.2915605902671814 -0.2411305457353592
vn -0.7134522795677185 0.08243989944458008 0.6958373785018921
vn -0.9795106649398804 -0.15550628304481506 0.127971351146698
vn 0.1821792721748352 0.5180805325508118 0.8357053399085999
vn 0.9407828450202942 0.20963455736637115 -0.26642268896102905
vn -0.9343551993370056 0.309079110622406 0.17734295129776
vn 0.0552365705370903 0.6868266463279724 0.7247192859649658
vn -0.23691684007644653 0.3975486159324646 0.8864679932594299
vn -0.21664603054523468 0.7501419186592102 0.6247813105583191
vn -0.2965833246707916 0.9192231893539429 0.2589731514453888
vn -0.3879466950893402 0.8819766044616699 0.26760926842689514
vn -0.16436785459518433 0.9302162528038025 0.3281477689743042
vn -0.5790521502494812 0.7043745517730713 0.41055458784103394
vn 0.0007853232091292739 0.8408375382423401 0.5412870049476624
vn 0.254501610994339 0.773693859577179 0.5801954865455627
vn 0.0002973920200020075 0.8134351968765259 0.5816555619239807
vn -0.35102447867393494 0.9117926955223083 0.21311017870903015
vn 0.6213775873184204 0.7696775794029236 0.14658230543136597
vn -0.9374977946281433 0.33381399512290955 -0.09831628948450089
vn 0.11664216220378876 0.9875484704971313 -0.10555852204561234
vn -0.929672360420227 -0.0772189199924469 -0.3602033853530884
vn -0.7824998497962952 -0.6027718782424927 -0.15607735514640808
vn -0.7933273315429688 -0.5811408758163452 -0.18140289187431335
vn -0.7650325298309326 -0.6367962956428528 -0.09599844366312027
vn 0.9855380654335022 -0.0685141310095787 -0.1549859344959259
vn 0.9372245669364929 -0.23428897559642792 -0.25829991698265076
vn 0.8517612218856812 -0.35965773463249207 -0.3809846043586731
vn -0.8640526533126831 -0.4022057354450226 -0.3027268946170807
vn 0.8783813714981079 -0.3651469647884369 -0.308405339717865
vn 0.8574392199516296 -0.46463584899902344 -0.221159428358078
vn -0.5566281080245972 -0.5602045059204102 -0.6134624481201172
vn 0.5455089807510376 -0.8121334910392761 0.20702481269836426
vn 0.4991399049758911 -0.8065251111984253 0.3168228566646576
vn 0.4615790843963623 -0.8165549635887146 0.3466739058494568
vn 0.38422009348869324 -0.8414574861526489 0.379900187253952
vn -0.6333420872688293 -0.5836987495422363 -0.5081079006195068
vn 0.3709833025932312 -0.8758971691131592 0.3085055351257324
vn 0.3647576868534088 -0.9088832139968872 0.20219609141349792
vn 0.04205147549510002 -0.9991154074668884 0.00019204619457013905
vn 0.21934759616851807 -0.9596638679504395 -0.17587490379810333
vn -0.4660172760486603 0.8182265758514404 -0.336650013923645
vn 0.2758798897266388 0.9406262040138245 -0.1977691501379013
vn -0.008999524638056755 0.9850520491600037 -0.17202189564704895
vn -0.5424047708511353 0.6632440090179443 -0.5156592726707458
vn -0.5205991864204407 0.20458023250102997 -0.8289291262626648
vn -0.8116664290428162 -0.12944179773330688 -0.5695984959602356
vn -0.9219751358032227 0.10972395539283752 0.37137913703918457
vn 0.4231101870536804 0.906078040599823 0.0006749912281520665
vn -0.5021095275878906 0.8507039546966553 -0.15552714467048645
vn -0.2914022207260132 0.22373247146606445 -0.9300691485404968
vn -0.2914022207260132 0.22373247146606445 -0.9300691485404968
vn -0.2914022207260132 0.22373247146606445 -0.9300691485404968
vn -0.15723350644111633 0.7942168712615967 0.5869388580322266
vn -0.6237553358078003 0.7759554982185364 -0.0939277857542038
vn -0.6432665586471558 0.7242529988288879 -0.24832592904567719
vn 0.9897291660308838 0.006277953740209341 0.14281748235225677
vn 0.5654651522636414 0.7950229644775391 0.2195170521736145
vn 0.19093072414398193 0.7823052406311035 -0.592911422252655
vn -0.5610589981079102 0.7442479729652405 -0.3623642325401306
vn -0.8103447556495667 0.13295595347881317 -0.5706698894500732
vn 0.8247855305671692 0.5197173357009888 -0.22276179492473602
vn 0.7762686014175415 0.18195413053035736 0.6035725474357605
vn -0.5876599550247192 0.7845855355262756 0.19769041240215302
vn -0.9950424432754517 0.08799879252910614 0.04633348435163498
vn -0.9918989539146423 -0.024572577327489853 -0.12463036179542542
vn -0.6681246757507324 0.21588194370269775 0.7120424509048462
vn -0.8669477701187134 0.23919180035591125 -0.437251478433609
vn -0.845027506351471 0.266594797372818 0.4635254144668579
vn -0.9243332147598267 -0.015692465007305145 -0.3812635838985443
vn -0.981991708278656 -0.08532211184501648 -0.1685597449541092
vn -0.8794974684715271 -0.07001016288995743 -0.4707258641719818
vn -0.8442881107330322 -0.1757722795009613 -0.5062427520751953
vn -0.7601639032363892 0.14321710169315338 -0.6337504982948303
vn 0.27535873651504517 0.17494463920593262 -0.9452893733978271
vn 0.6762951612472534 0.1078718975186348 -0.7286896705627441
vn -0.7817443013191223 0.6216183304786682 -0.04966499283909798
vn 0.49857041239738464 0.5512380599975586 -0.66900235414505
vn -0.7728294134140015 0.02926759608089924 -0.6339386701583862
vn 0.721838653087616 -0.4619632661342621 -0.5153047442436218
vn 0.9489035606384277 0.15604248642921448 -0.2742859721183777
vn 0.16389159858226776 -0.9301401376724243 -0.32860153913497925
vn 0.9034325480461121 -0.01806548796594143 -0.4283495843410492
vn 0.34123945236206055 0.9072061777114868 0.2460339367389679
vn 0.9019623398780823 0.17288914322853088 -0.39569345116615295
vn -0.4614219665527344 0.6815718412399292 -0.5679345726966858
vn -0.674618661403656 0.6980689167976379 -0.23997816443443298
vn -0.6121253371238708 0.7782537937164307 0.14008495211601257
vn -0.7905967831611633 0.605783224105835 -0.08935035020112991
vn 0.2425878345966339 0.9113679528236389 0.3325049877166748
vn 0.14920003712177277 0.9363052845001221 0.31791794300079346
vn 0.7335935831069946 0.43109461665153503 -0.5253549814224243
vn 0.8604227304458618 0.3037044405937195 -0.409189909696579
vn 0.7549333572387695 0.33289486169815063 -0.5650280117988586
vn -0.9028810262680054 -0.32654961943626404 -0.27959129214286804
vn -0.7257377505302429 -0.6876732110977173 0.020253369584679604
vn -0.8186464905738831 -0.574270486831665 0.0056029730476439
vn -0.9292329549789429 -0.3374490439891815 -0.15051354467868805
vn 0.8471913933753967 -0.3760868012905121 -0.3752671778202057
vn -0.8605902791023254 -0.3755849599838257 -0.3439772427082062
vn 0.7777701616287231 -0.4999374449253082 -0.38096731901168823
vn 0.8302398324012756 -0.5217084288597107 -0.19627098739147186
vn 0.7304560542106628 -0.6809035539627075 0.052956562489271164
vn 0.5755184888839722 -0.8122172951698303 0.09529734402894974
vn -0.5180273652076721 -0.5814328193664551 -0.6273624300956726
vn 0.3885152041912079 -0.8334383964538574 0.3929841220378876
vn -0.5501235723495483 -0.6015225052833557 -0.5792537331581116
vn 0.3112834095954895 -0.9349197745323181 0.1703750491142273
vn 0.2520255446434021 -0.9598073363304138 0.1235031932592392
vn 0.004196872469037771 -0.9888783693313599 -0.14866727590560913
vn -0.24199208617210388 -0.8855875134468079 -0.3964526355266571
vn 0.1438712328672409 -0.9768791794776917 0.15813985466957092
vn 0.0030341451056301594 -0.9519126415252686 -0.3063545823097229
vn 0.14131763577461243 -0.983440101146698 -0.11346781998872757
vn 0.031901247799396515 -0.9694635272026062 -0.2431519329547882
vn 0.16787298023700714 0.9817504286766052 -0.0893581211566925
vn 0.00405048718675971 0.9966866970062256 -0.08123597502708435
vn -0.16471761465072632 0.9740259647369385 -0.1553756147623062
vn -0.28526487946510315 0.9422997832298279 -0.17520028352737427
vn 0.3156813383102417 0.9478589296340942 -0.04369031637907028
vn -0.01626463606953621 0.967038631439209 -0.2541099488735199
vn 0.4057232737541199 0.8962780237197876 -0.179093137383461
vn -0.0020149555057287216 0.9828464984893799 -0.18441490828990936
vn -0.5139014720916748 0.4945879876613617 -0.7009194493293762
vn -0.5090906620025635 0.3300434350967407 -0.7949202060699463
vn 0.5686326622962952 0.7797089219093323 -0.26212796568870544
vn 0.49534571170806885 0.8257668614387512 -0.26970693469047546
vn -0.5608229637145996 0.10115953534841537 -0.8217325806617737
vn -0.6185603737831116 -0.01627870462834835 -0.7855686545372009
vn -0.6324928998947144 -0.14767469465732574 -0.760358452796936
vn -0.6730785965919495 -0.2908821105957031 -0.6799653172492981
vn 0.5844630599021912 0.7810472846031189 -0.21992753446102142
vn -0.6725596785545349 -0.5473921895027161 -0.4980213940143585
vn -0.6509935855865479 -0.5245176553726196 -0.5487154126167297
vn -0.8788623213768005 -0.3571650981903076 -0.3162817060947418
vn -0.8985554575920105 -0.41986721754074097 -0.1277090609073639
vn -0.969514012336731 -0.20411890745162964 0.135565847158432
vn 0.9860182404518127 -0.12385595589876175 0.11148051172494888
vn 0.960907518863678 -0.12236343324184418 0.24836254119873047
vn 0.26914650201797485 -0.4683339595794678 -0.8415601253509521
vn -0.30742761492729187 0.6520707607269287 -0.6930310130119324
vn 0.33028167486190796 0.9354510307312012 0.12587851285934448
vn 0.5582314133644104 0.8055248260498047 0.19876515865325928
vn -0.21661697328090668 0.9296653866767883 0.2979923188686371
vn 0.6026309132575989 -0.1439446061849594 -0.7849305272102356
vn 0.727810263633728 0.5837289094924927 -0.35993441939353943
vn -0.8512442708015442 0.319130539894104 0.41658008098602295
vn 0.5598599314689636 0.7755218148231506 0.29175809025764465
vn 0.32653456926345825 -0.4874286949634552 -0.8098076581954956
vn 0.7876694202423096 -0.22514794766902924 0.573485255241394
vn 0.5776478052139282 0.7672407627105713 -0.27868402004241943
vn 0.13481177389621735 0.6810247302055359 -0.7197437882423401
vn -0.22383710741996765 0.7836544513702393 -0.5794675350189209
vn -0.5913392305374146 0.6063029766082764 -0.5317092537879944
vn -0.34890246391296387 0.7767942547798157 0.5242688655853271
vn 0.18687951564788818 0.8807904124259949 0.43506819009780884
vn -0.47224730253219604 0.8804274201393127 -0.04278034344315529
vn -0.5942116379737854 0.5961853861808777 -0.5398848056793213
vn -0.37167662382125854 0.7857682704925537 -0.4943932294845581
vn 0.42495834827423096 -0.8800286054611206 0.21203787624835968
vn 0.727116584777832 -0.5927191972732544 0.34638911485671997
vn 0.872459888458252 0.4537337124347687 -0.1814923882484436
vn 0.8045825958251953 -0.5933831334114075 -0.02331073209643364
vn -0.781709611415863 0.25793078541755676 0.5678043961524963
vn -0.7180818915367126 0.370613694190979 -0.5890703797340393
vn -0.5560070276260376 0.6040672063827515 0.570928156375885
vn -0.8565717339515686 0.22848178446292877 -0.4626888334751129
vn 0.7880240082740784 0.3327779173851013 -0.5179547071456909
vn 0.8274577260017395 0.548334538936615 -0.12100803107023239
vn -0.8512384295463562 -0.2758675813674927 -0.44641947746276855
vn 0.6713167428970337 0.4051160216331482 0.6206567883491516
vn -0.6866211295127869 0.013877371326088905 -0.726883053779602
vn -0.6712189316749573 0.13383233547210693 -0.7290775775909424
vn -0.7403641939163208 -0.4072747826576233 -0.5347785353660583
vn -0.6544231176376343 -0.26031768321990967 0.7099049687385559
vn 0.2946561872959137 -0.5635827779769897 0.7717203497886658
vn 0.5946012139320374 0.7440786957740784 0.304625004529953
vn 0.9195235967636108 -0.20708073675632477 -0.3340567648410797
vn -0.5816174149513245 0.2627814710140228 -0.7698488235473633
vn -0 0 -1
vn 0 -0 0
vn 0 -0 0
vn 0 -0 0
vn -0.224822998046875 0.24532222747802734 -0.943011999130249
vn -0.7007352113723755 0.05514899641275406 -0.711286723613739
vn 0.9446026086807251 -0.30243727564811707 0.12750539183616638
vn -0.7301682233810425 0.24131794273853302 -0.6392340064048767
vn 0 -0 0
vn -0.737623929977417 0.1261982023715973 -0.6633136868476868
vn 0.7244879007339478 0.3965110182762146 -0.563822865486145
vn -0.7389028072357178 0.4478674829006195 -0.5034255385398865
vn 0.20003391802310944 0.9721816182136536 -0.12185826897621155
vn -0.2409464716911316 0.9363840222358704 -0.25520533323287964
vn -0.05981215089559555 0.8757451176643372 -0.4790542721748352
vn 0.41182786226272583 0.8736971616744995 -0.25894224643707275
vn -0.15604116022586823 0.9030213952064514 -0.400254487991333
vn -0.7776120901107788 0.35385215282440186 -0.5197192430496216
vn 0.30646222829818726 0.3835282325744629 -0.8711985945701599
vn -0.35318276286125183 0.8590299487113953 -0.37058010697364807
vn 0.6537841558456421 0.7479133009910583 -0.1148565411567688
vn -0.07716817408800125 0.9942055940628052 -0.07483575493097305
vn 0.2027265876531601 0.9655984044075012 -0.16285507380962372
vn 0.5597661733627319 0.4475601315498352 -0.6973893046379089
vn 0.6262381076812744 0.39080604910850525 -0.6746084094047546
vn -0.9400361776351929 -0.20218245685100555 -0.27468934655189514
vn -0.6670138239860535 -0.7400267124176025 -0.08633095026016235
vn -0.7411873936653137 -0.6692350506782532 0.05259105563163757
vn 0.97468101978302 -0.22353871166706085 -0.005235265474766493
vn 0.8970208764076233 -0.4365103840827942 0.0693708211183548
vn 0.7998390793800354 -0.5966280102729797 -0.06551774591207504
vn -0.7843620777130127 -0.44372987747192383 -0.43345120549201965
vn -0.6676096320152283 -0.5203641653060913 -0.5324645638465881
vn 0.48751798272132874 -0.8354056477546692 0.25381821393966675
vn -0.5927533507347107 -0.5552098751068115 -0.5834257006645203
vn -0.5115500092506409 -0.6865448951721191 -0.5166939496994019
vn -0.5810970067977905 -0.7036714553833008 -0.4088676869869232
vn 0.3914496600627899 -0.8688290119171143 0.3031558394432068
vn -0.5183671116828918 -0.7777683734893799 -0.3554881811141968
vn 0.2501526474952698 -0.9116260409355164 0.32613134384155273
vn 0.007497662212699652 -0.9950961470603943 0.09862793236970901
vn 0.024079134687781334 -0.9993581771850586 0.026524707674980164
vn 0.18439015746116638 -0.978107213973999 -0.09647061675786972
vn -0.2576255202293396 -0.9260099530220032 -0.2759250998497009
vn -0.0846245288848877 -0.970163106918335 -0.22720539569854736
vn 0.16752997040748596 0.9567245841026306 -0.23793244361877441
vn -0.330857515335083 0.8875331282615662 -0.32065290212631226
vn -0.43725454807281494 0.6488149762153625 -0.6227741241455078
vn -0.5124770998954773 0.439738005399704 -0.7375620007514954
vn -0.6161426901817322 0.14994458854198456 -0.7732301354408264
vn -0.6987547874450684 -0.30707886815071106 -0.6460993885993958
vn 0.6112155318260193 0.7526082396507263 -0.24494174122810364
vn 0.2767605781555176 0.8460034132003784 0.45572131872177124
vn -0.12102914601564407 0.9845007658004761 -0.1269260048866272
vn 0.2783941924571991 0.9570559859275818 0.08087369054555893
vn -0.3293931782245636 0.6273958683013916 -0.7056023478507996
vn -0.553148627281189 0.812796413898468 0.18272557854652405
vn 0.7401885390281677 0.6672239899635315 0.0832655057311058
vn -0.5991955995559692 0.7670035362243652 0.22950008511543274
vn 0.563254714012146 0.22363156080245972 -0.7954452037811279
vn 0.4889082908630371 0.7887678742408752 -0.37257739901542664
vn 0.23072189092636108 0.13403157889842987 -0.9637442827224731
vn -0.3364175260066986 0.724334716796875 -0.6017993688583374
vn -0.5764358043670654 0.6675747036933899 -0.4712385833263397
vn -0.26718661189079285 0.8860618472099304 -0.37882161140441895
vn 0.841838538646698 0.5057234168052673 -0.18855178356170654
vn -0.9237852692604065 -0.04589998722076416 0.3801499903202057
vn 0.983640193939209 -0.12143035233020782 -0.13306643068790436
vn -0.7952958345413208 0.4119332730770111 -0.4447645843029022
vn -0.1931522935628891 0.9264044165611267 -0.3232138156890869
vn -0.39410167932510376 0.6816399693489075 -0.616482675075531
vn 0.857455849647522 0.49806636571884155 -0.12922607362270355
vn 0.9228000044822693 -0.0005955054075457156 -0.3852788209915161
vn -0.9395810961723328 0.17555645108222961 -0.29388320446014404
vn -0.9446820616722107 -0.0453481562435627 -0.3248373866081238
vn -0.8218805193901062 0.4203474521636963 -0.3844742476940155
vn -0.5510602593421936 0.25203555822372437 -0.795494019985199
vn 0.9153473377227783 0.38638168573379517 0.11335082352161407
vn 0.8063748478889465 -0.2405124008655548 0.5402901768684387
vn -0.8815059065818787 -0.09203819930553436 -0.4631158709526062
vn 0.023288225755095482 0.040574993938207626 -0.9989051222801208
vn 0.9491928219795227 0.31253042817115784 -0.03684743866324425
vn 0.3898816406726837 0.15953536331653595 0.9069404006004333
vn -0.7504841089248657 -0.049711812287569046 -0.6590161919593811
vn 0.7331602573394775 0.6780269742012024 0.052492979913949966
vn 0.8498705625534058 0.4104119539260864 0.3305785357952118
vn 0 -0 1
vn -0.8862858414649963 -0.012034294195473194 -0.46298226714134216
vn 0.9426699876785278 0.1161658987402916 -0.3128560185432434
vn -0.7491351962089539 0.1713314652442932 -0.6398765444755554
vn 0.38741442561149597 0.6403469443321228 -0.6632238030433655
vn 0.14141635596752167 0.696162760257721 -0.7038173675537109
vn -0.942500650882721 -0.1140637919306755 -0.31413698196411133
vn 0.6071733832359314 0.4966123700141907 -0.6202552914619446
vn 0.8420365452766418 0.37208086252212524 -0.3905513286590576
vn 0.9228269457817078 0.14442364871501923 -0.3571166694164276
vn 0.978685200214386 0.08519935607910156 -0.1868593543767929
vn -0.8742474317550659 -0.4522606134414673 -0.17649877071380615
vn -0.9399813413619995 -0.2771695852279663 -0.19902780652046204
vn 0.9976541996002197 0.06787706166505814 -0.008883939124643803
vn -0.7194713354110718 -0.6877390146255493 -0.09683001786470413
vn -0.6197977066040039 -0.7821744084358215 -0.0636712983250618
vn -0.6584969162940979 -0.7522202730178833 0.023377131670713425
vn 0.9987245202064514 -0.04200836271047592 -0.02801249921321869
vn 0.8355826735496521 -0.44586771726608276 0.3209419250488281
vn 0.821090579032898 -0.5139230489730835 0.24838143587112427
vn 0.8156794905662537 -0.5754985809326172 0.058894407004117966
vn -0.8688457608222961 -0.3607655465602875 -0.3390505909919739
vn 0.5786046981811523 -0.7489722371101379 0.32288894057273865
vn -0.5264017581939697 -0.6506481766700745 -0.5473191142082214
vn 0.38956013321876526 -0.8216660618782043 0.41606220602989197
vn 0.3473508656024933 -0.8678394556045532 0.3552493155002594
vn 0.14404413104057312 -0.9334186911582947 0.32860448956489563
vn 0.21545791625976562 -0.9752355813980103 0.049934715032577515
vn -0.27413663268089294 -0.9552386403083801 -0.11121296137571335
vn 0.2303595393896103 -0.9705221652984619 0.07086114585399628
vn 0.10804654657840729 -0.993151843547821 0.044445425271987915
vn 0.08640377968549728 -0.9948404431343079 -0.053168561309576035
vn 0.07526272535324097 -0.9946557879447937 -0.07067848742008209
vn -0.07521208375692368 -0.9930710196495056 -0.09029504656791687
vn 0.029430201277136803 0.9777524471282959 -0.20768733322620392
vn 0.27764078974723816 0.935284435749054 -0.21945077180862427
vn 0.21912316977977753 0.9636363983154297 -0.1529378890991211
vn -0.2879093885421753 0.8403310775756836 -0.4592949450016022
vn -0.36621442437171936 0.7201632857322693 -0.5892808437347412
vn 0.5289520025253296 0.8357086181640625 -0.14765127003192902
vn -0.6124244332313538 0.20415401458740234 -0.7637129426002502
vn 0.5993643403053284 0.7669637203216553 -0.22919237613677979
vn -0.6605532169342041 -0.06963584572076797 -0.7475428581237793
vn -0.6045064330101013 -0.7287409901618958 -0.3217273950576782
vn 0.69871586561203 0.6832438111305237 -0.21207088232040405
vn -0.7054513096809387 -0.6640689373016357 -0.24769116938114166
vn 0.27894213795661926 0.8742320537567139 0.397378534078598
vn 0 -0 0
vn 0 -1 0
vn 0 -0 0
vn 0 -0 0
vn -0.8376054167747498 -0.5433756709098816 -0.056213900446891785
vn 0.5053567290306091 0.7721612453460693 0.3852033317089081
vn -0.40895912051200867 0.7488138675689697 0.5215651988983154
vn 0 1 0
vn 0.46182215213775635 0.7574451565742493 -0.4615161716938019
vn -0.20242036879062653 0.9207311868667603 0.33358675241470337
vn 0.22737571597099304 -0.4615291357040405 -0.8574912548065186
vn -0.7905997037887573 0.57277911901474 -0.2165091186761856
vn 0.47679847478866577 0.7628591656684875 0.43670257925987244
vn 0.11633194983005524 0.9864163398742676 -0.11597315967082977
vn -0.0936335027217865 0.8906245827674866 -0.44499507546424866
vn -0.4359753131866455 0.4376232922077179 -0.7863914370536804
vn 0.33374810218811035 -0.5655524730682373 -0.7541635632514954
vn -0.6589322686195374 0.5858796238899231 0.4717555046081543
vn -0.2057057023048401 0.7733531594276428 0.5996749997138977
vn 0.40752536058425903 -0.14354895055294037 -0.9018408060073853
vn 0.09978919476270676 -0.2501000463962555 -0.9630638957023621
vn 0.6913186311721802 -0.46563228964805603 -0.5525079965591431
vn 0.9115665555000305 0.4105636775493622 0.021998558193445206
vn 0.6940411925315857 -0.10625366121530533 -0.7120513319969177
vn -0.34968671202659607 0.2138615846633911 -0.9121307134628296
vn -0.09394413232803345 0.12732157111167908 -0.9874025583267212
vn -0.11600597947835922 0.31298914551734924 -0.9426454901695251
vn -0.04153740033507347 0.18369807302951813 -0.9821047186851501
vn -0.010720508173108101 0.10276120156049728 -0.9946483373641968
vn 0.2884121835231781 0.1564093381166458 -0.9446452260017395
vn 0.4925079643726349 0.11163565516471863 -0.8631184697151184
vn -0.408145546913147 0.09197566658258438 -0.908271849155426
vn 0.07748054713010788 0.219221293926239 -0.9725939035415649
vn -0.960330605506897 0.0222034752368927 -0.27797868847846985
vn 0.9593769907951355 0.2379772961139679 0.15153415501117706
vn -0.33642125129699707 -0.040025368332862854 -0.9408606290817261
vn 0.05331120267510414 0.008361047133803368 -0.9985429644584656
vn 0.11087740212678909 0.21927842497825623 -0.9693416357040405
vn 0.2730739414691925 0.25739729404449463 -0.9269182085990906
vn -0.4514974057674408 -0.07131806761026382 -0.8894177079200745
vn 0.025044690817594528 0.00010807478247443214 -0.9996863603591919
vn 0.21826188266277313 -0.057443272322416306 -0.9741981625556946
vn -0.023793214932084084 0.4350626766681671 -0.9000857472419739
vn -0.3328186869621277 0.3482918441295624 -0.8763130307197571
vn 0.2723348140716553 0.13829168677330017 -0.9522127509117126
vn 0.44247400760650635 0.23988038301467896 -0.8641031384468079
vn 0.8370221257209778 0.43745946884155273 -0.3286689221858978
vn 0.727579653263092 0.5748690366744995 -0.37437084317207336
vn 0.05425515025854111 0.44864732027053833 -0.8920605778694153
vn 0.5115890502929688 0.4781748056411743 -0.7138806581497192
vn 0.7498881816864014 0.5508145689964294 -0.3664303123950958
vn -0.17214760184288025 0.7339893579483032 -0.6569816470146179
vn 0.9756447672843933 0.17637117207050323 -0.13042469322681427
vn 0.9923840165138245 0.10754557698965073 0.06006681174039841
vn 0.9852064251899719 0.15810279548168182 -0.06611983478069305
vn -0.6604883074760437 -0.7445908784866333 -0.09664219617843628
vn -0.8060506582260132 -0.5749486088752747 -0.14041559398174286
vn -0.8939787745475769 -0.4453943371772766 -0.049252621829509735
vn -0.9229663014411926 -0.3453954756259918 -0.16980937123298645
vn 0.9798195362091064 -0.12450418621301651 0.15637269616127014
vn 0.86629319190979 -0.35217055678367615 0.3542768359184265
vn -0.9260831475257874 -0.2855767011642456 -0.24660883843898773
vn 0.7687853574752808 -0.5780041813850403 0.27364280819892883
vn -0.7188225388526917 -0.5002875328063965 -0.48270756006240845
vn 0.3578636944293976 -0.8169605135917664 0.45222681760787964
vn 0.4005543887615204 -0.7972256541252136 0.45164981484413147
vn -0.5313857197761536 -0.7397217750549316 -0.41284501552581787
vn -0.4872795641422272 -0.791408360004425 -0.36909547448158264
vn -0.4948009252548218 -0.8239472508430481 -0.27619367837905884
vn -0.5655260682106018 -0.8022341132164001 -0.19131319224834442
vn 0.27595776319503784 -0.8465765714645386 0.4551432430744171
vn 0.20709887146949768 -0.8516027927398682 0.48154202103614807
vn 0.07233963906764984 -0.9711899757385254 0.22706174850463867
vn -0.5234333276748657 -0.8479889035224915 -0.08326137810945511
vn 0.02568243443965912 0.9125834107398987 -0.40808331966400146
vn -0.0744357779622078 0.9512890577316284 -0.29917967319488525
vn 0.22578032314777374 0.9224039316177368 -0.31335973739624023
vn 0.11320242285728455 0.9637355208396912 -0.24165911972522736
vn -0.19939476251602173 0.9099045395851135 -0.36375197768211365
vn 0.06918419152498245 0.9736446142196655 -0.2173241525888443
vn 0.003334015840664506 0.9572665691375732 -0.2891879677772522
vn 0.2234581708908081 0.8953763842582703 -0.3851851522922516
vn 0.3037171959877014 0.9494857788085938 -0.07894787192344666
vn -0.45125454664230347 0.5900826454162598 -0.6694563627243042
vn -0.5502084493637085 0.3908606767654419 -0.7379015684127808
vn 0.6057295799255371 0.7876155376434326 -0.11293108761310577
vn -0.6885824203491211 -0.42099490761756897 -0.5904384255409241
vn -0.6973161697387695 -0.5289373993873596 -0.48371002078056335
vn 0.6287112832069397 0.7736210823059082 -0.0789470225572586
vn 0.666560173034668 0.7443650364875793 -0.04022853448987007
vn -0.647076427936554 -0.7186905145645142 -0.2545114755630493
vn 0 -0 0
vn -0.0039990744553506374 0.9946032762527466 -0.10367421805858612
vn 0.30807891488075256 0.9493800401687622 -0.06135895103216171
vn -0.3865320384502411 0.902707040309906 -0.1889786571264267
vn 0.8071810603141785 0.589577853679657 0.02926996350288391
vn 0.04549013823270798 0.8317682147026062 0.5532560348510742
vn 0.5478271245956421 0.34655120968818665 -0.7614378929138184
vn 0.8865600228309631 0.4595317840576172 0.05330946668982506
vn -0.84377521276474 -0.5316720008850098 0.07326913625001907
vn 0.5628474354743958 0.6897743940353394 0.455427348613739
vn -0.3602391183376312 0.7285980582237244 0.582556962966919
vn -0.26349279284477234 0.8455274105072021 0.46438679099082947
vn 0.09702826291322708 0.9669843912124634 -0.23564095795154572
vn -0.9519415497779846 0.28359946608543396 -0.11566664278507233
vn 0.17514437437057495 0.9744879007339478 0.14034907519817352
vn 0.30480632185935974 0.9483820796012878 0.08754794299602509
vn -0.21227730810642242 0.5814710259437561 -0.7853851914405823
vn 0.2686409056186676 0.14962314069271088 -0.9515487551689148
vn 0.23555172979831696 0.5922699570655823 -0.7705398797988892
vn -0.6522418260574341 0.4939108192920685 0.5750067234039307
vn 0.19400209188461304 0.814291775226593 0.5470759868621826
vn 0.23860478401184082 -0.5039207339286804 -0.8301395177841187
vn 0.2292054444551468 -0.14547589421272278 -0.9624456763267517
vn -0.04500922933220863 0.18675842881202698 -0.9813743233680725
vn 0.9009335041046143 0.4311729669570923 0.04907878488302231
vn 0.8758351802825928 0.4802364110946655 -0.04780948907136917
vn -0.9380217790603638 -0.05765613168478012 -0.34174686670303345
vn 0.7507274746894836 0.6581943035125732 -0.05646698921918869
vn 0.7648822665214539 0.6161981225013733 -0.18776364624500275
vn 0.8549692630767822 0.5083540678024292 -0.10297402739524841
vn -0.9617332220077515 -0.19472692906856537 -0.19274520874023438
vn 0.9067425727844238 0.42164942622184753 -0.005455468315631151
vn 0.961949348449707 0.23089557886123657 0.1460847407579422
vn -0.9677706956863403 -0.21633248031139374 -0.12891943752765656
vn -0.9088743329048157 -0.4045080840587616 -0.10159064084291458
vn 0.9817690849304199 0.13877220451831818 0.1298913061618805
vn 0.9646441340446472 -0.0007212256896309555 0.2635548710823059
vn 0.9807875752449036 -0.04291098564863205 0.19030065834522247
vn -0.9590736627578735 -0.20045872032642365 -0.1999850869178772
vn 0.7792950868606567 -0.3896704912185669 0.49077096581459045
vn 0.7713944315910339 -0.392184853553772 0.5011404156684875
vn 0.7752907276153564 -0.4986895024776459 0.38759928941726685
vn 0.44102805852890015 -0.7299233078956604 0.5222128033638
vn 0.4101957082748413 -0.8118906617164612 0.41541919112205505
vn 0.34267860651016235 -0.8054521679878235 0.48354750871658325
vn -0.8191931247711182 -0.43750375509262085 -0.37082770466804504
vn 0.3473106026649475 -0.7678250670433044 0.5383493304252625
vn -0.6332297921180725 -0.6237888932228088 -0.458156555891037
vn 0.32625019550323486 -0.7971488237380981 0.5080499053001404
vn 0.2040640413761139 -0.8294951915740967 0.5198996067047119
vn 0.1843007355928421 -0.8813672065734863 0.4350002110004425
vn 0.20507456362247467 -0.9493797421455383 0.2379550337791443
vn 0.2773953378200531 -0.9425417184829712 0.18619081377983093
vn -0.38147449493408203 -0.9243748188018799 0.0029003366362303495
vn 0.09532135725021362 -0.9909882545471191 0.09410711377859116
vn -0.037690624594688416 -0.9969459772109985 0.06839709728956223
vn 0.16640374064445496 0.8947005867958069 -0.4145127236843109
vn 0.10185525566339493 0.8683781027793884 -0.48532983660697937
vn -0.2176436334848404 0.9023581147193909 -0.37199610471725464
vn -0.23253343999385834 0.9075537919998169 -0.34967759251594543
vn 0.20417459309101105 0.9388582706451416 -0.27723273634910583
vn 0.4761863946914673 0.8785985112190247 -0.03621118515729904
vn -0.5536444783210754 0.31799623370170593 -0.7696468830108643
vn -0.6661131381988525 0.016309130936861038 -0.7456724047660828
vn -0.7050808072090149 -0.2342086285352707 -0.6693335771560669
vn -0.6752684116363525 -0.498709112405777 -0.5434169173240662
vn -0.6923496127128601 -0.6241286993026733 -0.36209866404533386
vn -0.6420496106147766 -0.6681015491485596 -0.3760487735271454
vn -0.6539532542228699 -0.7530084848403931 -0.07296226173639297
vn -0.6231304407119751 -0.7820281982421875 -0.011851468123495579
vn 0.07955345511436462 0.9958584308624268 0.04401370510458946
vn -0.6784010529518127 -0.7289489507675171 0.09168195724487305
vn 0.20943397283554077 0.9709659814834595 -0.11559638381004333
vn -0.49504464864730835 0.8688628077507019 0.002870104741305113
vn 0.053231414407491684 0.9941470623016357 -0.09401069581508636
vn 0.3016166687011719 0.9532585144042969 -0.018044639378786087
vn -0.06457733362913132 0.9377433061599731 -0.3412730395793915
vn 0.2312086522579193 0.8967881202697754 -0.37724488973617554
vn 0.3115246295928955 0.9305397272109985 -0.1924794316291809
vn -0.7735748887062073 -0.5876016616821289 0.23728902637958527
vn 0.28007516264915466 0.7791391015052795 0.5608031153678894
vn -0.19253289699554443 0.833452582359314 0.5179651379585266
vn -0.9100497961044312 0.4137427806854248 0.02502688579261303
vn -0.7914764881134033 -0.3697488605976105 0.48667311668395996
vn -0.06127317622303963 0.7947055101394653 -0.6038947105407715
vn 0.9373055696487427 0.3443351089954376 0.05377350375056267
vn -0.7553711533546448 0.1257883757352829 0.643110990524292
vn -0.03792913630604744 0.9718539714813232 0.23251090943813324
vn -0.9792823791503906 0.13141098618507385 -0.1540689766407013
vn 0.8892210721969604 0.432506263256073 0.14907801151275635
vn 0.9300887584686279 0.3399917781352997 0.13907022774219513
vn 0.9060741066932678 0.3356056213378906 0.25767916440963745
vn 0.8736530542373657 0.30759620666503906 0.37698137760162354
vn 0.9650379419326782 0.14552372694015503 0.2180016189813614
vn -0.8170887231826782 -0.576465368270874 -0.00733436131849885
vn -0.7072386741638184 -0.7008460164070129 -0.09288930147886276
vn 0.8807545304298401 -0.2119847685098648 0.4234783351421356
vn -0.8616355061531067 -0.46284985542297363 -0.20821703970432281
vn 0.7447348833084106 -0.36393964290618896 0.559390664100647
vn 0.626421332359314 -0.5479047298431396 0.5544338226318359
vn -0.9190661907196045 -0.2996111512184143 -0.25602835416793823
vn -0.8962485790252686 -0.34230732917785645 -0.2820712924003601
vn -0.758431077003479 -0.5599990487098694 -0.33344170451164246
vn 0.3869644105434418 -0.7646355628967285 0.5153552293777466
vn 0.35111671686172485 -0.7664753794670105 0.5378035306930542
vn 0.24289202690124512 -0.7862011790275574 0.5682352185249329
vn -0.4105832874774933 -0.8852612972259521 -0.21848095953464508
vn 0.17659801244735718 -0.7998136281967163 0.5736821889877319
vn -0.41403886675834656 -0.9069225788116455 -0.07786726206541061
vn 0.23470410704612732 -0.7905276417732239 0.5656678080558777
vn 0.2900622487068176 -0.8422166705131531 0.4544612765312195
vn 0.17059388756752014 -0.9606838226318359 0.21905332803726196
vn -0.23860368132591248 -0.9664404988288879 0.09518994390964508
vn 0.012352026998996735 0.9038589000701904 -0.4276524484157562
vn -0.15329307317733765 0.9345294237136841 -0.3211791217327118
vn 0.24707788228988647 0.8958176970481873 -0.3694092631340027
vn 0.276673823595047 0.9597364068031311 0.0485556423664093
vn 0.1676151305437088 0.9823152422904968 -0.08343864977359772
vn -0.28246816992759705 0.8168800473213196 -0.5029102563858032
vn 0.3824309706687927 0.9239682555198669 0.005415224004536867
vn -0.3787133991718292 0.5979335308074951 -0.7064358592033386
vn 0.5438973903656006 0.8294485807418823 0.12724260985851288
vn -0.679335355758667 -0.16474740207195282 -0.7150956988334656
vn -0.6162164807319641 -0.011729053221642971 -0.7874894738197327
vn 0.6334924101829529 0.7565382719039917 0.1622878611087799
vn 0.6448681354522705 0.7573266625404358 0.10296331346035004
vn -0.6076335310935974 -0.7885318994522095 -0.09486327320337296
vn -0.5807338953018188 -0.7894205451011658 -0.19890561699867249
vn -0.5483109354972839 -0.810539722442627 0.20586548745632172
vn 0.6605752110481262 0.722032904624939 0.20569126307964325
vn -0.6282616257667542 -0.7597419023513794 0.16756974160671234
vn 0.7408014535903931 0.5902577638626099 0.32063859701156616
vn 0.811046302318573 0.5208654403686523 0.266276478767395
vn -0.17507028579711914 0.9818012714385986 0.07359785586595535
vn -0.6376871466636658 -0.7308042049407959 0.243475541472435
vn -0.7363446354866028 0.6442168951034546 0.2068362683057785
vn 0.29270341992378235 0.9522204995155334 0.08718318492174149
vn 0.8496577143669128 0.44810447096824646 0.27800050377845764
vn 0.25170111656188965 0.8390450477600098 0.482338011264801
vn 0.35106557607650757 0.9209690093994141 0.1690240353345871
vn -0.41270679235458374 0.4121707081794739 0.8122736215591431
vn 0.4604059159755707 0.6022573113441467 0.6521599888801575
vn 0.14688146114349365 0.6542122960090637 0.7419111132621765
vn -0.975985586643219 0.09833694994449615 -0.19437603652477264
vn -0.983214795589447 0.007743895053863525 -0.18228746950626373
vn 0.7579721212387085 0.6031355261802673 0.24840660393238068
vn 0.8967980146408081 0.2033311426639557 0.3929502069950104
vn 0.7533054351806641 0.3725166618824005 0.5419984459877014
vn -0.9404494166374207 -0.33410021662712097 -0.06270497292280197
vn 0.9170383214950562 0.13051819801330566 0.3768365681171417
vn -0.714785635471344 -0.6889061331748962 -0.1203736811876297
vn 0.8793430924415588 -0.002547085052356124 0.4761820435523987
vn -0.7783877849578857 -0.6271840333938599 -0.02743477001786232
vn 0.7224779725074768 -0.30562594532966614 0.6201760768890381
vn -0.8834930062294006 -0.45346999168395996 -0.11749517172574997
vn -0.9607635140419006 -0.27735790610313416 -0.002471714746206999
vn 0 -0 0
vn 0 -0 0
vn 0 -0 0
vn 0 -0 0
vn 0.6763862371444702 -0.3317246437072754 0.6576173305511475
vn -0.9774224162101746 -0.16096064448356628 -0.1368834376335144
vn 0 -0 0
vn -0.9583917856216431 -0.22754232585430145 -0.17236502468585968
vn 0.32869118452072144 -0.7462399005889893 0.57886803150177
vn -0.6721863150596619 -0.7039462924003601 -0.2294021099805832
vn 0.2932957410812378 -0.7168906927108765 0.6324914693832397
vn -0.5145790576934814 -0.8205050230026245 -0.248957559466362
vn -0.4771074950695038 -0.8766429424285889 0.06217455491423607
vn 0.33161401748657227 -0.7589236497879028 0.5604169368743896
vn 0.29881685972213745 -0.8799631595611572 0.3692876398563385
vn -0.44572046399116516 -0.8922765254974365 0.07194419205188751
vn 0.04103274643421173 -0.9750862121582031 0.21799801290035248
vn -0.08139822632074356 -0.9727763533592224 0.21698059141635895
vn 0.12660662829875946 0.9592212438583374 -0.25271591544151306
vn 0.27701523900032043 0.9465122818946838 -0.1654602289199829
vn -0.27484121918678284 0.9543770551681519 -0.11673383414745331
vn 0.35306841135025024 0.9348331689834595 0.03781140223145485
vn 0.24883610010147095 0.9376806616783142 -0.24256055057048798
vn -0.26596736907958984 0.9636945128440857 0.0235445536673069
vn -0.21673113107681274 0.9670045971870422 -0.13390199840068817
vn -0.2147696614265442 0.9766643047332764 -0.0009489129297435284
vn -0.3501984477043152 0.9330291748046875 -0.08256936073303223
vn 0.3495233952999115 0.9156923890113831 0.1983453333377838
vn -0.4012046456336975 0.9157803058624268 -0.019527947530150414
vn -0.5463276505470276 0.4070582687854767 -0.732003927230835
vn -0.5030348300933838 0.22515922784805298 -0.8344215750694275
vn 0.4785143733024597 0.8544386029243469 0.20238274335861206
vn -0.7474621534347534 -0.023305585607886314 -0.6638954281806946
vn -0.927339494228363 -0.32370710372924805 -0.18776358664035797
vn -0.6749187111854553 -0.6906232237815857 -0.2598544955253601
vn -0.513586699962616 -0.8354540467262268 0.1955639123916626
vn 0.6719329953193665 0.7019197344779968 0.2362515926361084
vn 0.6566542983055115 0.6288850903511047 0.4163035750389099
vn -0.5408334732055664 -0.6972669959068298 0.4704444706439972
vn 0.2668352425098419 0.963280975818634 0.029813675209879875
vn 0.15368273854255676 0.9506556391716003 0.26950976252555847
vn -0.3532927334308624 0.9075890779495239 0.2268621176481247
vn 0.30721139907836914 0.9086059927940369 0.28294235467910767
vn 0.1822538822889328 0.9596775770187378 0.21401511132717133
vn 0.15548360347747803 0.9874988198280334 -0.025902098044753075
vn 0.747182309627533 0.5002003312110901 0.4376278817653656
vn -0.6082457900047302 -0.6560968160629272 0.4467371106147766
vn -0.9599614143371582 0.27758079767227173 0.03772386908531189
vn -0.6761859059333801 -0.24615666270256042 0.6943914890289307
vn -0.5485387444496155 -0.4811914265155792 0.6837836503982544
vn 0.5347689986228943 0.5891116261482239 0.6057801246643066
vn 0.1917930245399475 0.9753897190093994 0.10876768827438354
vn 0.5507021546363831 0.6176012754440308 0.5615121126174927
vn 0.9126490354537964 0.3524196147918701 0.20705610513687134
vn -0.5938208699226379 -0.0003243170795030892 0.8045971989631653
vn -0.9883657693862915 0.15000811219215393 -0.025112729519605637
vn -0.08888214826583862 0.5768512487411499 0.8119991421699524
vn 0.48457345366477966 0.5641674995422363 0.6685085892677307
vn -0.3554769456386566 0.2849847972393036 0.8901796340942383
vn -0.5691553950309753 -0.014131532050669193 0.8221085667610168
vn -0.13134893774986267 0.5142723917961121 0.84750896692276
vn 0.047685153782367706 0.6412109136581421 0.7658816576004028
vn 0.28041043877601624 0.6098425984382629 0.7412570714950562
vn 0.5713347792625427 0.4891166090965271 0.6590459942817688
vn -0.9848086833953857 0.1477765142917633 -0.09118158370256424
vn 0.8458505272865295 0.5148831009864807 0.13940002024173737
vn 0.6898615956306458 0.607873797416687 0.3931671977043152
vn 0.7523098587989807 0.25763458013534546 0.6063451170921326
vn 0.8951535224914551 0.11328396946191788 0.43112286925315857
vn 0.7840366363525391 0.30503275990486145 0.5405937433242798
vn -0.9295578598976135 -0.29944586753845215 0.2150684893131256
vn 0.7612376809120178 0.40591371059417725 0.5057186484336853
vn -0.9269877076148987 -0.2931581437587738 0.2339918315410614
vn 0.7626012563705444 0.13885368406772614 0.6317903399467468
vn -0.8898739814758301 -0.4340938925743103 0.1403098702430725
vn 0.7577416300773621 0.0959949865937233 0.6454553604125977
vn -0.7510175704956055 -0.6448701620101929 0.14182806015014648
vn 0.7030497193336487 -0.0910586416721344 0.7052868008613586
vn 0.5525532364845276 -0.25866109132766724 0.7923253178596497
vn 0.5883057713508606 -0.2862328886985779 0.7562849521636963
vn 0 -0 0
vn 0.5553331971168518 -0.28809913992881775 0.7801308035850525
vn 0.4426969289779663 -0.42901721596717834 0.7873777151107788
vn 0.3844934105873108 -0.6113805174827576 0.691649317741394
vn 0.3127330541610718 -0.6769200563430786 0.6663162708282471
vn 0.2840765416622162 -0.6480481624603271 0.7066358327865601
vn -0.9363235831260681 -0.3478718400001526 0.04778575152158737
vn 0.3429359793663025 -0.6845288276672363 0.643284797668457
vn -0.8753806352615356 -0.4816654622554779 0.041318222880363464
vn -0.7464621663093567 -0.6652711629867554 0.014443070627748966
vn 0.23630553483963013 -0.715068519115448 0.6579033136367798
vn 0.1729150414466858 -0.7254254817962646 0.666226863861084
vn 0.2108898162841797 -0.7124113440513611 0.6693246960639954
vn -0.49640345573425293 -0.8679888844490051 0.013377226889133453
vn -0.34287217259407043 -0.9390337467193604 0.02558129094541073
vn 0.33869099617004395 -0.7669141292572021 0.5450973510742188
vn 0.2135152518749237 -0.8602907657623291 0.46293747425079346
vn 0.09738010168075562 -0.8897994160652161 0.4458409249782562
vn -0.15194636583328247 -0.9175528883934021 0.36743590235710144
vn -0.3666444420814514 -0.8998365998268127 0.23635995388031006
vn 0.29872211813926697 0.9396210312843323 0.16696549952030182
vn 0.04683684930205345 0.9262415766716003 0.3740091919898987
vn -0.05268324911594391 0.9940886497497559 0.09493298083543777
vn -0.28076547384262085 0.9564846754074097 0.0794222429394722
vn 0.24668942391872406 0.9343649744987488 0.25711172819137573
vn 0.31092193722724915 0.9381000995635986 0.1526295691728592
vn -0.375397652387619 0.9206790328025818 -0.10689596086740494
vn -0.3503991365432739 0.8923141956329346 0.2845977246761322
vn 0.27661848068237305 0.9550454616546631 0.10663255304098129
vn 0.24492496252059937 0.9314365983009338 0.2691425383090973
vn -0.2593139111995697 0.9098228216171265 0.32400423288345337
vn -0.12155336141586304 0.9497768878936768 0.2883550822734833
vn 0.2717134654521942 0.8416903614997864 0.46661460399627686
vn 0.27592727541923523 0.7677981853485107 0.578230082988739
vn -0.9001331329345703 0.4091014266014099 0.1496545672416687
vn 0.4719651937484741 0.7755770087242126 0.41920071840286255
vn 0.46404778957366943 0.7366212606430054 0.49198466539382935
vn -0.8377271294593811 -0.012589703314006329 0.5459439158439636
vn 0.5379405617713928 0.7343902587890625 0.4138730764389038
vn -0.601966142654419 -0.7402479648590088 0.29944908618927
vn -0.39039140939712524 -0.692506730556488 0.6066540479660034
vn -0.355072945356369 -0.5160400867462158 0.779503583908081
vn -0.5310624837875366 -0.662051260471344 0.5288295745849609
vn -0.38414353132247925 -0.502358615398407 0.7746416330337524
vn -0.11813327670097351 0.9040651321411133 0.4107442796230316
vn 0.6211518049240112 0.43941524624824524 0.648910403251648
vn 0.7020553350448608 0.4897475838661194 0.5169774293899536
vn 0.1259739100933075 0.7420093417167664 0.6584471464157104
vn -0.44991543889045715 0.697737455368042 0.5574393272399902
vn 0.17103561758995056 0.9283645749092102 0.32997891306877136
vn 0.18834233283996582 0.8122668266296387 0.5520415306091309
vn -0.36309686303138733 -0.42830759286880493 0.827474057674408
vn 0.2299586534500122 0.8585683107376099 0.4582352340221405
vn 0.2026643455028534 0.8270642757415771 0.5243014097213745
vn -0.9103241562843323 0.343565434217453 0.2308090478181839
vn -0.5785598158836365 -0.20344534516334534 0.7898598313331604
vn 0.21379633247852325 0.9012676477432251 0.37683919072151184
vn -0.9267537593841553 0.22401390969753265 0.3015712797641754
vn 0.6782621145248413 0.39354634284973145 0.6205496191978455
vn 0.7287356853485107 0.3656541109085083 0.5790003538131714
vn 0.4904787540435791 0.35852646827697754 0.7942854762077332
vn -0.9235280752182007 0.15099884569644928 0.3525553345680237
vn -0.44027093052864075 0.15616345405578613 0.8841801881790161
vn -0.06685268878936768 0.44114479422569275 0.8949425220489502
vn -0.030528878793120384 0.6207520365715027 0.7834123969078064
vn -0.9916998147964478 0.0973028689622879 0.0840456411242485
vn 0.5962942838668823 0.424131840467453 0.6815757155418396
vn -0.9739248752593994 -0.16490399837493896 0.15581132471561432
vn 0.7961487770080566 0.197880357503891 0.5718309283256531
vn -0.9332330226898193 -0.26773935556411743 0.2395658940076828
vn 0.7446154952049255 0.251504123210907 0.6182989478111267
vn 0.5838609933853149 0.11621799319982529 0.8034922480583191
vn 0.5834364295005798 0.03160858154296875 0.8115435242652893
vn -0.7885435223579407 -0.5217196345329285 0.3255883455276489
vn -0.7049214839935303 -0.619234025478363 0.3458828926086426
vn 0.4448433220386505 -0.21939045190811157 0.8683215379714966
vn -0.9322850108146667 -0.12908321619033813 0.3379085659980774
vn -0.9707323312759399 -0.11798975616693497 0.2091822773218155
vn -0.9646631479263306 -0.25686267018318176 0.058707524091005325
vn 0.2989356219768524 -0.48104894161224365 0.82415372133255
vn 0.28563085198402405 -0.5719560384750366 0.7689482569694519
vn -0.9578719139099121 -0.28717371821403503 0.0035704418551176786
vn 0.35537880659103394 -0.6658008694648743 0.6560603380203247
vn -0.26732537150382996 -0.8869566917419434 0.37662312388420105
vn -0.3483777940273285 -0.9116984605789185 0.21780474483966827
vn -0.3942263424396515 -0.8410658836364746 0.37039685249328613
vn 0.1881459504365921 -0.7320585250854492 0.6547452807426453
vn -0.28481152653694153 -0.8154621720314026 0.503888726234436
vn -0.017624452710151672 -0.885276198387146 0.4647316336631775
vn -0.203944593667984 0.833041787147522 0.5142451524734497
vn 0.18303370475769043 0.732546329498291 0.6556482911109924
vn 0.01675444096326828 0.6597680449485779 0.7512825727462769
vn 0.2688470780849457 0.8269169926643372 0.49389225244522095
vn 0.26214778423309326 0.668138861656189 0.6963253617286682
vn 0.14049923419952393 0.5317857265472412 0.8351430296897888
vn -0.19031542539596558 0.526820719242096 0.8283960223197937
vn -0.283732146024704 0.7594470381736755 0.5854367613792419
vn -0.22333264350891113 0.5433226823806763 0.8092731237411499
vn -0.14774154126644135 0.7298667430877686 0.6674332022666931
vn -0.1827295869588852 0.8132792711257935 0.5524371266365051
vn 0.2380170375108719 0.7265650033950806 0.6445550322532654
vn 0.1704796701669693 0.5369557738304138 0.826205313205719
vn -0.08446116000413895 0.3995881676673889 0.9127954840660095
vn -0.05063139647245407 0.4666491746902466 0.8829920887947083
vn 0.4148321747779846 0.7480931282043457 0.5179488658905029
vn 0.22069662809371948 0.6777068376541138 0.7014317512512207
vn 0.20231327414512634 0.5761635899543762 0.791899561882019
vn -0.1603628545999527 0.32140931487083435 0.9332630038261414
vn -0.194819837808609 0.4599382281303406 0.8663152456283569
vn -0.3990614414215088 0.6348997354507446 0.661552906036377
vn 0.2036435604095459 0.44775527715682983 0.8706575632095337
vn 0.14662572741508484 0.4681932330131531 0.8713759183883667
vn -0.4971275329589844 0.1790328472852707 0.849006175994873
vn 0.3559948205947876 0.5269916653633118 0.7717171907424927
vn 0.38387033343315125 0.6140386462211609 0.6896377205848694
vn -0.6994557976722717 -0.34008410573005676 0.6285732984542847
vn -0.3656053841114044 -0.29955339431762695 0.8812494277954102
vn 0.31240031123161316 0.5310263633728027 0.787665605545044
vn -0.2700439393520355 -0.5490193963050842 0.7909829616546631
vn -0.47113320231437683 -0.6217032670974731 0.6257144808769226
vn -0.12855283915996552 -0.3156653940677643 0.940122127532959
vn 0.4244762659072876 0.5072991847991943 0.7499783039093018
vn -0.22978192567825317 -0.5460111498832703 0.8056501746177673
vn 0.5703427195549011 0.6060115694999695 0.5544900894165039
vn -0.37377238273620605 -0.7357926964759827 0.5647152662277222
vn -0.1753484308719635 -0.3371433615684509 0.9249796271324158
vn -0.2082531601190567 -0.4922044575214386 0.8452014327049255
vn 0.2508842647075653 0.221672922372818 0.9422941207885742
vn 0.46694013476371765 0.3655000925064087 0.8052183389663696
vn 0.5585324764251709 0.45810794830322266 0.6915046572685242
vn 0.23997600376605988 0.14711059629917145 0.9595676064491272
vn -0.25596919655799866 -0.24842531979084015 0.9342187643051147
vn -0.23018452525138855 -0.08714216947555542 0.9692375063896179
vn -0.1749534159898758 -0.12592396140098572 0.9764909148216248
vn -0.13040855526924133 0.6122541427612305 0.7798323035240173
vn 0.41322383284568787 0.2933974266052246 0.8620696663856506
vn -0.44127410650253296 -0.26353567838668823 0.8578030467033386
vn 0.13259421288967133 0.5577579140663147 0.8193442225456238
vn 0.04175981506705284 0.3937089741230011 0.918286144733429
vn 0.18972453474998474 0.12843675911426544 0.9734005928039551
vn 0.11268303543329239 0.576348602771759 0.8093978762626648
vn 0.05991192162036896 0.2914646565914154 0.9547036290168762
vn -0.2749972343444824 0.3397005498409271 0.8994331955909729
vn -0.6968356966972351 0.29047977924346924 0.6557755470275879
vn -0.4054924249649048 -0.08190026134252548 0.9104220867156982
vn 0.13905997574329376 0.7681991457939148 0.6249259114265442
vn 0.1414453387260437 0.616002082824707 0.7749416828155518
vn 0.4874687194824219 0.242387056350708 0.8388223052024841
vn 0.2690790593624115 0.16826647520065308 0.9483052492141724
vn 0.27591484785079956 0.6012503504753113 0.7499127388000488
vn 0.056904297322034836 0.30302348732948303 0.9512826204299927
vn -0.7436645030975342 0.12368888407945633 0.6570115685462952
vn 0.46712180972099304 0.23316553235054016 0.8528957366943359
vn 0.39336320757865906 0.29797250032424927 0.869757354259491
vn 0.2360469400882721 0.10523118078708649 0.9660270810127258
vn 0.359351247549057 0.4467542767524719 0.8193151354789734
vn -0.32713115215301514 0.05015042796730995 0.9436473250389099
vn 0.22219955921173096 0.6298904418945312 0.7442213296890259
vn 0.304344117641449 0.16327263414859772 0.9384651184082031
vn 0.06368367373943329 0.5023629665374756 0.8623084425926208
vn 0.5171656012535095 0.35417890548706055 0.7791643738746643
vn 0.07477113604545593 0.27019307017326355 0.9598984122276306
vn 0.21645306050777435 0.3558385670185089 0.9091353416442871
vn 0.12763269245624542 0.32911384105682373 0.9356249570846558
vn -0.8601382970809937 0.0293253306299448 0.5092172026634216
vn -0.20039916038513184 0.07117576152086258 0.9771254658699036
vn -0.2572167217731476 -0.04680580645799637 0.9652195572853088
vn -0.007335548289120197 0.15202191472053528 0.988349974155426
vn 0.13476380705833435 0.19088779389858246 0.972317099571228
vn 0.4662829637527466 0.21759656071662903 0.8574566841125488
vn -0.7379353046417236 -0.15145164728164673 0.6576579213142395
vn -0.08389323204755783 0.10917520523071289 0.9904760122299194
vn 0.5903401374816895 0.17903879284858704 0.7870475053787231
vn -0.7319086194038391 -0.23087015748023987 0.6410996913909912
vn 0.3170132637023926 0.08090586215257645 0.9449639916419983
vn 0.07747794687747955 0.12189087271690369 0.989514946937561
vn -0.7989793419837952 -0.19181379675865173 0.5699470043182373
vn -0.6447869539260864 -0.2786869704723358 0.7117467522621155
vn 0.43039169907569885 0.0021895666141062975 0.9026395678520203
vn -0.5466839671134949 -0.38332077860832214 0.7444473505020142
vn -0.3358963429927826 -0.18107350170612335 0.9243301153182983
vn -0.7918856143951416 -0.41517528891563416 0.4478244185447693
vn 0.400748074054718 -0.09988143295049667 0.9107275605201721
vn 0.27197375893592834 -0.06023089587688446 0.9604178667068481
vn -0.39342668652534485 -0.3017898201942444 0.8684114217758179
vn -0.6072474718093872 -0.5102056860923767 0.6090490818023682
vn -0.49509263038635254 -0.17134441435337067 0.8517772555351257
vn 0.1924980729818344 -0.07926341146230698 0.9780909419059753
vn -0.7977741956710815 -0.5047140717506409 0.32987892627716064
vn -0.7299226522445679 -0.31843531131744385 0.604823887348175
vn 0.283992201089859 -0.16567184031009674 0.9444052577018738
vn 0.333436518907547 -0.29444652795791626 0.8956122994422913
vn -0.49669361114501953 -0.18932266533374786 0.8470255732536316
vn -0.688802182674408 -0.08226210623979568 0.7202670574188232
vn 0.221455380320549 -0.28525739908218384 0.9325158596038818
vn -0.7932156324386597 -0.18829947710037231 0.5790961384773254
vn 0.2210785150527954 -0.37372153997421265 0.9008088111877441
vn -0.5617173314094543 -0.20118330419063568 0.8024954795837402
vn -0.8831992149353027 -0.29978713393211365 0.3606756329536438
vn 0.29224491119384766 -0.5303834676742554 0.7957929372787476
vn -0.751606285572052 -0.33739325404167175 0.5667926073074341
vn 0.23503907024860382 -0.5571715235710144 0.7964398860931396
vn -0.6536049246788025 -0.38506925106048584 0.651553750038147
vn 0.19555173814296722 -0.5657476782798767 0.8010549545288086
vn -0.7367796897888184 -0.5801414847373962 0.3472629487514496
vn -0.5958309173583984 -0.5069137811660767 0.6229158043861389
vn 0.12871825695037842 -0.5430870056152344 0.8297519087791443
vn -0.4889894425868988 -0.7684075832366943 0.41284289956092834
vn -0.394754558801651 -0.4600742757320404 0.7952990531921387
vn 0.23154433071613312 -0.5477126836776733 0.8039888143539429
vn -0.1835017204284668 -0.8274409770965576 0.5307245254516602
vn -0.16866905987262726 -0.5037776827812195 0.8472065329551697
vn 0.28262466192245483 -0.4871784448623657 0.8263053297996521
vn -0.28201979398727417 -0.7266151905059814 0.6264944076538086
vn -0.3246683180332184 -0.6626158952713013 0.6749301552772522
vn -0.16587214171886444 -0.3594304323196411 0.918311595916748
vn -0.15437059104442596 -0.6198276877403259 0.7694045901298523
vn 0.3046015799045563 -0.6602181196212769 0.6865347623825073
vn 0.1551458090543747 -0.41451191902160645 0.896721601486206
vn 0.1096993237733841 -0.5349183082580566 0.837752103805542
vn 0.044659096747636795 -0.65064537525177 0.7580674290657043
vn -0.07691342383623123 -0.6485679745674133 0.757260799407959
vn -0.21345525979995728 -0.5694685578346252 0.7938151359558105
vn 0.02967125177383423 0.43385475873947144 0.9004941582679749
vn 0.07691765576601028 0.39613044261932373 0.914966881275177
vn 0.005267799831926823 0.19296906888484955 0.9811907410621643
vn -0.08288798481225967 0.2399451732635498 0.9672414064407349
vn 0.10028695315122604 0.282778799533844 0.9539280533790588
vn 0.044622983783483505 0.16064774990081787 0.9860026240348816
vn 0.0955691859126091 0.2856585681438446 0.9535542726516724
vn -0.017689570784568787 0.04273044690489769 0.998930037021637
vn -0.07561952620744705 0.17357981204986572 0.9819123148918152
vn 0.018450051546096802 0.04616181179881096 0.9987636208534241
vn 0.04644392058253288 0.15674607455730438 0.9865463376045227
vn 0.0733766183257103 0.25709593296051025 0.9635961651802063
vn -0.01297384686768055 0.013151569291949272 0.9998293519020081
vn -0.002552252961322665 -0.02397160604596138 0.99970942735672
vn -0.03473455086350441 0.15530046820640564 0.9872564673423767
vn -0.0016560485819354653 -0.0022902770433574915 0.9999960064888
vn 0.001606763806194067 -0.009032342582941055 0.9999579191207886
vn -0.1326245218515396 -0.03285832330584526 0.9906215667724609
vn 0.22851820290088654 0.36357149481773376 0.9031031131744385
vn 0.08950037509202957 0.14771097898483276 0.9849727153778076
vn 0.0494074821472168 0.09617055952548981 0.9941378831863403
vn -0.015371187590062618 -0.06023907661437988 0.9980656504631042
vn -0.039040014147758484 -0.08296403288841248 0.9957875609397888
vn 0.17728126049041748 0.2674817442893982 0.9471139907836914
vn 0.010216940194368362 0.003711036639288068 0.9999409914016724
vn -0.08517076820135117 -0.16951578855514526 0.9818403124809265
vn -0.007320354226976633 -0.013807743787765503 0.9998778700828552
vn 0.07446134090423584 0.0789560005068779 0.9940932989120483
vn -0.04962309077382088 -0.011938179843127728 0.9986966848373413
vn -0.07751418650150299 -0.06019403412938118 0.9951725006103516
vn 0.09724556654691696 0.06064661964774132 0.9934109449386597
vn 0.009730190970003605 0.0026018903590738773 0.9999492764472961
vn -0.0237447340041399 -0.011962104588747025 0.9996464848518372
vn 0.08186615258455276 -0.03112518973648548 0.9961572289466858
vn 0.07538433372974396 0.0418437160551548 0.9962761998176575
vn -0.14858178794384003 -0.02956785261631012 0.9884580373764038
vn 6.818411929998547e-05 0.11396335810422897 0.9934849739074707
vn 0.0703234001994133 0.32598990201950073 0.9427540898323059
vn 0.031792692840099335 0.10395948588848114 0.9940733313560486
vn -0.2413293570280075 0.08327345550060272 0.9668638706207275
vn 0.11658919602632523 0.07007432729005814 0.990705132484436
vn 0.07420001924037933 0.20947353541851044 0.974994957447052
vn 0.013821301981806755 0.09177055954933167 0.9956843256950378
vn -0.002504230011254549 -0.0005820514634251595 0.9999967217445374
vn 0.003887828439474106 0.0690263956785202 0.9976072907447815
vn 0.022974004969000816 0.0013650615001097322 0.9997351765632629
vn 0.029413435608148575 0.014693460427224636 0.9994593858718872
vn 0.22089387476444244 0.18911214172840118 0.956787645816803
vn -0.44418108463287354 0.07118567824363708 0.8931045532226562
vn 0.14762042462825775 0.11443034559488297 0.9824021458625793
vn -0.00020807575492653996 -0.01152312383055687 0.9999336004257202
vn 0.015077229589223862 -0.00737892696633935 0.9998591542243958
vn 0.09927447885274887 0.04010652005672455 0.994251549243927
vn -0.170344278216362 -0.058377835899591446 0.9836539030075073
vn 0.23303070664405823 0.25056788325309753 0.9396342039108276
vn 0.019971514120697975 0.021110298112034798 0.9995777010917664
vn -0.15614727139472961 -0.0034555052407085896 0.9877277612686157
vn 0.09819179028272629 0.09968621283769608 0.990162193775177
vn 0.009088895283639431 0.014407596550881863 0.9998549222946167
vn -0.0069139739498496056 -0.012554959394037724 0.999897301197052
vn -0.6186040043830872 0.06185455620288849 0.7832643985748291
vn -0.132419615983963 0.00608436344191432 0.9911750555038452
vn -0.001815559808164835 -0.006257698871195316 0.9999788403511047
vn 0.07916708290576935 -0.04387199878692627 0.995895504951477
vn 0.1085350289940834 0.20517975091934204 0.9726877808570862
vn 0.04177503660321236 0.1343289017677307 0.9900558590888977
vn -0.3953384757041931 -0.07223281264305115 0.9156910181045532
vn 0.0036304467357695103 0.014624404720962048 0.9998865127563477
vn 0.0846160501241684 0.03270253166556358 0.9958768486976624
vn -0.01000118162482977 0.006682373583316803 0.9999276995658875
vn 0.12937194108963013 0.0727255791425705 0.9889256358146667
vn 0.03229368105530739 0.04203806817531586 0.9985939860343933
vn -0.001801789621822536 0.011008940637111664 0.9999377727508545
vn -0.14541786909103394 -0.05091193690896034 0.9880595803260803
vn 0.12935881316661835 0.06179111823439598 0.9896707534790039
vn -0.02360394410789013 0.07111120223999023 0.9971891045570374
vn -0.0660339742898941 0.04864747077226639 0.996630847454071
vn 0.03384009748697281 0.024483773857355118 0.9991273283958435
vn -0.01678246259689331 -0.008642668835818768 0.9998218417167664
vn 0.05334945768117905 -0.024980831891298294 0.998263418674469
vn 0.025658564642071724 0.015154634602367878 0.9995558857917786
vn -0.44607478380203247 -0.12519438564777374 0.8861961960792542
vn -0.08392304182052612 0.13740159571170807 0.9869537353515625
vn 0.022194042801856995 0.014783062972128391 0.9996444582939148
vn 0.034274548292160034 0.19211538136005402 0.9807736277580261
vn -0.002344124484807253 0.05977650359272957 0.9982090592384338
vn 0.10487629473209381 0.2495231181383133 0.9626729488372803
vn -0.11202085763216019 0.1981489360332489 0.9737496376037598
vn -0.06442555785179138 0.030473865568637848 0.9974571466445923
vn -0.16681425273418427 -0.07693441957235336 0.9829822778701782
vn 0.1153130829334259 -0.004719252698123455 0.9933180212974548
vn 0.19588643312454224 0.12551181018352509 0.972561240196228
vn 0.21177484095096588 0.01517364103347063 0.9772006869316101
vn -0.005439181812107563 -0.00935770757496357 0.9999414682388306
vn -0.11254967749118805 0.28775539994239807 0.9510675072669983
vn -0.21562781929969788 0.059210404753685 0.9746788740158081
vn -0.026321787387132645 -0.02190835401415825 0.9994134306907654
vn 0.05436386168003082 -0.005147396121174097 0.9985079765319824
vn -0.20199361443519592 -0.15024854242801666 0.9677934050559998
vn 0.0013073132140561938 0.005663242191076279 0.9999831318855286
vn -0.10517667233943939 -0.05490155890583992 0.992936909198761
vn -0.27294987440109253 0.006919806357473135 0.9620034098625183
vn 0.035771485418081284 -0.01291241217404604 0.9992765784263611
vn 0.19053347408771515 -0.033228255808353424 0.9811182618141174
vn -0.20968540012836456 -0.18335171043872833 0.9604239463806152
vn -0.007960354909300804 0.01846221275627613 0.9997978806495667
vn 0.0916793942451477 0.020903244614601135 0.9955691695213318
vn -0.10381379723548889 -0.10790323466062546 0.9887262582778931
vn -0.027222299948334694 0.0281267948448658 0.999233603477478
vn 0.048102207481861115 0.013997274450957775 0.9987443685531616
vn 0.11068569868803024 -0.07985492050647736 0.9906421899795532
vn 0.1988648623228073 -0.1294611543416977 0.9714384078979492
vn -0.020553596317768097 -0.01662997156381607 0.9996504783630371
vn -0.15749892592430115 0.05758904665708542 0.9858385324478149
vn 0.011986634694039822 0.09249464422464371 0.9956410527229309
vn -0.18420690298080444 -0.26160696148872375 0.9474331736564636
vn -0.109072245657444 -0.14332400262355804 0.9836470484733582
vn -0.09766487032175064 -0.018675725907087326 0.9950441122055054
vn -0.3929934501647949 0.11550446599721909 0.9122581481933594
vn -0.008370979689061642 -0.00428134435787797 0.9999558329582214
vn 0.017300138249993324 0.01898040622472763 0.9996702075004578
vn -0.008519687689840794 0.15949058532714844 0.987162709236145
vn 0.016958585008978844 0.2632819712162018 0.9645698666572571
vn -0.04677058383822441 0.04092315584421158 0.9980670213699341
vn -0.1145305335521698 -0.04743139073252678 0.9922868013381958
vn 0.07222165912389755 -0.033497102558612823 0.9968259930610657
vn 0.014410426840186119 0.0050958991050720215 0.9998831748962402
vn 0.1406519114971161 0.12435159832239151 0.9822188019752502
vn 0.1898176521062851 0.29330775141716003 0.9369844198226929
vn -0.07305669784545898 0.35612058639526367 0.9315797686576843
vn 0.05941929295659065 0.02203986980021 0.9979897737503052
vn 0.0021910446230322123 0.4081862270832062 0.9128960967063904
vn -0.10281850397586823 0.2279672473669052 0.9682248830795288
vn 0.0732106864452362 0.08511694520711899 0.9936776757240295
vn 0.010287762619554996 0.13745513558387756 0.9904545545578003
vn 0.23089678585529327 0.044475097209215164 0.971961259841919
vn 0.3611757159233093 0.14440712332725525 0.9212484359741211
vn -0.14867879450321198 0.4145091772079468 0.8978177905082703
vn -0.16693446040153503 -0.09285637736320496 0.9815857410430908
vn -0.27301520109176636 -0.04146822541952133 0.9611155390739441
vn -0.3524949252605438 -0.09707034379243851 0.930765688419342
vn 0.12971562147140503 -0.13661940395832062 0.9820942282676697
vn 0.03840818256139755 -0.05395787954330444 0.9978042840957642
vn -0.12309382110834122 0.15262791514396667 0.980587899684906
vn -0.07924295216798782 -0.036227453500032425 0.9961968064308167
vn -0.018245549872517586 -0.0005109056946821511 0.9998334646224976
vn -0.012869642116129398 0.016110830008983612 0.9997873902320862
vn 0.09805420786142349 0.22699925303459167 0.9689462184906006
vn -0.05361437052488327 0.3387848436832428 0.9393350481987
vn -0.08009137958288193 0.035162799060344696 0.9961671829223633
vn 0.001464443514123559 -0.007251950446516275 0.9999726414680481
vn -0.42318761348724365 -0.07572606205940247 0.9028720259666443
vn 0.19596713781356812 0.021630385890603065 0.98037189245224
vn 0.2164304405450821 0.18256068229675293 0.9590774178504944
vn 0.1888016313314438 0.3363824486732483 0.9226054549217224
vn -0.21785886585712433 0.2233937829732895 0.9500699043273926
vn -0.22825300693511963 -0.06838223338127136 0.9711974859237671
vn 0.12986403703689575 -0.19812023639678955 0.9715368151664734
vn -0.2903931438922882 0.07364027202129364 0.9540696740150452
vn 0.4145742654800415 0.08457164466381073 0.9060772061347961
vn 0.010987648740410805 -0.016577094793319702 0.9998022317886353
vn 0.3417348265647888 0.18625487387180328 0.9211549758911133
vn -0.1858712136745453 -0.00866828951984644 0.9825358986854553
vn 0.24358195066452026 0.021758390590548515 0.9696362614631653
vn -0.04222389683127403 -0.06886553019285202 0.9967319965362549
vn -0.3851691484451294 -0.017557775601744652 0.9226790070533752
vn -0.28695032000541687 -0.23125441372394562 0.9296133518218994
vn -0.15734396874904633 -0.06307996064424515 0.9855272173881531
vn 0.09875179082155228 -0.17471431195735931 0.9796545505523682
vn 0.02995438314974308 0.0025327173061668873 0.999548077583313
vn 0.37340351939201355 -0.09375321865081787 0.9229193329811096
vn 0.06834633648395538 -0.05168532952666283 0.996321976184845
vn -0.1405779868364334 -0.14103376865386963 0.9799731373786926
vn 0.008586754091084003 -0.039504051208496094 0.9991825222969055
vn -0.26161471009254456 -0.21387125551700592 0.9411784410476685
vn 0.022989680990576744 0.004591252654790878 0.9997251629829407
vn 0.1307874321937561 -0.10135016590356827 0.9862164258956909
vn 0.2596953213214874 -0.31331920623779297 0.913449227809906
vn -0.19778649508953094 -0.37081781029701233 0.9073999524116516
vn -0.35169893503189087 -0.0654340535402298 0.9338235259056091
vn -0.2915801405906677 -0.21752680838108063 0.9314844012260437
vn -0.11007707566022873 -0.10858438163995743 0.9879739284515381
vn 0.3070191740989685 -0.11804915964603424 0.9443535804748535
vn 0.44851991534233093 -0.050334736704826355 0.8923543691635132
vn -0.0028759182896465063 -0.00899223331362009 0.9999554753303528
vn -0.3634556829929352 -0.1639299988746643 0.9170752167701721
vn 0.17749187350273132 -0.3681317865848541 0.9126750230789185
vn 0.08948059380054474 -0.43857038021087646 0.8942310810089111
vn 0.3027634024620056 -0.13273483514785767 0.9437774419784546
vn -0.08452602475881577 -0.04423061013221741 0.9954391121864319
vn -0.033276479691267014 -0.01733635552227497 0.9992958307266235
vn -0.15161676704883575 -0.07583462446928024 0.9855260252952576
vn 0.028607528656721115 -0.05349767580628395 0.9981580972671509
vn 0.034965790808200836 -0.2629106938838959 0.9641863703727722
vn -0.10722953826189041 -0.3230046033859253 0.9403030872344971
vn 0.19153226912021637 -0.2705422043800354 0.9434629678726196
vn 0.10723859071731567 -0.29457855224609375 0.9495911598205566
vn -0.008686717599630356 0.006786985322833061 0.9999392628669739
vn 0.35829219222068787 -0.29064375162124634 0.8872163891792297
vn 0.1696571409702301 -0.43333473801612854 0.8851200342178345
vn -0.09676148742437363 -0.12051201611757278 0.9879848957061768
vn -0.29345059394836426 -0.3093084394931793 0.9045524001121521
vn -0.08299119770526886 -0.3976263105869293 0.9137865304946899
vn 0.03649391978979111 -0.17009392380714417 0.9847518801689148
vn -0.004108064342290163 -0.04526429995894432 0.998966634273529
vn 0.04259169474244118 -0.05502793937921524 0.9975759983062744
vn 0.03192313387989998 -0.24439489841461182 0.9691502451896667
vn -0.3083438277244568 -0.21597222983837128 0.9264340996742249
vn 0.09761857986450195 -0.35700345039367676 0.9289882779121399
vn -0.15188585221767426 -0.1775197684764862 0.9723258018493652
vn 0.11269398033618927 -0.29185751080513 0.949799656867981
vn 0.0006379463593475521 -0.033075377345085144 0.9994527101516724
vn -0.007949008606374264 -0.016442162916064262 0.9998332262039185
vn -0.012607187032699585 -0.10520339757204056 0.9943708777427673
vn 0.1179526224732399 -0.20031188428401947 0.9726060032844543
vn 0.02975447289645672 -0.06226986646652222 0.9976157546043396
vn -0.0014397272607311606 -0.014032150618731976 0.9999005198478699
vn -0.03580968454480171 -0.06405262649059296 0.99730384349823
vn -0.057454824447631836 -0.22920836508274078 0.9716802835464478
vn 0.016912126913666725 -0.26461127400398254 0.964206874370575
vn -0.05474216118454933 -0.1715106964111328 0.9836602210998535
vn -0.07910875231027603 -0.35471978783607483 0.9316200017929077
vn 0.17224512994289398 0.17004379630088806 0.9702663421630859
vn -0.11352071911096573 -0.06531370431184769 0.9913864731788635
vn -0.0033031064085662365 -0.2134300172328949 0.9769527912139893
vn -0.11063048243522644 0.408024400472641 0.9062433838844299
vn 0.3435813784599304 0.1859675943851471 0.9205259084701538
vn 0.15317055583000183 0.24442161619663239 0.9574950933456421
vn -0.20963963866233826 0.178361177444458 0.9613733291625977
vn -0.2729596197605133 0.1726396083831787 0.9464083313941956
vn 0.07565583288669586 0.2758084535598755 0.9582306742668152
vn -0.3171916604042053 0.2586683928966522 0.9124035239219666
vn 0.4506896436214447 0.04958136007189751 0.8913027048110962
vn -0.3249705135822296 -0.08148087561130524 0.9422075748443604
vn -0.3734492361545563 -0.2782212495803833 0.8849455714225769
vn 0.3432740271091461 -0.24189414083957672 0.9075517654418945
vn -0.2815423607826233 -0.34849995374679565 0.8940256237983704
vn -0.041621167212724686 -0.19800078868865967 0.979317843914032
vn 0.0930040255188942 -0.3705427348613739 0.924147367477417
vn -0.07037625461816788 -0.2925873398780823 0.9536455869674683
vn -0.03417086601257324 0.2742461860179901 0.9610522389411926
vn -0.014583361335098743 0.06722062826156616 0.9976315498352051
vn -0.14304283261299133 0.11074555665254593 0.9835010170936584
vn 0.1882195770740509 -0.04062710702419281 0.981286346912384
vn -0.2059469223022461 -0.13115917146205902 0.9697335958480835
vn -0.029159260913729668 -0.10521475970745087 0.9940219521522522
f 1//1 2//2 3//3
f 2//2 4//4 3//3
f 4//4 5//5 3//3
f 1//1 6//6 2//2
f 7//7 8//8 5//5
f 2//2 6//6 9//9
f 10//10 2//2 9//9
f 4//4 2//2 10//10
f 11//11 4//4 10//10
f 5//5 4//4 11//11
f 7//7 5//5 11//11
f 6//6 12//12 9//9
f 7//7 11//11 13//13
f 9//9 12//12 14//14
f 15//15 9//9 14//14
f 10//10 9//9 15//15
f 12//12 16//16 14//14
f 11//11 10//10 17//17
f 7//7 13//13 18//18
f 19//19 14//14 16//16
f 10//10 15//15 17//17
f 11//11 17//17 20//20
f 13//13 11//11 20//20
f 14//14 19//19 21//21
f 15//15 14//14 21//21
f 17//17 15//15 22//22
f 20//20 17//17 23//23
f 18//18 13//13 20//20
f 21//21 19//19 24//24
f 15//15 21//21 22//22
f 17//17 22//22 23//23
f 18//18 20//20 25//25
f 24//24 26//26 21//21
f 22//22 21//21 27//27
f 28//28 21//21 26//26
f 27//27 21//21 28//28
f 29//29 22//22 27//27
f 23//23 22//22 29//29
f 30//30 23//23 29//29
f 20//20 23//23 30//30
f 25//25 20//20 30//30
f 30//30 31//31 25//25
f 30//30 29//29 32//32
f 28//28 33//33 27//27
f 29//29 27//27 32//32
f 32//32 27//27 33//33
f 30//30 32//32 34//34
f 31//31 30//30 34//34
f 35//35 34//34 32//32
f 32//32 33//33 35//35
f 36//36 37//37 38//38
f 39//39 36//36 38//38
f 38//38 37//37 40//40
f 41//41 42//42 43//43
f 42//42 41//41 44//44
f 45//45 46//46 36//36
f 41//41 43//43 44//44
f 3//3 46//46 1//1
f 46//46 3//3 36//36
f 5//5 36//36 3//3
f 37//37 36//36 5//5
f 8//8 37//37 5//5
f 1//1 47//47 6//6
f 48//48 47//47 1//1
f 46//46 48//48 1//1
f 46//46 49//49 48//48
f 48//48 49//49 8//8
f 37//37 8//8 49//49
f 47//47 50//50 6//6
f 8//8 7//7 51//51
f 12//12 6//6 50//50
f 52//52 47//47 48//48
f 12//12 50//50 53//53
f 54//54 53//53 50//50
f 47//47 54//54 50//50
f 16//16 12//12 53//53
f 52//52 55//55 47//47
f 48//48 56//56 52//52
f 8//8 56//56 48//48
f 51//51 56//56 8//8
f 7//7 18//18 51//51
f 19//19 16//16 57//57
f 58//58 19//19 57//57
f 16//16 53//53 57//57
f 54//54 57//57 53//53
f 47//47 55//55 54//54
f 51//51 18//18 56//56
f 24//24 19//19 58//58
f 18//18 59//59 56//56
f 52//52 56//56 55//55
f 18//18 25//25 59//59
f 26//26 58//58 60//60
f 26//26 24//24 58//58
f 54//54 61//61 57//57
f 55//55 61//61 54//54
f 56//56 62//62 55//55
f 59//59 62//62 56//56
f 25//25 31//31 59//59
f 60//60 63//63 26//26
f 57//57 64//64 58//58
f 64//64 60//60 58//58
f 61//61 64//64 57//57
f 62//62 61//61 55//55
f 59//59 31//31 62//62
f 28//28 26//26 63//63
f 61//61 65//65 64//64
f 62//62 34//34 61//61
f 61//61 34//34 65//65
f 62//62 31//31 34//34
f 65//65 34//34 35//35
f 33//33 66//66 35//35
f 39//39 67//67 68//68
f 68//68 36//36 39//39
f 68//68 67//67 69//69
f 70//70 43//43 42//42
f 44//44 70//70 42//42
f 36//36 68//68 45//45
f 45//45 68//68 69//69
f 45//45 69//69 71//71
f 46//46 71//71 72//72
f 46//46 45//45 71//71
f 71//71 73//73 72//72
f 74//74 40//40 73//73
f 73//73 40//40 72//72
f 72//72 40//40 37//37
f 75//75 76//76 77//77
f 43//43 70//70 44//44
f 46//46 72//72 49//49
f 37//37 49//49 72//72
f 78//78 75//75 79//79
f 80//80 81//81 75//75
f 80//80 75//75 78//78
f 81//81 76//76 75//75
f 82//82 79//79 83//83
f 79//79 82//82 78//78
f 84//84 85//85 86//86
f 87//87 88//88 89//89
f 86//86 85//85 90//90
f 87//87 89//89 91//91
f 60//60 64//64 63//63
f 89//89 88//88 92//92
f 91//91 89//89 92//92
f 28//28 63//63 66//66
f 66//66 63//63 64//64
f 28//28 66//66 33//33
f 65//65 66//66 64//64
f 35//35 66//66 65//65
f 93//93 94//94 95//95
f 93//93 95//95 96//96
f 94//94 97//97 95//95
f 95//95 97//97 98//98
f 99//99 67//67 39//39
f 93//93 99//99 39//39
f 93//93 39//39 94//94
f 39//39 38//38 94//94
f 38//38 97//97 94//94
f 100//100 98//98 97//97
f 101//101 102//102 103//103
f 38//38 40//40 97//97
f 100//100 97//97 40//40
f 40//40 74//74 100//100
f 103//103 102//102 77//77
f 104//104 103//103 77//77
f 67//67 105//105 69//69
f 106//106 73//73 71//71
f 106//106 74//74 73//73
f 102//102 107//107 75//75
f 107//107 79//79 75//75
f 77//77 102//102 75//75
f 77//77 76//76 104//104
f 79//79 108//108 83//83
f 78//78 83//83 80//80
f 78//78 82//82 83//83
f 83//83 108//108 109//109
f 110//110 111//111 112//112
f 111//111 110//110 113//113
f 114//114 110//110 112//112
f 115//115 114//114 112//112
f 116//116 113//113 110//110
f 116//116 110//110 114//114
f 85//85 84//84 117//117
f 84//84 86//86 117//117
f 114//114 115//115 118//118
f 85//85 117//117 90//90
f 114//114 118//118 116//116
f 86//86 90//90 117//117
f 87//87 119//119 88//88
f 87//87 91//91 119//119
f 88//88 119//119 92//92
f 91//91 92//92 119//119
f 99//99 93//93 120//120
f 93//93 96//96 120//120
f 67//67 99//99 121//121
f 99//99 120//120 121//121
f 100//100 122//122 98//98
f 123//123 102//102 101//101
f 103//103 105//105 101//101
f 105//105 67//67 121//121
f 124//124 105//105 121//121
f 104//104 125//125 103//103
f 125//125 105//105 103//103
f 124//124 69//69 105//105
f 126//126 69//69 124//124
f 71//71 69//69 126//126
f 71//71 126//126 106//106
f 74//74 106//106 127//127
f 102//102 123//123 107//107
f 104//104 76//76 125//125
f 76//76 128//128 125//125
f 79//79 129//129 108//108
f 76//76 81//81 128//128
f 130//130 131//131 128//128
f 80//80 130//130 128//128
f 81//81 80//80 128//128
f 131//131 130//130 108//108
f 131//131 108//108 129//129
f 130//130 80//80 83//83
f 109//109 108//108 130//130
f 83//83 109//109 130//130
f 111//111 132//132 112//112
f 111//111 113//113 132//132
f 132//132 133//133 115//115
f 112//112 132//132 115//115
f 113//113 116//116 133//133
f 132//132 113//113 133//133
f 115//115 133//133 118//118
f 116//116 118//118 133//133
f 95//95 134//134 96//96
f 98//98 134//134 95//95
f 98//98 122//122 134//134
f 120//120 124//124 121//121
f 120//120 135//135 124//124
f 122//122 100//100 136//136
f 136//136 100//100 127//127
f 137//137 123//123 101//101
f 125//125 137//137 101//101
f 125//125 101//101 105//105
f 126//126 124//124 135//135
f 138//138 127//127 106//106
f 74//74 127//127 100//100
f 137//137 131//131 123//123
f 138//138 106//106 126//126
f 79//79 107//107 129//129
f 123//123 129//129 107//107
f 123//123 131//131 129//129
f 137//137 128//128 131//131
f 137//137 125//125 128//128
f 96//96 139//139 120//120
f 134//134 139//139 96//96
f 140//140 136//136 127//127
f 126//126 135//135 138//138
f 127//127 138//138 140//140
f 134//134 122//122 136//136
f 141//141 134//134 136//136
f 139//139 135//135 120//120
f 142//142 135//135 139//139
f 141//141 142//142 139//139
f 136//136 140//140 141//141
f 140//140 142//142 141//141
f 138//138 135//135 142//142
f 140//140 138//138 142//142
f 134//134 141//141 139//139
f 143//143 144//144 145//145
f 144//144 143//143 146//146
f 143//143 145//145 147//147
f 146//146 143//143 147//147
f 144//144 148//148 145//145
f 144//144 146//146 148//148
f 145//145 148//148 147//147
f 146//146 147//147 148//148
f 149//149 150//150 151//151
f 149//149 152//152 150//150
f 153//153 154//154 155//155
f 150//150 152//152 156//156
f 154//154 150//150 156//156
f 155//155 154//154 157//157
f 158//158 159//159 160//160
f 152//152 158//158 161//161
f 156//156 152//152 161//161
f 154//154 156//156 162//162
f 160//160 159//159 163//163
f 161//161 158//158 160//160
f 156//156 161//161 162//162
f 159//159 164//164 163//163
f 161//161 160//160 165//165
f 162//162 161//161 165//165
f 162//162 165//165 166//166
f 162//162 166//166 167//167
f 165//165 160//160 163//163
f 165//165 163//163 166//166
f 168//168 164//164 169//169
f 170//170 164//164 168//168
f 163//163 164//164 170//170
f 166//166 163//163 170//170
f 167//167 166//166 171//171
f 166//166 170//170 172//172
f 173//173 166//166 172//172
f 173//173 171//171 166//166
f 169//169 174//174 168//168
f 172//172 170//170 168//168
f 168//168 174//174 175//175
f 175//175 172//172 168//168
f 176//176 172//172 177//177
f 173//173 172//172 176//176
f 178//178 179//179 180//180
f 179//179 181//181 180//180
f 182//182 183//183 184//184
f 179//179 178//178 185//185
f 184//184 186//186 187//187
f 182//182 184//184 187//187
f 185//185 188//188 179//179
f 186//186 181//181 179//179
f 188//188 185//185 189//189
f 179//179 188//188 190//190
f 191//191 179//179 190//190
f 186//186 179//179 191//191
f 187//187 186//186 191//191
f 182//182 187//187 192//192
f 188//188 189//189 193//193
f 190//190 188//188 194//194
f 195//195 196//196 197//197
f 197//197 196//196 189//189
f 189//189 196//196 193//193
f 194//194 188//188 151//151
f 187//187 191//191 198//198
f 199//199 200//200 192//192
f 192//192 187//187 201//201
f 201//201 199//199 192//192
f 149//149 193//193 196//196
f 188//188 193//193 149//149
f 151//151 188//188 149//149
f 191//191 190//190 202//202
f 187//187 198//198 201//201
f 195//195 203//203 204//204
f 195//195 204//204 196//196
f 196//196 204//204 205//205
f 153//153 194//194 151//151
f 155//155 194//194 153//153
f 190//190 194//194 202//202
f 202//202 194//194 155//155
f 198//198 191//191 202//202
f 199//199 201//201 206//206
f 149//149 196//196 205//205
f 201//201 198//198 207//207
f 153//153 151//151 150//150
f 154//154 153//153 150//150
f 201//201 207//207 206//206
f 152//152 149//149 158//158
f 157//157 202//202 155//155
f 198//198 202//202 157//157
f 204//204 203//203 208//208
f 149//149 205//205 158//158
f 207//207 198//198 157//157
f 209//209 206//206 207//207
f 205//205 204//204 159//159
f 158//158 205//205 159//159
f 207//207 157//157 210//210
f 209//209 207//207 210//210
f 203//203 211//211 212//212
f 203//203 212//212 208//208
f 210//210 157//157 213//213
f 159//159 204//204 208//208
f 157//157 154//154 162//162
f 213//213 157//157 214//214
f 157//157 162//162 214//214
f 215//215 210//210 213//213
f 212//212 211//211 216//216
f 159//159 208//208 164//164
f 164//164 208//208 212//212
f 214//214 162//162 167//167
f 217//217 215//215 213//213
f 217//217 213//213 214//214
f 212//212 216//216 218//218
f 164//164 212//212 169//169
f 219//219 218//218 216//216
f 212//212 218//218 169//169
f 220//220 217//217 214//214
f 220//220 214//214 167//167
f 167//167 171//171 220//220
f 218//218 221//221 169//169
f 173//173 222//222 171//171
f 220//220 171//171 223//223
f 169//169 221//221 174//174
f 223//223 171//171 222//222
f 174//174 221//221 224//224
f 175//175 177//177 172//172
f 225//225 218//218 219//219
f 174//174 224//224 175//175
f 173//173 176//176 222//222
f 226//226 223//223 222//222
f 221//221 218//218 227//227
f 227//227 218//218 225//225
f 224//224 221//221 227//227
f 224//224 227//227 228//228
f 175//175 224//224 229//229
f 177//177 175//175 229//229
f 176//176 177//177 230//230
f 231//231 226//226 222//222
f 229//229 224//224 228//228
f 177//177 229//229 230//230
f 222//222 176//176 231//231
f 176//176 230//230 231//231
f 228//228 227//227 232//232
f 233//233 230//230 229//229
f 234//234 232//232 227//227
f 233//233 229//229 228//228
f 233//233 231//231 230//230
f 232//232 234//234 235//235
f 228//228 232//232 236//236
f 233//233 228//228 236//236
f 237//237 231//231 233//233
f 232//232 235//235 236//236
f 238//238 236//236 235//235
f 236//236 238//238 233//233
f 237//237 233//233 238//238
f 237//237 238//238 239//239
f 240//240 241//241 242//242
f 241//241 243//243 242//242
f 241//241 240//240 244//244
f 243//243 241//241 183//183
f 245//245 243//243 183//183
f 241//241 244//244 181//181
f 245//245 183//183 246//246
f 246//246 247//247 245//245
f 241//241 181//181 186//186
f 183//183 241//241 186//186
f 244//244 178//178 180//180
f 181//181 244//244 180//180
f 184//184 183//183 186//186
f 185//185 178//178 248//248
f 183//183 182//182 246//246
f 249//249 246//246 182//182
f 248//248 250//250 185//185
f 249//249 182//182 192//192
f 251//251 197//197 250//250
f 250//250 197//197 185//185
f 252//252 249//249 192//192
f 189//189 185//185 197//197
f 252//252 192//192 253//253
f 253//253 192//192 200//200
f 197//197 251//251 195//195
f 251//251 254//254 195//195
f 253//253 200//200 255//255
f 255//255 200//200 199//199
f 203//203 254//254 256//256
f 195//195 254//254 203//203
f 257//257 255//255 199//199
f 206//206 257//257 199//199
f 206//206 209//209 257//257
f 258//258 259//259 256//256
f 209//209 260//260 257//257
f 256//256 259//259 211//211
f 203//203 256//256 211//211
f 215//215 260//260 209//209
f 209//209 210//210 215//215
f 217//217 261//261 215//215
f 262//262 216//216 211//211
f 220//220 261//261 217//217
f 219//219 216//216 263//263
f 223//223 264//264 220//220
f 265//265 219//219 263//263
f 226//226 264//264 223//223
f 265//265 225//225 219//219
f 226//226 231//231 266//266
f 267//267 226//226 266//266
f 227//227 225//225 265//265
f 231//231 268//268 266//266
f 269//269 234//234 227//227
f 268//268 270//270 266//266
f 268//268 231//231 237//237
f 235//235 234//234 271//271
f 237//237 272//272 268//268
f 238//238 235//235 273//273
f 239//239 238//238 274//274
f 275//275 238//238 273//273
f 240//240 276//276 277//277
f 278//278 279//279 280//280
f 242//242 276//276 240//240
f 240//240 277//277 281//281
f 278//278 242//242 243//243
f 279//279 278//278 245//245
f 245//245 278//278 243//243
f 247//247 279//279 245//245
f 281//281 282//282 244//244
f 240//240 281//281 244//244
f 283//283 284//284 247//247
f 282//282 285//285 248//248
f 247//247 246//246 283//283
f 282//282 248//248 178//178
f 244//244 282//282 178//178
f 250//250 285//285 286//286
f 285//285 250//250 248//248
f 249//249 283//283 246//246
f 283//283 287//287 288//288
f 252//252 283//283 249//249
f 287//287 283//283 252//252
f 287//287 289//289 288//288
f 286//286 290//290 250//250
f 287//287 252//252 253//253
f 250//250 290//290 251//251
f 290//290 291//291 251//251
f 251//251 291//291 254//254
f 291//291 292//292 254//254
f 254//254 292//292 256//256
f 293//293 294//294 255//255
f 256//256 292//292 258//258
f 257//257 293//293 255//255
f 260//260 293//293 257//257
f 260//260 295//295 293//293
f 259//259 296//296 211//211
f 215//215 295//295 260//260
f 215//215 261//261 295//295
f 296//296 262//262 211//211
f 262//262 263//263 216//216
f 261//261 220//220 264//264
f 297//297 264//264 267//267
f 226//226 267//267 264//264
f 270//270 298//298 267//267
f 266//266 270//270 267//267
f 299//299 269//269 265//265
f 265//265 269//269 227//227
f 270//270 268//268 272//272
f 234//234 269//269 300//300
f 301//301 270//270 272//272
f 234//234 300//300 271//271
f 302//302 271//271 300//300
f 235//235 271//271 273//273
f 239//239 272//272 237//237
f 239//239 303//303 272//272
f 275//275 274//274 238//238
f 301//301 272//272 304//304
f 274//274 303//303 239//239
f 273//273 305//305 275//275
f 306//306 303//303 274//274
f 307//307 274//274 275//275
f 308//308 309//309 280//280
f 310//310 308//308 280//280
f 276//276 311//311 277//277
f 312//312 276//276 242//242
f 309//309 312//312 242//242
f 278//278 309//309 242//242
f 280//280 309//309 278//278
f 279//279 313//313 280//280
f 310//310 280//280 313//313
f 314//314 277//277 311//311
f 315//315 310//310 313//313
f 316//316 314//314 311//311
f 281//281 277//277 314//314
f 279//279 247//247 284//284
f 313//313 279//279 284//284
f 311//311 317//317 316//316
f 282//282 314//314 285//285
f 281//281 314//314 282//282
f 313//313 284//284 318//318
f 315//315 313//313 288//288
f 317//317 319//319 316//316
f 314//314 316//316 285//285
f 318//318 284//284 283//283
f 313//313 318//318 288//288
f 315//315 288//288 289//289
f 320//320 315//315 289//289
f 316//316 319//319 286//286
f 285//285 316//316 286//286
f 288//288 318//318 283//283
f 320//320 289//289 321//321
f 319//319 322//322 286//286
f 322//322 323//323 290//290
f 286//286 322//322 290//290
f 287//287 253//253 289//289
f 253//253 321//321 289//289
f 290//290 323//323 291//291
f 321//321 253//253 255//255
f 291//291 323//323 324//324
f 325//325 321//321 255//255
f 292//292 291//291 324//324
f 325//325 255//255 294//294
f 294//294 326//326 325//325
f 292//292 324//324 327//327
f 326//326 294//294 328//328
f 292//292 327//327 258//258
f 328//328 294//294 293//293
f 327//327 329//329 258//258
f 330//330 328//328 293//293
f 258//258 329//329 259//259
f 295//295 330//330 293//293
f 259//259 329//329 331//331
f 259//259 331//331 296//296
f 332//332 295//295 333//333
f 296//296 331//331 334//334
f 261//261 333//333 295//295
f 262//262 296//296 334//334
f 334//334 335//335 262//262
f 262//262 335//335 263//263
f 333//333 261//261 336//336
f 337//337 333//333 336//336
f 263//263 335//335 338//338
f 261//261 264//264 297//297
f 261//261 297//297 336//336
f 263//263 338//338 339//339
f 263//263 339//339 265//265
f 298//298 340//340 267//267
f 297//297 267//267 340//340
f 338//338 341//341 342//342
f 342//342 339//339 338//338
f 299//299 339//339 342//342
f 339//339 299//299 265//265
f 270//270 340//340 298//298
f 340//340 270//270 301//301
f 343//343 340//340 301//301
f 343//343 344//344 340//340
f 269//269 299//299 345//345
f 269//269 345//345 300//300
f 300//300 345//345 302//302
f 271//271 302//302 305//305
f 303//303 304//304 272//272
f 273//273 271//271 305//305
f 304//304 303//303 306//306
f 301//301 304//304 346//346
f 346//346 343//343 301//301
f 347//347 305//305 348//348
f 275//275 305//305 347//347
f 307//307 306//306 274//274
f 307//307 275//275 347//347
f 349//349 346//346 304//304
f 349//349 304//304 306//306
f 307//307 347//347 350//350
f 351//351 307//307 350//350
f 306//306 307//307 351//351
f 352//352 306//306 351//351
f 352//352 349//349 306//306
f 312//312 353//353 354//354
f 355//355 353//353 312//312
f 309//309 355//355 312//312
f 308//308 356//356 357//357
f 276//276 354//354 311//311
f 312//312 354//354 276//276
f 310//310 356//356 308//308
f 358//358 356//356 310//310
f 358//358 310//310 315//315
f 359//359 358//358 315//315
f 311//311 360//360 317//317
f 359//359 315//315 320//320
f 359//359 320//320 361//361
f 317//317 360//360 362//362
f 362//362 319//319 317//317
f 363//363 361//361 320//320
f 319//319 362//362 322//322
f 362//362 364//364 323//323
f 362//362 323//323 322//322
f 320//320 321//321 363//363
f 365//365 361//361 363//363
f 323//323 364//364 324//324
f 363//363 366//366 365//365
f 324//324 364//364 367//367
f 363//363 325//325 326//326
f 321//321 325//325 363//363
f 368//368 363//363 326//326
f 366//366 363//363 368//368
f 327//327 367//367 369//369
f 324//324 367//367 327//327
f 369//369 329//329 327//327
f 329//329 370//370 331//331
f 330//330 295//295 332//332
f 331//331 370//370 371//371
f 331//331 371//371 334//334
f 332//332 333//333 372//372
f 334//334 371//371 373//373
f 335//335 334//334 373//373
f 333//333 337//337 374//374
f 374//374 372//372 333//333
f 375//375 373//373 376//376
f 335//335 375//375 338//338
f 373//373 375//375 335//335
f 377//377 337//337 336//336
f 338//338 375//375 378//378
f 336//336 297//297 379//379
f 338//338 378//378 341//341
f 379//379 380//380 336//336
f 297//297 340//340 379//379
f 340//340 344//344 379//379
f 381//381 299//299 342//342
f 343//343 382//382 344//344
f 345//345 299//299 383//383
f 383//383 384//384 345//345
f 345//345 384//384 302//302
f 385//385 382//382 343//343
f 305//305 302//302 386//386
f 302//302 384//384 386//386
f 305//305 386//386 348//348
f 346//346 385//385 343//343
f 387//387 388//388 346//346
f 348//348 389//389 347//347
f 349//349 387//387 346//346
f 390//390 387//387 349//349
f 351//351 350//350 391//391
f 352//352 351//351 392//392
f 351//351 391//391 392//392
f 390//390 349//349 352//352
f 393//393 357//357 394//394
f 393//393 355//355 309//309
f 353//353 395//395 354//354
f 309//309 308//308 393//393
f 357//357 393//393 308//308
f 354//354 396//396 311//311
f 397//397 311//311 396//396
f 359//359 398//398 358//358
f 311//311 397//397 360//360
f 399//399 360//360 397//397
f 399//399 400//400 362//362
f 360//360 399//399 362//362
f 401//401 361//361 365//365
f 400//400 402//402 364//364
f 362//362 400//400 364//364
f 364//364 402//402 367//367
f 367//367 402//402 403//403
f 369//369 367//367 403//403
f 368//368 326//326 404//404
f 369//369 403//403 405//405
f 326//326 406//406 404//404
f 326//326 328//328 406//406
f 405//405 370//370 369//369
f 329//329 369//369 370//370
f 332//332 407//407 330//330
f 408//408 371//371 370//370
f 407//407 332//332 372//372
f 409//409 408//408 410//410
f 407//407 372//372 411//411
f 371//371 408//408 409//409
f 376//376 373//373 409//409
f 409//409 373//373 371//371
f 412//412 372//372 374//374
f 412//412 411//411 372//372
f 413//413 412//412 374//374
f 374//374 337//337 377//377
f 413//413 374//374 377//377
f 376//376 378//378 375//375
f 380//380 377//377 336//336
f 380//380 379//379 414//414
f 381//381 342//342 415//415
f 379//379 344//344 382//382
f 382//382 414//414 379//379
f 414//414 382//382 416//416
f 299//299 381//381 417//417
f 417//417 383//383 299//299
f 385//385 416//416 382//382
f 385//385 346//346 388//388
f 348//348 386//386 418//418
f 348//348 418//418 389//389
f 389//389 419//419 347//347
f 419//419 350//350 347//347
f 391//391 350//350 419//419
f 352//352 420//420 390//390
f 392//392 420//420 352//352
f 421//421 422//422 423//423
f 422//422 424//424 355//355
f 423//423 422//422 355//355
f 425//425 421//421 394//394
f 426//426 427//427 395//395
f 424//424 426//426 395//395
f 355//355 424//424 353//353
f 394//394 421//421 423//423
f 428//428 425//425 394//394
f 395//395 427//427 354//354
f 353//353 424//424 395//395
f 393//393 423//423 355//355
f 394//394 423//423 393//393
f 427//427 396//396 354//354
f 394//394 357//357 428//428
f 357//357 356//356 428//428
f 429//429 428//428 430//430
f 430//430 428//428 356//356
f 399//399 397//397 431//431
f 396//396 431//431 397//397
f 356//356 358//358 430//430
f 358//358 398//398 430//430
f 398//398 359//359 432//432
f 432//432 359//359 361//361
f 433//433 432//432 361//361
f 434//434 435//435 400//400
f 399//399 434//434 400//400
f 361//361 401//401 433//433
f 435//435 436//436 437//437
f 435//435 437//437 400//400
f 438//438 433//433 401//401
f 402//402 437//437 439//439
f 400//400 437//437 402//402
f 440//440 402//402 439//439
f 402//402 440//440 403//403
f 441//441 366//366 442//442
f 365//365 366//366 441//441
f 403//403 440//440 405//405
f 366//366 368//368 443//443
f 443//443 442//442 366//366
f 444//444 445//445 446//446
f 446//446 445//445 447//447
f 447//447 445//445 448//448
f 448//448 449//449 450//450
f 368//368 404//404 443//443
f 451//451 452//452 444//444
f 445//445 444//444 452//452
f 448//448 445//445 453//453
f 454//454 448//448 453//453
f 449//449 448//448 454//454
f 455//455 449//449 454//454
f 456//456 445//445 452//452
f 453//453 445//445 456//456
f 457//457 453//453 456//456
f 454//454 453//453 457//457
f 458//458 454//454 457//457
f 455//455 454//454 458//458
f 459//459 455//455 458//458
f 406//406 328//328 460//460
f 460//460 461//461 406//406
f 462//462 451//451 463//463
f 451//451 462//462 452//452
f 464//464 465//465 408//408
f 370//370 405//405 408//408
f 405//405 464//464 408//408
f 330//330 460//460 328//328
f 330//330 407//407 460//460
f 466//466 461//461 460//460
f 452//452 462//462 467//467
f 456//456 452//452 468//468
f 468//468 452//452 467//467
f 469//469 460//460 407//407
f 469//469 466//466 460//460
f 470//470 462//462 463//463
f 467//467 462//462 470//470
f 457//457 456//456 471//471
f 458//458 457//457 471//471
f 472//472 459//459 458//458
f 410//410 408//408 465//465
f 469//469 407//407 473//473
f 456//456 468//468 471//471
f 458//458 471//471 472//472
f 474//474 469//469 473//473
f 475//475 469//469 474//474
f 476//476 467//467 470//470
f 468//468 467//467 476//476
f 407//407 411//411 473//473
f 477//477 468//468 476//476
f 471//471 468//468 478//478
f 478//478 468//468 477//477
f 472//472 471//471 478//478
f 409//409 410//410 479//479
f 474//474 473//473 411//411
f 477//477 476//476 480//480
f 478//478 477//477 481//481
f 482//482 472//472 478//478
f 474//474 411//411 483//483
f 481//481 477//477 480//480
f 482//482 478//478 481//481
f 411//411 412//412 483//483
f 376//376 409//409 484//484
f 485//485 376//376 484//484
f 483//483 412//412 486//486
f 487//487 483//483 486//486
f 376//376 485//485 378//378
f 486//486 412//412 413//413
f 488//488 378//378 485//485
f 377//377 380//380 413//413
f 380//380 489//489 413//413
f 489//489 486//486 413//413
f 378//378 488//488 341//341
f 490//490 341//341 488//488
f 491//491 341//341 490//490
f 341//341 491//491 342//342
f 414//414 489//489 380//380
f 342//342 491//491 415//415
f 492//492 414//414 493//493
f 489//489 414//414 492//492
f 416//416 493//493 414//414
f 415//415 494//494 381//381
f 381//381 494//494 417//417
f 493//493 416//416 495//495
f 496//496 493//493 495//495
f 497//497 417//417 494//494
f 495//495 416//416 498//498
f 495//495 499//499 496//496
f 417//417 497//497 383//383
f 383//383 497//497 384//384
f 384//384 500//500 386//386
f 384//384 497//497 500//500
f 385//385 388//388 501//501
f 385//385 501//501 416//416
f 498//498 416//416 501//501
f 386//386 500//500 418//418
f 495//495 498//498 502//502
f 500//500 503//503 418//418
f 388//388 387//387 501//501
f 504//504 505//505 503//503
f 503//503 505//505 418//418
f 389//389 418//418 505//505
f 505//505 419//419 389//389
f 506//506 498//498 501//501
f 502//502 498//498 506//506
f 390//390 507//507 387//387
f 501//501 387//387 506//506
f 506//506 387//387 507//507
f 419//419 505//505 508//508
f 509//509 419//419 508//508
f 391//391 419//419 509//509
f 509//509 510//510 391//391
f 391//391 510//510 392//392
f 507//507 390//390 420//420
f 420//420 392//392 510//510
f 511//511 422//422 512//512
f 422//422 421//421 513//513
f 512//512 422//422 513//513
f 421//421 514//514 513//513
f 422//422 511//511 515//515
f 425//425 514//514 421//421
f 425//425 516//516 514//514
f 427//427 426//426 515//515
f 422//422 515//515 424//424
f 429//429 516//516 425//425
f 515//515 426//426 424//424
f 425//425 428//428 429//429
f 427//427 517//517 396//396
f 517//517 431//431 396//396
f 430//430 398//398 518//518
f 430//430 518//518 429//429
f 519//519 399//399 520//520
f 520//520 399//399 431//431
f 398//398 432//432 521//521
f 519//519 434//434 399//399
f 521//521 432//432 433//433
f 437//437 436//436 522//522
f 401//401 365//365 438//438
f 365//365 441//441 438//438
f 405//405 440//440 523//523
f 441//441 442//442 524//524
f 447//447 525//525 446//446
f 526//526 450//450 527//527
f 450//450 449//449 527//527
f 527//527 449//449 528//528
f 443//443 529//529 442//442
f 526//526 447//447 448//448
f 450//450 526//526 448//448
f 528//528 449//449 455//455
f 530//530 528//528 455//455
f 530//530 455//455 531//531
f 443//443 404//404 532//532
f 404//404 406//406 532//532
f 531//531 455//455 459//459
f 532//532 406//406 461//461
f 451//451 533//533 463//463
f 531//531 459//459 534//534
f 535//535 461//461 536//536
f 536//536 461//461 466//466
f 537//537 538//538 463//463
f 534//534 459//459 539//539
f 469//469 536//536 466//466
f 470//470 463//463 538//538
f 469//469 475//475 536//536
f 540//540 536//536 541//541
f 541//541 536//536 475//475
f 540//540 541//541 542//542
f 538//538 542//542 543//543
f 538//538 543//543 470//470
f 459//459 472//472 539//539
f 544//544 534//534 539//539
f 542//542 541//541 545//545
f 541//541 475//475 474//474
f 543//543 542//542 546//546
f 546//546 542//542 545//545
f 470//470 543//543 546//546
f 470//470 546//546 476//476
f 541//541 474//474 547//547
f 545//545 541//541 547//547
f 548//548 544//544 539//539
f 474//474 483//483 547//547
f 545//545 547//547 549//549
f 546//546 545//545 550//550
f 550//550 545//545 549//549
f 476//476 546//546 550//550
f 482//482 551//551 472//472
f 539//539 472//472 551//551
f 547//547 483//483 552//552
f 552//552 549//549 547//547
f 480//480 476//476 553//553
f 553//553 476//476 550//550
f 539//539 551//551 548//548
f 552//552 483//483 554//554
f 555//555 552//552 554//554
f 553//553 556//556 480//480
f 481//481 480//480 556//556
f 487//487 554//554 483//483
f 556//556 482//482 481//481
f 555//555 554//554 557//557
f 554//554 487//487 557//557
f 486//486 558//558 487//487
f 558//558 557//557 487//487
f 485//485 559//559 488//488
f 558//558 486//486 489//489
f 560//560 558//558 489//489
f 490//490 488//488 559//559
f 560//560 489//489 492//492
f 561//561 562//562 563//563
f 564//564 560//560 492//492
f 563//563 565//565 561//561
f 566//566 562//562 561//561
f 492//492 493//493 567//567
f 568//568 492//492 567//567
f 568//568 564//564 492//492
f 569//569 415//415 491//491
f 493//493 496//496 567//567
f 561//561 565//565 570//570
f 571//571 566//566 561//561
f 569//569 494//494 415//415
f 568//568 567//567 572//572
f 564//564 568//568 572//572
f 564//564 572//572 565//565
f 561//561 570//570 573//573
f 572//572 567//567 574//574
f 565//565 572//572 573//573
f 570//570 565//565 573//573
f 561//561 573//573 575//575
f 571//571 561//561 575//575
f 567//567 496//496 499//499
f 574//574 567//567 499//499
f 573//573 572//572 574//574
f 576//576 497//497 494//494
f 573//573 574//574 577//577
f 577//577 574//574 499//499
f 573//573 577//577 578//578
f 578//578 575//575 573//573
f 497//497 579//579 500//500
f 495//495 502//502 499//499
f 580//580 499//499 502//502
f 577//577 499//499 580//580
f 503//503 500//500 581//581
f 580//580 578//578 577//577
f 503//503 581//581 504//504
f 506//506 582//582 502//502
f 580//580 502//502 582//582
f 505//505 504//504 583//583
f 582//582 506//506 584//584
f 508//508 505//505 583//583
f 506//506 507//507 584//584
f 585//585 508//508 586//586
f 509//509 508//508 585//585
f 509//509 585//585 510//510
f 510//510 587//587 420//420
f 587//587 507//507 420//420
f 512//512 513//513 588//588
f 513//513 514//514 588//588
f 516//516 589//589 514//514
f 590//590 427//427 591//591
f 591//591 427//427 515//515
f 511//511 591//591 515//515
f 589//589 429//429 592//592
f 516//516 429//429 589//589
f 593//593 589//589 592//592
f 427//427 590//590 517//517
f 593//593 592//592 518//518
f 429//429 518//518 592//592
f 594//594 595//595 593//593
f 518//518 594//594 593//593
f 517//517 520//520 431//431
f 594//594 398//398 521//521
f 594//594 518//518 398//398
f 434//434 596//596 435//435
f 435//435 596//596 436//436
f 438//438 597//597 433//433
f 439//439 437//437 598//598
f 439//439 598//598 599//599
f 439//439 599//599 440//440
f 438//438 441//441 600//600
f 599//599 523//523 440//440
f 441//441 524//524 600//600
f 525//525 447//447 601//601
f 601//601 527//527 602//602
f 602//602 527//527 603//603
f 527//527 528//528 603//603
f 603//603 528//528 604//604
f 605//605 446//446 525//525
f 526//526 601//601 447//447
f 527//527 601//601 526//526
f 606//606 604//604 528//528
f 442//442 529//529 524//524
f 607//607 608//608 609//609
f 607//607 609//609 605//605
f 446//446 605//605 444//444
f 530//530 606//606 528//528
f 444//444 609//609 451//451
f 444//444 605//605 609//609
f 530//530 610//610 606//606
f 529//529 443//443 532//532
f 532//532 611//611 529//529
f 608//608 537//537 609//609
f 451//451 609//609 533//533
f 611//611 532//532 461//461
f 608//608 612//612 537//537
f 609//609 537//537 533//533
f 530//530 531//531 610//610
f 531//531 613//613 610//610
f 535//535 611//611 461//461
f 611//611 535//535 614//614
f 614//614 535//535 540//540
f 612//612 614//614 540//540
f 537//537 612//612 540//540
f 531//531 534//534 544//544
f 544//544 615//615 531//531
f 615//615 613//613 531//531
f 465//465 616//616 410//410
f 617//617 618//618 619//619
f 619//619 620//620 617//617
f 536//536 540//540 535//535
f 533//533 537//537 463//463
f 617//617 621//621 618//618
f 620//620 621//621 617//617
f 537//537 540//540 542//542
f 538//538 537//537 542//542
f 410//410 616//616 479//479
f 622//622 615//615 544//544
f 544//544 548//548 622//622
f 479//479 623//623 409//409
f 548//548 624//624 622//622
f 625//625 624//624 548//548
f 555//555 626//626 552//552
f 549//549 552//552 626//626
f 627//627 550//550 549//549
f 551//551 628//628 548//548
f 548//548 628//628 625//625
f 485//485 484//484 629//629
f 550//550 627//627 553//553
f 627//627 549//549 626//626
f 553//553 627//627 630//630
f 556//556 553//553 630//630
f 551//551 482//482 628//628
f 628//628 482//482 631//631
f 555//555 557//557 632//632
f 633//633 555//555 632//632
f 626//626 555//555 633//633
f 634//634 556//556 630//630
f 482//482 556//556 631//631
f 632//632 557//557 558//558
f 635//635 626//626 633//633
f 632//632 558//558 636//636
f 633//633 632//632 637//637
f 638//638 633//633 637//637
f 638//638 635//635 633//633
f 637//637 632//632 636//636
f 636//636 558//558 639//639
f 637//637 636//636 640//640
f 560//560 639//639 558//558
f 640//640 636//636 563//563
f 563//563 636//636 639//639
f 639//639 560//560 564//564
f 566//566 637//637 640//640
f 638//638 637//637 566//566
f 641//641 642//642 638//638
f 490//490 643//643 491//491
f 639//639 564//564 644//644
f 563//563 639//639 644//644
f 640//640 563//563 562//562
f 562//562 566//566 640//640
f 641//641 638//638 566//566
f 645//645 491//491 643//643
f 563//563 644//644 565//565
f 645//645 569//569 491//491
f 644//644 564//564 565//565
f 646//646 566//566 571//571
f 641//641 566//566 646//646
f 646//646 571//571 647//647
f 575//575 648//648 571//571
f 494//494 569//569 576//576
f 648//648 647//647 571//571
f 576//576 579//579 497//497
f 648//648 575//575 649//649
f 578//578 649//649 575//575
f 650//650 648//648 649//649
f 581//581 579//579 651//651
f 581//581 500//500 579//579
f 649//649 578//578 652//652
f 504//504 581//581 653//653
f 580//580 652//652 578//578
f 580//580 582//582 652//652
f 583//583 504//504 653//653
f 584//584 654//654 582//582
f 583//583 586//586 508//508
f 584//584 507//507 655//655
f 655//655 654//654 584//584
f 652//652 582//582 654//654
f 656//656 652//652 654//654
f 585//585 586//586 657//657
f 587//587 658//658 507//507
f 655//655 507//507 658//658
f 585//585 657//657 659//659
f 510//510 585//585 659//659
f 659//659 660//660 510//510
f 510//510 660//660 587//587
f 654//654 655//655 661//661
f 588//588 514//514 662//662
f 588//588 663//663 512//512
f 662//662 514//514 664//664
f 663//663 665//665 512//512
f 666//666 667//667 591//591
f 665//665 666//666 591//591
f 511//511 665//665 591//591
f 512//512 665//665 511//511
f 664//664 514//514 589//589
f 589//589 668//668 664//664
f 667//667 669//669 590//590
f 591//591 667//667 590//590
f 668//668 589//589 595//595
f 595//595 589//589 593//593
f 670//670 590//590 669//669
f 590//590 670//670 517//517
f 595//595 594//594 671//671
f 672//672 520//520 673//673
f 517//517 670//670 520//520
f 521//521 671//671 594//594
f 674//674 519//519 675//675
f 675//675 519//519 672//672
f 520//520 672//672 519//519
f 519//519 674//674 434//434
f 676//676 521//521 433//433
f 434//434 674//674 596//596
f 676//676 433//433 597//597
f 436//436 596//596 522//522
f 522//522 598//598 437//437
f 677//677 438//438 678//678
f 597//597 438//438 677//677
f 679//679 677//677 678//678
f 438//438 600//600 678//678
f 679//679 678//678 680//680
f 681//681 679//679 680//680
f 682//682 681//681 680//680
f 599//599 598//598 523//523
f 678//678 600//600 683//683
f 680//680 678//678 683//683
f 684//684 682//682 680//680
f 684//684 685//685 682//682
f 600//600 686//686 683//683
f 686//686 687//687 683//683
f 680//680 683//683 688//688
f 689//689 680//680 688//688
f 684//684 680//680 689//689
f 684//684 690//690 691//691
f 691//691 601//601 692//692
f 692//692 601//601 693//693
f 693//693 602//602 694//694
f 602//602 603//603 694//694
f 694//694 603//603 695//695
f 603//603 604//604 695//695
f 695//695 604//604 696//696
f 600//600 524//524 686//686
f 683//683 687//687 697//697
f 688//688 683//683 697//697
f 690//690 684//684 525//525
f 525//525 684//684 689//689
f 691//691 690//690 525//525
f 601//601 691//691 525//525
f 602//602 693//693 601//601
f 696//696 604//604 606//606
f 523//523 698//698 405//405
f 689//689 688//688 699//699
f 607//607 689//689 699//699
f 605//605 689//689 607//607
f 525//525 689//689 605//605
f 700//700 696//696 606//606
f 698//698 701//701 702//702
f 405//405 698//698 464//464
f 524//524 529//529 686//686
f 688//688 697//697 699//699
f 607//607 699//699 608//608
f 464//464 698//698 702//702
f 529//529 611//611 686//686
f 611//611 703//703 686//686
f 687//687 686//686 703//703
f 697//697 687//687 703//703
f 606//606 610//610 700//700
f 704//704 700//700 610//610
f 697//697 703//703 614//614
f 699//699 697//697 612//612
f 608//608 699//699 612//612
f 613//613 704//704 610//610
f 702//702 465//465 464//464
f 614//614 703//703 611//611
f 697//697 614//614 612//612
f 465//465 702//702 705//705
f 465//465 705//705 616//616
f 615//615 706//706 613//613
f 616//616 705//705 707//707
f 619//619 618//618 708//708
f 619//619 708//708 620//620
f 618//618 621//621 708//708
f 620//620 708//708 621//621
f 709//709 706//706 615//615
f 710//710 706//706 709//709
f 623//623 479//479 707//707
f 707//707 479//479 616//616
f 615//615 622//622 709//709
f 622//622 624//624 711//711
f 711//711 712//712 622//622
f 709//709 622//622 712//712
f 623//623 484//484 409//409
f 485//485 629//629 713//713
f 624//624 625//625 714//714
f 715//715 627//627 626//626
f 627//627 715//715 630//630
f 634//634 716//716 556//556
f 716//716 631//631 556//556
f 714//714 625//625 628//628
f 713//713 559//559 485//485
f 715//715 626//626 635//635
f 630//630 715//715 717//717
f 634//634 630//630 717//717
f 718//718 628//628 719//719
f 714//714 628//628 718//718
f 628//628 631//631 719//719
f 559//559 720//720 490//490
f 715//715 635//635 721//721
f 717//717 715//715 721//721
f 631//631 716//716 722//722
f 723//723 719//719 722//722
f 722//722 719//719 631//631
f 634//634 717//717 724//724
f 716//716 634//634 722//722
f 722//722 634//634 724//724
f 725//725 720//720 726//726
f 642//642 635//635 638//638
f 721//721 635//635 642//642
f 717//717 721//721 727//727
f 724//724 717//717 727//727
f 643//643 720//720 725//725
f 720//720 643//643 490//490
f 721//721 642//642 727//727
f 728//728 642//642 641//641
f 727//727 642//642 728//728
f 728//728 641//641 646//646
f 729//729 569//569 645//645
f 728//728 646//646 730//730
f 731//731 730//730 646//646
f 732//732 569//569 729//729
f 569//569 732//732 576//576
f 647//647 733//733 646//646
f 734//734 646//646 733//733
f 734//734 731//731 646//646
f 733//733 647//647 648//648
f 576//576 732//732 735//735
f 736//736 737//737 734//734
f 576//576 735//735 579//579
f 733//733 648//648 650//650
f 579//579 735//735 738//738
f 739//739 736//736 734//734
f 739//739 734//734 733//733
f 579//579 738//738 651//651
f 740//740 733//733 650//650
f 739//739 733//733 740//740
f 741//741 650//650 649//649
f 741//741 740//740 650//650
f 653//653 581//581 742//742
f 652//652 743//743 649//649
f 741//741 649//649 743//743
f 586//586 653//653 744//744
f 586//586 583//583 653//653
f 656//656 745//745 652//652
f 743//743 652//652 745//745
f 746//746 741//741 743//743
f 586//586 744//744 747//747
f 657//657 586//586 747//747
f 658//658 748//748 655//655
f 654//654 661//661 656//656
f 661//661 749//749 656//656
f 745//745 656//656 749//749
f 750//750 743//743 745//745
f 746//746 743//743 750//750
f 751//751 658//658 587//587
f 655//655 752//752 661//661
f 748//748 752//752 655//655
f 749//749 661//661 753//753
f 752//752 753//753 661//661
f 749//749 753//753 754//754
f 588//588 755//755 663//663
f 663//663 756//756 665//665
f 665//665 756//756 757//757
f 664//664 758//758 662//662
f 665//665 759//759 666//666
f 757//757 759//759 665//665
f 664//664 760//760 758//758
f 668//668 760//760 664//664
f 667//667 666//666 669//669
f 668//668 761//761 760//760
f 668//668 762//762 761//761
f 673//673 670//670 669//669
f 668//668 595//595 762//762
f 595//595 763//763 762//762
f 673//673 520//520 670//670
f 764//764 763//763 595//595
f 595//595 671//671 764//764
f 675//675 672//672 765//765
f 766//766 596//596 674//674
f 596//596 766//766 522//522
f 676//676 597//597 767//767
f 598//598 522//522 768//768
f 597//597 677//677 767//767
f 767//767 677//677 769//769
f 769//769 679//679 681//681
f 682//682 685//685 681//681
f 598//598 770//770 523//523
f 685//685 684//684 771//771
f 523//523 772//772 698//698
f 693//693 694//694 773//773
f 773//773 694//694 774//774
f 691//691 771//771 684//684
f 695//695 775//775 694//694
f 694//694 775//775 774//774
f 696//696 775//775 695//695
f 696//696 776//776 775//775
f 777//777 776//776 696//696
f 700//700 777//777 696//696
f 778//778 704//704 613//613
f 778//778 613//613 706//706
f 705//705 779//779 707//707
f 707//707 780//780 623//623
f 780//780 781//781 623//623
f 623//623 781//781 629//629
f 623//623 629//629 484//484
f 624//624 714//714 711//711
f 559//559 782//782 720//720
f 720//720 782//782 726//726
f 783//783 718//718 719//719
f 725//725 726//726 784//784
f 722//722 724//724 785//785
f 785//785 723//723 722//722
f 786//786 725//725 784//784
f 786//786 787//787 725//725
f 787//787 643//643 725//725
f 724//724 727//727 730//730
f 645//645 643//643 729//729
f 787//787 788//788 643//643
f 788//788 729//729 643//643
f 728//728 730//730 727//727
f 789//789 785//785 730//730
f 730//730 785//785 724//724
f 788//788 787//787 790//790
f 789//789 730//730 791//791
f 791//791 730//730 731//731
f 788//788 732//732 729//729
f 731//731 734//734 737//737
f 737//737 791//791 731//731
f 788//788 792//792 732//732
f 792//792 788//788 793//793
f 794//794 791//791 737//737
f 735//735 732//732 792//792
f 793//793 795//795 792//792
f 737//737 736//736 794//794
f 795//795 735//735 792//792
f 738//738 735//735 795//795
f 795//795 796//796 738//738
f 651//651 738//738 796//796
f 581//581 651//651 742//742
f 739//739 740//740 797//797
f 797//797 798//798 739//739
f 653//653 742//742 799//799
f 799//799 744//744 653//653
f 741//741 797//797 740//740
f 746//746 797//797 741//741
f 747//747 744//744 800//800
f 747//747 800//800 801//801
f 800//800 802//802 801//801
f 803//803 657//657 801//801
f 657//657 747//747 801//801
f 804//804 748//748 658//658
f 749//749 805//805 745//745
f 805//805 750//750 745//745
f 659//659 657//657 803//803
f 660//660 751//751 587//587
f 658//658 751//751 806//806
f 748//748 804//804 752//752
f 807//807 808//808 752//752
f 752//752 808//808 753//753
f 749//749 754//754 809//809
f 805//805 749//749 809//809
f 756//756 663//663 755//755
f 810//810 755//755 588//588
f 662//662 810//810 588//588
f 662//662 811//811 810//810
f 666//666 812//812 813//813
f 666//666 759//759 812//812
f 813//813 669//669 666//666
f 761//761 814//814 760//760
f 763//763 764//764 815//815
f 765//765 672//672 673//673
f 764//764 671//671 815//815
f 521//521 815//815 671//671
f 815//815 521//521 676//676
f 766//766 816//816 522//522
f 816//816 768//768 522//522
f 598//598 768//768 770//770
f 679//679 769//769 677//677
f 769//769 681//681 817//817
f 685//685 817//817 681//681
f 685//685 771//771 818//818
f 818//818 771//771 819//819
f 819//819 820//820 821//821
f 820//820 822//822 823//823
f 821//821 820//820 823//823
f 770//770 772//772 523//523
f 820//820 819//819 771//771
f 824//824 822//822 773//773
f 820//820 771//771 691//691
f 692//692 820//820 691//691
f 693//693 820//820 692//692
f 822//822 820//820 693//693
f 773//773 822//822 693//693
f 698//698 825//825 701//701
f 826//826 773//773 774//774
f 774//774 827//827 826//826
f 775//775 828//828 774//774
f 774//774 828//828 827//827
f 828//828 775//775 776//776
f 828//828 776//776 829//829
f 777//777 829//829 776//776
f 830//830 777//777 831//831
f 831//831 777//777 700//700
f 700//700 704//704 831//831
f 702//702 701//701 832//832
f 702//702 832//832 833//833
f 704//704 778//778 831//831
f 831//831 778//778 834//834
f 705//705 833//833 779//779
f 705//705 702//702 833//833
f 778//778 706//706 835//835
f 778//778 835//835 836//836
f 778//778 836//836 834//834
f 835//835 706//706 710//710
f 779//779 780//780 707//707
f 780//780 837//837 781//781
f 838//838 629//629 839//839
f 713//713 629//629 838//838
f 713//713 840//840 559//559
f 840//840 782//782 559//559
f 783//783 714//714 718//718
f 841//841 726//726 782//782
f 784//784 726//726 841//841
f 842//842 787//787 786//786
f 842//842 790//790 787//787
f 842//842 843//843 790//790
f 843//843 788//788 790//790
f 789//789 791//791 844//844
f 845//845 788//788 843//843
f 788//788 845//845 793//793
f 795//795 793//793 846//846
f 736//736 739//739 798//798
f 736//736 798//798 794//794
f 651//651 796//796 847//847
f 651//651 847//847 742//742
f 742//742 847//847 799//799
f 744//744 799//799 848//848
f 744//744 848//848 849//849
f 744//744 849//849 800//800
f 746//746 750//750 797//797
f 801//801 850//850 803//803
f 803//803 850//850 851//851
f 804//804 658//658 806//806
f 805//805 809//809 852//852
f 659//659 803//803 853//853
f 660//660 659//659 853//853
f 751//751 660//660 854//854
f 660//660 853//853 854//854
f 806//806 751//751 854//854
f 855//855 753//753 808//808
f 754//754 753//753 855//855
f 755//755 856//856 857//857
f 810//810 856//856 755//755
f 810//810 858//858 856//856
f 810//810 811//811 858//858
f 756//756 857//857 757//757
f 857//857 756//756 755//755
f 811//811 662//662 758//758
f 757//757 859//859 860//860
f 759//759 757//757 860//860
f 760//760 814//814 861//861
f 760//760 861//861 758//758
f 813//813 812//812 862//862
f 759//759 860//860 812//812
f 762//762 814//814 761//761
f 814//814 762//762 763//763
f 669//669 863//863 673//673
f 864//864 814//814 763//763
f 864//864 865//865 814//814
f 763//763 815//815 864//864
f 866//866 864//864 815//815
f 867//867 765//765 868//868
f 867//867 675//675 765//765
f 815//815 676//676 866//866
f 869//869 866//866 676//676
f 767//767 869//869 676//676
f 870//870 869//869 767//767
f 870//870 871//871 869//869
f 816//816 872//872 768//768
f 870//870 767//767 769//769
f 873//873 871//871 870//870
f 873//873 870//870 874//874
f 874//874 875//875 876//876
f 873//873 874//874 876//876
f 877//877 878//878 879//879
f 874//874 870//870 769//769
f 877//877 875//875 878//878
f 872//872 880//880 770//770
f 872//872 770//770 768//768
f 817//817 874//874 769//769
f 818//818 875//875 874//874
f 878//878 875//875 818//818
f 770//770 880//880 772//772
f 874//874 817//817 685//685
f 818//818 874//874 685//685
f 879//879 878//878 823//823
f 881//881 879//879 882//882
f 882//882 879//879 823//823
f 878//878 818//818 819//819
f 821//821 878//878 819//819
f 823//823 878//878 821//821
f 823//823 822//822 882//882
f 882//882 822//822 824//824
f 772//772 825//825 698//698
f 773//773 883//883 824//824
f 773//773 884//884 883//883
f 885//885 884//884 826//826
f 826//826 884//884 773//773
f 826//826 827//827 885//885
f 827//827 828//828 886//886
f 701//701 825//825 887//887
f 827//827 888//888 885//885
f 886//886 889//889 827//827
f 889//889 888//888 827//827
f 890//890 889//889 886//886
f 828//828 829//829 886//886
f 829//829 890//890 886//886
f 888//888 891//891 885//885
f 889//889 890//890 892//892
f 829//829 893//893 890//890
f 829//829 777//777 893//893
f 777//777 830//830 893//893
f 894//894 891//891 895//895
f 891//891 888//888 895//895
f 889//889 896//896 888//888
f 896//896 895//895 888//888
f 893//893 892//892 890//890
f 897//897 892//892 893//893
f 830//830 897//897 893//893
f 897//897 830//830 831//831
f 892//892 897//897 898//898
f 899//899 898//898 897//897
f 831//831 834//834 897//897
f 834//834 899//899 897//897
f 896//896 900//900 895//895
f 898//898 899//899 901//901
f 901//901 899//899 902//902
f 903//903 902//902 836//836
f 899//899 834//834 902//902
f 836//836 902//902 834//834
f 836//836 904//904 903//903
f 905//905 779//779 833//833
f 836//836 835//835 904//904
f 906//906 779//779 905//905
f 835//835 710//710 907//907
f 779//779 906//906 780//780
f 837//837 908//908 781//781
f 710//710 709//709 909//909
f 909//909 712//712 910//910
f 709//709 712//712 909//909
f 781//781 911//911 629//629
f 629//629 911//911 839//839
f 712//712 912//912 910//910
f 712//712 711//711 912//912
f 838//838 913//913 840//840
f 713//713 838//838 840//840
f 711//711 914//914 912//912
f 711//711 714//714 914//914
f 915//915 914//914 916//916
f 916//916 914//914 714//714
f 840//840 917//917 782//782
f 917//917 841//841 782//782
f 783//783 916//916 714//714
f 915//915 916//916 918//918
f 919//919 918//918 916//916
f 919//919 916//916 783//783
f 719//719 723//723 920//920
f 719//719 920//920 783//783
f 919//919 783//783 920//920
f 841//841 786//786 784//784
f 723//723 785//785 920//920
f 921//921 922//922 786//786
f 923//923 919//919 920//920
f 922//922 842//842 786//786
f 924//924 923//923 920//920
f 785//785 789//789 924//924
f 785//785 924//924 920//920
f 924//924 789//789 925//925
f 925//925 789//789 926//926
f 789//789 844//844 926//926
f 845//845 927//927 793//793
f 927//927 928//928 793//793
f 926//926 844//844 929//929
f 846//846 793//793 928//928
f 791//791 794//794 844//844
f 795//795 846//846 796//796
f 794//794 798//798 930//930
f 930//930 844//844 794//794
f 798//798 797//797 931//931
f 849//849 932//932 800//800
f 850//850 801//801 802//802
f 797//797 750//750 933//933
f 933//933 931//931 797//797
f 806//806 934//934 804//804
f 934//934 935//935 804//804
f 750//750 805//805 933//933
f 851//851 936//936 937//937
f 803//803 851//851 937//937
f 853//853 803//803 937//937
f 853//853 938//938 854//854
f 806//806 854//854 934//934
f 807//807 935//935 939//939
f 807//807 804//804 935//935
f 807//807 752//752 804//804
f 938//938 853//853 937//937
f 940//940 808//808 807//807
f 855//855 808//808 940//940
f 941//941 754//754 855//855
f 809//809 754//754 941//941
f 852//852 809//809 941//941
f 757//757 857//857 859//859
f 811//811 758//758 942//942
f 943//943 669//669 813//813
f 943//943 863//863 669//669
f 944//944 865//865 864//864
f 863//863 765//765 673//673
f 866//866 945//945 944//944
f 864//864 866//866 944//944
f 868//868 765//765 863//863
f 674//674 867//867 946//946
f 867//867 674//674 675//675
f 946//946 766//766 674//674
f 869//869 871//871 947//947
f 947//947 871//871 948//948
f 948//948 871//871 949//949
f 950//950 877//877 951//951
f 951//951 877//877 952//952
f 816//816 953//953 872//872
f 873//873 949//949 871//871
f 876//876 954//954 873//873
f 873//873 954//954 949//949
f 877//877 879//879 952//952
f 950//950 876//876 875//875
f 877//877 950//950 875//875
f 955//955 956//956 957//957
f 958//958 955//955 959//959
f 960//960 881//881 882//882
f 960//960 882//882 824//824
f 960//960 824//824 961//961
f 883//883 961//961 824//824
f 962//962 961//961 883//883
f 887//887 963//963 701//701
f 964//964 962//962 883//883
f 891//891 964//964 884//884
f 884//884 964//964 883//883
f 885//885 891//891 884//884
f 832//832 701//701 963//963
f 964//964 965//965 962//962
f 894//894 964//964 891//891
f 896//896 889//889 966//966
f 889//889 892//892 966//966
f 833//833 832//832 967//967
f 832//832 963//963 967//967
f 964//964 968//968 965//965
f 964//964 894//894 968//968
f 892//892 969//969 966//966
f 894//894 970//970 968//968
f 895//895 900//900 894//894
f 900//900 970//970 894//894
f 971//971 969//969 892//892
f 898//898 972//972 971//971
f 892//892 898//898 971//971
f 833//833 967//967 905//905
f 973//973 970//970 974//974
f 973//973 968//968 970//970
f 900//900 974//974 970//970
f 975//975 974//974 900//900
f 900//900 896//896 976//976
f 975//975 900//900 976//976
f 977//977 976//976 966//966
f 976//976 896//896 966//966
f 977//977 969//969 978//978
f 977//977 966//966 969//969
f 971//971 978//978 969//969
f 979//979 972//972 898//898
f 902//902 980//980 901//901
f 902//902 903//903 980//980
f 898//898 901//901 979//979
f 904//904 835//835 907//907
f 904//904 907//907 981//981
f 901//901 982//982 979//979
f 780//780 906//906 837//837
f 983//983 907//907 710//710
f 909//909 983//983 710//710
f 781//781 908//908 911//911
f 912//912 984//984 985//985
f 912//912 985//985 910//910
f 984//984 912//912 914//914
f 914//914 986//986 984//984
f 840//840 987//987 917//917
f 914//914 915//915 986//986
f 917//917 988//988 841//841
f 989//989 841//841 988//988
f 841//841 989//989 921//921
f 786//786 841//841 921//921
f 919//919 990//990 918//918
f 991//991 842//842 922//922
f 843//843 991//991 992//992
f 843//843 842//842 991//991
f 845//845 843//843 992//992
f 925//925 926//926 993//993
f 845//845 992//992 927//927
f 994//994 846//846 928//928
f 796//796 846//846 995//995
f 796//796 995//995 996//996
f 796//796 996//996 847//847
f 848//848 799//799 847//847
f 997//997 848//848 847//847
f 930//930 798//798 998//998
f 932//932 849//849 999//999
f 849//849 848//848 999//999
f 800//800 932//932 802//802
f 1000//1000 850//850 802//802
f 851//851 850//850 936//936
f 852//852 933//933 805//805
f 938//938 937//937 1001//1001
f 934//934 854//854 938//938
f 935//935 1002//1002 939//939
f 940//940 807//807 939//939
f 942//942 758//758 861//861
f 1003//1003 942//942 861//861
f 813//813 862//862 1004//1004
f 812//812 1005//1005 862//862
f 860//860 859//859 812//812
f 861//861 814//814 1006//1006
f 1006//1006 814//814 865//865
f 944//944 945//945 1007//1007
f 1008//1008 866//866 947//947
f 945//945 866//866 1008//1008
f 866//866 869//869 947//947
f 948//948 949//949 1009//1009
f 1010//1010 950//950 951//951
f 952//952 1011//1011 951//951
f 1012//1012 1013//1013 1014//1014
f 949//949 954//954 1015//1015
f 1010//1010 954//954 876//876
f 1010//1010 876//876 950//950
f 952//952 879//879 1011//1011
f 1016//1016 1011//1011 879//879
f 872//872 953//953 880//880
f 879//879 1017//1017 1016//1016
f 881//881 1017//1017 879//879
f 1018//1018 956//956 1019//1019
f 1020//1020 956//956 955//955
f 958//958 1020//1020 955//955
f 1021//1021 1017//1017 881//881
f 957//957 956//956 1018//1018
f 958//958 959//959 1022//1022
f 880//880 1023//1023 772//772
f 955//955 957//957 1024//1024
f 1025//1025 955//955 959//959
f 1025//1025 1024//1024 955//955
f 1022//1022 959//959 1025//1025
f 887//887 772//772 1023//1023
f 1028//1028 1027//1027 1026//1026
f 825//825 772//772 887//887
f 960//960 961//961 1029//1029
f 1030//1030 1028//1028 1026//1026
f 1031//1031 1029//1029 961//961
f 961//961 962//962 1031//1031
f 1032//1032 1033//1033 1026//1026
f 1031//1031 962//962 1034//1034
f 1034//1034 1035//1035 1031//1031
f 1032//1032 1030//1030 1026//1026
f 962//962 965//965 1034//1034
f 1036//1036 1037//1037 1038//1038
f 1038//1038 1037//1037 1039//1039
f 1034//1034 965//965 1040//1040
f 1039//1039 1037//1037 1041//1041
f 1039//1039 967//967 1042//1042
f 967//967 963//963 1042//1042
f 1041//1041 1037//1037 1043//1043
f 1041//1041 1044//1044 1039//1039
f 1039//1039 1044//1044 967//967
f 965//965 968//968 1040//1040
f 971//971 972//972 978//978
f 1045//1045 903//903 904//904
f 1046//1046 967//967 1044//1044
f 1047//1047 968//968 973//973
f 973//973 974//974 1047//1047
f 975//975 1048//1048 974//974
f 974//974 1048//1048 1047//1047
f 1049//1049 1050//1050 975//975
f 975//975 1050//1050 1048//1048
f 977//977 978//978 1051//1051
f 972//972 1051//1051 978//978
f 903//903 1045//1045 980//980
f 905//905 967//967 1046//1046
f 975//975 976//976 1049//1049
f 977//977 1052//1052 976//976
f 980//980 982//982 901//901
f 906//906 1046//1046 1053//1053
f 1046//1046 906//906 905//905
f 906//906 1053//1053 837//837
f 839//839 911//911 1054//1054
f 1055//1055 1054//1054 911//911
f 909//909 910//910 1056//1056
f 839//839 1054//1054 838//838
f 1056//1056 910//910 985//985
f 1057//1057 985//985 984//984
f 984//984 986//986 1057//1057
f 915//915 1058//1058 986//986
f 918//918 1058//1058 915//915
f 918//918 990//990 1059//1059
f 1058//1058 918//918 1059//1059
f 1060//1060 989//989 988//988
f 921//921 989//989 1060//1060
f 919//919 923//923 1061//1061
f 990//990 919//919 1061//1061
f 1060//1060 1062//1062 921//921
f 921//921 1062//1062 922//922
f 922//922 1062//1062 991//991
f 1063//1063 991//991 1062//1062
f 991//991 1063//1063 992//992
f 927//927 1064//1064 1065//1065
f 992//992 1064//1064 927//927
f 927//927 1065//1065 928//928
f 993//993 926//926 1066//1066
f 926//926 929//929 1066//1066
f 846//846 994//994 995//995
f 996//996 1067//1067 847//847
f 844//844 930//930 1068//1068
f 998//998 798//798 931//931
f 932//932 1000//1000 802//802
f 850//850 1000//1000 936//936
f 937//937 936//936 1069//1069
f 1069//1069 1070//1070 937//937
f 934//934 1071//1071 935//935
f 1072//1072 933//933 852//852
f 937//937 1070//1070 1073//1073
f 937//937 1073//1073 1001//1001
f 934//934 938//938 1071//1071
f 940//940 1074//1074 855//855
f 1074//1074 941//941 855//855
f 940//940 939//939 1075//1075
f 1074//1074 940//940 1075//1075
f 941//941 1074//1074 1076//1076
f 856//856 1077//1077 857//857
f 856//856 1078//1078 1077//1077
f 858//858 1078//1078 856//856
f 858//858 1079//1079 1078//1078
f 811//811 1079//1079 858//858
f 942//942 1080//1080 811//811
f 811//811 1080//1080 1079//1079
f 859//859 857//857 1081//1081
f 862//862 1005//1005 1082//1082
f 861//861 1006//1006 1003//1003
f 813//813 1004//1004 1083//1083
f 1084//1084 1005//1005 812//812
f 812//812 859//859 1084//1084
f 1085//1085 1006//1006 865//865
f 1083//1083 943//943 813//813
f 944//944 1085//1085 865//865
f 1086//1086 1085//1085 944//944
f 1087//1087 863//863 1088//1088
f 943//943 1088//1088 863//863
f 1086//1086 944//944 1007//1007
f 1007//1007 1089//1089 1086//1086
f 945//945 1090//1090 1007//1007
f 1089//1089 1007//1007 1090//1090
f 1091//1091 1089//1089 1090//1090
f 1090//1090 1008//1008 1092//1092
f 945//945 1008//1008 1090//1090
f 1092//1092 1091//1091 1090//1090
f 868//868 1093//1093 867//867
f 1092//1092 1008//1008 1094//1094
f 1094//1094 1095//1095 1092//1092
f 1091//1091 1092//1092 1095//1095
f 946//946 867//867 1093//1093
f 1094//1094 1008//1008 1096//1096
f 1008//1008 947//947 1096//1096
f 946//946 953//953 816//816
f 946//946 816//816 766//766
f 1097//1097 1096//1096 948//948
f 948//948 1096//1096 947//947
f 948//948 1098//1098 1097//1097
f 1099//1099 1100//1100 1101//1101
f 1099//1099 1101//1101 1102//1102
f 948//948 1009//1009 1098//1098
f 951//951 1103//1103 1010//1010
f 1010//1010 1103//1103 1104//1104
f 951//951 1011//1011 1105//1105
f 1106//1106 1101//1101 1100//1100
f 953//953 1107//1107 880//880
f 949//949 1108//1108 1009//1009
f 1108//1108 1098//1098 1009//1009
f 954//954 1010//1010 1109//1109
f 1101//1101 1106//1106 1110//1110
f 1111//1111 1018//1018 1019//1019
f 1020//1020 1112//1112 956//956
f 1112//1112 1019//1019 956//956
f 1113//1113 1020//1020 1114//1114
f 1113//1113 1112//1112 1020//1020
f 1020//1020 958//958 1114//1114
f 1115//1115 1114//1114 958//958
f 949//949 1116//1116 1108//1108
f 1015//1015 1116//1116 949//949
f 1117//1117 1116//1116 1015//1015
f 954//954 1117//1117 1015//1015
f 1017//1017 1021//1021 1118//1118
f 1021//1021 1119//1119 1120//1120
f 1111//1111 1121//1121 1018//1018
f 1111//1111 1122//1122 1121//1121
f 958//958 1022//1022 1115//1115
f 1023//1023 880//880 1123//1123
f 1119//1119 1021//1021 960//960
f 960//960 1021//1021 881//881
f 957//957 1018//1018 1121//1121
f 957//957 1121//1121 1122//1122
f 957//957 1122//1122 1124//1124
f 1027//1027 1022//1022 1125//1125
f 960//960 1126//1126 1119//1119
f 957//957 1124//1124 1024//1024
f 1024//1024 1025//1025 1127//1127
f 1025//1025 1125//1125 1022//1022
f 1125//1125 1127//1127 1025//1025
f 1028//1028 1125//1125 1027//1027
f 1127//1127 1125//1125 1028//1028
f 960//960 1029//1029 1126//1126
f 1033//1033 1128//1128 1026//1026
f 1029//1029 1035//1035 1126//1126
f 1129//1129 887//887 1130//1130
f 1031//1031 1035//1035 1029//1029
f 1033//1033 1032//1032 1131//1131
f 1132//1132 1036//1036 1130//1130
f 1129//1129 1130//1130 1036//1036
f 1034//1034 1133//1133 1035//1035
f 1133//1133 1134//1134 1035//1035
f 1032//1032 1135//1135 1131//1131
f 1036//1036 1038//1038 1136//1136
f 963//963 1129//1129 1042//1042
f 1129//1129 1036//1036 1042//1042
f 887//887 1129//1129 963//963
f 1036//1036 1132//1132 1037//1037
f 1133//1133 1034//1034 1040//1040
f 1038//1038 1137//1137 1136//1136
f 1038//1038 1138//1138 1137//1137
f 1038//1038 1039//1039 1138//1138
f 1138//1138 1139//1139 1137//1137
f 1138//1138 1039//1039 1042//1042
f 1133//1133 1040//1040 1140//1140
f 1141//1141 1142//1142 1143//1143
f 1142//1142 1141//1141 1144//1144
f 1145//1145 1146//1146 1032//1032
f 1043//1043 1037//1037 1147//1147
f 1041//1041 1043//1043 1137//1137
f 1137//1137 1139//1139 1041//1041
f 1041//1041 1139//1139 1044//1044
f 1040//1040 968//968 1140//1140
f 1133//1133 1140//1140 1148//1148
f 1141//1141 1143//1143 1149//1149
f 1144//1144 1141//1141 1149//1149
f 1150//1150 1146//1146 1145//1145
f 1139//1139 1151//1151 1046//1046
f 1139//1139 1046//1046 1044//1044
f 1140//1140 968//968 1047//1047
f 1140//1140 1047//1047 1148//1148
f 1047//1047 1048//1048 1148//1148
f 1152//1152 1048//1048 1050//1050
f 1153//1153 1051//1051 972//972
f 972//972 1154//1154 1153//1153
f 1154//1154 982//982 1155//1155
f 1155//1155 982//982 1156//1156
f 1045//1045 1157//1157 1156//1156
f 1145//1145 1157//1157 1158//1158
f 1145//1145 1159//1159 1157//1157
f 1158//1158 1157//1157 981//981
f 1045//1045 904//904 1157//1157
f 981//981 1157//1157 904//904
f 1158//1158 1150//1150 1145//1145
f 1050//1050 1049//1049 1160//1160
f 1050//1050 1160//1160 1152//1152
f 1161//1161 1051//1051 1153//1153
f 972//972 979//979 1154//1154
f 979//979 982//982 1154//1154
f 1045//1045 1156//1156 980//980
f 1158//1158 981//981 907//907
f 907//907 1150//1150 1158//1158
f 1049//1049 976//976 1160//1160
f 1052//1052 1162//1162 976//976
f 976//976 1162//1162 1160//1160
f 977//977 1163//1163 1052//1052
f 1051//1051 1163//1163 977//977
f 1161//1161 1163//1163 1051//1051
f 980//980 1156//1156 982//982
f 1053//1053 1164//1164 837//837
f 837//837 1164//1164 908//908
f 1164//1164 1165//1165 908//908
f 908//908 1165//1165 1055//1055
f 983//983 909//909 1166//1166
f 908//908 1055//1055 911//911
f 909//909 1056//1056 1166//1166
f 1054//1054 913//913 838//838
f 985//985 1057//1057 1167//1167
f 1057//1057 1058//1058 1168//1168
f 1057//1057 986//986 1058//1058
f 917//917 987//987 988//988
f 987//987 1169//1169 988//988
f 1060//1060 988//988 1169//1169
f 1060//1060 1169//1169 1170//1170
f 1060//1060 1170//1170 1171//1171
f 1060//1060 1171//1171 1062//1062
f 1063//1063 1062//1062 1171//1171
f 1061//1061 923//923 1172//1172
f 924//924 925//925 1173//1173
f 924//924 1173//1173 923//923
f 1173//1173 1172//1172 923//923
f 1064//1064 992//992 1063//1063
f 993//993 1173//1173 925//925
f 1064//1064 1174//1174 1065//1065
f 994//994 928//928 1065//1065
f 1175//1175 993//993 1066//1066
f 847//847 1067//1067 997//997
f 844//844 1066//1066 929//929
f 844//844 1068//1068 1066//1066
f 1176//1176 1066//1066 1068//1068
f 848//848 997//997 999//999
f 998//998 1068//1068 930//930
f 1176//1176 1068//1068 1177//1177
f 999//999 1178//1178 932//932
f 932//932 1178//1178 1000//1000
f 1177//1177 1068//1068 998//998
f 936//936 1000//1000 1069//1069
f 931//931 933//933 1179//1179
f 931//931 1179//1179 998//998
f 1070//1070 1069//1069 1180//1180
f 1180//1180 1073//1073 1070//1070
f 1002//1002 935//935 1071//1071
f 933//933 1072//1072 1179//1179
f 1001//1001 1073//1073 1181//1181
f 938//938 1001//1001 1181//1181
f 938//938 1181//1181 1182//1182
f 938//938 1182//1182 1071//1071
f 1002//1002 1071//1071 1183//1183
f 1002//1002 1183//1183 939//939
f 941//941 1072//1072 852//852
f 1179//1179 1072//1072 1184//1184
f 1074//1074 1075//1075 1076//1076
f 941//941 1076//1076 1185//1185
f 1072//1072 941//941 1185//1185
f 1184//1184 1072//1072 1185//1185
f 1081//1081 857//857 1077//1077
f 942//942 1003//1003 1080//1080
f 1005//1005 1084//1084 1082//1082
f 1081//1081 1186//1186 859//859
f 1006//1006 1187//1187 1003//1003
f 1006//1006 1085//1085 1188//1188
f 1084//1084 859//859 1186//1186
f 1189//1189 1188//1188 1085//1085
f 1189//1189 1085//1085 1086//1086
f 1190//1190 1189//1189 1086//1086
f 868//868 863//863 1087//1087
f 1190//1190 1086//1086 1089//1089
f 1091//1091 1190//1190 1089//1089
f 1095//1095 1191//1191 1091//1091
f 946//946 1192//1192 953//953
f 1099//1099 1102//1102 1193//1193
f 951//951 1105//1105 1103//1103
f 1100//1100 1099//1099 1193//1193
f 1193//1193 1102//1102 1194//1194
f 1193//1193 1194//1194 1195//1195
f 1196//1196 1194//1194 1102//1102
f 1197//1197 1105//1105 1011//1011
f 1011//1011 1016//1016 1197//1197
f 1198//1198 1100//1100 1193//1193
f 1104//1104 1109//1109 1010//1010
f 1016//1016 1199//1199 1197//1197
f 1016//1016 1118//1118 1199//1199
f 1200//1200 1106//1106 1201//1201
f 1198//1198 1201//1201 1106//1106
f 1198//1198 1106//1106 1100//1100
f 1102//1102 1101//1101 1202//1202
f 1113//1113 1203//1203 1196//1196
f 1113//1113 1196//1196 1202//1202
f 1202//1202 1196//1196 1102//1102
f 1114//1114 1203//1203 1113//1113
f 1204//1204 1203//1203 1115//1115
f 1204//1204 1205//1205 1203//1203
f 1115//1115 1203//1203 1114//1114
f 1206//1206 880//880 1107//1107
f 1108//1108 1207//1207 1098//1098
f 1016//1016 1017//1017 1118//1118
f 1202//1202 1101//1101 1110//1110
f 1202//1202 1110//1110 1208//1208
f 1202//1202 1208//1208 1112//1112
f 1111//1111 1019//1019 1208//1208
f 1112//1112 1208//1208 1019//1019
f 1113//1113 1202//1202 1112//1112
f 1209//1209 1204//1204 1115//1115
f 1123//1123 880//880 1206//1206
f 1109//1109 1117//1117 954//954
f 1120//1120 1210//1210 1021//1021
f 1021//1021 1210//1210 1118//1118
f 1120//1120 1119//1119 1211//1211
f 1211//1211 1119//1119 1126//1126
f 1111//1111 1208//1208 1122//1122
f 1209//1209 1022//1022 1128//1128
f 1115//1115 1022//1022 1209//1209
f 1022//1022 1027//1027 1128//1128
f 1212//1212 1023//1023 1123//1123
f 1213//1213 1024//1024 1124//1124
f 1127//1127 1213//1213 1024//1024
f 1027//1027 1026//1026 1128//1128
f 1127//1127 1028//1028 1213//1213
f 1128//1128 1033//1033 1214//1214
f 1214//1214 1033//1033 1215//1215
f 1216//1216 1213//1213 1028//1028
f 1028//1028 1030//1030 1216//1216
f 1023//1023 1212//1212 887//887
f 1126//1126 1035//1035 1217//1217
f 1218//1218 1219//1219 1130//1130
f 887//887 1212//1212 1130//1130
f 1134//1134 1217//1217 1035//1035
f 1033//1033 1131//1131 1215//1215
f 1215//1215 1131//1131 1220//1220
f 1130//1130 1219//1219 1132//1132
f 1216//1216 1032//1032 1221//1221
f 1030//1030 1032//1032 1216//1216
f 1032//1032 1221//1221 1135//1135
f 1135//1135 1220//1220 1131//1131
f 1132//1132 1219//1219 1136//1136
f 1036//1036 1136//1136 1219//1219
f 1222//1222 1042//1042 1219//1219
f 1036//1036 1219//1219 1042//1042
f 1032//1032 1221//1221 1145//1145
f 1135//1135 1221//1221 1146//1146
f 1146//1146 1221//1221 1032//1032
f 1146//1146 1220//1220 1135//1135
f 1132//1132 1147//1147 1037//1037
f 1132//1132 1223//1223 1147//1147
f 1136//1136 1223//1223 1132//1132
f 1224//1224 1134//1134 1133//1133
f 1221//1221 1159//1159 1145//1145
f 1225//1225 1147//1147 1223//1223
f 1223//1223 1136//1136 1137//1137
f 1226//1226 1137//1137 1223//1223
f 1223//1223 1226//1226 1225//1225
f 1137//1137 1226//1226 1139//1139
f 1139//1139 1138//1138 1226//1226
f 1222//1222 1138//1138 1042//1042
f 1148//1148 1224//1224 1133//1133
f 1142//1142 1227//1227 1143//1143
f 1142//1142 1144//1144 1227//1227
f 1228//1228 1220//1220 1146//1146
f 1150//1150 1228//1228 1146//1146
f 1229//1229 1139//1139 1147//1147
f 1137//1137 1043//1043 1139//1139
f 1147//1147 1139//1139 1043//1043
f 1227//1227 1149//1149 1143//1143
f 1149//1149 1227//1227 1144//1144
f 1229//1229 1151//1151 1139//1139
f 1048//1048 1230//1230 1148//1148
f 1048//1048 1152//1152 1230//1230
f 1153//1153 1231//1231 1161//1161
f 1231//1231 1153//1153 1155//1155
f 1153//1153 1154//1154 1155//1155
f 1232//1232 1155//1155 1156//1156
f 1157//1157 1232//1232 1156//1156
f 1159//1159 1232//1232 1157//1157
f 1046//1046 1151//1151 1053//1053
f 1164//1164 1053//1053 1151//1151
f 1163//1163 1162//1162 1052//1052
f 1228//1228 907//907 1233//1233
f 1228//1228 1150//1150 907//907
f 1234//1234 1164//1164 1151//1151
f 1165//1165 1234//1234 1235//1235
f 1234//1234 1165//1165 1164//1164
f 907//907 983//983 1233//1233
f 1165//1165 1235//1235 1055//1055
f 1233//1233 983//983 1166//1166
f 1235//1235 1236//1236 1055//1055
f 1055//1055 1236//1236 1054//1054
f 1054//1054 1236//1236 1237//1237
f 913//913 1054//1054 1237//1237
f 1166//1166 1056//1056 1238//1238
f 1166//1166 1238//1238 1239//1239
f 1056//1056 985//985 1238//1238
f 840//840 913//913 1240//1240
f 1241//1241 985//985 1167//1167
f 1167//1167 1057//1057 1242//1242
f 1242//1242 1057//1057 1243//1243
f 1168//1168 1243//1243 1057//1057
f 840//840 1240//1240 987//987
f 1240//1240 1244//1244 987//987
f 987//987 1244//1244 1169//1169
f 1245//1245 1171//1171 1170//1170
f 990//990 1061//1061 1059//1059
f 1245//1245 1246//1246 1171//1171
f 1063//1063 1171//1171 1247//1247
f 1061//1061 1172//1172 1248//1248
f 1247//1247 1064//1064 1063//1063
f 1064//1064 1249//1249 1174//1174
f 994//994 1065//1065 1174//1174
f 995//995 994//994 1174//1174
f 1173//1173 993//993 1175//1175
f 996//996 995//995 1067//1067
f 1175//1175 1066//1066 1250//1250
f 1066//1066 1176//1176 1250//1250
f 997//997 1251//1251 999//999
f 999//999 1251//1251 1178//1178
f 1000//1000 1178//1178 1252//1252
f 1069//1069 1000//1000 1252//1252
f 1069//1069 1252//1252 1180//1180
f 998//998 1179//1179 1177//1177
f 1180//1180 1253//1253 1073//1073
f 1073//1073 1253//1253 1181//1181
f 1071//1071 1182//1182 1183//1183
f 939//939 1183//1183 1075//1075
f 1183//1183 1254//1254 1075//1075
f 1255//1255 1179//1179 1184//1184
f 1075//1075 1256//1256 1257//1257
f 1076//1076 1075//1075 1258//1258
f 1075//1075 1257//1257 1258//1258
f 1259//1259 1076//1076 1258//1258
f 1259//1259 1185//1185 1076//1076
f 1260//1260 1185//1185 1259//1259
f 1078//1078 1261//1261 1077//1077
f 1187//1187 1079//1079 1080//1080
f 1077//1077 1262//1262 1081//1081
f 1003//1003 1187//1187 1080//1080
f 1004//1004 862//862 1263//1263
f 1188//1188 1264//1264 1006//1006
f 1006//1006 1264//1264 1187//1187
f 1188//1188 1265//1265 1264//1264
f 1083//1083 1088//1088 943//943
f 1266//1266 1087//1087 1088//1088
f 1190//1190 1267//1267 1189//1189
f 1268//1268 868//868 1087//1087
f 1269//1269 1091//1091 1191//1191
f 1190//1190 1091//1091 1269//1269
f 868//868 1268//1268 1093//1093
f 1268//1268 1192//1192 946//946
f 1093//1093 1268//1268 946//946
f 1270//1270 1095//1095 1094//1094
f 1192//1192 1271//1271 953//953
f 1096//1096 1097//1097 1272//1272
f 1094//1094 1096//1096 1272//1272
f 1094//1094 1272//1272 1270//1270
f 953//953 1271//1271 1107//1107
f 1103//1103 1105//1105 1273//1273
f 1274//1274 1275//1275 1276//1276
f 1277//1277 1275//1275 1274//1274
f 1196//1196 1205//1205 1194//1194
f 1271//1271 1206//1206 1107//1107
f 1097//1097 1098//1098 1278//1278
f 1104//1104 1273//1273 1279//1279
f 1273//1273 1104//1104 1103//1103
f 1197//1197 1280//1280 1105//1105
f 1274//1274 1276//1276 1281//1281
f 1195//1195 1198//1198 1193//1193
f 1274//1274 1281//1281 1277//1277
f 1196//1196 1203//1203 1205//1205
f 1109//1109 1104//1104 1279//1279
f 1199//1199 1280//1280 1197//1197
f 1201//1201 1282//1282 1200//1200
f 1199//1199 1283//1283 1280//1280
f 1283//1283 1199//1199 1118//1118
f 1106//1106 1200//1200 1284//1284
f 1106//1106 1284//1284 1110//1110
f 1285//1285 1204//1204 1209//1209
f 1285//1285 1209//1209 1214//1214
f 1109//1109 1286//1286 1117//1117
f 1118//1118 1287//1287 1283//1283
f 1288//1288 1287//1287 1210//1210
f 1287//1287 1118//1118 1210//1210
f 1288//1288 1210//1210 1120//1120
f 1288//1288 1120//1120 1211//1211
f 1126//1126 1289//1289 1211//1211
f 1110//1110 1290//1290 1208//1208
f 1122//1122 1208//1208 1124//1124
f 1116//1116 1291//1291 1108//1108
f 1116//1116 1292//1292 1291//1291
f 1117//1117 1292//1292 1116//1116
f 1284//1284 1293//1293 1294//1294
f 1290//1290 1284//1284 1294//1294
f 1295//1295 1208//1208 1290//1290
f 1295//1295 1124//1124 1208//1208
f 1209//1209 1128//1128 1214//1214
f 1212//1212 1123//1123 1296//1296
f 1213//1213 1124//1124 1295//1295
f 1213//1213 1295//1295 1297//1297
f 1212//1212 1296//1296 1218//1218
f 1298//1298 1299//1299 1300//1300
f 1217//1217 1298//1298 1300//1300
f 1299//1299 1301//1301 1300//1300
f 1300//1300 1301//1301 1302//1302
f 1213//1213 1297//1297 1216//1216
f 1130//1130 1212//1212 1218//1218
f 1303//1303 1304//1304 1297//1297
f 1297//1297 1304//1304 1216//1216
f 1134//1134 1298//1298 1217//1217
f 1305//1305 1298//1298 1134//1134
f 1298//1298 1305//1305 1299//1299
f 1306//1306 1304//1304 1303//1303
f 1215//1215 1220//1220 1307//1307
f 1219//1219 1218//1218 1308//1308
f 1305//1305 1309//1309 1299//1299
f 1310//1310 1299//1299 1309//1309
f 1301//1301 1299//1299 1310//1310
f 1216//1216 1304//1304 1221//1221
f 1222//1222 1219//1219 1308//1308
f 1305//1305 1134//1134 1309//1309
f 1309//1309 1134//1134 1224//1224
f 1306//1306 1301//1301 1311//1311
f 1311//1311 1301//1301 1310//1310
f 1304//1304 1306//1306 1312//1312
f 1313//1313 1309//1309 1224//1224
f 1310//1310 1309//1309 1314//1314
f 1314//1314 1309//1309 1313//1313
f 1311//1311 1310//1310 1315//1315
f 1316//1316 1306//1306 1311//1311
f 1312//1312 1306//1306 1316//1316
f 1159//1159 1304//1304 1312//1312
f 1304//1304 1159//1159 1221//1221
f 1222//1222 1225//1225 1138//1138
f 1225//1225 1226//1226 1138//1138
f 1224//1224 1148//1148 1230//1230
f 1313//1313 1224//1224 1230//1230
f 1315//1315 1310//1310 1314//1314
f 1225//1225 1229//1229 1147//1147
f 1317//1317 1313//1313 1230//1230
f 1317//1317 1314//1314 1313//1313
f 1315//1315 1314//1314 1318//1318
f 1318//1318 1319//1319 1315//1315
f 1231//1231 1311//1311 1319//1319
f 1311//1311 1315//1315 1319//1319
f 1231//1231 1316//1316 1311//1311
f 1312//1312 1316//1316 1232//1232
f 1159//1159 1312//1312 1232//1232
f 1320//1320 1321//1321 1151//1151
f 1229//1229 1320//1320 1151//1151
f 1317//1317 1230//1230 1152//1152
f 1314//1314 1317//1317 1322//1322
f 1318//1318 1314//1314 1322//1322
f 1322//1322 1323//1323 1318//1318
f 1318//1318 1323//1323 1319//1319
f 1319//1319 1323//1323 1231//1231
f 1231//1231 1155//1155 1316//1316
f 1232//1232 1316//1316 1155//1155
f 1151//1151 1321//1321 1324//1324
f 1160//1160 1317//1317 1152//1152
f 1325//1325 1317//1317 1160//1160
f 1322//1322 1317//1317 1325//1325
f 1231//1231 1323//1323 1161//1161
f 1151//1151 1324//1324 1234//1234
f 1162//1162 1325//1325 1160//1160
f 1163//1163 1325//1325 1162//1162
f 1163//1163 1322//1322 1325//1325
f 1161//1161 1323//1323 1163//1163
f 1234//1234 1324//1324 1235//1235
f 1323//1323 1322//1322 1163//1163
f 1236//1236 1235//1235 1326//1326
f 1326//1326 1237//1237 1236//1236
f 1237//1237 1327//1327 1328//1328
f 913//913 1237//1237 1328//1328
f 985//985 1241//1241 1238//1238
f 913//913 1328//1328 1240//1240
f 1168//1168 1329//1329 1243//1243
f 1329//1329 1242//1242 1243//1243
f 1330//1330 1329//1329 1168//1168
f 1168//1168 1058//1058 1330//1330
f 1330//1330 1058//1058 1331//1331
f 1058//1058 1059//1059 1331//1331
f 1331//1331 1059//1059 1332//1332
f 1244//1244 1333//1333 1169//1169
f 1333//1333 1334//1334 1169//1169
f 1334//1334 1245//1245 1169//1169
f 1170//1170 1169//1169 1245//1245
f 1059//1059 1061//1061 1335//1335
f 1247//1247 1246//1246 1336//1336
f 1247//1247 1171//1171 1246//1246
f 1248//1248 1335//1335 1061//1061
f 1336//1336 1064//1064 1247//1247
f 1249//1249 1064//1064 1336//1336
f 1337//1337 1172//1172 1173//1173
f 1175//1175 1337//1337 1173//1173
f 1067//1067 1338//1338 997//997
f 997//997 1339//1339 1251//1251
f 1250//1250 1176//1176 1340//1340
f 1176//1176 1177//1177 1341//1341
f 1176//1176 1341//1341 1340//1340
f 1177//1177 1342//1342 1341//1341
f 1343//1343 1342//1342 1177//1177
f 1252//1252 1344//1344 1180//1180
f 1177//1177 1179//1179 1343//1343
f 1253//1253 1180//1180 1345//1345
f 1182//1182 1181//1181 1346//1346
f 1181//1181 1253//1253 1346//1346
f 1183//1183 1182//1182 1254//1254
f 1254//1254 1256//1256 1075//1075
f 1255//1255 1347//1347 1179//1179
f 1185//1185 1260//1260 1255//1255
f 1184//1184 1185//1185 1255//1255
f 1348//1348 1261//1261 1349//1349
f 1077//1077 1350//1350 1262//1262
f 1350//1350 1077//1077 1351//1351
f 1351//1351 1077//1077 1261//1261
f 1261//1261 1078//1078 1349//1349
f 1079//1079 1349//1349 1078//1078
f 1187//1187 1352//1352 1079//1079
f 1079//1079 1352//1352 1349//1349
f 1353//1353 1082//1082 1354//1354
f 1355//1355 1186//1186 1262//1262
f 1187//1187 1264//1264 1352//1352
f 1004//1004 1263//1263 1356//1356
f 1353//1353 862//862 1082//1082
f 1354//1354 1082//1082 1084//1084
f 1081//1081 1262//1262 1186//1186
f 1004//1004 1356//1356 1083//1083
f 1188//1188 1357//1357 1265//1265
f 1266//1266 1088//1088 1083//1083
f 1189//1189 1357//1357 1188//1188
f 1358//1358 1357//1357 1189//1189
f 1267//1267 1358//1358 1189//1189
f 1267//1267 1190//1190 1269//1269
f 1266//1266 1359//1359 1087//1087
f 1359//1359 1268//1268 1087//1087
f 1269//1269 1191//1191 1360//1360
f 1095//1095 1361//1361 1191//1191
f 1191//1191 1361//1361 1360//1360
f 1268//1268 1362//1362 1363//1363
f 1364//1364 1361//1361 1095//1095
f 1271//1271 1192//1192 1363//1363
f 1363//1363 1192//1192 1268//1268
f 1095//1095 1270//1270 1364//1364
f 1275//1275 1365//1365 1276//1276
f 1275//1275 1277//1277 1365//1365
f 1194//1194 1366//1366 1195//1195
f 1195//1195 1366//1366 1367//1367
f 1205//1205 1366//1366 1194//1194
f 1205//1205 1368//1368 1366//1366
f 1369//1369 1206//1206 1271//1271
f 1097//1097 1278//1278 1272//1272
f 1273//1273 1105//1105 1370//1370
f 1105//1105 1280//1280 1370//1370
f 1365//1365 1281//1281 1276//1276
f 1365//1365 1277//1277 1281//1281
f 1204//1204 1368//1368 1205//1205
f 1204//1204 1285//1285 1368//1368
f 1371//1371 1200//1200 1282//1282
f 1367//1367 1201//1201 1198//1198
f 1195//1195 1367//1367 1198//1198
f 1206//1206 1372//1372 1123//1123
f 1098//1098 1207//1207 1373//1373
f 1373//1373 1278//1278 1098//1098
f 1279//1279 1374//1374 1109//1109
f 1375//1375 1370//1370 1280//1280
f 1283//1283 1376//1376 1280//1280
f 1376//1376 1375//1375 1280//1280
f 1288//1288 1377//1377 1287//1287
f 1200//1200 1371//1371 1293//1293
f 1293//1293 1284//1284 1200//1200
f 1284//1284 1290//1290 1110//1110
f 1285//1285 1214//1214 1378//1378
f 1372//1372 1296//1296 1123//1123
f 1109//1109 1374//1374 1286//1286
f 1379//1379 1283//1283 1380//1380
f 1379//1379 1376//1376 1283//1283
f 1283//1283 1287//1287 1380//1380
f 1211//1211 1289//1289 1381//1381
f 1382//1382 1371//1371 1383//1383
f 1293//1293 1371//1371 1382//1382
f 1291//1291 1384//1384 1207//1207
f 1291//1291 1207//1207 1108//1108
f 1292//1292 1117//1117 1385//1385
f 1117//1117 1286//1286 1385//1385
f 1381//1381 1289//1289 1300//1300
f 1383//1383 1381//1381 1300//1300
f 1383//1383 1300//1300 1382//1382
f 1293//1293 1382//1382 1294//1294
f 1294//1294 1386//1386 1290//1290
f 1386//1386 1295//1295 1290//1290
f 1126//1126 1217//1217 1289//1289
f 1300//1300 1289//1289 1217//1217
f 1294//1294 1382//1382 1302//1302
f 1302//1302 1382//1382 1300//1300
f 1386//1386 1294//1294 1387//1387
f 1387//1387 1294//1294 1302//1302
f 1295//1295 1386//1386 1387//1387
f 1387//1387 1302//1302 1388//1388
f 1297//1297 1295//1295 1387//1387
f 1215//1215 1307//1307 1214//1214
f 1387//1387 1388//1388 1303//1303
f 1297//1297 1387//1387 1303//1303
f 1218//1218 1296//1296 1389//1389
f 1388//1388 1302//1302 1301//1301
f 1389//1389 1308//1308 1218//1218
f 1306//1306 1388//1388 1301//1301
f 1303//1303 1388//1388 1306//1306
f 1390//1390 1308//1308 1389//1389
f 1308//1308 1390//1390 1222//1222
f 1307//1307 1220//1220 1391//1391
f 1390//1390 1392//1392 1222//1222
f 1220//1220 1228//1228 1391//1391
f 1320//1320 1229//1229 1225//1225
f 1320//1320 1225//1225 1393//1393
f 1393//1393 1225//1225 1392//1392
f 1392//1392 1225//1225 1222//1222
f 1393//1393 1321//1321 1320//1320
f 1393//1393 1394//1394 1321//1321
f 1228//1228 1233//1233 1391//1391
f 1233//1233 1395//1395 1391//1391
f 1321//1321 1394//1394 1324//1324
f 1324//1324 1396//1396 1235//1235
f 1324//1324 1394//1394 1396//1396
f 1235//1235 1396//1396 1326//1326
f 1396//1396 1397//1397 1326//1326
f 1398//1398 1233//1233 1166//1166
f 1326//1326 1327//1327 1237//1237
f 1239//1239 1398//1398 1166//1166
f 1399//1399 1239//1239 1238//1238
f 1328//1328 1400//1400 1240//1240
f 1241//1241 1167//1167 1242//1242
f 1401//1401 1240//1240 1400//1400
f 1402//1402 1240//1240 1401//1401
f 1240//1240 1402//1402 1244//1244
f 1333//1333 1244//1244 1402//1402
f 1331//1331 1332//1332 1330//1330
f 1332//1332 1059//1059 1403//1403
f 1334//1334 1404//1404 1245//1245
f 1404//1404 1405//1405 1245//1245
f 1059//1059 1335//1335 1403//1403
f 1245//1245 1405//1405 1246//1246
f 1406//1406 1246//1246 1405//1405
f 1246//1246 1406//1406 1336//1336
f 1249//1249 1407//1407 1408//1408
f 1408//1408 1174//1174 1249//1249
f 1174//1174 1408//1408 995//995
f 1408//1408 1409//1409 1067//1067
f 1172//1172 1337//1337 1410//1410
f 1067//1067 995//995 1408//1408
f 1338//1338 1067//1067 1409//1409
f 1409//1409 1411//1411 1338//1338
f 1412//1412 1337//1337 1175//1175
f 1338//1338 1339//1339 997//997
f 1250//1250 1412//1412 1175//1175
f 1340//1340 1412//1412 1250//1250
f 1178//1178 1251//1251 1252//1252
f 1251//1251 1413//1413 1252//1252
f 1344//1344 1252//1252 1413//1413
f 1344//1344 1414//1414 1345//1345
f 1345//1345 1180//1180 1344//1344
f 1253//1253 1345//1345 1415//1415
f 1253//1253 1415//1415 1346//1346
f 1415//1415 1416//1416 1346//1346
f 1347//1347 1343//1343 1179//1179
f 1416//1416 1182//1182 1346//1346
f 1254//1254 1182//1182 1416//1416
f 1254//1254 1416//1416 1417//1417
f 1417//1417 1256//1256 1254//1254
f 1255//1255 1418//1418 1347//1347
f 1258//1258 1257//1257 1419//1419
f 1259//1259 1258//1258 1419//1419
f 1419//1419 1420//1420 1259//1259
f 1255//1255 1260//1260 1420//1420
f 1259//1259 1420//1420 1260//1260
f 1421//1421 1348//1348 1422//1422
f 1351//1351 1421//1421 1350//1350
f 1348//1348 1421//1421 1351//1351
f 1261//1261 1348//1348 1351//1351
f 1352//1352 1264//1264 1423//1423
f 1264//1264 1424//1424 1423//1423
f 1186//1186 1355//1355 1425//1425
f 1355//1355 1262//1262 1350//1350
f 1353//1353 1263//1263 862//862
f 1354//1354 1084//1084 1186//1186
f 1083//1083 1426//1426 1266//1266
f 1427//1427 1357//1357 1358//1358
f 1267//1267 1428//1428 1358//1358
f 1427//1427 1358//1358 1428//1428
f 1428//1428 1269//1269 1429//1429
f 1267//1267 1269//1269 1428//1428
f 1362//1362 1268//1268 1359//1359
f 1269//1269 1360//1360 1429//1429
f 1360//1360 1430//1430 1429//1429
f 1360//1360 1431//1431 1432//1432
f 1430//1430 1360//1360 1432//1432
f 1360//1360 1361//1361 1431//1431
f 1431//1431 1361//1361 1364//1364
f 1364//1364 1433//1433 1434//1434
f 1270//1270 1433//1433 1364//1364
f 1272//1272 1433//1433 1270//1270
f 1363//1363 1369//1369 1271//1271
f 1367//1367 1366//1366 1435//1435
f 1206//1206 1369//1369 1372//1372
f 1272//1272 1278//1278 1436//1436
f 1433//1433 1272//1272 1436//1436
f 1437//1437 1201//1201 1367//1367
f 1368//1368 1285//1285 1438//1438
f 1278//1278 1373//1373 1436//1436
f 1273//1273 1370//1370 1279//1279
f 1377//1377 1439//1439 1440//1440
f 1377//1377 1441//1441 1439//1439
f 1383//1383 1371//1371 1282//1282
f 1383//1383 1282//1282 1442//1442
f 1282//1282 1443//1443 1442//1442
f 1201//1201 1443//1443 1282//1282
f 1207//1207 1444//1444 1373//1373
f 1370//1370 1374//1374 1279//1279
f 1370//1370 1445//1445 1374//1374
f 1446//1446 1370//1370 1375//1375
f 1287//1287 1377//1377 1440//1440
f 1441//1441 1377//1377 1288//1288
f 1211//1211 1441//1441 1288//1288
f 1285//1285 1378//1378 1447//1447
f 1448//1448 1444//1444 1207//1207
f 1446//1446 1375//1375 1376//1376
f 1287//1287 1440//1440 1380//1380
f 1381//1381 1449//1449 1211//1211
f 1372//1372 1450//1450 1296//1296
f 1384//1384 1451//1451 1207//1207
f 1376//1376 1452//1452 1446//1446
f 1379//1379 1452//1452 1376//1376
f 1291//1291 1292//1292 1384//1384
f 1378//1378 1214//1214 1453//1453
f 1214//1214 1307//1307 1453//1453
f 1389//1389 1296//1296 1450//1450
f 1394//1394 1454//1454 1455//1455
f 1454//1454 1394//1394 1393//1393
f 1455//1455 1456//1456 1394//1394
f 1394//1394 1456//1456 1396//1396
f 1396//1396 1457//1457 1397//1397
f 1457//1457 1396//1396 1456//1456
f 1326//1326 1397//1397 1327//1327
f 1397//1397 1458//1458 1327//1327
f 1327//1327 1400//1400 1328//1328
f 1238//1238 1241//1241 1459//1459
f 1399//1399 1238//1238 1459//1459
f 1460//1460 1241//1241 1242//1242
f 1460//1460 1242//1242 1329//1329
f 1401//1401 1461//1461 1402//1402
f 1330//1330 1332//1332 1462//1462
f 1402//1402 1461//1461 1333//1333
f 1333//1333 1461//1461 1334//1334
f 1461//1461 1463//1463 1334//1334
f 1334//1334 1463//1463 1404//1404
f 1464//1464 1336//1336 1406//1406
f 1336//1336 1464//1464 1249//1249
f 1249//1249 1464//1464 1407//1407
f 1248//1248 1465//1465 1335//1335
f 1172//1172 1410//1410 1248//1248
f 1466//1466 1248//1248 1410//1410
f 1338//1338 1411//1411 1339//1339
f 1410//1410 1337//1337 1467//1467
f 1337//1337 1412//1412 1467//1467
f 1339//1339 1468//1468 1251//1251
f 1251//1251 1468//1468 1469//1469
f 1251//1251 1469//1469 1413//1413
f 1344//1344 1413//1413 1470//1470
f 1470//1470 1414//1414 1344//1344
f 1341//1341 1342//1342 1471//1471
f 1414//1414 1472//1472 1345//1345
f 1342//1342 1343//1343 1473//1473
f 1345//1345 1474//1474 1415//1415
f 1415//1415 1474//1474 1475//1475
f 1416//1416 1415//1415 1475//1475
f 1417//1417 1476//1476 1256//1256
f 1257//1257 1256//1256 1476//1476
f 1255//1255 1420//1420 1477//1477
f 1477//1477 1418//1418 1255//1255
f 1478//1478 1422//1422 1348//1348
f 1349//1349 1479//1479 1348//1348
f 1425//1425 1355//1355 1480//1480
f 1480//1480 1355//1355 1350//1350
f 1263//1263 1481//1481 1356//1356
f 1263//1263 1482//1482 1481//1481
f 1353//1353 1482//1482 1263//1263
f 1186//1186 1425//1425 1354//1354
f 1264//1264 1483//1483 1424//1424
f 1265//1265 1483//1483 1264//1264
f 1083//1083 1484//1484 1426//1426
f 1484//1484 1083//1083 1356//1356
f 1265//1265 1357//1357 1485//1485
f 1266//1266 1426//1426 1486//1486
f 1428//1428 1487//1487 1427//1427
f 1427//1427 1487//1487 1488//1488
f 1266//1266 1486//1486 1359//1359
f 1428//1428 1430//1430 1487//1487
f 1428//1428 1429//1429 1430//1430
f 1362//1362 1359//1359 1489//1489
f 1362//1362 1489//1489 1490//1490
f 1431//1431 1491//1491 1432//1432
f 1491//1491 1492//1492 1432//1432
f 1492//1492 1430//1430 1432//1432
f 1490//1490 1363//1363 1362//1362
f 1491//1491 1434//1434 1493//1493
f 1491//1491 1364//1364 1434//1434
f 1491//1491 1431//1431 1364//1364
f 1363//1363 1490//1490 1494//1494
f 1434//1434 1433//1433 1495//1495
f 1496//1496 1363//1363 1494//1494
f 1363//1363 1496//1496 1369//1369
f 1496//1496 1497//1497 1369//1369
f 1437//1437 1367//1367 1435//1435
f 1366//1366 1498//1498 1435//1435
f 1368//1368 1498//1498 1366//1366
f 1368//1368 1438//1438 1498//1498
f 1372//1372 1369//1369 1497//1497
f 1499//1499 1433//1433 1436//1436
f 1437//1437 1443//1443 1201//1201
f 1500//1500 1438//1438 1285//1285
f 1441//1441 1449//1449 1442//1442
f 1449//1449 1383//1383 1442//1442
f 1443//1443 1501//1501 1442//1442
f 1285//1285 1447//1447 1500//1500
f 1446//1446 1445//1445 1370//1370
f 1441//1441 1211//1211 1449//1449
f 1372//1372 1502//1502 1450//1450
f 1503//1503 1445//1445 1446//1446
f 1380//1380 1504//1504 1379//1379
f 1504//1504 1380//1380 1440//1440
f 1383//1383 1449//1449 1381//1381
f 1451//1451 1448//1448 1207//1207
f 1452//1452 1503//1503 1446//1446
f 1384//1384 1505//1505 1451//1451
f 1505//1505 1384//1384 1292//1292
f 1286//1286 1506//1506 1385//1385
f 1385//1385 1507//1507 1292//1292
f 1506//1506 1507//1507 1385//1385
f 1453//1453 1307//1307 1508//1508
f 1390//1390 1389//1389 1392//1392
f 1508//1508 1307//1307 1509//1509
f 1510//1510 1393//1393 1392//1392
f 1307//1307 1391//1391 1509//1509
f 1393//1393 1510//1510 1454//1454
f 1511//1511 1455//1455 1454//1454
f 1511//1511 1456//1456 1455//1455
f 1395//1395 1233//1233 1398//1398
f 1456//1456 1512//1512 1457//1457
f 1398//1398 1239//1239 1513//1513
f 1397//1397 1457//1457 1458//1458
f 1239//1239 1399//1399 1513//1513
f 1458//1458 1514//1514 1400//1400
f 1327//1327 1458//1458 1400//1400
f 1514//1514 1401//1401 1400//1400
f 1515//1515 1460//1460 1329//1329
f 1516//1516 1461//1461 1401//1401
f 1330//1330 1517//1517 1515//1515
f 1515//1515 1329//1329 1330//1330
f 1518//1518 1463//1463 1461//1461
f 1462//1462 1332//1332 1519//1519
f 1520//1520 1519//1519 1332//1332
f 1332//1332 1403//1403 1520//1520
f 1521//1521 1522//1522 1523//1523
f 1523//1523 1524//1524 1521//1521
f 1463//1463 1525//1525 1404//1404
f 1520//1520 1403//1403 1526//1526
f 1523//1523 1522//1522 1527//1527
f 1523//1523 1527//1527 1524//1524
f 1525//1525 1405//1405 1404//1404
f 1403//1403 1335//1335 1528//1528
f 1528//1528 1526//1526 1403//1403
f 1406//1406 1405//1405 1464//1464
f 1335//1335 1465//1465 1528//1528
f 1408//1408 1407//1407 1529//1529
f 1409//1409 1408//1408 1529//1529
f 1465//1465 1248//1248 1466//1466
f 1409//1409 1529//1529 1411//1411
f 1411//1411 1468//1468 1339//1339
f 1467//1467 1412//1412 1530//1530
f 1530//1530 1412//1412 1340//1340
f 1469//1469 1531//1531 1413//1413
f 1532//1532 1340//1340 1341//1341
f 1530//1530 1340//1340 1532//1532
f 1532//1532 1341//1341 1471//1471
f 1414//1414 1470//1470 1472//1472
f 1473//1473 1471//1471 1342//1342
f 1472//1472 1474//1474 1345//1345
f 1343//1343 1347//1347 1533//1533
f 1533//1533 1473//1473 1343//1343
f 1534//1534 1475//1475 1474//1474
f 1475//1475 1535//1535 1416//1416
f 1416//1416 1535//1535 1417//1417
f 1476//1476 1417//1417 1535//1535
f 1418//1418 1477//1477 1536//1536
f 1536//1536 1347//1347 1418//1418
f 1419//1419 1257//1257 1476//1476
f 1419//1419 1476//1476 1537//1537
f 1420//1420 1419//1419 1537//1537
f 1537//1537 1538//1538 1420//1420
f 1477//1477 1420//1420 1538//1538
f 1539//1539 1478//1478 1479//1479
f 1480//1480 1539//1539 1540//1540
f 1478//1478 1539//1539 1422//1422
f 1479//1479 1423//1423 1541//1541
f 1542//1542 1480//1480 1543//1543
f 1480//1480 1350//1350 1421//1421
f 1539//1539 1480//1480 1421//1421
f 1422//1422 1539//1539 1421//1421
f 1479//1479 1478//1478 1348//1348
f 1352//1352 1479//1479 1349//1349
f 1423//1423 1479//1479 1352//1352
f 1542//1542 1425//1425 1480//1480
f 1544//1544 1541//1541 1423//1423
f 1424//1424 1544//1544 1423//1423
f 1483//1483 1545//1545 1424//1424
f 1424//1424 1545//1545 1544//1544
f 1545//1545 1483//1483 1546//1546
f 1354//1354 1482//1482 1353//1353
f 1425//1425 1482//1482 1354//1354
f 1546//1546 1483//1483 1547//1547
f 1356//1356 1548//1548 1484//1484
f 1548//1548 1356//1356 1481//1481
f 1485//1485 1483//1483 1265//1265
f 1549//1549 1547//1547 1483//1483
f 1549//1549 1483//1483 1485//1485
f 1485//1485 1550//1550 1549//1549
f 1357//1357 1427//1427 1485//1485
f 1550//1550 1485//1485 1551//1551
f 1551//1551 1485//1485 1427//1427
f 1552//1552 1426//1426 1484//1484
f 1553//1553 1550//1550 1551//1551
f 1486//1486 1426//1426 1552//1552
f 1488//1488 1551//1551 1427//1427
f 1488//1488 1553//1553 1551//1551
f 1554//1554 1488//1488 1487//1487
f 1554//1554 1553//1553 1488//1488
f 1487//1487 1430//1430 1555//1555
f 1555//1555 1554//1554 1487//1487
f 1359//1359 1486//1486 1489//1489
f 1430//1430 1492//1492 1555//1555
f 1556//1556 1492//1492 1491//1491
f 1490//1490 1489//1489 1557//1557
f 1556//1556 1491//1491 1493//1493
f 1493//1493 1434//1434 1495//1495
f 1558//1558 1494//1494 1490//1490
f 1558//1558 1490//1490 1557//1557
f 1493//1493 1495//1495 1559//1559
f 1499//1499 1559//1559 1495//1495
f 1560//1560 1437//1437 1561//1561
f 1435//1435 1561//1561 1437//1437
f 1562//1562 1498//1498 1438//1438
f 1433//1433 1499//1499 1495//1495
f 1560//1560 1563//1563 1443//1443
f 1563//1563 1501//1501 1443//1443
f 1437//1437 1560//1560 1443//1443
f 1438//1438 1500//1500 1562//1562
f 1564//1564 1440//1440 1439//1439
f 1441//1441 1565//1565 1439//1439
f 1439//1439 1565//1565 1564//1564
f 1442//1442 1565//1565 1441//1441
f 1565//1565 1442//1442 1501//1501
f 1566//1566 1372//1372 1497//1497
f 1436//1436 1444//1444 1567//1567
f 1436//1436 1373//1373 1444//1444
f 1440//1440 1564//1564 1504//1504
f 1568//1568 1447//1447 1378//1378
f 1502//1502 1372//1372 1566//1566
f 1569//1569 1570//1570 1448//1448
f 1444//1444 1448//1448 1567//1567
f 1567//1567 1448//1448 1570//1570
f 1445//1445 1571//1571 1374//1374
f 1572//1572 1379//1379 1504//1504
f 1448//1448 1451//1451 1569//1569
f 1374//1374 1506//1506 1286//1286
f 1374//1374 1571//1571 1506//1506
f 1503//1503 1571//1571 1445//1445
f 1503//1503 1573//1573 1571//1571
f 1572//1572 1452//1452 1379//1379
f 1378//1378 1453//1453 1568//1568
f 1574//1574 1450//1450 1502//1502
f 1569//1569 1451//1451 1575//1575
f 1576//1576 1568//1568 1453//1453
f 1451//1451 1505//1505 1575//1575
f 1505//1505 1292//1292 1577//1577
f 1577//1577 1292//1292 1507//1507
f 1571//1571 1578//1578 1506//1506
f 1575//1575 1579//1579 1580//1580
f 1579//1579 1575//1575 1505//1505
f 1577//1577 1581//1581 1505//1505
f 1507//1507 1582//1582 1577//1577
f 1583//1583 1582//1582 1507//1507
f 1506//1506 1583//1583 1507//1507
f 1578//1578 1583//1583 1506//1506
f 1584//1584 1578//1578 1571//1571
f 1573//1573 1584//1584 1571//1571
f 1453//1453 1508//1508 1576//1576
f 1450//1450 1574//1574 1389//1389
f 1581//1581 1579//1579 1505//1505
f 1585//1585 1576//1576 1508//1508
f 1389//1389 1574//1574 1586//1586
f 1582//1582 1581//1581 1577//1577
f 1392//1392 1389//1389 1586//1586
f 1587//1587 1392//1392 1586//1586
f 1510//1510 1392//1392 1587//1587
f 1508//1508 1509//1509 1585//1585
f 1391//1391 1395//1395 1509//1509
f 1511//1511 1454//1454 1588//1588
f 1456//1456 1589//1589 1512//1512
f 1511//1511 1589//1589 1456//1456
f 1589//1589 1590//1590 1512//1512
f 1395//1395 1398//1398 1591//1591
f 1590//1590 1592//1592 1512//1512
f 1512//1512 1592//1592 1457//1457
f 1593//1593 1398//1398 1513//1513
f 1457//1457 1514//1514 1458//1458
f 1514//1514 1457//1457 1594//1594
f 1513//1513 1459//1459 1595//1595
f 1399//1399 1459//1459 1513//1513
f 1596//1596 1514//1514 1594//1594
f 1514//1514 1516//1516 1401//1401
f 1241//1241 1460//1460 1597//1597
f 1597//1597 1459//1459 1241//1241
f 1598//1598 1518//1518 1461//1461
f 1516//1516 1598//1598 1461//1461
f 1598//1598 1599//1599 1518//1518
f 1330//1330 1462//1462 1519//1519
f 1330//1330 1519//1519 1517//1517
f 1599//1599 1525//1525 1518//1518
f 1525//1525 1463//1463 1518//1518
f 1599//1599 1600//1600 1525//1525
f 1521//1521 1601//1601 1522//1522
f 1524//1524 1601//1601 1521//1521
f 1522//1522 1601//1601 1527//1527
f 1524//1524 1527//1527 1601//1601
f 1405//1405 1525//1525 1602//1602
f 1602//1602 1525//1525 1600//1600
f 1464//1464 1405//1405 1602//1602
f 1603//1603 1464//1464 1602//1602
f 1604//1604 1464//1464 1603//1603
f 1604//1604 1407//1407 1464//1464
f 1529//1529 1407//1407 1604//1604
f 1605//1605 1529//1529 1606//1606
f 1607//1607 1465//1465 1466//1466
f 1605//1605 1411//1411 1529//1529
f 1608//1608 1468//1468 1411//1411
f 1469//1469 1468//1468 1608//1608
f 1466//1466 1410//1410 1609//1609
f 1608//1608 1531//1531 1469//1469
f 1410//1410 1467//1467 1609//1609
f 1467//1467 1530//1530 1610//1610
f 1609//1609 1467//1467 1610//1610
f 1531//1531 1611//1611 1470//1470
f 1470//1470 1413//1413 1531//1531
f 1470//1470 1612//1612 1472//1472
f 1612//1612 1613//1613 1472//1472
f 1472//1472 1613//1613 1474//1474
f 1474//1474 1613//1613 1534//1534
f 1614//1614 1471//1471 1615//1615
f 1615//1615 1471//1471 1473//1473
f 1536//1536 1533//1533 1347//1347
f 1475//1475 1534//1534 1616//1616
f 1475//1475 1616//1616 1535//1535
f 1535//1535 1617//1617 1476//1476
f 1476//1476 1617//1617 1618//1618
f 1619//1619 1620//1620 1477//1477
f 1536//1536 1477//1477 1620//1620
f 1476//1476 1618//1618 1537//1537
f 1477//1477 1538//1538 1619//1619
f 1621//1621 1539//1539 1622//1622
f 1539//1539 1623//1623 1622//1622
f 1479//1479 1623//1623 1539//1539
f 1479//1479 1624//1624 1623//1623
f 1543//1543 1480//1480 1540//1540
f 1543//1543 1540//1540 1625//1625
f 1625//1625 1540//1540 1626//1626
f 1621//1621 1540//1540 1539//1539
f 1621//1621 1626//1626 1540//1540
f 1624//1624 1479//1479 1627//1627
f 1479//1479 1541//1541 1627//1627
f 1625//1625 1542//1542 1543//1543
f 1541//1541 1628//1628 1627//1627
f 1541//1541 1544//1544 1628//1628
f 1425//1425 1629//1629 1482//1482
f 1482//1482 1629//1629 1630//1630
f 1629//1629 1425//1425 1542//1542
f 1544//1544 1545//1545 1631//1631
f 1545//1545 1632//1632 1631//1631
f 1546//1546 1632//1632 1545//1545
f 1481//1481 1630//1630 1633//1633
f 1630//1630 1481//1481 1482//1482
f 1633//1633 1548//1548 1481//1481
f 1634//1634 1548//1548 1633//1633
f 1549//1549 1550//1550 1635//1635
f 1484//1484 1548//1548 1552//1552
f 1550//1550 1553//1553 1635//1635
f 1486//1486 1636//1636 1637//1637
f 1552//1552 1636//1636 1486//1486
f 1553//1553 1554//1554 1635//1635
f 1635//1635 1554//1554 1638//1638
f 1486//1486 1637//1637 1639//1639
f 1640//1640 1554//1554 1555//1555
f 1489//1489 1486//1486 1639//1639
f 1555//1555 1556//1556 1640//1640
f 1492//1492 1556//1556 1555//1555
f 1641//1641 1556//1556 1493//1493
f 1493//1493 1559//1559 1641//1641
f 1494//1494 1558//1558 1496//1496
f 1642//1642 1643//1643 1644//1644
f 1559//1559 1643//1643 1642//1642
f 1559//1559 1499//1499 1643//1643
f 1435//1435 1645//1645 1561//1561
f 1498//1498 1645//1645 1435//1435
f 1498//1498 1562//1562 1645//1645
f 1496//1496 1646//1646 1647//1647
f 1496//1496 1647//1647 1497//1497
f 1558//1558 1646//1646 1496//1496
f 1499//1499 1436//1436 1643//1643
f 1561//1561 1563//1563 1560//1560
f 1648//1648 1563//1563 1561//1561
f 1562//1562 1649//1649 1645//1645
f 1500//1500 1649//1649 1562//1562
f 1643//1643 1567//1567 1644//1644
f 1436//1436 1567//1567 1643//1643
f 1650//1650 1564//1564 1565//1565
f 1501//1501 1650//1650 1565//1565
f 1651//1651 1650//1650 1501//1501
f 1563//1563 1651//1651 1501//1501
f 1566//1566 1497//1497 1647//1647
f 1652//1652 1644//1644 1570//1570
f 1567//1567 1570//1570 1644//1644
f 1653//1653 1504//1504 1654//1654
f 1654//1654 1504//1504 1564//1564
f 1650//1650 1654//1654 1564//1564
f 1447//1447 1655//1655 1500//1500
f 1655//1655 1447//1447 1568//1568
f 1656//1656 1570//1570 1569//1569
f 1572//1572 1657//1657 1452//1452
f 1504//1504 1653//1653 1572//1572
f 1572//1572 1653//1653 1657//1657
f 1657//1657 1503//1503 1452//1452
f 1655//1655 1568//1568 1658//1658
f 1574//1574 1502//1502 1659//1659
f 1656//1656 1569//1569 1575//1575
f 1576//1576 1658//1658 1568//1568
f 1574//1574 1660//1660 1586//1586
f 1661//1661 1584//1584 1573//1573
f 1658//1658 1576//1576 1662//1662
f 1580//1580 1579//1579 1663//1663
f 1576//1576 1585//1585 1662//1662
f 1579//1579 1664//1664 1663//1663
f 1579//1579 1665//1665 1664//1664
f 1579//1579 1581//1581 1665//1665
f 1582//1582 1665//1665 1581//1581
f 1662//1662 1585//1585 1666//1666
f 1585//1585 1509//1509 1666//1666
f 1587//1587 1667//1667 1510//1510
f 1668//1668 1666//1666 1509//1509
f 1510//1510 1588//1588 1454//1454
f 1588//1588 1510//1510 1667//1667
f 1509//1509 1395//1395 1668//1668
f 1668//1668 1395//1395 1591//1591
f 1589//1589 1511//1511 1669//1669
f 1511//1511 1588//1588 1669//1669
f 1398//1398 1670//1670 1591//1591
f 1590//1590 1589//1589 1592//1592
f 1592//1592 1671//1671 1457//1457
f 1398//1398 1593//1593 1670//1670
f 1457//1457 1671//1671 1594//1594
f 1594//1594 1671//1671 1672//1672
f 1593//1593 1513//1513 1595//1595
f 1673//1673 1594//1594 1672//1672
f 1596//1596 1594//1594 1673//1673
f 1459//1459 1674//1674 1595//1595
f 1459//1459 1675//1675 1674//1674
f 1596//1596 1598//1598 1516//1516
f 1514//1514 1596//1596 1516//1516
f 1675//1675 1459//1459 1597//1597
f 1460//1460 1515//1515 1597//1597
f 1600//1600 1599//1599 1676//1676
f 1520//1520 1526//1526 1677//1677
f 1678//1678 1677//1677 1526//1526
f 1678//1678 1526//1526 1679//1679
f 1526//1526 1528//1528 1679//1679
f 1604//1604 1603//1603 1680//1680
f 1604//1604 1680//1680 1606//1606
f 1680//1680 1681//1681 1606//1606
f 1528//1528 1465//1465 1682//1682
f 1682//1682 1679//1679 1528//1528
f 1604//1604 1606//1606 1529//1529
f 1681//1681 1605//1605 1606//1606
f 1465//1465 1607//1607 1682//1682
f 1411//1411 1605//1605 1608//1608
f 1466//1466 1609//1609 1607//1607
f 1470//1470 1611//1611 1612//1612
f 1530//1530 1614//1614 1610//1610
f 1532//1532 1614//1614 1530//1530
f 1532//1532 1471//1471 1614//1614
f 1534//1534 1613//1613 1683//1683
f 1614//1614 1615//1615 1684//1684
f 1685//1685 1473//1473 1533//1533
f 1615//1615 1473//1473 1685//1685
f 1534//1534 1683//1683 1616//1616
f 1685//1685 1533//1533 1686//1686
f 1535//1535 1616//1616 1617//1617
f 1616//1616 1687//1687 1617//1617
f 1533//1533 1620//1620 1686//1686
f 1536//1536 1620//1620 1533//1533
f 1620//1620 1619//1619 1688//1688
f 1537//1537 1618//1618 1689//1689
f 1538//1538 1537//1537 1689//1689
f 1619//1619 1538//1538 1689//1689
f 1622//1622 1623//1623 1690//1690
f 1623//1623 1624//1624 1690//1690
f 1625//1625 1626//1626 1691//1691
f 1621//1621 1691//1691 1626//1626
f 1622//1622 1691//1691 1621//1621
f 1692//1692 1691//1691 1622//1622
f 1690//1690 1692//1692 1622//1622
f 1624//1624 1627//1627 1628//1628
f 1624//1624 1628//1628 1690//1690
f 1542//1542 1693//1693 1629//1629
f 1542//1542 1625//1625 1694//1694
f 1693//1693 1542//1542 1694//1694
f 1695//1695 1694//1694 1625//1625
f 1691//1691 1695//1695 1625//1625
f 1696//1696 1690//1690 1697//1697
f 1690//1690 1628//1628 1697//1697
f 1628//1628 1544//1544 1697//1697
f 1697//1697 1544//1544 1631//1631
f 1630//1630 1629//1629 1693//1693
f 1697//1697 1698//1698 1696//1696
f 1631//1631 1699//1699 1697//1697
f 1699//1699 1698//1698 1697//1697
f 1631//1631 1632//1632 1699//1699
f 1699//1699 1632//1632 1700//1700
f 1632//1632 1546//1546 1700//1700
f 1546//1546 1547//1547 1700//1700
f 1633//1633 1630//1630 1701//1701
f 1702//1702 1701//1701 1693//1693
f 1701//1701 1630//1630 1693//1693
f 1699//1699 1703//1703 1698//1698
f 1700//1700 1704//1704 1699//1699
f 1700//1700 1547//1547 1549//1549
f 1634//1634 1705//1705 1548//1548
f 1633//1633 1706//1706 1634//1634
f 1707//1707 1706//1706 1633//1633
f 1701//1701 1707//1707 1633//1633
f 1702//1702 1707//1707 1701//1701
f 1703//1703 1708//1708 1698//1698
f 1703//1703 1699//1699 1704//1704
f 1709//1709 1704//1704 1700//1700
f 1549//1549 1709//1709 1700//1700
f 1710//1710 1709//1709 1549//1549
f 1549//1549 1635//1635 1710//1710
f 1548//1548 1705//1705 1552//1552
f 1711//1711 1705//1705 1634//1634
f 1712//1712 1711//1711 1634//1634
f 1706//1706 1712//1712 1634//1634
f 1713//1713 1709//1709 1710//1710
f 1635//1635 1713//1713 1710//1710
f 1552//1552 1705//1705 1636//1636
f 1711//1711 1714//1714 1705//1705
f 1635//1635 1638//1638 1713//1713
f 1637//1637 1636//1636 1715//1715
f 1636//1636 1705//1705 1715//1715
f 1714//1714 1715//1715 1705//1705
f 1716//1716 1713//1713 1638//1638
f 1717//1717 1713//1713 1716//1716
f 1638//1638 1554//1554 1716//1716
f 1718//1718 1637//1637 1715//1715
f 1719//1719 1717//1717 1720//1720
f 1721//1721 1717//1717 1719//1719
f 1717//1717 1716//1716 1720//1720
f 1718//1718 1722//1722 1637//1637
f 1722//1722 1639//1639 1637//1637
f 1721//1721 1719//1719 1723//1723
f 1640//1640 1720//1720 1716//1716
f 1554//1554 1640//1640 1716//1716
f 1489//1489 1639//1639 1724//1724
f 1724//1724 1639//1639 1722//1722
f 1719//1719 1725//1725 1723//1723
f 1640//1640 1556//1556 1725//1725
f 1640//1640 1725//1725 1720//1720
f 1720//1720 1725//1725 1719//1719
f 1489//1489 1724//1724 1557//1557
f 1726//1726 1721//1721 1727//1727
f 1723//1723 1727//1727 1721//1721
f 1725//1725 1641//1641 1723//1723
f 1723//1723 1641//1641 1727//1727
f 1556//1556 1641//1641 1725//1725
f 1728//1728 1729//1729 1722//1722
f 1729//1729 1724//1724 1722//1722
f 1727//1727 1642//1642 1726//1726
f 1641//1641 1559//1559 1642//1642
f 1641//1641 1642//1642 1727//1727
f 1558//1558 1557//1557 1724//1724
f 1558//1558 1724//1724 1730//1730
f 1730//1730 1724//1724 1729//1729
f 1731//1731 1729//1729 1728//1728
f 1642//1642 1644//1644 1726//1726
f 1558//1558 1730//1730 1646//1646
f 1646//1646 1730//1730 1729//1729
f 1644//1644 1732//1732 1726//1726
f 1561//1561 1645//1645 1648//1648
f 1733//1733 1734//1734 1732//1732
f 1644//1644 1652//1652 1732//1732
f 1651//1651 1563//1563 1648//1648
f 1645//1645 1735//1735 1648//1648
f 1735//1735 1645//1645 1649//1649
f 1729//1729 1736//1736 1646//1646
f 1736//1736 1729//1729 1731//1731
f 1732//1732 1737//1737 1733//1733
f 1652//1652 1737//1737 1732//1732
f 1648//1648 1738//1738 1651//1651
f 1739//1739 1738//1738 1648//1648
f 1735//1735 1739//1739 1648//1648
f 1740//1740 1736//1736 1731//1731
f 1570//1570 1737//1737 1652//1652
f 1654//1654 1650//1650 1651//1651
f 1654//1654 1651//1651 1741//1741
f 1738//1738 1741//1741 1651//1651
f 1739//1739 1742//1742 1738//1738
f 1743//1743 1735//1735 1649//1649
f 1500//1500 1655//1655 1744//1744
f 1500//1500 1744//1744 1649//1649
f 1566//1566 1659//1659 1502//1502
f 1566//1566 1647//1647 1646//1646
f 1566//1566 1646//1646 1659//1659
f 1659//1659 1646//1646 1736//1736
f 1745//1745 1733//1733 1737//1737
f 1737//1737 1570//1570 1656//1656
f 1657//1657 1653//1653 1746//1746
f 1747//1747 1653//1653 1654//1654
f 1741//1741 1747//1747 1654//1654
f 1742//1742 1741//1741 1738//1738
f 1649//1649 1744//1744 1743//1743
f 1736//1736 1748//1748 1659//1659
f 1740//1740 1749//1749 1736//1736
f 1656//1656 1745//1745 1737//1737
f 1503//1503 1750//1750 1573//1573
f 1503//1503 1657//1657 1750//1750
f 1750//1750 1657//1657 1746//1746
f 1750//1750 1747//1747 1751//1751
f 1750//1750 1746//1746 1747//1747
f 1653//1653 1747//1747 1746//1746
f 1744//1744 1655//1655 1658//1658
f 1736//1736 1749//1749 1748//1748
f 1573//1573 1750//1750 1661//1661
f 1752//1752 1744//1744 1658//1658
f 1574//1574 1659//1659 1660//1660
f 1748//1748 1660//1660 1659//1659
f 1580//1580 1745//1745 1656//1656
f 1575//1575 1580//1580 1656//1656
f 1748//1748 1753//1753 1660//1660
f 1661//1661 1754//1754 1584//1584
f 1755//1755 1748//1748 1749//1749
f 1756//1756 1584//1584 1754//1754
f 1662//1662 1752//1752 1658//1658
f 1755//1755 1753//1753 1748//1748
f 1757//1757 1745//1745 1580//1580
f 1578//1578 1758//1758 1583//1583
f 1578//1578 1584//1584 1758//1758
f 1758//1758 1584//1584 1756//1756
f 1587//1587 1586//1586 1660//1660
f 1759//1759 1753//1753 1755//1755
f 1663//1663 1757//1757 1580//1580
f 1663//1663 1664//1664 1757//1757
f 1760//1760 1664//1664 1665//1665
f 1582//1582 1758//1758 1665//1665
f 1665//1665 1758//1758 1760//1760
f 1582//1582 1583//1583 1758//1758
f 1660//1660 1761//1761 1587//1587
f 1753//1753 1761//1761 1660//1660
f 1664//1664 1762//1762 1757//1757
f 1762//1762 1664//1664 1763//1763
f 1760//1760 1763//1763 1664//1664
f 1756//1756 1764//1764 1758//1758
f 1765//1765 1662//1662 1666//1666
f 1759//1759 1761//1761 1753//1753
f 1757//1757 1766//1766 1767//1767
f 1768//1768 1766//1766 1757//1757
f 1768//1768 1757//1757 1762//1762
f 1763//1763 1768//1768 1762//1762
f 1758//1758 1764//1764 1760//1760
f 1667//1667 1587//1587 1761//1761
f 1769//1769 1768//1768 1763//1763
f 1666//1666 1668//1668 1765//1765
f 1761//1761 1770//1770 1667//1667
f 1759//1759 1770//1770 1761//1761
f 1768//1768 1769//1769 1766//1766
f 1765//1765 1668//1668 1771//1771
f 1667//1667 1770//1770 1588//1588
f 1766//1766 1772//1772 1767//1767
f 1772//1772 1766//1766 1769//1769
f 1588//1588 1770//1770 1773//1773
f 1774//1774 1771//1771 1591//1591
f 1771//1771 1668//1668 1591//1591
f 1588//1588 1773//1773 1669//1669
f 1775//1775 1770//1770 1759//1759
f 1776//1776 1772//1772 1769//1769
f 1775//1775 1773//1773 1770//1770
f 1591//1591 1670//1670 1774//1774
f 1670//1670 1777//1777 1774//1774
f 1669//1669 1671//1671 1592//1592
f 1589//1589 1669//1669 1592//1592
f 1773//1773 1671//1671 1669//1669
f 1773//1773 1672//1672 1671//1671
f 1775//1775 1672//1672 1773//1773
f 1670//1670 1593//1593 1777//1777
f 1593//1593 1778//1778 1777//1777
f 1779//1779 1672//1672 1775//1775
f 1779//1779 1673//1673 1672//1672
f 1778//1778 1780//1780 1781//1781
f 1593//1593 1595//1595 1782//1782
f 1778//1778 1593//1593 1782//1782
f 1782//1782 1780//1780 1778//1778
f 1779//1779 1783//1783 1673//1673
f 1782//1782 1674//1674 1780//1780
f 1782//1782 1595//1595 1674//1674
f 1783//1783 1779//1779 1784//1784
f 1673//1673 1783//1783 1598//1598
f 1596//1596 1673//1673 1598//1598
f 1674//1674 1675//1675 1780//1780
f 1783//1783 1599//1599 1598//1598
f 1785//1785 1786//1786 1787//1787
f 1785//1785 1780//1780 1786//1786
f 1780//1780 1675//1675 1786//1786
f 1784//1784 1788//1788 1783//1783
f 1675//1675 1597//1597 1786//1786
f 1515//1515 1517//1517 1597//1597
f 1783//1783 1676//1676 1599//1599
f 1789//1789 1787//1787 1786//1786
f 1517//1517 1789//1789 1597//1597
f 1597//1597 1789//1789 1786//1786
f 1787//1787 1789//1789 1790//1790
f 1789//1789 1517//1517 1519//1519
f 1783//1783 1791//1791 1676//1676
f 1791//1791 1783//1783 1788//1788
f 1791//1791 1602//1602 1676//1676
f 1789//1789 1520//1520 1790//1790
f 1789//1789 1519//1519 1520//1520
f 1676//1676 1602//1602 1600//1600
f 1791//1791 1792//1792 1602//1602
f 1677//1677 1793//1793 1790//1790
f 1794//1794 1793//1793 1677//1677
f 1790//1790 1520//1520 1677//1677
f 1603//1603 1602//1602 1792//1792
f 1795//1795 1792//1792 1791//1791
f 1678//1678 1794//1794 1677//1677
f 1792//1792 1680//1680 1603//1603
f 1795//1795 1680//1680 1792//1792
f 1679//1679 1796//1796 1678//1678
f 1797//1797 1680//1680 1795//1795
f 1798//1798 1796//1796 1799//1799
f 1796//1796 1679//1679 1799//1799
f 1797//1797 1681//1681 1680//1680
f 1679//1679 1682//1682 1799//1799
f 1800//1800 1681//1681 1797//1797
f 1799//1799 1801//1801 1798//1798
f 1605//1605 1681//1681 1800//1800
f 1682//1682 1607//1607 1799//1799
f 1608//1608 1605//1605 1800//1800
f 1799//1799 1607//1607 1801//1801
f 1607//1607 1609//1609 1801//1801
f 1608//1608 1800//1800 1802//1802
f 1801//1801 1609//1609 1803//1803
f 1802//1802 1531//1531 1608//1608
f 1531//1531 1802//1802 1804//1804
f 1805//1805 1806//1806 1803//1803
f 1609//1609 1610//1610 1805//1805
f 1803//1803 1609//1609 1805//1805
f 1611//1611 1531//1531 1804//1804
f 1807//1807 1612//1612 1804//1804
f 1612//1612 1611//1611 1804//1804
f 1806//1806 1808//1808 1809//1809
f 1805//1805 1808//1808 1806//1806
f 1805//1805 1610//1610 1808//1808
f 1613//1613 1612//1612 1807//1807
f 1807//1807 1810//1810 1613//1613
f 1808//1808 1610//1610 1614//1614
f 1810//1810 1683//1683 1613//1613
f 1808//1808 1811//1811 1812//1812
f 1809//1809 1808//1808 1812//1812
f 1813//1813 1683//1683 1810//1810
f 1814//1814 1815//1815 1816//1816
f 1816//1816 1817//1817 1814//1814
f 1814//1814 1817//1817 1684//1684
f 1817//1817 1811//1811 1684//1684
f 1811//1811 1808//1808 1684//1684
f 1614//1614 1684//1684 1808//1808
f 1818//1818 1683//1683 1813//1813
f 1813//1813 1819//1819 1818//1818
f 1814//1814 1686//1686 1815//1815
f 1685//1685 1686//1686 1814//1814
f 1684//1684 1685//1685 1814//1814
f 1615//1615 1685//1685 1684//1684
f 1818//1818 1616//1616 1683//1683
f 1819//1819 1687//1687 1818//1818
f 1687//1687 1819//1819 1820//1820
f 1687//1687 1616//1616 1818//1818
f 1820//1820 1821//1821 1687//1687
f 1822//1822 1823//1823 1688//1688
f 1686//1686 1620//1620 1688//1688
f 1686//1686 1688//1688 1815//1815
f 1815//1815 1688//1688 1823//1823
f 1618//1618 1617//1617 1687//1687
f 1618//1618 1687//1687 1821//1821
f 1689//1689 1618//1618 1821//1821
f 1822//1822 1689//1689 1821//1821
f 1619//1619 1689//1689 1822//1822
f 1688//1688 1619//1619 1822//1822
f 1691//1691 1692//1692 1824//1824
f 1825//1825 1691//1691 1824//1824
f 1824//1824 1692//1692 1696//1696
f 1692//1692 1690//1690 1696//1696
f 1695//1695 1691//1691 1825//1825
f 1826//1826 1825//1825 1824//1824
f 1827//1827 1826//1826 1824//1824
f 1696//1696 1827//1827 1824//1824
f 1693//1693 1694//1694 1702//1702
f 1702//1702 1694//1694 1828//1828
f 1695//1695 1828//1828 1694//1694
f 1825//1825 1829//1829 1695//1695
f 1829//1829 1828//1828 1695//1695
f 1826//1826 1829//1829 1825//1825
f 1696//1696 1698//1698 1708//1708
f 1696//1696 1708//1708 1827//1827
f 1828//1828 1830//1830 1702//1702
f 1826//1826 1831//1831 1829//1829
f 1827//1827 1831//1831 1826//1826
f 1832//1832 1827//1827 1708//1708
f 1706//1706 1707//1707 1712//1712
f 1712//1712 1707//1707 1830//1830
f 1707//1707 1702//1702 1830//1830
f 1833//1833 1834//1834 1830//1830
f 1828//1828 1833//1833 1830//1830
f 1829//1829 1833//1833 1828//1828
f 1831//1831 1833//1833 1829//1829
f 1832//1832 1831//1831 1827//1827
f 1708//1708 1703//1703 1832//1832
f 1711//1711 1712//1712 1835//1835
f 1830//1830 1834//1834 1712//1712
f 1834//1834 1835//1835 1712//1712
f 1836//1836 1837//1837 1831//1831
f 1703//1703 1838//1838 1832//1832
f 1703//1703 1704//1704 1838//1838
f 1838//1838 1704//1704 1709//1709
f 1833//1833 1839//1839 1834//1834
f 1840//1840 1839//1839 1833//1833
f 1831//1831 1837//1837 1833//1833
f 1837//1837 1840//1840 1833//1833
f 1832//1832 1836//1836 1831//1831
f 1838//1838 1836//1836 1832//1832
f 1709//1709 1841//1841 1838//1838
f 1709//1709 1713//1713 1841//1841
f 1715//1715 1714//1714 1842//1842
f 1714//1714 1711//1711 1842//1842
f 1842//1842 1711//1711 1843//1843
f 1835//1835 1844//1844 1711//1711
f 1844//1844 1843//1843 1711//1711
f 1834//1834 1844//1844 1835//1835
f 1839//1839 1844//1844 1834//1834
f 1836//1836 1845//1845 1837//1837
f 1846//1846 1845//1845 1836//1836
f 1838//1838 1846//1846 1836//1836
f 1841//1841 1846//1846 1838//1838
f 1713//1713 1717//1717 1841//1841
f 1718//1718 1715//1715 1842//1842
f 1718//1718 1842//1842 1847//1847
f 1847//1847 1842//1842 1843//1843
f 1721//1721 1846//1846 1841//1841
f 1717//1717 1721//1721 1841//1841
f 1839//1839 1848//1848 1844//1844
f 1846//1846 1849//1849 1845//1845
f 1721//1721 1849//1849 1846//1846
f 1722//1722 1718//1718 1847//1847
f 1844//1844 1848//1848 1843//1843
f 1850//1850 1848//1848 1839//1839
f 1840//1840 1850//1850 1839//1839
f 1721//1721 1726//1726 1849//1849
f 1722//1722 1847//1847 1728//1728
f 1728//1728 1847//1847 1851//1851
f 1843//1843 1851//1851 1847//1847
f 1848//1848 1851//1851 1843//1843
f 1837//1837 1852//1852 1840//1840
f 1845//1845 1853//1853 1837//1837
f 1849//1849 1853//1853 1845//1845
f 1851//1851 1854//1854 1728//1728
f 1849//1849 1734//1734 1853//1853
f 1726//1726 1732//1732 1849//1849
f 1855//1855 1854//1854 1851//1851
f 1848//1848 1855//1855 1851//1851
f 1852//1852 1856//1856 1840//1840
f 1853//1853 1852//1852 1837//1837
f 1849//1849 1732//1732 1734//1734
f 1854//1854 1731//1731 1728//1728
f 1848//1848 1850//1850 1855//1855
f 1856//1856 1857//1857 1840//1840
f 1853//1853 1733//1733 1852//1852
f 1840//1840 1857//1857 1850//1850
f 1734//1734 1733//1733 1853//1853
f 1858//1858 1740//1740 1731//1731
f 1854//1854 1858//1858 1731//1731
f 1855//1855 1858//1858 1854//1854
f 1859//1859 1856//1856 1852//1852
f 1733//1733 1859//1859 1852//1852
f 1860//1860 1742//1742 1739//1739
f 1735//1735 1743//1743 1739//1739
f 1739//1739 1743//1743 1860//1860
f 1745//1745 1859//1859 1733//1733
f 1747//1747 1741//1741 1861//1861
f 1861//1861 1741//1741 1742//1742
f 1860//1860 1862//1862 1742//1742
f 1743//1743 1863//1863 1860//1860
f 1858//1858 1864//1864 1740//1740
f 1750//1750 1751//1751 1865//1865
f 1747//1747 1861//1861 1751//1751
f 1866//1866 1751//1751 1861//1861
f 1742//1742 1866//1866 1861//1861
f 1862//1862 1866//1866 1742//1742
f 1743//1743 1744//1744 1863//1863
f 1740//1740 1864//1864 1749//1749
f 1850//1850 1857//1857 1867//1867
f 1866//1866 1868//1868 1751//1751
f 1869//1869 1866//1866 1862//1862
f 1860//1860 1869//1869 1862//1862
f 1749//1749 1864//1864 1755//1755
f 1855//1855 1870//1870 1858//1858
f 1750//1750 1871//1871 1661//1661
f 1871//1871 1754//1754 1661//1661
f 1865//1865 1871//1871 1750//1750
f 1751//1751 1868//1868 1865//1865
f 1744//1744 1872//1872 1863//1863
f 1744//1744 1752//1752 1872//1872
f 1871//1871 1873//1873 1754//1754
f 1860//1860 1874//1874 1869//1869
f 1874//1874 1875//1875 1869//1869
f 1863//1863 1874//1874 1860//1860
f 1864//1864 1876//1876 1755//1755
f 1745//1745 1877//1877 1859//1859
f 1873//1873 1878//1878 1754//1754
f 1865//1865 1879//1879 1871//1871
f 1879//1879 1873//1873 1871//1871
f 1868//1868 1879//1879 1865//1865
f 1869//1869 1875//1875 1866//1866
f 1870//1870 1876//1876 1864//1864
f 1858//1858 1870//1870 1864//1864
f 1850//1850 1867//1867 1855//1855
f 1859//1859 1877//1877 1856//1856
f 1756//1756 1754//1754 1878//1878
f 1863//1863 1880//1880 1874//1874
f 1872//1872 1880//1880 1863//1863
f 1873//1873 1881//1881 1878//1878
f 1882//1882 1881//1881 1873//1873
f 1879//1879 1882//1882 1873//1873
f 1868//1868 1883//1883 1879//1879
f 1866//1866 1883//1883 1868//1868
f 1875//1875 1883//1883 1866//1866
f 1752//1752 1662//1662 1884//1884
f 1752//1752 1884//1884 1872//1872
f 1877//1877 1885//1885 1856//1856
f 1745//1745 1767//1767 1877//1877
f 1745//1745 1757//1757 1767//1767
f 1764//1764 1756//1756 1878//1878
f 1764//1764 1878//1878 1881//1881
f 1662//1662 1765//1765 1884//1884
f 1857//1857 1886//1886 1867//1867
f 1856//1856 1887//1887 1857//1857
f 1885//1885 1887//1887 1856//1856
f 1760//1760 1888//1888 1763//1763
f 1760//1760 1764//1764 1888//1888
f 1881//1881 1889//1889 1764//1764
f 1872//1872 1890//1890 1880//1880
f 1884//1884 1890//1890 1872//1872
f 1767//1767 1885//1885 1877//1877
f 1889//1889 1888//1888 1764//1764
f 1881//1881 1882//1882 1889//1889
f 1879//1879 1891//1891 1882//1882
f 1883//1883 1891//1891 1879//1879
f 1765//1765 1771//1771 1884//1884
f 1870//1870 1892//1892 1876//1876
f 1855//1855 1893//1893 1870//1870
f 1867//1867 1893//1893 1855//1855
f 1769//1769 1763//1763 1888//1888
f 1769//1769 1888//1888 1894//1894
f 1895//1895 1894//1894 1888//1888
f 1889//1889 1895//1895 1888//1888
f 1875//1875 1896//1896 1883//1883
f 1880//1880 1897//1897 1874//1874
f 1884//1884 1771//1771 1890//1890
f 1755//1755 1898//1898 1759//1759
f 1876//1876 1892//1892 1755//1755
f 1892//1892 1898//1898 1755//1755
f 1882//1882 1895//1895 1889//1889
f 1883//1883 1899//1899 1891//1891
f 1890//1890 1897//1897 1880//1880
f 1885//1885 1900//1900 1887//1887
f 1767//1767 1772//1772 1885//1885
f 1882//1882 1901//1901 1895//1895
f 1891//1891 1901//1901 1882//1882
f 1896//1896 1899//1899 1883//1883
f 1874//1874 1902//1902 1875//1875
f 1771//1771 1774//1774 1890//1890
f 1887//1887 1903//1903 1857//1857
f 1769//1769 1894//1894 1776//1776
f 1895//1895 1904//1904 1894//1894
f 1897//1897 1902//1902 1874//1874
f 1890//1890 1905//1905 1897//1897
f 1890//1890 1774//1774 1905//1905
f 1885//1885 1906//1906 1900//1900
f 1772//1772 1906//1906 1885//1885
f 1904//1904 1776//1776 1894//1894
f 1901//1901 1904//1904 1895//1895
f 1902//1902 1896//1896 1875//1875
f 1774//1774 1777//1777 1905//1905
f 1759//1759 1898//1898 1775//1775
f 1870//1870 1907//1907 1892//1892
f 1772//1772 1776//1776 1906//1906
f 1908//1908 1901//1901 1891//1891
f 1899//1899 1908//1908 1891//1891
f 1892//1892 1907//1907 1898//1898
f 1906//1906 1909//1909 1900//1900
f 1908//1908 1910//1910 1901//1901
f 1908//1908 1899//1899 1911//1911
f 1912//1912 1911//1911 1899//1899
f 1897//1897 1913//1913 1902//1902
f 1905//1905 1913//1913 1897//1897
f 1777//1777 1778//1778 1905//1905
f 1907//1907 1914//1914 1898//1898
f 1903//1903 1886//1886 1857//1857
f 1900//1900 1903//1903 1887//1887
f 1776//1776 1909//1909 1906//1906
f 1904//1904 1909//1909 1776//1776
f 1915//1915 1916//1916 1901//1901
f 1910//1910 1915//1915 1901//1901
f 1896//1896 1912//1912 1899//1899
f 1898//1898 1914//1914 1775//1775
f 1870//1870 1893//1893 1907//1907
f 1909//1909 1903//1903 1900//1900
f 1904//1904 1917//1917 1909//1909
f 1901//1901 1917//1917 1904//1904
f 1918//1918 1910//1910 1908//1908
f 1911//1911 1918//1918 1908//1908
f 1918//1918 1911//1911 1919//1919
f 1912//1912 1919//1919 1911//1911
f 1902//1902 1920//1920 1896//1896
f 1778//1778 1781//1781 1905//1905
f 1905//1905 1781//1781 1913//1913
f 1886//1886 1893//1893 1867//1867
f 1917//1917 1903//1903 1909//1909
f 1901//1901 1921//1921 1917//1917
f 1916//1916 1921//1921 1901//1901
f 1913//1913 1920//1920 1902//1902
f 1781//1781 1922//1922 1913//1913
f 1775//1775 1784//1784 1779//1779
f 1914//1914 1784//1784 1775//1775
f 1917//1917 1923//1923 1903//1903
f 1919//1919 1924//1924 1925//1925
f 1896//1896 1920//1920 1912//1912
f 1913//1913 1922//1922 1920//1920
f 1780//1780 1922//1922 1781//1781
f 1914//1914 1788//1788 1784//1784
f 1907//1907 1926//1926 1914//1914
f 1916//1916 1927//1927 1921//1921
f 1924//1924 1928//1928 1925//1925
f 1912//1912 1924//1924 1919//1919
f 1780//1780 1785//1785 1922//1922
f 1921//1921 1929//1929 1917//1917
f 1927//1927 1930//1930 1921//1921
f 1924//1924 1931//1931 1928//1928
f 1914//1914 1926//1926 1788//1788
f 1907//1907 1893//1893 1926//1926
f 1903//1903 1932//1932 1886//1886
f 1923//1923 1933//1933 1903//1903
f 1929//1929 1923//1923 1917//1917
f 1930//1930 1929//1929 1921//1921
f 1934//1934 1927//1927 1935//1935
f 1924//1924 1936//1936 1931//1931
f 1787//1787 1937//1937 1922//1922
f 1922//1922 1937//1937 1920//1920
f 1785//1785 1787//1787 1922//1922
f 1933//1933 1932//1932 1903//1903
f 1929//1929 1938//1938 1923//1923
f 1939//1939 1928//1928 1940//1940
f 1928//1928 1931//1931 1940//1940
f 1912//1912 1941//1941 1924//1924
f 1920//1920 1937//1937 1912//1912
f 1937//1937 1941//1941 1912//1912
f 1937//1937 1787//1787 1942//1942
f 1943//1943 1893//1893 1886//1886
f 1932//1932 1944//1944 1886//1886
f 1945//1945 1938//1938 1929//1929
f 1930//1930 1945//1945 1929//1929
f 1934//1934 1930//1930 1927//1927
f 1941//1941 1936//1936 1924//1924
f 1938//1938 1933//1933 1923//1923
f 1945//1945 1946//1946 1938//1938
f 1934//1934 1947//1947 1930//1930
f 1931//1931 1948//1948 1940//1940
f 1926//1926 1949//1949 1788//1788
f 1949//1949 1791//1791 1788//1788
f 1944//1944 1950//1950 1886//1886
f 1938//1938 1951//1951 1933//1933
f 1952//1952 1951//1951 1946//1946
f 1951//1951 1938//1938 1946//1946
f 1945//1945 1953//1953 1946//1946
f 1930//1930 1947//1947 1945//1945
f 1931//1931 1936//1936 1948//1948
f 1790//1790 1793//1793 1942//1942
f 1942//1942 1793//1793 1937//1937
f 1787//1787 1790//1790 1942//1942
f 1886//1886 1950//1950 1943//1943
f 1933//1933 1954//1954 1932//1932
f 1955//1955 1946//1946 1953//1953
f 1945//1945 1956//1956 1953//1953
f 1947//1947 1956//1956 1945//1945
f 1940//1940 1948//1948 1947//1947
f 1893//1893 1949//1949 1926//1926
f 1944//1944 1957//1957 1950//1950
f 1958//1958 1957//1957 1944//1944
f 1932//1932 1958//1958 1944//1944
f 1951//1951 1959//1959 1933//1933
f 1960//1960 1951//1951 1952//1952
f 1960//1960 1959//1959 1951//1951
f 1961//1961 1955//1955 1953//1953
f 1956//1956 1961//1961 1953//1953
f 1947//1947 1962//1962 1963//1963
f 1947//1947 1948//1948 1962//1962
f 1937//1937 1964//1964 1941//1941
f 1793//1793 1964//1964 1937//1937
f 1949//1949 1965//1965 1791//1791
f 1893//1893 1966//1966 1949//1949
f 1932//1932 1967//1967 1958//1958
f 1959//1959 1954//1954 1933//1933
f 1936//1936 1968//1968 1948//1948
f 1941//1941 1969//1969 1936//1936
f 1950//1950 1970//1970 1943//1943
f 1958//1958 1971//1971 1957//1957
f 1972//1972 1971//1971 1958//1958
f 1967//1967 1972//1972 1958//1958
f 1954//1954 1973//1973 1932//1932
f 1973//1973 1967//1967 1932//1932
f 1948//1948 1968//1968 1962//1962
f 1936//1936 1974//1974 1968//1968
f 1964//1964 1975//1975 1941//1941
f 1793//1793 1794//1794 1964//1964
f 1966//1966 1965//1965 1949//1949
f 1957//1957 1976//1976 1950//1950
f 1977//1977 1976//1976 1957//1957
f 1971//1971 1977//1977 1957//1957
f 1978//1978 1977//1977 1971//1971
f 1978//1978 1971//1971 1972//1972
f 1972//1972 1967//1967 1979//1979
f 1973//1973 1979//1979 1967//1967
f 1969//1969 1974//1974 1936//1936
f 1941//1941 1980//1980 1969//1969
f 1975//1975 1980//1980 1941//1941
f 1964//1964 1794//1794 1975//1975
f 1791//1791 1965//1965 1795//1795
f 1981//1981 1795//1795 1965//1965
f 1966//1966 1981//1981 1965//1965
f 1943//1943 1970//1970 1893//1893
f 1979//1979 1973//1973 1982//1982
f 1983//1983 1959//1959 1960//1960
f 1893//1893 1984//1984 1966//1966
f 1970//1970 1984//1984 1893//1893
f 1985//1985 1977//1977 1978//1978
f 1973//1973 1986//1986 1982//1982
f 1954//1954 1987//1987 1973//1973
f 1959//1959 1987//1987 1954//1954
f 1968//1968 1988//1988 1962//1962
f 1678//1678 1796//1796 1794//1794
f 1977//1977 1985//1985 1976//1976
f 1989//1989 1982//1982 1986//1986
f 1987//1987 1959//1959 1983//1983
f 1963//1963 1962//1962 1990//1990
f 1980//1980 1991//1991 1969//1969
f 1796//1796 1975//1975 1794//1794
f 1795//1795 1981//1981 1797//1797
f 1992//1992 1981//1981 1966//1966
f 1984//1984 1992//1992 1966//1966
f 1950//1950 1993//1993 1970//1970
f 1976//1976 1993//1993 1950//1950
f 1985//1985 1994//1994 1976//1976
f 1973//1973 1995//1995 1986//1986
f 1987//1987 1995//1995 1973//1973
f 1962//1962 1996//1996 1990//1990
f 1988//1988 1996//1996 1962//1962
f 1968//1968 1974//1974 1988//1988
f 1796//1796 1798//1798 1975//1975
f 1992//1992 1797//1797 1981//1981
f 1997//1997 1984//1984 1970//1970
f 1990//1990 1996//1996 1998//1998
f 1974//1974 1999//1999 1988//1988
f 1969//1969 1999//1999 1974//1974
f 1975//1975 1798//1798 1980//1980
f 1994//1994 2000//2000 1976//1976
f 2000//2000 1993//1993 1976//1976
f 2001//2001 2000//2000 1994//1994
f 2002//2002 2003//2003 2004//2004
f 1989//1989 2004//2004 2003//2003
f 1986//1986 2005//2005 1989//1989
f 2005//2005 2004//2004 1989//1989
f 1995//1995 2005//2005 1986//1986
f 2006//2006 1995//1995 1987//1987
f 2007//2007 2006//2006 1987//1987
f 1988//1988 2008//2008 1996//1996
f 1999//1999 2008//2008 1988//1988
f 1980//1980 2009//2009 1991//1991
f 1798//1798 1801//1801 2009//2009
f 1798//1798 2009//2009 1980//1980
f 1800//1800 1797//1797 2010//2010
f 2010//2010 1797//1797 1992//1992
f 1997//1997 1992//1992 1984//1984
f 2011//2011 2001//2001 2012//2012
f 2008//2008 2013//2013 1996//1996
f 1969//1969 2014//2014 1999//1999
f 2015//2015 2014//2014 1969//1969
f 1991//1991 2015//2015 1969//1969
f 1993//1993 1997//1997 1970//1970
f 2016//2016 1997//1997 1993//1993
f 2000//2000 2016//2016 1993//1993
f 2017//2017 2001//2001 2011//2011
f 2017//2017 2011//2011 2018//2018
f 2004//2004 2005//2005 2018//2018
f 2019//2019 1995//1995 2006//2006
f 1996//1996 2013//2013 1998//1998
f 2009//2009 2015//2015 1991//1991
f 2020//2020 2010//2010 1992//1992
f 1997//1997 2020//2020 1992//1992
f 2017//2017 2000//2000 2001//2001
f 2005//2005 2017//2017 2018//2018
f 1995//1995 2021//2021 2005//2005
f 2022//2022 2023//2023 2019//2019
f 1998//1998 2024//2024 2025//2025
f 2024//2024 2026//2026 2025//2025
f 2013//2013 2024//2024 1998//1998
f 1801//1801 1803//1803 2009//2009
f 1800//1800 2010//2010 1802//1802
f 2020//2020 1802//1802 2010//2010
f 2027//2027 2020//2020 1997//1997
f 2017//2017 2028//2028 2000//2000
f 2005//2005 2028//2028 2017//2017
f 2029//2029 2021//2021 1995//1995
f 2019//2019 2029//2029 1995//1995
f 2030//2030 2019//2019 2023//2023
f 2026//2026 2030//2030 2023//2023
f 2026//2026 2024//2024 2030//2030
f 1999//1999 2014//2014 2008//2008
f 2015//2015 2031//2031 2014//2014
f 1803//1803 1806//1806 2031//2031
f 1803//1803 2031//2031 2009//2009
f 2009//2009 2031//2031 2015//2015
f 1802//1802 2020//2020 1804//1804
f 1804//1804 2020//2020 2032//2032
f 2027//2027 2032//2032 2020//2020
f 2016//2016 2027//2027 1997//1997
f 2028//2028 2016//2016 2000//2000
f 2005//2005 2021//2021 2028//2028
f 2030//2030 2029//2029 2019//2019
f 2031//2031 2033//2033 2014//2014
f 1807//1807 1804//1804 2032//2032
f 2034//2034 2032//2032 2027//2027
f 2016//2016 2034//2034 2027//2027
f 2030//2030 2035//2035 2029//2029
f 2024//2024 2035//2035 2030//2030
f 2013//2013 2036//2036 2024//2024
f 2008//2008 2036//2036 2013//2013
f 2014//2014 2037//2037 2008//2008
f 2037//2037 2036//2036 2008//2008
f 2033//2033 2037//2037 2014//2014
f 1807//1807 2032//2032 2034//2034
f 2038//2038 2034//2034 2016//2016
f 2039//2039 2038//2038 2016//2016
f 2028//2028 2039//2039 2016//2016
f 2021//2021 2039//2039 2028//2028
f 2029//2029 2040//2040 2021//2021
f 2024//2024 2036//2036 2035//2035
f 2031//2031 1809//1809 2033//2033
f 1806//1806 1809//1809 2031//2031
f 1810//1810 1807//1807 2034//2034
f 1810//1810 2034//2034 1813//1813
f 1813//1813 2034//2034 2038//2038
f 2040//2040 2039//2039 2021//2021
f 2035//2035 2041//2041 2029//2029
f 2041//2041 2040//2040 2029//2029
f 2036//2036 2041//2041 2035//2035
f 2037//2037 2042//2042 2036//2036
f 1812//1812 2042//2042 2037//2037
f 2033//2033 1812//1812 2037//2037
f 1809//1809 1812//1812 2033//2033
f 2042//2042 2041//2041 2036//2036
f 1812//1812 1817//1817 2042//2042
f 2039//2039 1819//1819 2038//2038
f 1819//1819 1813//1813 2038//2038
f 2043//2043 1819//1819 2039//2039
f 2040//2040 2043//2043 2039//2039
f 2044//2044 2040//2040 2041//2041
f 2042//2042 1816//1816 2041//2041
f 1817//1817 1816//1816 2042//2042
f 1812//1812 1811//1811 1817//1817
f 2044//2044 2043//2043 2040//2040
f 2041//2041 1816//1816 2044//2044
f 2043//2043 1820//1820 1819//1819
f 2045//2045 2043//2043 2044//2044
f 1823//1823 2045//2045 1816//1816
f 1816//1816 2045//2045 2044//2044
f 1815//1815 1823//1823 1816//1816
f 2043//2043 1821//1821 1820//1820
f 1822//1822 1821//1821 2043//2043
f 2045//2045 1822//1822 2043//2043
f 1823//1823 1822//1822 2045//2045
f 2046//2046 1915//1915 1910//1910
f 1918//1918 2046//2046 1910//1910
f 1916//1916 1915//1915 2046//2046
f 1918//1918 2047//2047 2046//2046
f 1919//1919 1925//1925 1918//1918
f 1925//1925 2047//2047 1918//1918
f 1935//1935 1916//1916 2046//2046
f 2046//2046 2047//2047 1935//1935
f 1927//1927 1916//1916 1935//1935
f 1925//1925 1928//1928 2047//2047
f 2048//2048 1934//1934 1935//1935
f 2047//2047 2048//2048 1935//1935
f 1928//1928 1939//1939 2047//2047
f 2047//2047 1939//1939 2048//2048
f 1940//1940 1934//1934 2048//2048
f 1939//1939 1940//1940 2048//2048
f 1947//1947 1934//1934 1940//1940
f 1946//1946 1955//1955 1952//1952
f 2049//2049 1955//1955 1961//1961
f 1963//1963 1956//1956 1947//1947
f 1952//1952 2050//2050 1960//1960
f 2051//2051 2050//2050 1952//1952
f 1955//1955 2051//2051 1952//1952
f 2052//2052 2049//2049 1961//1961
f 2052//2052 1961//1961 2053//2053
f 1956//1956 2053//2053 1961//1961
f 1963//1963 2053//2053 1956//1956
f 2054//2054 1978//1978 1972//1972
f 2055//2055 2054//2054 1972//1972
f 1979//1979 2055//2055 1972//1972
f 2056//2056 1960//1960 2050//2050
f 2057//2057 2052//2052 2053//2053
f 1963//1963 2057//2057 2053//2053
f 2054//2054 1985//1985 1978//1978
f 1982//1982 2055//2055 1979//1979
f 1983//1983 1960//1960 2056//2056
f 1982//1982 1989//1989 2055//2055
f 2055//2055 1989//1989 2003//2003
f 1983//1983 2056//2056 2007//2007
f 1963//1963 2058//2058 2057//2057
f 1963//1963 1990//1990 2058//2058
f 1985//1985 2012//2012 1994//1994
f 1983//1983 2007//2007 1987//1987
f 1990//1990 1998//1998 2058//2058
f 2059//2059 2007//2007 2056//2056
f 2060//2060 2058//2058 2025//2025
f 1994//1994 2012//2012 2001//2001
f 2012//2012 2061//2061 2011//2011
f 2059//2059 2022//2022 2007//2007
f 1998//1998 2025//2025 2058//2058
f 2002//2002 2011//2011 2061//2061
f 2002//2002 2004//2004 2018//2018
f 2007//2007 2022//2022 2006//2006
f 2018//2018 2011//2011 2002//2002
f 2022//2022 2019//2019 2006//2006
f 2023//2023 2022//2022 2059//2059
f 2023//2023 2059//2059 2062//2062
f 2023//2023 2062//2062 2026//2026
f 2062//2062 2063//2063 2026//2026
f 2063//2063 2060//2060 2026//2026
f 2060//2060 2025//2025 2026//2026
f 2051//2051 1955//1955 2064//2064
f 1955//1955 2049//2049 2064//2064
f 2052//2052 2064//2064 2049//2049
f 2064//2064 2065//2065 2051//2051
f 2052//2052 2065//2065 2064//2064
f 2066//2066 2054//2054 2055//2055
f 2056//2056 2050//2050 2067//2067
f 2051//2051 2067//2067 2050//2050
f 2065//2065 2067//2067 2051//2051
f 2052//2052 2068//2068 2065//2065
f 2057//2057 2068//2068 2052//2052
f 2012//2012 1985//1985 2054//2054
f 2055//2055 2003//2003 2066//2066
f 2069//2069 2067//2067 2065//2065
f 2068//2068 2069//2069 2065//2065
f 2012//2012 2054//2054 2061//2061
f 2066//2066 2061//2061 2054//2054
f 2003//2003 2061//2061 2066//2066
f 2058//2058 2068//2068 2057//2057
f 2003//2003 2002//2002 2061//2061
f 2056//2056 2067//2067 2059//2059
f 2062//2062 2059//2059 2067//2067
f 2069//2069 2063//2063 2067//2067
f 2063//2063 2062//2062 2067//2067
f 2068//2068 2063//2063 2069//2069
f 2068//2068 2058//2058 2060//2060
f 2068//2068 2060//2060 2063//2063
