# Generated by Visualization Toolkit
v -43.90877914428711 -232.028564453125 366.9979248046875
v -44.30193328857422 -230.5055694580078 366.8244323730469
v -42.0461540222168 -230.80943298339844 368.5892333984375
v -45.296287536621094 -232.3046417236328 365.53900146484375
v -44.68698501586914 -229.91026306152344 367.36346435546875
v -43.43657302856445 -234.3643035888672 368.38702392578125
v -44.04127883911133 -233.0811767578125 367.70745849609375
v -44.74779510498047 -232.18597412109375 366.9207763671875
v -43.13497543334961 -228.07321166992188 368.72369384765625
v -42.07470703125 -228.30105590820312 368.9950256347656
v -44.31822967529297 -228.7613525390625 369.0674133300781
v -43.827213287353516 -227.23956298828125 369.76593017578125
v -44.67111587524414 -230.91136169433594 368.7692565917969
v -41.970340728759766 -233.27586364746094 369.4740905761719
v -41.70214080810547 -234.8822784423828 371.3199462890625
v -42.77490234375 -234.6754150390625 369.8280334472656
v -42.20939636230469 -222.55210876464844 371.4881896972656
v -43.13427734375 -223.8621063232422 370.7205505371094
v -44.2669792175293 -221.3058319091797 372.3139953613281
v -45.6048469543457 -222.9298553466797 371.690185546875
v -41.022804260253906 -224.22906494140625 371.2107238769531
v -45.05189895629883 -224.85882568359375 371.1180419921875
v -46.53253173828125 -222.71273803710938 372.27679443359375
v -47.81297302246094 -224.83102416992188 371.7758483886719
v -41.854610443115234 -226.58567810058594 369.9735107421875
v -43.27682113647461 -225.70462036132812 370.2626037597656
v -44.689369201660156 -226.69581604003906 371.1746826171875
v -45.91530990600586 -226.2554931640625 371.9271545410156
v -46.84795379638672 -225.95797729492188 371.7237854003906
v -40.49626922607422 -227.3041229248047 370.8834533691406
v -44.53813934326172 -228.07131958007812 370.71368408203125
v -47.532562255859375 -227.3779296875 372.1903076171875
v -49.50663375854492 -227.0171661376953 372.2022399902344
v -48.55598068237305 -224.70962524414062 372.59820556640625
v -48.995662689208984 -227.52764892578125 371.98345947265625
v -49.25787353515625 -229.6421356201172 372.409912109375
v -40.37653732299805 -229.33599853515625 370.9307556152344
v -44.575721740722656 -231.45623779296875 371.30462646484375
v -50.09424591064453 -229.6323699951172 373.3037414550781
v -40.530609130859375 -232.5609588623047 371.5850524902344
v -39.82465744018555 -229.6976318359375 372.30078125
v -44.182132720947266 -233.60997009277344 371.1539611816406
v -42.139801025390625 -235.83607482910156 371.89324951171875
v -42.967159271240234 -236.28504943847656 372.4289245605469
v -43.411678314208984 -234.69662475585938 370.5751037597656
v -42.17784118652344 -219.04620361328125 374.1269226074219
v -43.68082809448242 -218.33119201660156 374.86859130859375
v -44.859317779541016 -219.41224670410156 374.42852783203125
v -41.3482666015625 -221.20413208007812 372.8113098144531
v -40.18437576293945 -222.569580078125 372.72564697265625
v -39.17719268798828 -223.50364685058594 373.6049499511719
v -46.92820739746094 -222.19009399414062 373.5426025390625
v -45.408531188964844 -227.05413818359375 372.560791015625
v -39.0534782409668 -226.53221130371094 373.6941223144531
v -45.61731719970703 -228.63856506347656 374.2486267089844
v -49.72181701660156 -226.64585876464844 373.20660400390625
v -45.094505310058594 -228.41683959960938 374.4052429199219
v -47.10742950439453 -230.5863800048828 373.8561096191406
v -39.32384490966797 -229.1049346923828 374.39544677734375
v -39.99283218383789 -232.0685272216797 374.48065185546875
v -44.96926498413086 -231.7439727783203 373.01123046875
v -48.72476577758789 -232.1102294921875 373.7359313964844
v -49.6689338684082 -233.0968017578125 374.25616455078125
v -44.73114776611328 -234.4760284423828 372.57763671875
v -41.037593841552734 -234.3870086669922 373.4591369628906
v -43.82635498046875 -235.94017028808594 372.5851135253906
v -41.94926834106445 -235.6412811279297 374.74066162109375
v -42.997222900390625 -236.4699249267578 374.6631164550781
v -42.27741241455078 -216.5001220703125 375.9389343261719
v -41.07757568359375 -217.46604919433594 375.4642028808594
v -40.381919860839844 -220.32130432128906 374.0538024902344
v -39.78676223754883 -217.70498657226562 375.9930114746094
v -39.33024978637695 -220.85244750976562 374.72906494140625
v -45.207706451416016 -218.5122833251953 376.0188293457031
v -38.27386474609375 -221.46807861328125 376.23394775390625
v -46.590179443359375 -219.8931884765625 376.9283447265625
v -47.517295837402344 -221.68255615234375 376.73883056640625
v -38.24713897705078 -225.64697265625 376.62750244140625
v -50.08673095703125 -228.3925018310547 374.9834899902344
v -45.351871490478516 -229.91835021972656 374.5074462890625
v -49.98627471923828 -231.16990661621094 375.09063720703125
v -46.01144790649414 -232.2704620361328 373.885009765625
v -47.22532272338867 -233.5281219482422 374.21307373046875
v -45.71235656738281 -235.20127868652344 373.751708984375
v -40.442665100097656 -233.0765380859375 375.80926513671875
v -47.88610076904297 -234.74850463867188 374.6839904785156
v -47.709007263183594 -235.76239013671875 375.552490234375
v -42.26988220214844 -235.468505859375 375.9679260253906
v -43.69324493408203 -236.25653076171875 375.7819519042969
v -45.81916427612305 -236.6373291015625 374.6793212890625
v -46.19424819946289 -236.7498779296875 374.6422119140625
v -46.66110610961914 -236.28591918945312 375.7356262207031
v -38.884647369384766 -215.1558074951172 378.089111328125
v -40.97496032714844 -213.53189086914062 378.1979675292969
v -41.75260925292969 -212.76356506347656 378.7424011230469
v -43.33506774902344 -214.46163940429688 378.0688171386719
v -38.74863052368164 -218.40403747558594 376.5855407714844
v -44.15140914916992 -214.84521484375 378.53314208984375
v -37.61974334716797 -216.85995483398438 378.6978454589844
v -37.15650177001953 -219.3240203857422 378.9197998046875
v -45.44021224975586 -217.61752319335938 377.631103515625
v -37.80126190185547 -222.8987579345703 377.39166259765625
v -47.82512283325195 -222.06060791015625 378.6925354003906
v -49.17428970336914 -225.3693389892578 376.4189758300781
v -49.294403076171875 -226.48350524902344 377.4190979003906
v -39.016605377197266 -228.5315704345703 377.3165588378906
v -48.7426643371582 -228.20632934570312 379.21783447265625
v -39.70063400268555 -229.51109313964844 379.0110778808594
v -49.28492736816406 -231.69635009765625 376.7811279296875
v -40.67670440673828 -232.5093536376953 377.6114501953125
v -48.42716598510742 -233.0169219970703 377.5679626464844
v -48.8937873840332 -233.84356689453125 375.9881591796875
v -46.377742767333984 -234.24789428710938 378.0892333984375
v -45.437355041503906 -235.82803344726562 376.5569152832031
v -42.16673278808594 -212.3791046142578 379.3636169433594
v -43.76990509033203 -212.66307067871094 380.6336364746094
v -45.271060943603516 -215.64588928222656 379.727294921875
v -46.456607818603516 -218.27200317382812 379.7748107910156
v -36.544822692871094 -219.90524291992188 380.7832336425781
v -46.9279899597168 -219.001220703125 381.811767578125
v -37.6688232421875 -223.91900634765625 378.8708190917969
v -47.90802001953125 -222.90664672851562 380.41107177734375
v -37.858882904052734 -224.6565399169922 381.11517333984375
v -47.92748260498047 -224.3354034423828 381.0401306152344
v -48.253944396972656 -229.66879272460938 379.4613342285156
v -40.762516021728516 -230.81353759765625 379.968017578125
v -47.58887481689453 -231.2746124267578 379.4195251464844
v -42.74885559082031 -233.12098693847656 379.0279846191406
v -44.91447067260742 -233.3583221435547 379.2773742675781
v -44.074832916259766 -234.33541870117188 378.19342041015625
v -46.47272491455078 -231.35345458984375 380.364501953125
v -40.549827575683594 -211.26052856445312 380.93316650390625
v -38.70429611206055 -210.70361328125 382.70660400390625
v -37.449363708496094 -214.25477600097656 380.7083435058594
v -35.94664764404297 -213.79275512695312 383.72369384765625
v -35.51985549926758 -214.9148712158203 384.3094787597656
v -45.26836395263672 -214.10714721679688 382.4381408691406
v -46.04559326171875 -216.23870849609375 382.54412841796875
v -36.57431411743164 -221.03057861328125 382.39093017578125
v -38.86140060424805 -226.73980712890625 382.07696533203125
v -47.32805633544922 -225.71762084960938 382.1488952636719
v -46.967750549316406 -227.22531127929688 382.04833984375
v -40.413761138916016 -228.78468322753906 381.8447570800781
v -41.76967239379883 -231.01889038085938 380.60260009765625
v -41.75645065307617 -229.37120056152344 382.3442077636719
v -43.01955032348633 -229.185302734375 382.7789001464844
v -45.14140319824219 -230.0923309326172 381.80572509765625
v -40.97329330444336 -210.19142150878906 382.3825378417969
v -40.6241455078125 -207.5867156982422 385.3197937011719
v -39.300907135009766 -208.2502899169922 384.96978759765625
v -42.19796371459961 -210.027099609375 383.0092468261719
v -42.53570556640625 -208.2724609375 385.54766845703125
v -43.33962631225586 -211.14561462402344 382.6286926269531
v -44.020973205566406 -211.30401611328125 383.76806640625
v -37.69942092895508 -211.76539611816406 382.6268005371094
v -36.444313049316406 -212.45458984375 383.61859130859375
v -45.72119140625 -214.9590301513672 385.27679443359375
v -46.55158615112305 -218.6363525390625 384.6425476074219
v -34.84568786621094 -214.7836456298828 388.0177307128906
v -46.544471740722656 -220.2234649658203 385.04296875
v -36.43819808959961 -220.09234619140625 384.9669189453125
v -37.489967346191406 -222.93795776367188 384.95526123046875
v -46.77125549316406 -222.8661346435547 384.0934753417969
v -38.184967041015625 -224.4715576171875 383.8896484375
v -46.1320686340332 -224.7216796875 384.5035705566406
v -39.27391815185547 -225.29820251464844 385.16851806640625
v -40.409019470214844 -226.83143615722656 384.5047912597656
v -45.94834518432617 -227.80569458007812 382.77874755859375
v -44.28083419799805 -228.10427856445312 383.55279541015625
v -45.16793441772461 -225.39382934570312 385.2892150878906
v -41.406654357910156 -206.421630859375 386.7666320800781
v -37.497493743896484 -207.10247802734375 387.2781066894531
v -36.08425521850586 -209.600830078125 386.3330993652344
v -43.11383819580078 -206.9275665283203 388.6759338378906
v -44.451812744140625 -211.37689208984375 385.718505859375
v -34.770179748535156 -213.55673217773438 387.3211364746094
v -35.43173599243164 -216.67056274414062 388.4216613769531
v -45.85847473144531 -217.1309051513672 386.7685852050781
v -39.07648468017578 -224.14849853515625 386.70794677734375
v -42.352394104003906 -225.7085418701172 386.51666259765625
v -43.492881774902344 -225.3224639892578 386.55108642578125
v -41.170753479003906 -226.36668395996094 385.6398620605469
v -40.00020980834961 -205.26364135742188 387.805908203125
v -42.48397445678711 -205.28358459472656 388.9496154785156
v -43.545196533203125 -207.7826385498047 389.4563903808594
v -43.83747100830078 -209.02627563476562 390.0633239746094
v -44.831077575683594 -212.8478240966797 388.11993408203125
v -36.20296096801758 -217.8096466064453 389.5702209472656
v -36.46504211425781 -218.91270446777344 387.7547302246094
v -37.46483612060547 -220.77987670898438 387.43646240234375
v -45.22428894042969 -218.73536682128906 388.0956726074219
v -45.54692459106445 -221.16094970703125 386.9104309082031
v -44.587188720703125 -222.926513671875 387.44854736328125
v -41.24647903442383 -224.06895446777344 387.720458984375
v -40.98712158203125 -203.1505889892578 389.5890808105469
v -41.78989791870117 -204.4492950439453 388.86260986328125
v -42.006126403808594 -202.0299072265625 391.1103515625
v -37.65250778198242 -204.08062744140625 389.8704528808594
v -36.09016799926758 -205.39186096191406 389.83013916015625
v -34.68810272216797 -207.91957092285156 389.7427978515625
v -36.12356948852539 -207.718017578125 388.01019287109375
v -34.19523239135742 -208.69810485839844 390.5276184082031
v -34.22932052612305 -211.8270721435547 389.5814208984375
v -44.55260467529297 -213.41258239746094 389.66644287109375
v -44.70790100097656 -216.09628295898438 389.2517395019531
v -43.62851333618164 -219.16786193847656 389.6073303222656
v -43.868896484375 -216.9933624267578 390.28533935546875
v -37.69343948364258 -219.0884246826172 389.8754577636719
v -38.43781280517578 -221.1201171875 388.43865966796875
v -38.70157241821289 -218.9044952392578 390.6854248046875
v -39.76497268676758 -221.56976318359375 388.9555358886719
v -41.95357131958008 -222.0764617919922 388.935546875
v -41.37114334106445 -219.05934143066406 390.8526916503906
v -43.30280685424805 -221.25637817382812 388.9311218261719
v -38.30479049682617 -200.27574157714844 393.2823181152344
v -36.55219268798828 -202.62733459472656 391.6827087402344
v -35.0000114440918 -201.81512451171875 393.6351013183594
v -34.74264144897461 -204.9921875 391.6382141113281
v -42.82036209106445 -202.7660369873047 392.56475830078125
v -43.4087028503418 -206.96749877929688 391.644775390625
v -34.09648895263672 -205.5336456298828 392.70294189453125
v -43.19523620605469 -208.99534606933594 392.8305358886719
v -33.971405029296875 -209.98828125 391.96142578125
v -34.25076675415039 -211.528564453125 392.2248229980469
v -35.06660842895508 -213.84393310546875 391.41168212890625
v -36.072566986083984 -215.46200561523438 392.2515563964844
v -43.40718460083008 -214.03250122070312 391.8896179199219
v -43.910030364990234 -212.9818115234375 391.39385986328125
v -42.084110260009766 -214.18548583984375 393.2332458496094
v -42.083553314208984 -217.3842010498047 391.5939636230469
v -39.605804443359375 -218.33375549316406 391.4483337402344
v -40.68977355957031 -215.37657165527344 393.4801940917969
v -41.65337371826172 -200.72999572753906 393.2072448730469
v -38.9101676940918 -199.34078979492188 394.33013916015625
v -36.19892883300781 -200.2398223876953 393.9870910644531
v -34.11994934082031 -201.9280548095703 394.88616943359375
v -42.9766731262207 -204.02728271484375 394.21868896484375
v -42.7832145690918 -204.99972534179688 395.23614501953125
v -33.68699264526367 -205.4031524658203 394.97283935546875
v -33.78191375732422 -207.05775451660156 394.9400634765625
v -34.720123291015625 -211.01165771484375 394.20098876953125
v -35.719886779785156 -213.5087432861328 393.01226806640625
v -42.537384033203125 -209.94570922851562 394.1092529296875
v -37.30406951904297 -215.43186950683594 393.2885437011719
v -39.26485061645508 -215.00302124023438 393.8896484375
v -35.419281005859375 -197.62037658691406 396.5033264160156
v -34.3192253112793 -197.85699462890625 397.2480773925781
v -39.52577209472656 -198.50177001953125 395.7229919433594
v -42.11630630493164 -200.57855224609375 394.54132080078125
v -40.53176498413086 -198.95323181152344 396.47271728515625
v -42.49014663696289 -201.9237518310547 396.0234375
v -33.5543212890625 -202.48812866210938 396.6952819824219
v -34.84779739379883 -208.843017578125 396.722900390625
v -34.12830352783203 -206.92869567871094 397.38275146484375
v -41.394691467285156 -208.132568359375 396.74444580078125
v -42.18339920043945 -206.2556915283203 396.37396240234375
v -41.34515380859375 -210.853271484375 395.1977233886719
v -40.31774139404297 -209.32275390625 397.1007080078125
v -36.59684371948242 -212.92906188964844 394.3185729980469
v -37.79496765136719 -212.00587463378906 395.48406982421875
v -38.901206970214844 -210.60491943359375 396.6533203125
v -39.90789794921875 -212.12576293945312 395.3173522949219
v -36.13618850708008 -195.92906188964844 398.1572265625
v -37.4974479675293 -196.5541229248047 397.68603515625
v -38.66796875 -196.64224243164062 398.40673828125
v -39.70233917236328 -197.57369995117188 398.5198974609375
v -33.47400665283203 -199.39956665039062 397.7373352050781
v -41.253868103027344 -199.76327514648438 397.48382568359375
v -33.651161193847656 -203.74563598632812 397.7259826660156
v -41.622894287109375 -202.89663696289062 398.3898010253906
v -34.717716217041016 -207.28146362304688 398.63031005859375
v -36.88078308105469 -208.0112762451172 398.8670654296875
v -35.91513442993164 -209.07766723632812 397.43353271484375
v -39.34217071533203 -208.5046844482422 398.1658020019531
v -33.11518859863281 -195.76158142089844 399.7170104980469
v -34.55482864379883 -196.04238891601562 398.4161682128906
v -34.588897705078125 -194.28843688964844 399.6687316894531
v -37.5014762878418 -194.76919555664062 399.7346496582031
v -39.587547302246094 -196.27908325195312 400.8774108886719
v -32.726951599121094 -197.7085418701172 399.848388671875
v -40.27790832519531 -198.4695587158203 400.2996520996094
v -33.17536163330078 -200.28631591796875 399.0703430175781
v -41.14710998535156 -200.52346801757812 398.95330810546875
v -33.48921203613281 -200.8671875 400.767822265625
v -34.205955505371094 -203.8911590576172 399.5915832519531
v -40.79924011230469 -204.36141967773438 399.4287109375
v -40.0236930847168 -205.8978729248047 399.40435791015625
v -37.95988845825195 -207.0731964111328 399.6285400390625
v -35.613224029541016 -207.4600830078125 399.1673889160156
v -33.37864685058594 -193.31002807617188 401.58709716796875
v -34.27934646606445 -192.33741760253906 402.3519592285156
v -36.94441604614258 -193.01763916015625 401.145263671875
v -36.16807174682617 -191.8036346435547 402.4311828613281
v -32.85495376586914 -193.80734252929688 402.04241943359375
v -32.470916748046875 -196.0589141845703 401.5909729003906
v -38.94185256958008 -194.93051147460938 400.997802734375
v -38.13026809692383 -192.7963409423828 402.2393493652344
v -32.550689697265625 -198.3003692626953 402.39898681640625
v -39.736236572265625 -195.81419372558594 403.609130859375
v -39.879981994628906 -198.1127471923828 402.7375183105469
v -39.87757873535156 -200.1280517578125 401.7658386230469
v -40.44939422607422 -201.6002960205078 400.38372802734375
v -39.03361511230469 -201.4119110107422 402.361572265625
v -34.33438491821289 -201.74085998535156 401.8185119628906
v -35.23783493041992 -204.7537078857422 400.429931640625
v -35.590415954589844 -202.0133056640625 402.7904968261719
v -39.370643615722656 -203.2237548828125 401.0184631347656
v -38.1920051574707 -204.41036987304688 401.02008056640625
v -36.430458068847656 -204.85169982910156 400.9008483886719
v -36.836185455322266 -202.19430541992188 402.84527587890625
v -36.010650634765625 -189.00816345214844 404.3970947265625
v -35.323577880859375 -190.95266723632812 403.1290283203125
v -36.81544876098633 -188.77444458007812 404.8331298828125
v -34.926124572753906 -189.35720825195312 404.4180603027344
v -33.984405517578125 -190.9296112060547 404.3737487792969
v -33.227046966552734 -192.62405395507812 403.5751953125
v -37.73482894897461 -191.6062469482422 403.26336669921875
v -32.62889099121094 -194.28836059570312 403.2137145996094
v -32.505271911621094 -196.45941162109375 403.2435302734375
v -39.500831604003906 -193.03709411621094 404.9833068847656
v -34.1443977355957 -200.02415466308594 403.4385986328125
v -39.06550216674805 -199.1138153076172 404.12744140625
v -37.95304489135742 -201.81178283691406 402.8354797363281
v -35.6319465637207 -185.8272247314453 406.5165100097656
v -34.76826477050781 -186.7107391357422 405.9817199707031
v -34.004661560058594 -187.73255920410156 405.9810485839844
v -38.888431549072266 -191.66444396972656 404.7923583984375
v -33.23968505859375 -191.55674743652344 406.0413818359375
v -33.03456497192383 -193.8243408203125 405.3349609375
v -32.921043395996094 -197.22679138183594 404.3894958496094
v -39.382225036621094 -196.11427307128906 405.5601806640625
v -33.537784576416016 -197.39358520507812 405.0794677734375
v -34.77555847167969 -199.08807373046875 404.9983825683594
v -37.701026916503906 -199.28439331054688 405.1023254394531
v -38.58470153808594 -196.8765411376953 406.3023986816406
v -36.20386505126953 -199.2997589111328 405.3401184082031
v -35.84196090698242 -182.72174072265625 408.3499450683594
v -34.90680694580078 -183.1311492919922 407.9862365722656
v -33.83154296875 -184.1357879638672 407.88311767578125
v -36.92918014526367 -185.8019561767578 407.2078552246094
v -33.206546783447266 -185.1803741455078 407.94036865234375
v -32.99810028076172 -188.1129150390625 407.6262512207031
v -38.12436294555664 -187.25730895996094 407.77410888671875
v -39.31462097167969 -190.385009765625 407.1331787109375
v -32.97969055175781 -190.9119415283203 408.3206481933594
v -33.43550491333008 -191.9897918701172 408.9371032714844
v -39.65852737426758 -190.02015686035156 409.0301513671875
v -39.60371780395508 -192.23046875 408.5286560058594
v -34.1287956237793 -193.36447143554688 408.7915344238281
v -33.72679138183594 -195.08059692382812 406.4344177246094
v -39.220802307128906 -193.48789978027344 408.7525939941406
v -35.045249938964844 -195.83187866210938 407.3362731933594
v -37.83049011230469 -196.81863403320312 406.8775634765625
v -38.47846984863281 -193.92283630371094 409.5340270996094
v -36.2519416809082 -195.2039031982422 408.7544860839844
v -36.61168670654297 -196.89407348632812 407.0149841308594
v -37.49629211425781 -194.21548461914062 409.8003845214844
v -35.45928192138672 -180.3653564453125 409.9325256347656
v -36.413822174072266 -180.7332305908203 410.12127685546875
v -34.5748405456543 -180.28399658203125 410.3810119628906
v -37.75160217285156 -184.41395568847656 409.15087890625
v -32.84512710571289 -184.3319854736328 409.3372802734375
v -32.4217529296875 -186.9800262451172 410.40582275390625
v -38.976646423339844 -187.4715118408203 409.974853515625
v -32.59125518798828 -189.0811309814453 410.8611755371094
v -33.08620834350586 -190.7237091064453 411.1805419921875
v -34.983642578125 -193.3997802734375 410.0311584472656
v -35.75381851196289 -178.10704040527344 412.10650634765625
v -33.387908935546875 -180.89511108398438 411.2740478515625
v -32.71647644042969 -182.35903930664062 411.8228759765625
v -37.69587326049805 -181.58033752441406 411.22412109375
v -38.62610626220703 -184.61575317382812 411.67437744140625
v -39.10676574707031 -186.2537841796875 412.7450866699219
v -39.53114700317383 -188.62374877929688 412.72308349609375
v -38.93479537963867 -192.21981811523438 411.51336669921875
v -34.4052734375 -191.44052124023438 412.1474609375
v -36.0457649230957 -192.7235565185547 411.46832275390625
v -34.9089241027832 -175.51084899902344 413.43609619140625
v -35.09498596191406 -171.6747589111328 413.8827819824219
v -34.169189453125 -175.47048950195312 414.35638427734375
v -35.64997100830078 -172.03567504882812 413.8836669921875
v -35.753292083740234 -175.25912475585938 413.3747253417969
v -36.57455062866211 -176.41615295410156 413.49542236328125
v -34.576698303222656 -177.76463317871094 412.6206970214844
v -33.33028793334961 -177.93678283691406 414.36285400390625
v -37.71842956542969 -179.19410705566406 413.3536376953125
v -37.181365966796875 -177.78671264648438 413.463623046875
v -38.35478973388672 -179.860107421875 414.54547119140625
v -38.70793914794922 -182.98143005371094 413.70306396484375
v -32.49294662475586 -182.21588134765625 414.5484619140625
v -32.57233810424805 -185.21705627441406 414.1028137207031
v -33.045475006103516 -189.36338806152344 412.7192687988281
v -39.135677337646484 -187.1784210205078 414.2300720214844
v -33.80610656738281 -188.35455322265625 414.76324462890625
v -35.14762496948242 -190.8162384033203 413.3541259765625
v -36.756072998046875 -191.26832580566406 413.34381103515625
v -38.129493713378906 -191.05767822265625 413.3479309082031
v -34.50523376464844 -170.57669067382812 415.4346923828125
v -35.0665397644043 -169.4171905517578 415.4807434082031
v -36.03099822998047 -169.47735595703125 415.85400390625
v -33.47334671020508 -176.04632568359375 415.843994140625
v -37.561134338378906 -174.451171875 415.5259094238281
v -38.38613510131836 -176.69918823242188 416.34747314453125
v -32.83412551879883 -177.82557678222656 416.6928405761719
v -38.79079055786133 -180.490966796875 416.1833801269531
v -39.01231384277344 -182.69686889648438 417.00323486328125
v -38.93882369995117 -184.36485290527344 416.13848876953125
v -32.95075988769531 -186.44805908203125 414.61077880859375
v -33.20949172973633 -183.78408813476562 416.9677734375
v -39.18032455444336 -186.4259796142578 415.62286376953125
v -38.55731201171875 -188.0905303955078 414.8788757324219
v -35.52667999267578 -188.86019897460938 415.6458435058594
v -37.54793930053711 -189.36416625976562 414.7663879394531
v -35.79972457885742 -166.02655029296875 418.4059143066406
v -35.703853607177734 -167.64059448242188 417.17498779296875
v -36.66387939453125 -166.0629425048828 418.8868408203125
v -35.014915466308594 -166.6930694580078 418.1595153808594
v -33.87915802001953 -171.11944580078125 417.0737609863281
v -37.556819915771484 -169.62939453125 418.0787048339844
v -33.18343734741211 -175.9855499267578 417.5870361328125
v -39.168949127197266 -176.3372039794922 418.9387512207031
v -32.7681770324707 -180.5169219970703 417.3871154785156
v -32.87016677856445 -181.57896423339844 417.53887939453125
v -38.915103912353516 -181.28903198242188 418.40313720703125
v -38.85247802734375 -183.47860717773438 417.648681640625
v -34.347984313964844 -183.13943481445312 419.0210266113281
v -35.06375503540039 -186.40272521972656 417.47442626953125
v -38.14461898803711 -185.0325469970703 417.45269775390625
v -37.36397933959961 -186.48367309570312 417.278564453125
v -36.13615036010742 -186.7763671875 417.4640197753906
v -35.13666915893555 -162.41748046875 420.46905517578125
v -34.43730545043945 -163.1566925048828 420.92718505859375
v -36.23750686645508 -162.65777587890625 420.1488342285156
v -34.27214813232422 -166.98614501953125 419.0567932128906
v -37.94929885864258 -167.28240966796875 419.9191589355469
v -38.422969818115234 -170.4998016357422 419.5369567871094
v -33.64027404785156 -168.10426330566406 420.882080078125
v -33.3780403137207 -171.9896697998047 419.84698486328125
v -33.06044006347656 -173.8717498779297 419.5296630859375
v -33.27201843261719 -176.35885620117188 419.6253967285156
v -39.4863166809082 -177.1114959716797 420.5698547363281
v -33.96714401245117 -179.9886932373047 420.5208740234375
v -38.25803756713867 -181.869873046875 419.3136901855469
v -37.65208435058594 -181.60720825195312 420.3535461425781
v -36.59450149536133 -184.58457946777344 418.71148681640625
v -35.48178482055664 -184.0583038330078 419.1573486328125
v -35.81629943847656 -159.62457275390625 422.90350341796875
v -37.73542404174805 -163.7037353515625 421.1007995605469
v -33.98810958862305 -164.36825561523438 421.5345458984375
v -39.33623504638672 -165.50723266601562 423.7209777832031
v -39.136627197265625 -171.90721130371094 421.1845397949219
v -33.551124572753906 -167.83181762695312 423.5888671875
v -33.4654655456543 -172.5045623779297 422.0118713378906
v -33.79277420043945 -173.7499237060547 422.8095703125
v -33.81264114379883 -176.5215606689453 421.65704345703125
v -34.98344039916992 -178.90878295898438 423.0227355957031
v -35.29961013793945 -181.3207550048828 420.9791564941406
v -36.21559524536133 -179.9203643798828 422.7347717285156
v -37.663665771484375 -180.21031188964844 421.9296875
v -38.794498443603516 -179.46803283691406 421.357666015625
v -36.48274230957031 -181.77012634277344 420.81719970703125
v -34.898292541503906 -159.8400115966797 423.5059814453125
v -36.45890808105469 -156.5729217529297 424.16461181640625
v -36.92764663696289 -159.96710205078125 422.7694396972656
v -37.89201736450195 -160.4872283935547 423.24591064453125
v -33.78068161010742 -163.01780700683594 423.8457336425781
v -39.071292877197266 -161.99539184570312 424.2623596191406
v -39.57018280029297 -167.38380432128906 423.9707336425781
v -39.39344787597656 -172.8263702392578 422.68316650390625
v -39.7662353515625 -167.8148193359375 425.2987060546875
v -39.33452606201172 -172.78341674804688 424.1449279785156
v -39.06662368774414 -175.40347290039062 423.2682189941406
v -34.36995315551758 -175.34817504882812 423.3396301269531
v -37.38954162597656 -177.84742736816406 423.8023986816406
v -38.52780532836914 -175.55331420898438 424.2167053222656
v -37.37812805175781 -152.05735778808594 426.39691162109375
v -35.94091033935547 -155.09559631347656 425.8204345703125
v -36.7855110168457 -155.25827026367188 425.07415771484375
v -37.99905014038086 -153.10755920410156 425.80841064453125
v -37.75834274291992 -157.0523223876953 424.48724365234375
v -38.82435989379883 -155.323486328125 425.60638427734375
v -34.4683723449707 -158.73373413085938 425.4179992675781
v -38.980865478515625 -159.0050811767578 425.026123046875
v -39.85652160644531 -160.8492889404297 426.24884033203125
v -33.727596282958984 -162.5771942138672 426.27105712890625
v -40.04203414916992 -164.71163940429688 426.8212890625
v -33.85078048706055 -166.07505798339844 426.7409362792969
v -34.17951583862305 -169.70819091796875 426.611328125
v -39.666011810302734 -168.281982421875 427.33221435546875
v -38.93729782104492 -172.2368927001953 426.5335693359375
v -34.64570617675781 -172.3438262939453 426.1271057128906
v -35.40959548950195 -175.50747680664062 424.6113586425781
v -35.6989860534668 -172.70632934570312 427.1561584472656
v -37.88434600830078 -174.4213409423828 425.88153076171875
v -36.93843460083008 -173.17721557617188 427.4022216796875
v -36.624290466308594 -176.0062713623047 424.9272766113281
v -38.77717208862305 -151.0316162109375 427.2185363769531
v -38.22998046875 -148.8839874267578 428.7370300292969
v -36.16499328613281 -151.59149169921875 427.8985595703125
v -35.4824333190918 -154.5664520263672 427.2638244628906
v -39.837501525878906 -151.60752868652344 427.9687194824219
v -40.44900131225586 -153.5995330810547 428.3052673339844
v -34.92438888549805 -155.40921020507812 428.6876525878906
v -34.18029022216797 -158.56422424316406 427.7527770996094
v -40.39070129394531 -161.53033447265625 427.7379150390625
v -40.028228759765625 -165.1735076904297 428.5450439453125
v -35.39391326904297 -169.35133361816406 428.9486083984375
v -38.130882263183594 -171.04739379882812 428.6942138671875
v -39.28227615356445 -146.23629760742188 430.3758850097656
v -39.64952087402344 -149.3104248046875 428.8414306640625
v -37.71245574951172 -148.0771942138672 429.8450012207031
v -41.00355911254883 -147.44996643066406 431.1072998046875
v -35.93022918701172 -151.0180206298828 429.23779296875
v -41.024375915527344 -156.5751495361328 429.3320617675781
v -41.566123962402344 -150.11207580566406 431.4704284667969
v -34.82115936279297 -155.22666931152344 430.9718933105469
v -34.282371520996094 -158.5924835205078 431.0821533203125
v -41.15179443359375 -158.96905517578125 430.0121154785156
v -34.008750915527344 -161.95718383789062 429.20989990234375
v -40.715972900390625 -161.95562744140625 429.5538635253906
v -34.48137283325195 -163.2365264892578 430.6512451171875
v -34.63218307495117 -166.64796447753906 429.02667236328125
v -35.390357971191406 -164.5397186279297 431.57452392578125
v -35.88521957397461 -166.43768310546875 431.1076354980469
v -39.39484786987305 -166.802490234375 429.7097473144531
v -38.62289047241211 -167.5097198486328 430.4704895019531
v -36.56499099731445 -170.53414916992188 429.2633056640625
v -41.545265197753906 -142.3326416015625 432.198974609375
v -41.321468353271484 -141.28546142578125 432.56011962890625
v -40.55876159667969 -141.39459228515625 432.1915283203125
v -40.15166473388672 -146.2993621826172 430.61407470703125
v -38.82408142089844 -143.46334838867188 432.0946044921875
v -37.001182556152344 -147.0352020263672 432.0201110839844
v -38.278526306152344 -143.0781707763672 433.18621826171875
v -35.93125915527344 -149.67213439941406 431.4527587890625
v -35.65566635131836 -149.89627075195312 432.937744140625
v -42.044456481933594 -151.2661590576172 432.8133544921875
v -41.757652282714844 -155.44956970214844 432.4432678222656
v -34.98125076293945 -155.37132263183594 432.9895935058594
v -41.136165618896484 -160.488525390625 431.6016845703125
v -34.92326736450195 -159.90084838867188 432.8923645019531
v -40.35899353027344 -162.91932678222656 431.1889343261719
v -39.406925201416016 -165.05198669433594 431.5628662109375
v -37.20553207397461 -166.75164794921875 431.8492126464844
v -36.614013671875 -167.95936584472656 430.6369323730469
v -38.66224670410156 -165.1455841064453 432.4468994140625
v -37.64494323730469 -168.2198486328125 430.5964660644531
v -40.09180450439453 -140.04885864257812 433.67449951171875
v -39.08211898803711 -139.9368438720703 435.71270751953125
v -37.49374771118164 -143.6028289794922 434.7050476074219
v -42.36235046386719 -143.79856872558594 433.1952819824219
v -42.064640045166016 -147.83047485351562 432.7908935546875
v -36.44464874267578 -146.87953186035156 434.4936218261719
v -42.8314094543457 -147.29896545410156 434.7510070800781
v -35.07018280029297 -157.5778350830078 433.5411376953125
v -41.60533905029297 -156.755615234375 434.1033020019531
v -40.81976318359375 -160.77740478515625 433.2751770019531
v -36.19664001464844 -160.481689453125 434.97882080078125
v -36.589210510253906 -162.441162109375 434.3387145996094
v -39.87444305419922 -162.3741455078125 433.32720947265625
v -37.0886344909668 -164.25802612304688 433.46795654296875
v -37.882080078125 -164.55340576171875 433.3006286621094
v -38.87386703491211 -161.7857208251953 434.875244140625
v -41.38427734375 -138.84613037109375 434.7250671386719
v -41.5721549987793 -137.01051330566406 436.7468566894531
v -42.55042266845703 -137.62107849121094 436.25341796875
v -43.29252243041992 -137.97222900390625 436.74884033203125
v -44.06205749511719 -139.1584014892578 437.5702819824219
v -35.895023345947266 -148.74525451660156 436.0982360839844
v -42.556251525878906 -151.51564025878906 435.3415832519531
v -43.695709228515625 -145.73663330078125 437.4319763183594
v -42.0031623840332 -154.53941345214844 435.9288024902344
v -35.77086639404297 -152.1229248046875 436.6527099609375
v -35.92929458618164 -154.62542724609375 436.4380187988281
v -35.88723373413086 -157.53744506835938 435.3822937011719
v -41.324562072753906 -155.99781799316406 436.6734924316406
v -40.54804229736328 -159.5372314453125 435.183837890625
v -37.22496795654297 -160.96807861328125 435.7693176269531
v -38.004947662353516 -161.6011505126953 435.3979187011719
v -42.020599365234375 -135.18002319335938 438.10150146484375
v -42.565101623535156 -135.80856323242188 437.3813171386719
v -43.495277404785156 -134.17282104492188 438.1004638671875
v -44.55027389526367 -134.86331176757812 438.4888000488281
v -44.77873611450195 -132.6922149658203 439.3975524902344
v -40.882568359375 -136.66590881347656 438.0911865234375
v -40.134361267089844 -137.51885986328125 438.56256103515625
v -39.7239875793457 -137.6194610595703 441.06451416015625
v -44.71574783325195 -140.09019470214844 438.8876037597656
v -37.438438415527344 -142.97933959960938 437.3222351074219
v -45.04518508911133 -141.22044372558594 440.19476318359375
v -36.509517669677734 -147.0454559326172 438.9073791503906
v -43.61145782470703 -147.71121215820312 438.7726745605469
v -42.94889831542969 -150.8744354248047 438.2387390136719
v -37.31726837158203 -151.5540771484375 440.806884765625
v -36.95318603515625 -149.95779418945312 440.5942687988281
v -37.02336120605469 -154.7644805908203 438.35638427734375
v -41.928199768066406 -152.8992462158203 440.928955078125
v -37.07344436645508 -157.70751953125 436.9372863769531
v -40.21427536010742 -158.18032836914062 436.5900573730469
v -40.221351623535156 -156.20091247558594 438.54632568359375
v -38.4761848449707 -158.4332733154297 437.3770446777344
v -37.85475158691406 -158.56277465820312 437.0165710449219
v -42.41474914550781 -132.6265869140625 440.0520935058594
v -43.6590461730957 -130.9936065673828 439.8951721191406
v -44.285888671875 -131.28616333007812 439.79742431640625
v -41.32332992553711 -134.45558166503906 440.4964294433594
v -45.1824836730957 -135.23117065429688 439.270263671875
v -45.23088836669922 -137.0460662841797 439.4139099121094
v -45.934452056884766 -137.89035034179688 441.145751953125
v -37.50103759765625 -142.93800354003906 439.4888000488281
v -44.783687591552734 -143.90570068359375 441.3592834472656
v -44.63228988647461 -145.08584594726562 442.8287048339844
v -36.94140625 -148.16917419433594 440.8751220703125
v -43.52997589111328 -148.57032775878906 441.2521057128906
v -42.62070083618164 -151.46868896484375 440.6745300292969
v -38.00628662109375 -152.9304656982422 441.1244201660156
v -38.42801284790039 -155.6002197265625 439.1763916015625
v -39.837425231933594 -154.1111297607422 441.1464538574219
v -40.846397399902344 -154.79092407226562 440.0120849609375
v -39.37461471557617 -156.06959533691406 439.04425048828125
v -44.5902099609375 -129.44117736816406 441.79461669921875
v -43.45970916748047 -130.08908081054688 441.6775817871094
v -45.64423751831055 -128.54412841796875 442.66571044921875
v -46.41738510131836 -129.68560791015625 442.3069152832031
v -42.38799285888672 -131.1656036376953 442.9713439941406
v -41.760169982910156 -132.19061279296875 444.272705078125
v -46.1164665222168 -139.14974975585938 442.4714050292969
v -39.08395767211914 -139.62232971191406 443.9198303222656
v -38.1275634765625 -142.67581176757812 443.35650634765625
v -37.55930709838867 -145.10157775878906 442.640625
v -41.27012252807617 -152.69110107421875 442.0549621582031
v -47.02873611450195 -127.19244384765625 443.7327575683594
v -46.49309539794922 -126.01773834228516 444.63677978515625
v -45.12199020385742 -127.5093994140625 443.8556823730469
v -43.9837760925293 -128.56097412109375 444.2857971191406
v -47.59964370727539 -128.70631408691406 443.48028564453125
v -47.165645599365234 -131.7990264892578 442.6243591308594
v -48.30394744873047 -131.07705688476562 444.2261657714844
v -48.74968338012695 -128.1311798095703 444.6822204589844
v -48.01957321166992 -133.4248809814453 444.41107177734375
v -40.56848907470703 -135.35601806640625 444.5069580078125
v -47.76141357421875 -135.72634887695312 445.0293273925781
v -46.19519805908203 -140.20431518554688 444.19976806640625
v -38.703125 -144.7628173828125 445.78729248046875
v -38.93085479736328 -146.0658416748047 446.1089782714844
v -43.710243225097656 -147.77503967285156 443.3941345214844
v -38.44894790649414 -150.3524627685547 442.91217041015625
v -39.05769348144531 -148.8095703125 444.70751953125
v -43.1251106262207 -148.8985137939453 443.3490295410156
v -39.44709777832031 -151.31640625 443.13214111328125
v -40.12206268310547 -149.44390869140625 445.1171875
v -42.0207633972168 -150.17559814453125 443.8022766113281
v -40.72049331665039 -150.5044708251953 444.25225830078125
v -47.161376953125 -123.87028503417969 446.4772033691406
v -47.80866622924805 -124.92293548583984 445.0841369628906
v -45.53865051269531 -125.81300354003906 446.0653076171875
v -49.07065200805664 -125.0469741821289 445.9606628417969
v -44.171661376953125 -127.338134765625 447.98114013671875
v -49.40040588378906 -128.9617156982422 445.5438537597656
v -40.07912826538086 -137.338134765625 446.37103271484375
v -41.49970245361328 -133.1991424560547 447.36798095703125
v -47.591644287109375 -137.21102905273438 446.1741027832031
v -39.45795822143555 -139.85191345214844 446.09478759765625
v -47.86675262451172 -137.3783416748047 448.424560546875
v -46.069583892822266 -140.99703979492188 446.42669677734375
v -45.0087776184082 -144.0136260986328 445.430419921875
v -39.57143783569336 -141.34788513183594 447.11322021484375
v -39.814247131347656 -147.15440368652344 447.00750732421875
v -40.88134765625 -147.448486328125 447.43475341796875
v -41.718170166015625 -147.5905303955078 447.2322692871094
v -42.98098373413086 -147.31524658203125 446.37738037109375
v -48.91278076171875 -122.31851959228516 447.3334655761719
v -49.192626953125 -120.55461120605469 448.81622314453125
v -47.85332107543945 -121.82862854003906 448.46063232421875
v -47.103179931640625 -122.23651885986328 449.2278137207031
v -48.89156723022461 -123.72872924804688 446.470458984375
v -50.70924758911133 -122.95150756835938 448.1453857421875
v -50.13333511352539 -126.04766845703125 447.00628662109375
v -45.312232971191406 -125.195556640625 448.7541809082031
v -50.556705474853516 -128.5482635498047 447.9195861816406
v -43.00931167602539 -129.61793518066406 448.2306823730469
v -49.90388488769531 -129.9360809326172 446.71527099609375
v -49.883628845214844 -131.8543701171875 448.17559814453125
v -49.28511047363281 -133.8046112060547 448.6003112792969
v -40.94563674926758 -136.15771484375 448.9288635253906
v -47.23994064331055 -138.57334899902344 449.12921142578125
v -40.236793518066406 -142.45985412597656 448.346923828125
v -45.37483596801758 -142.43658447265625 447.57257080078125
v -40.83381652832031 -143.49896240234375 448.8253479003906
v -44.178260803222656 -144.9991912841797 446.9275817871094
v -43.604393005371094 -144.75045776367188 448.09344482421875
v -50.947574615478516 -118.2550277709961 449.6427307128906
v -50.09811782836914 -117.75675964355469 450.2332763671875
v -48.89674758911133 -119.47886657714844 450.1707458496094
v -52.49772262573242 -118.48590850830078 449.8709716796875
v -51.297149658203125 -120.14712524414062 448.97772216796875
v -50.04985046386719 -121.62671661376953 448.1329040527344
v -52.02719497680664 -121.20606994628906 449.2663269042969
v -53.24134826660156 -119.84770965576172 450.34918212890625
v -51.51253128051758 -124.35980987548828 448.9495849609375
v -53.18342208862305 -122.4323501586914 450.7954406738281
v -46.68935775756836 -122.35991668701172 450.6221618652344
v -51.96440887451172 -126.01024627685547 449.9642639160156
v -52.129825592041016 -127.28087615966797 450.9418640136719
v -44.03601837158203 -127.76111602783203 450.697265625
v -51.26874923706055 -129.47975158691406 450.2403259277344
v -42.31118392944336 -132.26345825195312 450.29852294921875
v -49.081024169921875 -134.70281982421875 450.4560241699219
v -48.137733459472656 -136.7312774658203 451.037353515625
v -40.8788948059082 -139.32315063476562 449.79132080078125
v -41.579036712646484 -135.94410705566406 450.3821105957031
v -45.900352478027344 -140.6563262939453 449.34124755859375
v -41.80294418334961 -142.36151123046875 450.4580383300781
v -44.69731903076172 -142.13156127929688 449.8546142578125
v -42.400630950927734 -144.30477905273438 448.98828125
v -41.174476623535156 -144.89541625976562 448.49322509765625
v -43.394493103027344 -141.7757568359375 451.29345703125
v -43.91232681274414 -142.11903381347656 450.763916015625
v -52.44929122924805 -116.16202545166016 451.2110290527344
v -51.250484466552734 -116.35650634765625 451.6974792480469
v -53.85459518432617 -116.0212631225586 451.69183349609375
v -53.79961013793945 -117.53107452392578 451.2051696777344
v -49.06020736694336 -118.1522216796875 451.906982421875
v -55.10438919067383 -118.2106704711914 452.5632019042969
v -48.2159423828125 -119.01359558105469 453.4135437011719
v -54.15229415893555 -120.54783630371094 451.6025695800781
v -54.529544830322266 -121.80097198486328 452.7602844238281
v -46.77647018432617 -121.91582489013672 453.4510498046875
v -45.609764099121094 -124.49725341796875 452.80755615234375
v -53.64028549194336 -123.88703918457031 452.2728271484375
v -53.68821716308594 -125.44548034667969 453.804443359375
v -43.610408782958984 -129.46206665039062 451.9324951171875
v -52.1932258605957 -128.49404907226562 452.4151916503906
v -50.817684173583984 -131.3303985595703 451.4864807128906
v -42.66175079345703 -133.6479949951172 451.95599365234375
v -42.86627960205078 -135.53875732421875 452.4781188964844
v -42.0283317565918 -137.59567260742188 451.3775634765625
v -47.39596176147461 -137.74488830566406 451.4888916015625
v -42.46125411987305 -140.9422149658203 451.5513610839844
v -46.09989929199219 -139.18663024902344 451.41064453125
v -45.04521179199219 -139.5364532470703 451.9892578125
v -54.17116928100586 -111.22126007080078 454.4829406738281
v -52.7735595703125 -112.42078399658203 454.8943176269531
v -53.485164642333984 -113.23487854003906 453.39068603515625
v -55.11365509033203 -111.71884155273438 453.6285400390625
v -54.364219665527344 -114.4773941040039 452.55718994140625
v -55.801761627197266 -112.27136993408203 453.4946594238281
v -51.344459533691406 -114.67112731933594 453.8165588378906
v -52.056640625 -114.57889556884766 452.9532775878906
v -53.1334114074707 -114.87332153320312 452.237548828125
v -55.300323486328125 -115.36528778076172 452.7183532714844
v -56.38264846801758 -113.2018051147461 453.6090087890625
v -56.764793395996094 -115.35018157958984 453.8726501464844
v -50.02385711669922 -116.56785583496094 453.6310119628906
v -56.38340377807617 -117.15129852294922 453.9780578613281
v -55.7020378112793 -119.59224700927734 453.8963928222656
v -55.13301086425781 -122.61563110351562 455.19659423828125
v -44.91969680786133 -126.66766357421875 453.73931884765625
v -53.6120491027832 -126.64252471923828 456.1527099609375
v -44.111507415771484 -129.8765106201172 453.78271484375
v -50.35710144042969 -132.30189514160156 452.81024169921875
v -52.326385498046875 -128.98670959472656 454.9750671386719
v -45.67522048950195 -129.8483428955078 456.7930908203125
v -51.80473709106445 -129.53970336914062 456.6382751464844
v -44.52042007446289 -133.4412078857422 454.61334228515625
v -49.160316467285156 -133.89089965820312 453.42889404296875
v -44.118804931640625 -136.62924194335938 453.4896240234375
v -47.74060821533203 -135.5800323486328 453.6978759765625
v -42.99711227416992 -138.05088806152344 452.3039245605469
v -46.52379608154297 -136.40699768066406 454.0848388671875
v -43.958675384521484 -138.6742401123047 452.5727844238281
v -45.321720123291016 -137.302978515625 453.5636901855469
v -56.60865020751953 -107.48120880126953 456.5466003417969
v -55.32979202270508 -109.08564758300781 455.7068176269531
v -57.15810012817383 -108.83867645263672 455.86029052734375
v -54.407833099365234 -108.68962097167969 457.134521484375
v -53.53318405151367 -110.22135925292969 456.86273193359375
v -57.9826545715332 -109.90753173828125 456.1672058105469
v -52.513404846191406 -111.779541015625 456.8906555175781
v -57.9881591796875 -112.31072235107422 455.7497863769531
v -51.10846710205078 -114.26292419433594 455.4850158691406
v -58.6949348449707 -114.26433563232422 456.9940185546875
v -49.92037582397461 -116.2151870727539 455.7872314453125
v -57.30971145629883 -116.69156646728516 455.0571594238281
v -56.59741973876953 -119.20084381103516 455.5572509765625
v -57.67791748046875 -118.22615814208984 457.34271240234375
v -47.84193801879883 -120.03709411621094 456.71807861328125
v -48.82717514038086 -118.12339782714844 456.6944580078125
v -46.61891555786133 -123.31299591064453 455.9819641113281
v -56.44837951660156 -120.97818756103516 457.5420837402344
v -54.72993087768555 -124.54521942138672 457.1556396484375
v -45.72441864013672 -126.65448760986328 456.0564270019531
v -45.16640090942383 -129.13966369628906 455.9391174316406
v -48.15544891357422 -133.7745361328125 455.1711730957031
v -50.49301528930664 -131.1748046875 456.36907958984375
v -45.82469940185547 -132.0982666015625 456.4230041503906
v -45.63703918457031 -134.4359588623047 455.06982421875
v -47.39604949951172 -131.43280029296875 457.6377868652344
v -46.70402526855469 -134.86175537109375 454.920654296875
v -48.7680778503418 -131.1627655029297 457.7821350097656
v -57.375099182128906 -105.38059997558594 457.7795104980469
v -55.925907135009766 -106.42304992675781 457.8957214355469
v -58.297691345214844 -107.4820785522461 457.0459289550781
v -59.43275451660156 -108.87811279296875 458.03192138671875
v -59.39859390258789 -111.50511169433594 458.02801513671875
v -51.374603271484375 -113.48762512207031 457.7171936035156
v -50.101722717285156 -116.01333618164062 458.2491149902344
v -58.78469467163086 -115.74542999267578 458.12322998046875
v -48.11321258544922 -121.51573944091797 459.365478515625
v -47.32026672363281 -123.74773406982422 458.3681640625
v -46.418270111083984 -127.17475128173828 457.6138916015625
v -54.22810745239258 -125.45625305175781 459.3521423339844
v -52.74498748779297 -128.2603302001953 457.1203918457031
v -46.8070068359375 -130.80520629882812 457.7970886230469
v -50.654422760009766 -129.42037963867188 458.4657287597656
v -57.48881912231445 -104.53374481201172 458.765380859375
v -58.211612701416016 -102.5203628540039 460.13427734375
v -57.08369445800781 -103.27156066894531 460.25677490234375
v -58.989105224609375 -103.016357421875 459.6414489746094
v -55.07093811035156 -106.67603302001953 459.3262023925781
v -58.67196273803711 -105.62644958496094 458.3076477050781
v -59.94361877441406 -102.9912109375 460.0414123535156
v -60.11957550048828 -104.7329330444336 459.45849609375
v -60.355655670166016 -106.513671875 459.4139404296875
v -60.744728088378906 -108.47319030761719 459.986083984375
v -53.52638244628906 -109.34803771972656 459.4657897949219
v -60.07020568847656 -112.43720245361328 459.6112365722656
v -51.57136535644531 -113.35649108886719 459.5952453613281
v -59.863746643066406 -114.26409149169922 460.5818176269531
v -51.4433708190918 -114.64276123046875 461.7863464355469
v -49.73541259765625 -117.3128890991211 459.64776611328125
v -58.612335205078125 -117.32456970214844 460.2074890136719
v -49.29530715942383 -118.75344848632812 460.2524108886719
v -56.773250579833984 -120.84555053710938 459.49456787109375
v -57.16971969604492 -120.17294311523438 461.2823791503906
v -55.33570861816406 -123.46338653564453 458.9936218261719
v -48.44917678833008 -123.15771484375 460.5550537109375
v -55.18593978881836 -123.26771545410156 461.4959411621094
v -53.562530517578125 -126.15194702148438 459.8974609375
v -48.97369384765625 -127.67768859863281 460.37939453125
v -48.25917053222656 -128.5161895751953 459.322021484375
v -47.28279113769531 -127.70142364501953 458.7742614746094
v -52.47394561767578 -127.62506103515625 459.3943176269531
v -49.39358901977539 -129.3549041748047 459.07159423828125
v -59.26692199707031 -100.97371673583984 461.21002197265625
v -60.73218536376953 -100.02603149414062 461.7038879394531
v -59.2413444519043 -99.7838363647461 462.23248291015625
v -58.520721435546875 -100.18699645996094 462.7163391113281
v -57.26803970336914 -102.27826690673828 461.6628112792969
v -61.58866500854492 -101.75895690917969 461.4532165527344
v -55.714778900146484 -104.62213134765625 461.8224182128906
v -61.27679443359375 -103.80976104736328 460.867431640625
v -62.887367248535156 -101.82939147949219 462.63818359375
v -62.34095001220703 -105.34821319580078 462.09234619140625
v -54.66508102416992 -106.9487533569336 462.3064270019531
v -54.029056549072266 -108.4539566040039 462.54217529296875
v -61.449398040771484 -109.37641906738281 461.5054016113281
v -53.12860107421875 -111.19660949707031 463.25897216796875
v -61.45353698730469 -111.03056335449219 462.91680908203125
v -61.08591842651367 -112.46339416503906 464.2998962402344
v -50.26120376586914 -118.26802825927734 461.9683532714844
v -50.259639739990234 -120.29361724853516 462.79083251953125
v -48.9480094909668 -125.38386535644531 460.9938049316406
v -49.78961944580078 -122.8189697265625 462.4819030761719
v -53.16224670410156 -125.11375427246094 462.31787109375
v -50.06509780883789 -126.05558776855469 461.826416015625
v -52.26990509033203 -126.2034683227539 461.9443359375
v -51.01909637451172 -126.38341522216797 462.031005859375
v -61.875545501708984 -95.31511688232422 463.9827880859375
v -60.13734817504883 -97.4055404663086 464.6535339355469
v -60.95280456542969 -97.80933380126953 463.27703857421875
v -62.88040542602539 -95.53046417236328 463.590576171875
v -62.164676666259766 -99.43310546875 462.5350646972656
v -63.70738220214844 -96.99284362792969 463.4370422363281
v -58.03397750854492 -100.4026107788086 464.1598815917969
v -56.16463851928711 -103.48986053466797 463.1773376464844
v -64.48381805419922 -100.96774291992188 464.355712890625
v -64.04508972167969 -99.58821105957031 463.65570068359375
v -64.03199768066406 -103.48371887207031 464.3572082519531
v -63.041175842285156 -106.42597198486328 463.60546875
v -55.45242691040039 -105.73833465576172 465.59857177734375
v -62.85197067260742 -108.11338806152344 464.80621337890625
v -54.33409881591797 -109.27011108398438 465.6694641113281
v -51.98519515991211 -115.53990936279297 463.7762451171875
v -58.750709533691406 -117.20841979980469 463.0576171875
v -51.30067825317383 -117.90708923339844 463.6781311035156
v -56.69951629638672 -120.31430053710938 463.3480529785156
v -51.827945709228516 -120.36521911621094 464.3356018066406
v -51.36250686645508 -123.37799072265625 463.8623352050781
v -54.732357025146484 -122.78733825683594 463.3875427246094
v -52.55598831176758 -123.64985656738281 463.9482116699219
v -53.51826858520508 -123.25811767578125 463.9177551269531
v -64.21915435791016 -93.48177337646484 465.0236511230469
v -67.36846160888672 -91.7479476928711 465.885986328125
v -65.33648681640625 -91.53414916992188 466.31280517578125
v -63.31040954589844 -92.96366119384766 466.21270751953125
v -66.02049255371094 -94.02661895751953 464.97393798828125
v -64.66620635986328 -94.86810302734375 464.3839416503906
v -67.92350769042969 -92.43810272216797 465.9222412109375
v -62.132450103759766 -93.96455383300781 466.3291320800781
v -60.93534851074219 -95.49967193603516 465.8898010253906
v -66.23373413085938 -95.92940521240234 465.17022705078125
v -67.98567962646484 -95.0479965209961 466.5341491699219
v -59.524810791015625 -97.78996276855469 466.0807800292969
v -65.97406768798828 -97.87012481689453 465.3410339355469
v -66.03450775146484 -99.9874038696289 466.3078308105469
v -59.177467346191406 -98.49378204345703 467.42230224609375
v -56.834564208984375 -102.42383575439453 464.9762878417969
v -64.49060821533203 -104.29168701171875 465.6872253417969
v -64.49339294433594 -105.19176483154297 466.85491943359375
v -64.22108459472656 -106.1571273803711 468.2867431640625
v -62.790950775146484 -108.79891967773438 466.650146484375
v -53.56536102294922 -111.86714935302734 465.37054443359375
v -61.696285247802734 -111.02323150634766 467.0028076171875
v -60.22574234008789 -114.23160552978516 465.26751708984375
v -58.411705017089844 -117.18383026123047 465.1883239746094
v -53.27782440185547 -115.9093246459961 465.8318786621094
v -53.23296356201172 -117.58938598632812 465.7200622558594
v -53.215999603271484 -120.45711517333984 465.09405517578125
v -56.636802673339844 -118.87432861328125 465.6334228515625
v -54.71770477294922 -118.30939483642578 466.5306396484375
v -54.26622772216797 -120.54544067382812 465.2279052734375
v -55.27824020385742 -120.76935577392578 464.657470703125
v -69.11605834960938 -89.8373794555664 467.4963073730469
v -67.83182525634766 -89.1847915649414 467.5047302246094
v -66.4603271484375 -89.14541625976562 468.3175354003906
v -65.00057983398438 -90.79238891601562 467.7611083984375
v -69.98928833007812 -91.49215698242188 468.1918640136719
v -70.52589416503906 -89.0257797241211 468.81146240234375
v -69.1015853881836 -93.93602752685547 467.321533203125
v -67.60186767578125 -97.55665588378906 467.3095397949219
v -68.91506958007812 -95.48055267333984 468.2108459472656
v -66.3658676147461 -100.77332305908203 467.6441955566406
v -58.50542449951172 -100.21622467041016 469.001953125
v -57.08006286621094 -102.71398162841797 467.60302734375
v -55.867698669433594 -106.12981414794922 467.9171447753906
v -54.738487243652344 -110.270263671875 467.56341552734375
v -55.29587173461914 -111.83306121826172 468.86444091796875
v -59.89923095703125 -114.07227325439453 467.36114501953125
v -55.721710205078125 -113.54086303710938 469.3561706542969
v -54.71654510498047 -116.31536102294922 467.3189392089844
v -58.293663024902344 -115.4515151977539 468.1451110839844
v -55.665855407714844 -116.87818145751953 467.5826110839844
v -57.3332633972168 -114.42707061767578 469.8257751464844
v -56.549781799316406 -117.56493377685547 466.9102478027344
v -68.83448028564453 -87.28099822998047 469.1673583984375
v -69.93460845947266 -87.48722076416016 468.88720703125
v -71.11975860595703 -86.3951644897461 469.489013671875
v -72.72454071044922 -87.42001342773438 470.88250732421875
v -71.60981750488281 -90.02440643310547 470.2365417480469
v -64.3883285522461 -90.67562103271484 469.5290832519531
v -70.52530670166016 -92.96307373046875 469.45220947265625
v -64.19075012207031 -90.5199966430664 472.8310241699219
v -62.60910415649414 -92.97785186767578 472.5978088378906
v -60.340293884277344 -96.94031524658203 470.57183837890625
v -69.0810775756836 -96.86880493164062 470.2223815917969
v -67.12345886230469 -100.01620483398438 469.247314453125
v -57.65753936767578 -103.38050079345703 470.6339416503906
v -65.6142578125 -103.43255615234375 469.4190673828125
v -67.39722442626953 -100.15990447998047 472.6312561035156
v -56.60053634643555 -106.23741149902344 470.0315856933594
v -55.78932189941406 -109.22286987304688 469.4391784667969
v -62.46516418457031 -108.90921783447266 469.31304931640625
v -63.323604583740234 -107.46735382080078 470.1380310058594
v -60.638755798339844 -111.9622573852539 468.793701171875
v -59.44741439819336 -113.15489959716797 469.3717956542969
v -56.435420989990234 -114.02668762207031 469.8558044433594
v -73.51927185058594 -82.79036712646484 471.40008544921875
v -74.8591079711914 -82.32373809814453 471.935302734375
v -75.73235321044922 -80.08577728271484 473.2697448730469
v -73.75711822509766 -81.13650512695312 472.1981201171875
v -72.79756927490234 -81.45303344726562 472.4634094238281
v -70.05332946777344 -84.67758178710938 471.53668212890625
v -71.25691223144531 -84.83943176269531 470.65484619140625
v -72.22769165039062 -86.03218841552734 470.4787902832031
v -73.7004623413086 -84.74566650390625 471.35260009765625
v -75.0030288696289 -84.79206848144531 472.3184814453125
v -75.69330596923828 -82.7809829711914 472.70111083984375
v -74.27698516845703 -86.06868743896484 472.22296142578125
v -68.177490234375 -86.50502014160156 471.20233154296875
v -67.30068969726562 -86.94862365722656 472.33026123046875
v -72.82867431640625 -89.73169708251953 471.9990234375
v -64.97057342529297 -89.54378509521484 471.7564697265625
v -72.18707275390625 -91.77688598632812 472.45245361328125
v -70.8130111694336 -93.89440155029297 471.0696105957031
v -62.05679702758789 -94.4898910522461 473.5393371582031
v -59.45329284667969 -100.26534271240234 472.3894958496094
v -60.73575210571289 -97.30178833007812 472.8630676269531
v -68.10692596435547 -98.96041870117188 471.9385681152344
v -59.18218231201172 -102.26756286621094 473.2577209472656
v -65.35842895507812 -103.85906219482422 471.4495544433594
v -67.24356079101562 -100.07015991210938 474.84210205078125
v -64.52181243896484 -104.91915893554688 472.1165466308594
v -57.61941146850586 -106.84343719482422 471.9062805175781
v -56.713741302490234 -109.9716796875 470.5505676269531
v -61.646305084228516 -108.763671875 471.37005615234375
v -59.23125076293945 -109.64910888671875 472.2356262207031
v -58.804874420166016 -111.33734130859375 470.9384765625
v -57.656837463378906 -110.94364166259766 471.0008239746094
v -61.24422836303711 -107.80052947998047 472.9541931152344
v -60.09787368774414 -111.26292419433594 470.3016052246094
v -75.18277740478516 -78.8796157836914 474.4743347167969
v -76.63571166992188 -78.79328918457031 473.9117736816406
v -76.64058685302734 -80.74665069580078 473.5180358886719
v -77.60371398925781 -81.18779754638672 474.4704895019531
v -71.95581817626953 -81.76082611083984 473.129638671875
v -69.63957977294922 -83.84684753417969 473.5126037597656
v -76.15961456298828 -84.09207153320312 473.8026428222656
v -75.29326629638672 -86.74029541015625 474.14874267578125
v -67.68916320800781 -85.99966430664062 475.3055114746094
v -66.52208709716797 -87.55968475341797 475.7293395996094
v -73.57061004638672 -89.49018859863281 473.3362731933594
v -71.75299835205078 -93.1837158203125 473.4874267578125
v -73.48722076416016 -90.823974609375 475.61187744140625
v -70.29295349121094 -96.0671615600586 474.158447265625
v -71.30320739746094 -94.54618835449219 475.09326171875
v -61.72929763793945 -96.85832214355469 475.42254638671875
v -60.662174224853516 -99.57937622070312 474.70538330078125
v -58.748016357421875 -104.6923599243164 473.5610656738281
v -63.53055953979492 -104.83430480957031 474.7423095703125
v -65.56145477294922 -101.9981689453125 475.49700927734375
v -59.26114273071289 -105.96869659423828 474.138427734375
v -59.17897415161133 -107.16767120361328 473.582275390625
v -61.100215911865234 -105.99263000488281 474.9209899902344
v -62.378231048583984 -105.60091400146484 475.0313720703125
v -59.99842071533203 -107.87619018554688 473.3016662597656
v -78.56744384765625 -75.96764373779297 476.3162536621094
v -79.64229583740234 -78.38123321533203 475.6534729003906
v -78.8067626953125 -76.94978332519531 475.4249267578125
v -80.2679443359375 -76.97186279296875 476.09637451171875
v -74.31584167480469 -78.67549896240234 475.9167785644531
v -79.32585144042969 -79.72122192382812 475.65411376953125
v -71.07740783691406 -81.79839324951172 475.50140380859375
v -78.44480895996094 -81.54000854492188 475.75042724609375
v -69.61144256591797 -83.33164978027344 476.10693359375
v -76.52664184570312 -85.1377944946289 475.322998046875
v -74.65701293945312 -89.08441925048828 476.3955078125
v -76.54903411865234 -86.06405639648438 476.7804260253906
v -66.04066467285156 -88.50237274169922 477.1702880859375
v -64.45891571044922 -90.73619842529297 476.4500732421875
v -63.230995178222656 -93.10108184814453 476.3631286621094
v -72.71658325195312 -92.31651306152344 477.7323913574219
v -62.45975112915039 -96.07179260253906 476.50885009765625
v -70.76087188720703 -95.38191223144531 477.5285339355469
v -69.73039245605469 -96.63870239257812 477.27386474609375
v -61.15840148925781 -100.046630859375 475.6995849609375
v -60.69152069091797 -102.58737182617188 475.6838684082031
v -61.61193084716797 -103.37063598632812 476.263427734375
v -83.77259826660156 -71.15906524658203 478.40234375
v -84.87715148925781 -72.14851379394531 478.2889404296875
v -85.120361328125 -70.62539672851562 479.03704833984375
v -86.35841369628906 -71.11865997314453 479.1590576171875
v -81.99588012695312 -72.11981201171875 478.23016357421875
v -82.52098846435547 -73.45901489257812 477.5146484375
v -85.53730773925781 -72.72557067871094 478.7003173828125
v -80.32856750488281 -74.46624755859375 477.2372131347656
v -81.14078521728516 -72.3990707397461 478.5193176269531
v -78.54962158203125 -74.67400360107422 477.988525390625
v -83.0023422241211 -74.60184478759766 477.63372802734375
v -80.96245574951172 -75.45494842529297 476.7962646484375
v -83.95838165283203 -75.54590606689453 478.7615966796875
v -76.43507385253906 -75.61132049560547 479.0883483886719
v -82.02661895751953 -76.77332305908203 477.5314025878906
v -74.46975708007812 -77.84037017822266 477.8438720703125
v -82.18529510498047 -77.80107879638672 478.3519287109375
v -73.2203598022461 -79.15152740478516 478.25115966796875
v -80.09296417236328 -80.34394073486328 477.1551208496094
v -72.5782699584961 -79.84444427490234 479.391845703125
v -70.41600036621094 -82.48251342773438 479.5329284667969
v -78.2547378540039 -83.35616302490234 477.31787109375
v -80.31037902832031 -80.8744125366211 478.50732421875
v -68.57817077636719 -84.92276763916016 478.3753662109375
v -65.87425231933594 -89.96923065185547 479.4614562988281
v -64.52672576904297 -91.76458740234375 478.46258544921875
v -74.79326629638672 -89.20928955078125 479.24725341796875
v -63.06431579589844 -96.76140594482422 477.73065185546875
v -62.45669937133789 -99.28870391845703 477.3679504394531
v -68.76505279541016 -97.3048324584961 478.1888732910156
v -66.802001953125 -99.54609680175781 477.1850891113281
v -62.30806350708008 -101.0016098022461 477.09649658203125
v -63.804847717285156 -100.81173706054688 478.1385498046875
v -65.92350769042969 -99.27635192871094 478.3641357421875
v -64.68586730957031 -102.05879211425781 476.6302185058594
v -63.35063934326172 -101.84724426269531 477.2366943359375
v -62.60865783691406 -103.68197631835938 476.2940368652344
v -88.66414642333984 -68.71957397460938 480.64141845703125
v -88.0152587890625 -67.95668029785156 481.0137634277344
v -85.99185943603516 -68.95199584960938 480.3082580566406
v -84.04087829589844 -69.98532104492188 480.13885498046875
v -88.95536041259766 -69.87944030761719 480.6335144042969
v -82.13327026367188 -70.78296661376953 480.0356140136719
v -85.88951873779297 -73.4273681640625 479.3880920410156
v -86.95974731445312 -72.13322448730469 479.7072448730469
v -79.86827087402344 -72.84110260009766 479.5387878417969
v -86.65702056884766 -74.02529907226562 481.0607604980469
v -78.25952911376953 -73.6634750366211 480.93206787109375
v -75.8883056640625 -75.67826080322266 482.0202941894531
v -84.02389526367188 -76.61424255371094 479.9801330566406
v -83.05113220214844 -78.25212097167969 480.41802978515625
v -78.70689392089844 -83.76988983154297 479.8302307128906
v -76.69908142089844 -86.60697937011719 479.29327392578125
v -68.51344299316406 -85.9049301147461 480.4883117675781
v -66.93180084228516 -88.28289031982422 479.64581298828125
v -64.89353942871094 -92.37876892089844 479.65826416015625
v -73.43528747558594 -90.99830627441406 479.5609130859375
v -71.39189147949219 -93.64654541015625 479.7267150878906
v -65.40238189697266 -93.5318374633789 480.74420166015625
v -69.97343444824219 -95.20934295654297 480.3427734375
v -65.19869995117188 -96.11847686767578 480.3675537109375
v -68.05020904541016 -96.58499908447266 480.43658447265625
v -63.790287017822266 -97.9438705444336 478.541259765625
v -64.94803619384766 -98.7079086303711 478.88128662109375
v -66.30477142333984 -96.39021301269531 480.86639404296875
v -67.30892944335938 -96.23114776611328 481.1589660644531
v -87.03520202636719 -67.14564514160156 482.55682373046875
v -89.24736785888672 -66.09698486328125 482.18182373046875
v -90.4380874633789 -66.97166442871094 481.64337158203125
v -90.4473648071289 -68.42073822021484 481.469970703125
v -82.90457916259766 -69.91728210449219 481.81866455078125
v -88.3465805053711 -71.8267822265625 480.9141845703125
v -78.38574981689453 -72.85205841064453 484.30596923828125
v -75.50090026855469 -76.19806671142578 483.5810852050781
v -73.12034606933594 -79.40536499023438 481.66253662109375
v -84.82318115234375 -76.66596984863281 482.28582763671875
v -82.42908477783203 -79.45425415039062 481.6908264160156
v -72.1919174194336 -81.26984405517578 483.1040954589844
v -80.48983764648438 -81.79508209228516 481.97381591796875
v -70.81644439697266 -82.74583435058594 482.23931884765625
v -70.04010772705078 -84.35218811035156 482.1176452636719
v -78.04208374023438 -84.95262145996094 481.2453918457031
v -67.8634262084961 -87.7279052734375 481.0726318359375
v -76.52313232421875 -86.8056869506836 481.5057678222656
v -74.75605773925781 -88.83770751953125 481.5439758300781
v -66.6109848022461 -90.5855941772461 481.2202453613281
v -73.03022766113281 -90.71063232421875 481.4673767089844
v -71.15229797363281 -92.79428100585938 481.4620361328125
v -72.15897369384766 -89.73333740234375 483.4700622558594
v -66.87045288085938 -94.54061889648438 482.0815124511719
v -69.05226135253906 -94.62409973144531 482.0127258300781
v -94.22679901123047 -62.766910552978516 483.900146484375
v -95.47447967529297 -62.86805725097656 484.07818603515625
v -95.7808837890625 -61.23146057128906 484.8998107910156
v -93.89812469482422 -62.009483337402344 484.3739318847656
v -97.438720703125 -61.45020294189453 485.2087097167969
v -91.12190246582031 -64.99647521972656 483.02593994140625
v -92.40129089355469 -62.93166732788086 484.3233947753906
v -96.37066650390625 -63.31405258178711 484.5560302734375
v -90.177001953125 -64.24729919433594 484.4589538574219
v -91.89254760742188 -66.15716552734375 482.6466979980469
v -93.59175872802734 -65.77806091308594 483.43084716796875
v -95.96951293945312 -64.59888458251953 484.7183532714844
v -95.01390075683594 -66.3046875 484.55120849609375
v -92.22563934326172 -68.7908935546875 483.08734130859375
v -94.56074523925781 -67.58220672607422 484.8732604980469
v -86.34613800048828 -66.86518096923828 484.1688232421875
v -83.1998519897461 -68.9808578491211 484.64715576171875
v -92.79291534423828 -69.7648696899414 484.1922912597656
v -80.59295654296875 -71.15666961669922 483.2170715332031
v -90.2021484375 -72.64553833007812 484.18670654296875
v -87.58507537841797 -74.45978546142578 483.6581726074219
v -86.47124481201172 -75.69476318359375 484.4344482421875
v -73.64878845214844 -79.12458038330078 483.5066223144531
v -75.0794677734375 -77.11890411376953 485.0309753417969
v -85.73453521728516 -76.42984008789062 485.8402404785156
v -81.84097290039062 -80.34540557861328 483.99951171875
v -78.95539093017578 -83.59537506103516 483.30596923828125
v -70.80146789550781 -84.50209045410156 483.5545959472656
v -76.68729400634766 -86.01228332519531 483.573974609375
v -75.36753845214844 -87.2098617553711 483.8770751953125
v -76.80026245117188 -84.87052154541016 485.4596862792969
v -68.58065795898438 -88.59981536865234 482.4303894042969
v -71.89392852783203 -84.92529296875 484.8094787597656
v -70.76592254638672 -88.4190673828125 484.2581787109375
v -69.47642517089844 -90.09332275390625 483.1680603027344
v -74.2049560546875 -87.87899780273438 484.12921142578125
v -67.54596710205078 -91.33126831054688 482.2926940917969
v -70.814208984375 -89.86849212646484 483.65972900390625
v -68.66104125976562 -92.48619842529297 482.8351135253906
v -70.5456314086914 -91.66328430175781 482.7033386230469
v -98.56692504882812 -59.272029876708984 485.98907470703125
v -100.98735046386719 -59.88566589355469 486.28643798828125
v -101.2564926147461 -58.725589752197266 486.78369140625
v -95.31975555419922 -60.63033676147461 485.5679626464844
v -93.06587982177734 -61.8601188659668 485.3127746582031
v -99.10806274414062 -62.08254623413086 486.0954284667969
v -89.2523193359375 -64.19019317626953 486.1953430175781
v -97.97871398925781 -64.10429382324219 486.4873962402344
v -87.0411148071289 -65.50535583496094 487.0330505371094
v -93.42204284667969 -70.00955963134766 485.3441467285156
v -94.62751770019531 -68.56092834472656 486.03228759765625
v -81.73468017578125 -70.0600814819336 486.2663879394531
v -80.25182342529297 -71.40917205810547 487.47161865234375
v -93.37181091308594 -70.84597778320312 487.1685485839844
v -77.86695098876953 -73.69902801513672 486.255859375
v -90.11708068847656 -73.41683197021484 486.4505920410156
v -75.94522857666016 -76.39384460449219 485.70166015625
v -88.2934341430664 -74.6529541015625 486.5920715332031
v -75.71635437011719 -78.05904388427734 486.8151550292969
v -84.73971557617188 -77.26317596435547 486.7884216308594
v -74.09193420410156 -79.30126190185547 485.04327392578125
v -73.76177215576172 -80.655029296875 485.3133544921875
v -79.60921478271484 -82.29835510253906 485.8041076660156
v -81.16830444335938 -80.23722839355469 486.8425598144531
v -83.12554168701172 -78.69648742675781 486.69976806640625
v -73.87187957763672 -81.95356750488281 485.84503173828125
v -72.53807830810547 -86.17818450927734 485.2411193847656
v -74.05941772460938 -83.74919891357422 486.2823181152344
v -73.9447250366211 -85.94741821289062 485.9026794433594
v -76.5016860961914 -84.04119110107422 486.45263671875
v -73.21382141113281 -87.1479721069336 485.0722351074219
v -101.16526794433594 -57.20816421508789 487.7787780761719
v -103.58110046386719 -57.10956954956055 487.8932189941406
v -104.36979675292969 -55.80669021606445 488.87200927734375
v -96.82672119140625 -59.02526092529297 486.86602783203125
v -99.98925018310547 -57.957027435302734 487.3966979980469
v -98.87350463867188 -57.25699234008789 489.4400329589844
v -103.29877471923828 -58.273048400878906 487.5349426269531
v -101.91921997070312 -59.519874572753906 487.0238342285156
v -93.95208740234375 -60.572696685791016 487.65155029296875
v -90.63128662109375 -62.91550827026367 487.6827087402344
v -97.47830963134766 -66.21522521972656 487.8331604003906
v -99.13211059570312 -64.54066467285156 488.0675964355469
v -85.89183044433594 -66.26383972167969 489.1597900390625
v -95.92237091064453 -67.98507690429688 487.7767333984375
v -82.55215454101562 -69.35043334960938 488.0271301269531
v -92.94966888427734 -71.4468002319336 489.6376037597656
v -79.67066955566406 -72.35704803466797 488.53179931640625
v -77.84883117675781 -74.4443588256836 487.5229797363281
v -76.90113830566406 -76.0357894897461 487.27423095703125
v -85.86690521240234 -76.18953704833984 488.006103515625
v -89.41000366210938 -73.97706604003906 488.6784362792969
v -75.79331970214844 -79.7623291015625 487.4407043457031
v -76.61650848388672 -80.55821228027344 488.1826477050781
v -78.32379150390625 -81.97057342529297 487.4912414550781
v -80.81246185302734 -79.51516723632812 488.1205749511719
v -75.4552230834961 -83.30747985839844 486.8223571777344
v -77.24737548828125 -81.42721557617188 488.2063293457031
v -104.9334945678711 -54.53200149536133 490.5810241699219
v -105.88304138183594 -54.97261428833008 489.26519775390625
v -107.84423065185547 -53.647987365722656 491.5619201660156
v -108.16841125488281 -55.405975341796875 490.21630859375
v -109.45140075683594 -53.749969482421875 491.9712829589844
v -109.6645736694336 -54.2220458984375 491.5584411621094
v -102.328857421875 -55.98210906982422 489.5650634765625
v -105.67061614990234 -55.226566314697266 488.3733825683594
v -106.52599334716797 -55.949222564697266 489.3049011230469
v -104.91357421875 -57.20546340942383 488.5933837890625
v -105.68350982666016 -58.54707717895508 489.6487121582031
v -95.76726531982422 -58.926109313964844 489.10491943359375
v -94.9072265625 -59.15114212036133 491.333251953125
v -93.40225982666016 -60.653621673583984 489.4781799316406
v -102.90209197998047 -60.63018035888672 488.3210754394531
v -105.50055694580078 -60.78597640991211 491.07110595703125
v -107.19324493408203 -58.884700775146484 491.12384033203125
v -101.71746063232422 -62.57347869873047 488.58135986328125
v -92.11360931396484 -61.617279052734375 490.83953857421875
v -103.1953353881836 -63.580299377441406 491.523193359375
v -89.36477661132812 -63.66686248779297 490.0906677246094
v -86.99056243896484 -65.56097412109375 491.4847717285156
v -98.37198638916016 -66.40885162353516 489.5875549316406
v -100.1806869506836 -65.15430450439453 490.1553955078125
v -84.64830780029297 -67.52397918701172 491.4452209472656
v -82.84024810791016 -69.78907775878906 491.427001953125
v -96.18240356445312 -68.4736557006836 489.8254089355469
v -81.65731048583984 -70.83600616455078 489.8162841796875
v -95.99454498291016 -68.94711303710938 492.2959289550781
v -91.15843963623047 -72.66079711914062 490.5350646972656
v -79.34886169433594 -74.30274200439453 489.50628662109375
v -80.50727844238281 -72.89801788330078 490.05316162109375
v -87.7378921508789 -74.55890655517578 490.39862060546875
v -78.1944580078125 -76.25814819335938 488.68414306640625
v -80.357421875 -76.2887954711914 490.3916015625
v -79.63489532470703 -76.93755340576172 489.6344909667969
v -82.47566986083984 -76.74198913574219 490.25457763671875
v -83.96796417236328 -76.19585418701172 490.0679931640625
v -83.09686279296875 -77.79698181152344 488.5448913574219
v -85.60124206542969 -75.30397033691406 490.8050231933594
v -78.43441772460938 -78.71430206298828 488.8523864746094
v -79.72744750976562 -78.81475067138672 488.9347839355469
v -81.30172729492188 -77.57633209228516 489.604736328125
v -107.36980438232422 -53.27005386352539 492.8870544433594
v -105.74401092529297 -53.587501525878906 493.3793029785156
v -110.7497787475586 -55.45539093017578 492.3871154785156
v -102.05044555664062 -55.4784049987793 491.7408752441406
v -97.97491455078125 -57.08238983154297 492.2413635253906
v -110.09830474853516 -56.95624923706055 492.41448974609375
v -91.5882797241211 -62.247711181640625 493.7935791015625
v -89.49580383300781 -63.755977630615234 492.45391845703125
v -105.31562805175781 -61.86629867553711 492.2014465332031
v -100.72578430175781 -65.58562469482422 492.0185241699219
v -102.21194458007812 -64.77555847167969 492.3712158203125
v -98.72357177734375 -66.86540985107422 491.4522399902344
v -84.26126861572266 -68.91363525390625 492.9837951660156
v -98.78633880615234 -67.16466522216797 493.1283874511719
v -93.73345947265625 -70.55389404296875 492.6418762207031
v -82.04003143310547 -71.74613952636719 491.339111328125
v -90.65154266357422 -72.4089584350586 492.41796875
v -81.84151458740234 -74.34198760986328 491.320556640625
v -82.87005615234375 -72.75338745117188 492.53857421875
v -87.39917755126953 -73.69474792480469 492.9290771484375
v -82.7887954711914 -75.23099517822266 491.2376403808594
v -84.64964294433594 -74.06132507324219 492.7091064453125
v -111.02801513671875 -54.47539520263672 492.6875305175781
v -113.2242202758789 -53.61394500732422 494.6199645996094
v -101.6379623413086 -55.410369873046875 494.02239990234375
v -98.74645233154297 -56.614620208740234 494.58270263671875
v -95.10091400146484 -58.8964958190918 494.0403747558594
v -94.47198486328125 -59.67634582519531 496.2489318847656
v -109.0528793334961 -60.39169692993164 494.876708984375
v -105.5510482788086 -62.51473617553711 493.9910888671875
v -88.6514663696289 -65.06926727294922 494.3946228027344
v -102.8779067993164 -64.58724975585938 494.30767822265625
v -86.1003646850586 -67.06491088867188 493.372802734375
v -100.73860168457031 -65.84870910644531 495.5588684082031
v -96.52891540527344 -68.43942260742188 494.69580078125
v -83.44700622558594 -70.8308334350586 493.04180908203125
v -92.56320190429688 -70.70941925048828 494.1236267089844
v -94.60978698730469 -69.47745513916016 495.0687255859375
v -84.31804656982422 -71.6177978515625 494.0064392089844
v -89.469482421875 -72.29849243164062 493.5236511230469
v -84.45915985107422 -72.84148406982422 493.86859130859375
v -112.61012268066406 -52.404354095458984 496.0517272949219
v -115.870849609375 -52.858909606933594 496.5535888671875
v -107.34596252441406 -53.01348876953125 495.8436279296875
v -104.95623779296875 -53.938934326171875 496.0559387207031
v -109.16819763183594 -52.38468551635742 495.76239013671875
v -114.25415802001953 -54.71474075317383 494.7922668457031
v -116.64071655273438 -54.96880340576172 495.9046325683594
v -118.92282104492188 -55.040565490722656 497.34161376953125
v -101.32134246826172 -55.64813995361328 496.3160705566406
v -113.45777130126953 -56.205039978027344 494.4575500488281
v -97.8445816040039 -57.15163040161133 496.89617919921875
v -112.34239196777344 -57.470272064208984 494.4595947265625
v -117.08576202392578 -56.86380386352539 496.4397277832031
v -110.51860809326172 -59.13837814331055 494.6429138183594
v -113.26483917236328 -58.33871841430664 495.7237243652344
v -113.18309020996094 -59.346336364746094 497.2615966796875
v -92.47376251220703 -61.97117614746094 496.2027587890625
v -107.59617614746094 -61.32293701171875 494.6883544921875
v -110.33733367919922 -60.80870819091797 497.3176574707031
v -90.85758972167969 -63.90953063964844 496.2512512207031
v -106.48777770996094 -62.48661804199219 496.2315368652344
v -103.61927795410156 -64.07564544677734 496.6798095703125
v -88.42512512207031 -66.21446990966797 495.3767395019531
v -98.28430938720703 -67.46131896972656 495.7388000488281
v -99.32321166992188 -66.34303283691406 496.8190002441406
v -86.10115051269531 -68.78014373779297 494.6739196777344
v -87.25823974609375 -69.49363708496094 495.41375732421875
v -88.9073257446289 -68.33720397949219 496.4356994628906
v -93.59813690185547 -69.41790008544922 496.0237121582031
v -94.66299438476562 -68.37799835205078 497.1119384765625
v -96.1373062133789 -68.11137390136719 496.5868225097656
v -85.93260192871094 -71.35149383544922 494.6855773925781
v -88.36576080322266 -70.51850128173828 495.34893798828125
v -89.51171112060547 -69.08258819580078 496.4495849609375
v -89.70558166503906 -71.19727325439453 494.6790771484375
v -91.5748062133789 -69.94056701660156 495.6712341308594
v -86.48348236083984 -72.4931640625 494.2149658203125
v -113.04963684082031 -51.989830017089844 498.7509460449219
v -109.26598358154297 -52.405582427978516 497.8358154296875
v -116.58071899414062 -52.298770904541016 498.0084228515625
v -105.21174621582031 -54.308860778808594 498.78778076171875
v -118.91108703613281 -53.92407989501953 498.1781005859375
v -101.0202407836914 -56.103763580322266 497.9817810058594
v -98.42314910888672 -57.22430419921875 498.2613525390625
v -118.63835144042969 -57.14349365234375 497.9222412109375
v -96.35121154785156 -58.86001968383789 498.7359313964844
v -116.16187286376953 -58.74002456665039 497.8432312011719
v -117.91217041015625 -58.198936462402344 498.37725830078125
v -94.85370635986328 -60.22123336791992 498.7909240722656
v -112.84040832519531 -59.907081604003906 498.87603759765625
v -93.15033721923828 -62.26183319091797 498.694580078125
v -108.95793151855469 -61.574913024902344 498.3387451171875
v -92.6173324584961 -62.99481201171875 498.1965637207031
v -105.26654052734375 -63.364227294921875 497.81597900390625
v -106.23101043701172 -62.68791961669922 498.0057678222656
v -91.18643188476562 -64.84793853759766 497.5285339355469
v -101.80879974365234 -64.6480941772461 498.0509948730469
v -103.84249114990234 -63.28712844848633 499.4903869628906
v -89.53372955322266 -66.88365173339844 496.69293212890625
v -96.84960174560547 -67.28858184814453 498.19512939453125
v -98.09703063964844 -66.04042053222656 498.63763427734375
v -90.77423858642578 -67.62865447998047 497.4170227050781
v -92.5950927734375 -67.62117004394531 498.1828308105469
v -92.54776000976562 -68.75629425048828 497.0193176269531
v -109.87265014648438 -52.7867546081543 500.0606994628906
v -111.69517517089844 -52.38616180419922 500.53375244140625
v -116.76390075683594 -52.22742462158203 499.699462890625
v -118.58495330810547 -53.01823806762695 500.06640625
v -120.87007904052734 -54.770870208740234 499.3023681640625
v -120.7143325805664 -54.01666259765625 499.93341064453125
v -103.45751953125 -55.549415588378906 499.4871520996094
v -120.70830535888672 -56.245025634765625 498.9418029785156
v -124.10215759277344 -55.105064392089844 501.1094665527344
v -99.3642578125 -57.468780517578125 499.4505310058594
v -123.51681518554688 -56.38288497924805 500.66497802734375
v -96.81351470947266 -59.1618766784668 499.5871887207031
v -122.14303588867188 -57.689659118652344 500.40972900390625
v -114.31415557861328 -59.70563888549805 500.35491943359375
v -112.19507598876953 -59.89380645751953 500.60760498046875
v -116.35600280761719 -59.52826690673828 500.20159912109375
v -118.82162475585938 -59.583580017089844 501.1567077636719
v -94.97480010986328 -60.960086822509766 499.42840576171875
v -105.67529296875 -62.42123794555664 499.59002685546875
v -109.88545227050781 -60.625328063964844 500.44110107421875
v -93.90145874023438 -63.04499053955078 499.8133239746094
v -93.41490173339844 -64.97761535644531 499.72784423828125
v -98.93712615966797 -64.54630279541016 499.9342346191406
v -101.12356567382812 -63.77219009399414 499.700439453125
v -100.30338287353516 -64.82949829101562 498.9951477050781
v -94.10418701171875 -65.88148498535156 499.85565185546875
v -95.41804504394531 -66.41261291503906 499.5969543457031
v -114.56012725830078 -52.33266067504883 500.8865661621094
v -105.82254791259766 -55.11289596557617 500.7563781738281
v -110.83403015136719 -53.66695022583008 502.5132141113281
v -114.16575622558594 -52.94075393676758 502.306884765625
v -117.01947021484375 -53.30130386352539 502.885009765625
v -117.971923828125 -52.96563720703125 501.7199401855469
v -120.79608154296875 -53.58921813964844 501.649169921875
v -124.22648620605469 -54.3448371887207 502.03900146484375
v -128.90647888183594 -54.70956039428711 502.55780029296875
v -108.00028991699219 -55.38922119140625 502.459228515625
v -129.0311279296875 -55.276153564453125 502.4779968261719
v -102.4887924194336 -57.49365997314453 501.15203857421875
v -107.65703582763672 -56.39415740966797 502.8607177734375
v -127.55724334716797 -56.710147857666016 502.0587158203125
v -97.53936767578125 -59.80492401123047 500.29998779296875
v -103.29879760742188 -58.461368560791016 502.1043701171875
v -120.37602996826172 -58.75767517089844 500.4844665527344
v -123.9322738647461 -59.26067352294922 502.1146545410156
v -126.07859802246094 -58.283485412597656 502.13348388671875
v -100.36994934082031 -60.04808044433594 501.269775390625
v -102.7149658203125 -59.749393463134766 502.1990661621094
v -107.18091583251953 -61.1474609375 500.9893493652344
v -104.57266235351562 -61.18613052368164 501.5539245605469
v -108.71967315673828 -59.6192741394043 502.1260070800781
v -111.39717864990234 -59.420936584472656 501.9952392578125
v -113.7683334350586 -59.51805877685547 502.1270751953125
v -115.65203094482422 -59.78845977783203 502.23480224609375
v -97.19380950927734 -62.538482666015625 500.88165283203125
v -101.49222564697266 -61.32844924926758 501.27166748046875
v -104.03296661376953 -60.33462142944336 502.1943359375
v -94.98052978515625 -64.61378479003906 500.4496154785156
v -99.04682159423828 -63.11106872558594 500.6762390136719
v -101.68370819091797 -62.55495834350586 500.64691162109375
v -96.55005645751953 -64.50403594970703 500.392822265625
v -111.77606201171875 -54.27162551879883 503.5111999511719
v -115.5382080078125 -53.74840545654297 503.5271911621094
v -120.76510620117188 -53.86031723022461 503.311279296875
v -124.10723114013672 -54.23003005981445 503.23101806640625
v -129.87258911132812 -54.44971466064453 503.3304138183594
v -131.5729522705078 -54.55523681640625 503.8446350097656
v -109.86225891113281 -55.754085540771484 503.71490478515625
v -106.99396514892578 -57.77480697631836 502.82379150390625
v -109.01136779785156 -57.58208465576172 503.3694152832031
v -110.29674530029297 -56.76777267456055 504.101318359375
v -128.27822875976562 -57.70844650268555 503.38238525390625
v -127.96715545654297 -58.48499298095703 504.4098205566406
v -108.12067413330078 -58.76792907714844 502.70684814453125
v -110.85993194580078 -58.50904083251953 503.1392822265625
v -112.87691497802734 -58.0707893371582 504.0807189941406
v -115.1301498413086 -59.320411682128906 503.6380920410156
v -116.66746520996094 -59.97770309448242 504.0500183105469
v -117.47399139404297 -60.14935302734375 502.7355651855469
v -122.11688232421875 -60.05241012573242 503.0002136230469
v -125.76782989501953 -59.440486907958984 503.6111755371094
v -122.81636047363281 -60.0238151550293 504.0413818359375
v -125.76932525634766 -59.69164276123047 504.5994873046875
v -114.39115905761719 -54.98210906982422 504.41876220703125
v -118.85671997070312 -54.62136459350586 504.4642333984375
v -122.05573272705078 -54.61077880859375 504.4375305175781
v -127.47067260742188 -54.73634338378906 504.0799255371094
v -112.76416015625 -56.187618255615234 504.5769958496094
v -117.76602935791016 -56.08334732055664 505.1660461425781
v -121.23161315917969 -55.73976135253906 505.337646484375
v -124.5398941040039 -55.61454391479492 505.4222106933594
v -128.70767211914062 -55.513484954833984 504.5323486328125
v -115.64293670654297 -57.571475982666016 505.0557861328125
v -120.87332153320312 -57.11661148071289 505.6446838378906
v -122.83744049072266 -57.0698127746582 506.1755065917969
v -126.7398452758789 -57.25836181640625 506.0206604003906
v -129.1588897705078 -56.44087219238281 504.6434631347656
v -116.57063293457031 -58.886112213134766 504.7792663574219
v -121.75069427490234 -58.653770446777344 505.4483642578125
v -122.78042602539062 -58.02503967285156 506.09912109375
v -125.33868408203125 -58.964752197265625 506.0247802734375
v -127.04071807861328 -58.640541076660156 505.85394287109375
v -124.41313934326172 -59.63304901123047 505.054931640625
vn 0.4992506504058838 -0.40989068150520325 -0.7633731365203857
vn 0.37806522846221924 0.37710702419281006 -0.8454921841621399
vn 0.7530950307846069 -0.024489115923643112 -0.6574558615684509
vn -0.6667348742485046 -0.37826627492904663 -0.6421676278114319
vn -0.6889566779136658 0.5850062966346741 -0.42790940403938293
vn -0.15528671443462372 -0.8151037693023682 -0.5581145882606506
vn -0.7925556898117065 -0.5167124271392822 -0.3238268196582794
vn -0.47217145562171936 -0.8804293870925903 -0.043568551540374756
vn -0.1387944370508194 0.5919632315635681 -0.7939242720603943
vn 0.538827657699585 0.3080514669418335 -0.7840721607208252
vn -0.8412863612174988 0.4324462115764618 -0.3243880569934845
vn -0.7100889086723328 0.38417062163352966 -0.5900734663009644
vn -0.9893031716346741 -0.09655149281024933 0.10934869945049286
vn 0.7541775703430176 -0.34724393486976624 -0.5573490262031555
vn 0.7865256667137146 -0.48983120918273926 -0.3760887682437897
vn 0.28126469254493713 -0.8098426461219788 -0.5148253440856934
vn 0.25588932633399963 0.5016089677810669 -0.8263832330703735
vn -0.04620484635233879 0.352534681558609 -0.9346573352813721
vn -0.18504537642002106 0.5958967208862305 -0.7814507484436035
vn -0.2909264862537384 0.38329899311065674 -0.8766092658042908
vn 0.535175085067749 0.30145660042762756 -0.7891207933425903
vn -0.31215429306030273 -0.03881849721074104 -0.9492380619049072
vn -0.5151101350784302 0.5720676183700562 -0.638279139995575
vn -0.3854466676712036 0.21650314331054688 -0.8969711661338806
vn 0.3397621512413025 0.3655034899711609 -0.8665846586227417
vn -0.3457067608833313 0.3225201964378357 -0.8811739683151245
vn -0.7466399073600769 -0.19956234097480774 -0.634589433670044
vn -0.1624230146408081 -0.5557212829589844 -0.8153481483459473
vn -0.008686237037181854 -0.29360198974609375 -0.9558882713317871
vn 0.7700620293617249 0.13283993303775787 -0.6239857077598572
vn -0.9684770107269287 0.10914474725723267 -0.22391918301582336
vn 0.29793933033943176 -0.3893495202064514 -0.8715728521347046
vn -0.7379227876663208 0.16728094220161438 -0.653825044631958
vn -0.7551166415214539 0.507576584815979 -0.41492754220962524
vn -0.2504257559776306 -0.14754918217658997 -0.9568261504173279
vn -0.09061179310083389 -0.33663490414619446 -0.9372653961181641
vn 0.8788210153579712 -0.05007999762892723 -0.4745164215564728
vn -0.9895177483558655 -0.09187919646501541 -0.11141327023506165
vn -0.9189199805259705 -0.0723986104130745 -0.387742817401886
vn 0.9137881398200989 -0.2560300827026367 -0.3153409957885742
vn 0.9480308890342712 -0.13254646956920624 -0.2892557978630066
vn -0.9276375770568848 -0.28986963629722595 -0.23550839722156525
vn 0.619121253490448 -0.7522333860397339 -0.22546358406543732
vn -0.12732233107089996 -0.8984323143959045 -0.4202480614185333
vn -0.6242366433143616 -0.6752386093139648 -0.39291414618492126
vn 0.1421002745628357 0.5888787508010864 -0.795631468296051
vn -0.3496861457824707 0.6367200016975403 -0.6872462034225464
vn -0.49693313241004944 0.6563064455986023 -0.5677317976951599
vn 0.41104137897491455 0.5229500532150269 -0.7467049956321716
vn 0.6044027805328369 0.3972238302230835 -0.6905871033668518
vn 0.8301804065704346 0.18362130224704742 -0.5263875126838684
vn -0.7265961766242981 0.5819389820098877 -0.36524662375450134
vn -0.22738446295261383 -0.7700612545013428 -0.5960721373558044
vn 0.9418457746505737 -0.05289686843752861 -0.33185622096061707
vn 0.33553850650787354 -0.45901426672935486 -0.8226298689842224
vn -0.9407252073287964 0.31934797763824463 -0.11424949020147324
vn -0.7448452711105347 -0.29457396268844604 -0.5986916422843933
vn 0.31441712379455566 -0.1833893060684204 -0.931402325630188
vn 0.9691523313522339 -0.2037479132413864 -0.13867415487766266
vn 0.9483325481414795 -0.31713470816612244 -0.009536816738545895
vn -0.890073835849762 0.07373011857271194 -0.4498138427734375
vn 0.13282079994678497 -0.3496303856372833 -0.9274250864982605
vn -0.6440607905387878 -0.48851484060287476 -0.5886756181716919
vn -0.7778488993644714 -0.19967533648014069 -0.5958866477012634
vn 0.8784757256507874 -0.473658949136734 -0.06267061084508896
vn -0.5598621368408203 -0.5516970157623291 -0.6182109713554382
vn 0.738641619682312 -0.6619870662689209 0.12720733880996704
vn 0.3791106641292572 -0.9159403443336487 0.1316377967596054
vn -0.06971760839223862 0.5999211072921753 -0.7970158457756042
vn 0.2966891825199127 0.523672878742218 -0.7985876798629761
vn 0.529288113117218 0.450084388256073 -0.7192205190658569
vn 0.5459266304969788 0.4141918420791626 -0.7282920479774475
vn 0.7210197448730469 0.30582714080810547 -0.6217719912528992
vn -0.6670478582382202 0.5886616110801697 -0.4566449522972107
vn 0.8767629861831665 0.1312990039587021 -0.4626523554325104
vn -0.8176782727241516 0.5024198293685913 -0.28102797269821167
vn -0.8781426548957825 0.4541251063346863 -0.15045256912708282
vn 0.9724295735359192 -0.2002890557050705 -0.11943641304969788
vn -0.9873471856117249 0.09525372087955475 0.12677688896656036
vn -0.15790194272994995 0.1112598106265068 -0.9811667799949646
vn -0.9678589105606079 -0.14425817131996155 0.20600682497024536
vn -0.41500264406204224 0.08229503780603409 -0.9060906767845154
vn -0.1382732391357422 -0.18361128866672516 -0.9732252955436707
vn -0.43183279037475586 -0.2790739834308624 -0.8576934933662415
vn 0.8677420616149902 -0.4683525562286377 0.16634206473827362
vn -0.42204946279525757 -0.4150365889072418 -0.8059893846511841
vn -0.6322323083877563 -0.7340391278266907 0.24792920053005219
vn 0.5466975569725037 -0.708605170249939 0.4460948407649994
vn 0.1693158596754074 -0.8658325672149658 0.4708143174648285
vn -0.05686182528734207 -0.9918305277824402 -0.11418803036212921
vn -0.2992689907550812 -0.8602755069732666 -0.41275206208229065
vn -0.14559461176395416 -0.8546983599662781 0.498290091753006
vn 0.5853021144866943 0.4773175120353699 -0.6554307341575623
vn 0.27876466512680054 0.6298084855079651 -0.7250045537948608
vn -0.09997189790010452 0.7038269639015198 -0.703301727771759
vn -0.4581640064716339 0.6172664165496826 -0.6395842432975769
vn 0.7319227457046509 0.28384822607040405 -0.6194508075714111
vn -0.6821295022964478 0.5425291061401367 -0.490266889333725
vn 0.8387787938117981 0.22755368053913116 -0.4946408271789551
vn 0.926259458065033 0.04887344688177109 -0.373704195022583
vn -0.8091557025909424 0.4762949049472809 -0.3441080152988434
vn 0.9563565850257874 -0.0509004145860672 -0.2877347767353058
vn -0.9400037527084351 0.3410404622554779 0.009183625690639019
vn -0.9543769955635071 0.28338733315467834 0.09410729259252548
vn -0.961141049861908 0.13242533802986145 0.24222181737422943
vn 0.9452357292175293 -0.32342758774757385 0.043864961713552475
vn -0.900585949420929 -0.08893315494060516 0.4254830777645111
vn 0.8742681741714478 -0.42520710825920105 0.23420949280261993
vn -0.8631749749183655 -0.23900863528251648 0.4447513222694397
vn 0.7364348769187927 -0.5501807928085327 0.39365577697753906
vn -0.6910862326622009 -0.4420417845249176 0.5718382596969604
vn -0.8571133017539978 -0.3953465223312378 0.33023935556411743
vn -0.3592117428779602 -0.6264271140098572 0.6917774081230164
vn -0.0928230881690979 -0.7816442847251892 0.6167787909507751
vn -0.28163260221481323 0.7680913209915161 -0.5750815868377686
vn -0.6737877726554871 0.6132831573486328 -0.41218194365501404
vn -0.8512440919876099 0.4392806589603424 -0.287081778049469
vn -0.8929169774055481 0.40984541177749634 -0.18634921312332153
vn 0.9728631973266602 -0.10776577889919281 -0.20475299656391144
vn -0.9583460688591003 0.2855803072452545 -0.004100687336176634
vn 0.968222975730896 -0.22490912675857544 -0.10936289280653
vn -0.9680518507957458 0.18504470586776733 0.16921617090702057
vn 0.9321773648262024 -0.35780876874923706 0.05493911728262901
vn -0.9389293789863586 0.020526904612779617 0.3434971570968628
vn -0.7864728569984436 -0.25631463527679443 0.5619282126426697
vn 0.6327768564224243 -0.5920059680938721 0.4991217255592346
vn -0.6691204309463501 -0.3735383152961731 0.6424539089202881
vn 0.38065704703330994 -0.6807365417480469 0.6258578300476074
vn 0.0017486140131950378 -0.680954098701477 0.7323240637779236
vn 0.17308200895786285 -0.7335476279258728 0.657229483127594
vn -0.46594101190567017 -0.5020043253898621 0.7286224365234375
vn 0.1802007108926773 0.783359944820404 -0.5948739051818848
vn 0.4379061758518219 0.6577518582344055 -0.6128627061843872
vn 0.7668436765670776 0.3861982524394989 -0.512641966342926
vn 0.8947592973709106 0.21423397958278656 -0.3918030858039856
vn 0.9408564567565918 0.08970467746257782 -0.3267143666744232
vn -0.8931668996810913 0.4157801866531372 -0.17140550911426544
vn -0.9332880973815918 0.3430551588535309 -0.10623766481876373
vn 0.9567544460296631 -0.29078468680381775 -0.008076004683971405
vn 0.8155180811882019 -0.5109515190124512 0.27176985144615173
vn -0.8586588501930237 -0.15054506063461304 0.48993995785713196
vn -0.7480345368385315 -0.27892258763313293 0.6022014617919922
vn 0.6637803912162781 -0.6005083322525024 0.445853590965271
vn 0.47171714901924133 -0.6501399874687195 0.5956516861915588
vn 0.3501184284687042 -0.6895793676376343 0.6339538097381592
vn -0.000620663573499769 -0.6922206282615662 0.7216857671737671
vn -0.2545624375343323 -0.5754758715629578 0.7771907448768616
vn 0.05562951788306236 0.7842758297920227 -0.6179133653640747
vn -0.02843388356268406 0.7379963994026184 -0.6742053627967834
vn 0.27235957980155945 0.6972900629043579 -0.6630284786224365
vn -0.38002264499664307 0.741277813911438 -0.5532541275024414
vn -0.64766526222229 0.605417788028717 -0.4626004099845886
vn -0.6275827288627625 0.6573754549026489 -0.41713011264801025
vn -0.7983062863349915 0.5288179516792297 -0.2881990969181061
vn 0.6426123380661011 0.5180534720420837 -0.5645087361335754
vn 0.7791886329650879 0.3780148923397064 -0.4999699294567108
vn -0.9609373211860657 0.2713325321674347 0.054571349173784256
vn -0.9725770354270935 0.1443178951740265 0.18239057064056396
vn 0.9698449373245239 -0.24366389214992523 0.0053617642261087894
vn -0.9387969374656677 -0.002938634715974331 0.3444586396217346
vn 0.914966881275177 -0.377047061920166 0.14377470314502716
vn 0.8771778345108032 -0.4300430119037628 0.21359333395957947
vn -0.8901415467262268 -0.11822157353162766 0.44008156657218933
vn 0.8297406435012817 -0.5004475116729736 0.24714939296245575
vn -0.7814238667488098 -0.28162524104118347 0.5568338632583618
vn 0.6580556035041809 -0.6199088096618652 0.4274059534072876
vn 0.5586223006248474 -0.6593869924545288 0.5031401515007019
vn -0.5712562203407288 -0.43537667393684387 0.6957826018333435
vn -0.306353896856308 -0.621314287185669 0.7211906313896179
vn -0.5811547040939331 -0.48188546299934387 0.655778706073761
vn -0.34360992908477783 0.6894353032112122 -0.637660801410675
vn 0.46996796131134033 0.6023964881896973 -0.6451733708381653
vn 0.7305422425270081 0.4273911714553833 -0.5325832962989807
vn -0.8958931565284729 0.3838442265987396 -0.22369414567947388
vn -0.9376379251480103 0.3411927819252014 -0.06650348007678986
vn 0.9738875031471252 -0.001466017565689981 -0.22702637314796448
vn 0.9117582440376282 -0.37249690294265747 0.17304033041000366
vn -0.9494558572769165 0.07795385271310806 0.30406704545021057
vn 0.6055545210838318 -0.5788167715072632 0.5461455583572388
vn -0.06544309854507446 -0.6546631455421448 0.7530825734138489
vn -0.33972981572151184 -0.5599864721298218 0.755644679069519
vn 0.3098868131637573 -0.7021892070770264 0.6410151720046997
vn 0.10081619769334793 0.6938696503639221 -0.7130084037780762
vn -0.7488306164741516 0.4700339734554291 -0.4672481417655945
vn -0.9523122310638428 0.3002880811691284 -0.054115477949380875
vn -0.9791797399520874 0.16958215832710266 0.11157475411891937
vn -0.967708170413971 0.21190905570983887 0.1365118771791458
vn 0.7839459180831909 -0.5351280570030212 0.3147490322589874
vn 0.81340092420578 -0.5194562673568726 0.2618095576763153
vn 0.791863203048706 -0.47221603989601135 0.38725265860557556
vn -0.8225268721580505 -0.1339389979839325 0.5527294874191284
vn -0.8410184979438782 -0.16613276302814484 0.514866828918457
vn -0.5885330438613892 -0.3608877956867218 0.7234562039375305
vn 0.16689181327819824 -0.5879158973693848 0.7915188074111938
vn 0.056270502507686615 0.692110538482666 -0.7195947766304016
vn -0.4068567752838135 0.5957832336425781 -0.6924665570259094
vn -0.46466711163520813 0.688203752040863 -0.5571894645690918
vn 0.3473958969116211 0.6301232576370239 -0.6944500803947449
vn 0.5935558080673218 0.49246808886528015 -0.6365271210670471
vn 0.8119205236434937 0.3260452449321747 -0.48423096537590027
vn 0.6445538997650146 0.4912104308605194 -0.5858862400054932
vn 0.959986686706543 0.10811621695756912 -0.25833413004875183
vn 0.988892674446106 -0.05113445594906807 -0.13955849409103394
vn -0.9432632923126221 0.029807835817337036 0.3307051658630371
vn -0.872580349445343 -0.059103723615407944 0.48488175868988037
vn -0.5635665655136108 -0.3332746922969818 0.7558576464653015
vn -0.716082751750946 -0.24397890269756317 0.6539875864982605
vn 0.5876780152320862 -0.615986168384552 0.5245908498764038
vn 0.5520251989364624 -0.5617693066596985 0.6161845922470093
vn 0.35398945212364197 -0.6257860660552979 0.6950420141220093
vn 0.29519543051719666 -0.5710029602050781 0.766038715839386
vn -0.12700358033180237 -0.5237452387809753 0.8423544764518738
vn -0.2691946029663086 -0.49404191970825195 0.8267145156860352
vn -0.3835758566856384 -0.41265103220939636 0.8261892795562744
vn 0.09975279867649078 0.7317970395088196 -0.6741827726364136
vn 0.40891358256340027 0.5966469645500183 -0.6905086040496826
vn 0.6279439926147461 0.47129037976264954 -0.6193316578865051
vn 0.7868416905403137 0.35151466727256775 -0.5072648525238037
vn -0.9308373928070068 0.3309943974018097 -0.1548692286014557
vn -0.9895434975624084 0.13301722705364227 0.05576833337545395
vn 0.9382030963897705 0.1771254539489746 -0.2973240911960602
vn -0.9511976838111877 -0.007405898999422789 0.3084935247898102
vn 0.997437596321106 -0.06524591147899628 -0.02934671938419342
vn 0.9404955506324768 -0.28648537397384644 0.18274123966693878
vn 0.877354621887207 -0.38331639766693115 0.28864753246307373
vn 0.7480636835098267 -0.46115484833717346 0.4772179424762726
vn -0.8053300380706787 -0.17766132950782776 0.565579354763031
vn -0.8941180109977722 -0.08269691467285156 0.44012972712516785
vn -0.5959900617599487 -0.32809948921203613 0.7329029440879822
vn -0.4916580617427826 -0.41757652163505554 0.76413494348526
vn 0.07788380980491638 -0.5950911045074463 0.7998754382133484
vn -0.2829810678958893 -0.47655341029167175 0.8323572874069214
vn -0.535212516784668 0.7614200115203857 -0.3657693564891815
vn -0.09119806438684464 0.7881788015365601 -0.6086518168449402
vn 0.35010379552841187 0.6159771084785461 -0.705690860748291
vn 0.8756745457649231 0.2551506459712982 -0.409990519285202
vn -0.989514172077179 0.08755302429199219 0.1148744747042656
vn -0.9598560929298401 -0.029659941792488098 0.27892035245895386
vn 0.9968897700309753 -0.0030857904348522425 -0.07874884456396103
vn 0.9944894909858704 -0.09749333560466766 0.03854543715715408
vn 0.7627549767494202 -0.4708870053291321 0.44324982166290283
vn 0.6958961486816406 -0.44065576791763306 0.567054808139801
vn -0.8336772322654724 -0.17493757605552673 0.5238121151924133
vn 0.3890858590602875 -0.5503628849983215 0.7387238144874573
vn 0.0009435839601792395 -0.5272074341773987 0.8497360944747925
vn 0.31022894382476807 0.6410893201828003 -0.7019705176353455
vn 0.7156773805618286 0.37658771872520447 -0.5882071256637573
vn -0.37974733114242554 0.8113335967063904 -0.4444432258605957
vn -0.8121533989906311 0.5772320032119751 -0.08491271734237671
vn -0.6474308371543884 0.7382054328918457 -0.18943621218204498
vn -0.9581549167633057 0.19980010390281677 0.2049855887889862
vn 0.9935063719749451 -0.008578654378652573 -0.11345254629850388
vn 0.730828046798706 -0.5143197774887085 0.4487378001213074
vn 0.924275815486908 -0.2734593152999878 0.2663349211215973
vn -0.7357860207557678 -0.3140944242477417 0.5999698042869568
vn -0.8606280088424683 -0.19041740894317627 0.47229307889938354
vn -0.6143525242805481 -0.35047391057014465 0.7069222927093506
vn -0.4719802141189575 -0.4927138388156891 0.7310730814933777
vn 0.5135926604270935 -0.544562041759491 0.6630797386169434
vn 0.1491212248802185 -0.5837658643722534 0.7981104850769043
vn -0.13364967703819275 -0.6185923218727112 0.7742617726325989
vn -0.23054330050945282 -0.5118719339370728 0.8275488018989563
vn -0.026987358927726746 0.7134928107261658 -0.7001426219940186
vn -0.2523534893989563 0.7750496864318848 -0.5793235898017883
vn -0.5868616700172424 0.6966995596885681 -0.412556916475296
vn -0.7905484437942505 0.5928086638450623 -0.15365943312644958
vn 0.9278815388679504 0.12558063864707947 -0.35109174251556396
vn -0.8660114407539368 0.4907436668872833 0.09588993340730667
vn 0.9827273488044739 -0.1399753838777542 0.12105326354503632
vn -0.8982115387916565 -0.025215599685907364 0.4388396739959717
vn 0.6963837146759033 -0.47614389657974243 0.5369699001312256
vn 0.10182884335517883 -0.6589503288269043 0.7452619075775146
vn 0.3719707131385803 -0.673475444316864 0.6388025283813477
vn -0.326567679643631 -0.54057776927948 0.7753252983093262
vn 0.7621656656265259 0.37160563468933105 -0.5301063656806946
vn 0.39546170830726624 0.5740803480148315 -0.7169671654701233
vn 0.24843177199363708 0.6788334250450134 -0.6909898519515991
vn -0.3985353708267212 0.6737138032913208 -0.6223176717758179
vn -0.888146698474884 0.39687439799308777 -0.23170287907123566
vn 0.9503107070922852 0.04988599568605423 -0.3072799742221832
vn -0.9679391384124756 0.2278556525707245 0.1057150661945343
vn 0.9821304678916931 -0.16637307405471802 -0.08797599375247955
vn -0.9227362275123596 0.14581020176410675 0.35678738355636597
vn 0.9176234006881714 -0.33406326174736023 0.2153346687555313
vn 0.8648453950881958 -0.3057585060596466 0.3981887102127075
vn -0.7507486939430237 -0.2194318175315857 0.6230779886245728
vn -0.54850172996521 -0.3956429064273834 0.7366224527359009
vn -0.12219950556755066 -0.5468248128890991 0.8282813429832458
vn 0.28560248017311096 -0.5827722549438477 0.7607941627502441
vn 0.6223867535591125 0.6332783699035645 -0.4599926173686981
vn 0.41456225514411926 0.7046041488647461 -0.5759090185165405
vn -0.24676714837551117 0.7072247266769409 -0.662524938583374
vn -0.06310717761516571 0.6645954847335815 -0.7445336580276489
vn 0.9035829901695251 0.35918813943862915 -0.23349891602993011
vn 0.9882271885871887 0.09028517454862595 -0.12351389974355698
vn -0.7442300319671631 0.5101695656776428 -0.43110164999961853
vn -0.5706812739372253 0.6092677712440491 -0.5505595207214355
vn 0.9570401906967163 -0.25833243131637573 0.13167588412761688
vn -0.9973335266113281 0.024682311341166496 0.06867823004722595
vn -0.9616607427597046 -0.1088201031088829 0.2517276704311371
vn -0.9042614698410034 -0.13125218451023102 0.4063054621219635
vn -0.818405270576477 -0.12650012969970703 0.5605448484420776
vn -0.6553837656974792 -0.399199515581131 0.6411800384521484
vn 0.7370609045028687 -0.4648963510990143 0.49052298069000244
vn 0.5673670768737793 -0.4524382948875427 0.6880364418029785
vn 0.3773398995399475 -0.6030193567276001 0.7028387784957886
vn -0.5903180837631226 -0.3303588330745697 0.7364697456359863
vn -0.30015578866004944 -0.4945031404495239 0.8157041072845459
vn 0.1261838674545288 -0.542863130569458 0.830287516117096
vn -0.06677855551242828 -0.6159263253211975 0.7849684357643127
vn 0.0002489632461220026 0.5638640522956848 -0.8258676528930664
vn 0.3192138373851776 0.5740891695022583 -0.7540053725242615
vn -0.43930885195732117 0.5452854037284851 -0.713912844657898
vn 0.43490728735923767 0.45942023396492004 -0.7744603157043457
vn 0.7485669851303101 0.416781485080719 -0.5156943202018738
vn 0.814333975315094 0.5256896615028381 -0.2459891438484192
vn -0.4799940288066864 0.6358224153518677 -0.6044300198554993
vn 0.9839982390403748 0.17754875123500824 0.014966791495680809
vn 0.9871000647544861 -0.022029004991054535 0.15858210623264313
vn -0.95321124792099 0.23128533363342285 -0.19466760754585266
vn 0.7076849341392517 -0.5178554058074951 0.4806327521800995
vn -0.7376269102096558 -0.4008807837963104 0.5433241724967957
vn -0.39483678340911865 -0.5519383549690247 0.734484851360321
vn -0.11206747591495514 0.5296756625175476 -0.8407643437385559
vn 0.34162309765815735 0.47265979647636414 -0.8123339414596558
vn 0.6914405226707458 0.3136761486530304 -0.65078204870224
vn -0.7672713994979858 0.46304696798324585 -0.44371384382247925
vn 0.993399441242218 0.05838828161358833 -0.09873396903276443
vn 0.958213746547699 -0.09824386984109879 0.2686532139778137
vn 0.8617528080940247 -0.26407623291015625 0.43318110704421997
vn -0.9140954613685608 -0.2394523024559021 0.3272493779659271
vn 0.6711887121200562 -0.41647520661354065 0.6132325530052185
vn 0.4310447871685028 -0.5536112189292908 0.7125412225723267
vn -0.34803467988967896 -0.5845591425895691 0.7329136729240417
vn -0.6475516557693481 -0.5044952034950256 0.5711054801940918
vn 0.047513917088508606 -0.6120683550834656 0.7893761992454529
vn -0.38855597376823425 0.503318190574646 -0.771812915802002
vn 0.17823299765586853 0.5348749756813049 -0.8259187340736389
vn 0.5448346734046936 0.4725461006164551 -0.6927159428596497
vn -0.6076833605766296 0.4673042297363281 -0.6421430110931396
vn 0.8207572102546692 0.24634601175785065 -0.5154330134391785
vn 0.9247229695320129 0.11825528740882874 -0.3618054687976837
vn -0.8290463089942932 0.38024309277534485 -0.40999680757522583
vn -0.8927009701728821 0.34196746349334717 -0.29350170493125916
vn 0.9596627354621887 -0.2810615599155426 0.007206892129033804
vn 0.894800066947937 -0.40294861793518066 0.19226372241973877
vn -0.9813146591186523 0.1633998155593872 -0.1015981063246727
vn -0.9881700277328491 -0.11423544585704803 0.10232466459274292
vn 0.7765297293663025 -0.4848136901855469 0.4024391174316406
vn 0.794260561466217 -0.30751341581344604 0.5240093469619751
vn -0.8788121938705444 -0.3665228486061096 0.30553263425827026
vn 0.5176011919975281 -0.5636593699455261 0.6437214016914368
vn -0.28240475058555603 -0.6374169588088989 0.7169011235237122
vn -0.5421121716499329 -0.6459509134292603 0.5374587774276733
vn 0.22261177003383636 -0.7234107851982117 0.6535448431968689
vn 0.10328385978937149 -0.6523742079734802 0.7508265376091003
vn -0.15451589226722717 -0.7449666857719421 0.648960292339325
vn -0.013575165532529354 0.6372010111808777 -0.7705780863761902
vn -0.6026313304901123 0.49556228518486023 -0.6255025863647461
vn 0.49080023169517517 0.5601711869239807 -0.6673256158828735
vn -0.8013489246368408 0.3563143014907837 -0.4804997742176056
vn 0.9040958285331726 0.26316046714782715 -0.3366858959197998
vn 0.993278980255127 0.02060534618794918 -0.11389616876840591
vn -0.9363992810249329 0.27943286299705505 -0.2123056948184967
vn 0.9851102232933044 -0.1611110121011734 0.06000933051109314
vn 0.8606097102165222 -0.4543289840221405 0.23007848858833313
vn 0.49187931418418884 -0.6737520694732666 0.5514643788337708
vn -0.22996607422828674 0.5150840878486633 -0.8257142305374146
vn 0.7895587682723999 0.41728490591049194 -0.44996702671051025
vn 0.9622231125831604 0.1973862648010254 -0.18752433359622955
vn -0.8761169910430908 0.3066438138484955 -0.3720063269138336
vn -0.9458670616149902 0.2296036332845688 -0.2293856292963028
vn -0.9887866377830505 0.13733945786952972 -0.058642055839300156
vn -0.9871076345443726 -0.02296598069369793 0.15840144455432892
vn -0.7417302131652832 -0.4963408410549164 0.45108988881111145
vn 0.5820361971855164 -0.6457287669181824 0.4942350685596466
vn 0.21953219175338745 -0.7448136210441589 0.6301256418228149
vn 0.44228827953338623 0.2807503342628479 -0.8517982959747314
vn 0.29724305868148804 0.34917184710502625 -0.8886650800704956
vn 0.8438739776611328 0.22201304137706757 -0.4884536564350128
vn -0.5125744938850403 0.2891823947429657 -0.8084806799888611
vn -0.15747366845607758 0.24625003337860107 -0.9563279151916504
vn -0.61728435754776 0.2690161168575287 -0.7393175363540649
vn 0.546816349029541 0.492728590965271 -0.6769124865531921
vn 0.8839002251625061 0.3131347596645355 -0.3473716676235199
vn -0.8383238315582275 0.3271411657333374 -0.43610990047454834
vn -0.7324791550636292 0.35444176197052 -0.581244707107544
vn -0.9415562152862549 0.1773625761270523 -0.28638163208961487
vn -0.9776017665863037 0.1381712108850479 -0.15875636041164398
vn 0.99912428855896 0.016137490049004555 0.038604725152254105
vn 0.972823441028595 -0.13067121803760529 0.1911536157131195
vn 0.8592727780342102 -0.3583563268184662 0.36500826478004456
vn -0.9744325876235962 -0.12700453400611877 0.18534016609191895
vn 0.6512373089790344 -0.4984211027622223 0.5722468495368958
vn 0.346932590007782 -0.6948233246803284 0.6299669742584229
vn 0.016965655609965324 -0.7180562615394592 0.6957782506942749
vn -0.3602583110332489 -0.6187419295310974 0.698120653629303
vn 0.8659338355064392 0.2767389714717865 -0.4166223406791687
vn 0.22346830368041992 0.6180412173271179 -0.7537155151367188
vn -0.5895861983299255 0.4506007134914398 -0.6703336238861084
vn 0.9443406462669373 0.20581622421741486 -0.256632924079895
vn -0.8182758092880249 0.24622784554958344 -0.5194194912910461
vn -0.9009217619895935 0.2057366967201233 -0.38211578130722046
vn 0.9848138689994812 0.16269800066947937 -0.060588762164115906
vn -0.9891894459724426 0.05392278730869293 -0.13636939227581024
vn -0.9999284744262695 -0.005001135170459747 0.010862283408641815
vn -0.989021897315979 -0.05311725288629532 0.13789226114749908
vn 0.8918776512145996 -0.2576400637626648 0.3717201352119446
vn 0.8319196701049805 -0.3063376545906067 0.4626736640930176
vn -0.9051358699798584 -0.22909560799598694 0.3581119775772095
vn -0.7322440147399902 -0.4138920307159424 0.5408439040184021
vn 0.18815959990024567 -0.6665346622467041 0.7213373780250549
vn -0.29599863290786743 -0.5996264815330505 0.7435274124145508
vn -0.07363499701023102 0.5137887001037598 -0.8547508716583252
vn -0.16024428606033325 0.624646782875061 -0.764289379119873
vn -0.5805124044418335 0.41055890917778015 -0.7031691670417786
vn 0.5433239936828613 0.49990299344062805 -0.6744598150253296
vn 0.966113805770874 0.15798652172088623 -0.20411863923072815
vn -0.861110270023346 0.22994595766067505 -0.45344674587249756
vn 0.989493191242218 0.11589489877223969 -0.08643867075443268
vn -0.9638753533363342 0.10792794823646545 -0.24350745975971222
vn 0.9741544723510742 -0.03346678614616394 0.22338993847370148
vn 0.9501705765724182 -0.12781091034412384 0.2843245267868042
vn -0.9707417488098145 -0.16359417140483856 0.17577683925628662
vn -0.9044695496559143 -0.24742178618907928 0.347444087266922
vn 0.62571120262146 -0.4304314851760864 0.6505492329597473
vn 0.40706491470336914 -0.5240782499313354 0.7480909824371338
vn -0.7001444101333618 -0.37243470549583435 0.6091717481613159
vn -0.47796401381492615 -0.49999701976776123 0.7221865653991699
vn -0.060695819556713104 -0.5926598310470581 0.8031627535820007
vn 0.42452049255371094 0.5388346910476685 -0.7276260256767273
vn 0.8575589060783386 0.3201233446598053 -0.4026336669921875
vn -0.3054753243923187 0.5239871740341187 -0.7950612306594849
vn 0.9012058973312378 0.250943660736084 -0.35334867238998413
vn -0.8356494903564453 0.23944266140460968 -0.4943248927593231
vn -0.9193180203437805 0.16131305694580078 -0.35893237590789795
vn 0.9834390878677368 0.11345164477825165 -0.141337588429451
vn 0.9936938285827637 0.10568519681692123 -0.03745964169502258
vn 0.998701274394989 0.03159760683774948 0.03996672481298447
vn 0.9872987866401672 -0.013462483882904053 0.15830348432064056
vn -0.9982866644859314 -0.05641111359000206 0.015541876666247845
vn 0.8366485834121704 -0.2651726007461548 0.47927314043045044
vn -0.7669783234596252 -0.3981919586658478 0.5031774044036865
vn -0.5433398485183716 -0.5629727840423584 0.6227707862854004
vn -0.22017301619052887 -0.5349907279014587 0.8156647086143494
vn 0.20069850981235504 -0.5585761666297913 0.8048060536384583
vn 0.21912813186645508 0.5858410596847534 -0.7802391648292542
vn -0.761297881603241 0.2986161708831787 -0.5755466818809509
vn 0.9567164778709412 0.17066451907157898 -0.23572704195976257
vn -0.9335471987724304 0.10338276624679565 -0.34322261810302734
vn -0.971531093120575 0.08404822647571564 -0.22150234878063202
vn 0.9994297623634338 0.02401043102145195 0.02374163828790188
vn 0.9887809753417969 -0.03054061159491539 0.1462171971797943
vn 0.946763277053833 -0.14891545474529266 0.28541824221611023
vn 0.92916339635849 -0.13119114935398102 0.34560713171958923
vn 0.5760918855667114 -0.41638755798339844 0.7033773064613342
vn 0.4223580062389374 -0.5735360980033875 0.7019045948982239
vn 0.013307016342878342 -0.6166486144065857 0.7871260643005371
vn -0.441084086894989 -0.6077048778533936 0.660408616065979
vn -0.7908906936645508 -0.4088954031467438 0.45529839396476746
vn -0.12414814531803131 -0.6525484323501587 0.7475078105926514
vn 0.7012631893157959 0.46793386340141296 -0.5378363728523254
vn 0.18152594566345215 0.4978836178779602 -0.8480331301689148
vn -0.39796197414398193 0.4543437361717224 -0.7969931364059448
vn -0.6910632252693176 0.29938989877700806 -0.6578733325004578
vn 0.9814873933792114 0.14707474410533905 -0.12268470227718353
vn -0.8540657758712769 0.1777329444885254 -0.4888586699962616
vn -0.9797596335411072 0.03309940546751022 -0.19742228090763092
vn -0.9991395473480225 -0.033809538930654526 -0.024024328216910362
vn -0.9970123171806335 -0.06802525371313095 -0.03659367188811302
vn -0.9703323245048523 -0.1742248386144638 0.1676335334777832
vn -0.9411530494689941 -0.1803964376449585 0.285811185836792
vn 0.8543879389762878 -0.23417314887046814 0.4638794958591461
vn -0.40873467922210693 -0.5062775611877441 0.7593543529510498
vn -0.7882729768753052 -0.3638527989387512 0.49622252583503723
vn 0.3326781392097473 0.5304343104362488 -0.7797209620475769
vn 0.7616630792617798 0.3848392367362976 -0.5213139057159424
vn 0.17696240544319153 0.46489793062210083 -0.8674988746643066
vn -0.2128000259399414 0.37757691740989685 -0.90119469165802
vn -0.45080119371414185 0.3163750171661377 -0.8346766829490662
vn -0.6634945869445801 0.20964154601097107 -0.7182099223136902
vn 0.9062013626098633 0.32416868209838867 -0.27150267362594604
vn -0.781866192817688 0.15703363716602325 -0.6033454537391663
vn -0.9187001585960388 0.06071345880627632 -0.3902614414691925
vn 0.998123824596405 0.04474165663123131 0.041797395795583725
vn -0.9884609580039978 -0.050816699862480164 -0.14269796013832092
vn 0.9787822365760803 -0.0755055770277977 0.19048424065113068
vn 0.9395245313644409 -0.15404227375984192 0.30588340759277344
vn -0.9736230373382568 -0.17319850623607635 0.14852771162986755
vn -0.8518226146697998 -0.3498593866825104 0.3898676335811615
vn 0.8197681903839111 -0.3159980773925781 0.4776247441768646
vn 0.5769885182380676 -0.4452967643737793 0.6846861243247986
vn 0.559600830078125 -0.49114856123924255 0.6675477623939514
vn -0.46190255880355835 -0.5590882897377014 0.6885247230529785
vn 0.07450353354215622 -0.6297234892845154 0.7732383608818054
vn 0.10318179428577423 -0.5295298099517822 0.8419926762580872
vn -0.3992747962474823 0.45321720838546753 -0.7969778180122375
vn 0.09438715875148773 0.6011545658111572 -0.7935391068458557
vn 0.7700515389442444 0.43091195821762085 -0.4704630970954895
vn 0.926902711391449 0.21910475194454193 -0.3047039806842804
vn -0.7307240962982178 0.2438460737466812 -0.6376373767852783
vn -0.8657104969024658 0.10395018756389618 -0.4896322190761566
vn 0.9558719992637634 0.23493172228336334 -0.17639674246311188
vn 0.9812977910041809 0.18503764271736145 -0.053063638508319855
vn -0.9680410027503967 -0.026818949729204178 -0.24935387074947357
vn -0.9736577272415161 -0.20591750741004944 0.09792108833789825
vn 0.6839725971221924 -0.3615838587284088 0.6335918307304382
vn -0.4969606101512909 -0.5091686844825745 0.702692985534668
vn 0.08156964182853699 0.4751727283000946 -0.8761034607887268
vn -0.4787440598011017 0.41429099440574646 -0.7740588784217834
vn 0.5872685313224792 0.5471149682998657 -0.5964736342430115
vn -0.7889325022697449 0.1402328759431839 -0.5982644557952881
vn 0.892510712146759 0.3582288920879364 -0.2740379571914673
vn -0.9513561725616455 0.0024321256205439568 -0.308083713054657
vn -0.9138224124908447 0.060453057289123535 -0.40158936381340027
vn 0.9861917495727539 0.164653018116951 0.01775490865111351
vn 0.9834674000740051 0.04105687886476517 0.17636962234973907
vn -0.9750145673751831 -0.06362517923116684 -0.212834432721138
vn 0.9847585558891296 -0.03896704688668251 0.16950595378875732
vn -0.9821748733520508 -0.17257003486156464 -0.0745120719075203
vn 0.9060572385787964 -0.17815032601356506 0.3838265836238861
vn 0.870581328868866 -0.2296791672706604 0.43512722849845886
vn 0.7606037259101868 -0.32553455233573914 0.5617020726203918
vn 0.6458234786987305 -0.3956037759780884 0.6530005931854248
vn -0.8863893151283264 -0.3033805191516876 0.3496774733066559
vn -0.660807192325592 -0.4648996591567993 0.589238703250885
vn 0.24359863996505737 -0.5153360366821289 0.821637749671936
vn -0.6626157760620117 0.22371788322925568 -0.7147662043571472
vn -0.4597209095954895 0.501866340637207 -0.7326574325561523
vn -0.004226225428283215 0.4999130368232727 -0.8660653233528137
vn -0.4394543766975403 0.28244897723197937 -0.8527030944824219
vn 0.6060991883277893 0.46421363949775696 -0.645871102809906
vn 0.8389587998390198 0.41001978516578674 -0.3578154444694519
vn 0.7914414405822754 0.4505992829799652 -0.41301435232162476
vn 0.9206464886665344 0.34281125664711 -0.1867903172969818
vn 0.9700612425804138 0.22954781353473663 -0.07930360734462738
vn -0.9611106514930725 -0.030119404196739197 -0.2745163142681122
vn -0.9888234734535217 -0.09691499918699265 -0.11329447478055954
vn 0.979447603225708 0.04946499690413475 0.19553950428962708
vn -0.9792292714118958 -0.20225882530212402 0.014195786789059639
vn 0.9130420684814453 -0.10249267518520355 0.3947778046131134
vn -0.922400712966919 -0.3456742763519287 0.17229679226875305
vn -0.8411506414413452 -0.39361512660980225 0.37085413932800293
vn 0.09580139070749283 -0.5911656618118286 0.8008403778076172
vn 0.37140247225761414 -0.5026904940605164 0.7806167602539062
vn -0.5204921960830688 -0.5357304811477661 0.6648915410041809
vn -0.19544053077697754 -0.5613489747047424 0.8041706681251526
vn 0.5554018020629883 0.6465003490447998 -0.52303546667099
vn 0.8271300196647644 0.5125781893730164 -0.2304767519235611
vn 0.9029399156570435 0.37481555342674255 -0.21026866137981415
vn -0.8974547982215881 0.010477947071194649 -0.44098207354545593
vn -0.9057052731513977 0.010578311048448086 -0.42377594113349915
vn 0.9421817660331726 0.3126058578491211 -0.12071149051189423
vn -0.9537899494171143 -0.06909274309873581 -0.29242250323295593
vn 0.9410246014595032 -0.031503159552812576 0.3368683159351349
vn -0.9728527069091797 -0.21036458015441895 0.09645947068929672
vn -0.9045751690864563 -0.34312623739242554 0.2529984414577484
vn 0.7804121971130371 -0.24863342940807343 0.5737057328224182
vn 0.5076718330383301 -0.4571244716644287 0.7302784323692322
vn -0.7536460757255554 -0.46684083342552185 0.4626848101615906
vn 0.38164180517196655 -0.47895872592926025 0.7905365824699402
vn -0.14041192829608917 -0.55486661195755 0.8200046420097351
vn -0.4787062108516693 -0.5307579040527344 0.6993829011917114
vn -0.07975946366786957 0.7042248249053955 -0.7054827809333801
vn 0.2852255403995514 0.6775752902030945 -0.6778925061225891
vn -0.3303454518318176 0.5761728286743164 -0.7475940585136414
vn -0.6254331469535828 0.3033391535282135 -0.7189010977745056
vn -0.85258549451828 0.06795795261859894 -0.518150269985199
vn 0.9829697608947754 0.1729937046766281 0.06199713051319122
vn -0.980055570602417 -0.13624277710914612 -0.14466865360736847
vn -0.9688160419464111 -0.1472095549106598 -0.19931118190288544
vn -0.9592930674552917 -0.2765219807624817 0.05737927556037903
vn 0.9620011448860168 -0.0325738750398159 0.2710955739021301
vn 0.9181490540504456 -0.12073243409395218 0.37739384174346924
vn 0.8569635152816772 -0.16018261015415192 0.48985204100608826
vn -0.8498262166976929 -0.4216162860393524 0.31628334522247314
vn -0.7274875640869141 -0.453727126121521 0.5146781206130981
vn 0.4016490578651428 -0.4358457922935486 0.8054293990135193
vn 0.014459858648478985 -0.5585834980010986 0.8293222784996033
vn 0.5728137493133545 0.564191997051239 -0.59461909532547
vn -0.009858769364655018 0.5229122042655945 -0.8523295521736145
vn -0.031324464827775955 0.4572893977165222 -0.8887661099433899
vn -0.7079972624778748 0.13036182522773743 -0.6940791010856628
vn -0.6473298072814941 0.26621270179748535 -0.714209258556366
vn 0.7147882580757141 0.5803051590919495 -0.39028680324554443
vn 0.8182535767555237 0.5263874530792236 -0.23103557527065277
vn 0.9152868986129761 0.4012600779533386 -0.03521733731031418
vn -0.914836049079895 -0.06767857819795609 -0.398113876581192
vn 0.9369451999664307 0.34636613726615906 -0.04652080312371254
vn -0.9484134912490845 -0.13956746459007263 -0.28466251492500305
vn 0.9758577942848206 0.12837614119052887 0.17669515311717987
vn -0.9739534854888916 -0.20208756625652313 -0.10283629596233368
vn -0.9714609384536743 -0.23627842962741852 -0.020884262397885323
vn 0.8623724579811096 -0.2024688869714737 0.4640260636806488
vn 0.8988211750984192 -0.13616478443145752 0.41662904620170593
vn 0.7708743810653687 -0.3184736967086792 0.551658570766449
vn -0.8108097314834595 -0.4880644679069519 0.32308000326156616
vn 0.6113362312316895 -0.3185705244541168 0.7244175672531128
vn -0.5970091223716736 -0.5106926560401917 0.6186867356300354
vn -0.5088162422180176 -0.6444852948188782 0.5707405209541321
vn -0.006592432502657175 -0.5555458068847656 0.8314598798751831
vn 0.3069876432418823 -0.3968433737754822 0.8650283217430115
vn 0.7410358190536499 0.5022979974746704 -0.44560375809669495
vn 0.33071327209472656 0.656690239906311 -0.6777806878089905
vn -0.2848603129386902 0.55946284532547 -0.7783675193786621
vn 0.8417149186134338 0.4672905206680298 -0.27047300338745117
vn -0.8085483312606812 0.06648074090480804 -0.5846622586250305
vn -0.8666143417358398 -0.04678806662559509 -0.4967801570892334
vn -0.922488808631897 -0.15117941796779633 -0.35518890619277954
vn 0.9549318552017212 0.28709539771080017 0.0753752738237381
vn -0.9616343975067139 -0.2142808586359024 -0.17129799723625183
vn -0.9551504850387573 -0.29322105646133423 -0.041339799761772156
vn 0.9485482573509216 -0.01752641797065735 0.3161472678184509
vn -0.9481877088546753 -0.3155836760997772 0.03670245409011841
vn -0.9090721011161804 -0.37490788102149963 0.18174710869789124
vn 0.6097669005393982 -0.4520244598388672 0.6510440111160278
vn 0.4291428029537201 -0.536848783493042 0.7263813614845276
vn 0.08949803560972214 -0.6746837496757507 0.7326608300209045
vn -0.48688963055610657 -0.6956151127815247 0.5282595157623291
vn -0.08244291692972183 -0.6875972747802734 0.7213966846466064
vn 0.2586911618709564 0.776397168636322 -0.5747054815292358
vn 0.6628849506378174 0.6678306460380554 -0.33850526809692383
vn -0.04315578565001488 0.6417626738548279 -0.7656880617141724
vn -0.544335663318634 0.3409644067287445 -0.7664476633071899
vn 0.8569510579109192 0.49412664771080017 -0.14653921127319336
vn 0.9125217795372009 0.4052625000476837 -0.05537499114871025
vn -0.9422096014022827 -0.21831294894218445 -0.2541270852088928
vn 0.9487859010696411 0.295232892036438 0.11244077235460281
vn 0.9563700556755066 0.19892533123493195 0.21397440135478973
vn 0.9544586539268494 0.09185851365327835 0.28384992480278015
vn -0.4483952224254608 -0.6380558609962463 0.6259605288505554
vn -0.22490331530570984 0.46920275688171387 -0.8539714813232422
vn 0.3349301815032959 0.6573849320411682 -0.6750310063362122
vn 0.48225316405296326 0.6952148675918579 -0.5330179929733276
vn 0.740531861782074 0.6208360195159912 -0.2572455108165741
vn -0.636310875415802 0.19477300345897675 -0.746439516544342
vn -0.807532012462616 0.04321945831179619 -0.5882382392883301
vn -0.8074120283126831 -0.052359383553266525 -0.5876601338386536
vn -0.7568219304084778 0.09175608307123184 -0.6471487283706665
vn -0.8894376754760742 -0.15602973103523254 -0.42959901690483093
vn 0.942419707775116 0.33157432079315186 0.04363027587532997
vn -0.9269019365310669 -0.25583192706108093 -0.2745959460735321
vn -0.9420309066772461 -0.30140435695648193 -0.14742189645767212
vn 0.8875383138656616 -0.01702270098030567 0.4604193866252899
vn 0.8509979248046875 -0.15865835547447205 0.500629723072052
vn -0.9132945537567139 -0.3927139341831207 0.1080225333571434
vn 0.7461103200912476 -0.3147321045398712 0.5867393612861633
vn 0.6810866594314575 -0.43659448623657227 0.5877978205680847
vn -0.8492760062217712 -0.46631142497062683 0.24755604565143585
vn 0.43705785274505615 -0.5477813482284546 0.7133836150169373
vn 0.40455856919288635 -0.6202138066291809 0.6720619201660156
vn -0.6662126779556274 -0.5656028985977173 0.48605984449386597
vn -0.1050664484500885 -0.6999129056930542 0.7064580321311951
vn 0.4139614999294281 0.6819714307785034 -0.6029518842697144
vn -0.18869690597057343 0.5476687550544739 -0.8151395320892334
vn 0.7171933650970459 0.6138888597488403 -0.32980918884277344
vn -0.6432570815086365 0.25932782888412476 -0.7203953266143799
vn 0.8754723072052002 0.4812023937702179 -0.04463804513216019
vn -0.861334502696991 -0.049569711089134216 -0.5056142807006836
vn 0.9514878392219543 0.26614928245544434 0.15438754856586456
vn 0.939196765422821 0.324651300907135 0.11185252666473389
vn -0.9290348291397095 -0.3192344903945923 -0.18703921139240265
vn 0.9496775269508362 0.19426582753658295 0.24570997059345245
vn -0.9144294261932373 -0.4008095860481262 -0.056307245045900345
vn -0.9187635779380798 -0.3938058912754059 0.028115268796682358
vn -0.9090542793273926 -0.39485567808151245 0.1330762803554535
vn 0.9244248270988464 0.09157760441303253 0.370205819606781
vn 0.5986170172691345 -0.3763183355331421 0.7071366310119629
vn 0.19708086550235748 -0.5512042045593262 0.8107607960700989
vn -0.3328631520271301 -0.6112198233604431 0.7180616855621338
vn -0.641673743724823 -0.5929071307182312 0.48653465509414673
vn 0.07414638996124268 0.6227021813392639 -0.7789379358291626
vn 0.288410484790802 0.6129788756370544 -0.7355788946151733
vn 0.5347777009010315 0.6491905450820923 -0.5408922433853149
vn 0.753922164440155 0.5849406123161316 -0.2990749776363373
vn -0.3246593475341797 0.4966968595981598 -0.8049152493476868
vn -0.6176832914352417 0.16391126811504364 -0.7691556811332703
vn -0.8225822448730469 0.041757404804229736 -0.5671109557151794
vn 0.8636215329170227 0.4947371780872345 -0.09691735357046127
vn -0.9061372876167297 -0.13657084107398987 -0.4003295302391052
vn 0.9130564332008362 0.4033384919166565 0.06038316711783409
vn -0.9082090854644775 -0.16901454329490662 -0.3828713297843933
vn -0.9200507998466492 -0.27339592576026917 -0.2806442081928253
vn -0.9217830896377563 -0.3510044515132904 -0.16465681791305542
vn 0.9354569911956787 0.18963071703910828 0.2982623875141144
vn -0.8599836230278015 -0.5033642053604126 0.08398019522428513
vn 0.8281537294387817 -0.09112153202295303 0.5530446171760559
vn -0.8747212886810303 -0.4404051899909973 0.2022523283958435
vn 0.6331529021263123 -0.24988752603530884 0.7325801253318787
vn -0.8090358376502991 -0.49100399017333984 0.32307296991348267
vn -0.5429273247718811 -0.5866015553474426 0.6009397506713867
vn 0.11987368017435074 0.5343390107154846 -0.8367270827293396
vn 0.5344042778015137 0.6634014248847961 -0.5237467288970947
vn 0.6714094877243042 0.5560395121574402 -0.4899280369281769
vn -0.45438629388809204 0.27342304587364197 -0.8478047847747803
vn -0.3658086955547333 0.23246514797210693 -0.9011903405189514
vn -0.25080227851867676 0.4128105938434601 -0.8756058812141418
vn -0.6470984816551208 0.013493521139025688 -0.7622870206832886
vn -0.7265433073043823 -0.013515808619558811 -0.6869877576828003
vn -0.7796046137809753 -0.04844624176621437 -0.624395489692688
vn -0.8070552349090576 -0.15821197628974915 -0.5688856840133667
vn 0.8539549112319946 0.5026198029518127 -0.13466383516788483
vn -0.8716787099838257 -0.16429266333580017 -0.46171867847442627
vn -0.9095230102539062 -0.2365434616804123 -0.3417823910713196
vn 0.9190240502357483 0.38258057832717896 0.09501071274280548
vn -0.9132676720619202 -0.29088568687438965 -0.2851802110671997
vn 0.9312486052513123 0.26918715238571167 0.24558983743190765
vn -0.8976294994354248 -0.4407360851764679 0.0036090908106416464
vn -0.8625611066818237 -0.48091667890548706 0.15718647837638855
vn 0.8575330376625061 0.0021301826927810907 0.5144245028495789
vn 0.8808648586273193 0.10195092856884003 0.4622587561607361
vn -0.8194300532341003 -0.5275179743766785 0.22418567538261414
vn 0.5676453113555908 -0.3892611563205719 0.7254340648651123
vn -0.7010197043418884 -0.557280957698822 0.4449824094772339
vn 0.002791821723803878 -0.5649524331092834 0.8251187801361084
vn 0.32361429929733276 -0.3135993778705597 0.8927088975906372
vn -0.054765522480010986 -0.546133816242218 0.8359057903289795
vn -0.4290601313114166 -0.6303445100784302 0.6469724178314209
vn -0.02496398612856865 0.5821641683578491 -0.8126879334449768
vn 0.4723014235496521 0.6986656785011292 -0.5373990535736084
vn -0.4133635461330414 0.3117603063583374 -0.855532705783844
vn -0.5986976623535156 0.22579196095466614 -0.7684915065765381
vn 0.7850576639175415 0.5710573196411133 -0.2399543970823288
vn -0.7599165439605713 -0.02434736117720604 -0.6495646238327026
vn 0.8513835668563843 0.5154553055763245 -0.09722094982862473
vn -0.8203349709510803 -0.14848320186138153 -0.5522710680961609
vn -0.8662845492362976 -0.2545107305049896 -0.42985501885414124
vn 0.9105957746505737 0.41171813011169434 0.03610461205244064
vn 0.9126704931259155 0.40173792839050293 0.07509540766477585
vn -0.8790998458862305 -0.27078256011009216 -0.39225029945373535
vn -0.907584011554718 -0.32249513268470764 -0.2688647210597992
vn 0.9302874803543091 0.30309823155403137 0.2066318541765213
vn -0.9112863540649414 -0.360194593667984 -0.19954197108745575
vn -0.9047839045524597 -0.4042699635028839 -0.13391049206256866
vn 0.8818755745887756 0.10134093463420868 0.4604623317718506
vn 0.7773444056510925 -0.022862272337079048 0.628659725189209
vn 0.7843719720840454 -0.009489673189818859 0.6202182769775391
vn -0.7451547384262085 -0.5735059976577759 0.34034597873687744
vn 0.5231381058692932 -0.2289494127035141 0.820919394493103
vn -0.5785652995109558 -0.6096875667572021 0.5417963266372681
vn -0.3900262713432312 -0.5457144379615784 0.7416706085205078
vn 0.5677391886711121 0.5790938138961792 -0.5850834250450134
vn 0.6625008583068848 0.6041132211685181 -0.44287681579589844
vn 0.34757447242736816 0.5683870315551758 -0.7457400560379028
vn 0.12223599851131439 0.5158719420433044 -0.8479000329971313
vn -0.12456905096769333 0.3945663571357727 -0.9103845357894897
vn -0.2679898142814636 0.38444578647613525 -0.8833929300308228
vn 0.7466201186180115 0.581710934638977 -0.3227551281452179
vn 0.4577525556087494 0.6487881541252136 -0.6078952550888062
vn 0.05361484736204147 0.584587574005127 -0.8095572590827942
vn -0.5493139624595642 0.07068770378828049 -0.8326208591461182
vn -0.6477391719818115 0.1514221727848053 -0.7466628551483154
vn -0.7646598219871521 -0.06971953809261322 -0.6406517028808594
vn 0.7383418679237366 0.6369443535804749 -0.22170515358448029
vn -0.7770310044288635 -0.19472363591194153 -0.5985863208770752
vn -0.8595669269561768 -0.23501409590244293 -0.45377662777900696
vn -0.8947641253471375 -0.3404979109764099 -0.28889161348342896
vn 0.926048755645752 0.29787006974220276 0.23174813389778137
vn -0.8833015561103821 -0.4667550325393677 -0.043795570731163025
vn 0.9146572947502136 0.16243301331996918 0.3701587915420532
vn -0.8490667939186096 -0.5260311365127563 0.04875244200229645
vn -0.8695793151855469 -0.492804616689682 -0.031232954934239388
vn 0.8066369295120239 -0.047762852162122726 0.5891141891479492
vn -0.7413948774337769 -0.6301352381706238 0.23078830540180206
vn 0.7153267860412598 -0.15519942343235016 0.6813374757766724
vn -0.7747223973274231 -0.5778763890266418 0.25664016604423523
vn 0.4960402250289917 -0.2728760540485382 0.8243074417114258
vn -0.6447886228561401 -0.5595091581344604 0.5207659602165222
vn 0.5909101963043213 -0.14922012388706207 0.7928168773651123
vn -0.40598249435424805 -0.5930891036987305 0.695286750793457
vn 0.1730366051197052 -0.3832379877567291 0.9072965383529663
vn -0.014417480677366257 -0.5277489423751831 0.8492780923843384
vn 0.04781568422913551 0.5596455335617065 -0.8273515701293945
vn 0.29959234595298767 0.6281909942626953 -0.7180672287940979
vn -0.45780330896377563 0.3659798800945282 -0.8102313280105591
vn 0.7389994263648987 0.5612765550613403 -0.37262383103370667
vn 0.784476101398468 0.5435385704040527 -0.29860204458236694
vn -0.7302390933036804 0.13842396438121796 -0.6690214276313782
vn 0.8109749555587769 0.5483838319778442 -0.20394831895828247
vn -0.821848452091217 0.04547868296504021 -0.5678881406784058
vn 0.834976077079773 0.5259297490119934 -0.16190434992313385
vn -0.8974419832229614 -0.1254129409790039 -0.42292970418930054
vn 0.850452184677124 0.521003246307373 -0.07271059602499008
vn -0.8582333922386169 -0.2449684888124466 -0.45102766156196594
vn -0.8652088046073914 -0.33086416125297546 -0.3767528235912323
vn -0.8956806063652039 -0.37116843461990356 -0.24492903053760529
vn 0.9117493629455566 0.381137490272522 0.15312522649765015
vn 0.8860618472099304 0.4516541063785553 0.10441739857196808
vn 0.9271230697631836 0.29341161251068115 0.2331361025571823
vn -0.8930691480636597 -0.41409873962402344 -0.17592555284500122
vn -0.8971661329269409 -0.4296344518661499 -0.10250473767518997
vn 0.9054291248321533 0.2067413479089737 0.3707508146762848
vn 0.8820323944091797 0.08661528676748276 0.46315938234329224
vn -0.5060217976570129 -0.666702926158905 0.5472196340560913
vn -0.6243298649787903 -0.6641699075698853 0.41120633482933044
vn 0.5897641777992249 -0.3351132869720459 0.7347634434700012
vn 0.35207098722457886 -0.42651018500328064 0.8331477642059326
vn 0.1790960729122162 -0.5338074564933777 0.8264225125312805
vn -0.16853231191635132 -0.5857912302017212 0.7927455902099609
vn -0.24943874776363373 -0.6559393405914307 0.7124071717262268
vn -0.013524353504180908 0.6250669360160828 -0.7804540395736694
vn 0.5601111054420471 0.6200075149536133 -0.5494236946105957
vn -0.5298265814781189 0.3245058059692383 -0.7835685610771179
vn -0.7878525853157043 0.04738001897931099 -0.6140385866165161
vn -0.8541489243507385 -0.02102510817348957 -0.5196033120155334
vn 0.874981701374054 0.48356905579566956 -0.02383444458246231
vn 0.8883514404296875 0.4472087621688843 0.10409630835056305
vn -0.9183903336524963 -0.28006139397621155 -0.2795080542564392
vn 0.9035494327545166 0.21882297098636627 0.368395060300827
vn 0.9073152542114258 0.17058132588863373 0.38429293036460876
vn 0.8448828458786011 0.07194425165653229 0.5300916433334351
vn -0.8412981629371643 -0.5339215397834778 0.08452942222356796
vn -0.8159549236297607 -0.563620924949646 0.12864361703395844
vn 0.5422738790512085 -0.290833055973053 0.7882608771324158
vn -0.4241001009941101 -0.7128915786743164 0.5585023164749146
vn 0.19384539127349854 0.6481826901435852 -0.7363988161087036
vn 0.39354583621025085 0.6605188250541687 -0.6394034028053284
vn 0.6512737274169922 0.6145845651626587 -0.4451161026954651
vn -0.16009493172168732 0.49958011507987976 -0.8513455986976624
vn 0.8297443389892578 0.5154547095298767 -0.21408140659332275
vn -0.4330763518810272 0.41321390867233276 -0.8010613322257996
vn -0.3975364863872528 0.3729105591773987 -0.8383928537368774
vn -0.5555922985076904 0.24703429639339447 -0.7939088940620422
vn -0.7376978993415833 0.10337604582309723 -0.6671695709228516
vn -0.8536682724952698 -0.0599450059235096 -0.5173559784889221
vn 0.8848119974136353 0.46290189027786255 -0.05319426208734512
vn -0.9127827286720276 -0.17491093277931213 -0.3690987825393677
vn 0.8979597687721252 0.42362532019615173 0.11920502036809921
vn -0.9288120865821838 -0.2959194779396057 -0.22302433848381042
vn 0.8972318172454834 0.35186147689819336 0.26677441596984863
vn 0.8900598287582397 0.3870338201522827 0.2408284991979599
vn -0.9065432548522949 -0.40870288014411926 -0.10555209219455719
vn 0.889954686164856 0.32395312190055847 0.3209909200668335
vn -0.8820340037345886 -0.46833908557891846 -0.05171678960323334
vn -0.8610007762908936 -0.5056101679801941 0.055101316422224045
vn -0.8827542662620544 -0.46982061862945557 0.0036839351523667574
vn 0.8526499271392822 0.06756128370761871 0.5180961489677429
vn -0.8041441440582275 -0.5583894848823547 0.20384642481803894
vn -0.7503814101219177 -0.605678141117096 0.26472941040992737
vn 0.4909994900226593 -0.4271605610847473 0.7592452764511108
vn 0.3979855179786682 -0.4159344732761383 0.8176833987236023
vn 0.7107543349266052 -0.12639427185058594 0.6919918656349182
vn -0.6379296183586121 -0.6821058988571167 0.3574597239494324
vn 0.010701601393520832 -0.6357679963111877 0.7718060612678528
vn 0.18938764929771423 0.6151183247566223 -0.7653508186340332
vn -0.1203608438372612 0.5069620609283447 -0.8535237908363342
vn 0.4462280869483948 0.6359473466873169 -0.6296440362930298
vn 0.692935049533844 0.6133726239204407 -0.37896567583084106
vn 0.7487258315086365 0.596609354019165 -0.2889064848423004
vn -0.5578766465187073 0.21726559102535248 -0.8009802103042603
vn 0.8608595728874207 0.4829215407371521 -0.16033601760864258
vn -0.6981030702590942 0.11943250894546509 -0.7059659957885742
vn -0.7138173580169678 0.017053361982107162 -0.7001243233680725
vn -0.8249036073684692 -0.05799669027328491 -0.562290370464325
vn 0.9110127091407776 0.41237685084342957 -0.0011315615847706795
vn 0.9293544888496399 0.3542441129684448 0.10397741198539734
vn -0.903151273727417 -0.19117417931556702 -0.3844089210033417
vn 0.9213744401931763 0.3286767899990082 0.2074623554944992
vn -0.9288681149482727 -0.2945990264415741 -0.22453385591506958
vn -0.9147982001304626 -0.3996303975582123 -0.058650292456150055
vn 0.8701291084289551 0.27163830399513245 0.4112031161785126
vn 0.8204729557037354 0.13511140644550323 0.5554899573326111
vn 0.7314349412918091 -0.13307422399520874 0.6688005924224854
vn 0.7443417906761169 -0.02825692854821682 0.6672008037567139
vn -0.5590980052947998 -0.6407474875450134 0.5261672735214233
vn 0.5119763612747192 -0.3512466549873352 0.7839043736457825
vn -0.4373750388622284 -0.6904677748680115 0.5761573910713196
vn 0.0743817687034607 -0.6249719262123108 0.7770954966545105
vn 0.5476403832435608 0.614277720451355 -0.5681135654449463
vn 0.7252616286277771 0.5782045722007751 -0.37373122572898865
vn 0.2923530340194702 0.518670380115509 -0.803436815738678
vn -0.018252020701766014 0.38659200072288513 -0.9220702052116394
vn -0.3514539897441864 0.2482743114233017 -0.9026848673820496
vn -0.4779190421104431 0.08450116217136383 -0.8743299841880798
vn 0.8494994044303894 0.525180995464325 -0.05035693570971489
vn 0.883311927318573 0.46791163086891174 -0.028614504262804985
vn -0.7719876170158386 -0.1443241536617279 -0.6190361380577087
vn -0.6356170773506165 -0.016667159274220467 -0.7718245387077332
vn -0.8346987962722778 -0.1528017371892929 -0.5290837287902832
vn -0.8946365118026733 -0.23885048925876617 -0.3775922954082489
vn 0.9215579032897949 0.3612082898616791 0.14233633875846863
vn -0.9182559251785278 -0.34689071774482727 -0.19097894430160522
vn 0.9290293455123901 0.27615660429000854 0.24625615775585175
vn 0.8747553825378418 0.21702958643436432 0.4332450032234192
vn -0.8693066239356995 -0.490276575088501 0.06272928416728973
vn 0.7882169485092163 0.11385168880224228 0.6047742962837219
vn -0.754913330078125 -0.5768657922744751 0.31198033690452576
vn 0.6327860951423645 -0.025608111172914505 0.7739030718803406
vn 0.46877309679985046 -0.2615121901035309 0.8437198400497437
vn -0.6338089108467102 -0.5898953080177307 0.5003097653388977
vn -0.12571291625499725 -0.5256532430648804 0.8413589596748352
vn -0.2897310256958008 -0.5325558185577393 0.7952611446380615
vn 0.09432221949100494 0.5772005915641785 -0.8111367225646973
vn -0.1440345197916031 0.42378970980644226 -0.8942350745201111
vn 0.3546335995197296 0.6649173498153687 -0.6573583483695984
vn 0.5103966593742371 0.7195364236831665 -0.47091686725616455
vn -0.2856593728065491 0.1836554855108261 -0.9405686855316162
vn -0.32317423820495605 0.2627764940261841 -0.9091243147850037
vn -0.5892630815505981 0.03053169697523117 -0.8073641657829285
vn 0.7034271955490112 0.6727244853973389 -0.22941675782203674
vn 0.8082950711250305 0.5683238506317139 -0.1538412719964981
vn -0.5603564977645874 -0.06787076592445374 -0.8254660964012146
vn -0.7244840264320374 -0.24204745888710022 -0.6453960537910461
vn 0.8469658493995667 0.5281938910484314 -0.06049863621592522
vn -0.7159368395805359 -0.16929875314235687 -0.6773274540901184
vn -0.8334578275680542 -0.24960385262966156 -0.4929969310760498
vn 0.8811501264572144 0.46830686926841736 0.06529334932565689
vn 0.8850743770599365 0.45701926946640015 0.08818644285202026
vn -0.891963541507721 -0.2780197560787201 -0.3565194606781006
vn -0.9084306359291077 -0.3669217526912689 -0.20030541718006134
vn -0.8831128478050232 -0.4690645635128021 -0.009499996900558472
vn -0.8926054239273071 -0.45080021023750305 0.00589082483202219
vn 0.914656400680542 0.2001381814479828 0.35120996832847595
vn -0.8757741451263428 -0.4647298753261566 0.13055965304374695
vn -0.8712760806083679 -0.48050370812416077 0.09997081756591797
vn -0.7414517998695374 -0.5857722163200378 0.32729220390319824
vn 0.7822167277336121 -0.011304563842713833 0.6229038834571838
vn 0.6352731585502625 -0.11684098839759827 0.7633978724479675
vn 0.2615339159965515 -0.2928515672683716 0.9196945428848267
vn -0.5243009328842163 -0.6206849217414856 0.5829741358757019
vn 0.27288106083869934 -0.42459505796432495 0.8632815480232239
vn -0.12086879462003708 -0.5331404805183411 0.837348222732544
vn -0.4939558207988739 -0.5750593543052673 0.6521614193916321
vn -0.49416112899780273 0.28057003021240234 -0.8228519558906555
vn 0.07163091003894806 0.6167556643486023 -0.7838886976242065
vn 0.5437445044517517 0.7223999500274658 -0.4271771311759949
vn 0.6072591543197632 0.705508291721344 -0.3653688132762909
vn -0.77372145652771 -0.03544382005929947 -0.6325337290763855
vn -0.6422232389450073 0.058306194841861725 -0.76429682970047
vn -0.7880712151527405 -0.21320345997810364 -0.5774843096733093
vn -0.8310067653656006 -0.3432192802429199 -0.43775373697280884
vn -0.8289989233016968 -0.3599698841571808 -0.42799821496009827
vn -0.8923525214195251 -0.351780503988266 -0.282767653465271
vn 0.8914657831192017 0.42276594042778015 0.16296565532684326
vn 0.9038868546485901 0.3798142671585083 0.19679895043373108
vn 0.9178637862205505 0.2840387225151062 0.27721482515335083
vn 0.9102464914321899 0.16063828766345978 0.3816368877887726
vn 0.8414631485939026 0.04208242893218994 0.5386732816696167
vn -0.7874199151992798 -0.5363448262214661 0.30381590127944946
vn 0.7241374254226685 -0.1232009083032608 0.6785622239112854
vn 0.6103708744049072 -0.27228936553001404 0.7438453435897827
vn -0.5734990239143372 -0.6413120031356812 0.5097233653068542
vn 0.2113831341266632 -0.555804431438446 0.8039892315864563
vn -0.14480817317962646 -0.5497722625732422 0.8226670622825623
vn -0.3045384883880615 -0.6497772932052612 0.696452260017395
vn 0.2957665026187897 0.6952949166297913 -0.6550475358963013
vn -0.19998550415039062 0.4445205330848694 -0.8731594085693359
vn -0.34920284152030945 0.34643787145614624 -0.8706539273262024
vn -0.7082509994506836 -0.1099458634853363 -0.6973468065261841
vn -0.8165097832679749 -0.18935416638851166 -0.5453960299491882
vn 0.7228926420211792 0.6655809879302979 -0.18554843962192535
vn -0.8622972965240479 -0.2814350128173828 -0.42099615931510925
vn 0.8148016929626465 0.5797156691551208 0.005279864650219679
vn 0.8704491853713989 0.4827847480773926 0.09611014276742935
vn 0.8911076188087463 0.42651432752609253 0.1549604833126068
vn -0.8589450120925903 -0.4396810531616211 -0.26247668266296387
vn -0.8767826557159424 -0.443679541349411 -0.18547429144382477
vn 0.8942372798919678 0.29866597056388855 0.3333743214607239
vn -0.9007969498634338 -0.4240662753582001 -0.09344875067472458
vn -0.8564065098762512 -0.5162464380264282 -0.007582256104797125
vn 0.8897463083267212 0.18221889436244965 0.41850656270980835
vn 0.8440284132957458 0.06465194374322891 0.5323871970176697
vn -0.8187345862388611 -0.5330013632774353 0.21350228786468506
vn -0.8013565540313721 -0.5641695261001587 0.19884781539440155
vn -0.7625423669815063 -0.529532253742218 0.37165138125419617
vn -0.5976936221122742 -0.5427972674369812 0.5900284051895142
vn 0.4534529149532318 -0.3142070770263672 0.8340590000152588
vn -0.12286646664142609 0.32841962575912476 -0.9365065097808838
vn -0.5058213472366333 0.10973168164491653 -0.8556305766105652
vn -0.17435777187347412 0.4631710648536682 -0.868948757648468
vn 0.12986820936203003 0.615245521068573 -0.7775649428367615
vn 0.4520263075828552 0.6606930494308472 -0.5992969870567322
vn 0.5423293113708496 0.6658027172088623 -0.5124311447143555
vn 0.09452059119939804 0.5626900792121887 -0.8212464451789856
vn -0.47164806723594666 0.15922753512859344 -0.8672916293144226
vn -0.5479520559310913 -0.07195965200662613 -0.8334088921546936
vn -0.7131308317184448 -0.22559422254562378 -0.6637406945228577
vn -0.7244881391525269 -0.10946783423423767 -0.6805392503738403
vn -0.7468478679656982 -0.28687360882759094 -0.5999348759651184
vn 0.6058197021484375 0.7036144137382507 -0.37136149406433105
vn 0.7236152291297913 0.6651177406311035 -0.18438957631587982
vn -0.8163533210754395 -0.30208075046539307 -0.4922545850276947
vn 0.7716108560562134 0.6322644948959351 -0.06970201432704926
vn -0.8667415380477905 -0.37069499492645264 -0.3336831033229828
vn -0.8679137825965881 -0.430713027715683 -0.24741041660308838
vn 0.8996226191520691 0.368295818567276 0.23460060358047485
vn 0.8904380798339844 0.3339247703552246 0.3092155158519745
vn 0.8999908566474915 0.3366994559764862 0.27685731649398804
vn -0.8373006582260132 -0.5417910218238831 -0.07341654598712921
vn 0.860143780708313 0.2329191416501999 0.45376354455947876
vn -0.854419469833374 -0.513952374458313 0.07629135251045227
vn -0.7706543803215027 -0.6055499315261841 0.1984974890947342
vn -0.7990475296974182 -0.5649354457855225 0.20584231615066528
vn 0.8030224442481995 -0.03474218770861626 0.5949352383613586
vn 0.6933327317237854 -0.0838078036904335 0.7157276272773743
vn -0.6599300503730774 -0.6151552796363831 0.4313657879829407
vn -0.005644046235829592 -0.5618267059326172 0.8272356986999512
vn -0.2316586971282959 -0.5467756390571594 0.8045934438705444
vn 0.30001765489578247 -0.3512668311595917 0.886905312538147
vn -0.3813035488128662 -0.6706539392471313 0.6362631916999817
vn -0.555293083190918 -0.5775808691978455 0.5983728170394897
vn 0.36386531591415405 0.7456478476524353 -0.5582215785980225
vn -0.12710659205913544 0.46041178703308105 -0.8785584568977356
vn -0.5831857323646545 0.04408600181341171 -0.8111417293548584
vn -0.7278274893760681 -0.2173297107219696 -0.6504114270210266
vn 0.631721019744873 0.6957628726959229 -0.34182265400886536
vn 0.6941357254981995 0.6660485863685608 -0.27304741740226746
vn -0.8056990504264832 -0.2850108742713928 -0.5192474126815796
vn -0.8248268961906433 -0.3993299603462219 -0.4002452492713928
vn 0.789120614528656 0.6135625243186951 -0.028805498033761978
vn 0.8071767091751099 0.588864266872406 0.041286420077085495
vn -0.8497052192687988 -0.397845059633255 -0.3460063934326172
vn -0.8648951649665833 -0.4610414206981659 -0.19848710298538208
vn -0.8611178398132324 -0.4864192008972168 -0.14789369702339172
vn -0.8348703384399414 -0.5449542999267578 -0.0775657668709755
vn -0.8561949729919434 -0.5077183246612549 -0.09566794335842133
vn 0.8793451189994812 0.2535867393016815 0.40304580330848694
vn 0.8699334859848022 0.23395760357379913 0.43414247035980225
vn 0.8384271264076233 0.1162661761045456 0.5324680805206299
vn -0.612148642539978 -0.63042151927948 0.4773288369178772
vn -0.7158345580101013 -0.6014700531959534 0.3547035753726959
vn 0.6631271243095398 -0.15784654021263123 0.7316740155220032
vn 0.4464174211025238 -0.36666038632392883 0.8162546157836914
vn 0.043961573392152786 -0.5772935748100281 0.8153524398803711
vn -0.3498518466949463 -0.6458608508110046 0.6785775423049927
vn -0.040029093623161316 -0.5971297025680542 0.8011453151702881
vn 0.154307559132576 0.6852259039878845 -0.711796760559082
vn -0.6413494944572449 -0.08381544798612595 -0.762657105922699
vn -0.27027449011802673 0.3840567469596863 -0.882865846157074
vn -0.5280524492263794 0.08920012414455414 -0.8445140719413757
vn 0.6148481965065002 0.7313883304595947 -0.2950134873390198
vn -0.7305864691734314 -0.2616615891456604 -0.6306954026222229
vn 0.709497332572937 0.6895545721054077 -0.14535516500473022
vn -0.7788288593292236 -0.40984195470809937 -0.47482120990753174
vn 0.7790813446044922 0.6252986788749695 -0.04509942606091499
vn -0.8360774517059326 -0.40402257442474365 -0.3711337149143219
vn -0.8419973254203796 -0.5104518532752991 -0.1745838075876236
vn -0.8385729193687439 -0.4895865321159363 -0.23895730078220367
vn 0.8326456546783447 0.5232202410697937 0.18149901926517487
vn 0.8484379053115845 0.4941351115703583 0.1896938979625702
vn 0.8975639343261719 0.3461308181285858 0.2730797231197357
vn -0.8317214250564575 -0.5526357889175415 0.05322864279150963
vn 0.8832290172576904 0.21144212782382965 0.4185675084590912
vn -0.799812376499176 -0.5885237455368042 0.11806786805391312
vn -0.7656601667404175 -0.6317956447601318 0.12082555145025253
vn 0.8145719766616821 0.12610898911952972 0.5661882162094116
vn 0.7500045895576477 0.06557562202215195 0.6581740379333496
vn 0.372686505317688 -0.2944261431694031 0.8800102472305298
vn 0.08395544439554214 0.6278764009475708 -0.7737717628479004
vn -0.33131787180900574 0.16570553183555603 -0.92885422706604
vn -0.06715262681245804 0.5593616366386414 -0.8261992335319519
vn -0.4423440098762512 0.10835316777229309 -0.8902760744094849
vn 0.34310901165008545 0.5842215418815613 -0.7355007529258728
vn -0.00980693381279707 0.30595862865448 -0.9519942998886108
vn -0.5737093687057495 -0.21310295164585114 -0.7908505797386169
vn 0.17201612889766693 0.5622081756591797 -0.8089081048965454
vn 0.42926210165023804 0.6356027722358704 -0.6416721343994141
vn 0.4769452214241028 0.7379364371299744 -0.47746530175209045
vn -0.4644163250923157 -0.1291479468345642 -0.8761497735977173
vn -0.28356271982192993 0.25914090871810913 -0.9232758283615112
vn -0.668523371219635 -0.4120806157588959 -0.6190849542617798
vn 0.6038841009140015 0.7499804496765137 -0.2699137032032013
vn -0.6299738883972168 -0.1934855729341507 -0.7521278858184814
vn 0.7111403346061707 0.6814219951629639 -0.17304189503192902
vn -0.7389249205589294 -0.4474225640296936 -0.5037887096405029
vn 0.7499845623970032 0.6581419706344604 -0.06612323969602585
vn -0.7800273895263672 -0.40480512380599976 -0.47716885805130005
vn 0.749627411365509 0.6618390679359436 0.005286540370434523
vn 0.8117460012435913 0.5654339790344238 0.14612650871276855
vn -0.8236746788024902 -0.4721662104129791 -0.31403693556785583
vn -0.778747022151947 -0.5515424609184265 -0.2989215552806854
vn 0.820591390132904 0.5621441602706909 0.10307202488183975
vn 0.8198490142822266 0.4423072040081024 0.36360964179039
vn 0.8574842810630798 0.38375428318977356 0.34271469712257385
vn -0.8107763528823853 -0.5849545001983643 0.02168116346001625
vn 0.8086668848991394 0.08138517290353775 0.5826098322868347
vn 0.7320994138717651 0.018741801381111145 0.6809400320053101
vn -0.6401175856590271 -0.6981642246246338 0.320649653673172
vn -0.6170834898948669 -0.6663002371788025 0.4186311662197113
vn 0.5962428450584412 -0.12995785474777222 0.7922155261039734
vn 0.11163054406642914 -0.4495994746685028 0.8862273097038269
vn -0.32154929637908936 -0.6464642286300659 0.6918743848800659
vn -0.44908350706100464 -0.6239675879478455 0.6395220756530762
vn 0.09552765637636185 -0.49018052220344543 0.8663703799247742
vn -0.16607913374900818 -0.5286154747009277 0.8324562907218933
vn -0.2445932775735855 0.32357969880104065 -0.9140406847000122
vn 0.0951307862997055 0.6400046944618225 -0.7624593377113342
vn 0.23202075064182281 0.7373003959655762 -0.6344718933105469
vn 0.321642130613327 0.816143810749054 -0.48005804419517517
vn -0.5664090514183044 -0.12506015598773956 -0.8145801424980164
vn 0.48192882537841797 0.7961373925209045 -0.36593693494796753
vn -0.677320122718811 -0.4257720708847046 -0.5999630689620972
vn -0.643479585647583 -0.31739723682403564 -0.6965579986572266
vn 0.5949478149414062 0.7279525995254517 -0.34076690673828125
vn -0.6845192313194275 -0.575764536857605 -0.447133868932724
vn 0.6281872987747192 0.7468426823616028 -0.21819008886814117
vn 0.7284942269325256 0.6811124682426453 -0.07336216419935226
vn -0.7406453490257263 -0.5478709936141968 -0.3889497220516205
vn -0.7627020478248596 -0.565425455570221 -0.3139740526676178
vn -0.8189499974250793 -0.5477303266525269 -0.17120882868766785
vn -0.8147946000099182 -0.5745616555213928 -0.07738674432039261
vn 0.8301753997802734 0.4576706886291504 0.3183495104312897
vn 0.8247266411781311 0.4408325254917145 0.35424962639808655
vn 0.8420731425285339 0.26179131865501404 0.4715699255466461
vn -0.7769487500190735 -0.6063959002494812 0.16921795904636383
vn -0.7690169215202332 -0.5817887187004089 0.2648300528526306
vn 0.759971022605896 0.09393059462308884 0.6431338787078857
vn -0.6708440184593201 -0.6398232579231262 0.3749595284461975
vn 0.6247255206108093 -0.22563576698303223 0.7475336790084839
vn -0.45279720425605774 -0.7175450325012207 0.5292484760284424
vn 0.5956856608390808 -0.11822951585054398 0.7944686412811279
vn 0.21551473438739777 -0.46337059140205383 0.859558641910553
vn 0.30868586897850037 -0.4822309911251068 0.8198575377464294
vn -0.051000263541936874 -0.6257837414741516 0.7783275246620178
vn 0.4209771752357483 0.7858360409736633 -0.4530341327190399
vn 0.16999338567256927 0.663364827632904 -0.7287313938140869
vn -0.2631179690361023 0.3681424558162689 -0.891762375831604
vn -0.5354431867599487 0.013136496767401695 -0.8444691300392151
vn 0.49951478838920593 0.8260718584060669 -0.26094117760658264
vn -0.6534810662269592 -0.4395647346973419 -0.6162348985671997
vn 0.6972030997276306 0.7167375087738037 -0.013972111977636814
vn 0.7967456579208374 0.5956436991691589 0.10200542211532593
vn 0.7966398596763611 0.5949299335479736 0.10688002407550812
vn -0.7198766469955444 -0.6571657657623291 -0.22340719401836395
vn -0.7538638114929199 -0.6387658715248108 -0.1538427323102951
vn 0.8059912919998169 0.45487263798713684 0.3787730932235718
vn -0.7806456089019775 -0.6186031699180603 -0.08900892734527588
vn 0.8225679397583008 0.4555806517601013 0.34033551812171936
vn 0.8443424105644226 0.40867093205451965 0.34651702642440796
vn -0.7847585082054138 -0.6192702054977417 0.025661440566182137
vn 0.7984272241592407 0.36864757537841797 0.47603878378868103
vn -0.7577543258666992 -0.6396880745887756 0.12887024879455566
vn -0.7056604027748108 -0.6621170043945312 0.25227880477905273
vn 0.7588083148002625 0.3079974055290222 0.5738881826400757
vn -0.6616693139076233 -0.6345260143280029 0.39946281909942627
vn -0.6149320602416992 -0.5624064207077026 0.5527727007865906
vn -0.35429924726486206 -0.5957366824150085 0.7208119630813599
vn 0.35904937982559204 -0.2552010118961334 0.8977504968643188
vn -0.339669406414032 -0.5317090749740601 0.7758286595344543
vn -0.043881915509700775 0.3755115866661072 -0.925778329372406
vn -0.33289557695388794 0.10281535238027573 -0.9373418092727661
vn -0.05550697073340416 0.5086207389831543 -0.8591996431350708
vn 0.23774971067905426 0.6690839529037476 -0.7041319608688354
vn -0.3347836136817932 0.12063877284526825 -0.9345406889915466
vn 0.08697579801082611 0.6017028093338013 -0.7939704656600952
vn 0.3686978816986084 0.6523378491401672 -0.6622064113616943
vn -0.5319549441337585 -0.18884584307670593 -0.8254460692405701
vn 0.4530913531780243 0.770786464214325 -0.44787997007369995
vn -0.4126605987548828 0.14396344125270844 -0.899436354637146
vn -0.47253185510635376 -0.13116225600242615 -0.8714987635612488
vn -0.5639663338661194 -0.24669815599918365 -0.7880875468254089
vn -0.6618592739105225 -0.4040856659412384 -0.6313929557800293
vn -0.6310321092605591 -0.22911898791790009 -0.7411498427391052
vn -0.7097423076629639 -0.3847652077674866 -0.590103030204773
vn 0.5355693101882935 0.7962033748626709 -0.28147074580192566
vn 0.6089709401130676 0.7837421298027039 -0.1220766231417656
vn -0.6984592080116272 -0.4621277153491974 -0.5464364886283875
vn 0.6036974191665649 0.7850318551063538 -0.13883261382579803
vn -0.6392782926559448 -0.6711487770080566 -0.37534332275390625
vn -0.6232402324676514 -0.7403481006622314 -0.251905620098114
vn -0.6301795840263367 -0.7615070343017578 -0.15159447491168976
vn 0.8554683327674866 0.45823004841804504 0.24124523997306824
vn 0.8120070695877075 0.48724547028541565 0.32130423188209534
vn -0.6611924767494202 -0.7492769956588745 -0.037531208246946335
vn -0.7115383148193359 -0.6985184550285339 0.07606098055839539
vn -0.7446444034576416 -0.6607669591903687 0.09429658949375153
vn 0.7702934741973877 0.3236633539199829 0.5494452714920044
vn -0.7023189663887024 -0.671688437461853 0.23575998842716217
vn -0.6302856206893921 -0.6910209059715271 0.35387876629829407
vn -0.5199382305145264 -0.6711628437042236 0.528398334980011
vn 0.6697483658790588 0.17922009527683258 0.720636785030365
vn 0.6258847117424011 0.11172352731227875 0.7718719244003296
vn 0.40869376063346863 -0.16208253800868988 0.8981640934944153
vn 0.33668088912963867 -0.1477542668581009 0.9299541711807251
vn -0.43186312913894653 -0.6711919903755188 0.6024911403656006
vn 0.5567336678504944 0.10911503434181213 0.8234935402870178
vn 0.056791260838508606 -0.4572649300098419 0.8875153660774231
vn 0.09866456687450409 -0.17210522294044495 0.9801250696182251
vn -0.21162371337413788 -0.4284767806529999 0.8784208297729492
vn -0.011982396245002747 0.561100423336029 -0.8276610970497131
vn -0.48038867115974426 -0.08571506291627884 -0.8728571534156799
vn -0.21113719046115875 0.3854171335697174 -0.898262083530426
vn 0.31341540813446045 0.7750559449195862 -0.548688530921936
vn 0.4864972233772278 0.7956268191337585 -0.36096876859664917
vn -0.531593382358551 -0.3194637596607208 -0.7844434380531311
vn 0.5463433265686035 0.7999114394187927 -0.24829573929309845
vn -0.6301262378692627 -0.44955605268478394 -0.6331195831298828
vn 0.5848850607872009 0.8033521175384521 -0.11195972561836243
vn -0.7314745783805847 -0.5638777613639832 -0.3833886981010437
vn -0.7730398178100586 -0.4960172474384308 -0.3954446017742157
vn 0.6377258896827698 0.7701214551925659 -0.014788998290896416
vn 0.6918330788612366 0.7086161375045776 0.13867302238941193
vn -0.7027414441108704 -0.6827625632286072 -0.1999746412038803
vn 0.785189151763916 0.5786960124969482 0.22042907774448395
vn -0.5919995903968811 -0.7984163761138916 -0.1098536029458046
vn 0.7887436747550964 0.5079617500305176 0.3462056517601013
vn -0.5763607621192932 -0.8131459355354309 -0.08125307410955429
vn 0.7284383773803711 0.30158737301826477 0.6151606440544128
vn -0.6326001882553101 -0.7545543313026428 0.17454171180725098
vn 0.8344783782958984 0.3088724911212921 0.45633724331855774
vn 0.8157268762588501 0.2802998721599579 0.5059858560562134
vn -0.6354036331176758 -0.6817184686660767 0.36265987157821655
vn -0.5934720039367676 -0.7178537845611572 0.3639739751815796
vn -0.6214911937713623 -0.7390351295471191 0.25995373725891113
vn 0.6755848526954651 0.14896826446056366 0.7220759391784668
vn 0.4069327712059021 -0.15883804857730865 0.8995422720909119
vn 0.46531161665916443 0.004257212858647108 0.8851367235183716
vn 0.0816764235496521 -0.41019031405448914 0.908335268497467
vn -0.22109094262123108 -0.5817768573760986 0.7827224731445312
vn -0.011620312929153442 -0.49380239844322205 0.8694965243339539
vn 0.16245056688785553 0.7345277070999146 -0.6588467359542847
vn -0.2597780227661133 0.3853546679019928 -0.8854474425315857
vn 0.18631181120872498 0.7091273069381714 -0.6800194382667542
vn 0.3563268482685089 0.82911616563797 -0.43081042170524597
vn 0.15704534947872162 0.7664274573326111 -0.6228368878364563
vn 0.3577570617198944 0.8800694346427917 -0.31223034858703613
vn -0.5071919560432434 -0.09252603352069855 -0.8568519949913025
vn -0.554262638092041 -0.0957888811826706 -0.8268115520477295
vn 0.5348464250564575 0.809249758720398 -0.2430107295513153
vn 0.5755597949028015 0.8080255389213562 -0.1258002519607544
vn -0.6716126203536987 -0.5598080158233643 -0.4853366017341614
vn -0.6022418737411499 -0.6130164265632629 -0.5113860368728638
vn 0.6386322975158691 0.7695050239562988 -0.0032853104639798403
vn -0.7325707674026489 -0.5666719675064087 -0.37712469696998596
vn 0.6982899904251099 0.7123318910598755 0.07052929699420929
vn -0.6090061068534851 -0.7931360602378845 0.006843465846031904
vn 0.7452725172042847 0.5316973328590393 0.4023268520832062
vn 0.7851485013961792 0.3910186290740967 0.48025640845298767
vn 0.7828367352485657 0.38647347688674927 0.48765242099761963
vn -0.5074822306632996 -0.8368000984191895 0.2054930478334427
vn -0.5358797907829285 -0.8419566750526428 0.06278333812952042
vn 0.6939907670021057 0.20075595378875732 0.6914288997650146
vn 0.4994668662548065 -0.0056643979623913765 0.8663145303726196
vn -0.3944403827190399 -0.6236737966537476 0.6748687028884888
vn -0.37625211477279663 -0.6273226737976074 0.6818361878395081
vn 0.3041633069515228 -0.22392641007900238 0.925927460193634
vn -0.0030261881183832884 -0.40970665216445923 0.9122123122215271
vn 0.2748158574104309 0.8940079808235168 -0.3538728952407837
vn -0.1548488289117813 0.7741468548774719 -0.6137740015983582
vn -0.011190494522452354 0.9173361659049988 -0.3979561924934387
vn -0.5195010900497437 0.09036775678396225 -0.8496778011322021
vn -0.338664174079895 0.6920396089553833 -0.6374855637550354
vn -0.5273625254631042 0.3996583819389343 -0.749774694442749
vn 0.3022588789463043 0.8750467896461487 -0.37806448340415955
vn -0.21761393547058105 0.4503192901611328 -0.865942656993866
vn -0.6294771432876587 -0.027264293283224106 -0.7765405178070068
vn -0.4277476966381073 -0.05069294571876526 -0.9024755954742432
vn -0.5901362895965576 -0.3518354296684265 -0.7266024351119995
vn 0.5232235193252563 0.830596923828125 -0.1906460076570511
vn 0.5999696254730225 0.7956432104110718 -0.08359669893980026
vn 0.6089324951171875 0.7856128811836243 -0.10960715264081955
vn -0.6156724095344543 -0.3832416534423828 -0.688529908657074
vn -0.6206526160240173 -0.5412876605987549 -0.5672724843025208
vn -0.5826961994171143 -0.5320854187011719 -0.6142884492874146
vn -0.5910603404045105 -0.5190359354019165 -0.6174540519714355
vn 0.6413117051124573 0.7672779560089111 0.001968111377209425
vn -0.6194388270378113 -0.6813374757766724 -0.38996776938438416
vn 0.5998977422714233 0.8000636696815491 0.0045761121436953545
vn 0.6205431222915649 0.7728942036628723 0.13251756131649017
vn -0.6360380053520203 -0.6828254461288452 -0.3594512343406677
vn -0.5700504779815674 -0.7131770849227905 -0.4079473316669464
vn 0.7002245783805847 0.6815499067306519 0.21254482865333557
vn 0.8030502796173096 0.4807700216770172 0.352094441652298
vn -0.6517729759216309 -0.7333186864852905 -0.1934833824634552
vn 0.7531927227973938 0.5572612285614014 0.34951505064964294
vn -0.6047034859657288 -0.796350359916687 -0.01264246553182602
vn -0.5342652797698975 -0.8362159729003906 0.12370762228965759
vn 0.6904885172843933 0.21670566499233246 0.6901190876960754
vn 0.7190810441970825 0.2791939973831177 0.6363751292228699
vn -0.4273252487182617 -0.8635894656181335 0.2675938606262207
vn 0.6366705298423767 0.10016854852437973 0.7646024823188782
vn 0.36091184616088867 -0.3256777226924896 0.8738859295845032
vn 0.33368632197380066 -0.3238299787044525 0.8853177428245544
vn -0.15673786401748657 -0.6541346907615662 0.7399601936340332
vn -0.28287047147750854 -0.7673709392547607 0.5754356384277344
vn -0.4589783251285553 -0.7441098093986511 0.4854271113872528
vn -0.264471173286438 -0.8614487051963806 0.43354499340057373
vn 0.2681959569454193 -0.13427715003490448 0.9539604783058167
vn -0.03572181612253189 -0.41733741760253906 0.9080492854118347
vn -0.0586099848151207 -0.6160401105880737 0.7855312824249268
vn 0.2010362148284912 0.9576261043548584 -0.2062443345785141
vn 0.341048002243042 0.9344534873962402 -0.10238640755414963
vn -0.6071100831031799 -0.02600816823542118 -0.7941920161247253
vn 0.37870538234710693 0.9077612161636353 -0.18042132258415222
vn 0.4682070314884186 0.8793718814849854 -0.08652877062559128
vn -0.5677604675292969 -0.409333199262619 -0.7142089009284973
vn 0.6824150681495667 0.7113444805145264 0.16822224855422974
vn 0.6217519640922546 0.7730956673622131 0.12548956274986267
vn -0.6026097536087036 -0.6921162009239197 -0.39728671312332153
vn -0.5527331233024597 -0.8102868795394897 -0.19473405182361603
vn -0.5720621347427368 -0.7820281386375427 -0.24733982980251312
vn -0.59559565782547 -0.7696093916893005 -0.23014624416828156
vn 0.7098260521888733 0.4731593132019043 0.5217924118041992
vn -0.5588151812553406 -0.8269394040107727 -0.06242469325661659
vn -0.5226061344146729 -0.8354683518409729 0.16992783546447754
vn 0.7931773662567139 0.2821592390537262 0.5396811366081238
vn -0.42702630162239075 -0.8361064195632935 0.3443467915058136
vn 0.5088617205619812 -0.21828609704971313 0.8327130079269409
vn 0.7128927707672119 -0.01048327051103115 0.701194703578949
vn -0.25028979778289795 -0.7996041774749756 0.5458829998970032
vn 0.06716129183769226 -0.5487149357795715 0.8333074450492859
vn 0.05477350577712059 -0.7223894596099854 0.6893137097358704
vn -0.6148931980133057 0.30332934856414795 -0.7279407978057861
vn -0.4726721942424774 0.4694671332836151 -0.7457758784294128
vn 0.399127721786499 0.9164475202560425 -0.028653431683778763
vn 0.419180303812027 0.9078137874603271 0.012731966562569141
vn 0.6139527559280396 0.7891337275505066 0.01816892996430397
vn 0.688511312007904 0.7044885754585266 0.17218631505966187
vn -0.536713182926178 -0.7057924270629883 -0.4623808264732361
vn -0.585801362991333 -0.7641164064407349 -0.2701163589954376
vn 0.6575961112976074 0.6755194664001465 0.3335278332233429
vn -0.5530651211738586 -0.8267248868942261 -0.10317481309175491
vn 0.6612482070922852 0.6003344058990479 0.4498327076435089
vn -0.5228941440582275 -0.8474689722061157 0.09153250604867935
vn -0.46408402919769287 -0.8700713515281677 0.16613823175430298
vn 0.7416384220123291 0.21791794896125793 0.6344164609909058
vn -0.3174934685230255 -0.8366172313690186 0.4463961124420166
vn -0.4230633080005646 -0.8410799503326416 0.33704888820648193
vn 0.5637924671173096 -0.0034338287077844143 0.8259093165397644
vn -0.2803356349468231 -0.7479008436203003 0.6017112135887146
vn 0.3557673692703247 -0.4021318256855011 0.8436347842216492
vn -0.1445728987455368 0.9159718751907349 -0.37429162859916687
vn -0.4235803484916687 0.5974089503288269 -0.680942177772522
vn 0.31809404492378235 0.9479536414146423 -0.0141427768394351
vn 0.39163491129875183 0.9173070788383484 0.07190175354480743
vn 0.12576599419116974 0.9832194447517395 -0.13214567303657532
vn -0.49277159571647644 0.18815694749355316 -0.8495723009109497
vn -0.4796735346317291 0.11221252381801605 -0.8702422976493835
vn -0.6081432104110718 0.12495186179876328 -0.7839316129684448
vn 0.3971421718597412 0.9112091064453125 0.10943527519702911
vn -0.4960951507091522 -0.2312406450510025 -0.8369094133377075
vn 0.4989239275455475 0.8566057682037354 0.1315348595380783
vn -0.4453935921192169 -0.5213645100593567 -0.7278761267662048
vn -0.4718666970729828 -0.44634461402893066 -0.7603409290313721
vn -0.49163782596588135 -0.6361265778541565 -0.594672441482544
vn -0.3773886561393738 -0.6925479769706726 -0.614780604839325
vn -0.3478260338306427 -0.864943265914917 -0.3617876172065735
vn 0.7623468637466431 0.590430498123169 0.2649887502193451
vn -0.5262951850891113 -0.7872233986854553 -0.3213917911052704
vn -0.449479341506958 -0.8559796214103699 -0.2554745078086853
vn 0.711823046207428 0.575875461101532 0.4020889103412628
vn -0.49348247051239014 -0.8603182435035706 -0.1277797371149063
vn -0.4377530515193939 -0.8930957913398743 0.10369258373975754
vn 0.6672040820121765 0.4517907500267029 0.5922195315361023
vn -0.47605589032173157 -0.8571613430976868 0.19658419489860535
vn -0.48864996433258057 -0.8010008335113525 0.3458596467971802
vn 0.5889303088188171 0.22464603185653687 0.7763344645500183
vn 0.3916970193386078 -0.17933613061904907 0.9024478197097778
vn 0.46255621314048767 -0.08209282159805298 0.8827811479568481
vn -0.20769502222537994 -0.8260157704353333 0.5239853858947754
vn -0.22115866839885712 -0.8353390693664551 0.5032867789268494
vn -0.3190940022468567 -0.9093080163002014 0.2670917809009552
vn 0.2816547155380249 -0.1998651623725891 0.9384692907333374
vn 0.06933658570051193 -0.5000354051589966 0.8632247447967529
vn 0.20095095038414001 -0.4801466166973114 0.8538606762886047
vn -0.17138881981372833 -0.7041766047477722 0.6890292167663574
vn -0.08396270126104355 -0.7500956058502197 0.6559778451919556
vn -0.05469045788049698 -0.60822993516922 0.7918745875358582
vn 0.016572630032896996 0.9997745752334595 0.013269548304378986
vn 0.2808873951435089 0.9517116546630859 0.12388385832309723
vn -0.3148607313632965 0.9116592407226562 -0.26408353447914124
vn 0.400317907333374 0.8686004281044006 0.29202571511268616
vn -0.538546085357666 0.6670342683792114 -0.514814019203186
vn 0.38497036695480347 0.8772868514060974 0.2866456210613251
vn 0.43773338198661804 0.8097848296165466 0.3906892240047455
vn -0.5058341026306152 -0.46320655941963196 -0.7277167439460754
vn 0.5734765529632568 0.7358320355415344 0.36010536551475525
vn -0.30400705337524414 -0.8101117610931396 -0.5012970566749573
vn -0.39479243755340576 -0.7018412947654724 -0.5929230451583862
vn 0.6104174256324768 0.5691962838172913 0.5508232116699219
vn -0.34231728315353394 -0.9362738132476807 -0.07880493253469467
vn 0.74235999584198 0.4693320095539093 0.47815173864364624
vn -0.36639639735221863 -0.9250620603561401 0.10006895661354065
vn 0.7831713557243347 0.3953975439071655 0.4798993468284607
vn -0.4443919360637665 -0.881198525428772 0.16126057505607605
vn -0.4579574763774872 -0.8789243698120117 0.13329274952411652
vn 0.7070737481117249 0.32418766617774963 0.6284497380256653
vn -0.39704275131225586 -0.8396638631820679 0.3705693483352661
vn -0.27210360765457153 -0.8228347301483154 0.4989014267921448
vn 0.6012879014015198 0.1478254348039627 0.7852391600608826
vn -0.3656478226184845 -0.8011340498924255 0.47379952669143677
vn -0.377869188785553 -0.7405762076377869 0.5556633472442627
vn 0.38915979862213135 -0.33715400099754333 0.8572524785995483
vn 0.12274014949798584 -0.6760902404785156 0.7265238761901855
vn 0.02374439314007759 -0.7067155241966248 0.7070993185043335
vn 0.3424838185310364 0.8667101860046387 0.3626544773578644
vn 0.16279925405979156 0.9371527433395386 0.30861157178878784
vn -0.18206943571567535 0.9751072525978088 0.1265569031238556
vn -0.39995619654655457 0.9067420959472656 -0.13361817598342896
vn -0.5765119194984436 0.40665051341056824 -0.708709716796875
vn -0.4201420247554779 0.785416305065155 -0.45453494787216187
vn 0.4004356265068054 0.7822378277778625 0.4772372245788574
vn -0.5544803738594055 -0.10695130378007889 -0.8252956867218018
vn -0.4018152356147766 0.43859830498695374 -0.8038508296012878
vn 0.3769195079803467 0.7202736735343933 0.5823551416397095
vn -0.3719886541366577 -0.015561588108539581 -0.9281068444252014
vn 0.468535453081131 0.6043854355812073 0.6443545818328857
vn -0.37357619404792786 -0.42057541012763977 -0.8267751932144165
vn -0.09633567184209824 -0.9945117235183716 -0.040815867483615875
vn -0.174598827958107 -0.9575815796852112 0.22924396395683289
vn -0.07514706254005432 -0.9713892340660095 -0.22529076039791107
vn -0.1675768494606018 -0.8860166072845459 -0.4323108494281769
vn 0.5282610654830933 0.45282697677612305 0.718253493309021
vn -0.32794010639190674 -0.8458302021026611 0.42074525356292725
vn -0.24683403968811035 -0.8591598868370056 0.4482380449771881
vn 0.555747926235199 0.2449679970741272 0.7944400906562805
vn 0.5519382357597351 -0.01532604731619358 0.8337441682815552
vn -0.25342556834220886 -0.5925300121307373 0.7646461129188538
vn -0.2557884454727173 -0.6759669184684753 0.6911158561706543
vn -0.3551878333091736 -0.7349567413330078 0.5776506662368774
vn 0.2699953615665436 -0.4057353436946869 0.8732017874717712
vn -0.11740182340145111 -0.6233164668083191 0.7731063961982727
vn -0.01572924293577671 0.9584028720855713 0.2849852740764618
vn 0.4042879343032837 0.7451447248458862 0.5303871631622314
vn 0.3113064765930176 0.7483655214309692 0.5856939554214478
vn 0.0736955925822258 0.8543969988822937 0.5143683552742004
vn -0.054786115884780884 0.8881128430366516 0.4563487470149994
vn -0.19486285746097565 0.9602575302124023 0.19983479380607605
vn -0.23822370171546936 0.9707072973251343 -0.031253617256879807
vn -0.20368045568466187 0.9084362387657166 -0.36504513025283813
vn -0.29445382952690125 0.4956129789352417 -0.8171075582504272
vn 0.3998119533061981 0.5684912204742432 0.7190050482749939
vn -0.411441832780838 0.1307729333639145 -0.9020056128501892
vn 0.383296400308609 0.5849307775497437 0.7148005962371826
vn 0.36383092403411865 0.23854970932006836 0.9004005193710327
vn -0.43830376863479614 -0.3173769414424896 -0.8409290313720703
vn 0.38833361864089966 0.3811742067337036 0.8389894366264343
vn 0.3145821690559387 0.2599019706249237 0.912956178188324
vn -0.3031044900417328 -0.6928544640541077 -0.654278576374054
vn -0.24357137084007263 -0.7557528614997864 -0.6078739166259766
vn -0.397966593503952 -0.6054123640060425 -0.6892738938331604
vn 0.2858999967575073 0.044625476002693176 0.9572198390960693
vn 0.24263568222522736 -0.08957810699939728 0.9659729599952698
vn -0.20844613015651703 -0.7704712152481079 0.6024320125579834
vn -0.10542138665914536 -0.6636785864830017 0.7405518293380737
vn -0.10531354695558548 -0.6790242195129395 0.7265227437019348
vn -0.06058821454644203 -0.8549319505691528 0.5151897668838501
vn 0.08983983099460602 -0.9546160101890564 0.2839668095111847
vn 0.16708341240882874 -0.9853736162185669 0.03349605202674866
vn 0.14005903899669647 -0.03996673971414566 0.9893362522125244
vn 0.08236576616764069 -0.3771001398563385 0.9225027561187744
vn 0.02579791657626629 -0.41466015577316284 0.9096106290817261
vn 0.1784840077161789 -0.1821533888578415 0.9669352173805237
vn -0.11753470450639725 -0.43652060627937317 0.8919839859008789
vn -0.09837514162063599 -0.5912837982177734 0.8004410266876221
vn -0.09340056031942368 -0.37161242961883545 0.9236777424812317
vn 0.19247569143772125 0.6088536977767944 0.7695780396461487
vn 0.047655992209911346 0.7343317866325378 0.6771158576011658
vn -0.1000138446688652 0.9153194427490234 0.3901122212409973
vn -0.09540216624736786 0.9715216755867004 0.21689637005329132
vn -0.2067677229642868 0.9340949654579163 -0.29105615615844727
vn -0.9870656132698059 0.13313362002372742 0.0893138125538826
vn 0.34531715512275696 0.4168272316455841 0.8408395648002625
vn 0.1749590039253235 -0.05877180024981499 0.9828200340270996
vn 0.2511228322982788 -0.3194535970687866 0.9137213826179504
vn 0.2952871024608612 -0.10802427679300308 0.9492819905281067
vn -0.5540847778320312 -0.6486124396324158 -0.5218161940574646
vn -0.644282341003418 -0.7605350017547607 0.08054105937480927
vn 0.07097470760345459 -0.42029404640197754 0.9046079516410828
vn 0.11624805629253387 -0.7024712562561035 0.702154278755188
vn 0.23514440655708313 -0.5477939248085022 0.8028878569602966
vn 0.2968454658985138 -0.817139208316803 0.4941318929195404
vn 0.1919611543416977 -0.8573796153068542 0.4775470793247223
vn 0.035154785960912704 -0.9940247535705566 -0.10333934426307678
vn -0.12158119678497314 -0.9598613977432251 -0.2527531385421753
vn -0.3383168876171112 -0.8749256134033203 -0.34647780656814575
vn -0.0673849806189537 -0.994699239730835 0.07767092436552048
vn -0.27684515714645386 -0.9527705311775208 0.12484071403741837
vn 0.10508178174495697 0.48548823595046997 0.8679049611091614
vn 0.015718746930360794 0.6695027351379395 0.7426432967185974
vn -0.03003104217350483 0.7944389581680298 0.6066011786460876
vn -0.047262486070394516 0.8197417855262756 0.5707799792289734
vn 0.18080337345600128 0.23364391922950745 0.9553641676902771
vn 0.09542090445756912 0.2800825536251068 0.9552218317985535
vn 0.08486944437026978 0.46763119101524353 0.8798399567604065
vn -0.05723416060209274 0.5917707085609436 0.8040719032287598
vn -0.18321332335472107 0.4526157081127167 0.8726809024810791
vn 0.16050198674201965 -0.16386550664901733 0.9733381867408752
vn 0.1995999813079834 0.008162040263414383 0.9798434972763062
vn 0.08024991303682327 0.174385204911232 0.9814019203186035
vn -0.221040740609169 0.19356079399585724 0.9558636546134949
vn -0.5210213661193848 -0.08854001015424728 0.848939061164856
vn 0.23529499769210815 -0.5050809979438782 0.8303791880607605
vn 0.1581026315689087 -0.4648078382015228 0.8711815476417542
vn 0.2061283141374588 -0.26076677441596985 0.943139374256134
vn -0.00309209106490016 -0.4371306300163269 0.8993927240371704
vn -0.427035927772522 -0.6075184345245361 0.669747531414032
vn -0.026328593492507935 -0.8442507386207581 0.5353013277053833
f 1//1 2//2 3//3
f 4//4 2//2 1//1
f 2//2 4//4 5//5
f 6//6 7//7 1//1
f 7//7 8//8 1//1
f 1//1 8//8 4//4
f 9//9 10//10 2//2
f 9//9 2//2 5//5
f 9//9 5//5 11//11
f 9//9 11//11 12//12
f 10//10 3//3 2//2
f 13//13 11//11 5//5
f 5//5 4//4 13//13
f 1//1 14//14 6//6
f 3//3 14//14 1//1
f 8//8 7//7 13//13
f 4//4 8//8 13//13
f 14//14 15//15 16//16
f 16//16 6//6 14//14
f 17//17 18//18 19//19
f 19//19 18//18 20//20
f 17//17 21//21 18//18
f 20//20 18//18 22//22
f 23//23 20//20 24//24
f 24//24 20//20 22//22
f 18//18 21//21 25//25
f 26//26 18//18 25//25
f 27//27 28//28 22//22
f 27//27 22//22 26//26
f 26//26 22//22 18//18
f 28//28 29//29 22//22
f 22//22 29//29 24//24
f 25//25 21//21 30//30
f 9//9 26//26 25//25
f 26//26 9//9 12//12
f 26//26 12//12 27//27
f 27//27 12//12 31//31
f 32//32 29//29 28//28
f 33//33 34//34 24//24
f 33//33 24//24 35//35
f 35//35 24//24 29//29
f 10//10 30//30 3//3
f 10//10 25//25 30//30
f 9//9 25//25 10//10
f 12//12 11//11 31//31
f 32//32 36//36 35//35
f 32//32 35//35 29//29
f 30//30 37//37 3//3
f 11//11 13//13 31//31
f 31//31 13//13 38//38
f 39//39 33//33 35//35
f 36//36 39//39 35//35
f 40//40 37//37 41//41
f 3//3 40//40 14//14
f 37//37 40//40 3//3
f 40//40 15//15 14//14
f 13//13 7//7 38//38
f 38//38 7//7 42//42
f 43//43 16//16 15//15
f 44//44 16//16 43//43
f 44//44 45//45 16//16
f 45//45 42//42 6//6
f 6//6 42//42 7//7
f 45//45 6//6 16//16
f 46//46 19//19 47//47
f 47//47 19//19 48//48
f 17//17 46//46 49//49
f 19//19 46//46 17//17
f 48//48 19//19 23//23
f 17//17 49//49 50//50
f 20//20 23//23 19//19
f 50//50 51//51 21//21
f 17//17 50//50 21//21
f 23//23 24//24 34//34
f 23//23 34//34 52//52
f 21//21 51//51 30//30
f 28//28 27//27 53//53
f 54//54 30//30 51//51
f 53//53 55//55 28//28
f 55//55 32//32 28//28
f 33//33 56//56 34//34
f 30//30 54//54 37//37
f 54//54 41//41 37//37
f 56//56 33//33 39//39
f 31//31 38//38 57//57
f 36//36 32//32 58//58
f 41//41 59//59 40//40
f 59//59 60//60 40//40
f 57//57 38//38 61//61
f 36//36 58//58 62//62
f 36//36 62//62 63//63
f 36//36 63//63 39//39
f 38//38 42//42 61//61
f 61//61 42//42 64//64
f 40//40 60//60 65//65
f 65//65 15//15 40//40
f 45//45 44//44 66//66
f 45//45 66//66 64//64
f 45//45 64//64 42//42
f 15//15 65//65 43//43
f 65//65 67//67 43//43
f 43//43 67//67 68//68
f 44//44 43//43 68//68
f 46//46 69//69 70//70
f 47//47 69//69 46//46
f 71//71 72//72 73//73
f 70//70 72//72 71//71
f 46//46 70//70 71//71
f 46//46 71//71 49//49
f 48//48 23//23 52//52
f 48//48 52//52 74//74
f 51//51 73//73 75//75
f 50//50 71//71 51//51
f 71//71 73//73 51//51
f 49//49 71//71 50//50
f 76//76 52//52 77//77
f 52//52 34//34 77//77
f 27//27 57//57 53//53
f 57//57 55//55 53//53
f 54//54 78//78 59//59
f 59//59 41//41 54//54
f 27//27 31//31 57//57
f 32//32 55//55 58//58
f 56//56 39//39 79//79
f 80//80 58//58 55//55
f 79//79 39//39 81//81
f 80//80 61//61 82//82
f 80//80 57//57 61//61
f 80//80 82//82 58//58
f 58//58 82//82 83//83
f 58//58 83//83 62//62
f 39//39 63//63 81//81
f 82//82 64//64 84//84
f 61//61 64//64 82//82
f 83//83 82//82 84//84
f 62//62 83//83 63//63
f 65//65 60//60 85//85
f 67//67 65//65 85//85
f 86//86 83//83 84//84
f 63//63 83//83 86//86
f 63//63 86//86 87//87
f 88//88 68//68 67//67
f 88//88 89//89 68//68
f 84//84 66//66 90//90
f 64//64 66//66 84//84
f 91//91 84//84 90//90
f 91//91 86//86 84//84
f 91//91 87//87 86//86
f 90//90 66//66 44//44
f 90//90 44//44 68//68
f 91//91 90//90 92//92
f 87//87 91//91 92//92
f 93//93 70//70 94//94
f 95//95 94//94 69//69
f 69//69 94//94 70//70
f 96//96 95//95 69//69
f 72//72 93//93 97//97
f 93//93 72//72 70//70
f 69//69 47//47 96//96
f 47//47 74//74 98//98
f 47//47 98//98 96//96
f 75//75 97//97 99//99
f 100//100 75//75 99//99
f 72//72 97//97 73//73
f 47//47 48//48 74//74
f 101//101 74//74 76//76
f 102//102 75//75 100//100
f 73//73 97//97 75//75
f 52//52 76//76 74//74
f 102//102 51//51 75//75
f 51//51 102//102 54//54
f 102//102 78//78 54//54
f 77//77 56//56 103//103
f 34//34 56//56 77//77
f 79//79 104//104 56//56
f 79//79 105//105 104//104
f 59//59 78//78 106//106
f 57//57 80//80 55//55
f 107//107 105//105 79//79
f 59//59 106//106 60//60
f 106//106 108//108 60//60
f 81//81 107//107 79//79
f 109//109 107//107 81//81
f 110//110 85//85 108//108
f 108//108 85//85 60//60
f 111//111 109//109 112//112
f 81//81 63//63 112//112
f 109//109 81//81 112//112
f 85//85 88//88 67//67
f 85//85 110//110 88//88
f 111//111 87//87 113//113
f 111//111 112//112 87//87
f 63//63 87//87 112//112
f 113//113 87//87 114//114
f 87//87 92//92 114//114
f 90//90 68//68 89//89
f 114//114 90//90 89//89
f 92//92 90//90 114//114
f 115//115 95//95 96//96
f 115//115 96//96 116//116
f 96//96 98//98 116//116
f 93//93 99//99 97//97
f 98//98 74//74 101//101
f 117//117 101//101 118//118
f 118//118 101//101 76//76
f 100//100 119//119 102//102
f 118//118 76//76 77//77
f 118//118 77//77 120//120
f 120//120 77//77 103//103
f 121//121 102//102 119//119
f 121//121 78//78 102//102
f 103//103 104//104 122//122
f 56//56 104//104 103//103
f 121//121 123//123 78//78
f 78//78 123//123 106//106
f 124//124 105//105 107//107
f 107//107 109//109 125//125
f 110//110 108//108 126//126
f 109//109 111//111 127//127
f 125//125 109//109 127//127
f 128//128 110//110 126//126
f 128//128 129//129 130//130
f 127//127 113//113 131//131
f 127//127 111//111 113//113
f 110//110 128//128 88//88
f 88//88 128//128 130//130
f 88//88 130//130 89//89
f 114//114 89//89 130//130
f 129//129 114//114 130//130
f 113//113 114//114 129//129
f 132//132 133//133 94//94
f 132//132 94//94 95//95
f 132//132 95//95 115//115
f 133//133 93//93 94//94
f 98//98 117//117 116//116
f 99//99 134//134 135//135
f 99//99 135//135 136//136
f 93//93 134//134 99//99
f 98//98 101//101 117//117
f 137//137 117//117 138//138
f 99//99 136//136 100//100
f 136//136 119//119 100//100
f 117//117 118//118 138//138
f 138//138 118//118 120//120
f 120//120 103//103 122//122
f 119//119 139//139 121//121
f 123//123 121//121 139//139
f 104//104 105//105 122//122
f 122//122 105//105 124//124
f 140//140 106//106 123//123
f 107//107 141//141 124//124
f 142//142 141//141 107//107
f 140//140 108//108 106//106
f 140//140 143//143 108//108
f 107//107 125//125 142//142
f 125//125 127//127 142//142
f 143//143 126//126 108//108
f 126//126 144//144 128//128
f 128//128 145//145 129//129
f 144//144 145//145 128//128
f 129//129 146//146 147//147
f 145//145 146//146 129//129
f 113//113 129//129 147//147
f 131//131 113//113 147//147
f 148//148 149//149 150//150
f 149//149 148//148 151//151
f 148//148 150//150 133//133
f 148//148 133//133 132//132
f 115//115 148//148 132//132
f 115//115 151//151 148//148
f 152//152 151//151 153//153
f 152//152 153//153 154//154
f 133//133 155//155 93//93
f 116//116 151//151 115//115
f 116//116 153//153 151//151
f 155//155 156//156 134//134
f 155//155 134//134 93//93
f 116//116 137//137 154//154
f 116//116 154//154 153//153
f 134//134 156//156 135//135
f 116//116 117//117 137//137
f 138//138 120//120 157//157
f 157//157 120//120 158//158
f 119//119 159//159 139//139
f 120//120 122//122 158//158
f 158//158 122//122 160//160
f 161//161 162//162 139//139
f 122//122 124//124 160//160
f 160//160 124//124 163//163
f 139//139 162//162 123//123
f 163//163 124//124 141//141
f 164//164 140//140 123//123
f 142//142 165//165 141//141
f 166//166 167//167 140//140
f 168//168 169//169 170//170
f 165//165 168//168 170//170
f 165//165 142//142 168//168
f 145//145 143//143 167//167
f 167//167 143//143 140//140
f 168//168 147//147 169//169
f 142//142 127//127 168//168
f 143//143 145//145 126//126
f 144//144 126//126 145//145
f 147//147 146//146 169//169
f 131//131 147//147 168//168
f 127//127 131//131 168//168
f 149//149 151//151 171//171
f 171//171 151//151 152//152
f 133//133 172//172 173//173
f 172//172 133//133 150//150
f 133//133 173//173 155//155
f 152//152 154//154 174//174
f 135//135 156//156 173//173
f 173//173 156//156 155//155
f 154//154 137//137 175//175
f 137//137 138//138 157//157
f 136//136 176//176 119//119
f 176//176 159//159 119//119
f 159//159 177//177 161//161
f 139//139 159//159 161//161
f 160//160 178//178 158//158
f 162//162 164//164 123//123
f 162//162 179//179 164//164
f 163//163 141//141 165//165
f 164//164 179//179 166//166
f 140//140 164//164 166//166
f 180//180 181//181 169//169
f 170//170 169//169 181//181
f 167//167 182//182 145//145
f 146//146 145//145 182//182
f 180//180 146//146 182//182
f 169//169 146//146 180//180
f 149//149 183//183 150//150
f 183//183 149//149 171//171
f 171//171 152//152 184//184
f 184//184 152//152 174//174
f 174//174 175//175 185//185
f 154//154 175//175 174//174
f 186//186 175//175 187//187
f 135//135 176//176 136//136
f 175//175 157//157 187//187
f 137//137 157//157 175//175
f 187//187 157//157 178//178
f 157//157 158//158 178//178
f 177//177 188//188 189//189
f 161//161 177//177 189//189
f 190//190 161//161 189//189
f 178//178 160//160 191//191
f 191//191 160//160 192//192
f 161//161 190//190 162//162
f 160//160 163//163 192//192
f 179//179 162//162 190//190
f 193//193 192//192 165//165
f 165//165 192//192 163//163
f 165//165 170//170 193//193
f 166//166 182//182 167//167
f 166//166 179//179 182//182
f 182//182 194//194 180//180
f 193//193 170//170 181//181
f 195//195 196//196 197//197
f 196//196 195//195 183//183
f 184//184 197//197 196//196
f 198//198 199//199 172//172
f 183//183 198//198 172//172
f 196//196 183//183 171//171
f 196//196 171//171 184//184
f 200//200 201//201 199//199
f 172//172 199//199 201//201
f 150//150 183//183 172//172
f 201//201 200//200 173//173
f 172//172 201//201 173//173
f 173//173 202//202 135//135
f 200//200 202//202 173//173
f 175//175 186//186 185//185
f 135//135 203//203 176//176
f 202//202 203//203 135//135
f 186//186 187//187 204//204
f 203//203 159//159 176//176
f 178//178 204//204 187//187
f 205//205 204//204 178//178
f 191//191 206//206 207//207
f 207//207 205//205 191//191
f 205//205 178//178 191//191
f 190//190 208//208 209//209
f 189//189 208//208 190//190
f 189//189 188//188 208//208
f 208//208 210//210 209//209
f 211//211 209//209 210//210
f 212//212 213//213 214//214
f 191//191 193//193 206//206
f 193//193 214//214 206//206
f 191//191 192//192 193//193
f 179//179 190//190 209//209
f 179//179 209//209 211//211
f 212//212 194//194 211//211
f 194//194 179//179 211//211
f 193//193 181//181 212//212
f 214//214 193//193 212//212
f 179//179 194//194 182//182
f 212//212 180//180 194//194
f 181//181 180//180 212//212
f 195//195 197//197 215//215
f 216//216 198//198 195//195
f 199//199 216//216 217//217
f 218//218 199//199 217//217
f 198//198 216//216 199//199
f 195//195 198//198 183//183
f 197//197 184//184 219//219
f 184//184 174//174 219//219
f 219//219 174//174 220//220
f 200//200 218//218 221//221
f 202//202 200//200 221//221
f 218//218 200//200 199//199
f 174//174 185//185 220//220
f 185//185 186//186 220//220
f 220//220 186//186 222//222
f 202//202 223//223 203//203
f 223//223 224//224 203//203
f 224//224 159//159 203//203
f 225//225 159//159 224//224
f 159//159 225//225 177//177
f 225//225 226//226 177//177
f 204//204 205//205 227//227
f 228//228 204//204 227//227
f 226//226 188//188 177//177
f 226//226 208//208 188//188
f 207//207 229//229 227//227
f 230//230 229//229 207//207
f 227//227 205//205 207//207
f 213//213 231//231 232//232
f 232//232 230//230 213//213
f 207//207 206//206 230//230
f 206//206 214//214 213//213
f 230//230 206//206 213//213
f 210//210 231//231 211//211
f 212//212 211//211 231//231
f 213//213 212//212 231//231
f 197//197 233//233 234//234
f 216//216 235//235 217//217
f 197//197 234//234 215//215
f 219//219 233//233 197//197
f 195//195 235//235 216//216
f 215//215 235//235 195//195
f 218//218 217//217 236//236
f 221//221 218//218 236//236
f 219//219 220//220 237//237
f 237//237 220//220 238//238
f 221//221 239//239 202//202
f 239//239 240//240 202//202
f 238//238 220//220 222//222
f 202//202 240//240 223//223
f 240//240 224//224 223//223
f 186//186 204//204 222//222
f 241//241 225//225 224//224
f 241//241 242//242 225//225
f 228//228 243//243 222//222
f 227//227 243//243 228//228
f 222//222 204//204 228//228
f 242//242 226//226 225//225
f 230//230 232//232 229//229
f 226//226 244//244 208//208
f 231//231 245//245 232//232
f 244//244 245//245 231//231
f 210//210 208//208 244//244
f 210//210 244//244 231//231
f 217//217 246//246 247//247
f 236//236 217//217 247//247
f 235//235 246//246 217//217
f 234//234 246//246 215//215
f 215//215 246//246 235//235
f 233//233 248//248 234//234
f 233//233 249//249 250//250
f 233//233 250//250 248//248
f 249//249 233//233 219//219
f 249//249 219//219 251//251
f 251//251 219//219 237//237
f 236//236 252//252 221//221
f 252//252 239//239 221//221
f 253//253 241//241 224//224
f 253//253 224//224 254//254
f 254//254 224//224 240//240
f 243//243 255//255 256//256
f 256//256 222//222 243//243
f 255//255 257//257 258//258
f 255//255 243//243 257//257
f 241//241 259//259 242//242
f 241//241 253//253 259//259
f 260//260 261//261 262//262
f 258//258 262//262 261//261
f 258//258 257//257 262//262
f 243//243 227//227 257//257
f 259//259 244//244 242//242
f 260//260 244//244 259//259
f 262//262 245//245 260//260
f 245//245 244//244 260//260
f 257//257 232//232 262//262
f 232//232 245//245 262//262
f 229//229 232//232 257//257
f 257//257 227//227 229//229
f 242//242 244//244 226//226
f 234//234 263//263 246//246
f 264//264 263//263 234//234
f 248//248 264//264 234//234
f 265//265 264//264 248//248
f 265//265 250//250 266//266
f 265//265 248//248 250//250
f 247//247 267//267 236//236
f 249//249 268//268 250//250
f 267//267 252//252 236//236
f 251//251 268//268 249//249
f 252//252 269//269 239//239
f 238//238 270//270 251//251
f 256//256 270//270 238//238
f 251//251 237//237 238//238
f 239//239 269//269 240//240
f 269//269 254//254 240//240
f 238//238 222//222 256//256
f 254//254 271//271 253//253
f 272//272 260//260 273//273
f 272//272 261//261 260//260
f 258//258 261//261 274//274
f 253//253 273//273 259//259
f 260//260 259//259 273//273
f 275//275 276//276 277//277
f 263//263 277//277 276//276
f 276//276 275//275 247//247
f 276//276 247//247 246//246
f 263//263 276//276 246//246
f 278//278 263//263 264//264
f 278//278 264//264 265//265
f 279//279 265//265 266//266
f 247//247 280//280 267//267
f 275//275 280//280 247//247
f 268//268 266//266 250//250
f 268//268 281//281 266//266
f 281//281 279//279 266//266
f 280//280 282//282 267//267
f 281//281 268//268 283//283
f 267//267 282//282 252//252
f 282//282 284//284 252//252
f 268//268 251//251 283//283
f 283//283 251//251 270//270
f 252//252 284//284 269//269
f 284//284 285//285 269//269
f 256//256 286//286 270//270
f 269//269 285//285 254//254
f 285//285 271//271 254//254
f 256//256 255//255 287//287
f 286//286 256//256 287//287
f 287//287 274//274 288//288
f 287//287 258//258 274//274
f 287//287 255//255 258//258
f 273//273 253//253 271//271
f 289//289 273//273 271//271
f 273//273 289//289 272//272
f 288//288 261//261 272//272
f 288//288 274//274 261//261
f 290//290 277//277 291//291
f 277//277 292//292 293//293
f 291//291 277//277 293//293
f 275//275 290//290 294//294
f 295//295 275//275 294//294
f 290//290 275//275 277//277
f 277//277 263//263 292//292
f 278//278 292//292 263//263
f 278//278 265//265 296//296
f 278//278 296//296 297//297
f 278//278 297//297 292//292
f 275//275 295//295 280//280
f 296//296 265//265 279//279
f 295//295 298//298 280//280
f 279//279 281//281 299//299
f 299//299 281//281 300//300
f 298//298 282//282 280//280
f 284//284 282//282 298//298
f 283//283 301//301 281//281
f 301//301 300//300 281//281
f 302//302 301//301 283//283
f 303//303 301//301 302//302
f 283//283 270//270 302//302
f 304//304 305//305 285//285
f 304//304 285//285 284//284
f 304//304 306//306 305//305
f 307//307 308//308 303//303
f 303//303 302//302 307//307
f 302//302 286//286 307//307
f 302//302 270//270 286//286
f 309//309 305//305 306//306
f 309//309 310//310 308//308
f 286//286 287//287 307//307
f 285//285 305//305 271//271
f 309//309 289//289 305//305
f 308//308 288//288 309//309
f 288//288 289//289 309//309
f 307//307 287//287 308//308
f 289//289 271//271 305//305
f 272//272 289//289 288//288
f 287//287 288//288 308//308
f 293//293 311//311 312//312
f 311//311 293//293 313//313
f 312//312 314//314 315//315
f 290//290 316//316 294//294
f 315//315 291//291 312//312
f 315//315 316//316 291//291
f 316//316 290//290 291//291
f 293//293 312//312 291//291
f 293//293 317//317 313//313
f 293//293 292//292 317//317
f 317//317 292//292 297//297
f 294//294 318//318 295//295
f 318//318 319//319 295//295
f 296//296 279//279 320//320
f 320//320 279//279 299//299
f 319//319 298//298 295//295
f 298//298 321//321 284//284
f 301//301 322//322 300//300
f 306//306 304//304 321//321
f 321//321 304//304 284//284
f 322//322 303//303 323//323
f 322//322 301//301 303//303
f 303//303 308//308 323//323
f 306//306 310//310 309//309
f 308//308 310//310 323//323
f 311//311 324//324 325//325
f 324//324 311//311 313//313
f 314//314 325//325 326//326
f 315//315 314//314 326//326
f 311//311 314//314 312//312
f 311//311 325//325 314//314
f 313//313 317//317 327//327
f 294//294 316//316 318//318
f 328//328 316//316 315//315
f 318//318 316//316 328//328
f 317//317 297//297 327//327
f 297//297 296//296 327//327
f 327//327 296//296 320//320
f 318//318 329//329 319//319
f 329//329 330//330 319//319
f 299//299 300//300 331//331
f 331//331 300//300 322//322
f 319//319 330//330 298//298
f 330//330 321//321 298//298
f 330//330 332//332 321//321
f 332//332 333//333 321//321
f 322//322 334//334 335//335
f 333//333 306//306 321//321
f 333//333 336//336 306//306
f 322//322 323//323 334//334
f 310//310 306//306 336//336
f 334//334 310//310 336//336
f 323//323 310//310 334//334
f 337//337 338//338 324//324
f 324//324 338//338 339//339
f 324//324 340//340 337//337
f 339//339 341//341 325//325
f 324//324 339//339 325//325
f 324//324 313//313 340//340
f 342//342 326//326 341//341
f 325//325 341//341 326//326
f 326//326 342//342 315//315
f 340//340 313//313 327//327
f 340//340 327//327 343//343
f 343//343 327//327 344//344
f 342//342 328//328 315//315
f 345//345 346//346 328//328
f 318//318 328//328 329//329
f 329//329 328//328 346//346
f 344//344 327//327 320//320
f 344//344 320//320 347//347
f 347//347 320//320 348//348
f 349//349 329//329 346//346
f 350//350 329//329 349//349
f 320//320 299//299 348//348
f 348//348 299//299 351//351
f 350//350 332//332 330//330
f 329//329 350//350 330//330
f 352//352 350//350 349//349
f 352//352 332//332 350//350
f 353//353 354//354 335//335
f 335//335 354//354 351//351
f 335//335 351//351 331//331
f 331//331 351//351 299//299
f 333//333 332//332 352//352
f 355//355 356//356 352//352
f 356//356 333//333 352//352
f 357//357 356//356 355//355
f 357//357 353//353 356//356
f 331//331 322//322 335//335
f 356//356 336//336 333//333
f 353//353 336//336 356//356
f 335//335 334//334 353//353
f 334//334 336//336 353//353
f 358//358 337//337 359//359
f 338//338 358//358 360//360
f 339//339 338//338 360//360
f 337//337 358//358 338//338
f 359//359 337//337 361//361
f 341//341 339//339 362//362
f 361//361 337//337 340//340
f 341//341 362//362 363//363
f 361//361 340//340 343//343
f 361//361 343//343 364//364
f 341//341 363//363 342//342
f 342//342 363//363 328//328
f 363//363 365//365 328//328
f 347//347 364//364 344//344
f 364//364 343//343 344//344
f 328//328 365//365 345//345
f 365//365 366//366 345//345
f 345//345 366//366 346//346
f 367//367 352//352 349//349
f 352//352 367//367 355//355
f 354//354 353//353 357//357
f 368//368 358//358 359//359
f 339//339 360//360 369//369
f 362//362 369//369 370//370
f 369//369 362//362 339//339
f 371//371 359//359 361//361
f 362//362 370//370 363//363
f 361//361 364//364 372//372
f 372//372 364//364 373//373
f 373//373 364//364 374//374
f 347//347 374//374 364//364
f 347//347 348//348 374//374
f 374//374 348//348 375//375
f 349//349 376//376 367//367
f 346//346 376//376 349//349
f 346//346 366//366 376//376
f 376//376 377//377 367//367
f 351//351 375//375 348//348
f 377//377 357//357 355//355
f 375//375 354//354 357//357
f 351//351 354//354 375//375
f 367//367 377//377 355//355
f 378//378 379//379 380//380
f 381//381 379//379 382//382
f 382//382 379//379 378//378
f 383//383 381//381 382//382
f 384//384 378//378 380//380
f 385//385 384//384 380//380
f 382//382 378//378 368//368
f 368//368 378//378 384//384
f 368//368 383//383 382//382
f 384//384 385//385 369//369
f 384//384 369//369 360//360
f 384//384 360//360 358//358
f 368//368 384//384 358//358
f 359//359 386//386 387//387
f 368//368 359//359 387//387
f 368//368 387//387 383//383
f 370//370 369//369 385//385
f 359//359 371//371 386//386
f 371//371 388//388 386//386
f 389//389 388//388 371//371
f 371//371 361//361 372//372
f 371//371 372//372 389//389
f 370//370 390//390 363//363
f 390//390 391//391 363//363
f 389//389 372//372 373//373
f 392//392 365//365 391//391
f 391//391 365//365 363//363
f 393//393 373//373 374//374
f 365//365 392//392 366//366
f 392//392 376//376 366//366
f 392//392 394//394 376//376
f 376//376 395//395 377//377
f 357//357 377//377 396//396
f 397//397 357//357 396//396
f 375//375 357//357 397//397
f 398//398 379//379 399//399
f 400//400 399//399 379//379
f 381//381 400//400 379//379
f 379//379 398//398 380//380
f 398//398 401//401 380//380
f 400//400 381//381 402//402
f 402//402 383//383 387//387
f 402//402 381//381 383//383
f 380//380 401//401 385//385
f 403//403 402//402 387//387
f 404//404 385//385 401//401
f 387//387 386//386 403//403
f 403//403 386//386 388//388
f 385//385 404//404 370//370
f 404//404 390//390 370//370
f 388//388 389//389 405//405
f 405//405 389//389 406//406
f 406//406 389//389 407//407
f 408//408 391//391 409//409
f 410//410 407//407 373//373
f 407//407 389//389 373//373
f 394//394 408//408 409//409
f 373//373 393//393 410//410
f 391//391 408//408 392//392
f 408//408 394//394 392//392
f 411//411 393//393 374//374
f 410//410 393//393 411//411
f 412//412 395//395 394//394
f 374//374 375//375 411//411
f 394//394 395//395 376//376
f 396//396 395//395 412//412
f 397//397 396//396 413//413
f 413//413 396//396 412//412
f 411//411 397//397 413//413
f 375//375 397//397 411//411
f 395//395 396//396 377//377
f 414//414 415//415 416//416
f 399//399 417//417 398//398
f 399//399 400//400 415//415
f 399//399 415//415 417//417
f 400//400 416//416 415//415
f 398//398 418//418 401//401
f 419//419 400//400 402//402
f 418//418 420//420 401//401
f 404//404 401//401 420//420
f 403//403 388//388 421//421
f 421//421 388//388 405//405
f 404//404 422//422 390//390
f 423//423 390//390 422//422
f 424//424 405//405 406//406
f 390//390 423//423 391//391
f 423//423 409//409 391//391
f 406//406 407//407 425//425
f 426//426 427//427 409//409
f 410//410 428//428 407//407
f 425//425 407//407 428//428
f 427//427 394//394 409//409
f 429//429 428//428 410//410
f 427//427 412//412 394//394
f 430//430 412//412 427//427
f 410//410 411//411 429//429
f 413//413 412//412 430//430
f 429//429 413//413 430//430
f 411//411 413//413 429//429
f 417//417 431//431 432//432
f 433//433 431//431 414//414
f 414//414 431//431 417//417
f 414//414 416//416 433//433
f 434//434 417//417 432//432
f 414//414 417//417 415//415
f 417//417 434//434 398//398
f 398//398 434//434 418//418
f 435//435 400//400 419//419
f 416//416 400//400 435//435
f 436//436 435//435 419//419
f 437//437 438//438 418//418
f 439//439 418//418 438//438
f 419//419 402//402 403//403
f 419//419 403//403 436//436
f 436//436 403//403 421//421
f 418//418 439//439 420//420
f 439//439 440//440 420//420
f 404//404 420//420 440//440
f 404//404 440//440 422//422
f 441//441 405//405 424//424
f 421//421 405//405 441//441
f 423//423 422//422 442//442
f 423//423 442//442 409//409
f 442//442 426//426 409//409
f 406//406 425//425 424//424
f 443//443 424//424 425//425
f 428//428 444//444 443//443
f 445//445 444//444 428//428
f 425//425 428//428 443//443
f 426//426 446//446 427//427
f 445//445 427//427 446//446
f 430//430 427//427 445//445
f 428//428 429//429 445//445
f 429//429 430//430 445//445
f 431//431 433//433 447//447
f 433//433 416//416 448//448
f 432//432 449//449 434//434
f 449//449 437//437 434//434
f 448//448 416//416 435//435
f 434//434 437//437 418//418
f 435//435 436//436 450//450
f 450//450 436//436 451//451
f 437//437 452//452 438//438
f 452//452 453//453 438//438
f 439//439 438//438 453//453
f 436//436 421//421 451//451
f 454//454 439//439 453//453
f 439//439 454//454 440//440
f 454//454 455//455 440//440
f 441//441 451//451 421//421
f 440//440 455//455 422//422
f 455//455 442//442 422//422
f 456//456 457//457 442//442
f 456//456 458//458 457//457
f 459//459 460//460 444//444
f 424//424 460//460 441//441
f 442//442 457//457 426//426
f 461//461 457//457 458//458
f 444//444 461//461 459//459
f 460//460 443//443 444//444
f 424//424 443//443 460//460
f 446//446 426//426 457//457
f 446//446 457//457 461//461
f 444//444 445//445 461//461
f 445//445 446//446 461//461
f 462//462 447//447 463//463
f 464//464 463//463 447//447
f 431//431 462//462 432//432
f 462//462 431//431 447//447
f 447//447 433//433 464//464
f 464//464 433//433 448//448
f 464//464 448//448 465//465
f 432//432 466//466 449//449
f 467//467 448//448 450//450
f 449//449 466//466 437//437
f 466//466 452//452 437//437
f 448//448 435//435 450//450
f 468//468 451//451 469//469
f 450//450 451//451 468//468
f 469//469 470//470 468//468
f 471//471 470//470 469//469
f 472//472 471//471 469//469
f 454//454 473//473 455//455
f 451//451 441//441 469//469
f 469//469 441//441 472//472
f 460//460 474//474 475//475
f 460//460 475//475 472//472
f 460//460 472//472 441//441
f 456//456 442//442 473//473
f 473//473 442//442 455//455
f 459//459 458//458 474//474
f 474//474 460//460 459//459
f 459//459 461//461 458//458
f 476//476 477//477 478//478
f 476//476 478//478 479//479
f 463//463 478//478 477//477
f 463//463 480//480 478//478
f 480//480 479//479 478//478
f 480//480 481//481 479//479
f 463//463 477//477 462//462
f 477//477 482//482 462//462
f 483//483 481//481 480//480
f 480//480 464//464 465//465
f 463//463 464//464 480//480
f 483//483 480//480 465//465
f 462//462 482//482 432//432
f 432//432 482//482 466//466
f 467//467 483//483 465//465
f 467//467 484//484 483//483
f 465//465 448//448 467//467
f 450//450 484//484 467//467
f 485//485 452//452 466//466
f 468//468 486//486 450//450
f 470//470 486//486 468//468
f 452//452 487//487 453//453
f 487//487 488//488 453//453
f 470//470 471//471 489//489
f 489//489 471//471 490//490
f 491//491 454//454 488//488
f 488//488 454//454 453//453
f 491//491 492//492 473//473
f 454//454 491//491 473//473
f 492//492 491//491 493//493
f 490//490 475//475 494//494
f 471//471 472//472 475//475
f 490//490 471//471 475//475
f 495//495 492//492 493//493
f 495//495 496//496 492//492
f 494//494 496//496 495//495
f 494//494 474//474 496//496
f 475//475 474//474 494//494
f 492//492 456//456 473//473
f 496//496 456//456 492//492
f 474//474 458//458 496//496
f 456//456 496//496 458//458
f 497//497 498//498 476//476
f 479//479 497//497 476//476
f 477//477 499//499 500//500
f 499//499 477//477 476//476
f 497//497 479//479 481//481
f 481//481 501//501 497//497
f 502//502 501//501 481//481
f 500//500 503//503 477//477
f 482//482 503//503 504//504
f 482//482 477//477 503//503
f 481//481 483//483 502//502
f 502//502 483//483 484//484
f 482//482 504//504 466//466
f 504//504 485//485 466//466
f 484//484 450//450 505//505
f 505//505 450//450 486//486
f 485//485 487//487 452//452
f 486//486 470//470 506//506
f 506//506 470//470 489//489
f 493//493 491//491 507//507
f 508//508 494//494 495//495
f 490//490 494//494 508//508
f 509//509 498//498 510//510
f 498//498 511//511 476//476
f 476//476 511//511 499//499
f 510//510 498//498 497//497
f 497//497 501//501 510//510
f 501//501 512//512 510//510
f 502//502 512//512 501//501
f 499//499 513//513 500//500
f 500//500 513//513 503//503
f 514//514 515//515 502//502
f 516//516 504//504 503//503
f 517//517 504//504 516//516
f 502//502 484//484 514//514
f 514//514 484//484 518//518
f 504//504 517//517 485//485
f 517//517 519//519 485//485
f 518//518 505//505 520//520
f 484//484 505//505 518//518
f 521//521 522//522 487//487
f 521//521 487//487 519//519
f 519//519 487//487 485//485
f 505//505 486//486 520//520
f 520//520 486//486 506//506
f 523//523 522//522 521//521
f 487//487 522//522 488//488
f 524//524 522//522 523//523
f 506//506 489//489 525//525
f 507//507 522//522 524//524
f 488//488 522//522 491//491
f 522//522 507//507 491//491
f 508//508 526//526 525//525
f 508//508 525//525 490//490
f 490//490 525//525 489//489
f 527//527 493//493 507//507
f 527//527 495//495 493//493
f 508//508 495//495 527//527
f 528//528 529//529 530//530
f 531//531 528//528 530//530
f 530//530 532//532 509//509
f 531//531 530//530 509//509
f 533//533 532//532 534//534
f 512//512 528//528 531//531
f 511//511 532//532 533//533
f 498//498 509//509 511//511
f 509//509 532//532 511//511
f 533//533 535//535 513//513
f 511//511 533//533 513//513
f 509//509 510//510 531//531
f 531//531 510//510 512//512
f 511//511 513//513 499//499
f 513//513 535//535 536//536
f 512//512 502//502 515//515
f 513//513 536//536 503//503
f 536//536 516//516 503//503
f 515//515 514//514 537//537
f 537//537 514//514 538//538
f 539//539 517//517 516//516
f 514//514 518//518 538//538
f 538//538 518//518 540//540
f 517//517 521//521 519//519
f 521//521 517//517 541//541
f 518//518 520//520 540//540
f 520//520 542//542 540//540
f 520//520 506//506 542//542
f 542//542 506//506 543//543
f 525//525 543//543 506//506
f 524//524 544//544 545//545
f 526//526 546//546 543//543
f 543//543 525//525 526//526
f 524//524 545//545 507//507
f 544//544 547//547 545//545
f 546//546 547//547 544//544
f 546//546 526//526 547//547
f 507//507 545//545 527//527
f 547//547 527//527 545//545
f 526//526 508//508 547//547
f 508//508 527//527 547//547
f 548//548 549//549 534//534
f 532//532 548//548 534//534
f 530//530 548//548 532//532
f 534//534 550//550 533//533
f 551//551 512//512 552//552
f 528//528 512//512 551//551
f 550//550 553//553 533//533
f 553//553 535//535 533//533
f 536//536 535//535 553//553
f 552//552 515//515 537//537
f 512//512 515//515 552//552
f 537//537 554//554 552//552
f 517//517 539//539 555//555
f 538//538 540//540 556//556
f 556//556 540//540 557//557
f 517//517 555//555 541//541
f 541//541 558//558 521//521
f 558//558 559//559 521//521
f 542//542 560//560 557//557
f 557//557 540//540 542//542
f 559//559 561//561 523//523
f 559//559 523//523 521//521
f 546//546 562//562 563//563
f 546//546 563//563 560//560
f 546//546 560//560 543//543
f 543//543 560//560 542//542
f 561//561 544//544 524//524
f 523//523 561//561 524//524
f 562//562 544//544 561//561
f 562//562 546//546 544//544
f 564//564 565//565 548//548
f 564//564 529//529 566//566
f 530//530 564//564 548//548
f 530//530 529//529 564//564
f 567//567 566//566 529//529
f 529//529 528//528 567//567
f 567//567 528//528 568//568
f 549//549 550//550 534//534
f 528//528 551//551 568//568
f 551//551 552//552 554//554
f 569//569 536//536 553//553
f 554//554 537//537 570//570
f 554//554 570//570 571//571
f 536//536 569//569 516//516
f 569//569 539//539 516//516
f 537//537 538//538 570//570
f 570//570 538//538 572//572
f 573//573 574//574 539//539
f 572//572 538//538 556//556
f 539//539 574//574 555//555
f 574//574 575//575 555//555
f 556//556 557//557 576//576
f 576//576 557//557 577//577
f 555//555 575//575 541//541
f 575//575 558//558 541//541
f 558//558 578//578 559//559
f 560//560 563//563 577//577
f 577//577 557//557 560//560
f 578//578 579//579 559//559
f 561//561 559//559 562//562
f 562//562 559//559 579//579
f 563//563 562//562 579//579
f 580//580 581//581 582//582
f 583//583 584//584 582//582
f 580//580 585//585 565//565
f 580//580 565//565 581//581
f 581//581 565//565 566//566
f 582//582 581//581 567//567
f 567//567 581//581 566//566
f 567//567 583//583 582//582
f 565//565 585//585 548//548
f 548//548 585//585 586//586
f 566//566 565//565 564//564
f 568//568 583//583 567//567
f 549//549 586//586 587//587
f 549//549 548//548 586//586
f 551//551 588//588 568//568
f 550//550 549//549 589//589
f 590//590 588//588 551//551
f 554//554 590//590 551//551
f 571//571 590//590 554//554
f 550//550 589//589 553//553
f 589//589 569//569 553//553
f 573//573 569//569 591//591
f 571//571 570//570 592//592
f 592//592 570//570 593//593
f 569//569 573//573 539//539
f 570//570 572//572 593//593
f 594//594 573//573 595//595
f 574//574 573//573 594//594
f 596//596 574//574 594//594
f 572//572 576//576 597//597
f 572//572 556//556 576//576
f 596//596 598//598 575//575
f 574//574 596//596 575//575
f 599//599 600//600 576//576
f 598//598 601//601 602//602
f 576//576 577//577 599//599
f 598//598 578//578 558//558
f 575//575 598//598 558//558
f 602//602 578//578 598//598
f 599//599 601//601 600//600
f 599//599 563//563 601//601
f 599//599 577//577 563//563
f 601//601 579//579 602//602
f 579//579 578//578 602//602
f 601//601 563//563 579//579
f 603//603 582//582 604//604
f 603//603 580//580 582//582
f 582//582 584//584 605//605
f 582//582 605//605 604//604
f 603//603 606//606 580//580
f 606//606 585//585 580//580
f 586//586 585//585 606//606
f 607//607 583//583 608//608
f 583//583 568//568 608//608
f 608//608 588//588 609//609
f 608//608 568//568 588//588
f 549//549 587//587 589//589
f 587//587 610//610 589//589
f 589//589 610//610 569//569
f 610//610 591//591 569//569
f 571//571 592//592 611//611
f 611//611 592//592 612//612
f 591//591 613//613 573//573
f 613//613 595//595 573//573
f 614//614 593//593 615//615
f 593//593 572//572 615//615
f 615//615 572//572 597//597
f 616//616 617//617 596//596
f 616//616 596//596 594//594
f 616//616 618//618 617//617
f 576//576 619//619 597//597
f 617//617 601//601 598//598
f 596//596 617//617 598//598
f 620//620 617//617 618//618
f 620//620 601//601 617//617
f 620//620 619//619 600//600
f 619//619 576//576 600//600
f 620//620 600//600 601//601
f 604//604 621//621 622//622
f 605//605 621//621 604//604
f 605//605 623//623 621//621
f 605//605 624//624 623//623
f 603//603 622//622 625//625
f 603//603 604//604 622//622
f 584//584 624//624 605//605
f 584//584 583//583 607//607
f 626//626 586//586 606//606
f 587//587 586//586 626//626
f 609//609 588//588 590//590
f 609//609 590//590 627//627
f 628//628 629//629 610//610
f 590//590 571//571 611//611
f 610//610 629//629 591//591
f 630//630 613//613 591//591
f 592//592 614//614 612//612
f 592//592 593//593 614//614
f 620//620 618//618 619//619
f 618//618 631//631 619//619
f 631//631 597//597 619//619
f 623//623 632//632 633//633
f 634//634 623//623 633//633
f 634//634 621//621 623//623
f 634//634 635//635 621//621
f 635//635 622//622 621//621
f 624//624 632//632 623//623
f 636//636 632//632 624//624
f 636//636 624//624 637//637
f 637//637 624//624 584//584
f 638//638 639//639 636//636
f 637//637 638//638 636//636
f 603//603 625//625 606//606
f 625//625 626//626 606//606
f 637//637 607//607 608//608
f 584//584 607//607 637//637
f 640//640 638//638 637//637
f 608//608 640//640 637//637
f 641//641 587//587 626//626
f 640//640 609//609 642//642
f 608//608 609//609 640//640
f 641//641 628//628 587//587
f 642//642 609//609 627//627
f 628//628 610//610 587//587
f 627//627 590//590 611//611
f 627//627 611//611 643//643
f 612//612 643//643 611//611
f 629//629 630//630 591//591
f 613//613 630//630 644//644
f 645//645 613//613 644//644
f 612//612 614//614 646//646
f 645//645 647//647 595//595
f 613//613 645//645 595//595
f 647//647 645//645 648//648
f 646//646 614//614 649//649
f 595//595 647//647 594//594
f 648//648 650//650 647//647
f 648//648 651//651 650//650
f 614//614 615//615 649//649
f 649//649 615//615 652//652
f 594//594 647//647 616//616
f 616//616 647//647 650//650
f 653//653 650//650 651//651
f 631//631 652//652 597//597
f 597//597 652//652 615//615
f 650//650 618//618 616//616
f 653//653 618//618 650//650
f 631//631 618//618 653//653
f 654//654 633//633 655//655
f 654//654 656//656 633//633
f 656//656 634//634 633//633
f 632//632 655//655 633//633
f 656//656 635//635 634//634
f 632//632 636//636 655//655
f 636//636 639//639 657//657
f 636//636 657//657 655//655
f 635//635 658//658 625//625
f 622//622 635//635 625//625
f 639//639 638//638 659//659
f 638//638 640//640 659//659
f 660//660 641//641 661//661
f 641//641 660//660 628//628
f 642//642 627//627 643//643
f 642//642 643//643 662//662
f 628//628 660//660 663//663
f 662//662 643//643 664//664
f 663//663 629//629 628//628
f 643//643 612//612 665//665
f 665//665 612//612 666//666
f 629//629 667//667 630//630
f 667//667 644//644 630//630
f 612//612 646//646 666//666
f 666//666 646//646 649//649
f 668//668 651//651 648//648
f 668//668 648//648 645//645
f 651//651 669//669 653//653
f 668//668 669//669 651//651
f 653//653 670//670 671//671
f 669//669 670//670 653//653
f 671//671 652//652 653//653
f 671//671 649//649 652//652
f 652//652 631//631 653//653
f 672//672 673//673 674//674
f 674//674 675//675 654//654
f 674//674 654//654 672//672
f 672//672 654//654 676//676
f 654//654 675//675 656//656
f 676//676 654//654 655//655
f 655//655 657//657 676//676
f 657//657 677//677 676//676
f 678//678 677//677 657//657
f 656//656 679//679 635//635
f 679//679 658//658 635//635
f 657//657 639//639 678//678
f 678//678 639//639 659//659
f 678//678 659//659 680//680
f 625//625 658//658 681//681
f 682//682 680//680 659//659
f 625//625 681//681 626//626
f 661//661 626//626 681//681
f 659//659 640//640 682//682
f 682//682 640//640 683//683
f 626//626 661//661 641//641
f 640//640 642//642 683//683
f 683//683 642//642 684//684
f 642//642 662//662 684//684
f 685//685 660//660 661//661
f 660//660 685//685 663//663
f 685//685 667//667 663//663
f 664//664 665//665 686//686
f 643//643 665//665 664//664
f 663//663 667//667 629//629
f 644//644 667//667 687//687
f 665//665 666//666 688//688
f 689//689 644//644 687//687
f 645//645 644//644 689//689
f 666//666 690//690 688//688
f 668//668 645//645 689//689
f 671//671 691//691 690//690
f 671//671 690//690 649//649
f 649//649 690//690 666//666
f 671//671 670//670 691//691
f 692//692 693//693 694//694
f 695//695 692//692 696//696
f 673//673 694//694 674//674
f 694//694 673//673 692//692
f 692//692 673//673 697//697
f 696//696 692//692 697//697
f 695//695 696//696 698//698
f 698//698 699//699 695//695
f 672//672 697//697 673//673
f 696//696 697//697 677//677
f 698//698 696//696 677//677
f 676//676 697//697 672//672
f 676//676 677//677 697//697
f 698//698 677//677 700//700
f 701//701 699//699 698//698
f 700//700 701//701 698//698
f 675//675 702//702 656//656
f 702//702 679//679 656//656
f 703//703 701//701 700//700
f 700//700 678//678 703//703
f 677//677 678//678 700//700
f 703//703 680//680 704//704
f 678//678 680//680 703//703
f 705//705 681//681 658//658
f 704//704 680//680 706//706
f 682//682 683//683 680//680
f 680//680 683//683 706//706
f 707//707 661//661 681//681
f 707//707 685//685 661//661
f 684//684 662//662 664//664
f 684//684 664//664 708//708
f 709//709 708//708 664//664
f 710//710 685//685 711//711
f 664//664 686//686 709//709
f 685//685 710//710 667//667
f 665//665 712//712 686//686
f 710//710 687//687 667//667
f 687//687 710//710 713//713
f 714//714 712//712 688//688
f 688//688 712//712 665//665
f 689//689 687//687 713//713
f 713//713 715//715 689//689
f 715//715 716//716 689//689
f 717//717 715//715 713//713
f 717//717 718//718 715//715
f 718//718 691//691 715//715
f 690//690 691//691 714//714
f 714//714 691//691 718//718
f 688//688 690//690 714//714
f 716//716 669//669 668//668
f 689//689 716//716 668//668
f 715//715 669//669 716//716
f 715//715 670//670 669//669
f 715//715 691//691 670//670
f 692//692 695//695 719//719
f 692//692 719//719 720//720
f 692//692 720//720 693//693
f 721//721 719//719 722//722
f 722//722 719//719 695//695
f 694//694 693//693 723//723
f 699//699 722//722 695//695
f 699//699 724//724 722//722
f 694//694 725//725 675//675
f 674//674 694//694 675//675
f 725//725 694//694 723//723
f 726//726 724//724 699//699
f 726//726 701//701 727//727
f 726//726 699//699 701//701
f 702//702 728//728 679//679
f 728//728 729//729 679//679
f 701//701 703//703 730//730
f 658//658 729//729 705//705
f 729//729 658//658 679//679
f 703//703 704//704 731//731
f 730//730 703//703 731//731
f 705//705 732//732 681//681
f 706//706 733//733 704//704
f 681//681 732//732 707//707
f 706//706 683//683 734//734
f 733//733 706//706 734//734
f 683//683 684//684 734//734
f 707//707 735//735 685//685
f 684//684 708//708 734//734
f 735//735 736//736 711//711
f 735//735 711//711 685//685
f 711//711 737//737 710//710
f 686//686 738//738 709//709
f 737//737 739//739 710//710
f 738//738 686//686 712//712
f 740//740 738//738 712//712
f 739//739 713//713 710//710
f 714//714 718//718 741//741
f 740//740 712//712 714//714
f 741//741 740//740 714//714
f 739//739 717//717 713//713
f 742//742 743//743 744//744
f 742//742 744//744 745//745
f 745//745 744//744 746//746
f 747//747 745//745 746//746
f 743//743 748//748 749//749
f 743//743 749//749 744//744
f 744//744 749//749 750//750
f 746//746 744//744 750//750
f 747//747 746//746 751//751
f 752//752 747//747 751//751
f 719//719 750//750 749//749
f 721//721 750//750 719//719
f 721//721 746//746 750//750
f 751//751 746//746 721//721
f 753//753 752//752 751//751
f 693//693 754//754 723//723
f 748//748 720//720 749//749
f 748//748 754//754 720//720
f 754//754 693//693 720//720
f 719//719 749//749 720//720
f 722//722 724//724 721//721
f 724//724 751//751 721//721
f 755//755 753//753 751//751
f 724//724 755//755 751//751
f 756//756 755//755 724//724
f 724//724 726//726 756//756
f 675//675 725//725 702//702
f 725//725 728//728 702//702
f 726//726 727//727 756//756
f 727//727 730//730 757//757
f 727//727 701//701 730//730
f 729//729 758//758 705//705
f 731//731 733//733 759//759
f 731//731 704//704 733//733
f 705//705 758//758 732//732
f 758//758 760//760 732//732
f 734//734 761//761 762//762
f 734//734 762//762 733//733
f 760//760 735//735 707//707
f 732//732 760//760 707//707
f 735//735 760//760 763//763
f 762//762 761//761 764//764
f 765//765 735//735 763//763
f 736//736 735//735 765//765
f 761//761 734//734 708//708
f 766//766 761//761 708//708
f 767//767 736//736 765//765
f 768//768 766//766 709//709
f 709//709 766//766 708//708
f 736//736 769//769 737//737
f 711//711 736//736 737//737
f 767//767 769//769 736//736
f 768//768 738//738 770//770
f 768//768 709//709 738//738
f 767//767 771//771 769//769
f 772//772 771//771 767//767
f 770//770 740//740 772//772
f 738//738 740//740 770//770
f 737//737 769//769 739//739
f 771//771 739//739 769//769
f 772//772 741//741 771//771
f 740//740 741//741 772//772
f 717//717 739//739 771//771
f 741//741 718//718 717//717
f 741//741 717//717 771//771
f 773//773 774//774 747//747
f 775//775 773//773 747//747
f 742//742 774//774 776//776
f 742//742 776//776 777//777
f 745//745 774//774 742//742
f 745//745 747//747 774//774
f 775//775 747//747 752//752
f 752//752 778//778 775//775
f 777//777 743//743 742//742
f 779//779 743//743 777//777
f 780//780 778//778 752//752
f 779//779 748//748 743//743
f 781//781 748//748 779//779
f 752//752 753//753 780//780
f 780//780 753//753 782//782
f 781//781 783//783 748//748
f 753//753 784//784 782//782
f 754//754 783//783 725//725
f 723//723 754//754 725//725
f 783//783 754//754 748//748
f 753//753 755//755 784//784
f 784//784 785//785 786//786
f 784//784 755//755 785//785
f 755//755 756//756 785//785
f 787//787 725//725 788//788
f 756//756 757//757 785//785
f 725//725 787//787 728//728
f 787//787 789//789 728//728
f 756//756 727//727 757//757
f 785//785 757//757 790//790
f 728//728 789//789 729//729
f 757//757 731//731 791//791
f 757//757 730//730 731//731
f 729//729 789//789 758//758
f 789//789 792//792 758//758
f 758//758 792//792 760//760
f 733//733 762//762 759//759
f 793//793 763//763 760//760
f 766//766 794//794 795//795
f 766//766 764//764 761//761
f 766//766 795//795 764//764
f 796//796 797//797 765//765
f 797//797 798//798 799//799
f 796//796 798//798 797//797
f 799//799 800//800 794//794
f 798//798 800//800 799//799
f 765//765 797//797 767//767
f 768//768 770//770 799//799
f 768//768 799//799 794//794
f 766//766 768//768 794//794
f 797//797 772//772 767//767
f 770//770 772//772 799//799
f 799//799 772//772 797//797
f 801//801 802//802 773//773
f 801//801 773//773 803//803
f 774//774 773//773 802//802
f 774//774 802//802 776//776
f 775//775 803//803 773//773
f 778//778 803//803 775//775
f 778//778 804//804 803//803
f 805//805 804//804 778//778
f 780//780 805//805 778//778
f 782//782 805//805 780//780
f 806//806 781//781 779//779
f 781//781 806//806 783//783
f 806//806 807//807 783//783
f 782//782 784//784 808//808
f 783//783 807//807 788//788
f 725//725 783//783 788//788
f 808//808 784//784 786//786
f 785//785 790//790 786//786
f 787//787 809//809 789//789
f 809//809 810//810 789//789
f 790//790 757//757 791//791
f 789//789 810//810 792//792
f 810//810 811//811 792//792
f 791//791 759//759 812//812
f 791//791 731//731 759//759
f 792//792 793//793 760//760
f 792//792 811//811 793//793
f 759//759 762//762 813//813
f 763//763 793//793 811//811
f 813//813 762//762 764//764
f 796//796 763//763 814//814
f 794//794 815//815 795//795
f 800//800 815//815 794//794
f 795//795 815//815 764//764
f 763//763 796//796 765//765
f 814//814 798//798 796//796
f 816//816 817//817 818//818
f 819//819 817//817 816//816
f 818//818 820//820 802//802
f 816//816 818//818 802//802
f 816//816 802//802 801//801
f 801//801 821//821 816//816
f 821//821 819//819 816//816
f 822//822 819//819 823//823
f 823//823 819//819 821//821
f 801//801 803//803 821//821
f 823//823 821//821 824//824
f 824//824 821//821 803//803
f 776//776 802//802 820//820
f 804//804 824//824 803//803
f 804//804 825//825 824//824
f 776//776 820//820 826//826
f 776//776 826//826 777//777
f 777//777 826//826 779//779
f 825//825 805//805 827//827
f 804//804 805//805 825//825
f 826//826 806//806 779//779
f 828//828 806//806 826//826
f 806//806 828//828 807//807
f 805//805 782//782 827//827
f 827//827 782//782 829//829
f 828//828 830//830 807//807
f 808//808 829//829 782//782
f 807//807 831//831 788//788
f 808//808 786//786 832//832
f 829//829 808//808 832//832
f 831//831 833//833 788//788
f 788//788 833//833 787//787
f 786//786 790//790 834//834
f 786//786 834//834 832//832
f 787//787 833//833 809//809
f 832//832 834//834 835//835
f 790//790 836//836 834//834
f 809//809 837//837 810//810
f 790//790 791//791 836//836
f 834//834 836//836 838//838
f 810//810 837//837 811//811
f 836//836 791//791 812//812
f 759//759 839//839 812//812
f 840//840 841//841 842//842
f 843//843 839//839 813//813
f 813//813 839//839 759//759
f 842//842 814//814 763//763
f 811//811 842//842 763//763
f 841//841 814//814 842//842
f 840//840 844//844 841//841
f 843//843 764//764 815//815
f 843//843 813//813 764//764
f 841//841 798//798 814//814
f 800//800 798//798 844//844
f 844//844 798//798 841//841
f 815//815 800//800 844//844
f 845//845 846//846 847//847
f 848//848 845//845 847//847
f 848//848 817//817 845//845
f 848//848 849//849 817//817
f 849//849 818//818 817//817
f 819//819 845//845 817//817
f 819//819 822//822 845//845
f 822//822 846//846 845//845
f 850//850 846//846 822//822
f 849//849 851//851 818//818
f 850//850 822//822 852//852
f 852//852 822//822 823//823
f 852//852 853//853 850//850
f 851//851 820//820 818//818
f 824//824 852//852 823//823
f 854//854 853//853 852//852
f 824//824 854//854 852//852
f 851//851 855//855 820//820
f 855//855 826//826 820//820
f 856//856 826//826 855//855
f 854//854 825//825 857//857
f 824//824 825//825 854//854
f 856//856 858//858 826//826
f 825//825 827//827 857//857
f 857//857 827//827 859//859
f 858//858 828//828 826//826
f 827//827 829//829 859//859
f 858//858 830//830 828//828
f 859//859 829//829 860//860
f 807//807 830//830 831//831
f 830//830 861//861 831//831
f 833//833 831//831 861//861
f 833//833 862//862 809//809
f 861//861 862//862 833//833
f 835//835 834//834 838//838
f 837//837 863//863 811//811
f 837//837 864//864 863//863
f 839//839 865//865 838//838
f 839//839 838//838 812//812
f 812//812 838//838 836//836
f 863//863 840//840 842//842
f 811//811 863//863 842//842
f 866//866 840//840 863//863
f 839//839 867//867 865//865
f 868//868 840//840 866//866
f 867//867 815//815 868//868
f 867//867 843//843 815//815
f 839//839 843//843 867//867
f 868//868 844//844 840//840
f 815//815 844//844 868//868
f 869//869 870//870 871//871
f 869//869 871//871 872//872
f 870//870 847//847 871//871
f 870//870 848//848 847//847
f 846//846 871//871 847//847
f 846//846 873//873 871//871
f 873//873 872//872 871//871
f 873//873 874//874 872//872
f 873//873 846//846 850//850
f 853//853 873//873 850//850
f 875//875 849//849 848//848
f 876//876 849//849 875//875
f 877//877 878//878 853//853
f 849//849 876//876 851//851
f 879//879 877//877 853//853
f 854//854 879//879 853//853
f 880//880 879//879 854//854
f 876//876 881//881 855//855
f 876//876 855//855 851//851
f 854//854 857//857 880//880
f 880//880 857//857 882//882
f 856//856 883//883 858//858
f 857//857 859//859 882//882
f 858//858 884//884 830//830
f 830//830 884//884 861//861
f 829//829 832//832 860//860
f 860//860 832//832 885//885
f 886//886 861//861 884//884
f 832//832 835//835 885//885
f 885//885 835//835 887//887
f 861//861 886//886 862//862
f 862//862 864//864 837//837
f 809//809 862//862 837//837
f 864//864 862//862 888//888
f 835//835 838//838 887//887
f 889//889 864//864 888//888
f 890//890 887//887 838//838
f 889//889 866//866 863//863
f 864//864 889//889 863//863
f 868//868 866//866 889//889
f 889//889 891//891 868//868
f 891//891 892//892 865//865
f 890//890 838//838 865//865
f 892//892 890//890 865//865
f 867//867 868//868 891//891
f 865//865 867//867 891//891
f 893//893 894//894 895//895
f 895//895 896//896 893//893
f 894//894 893//893 897//897
f 897//897 893//893 898//898
f 899//899 894//894 897//897
f 869//869 900//900 901//901
f 896//896 869//869 893//893
f 896//896 900//900 869//869
f 872//872 893//893 869//869
f 872//872 898//898 893//893
f 899//899 897//897 902//902
f 902//902 903//903 899//899
f 872//872 874//874 898//898
f 897//897 898//898 902//902
f 902//902 898//898 874//874
f 901//901 870//870 869//869
f 904//904 870//870 901//901
f 902//902 874//874 905//905
f 905//905 874//874 878//878
f 905//905 903//903 902//902
f 848//848 904//904 875//875
f 848//848 870//870 904//904
f 874//874 873//873 878//878
f 905//905 878//878 877//877
f 877//877 906//906 905//905
f 904//904 907//907 875//875
f 873//873 853//853 878//878
f 876//876 875//875 908//908
f 879//879 906//906 877//877
f 909//909 906//906 879//879
f 908//908 881//881 876//876
f 879//879 880//880 909//909
f 880//880 882//882 910//910
f 880//880 910//910 909//909
f 855//855 881//881 856//856
f 881//881 883//883 856//856
f 910//910 882//882 911//911
f 882//882 859//859 860//860
f 882//882 860//860 912//912
f 883//883 913//913 858//858
f 912//912 860//860 914//914
f 858//858 913//913 884//884
f 860//860 885//885 915//915
f 915//915 885//885 916//916
f 917//917 918//918 886//886
f 884//884 917//917 886//886
f 886//886 918//918 888//888
f 888//888 918//918 919//919
f 920//920 916//916 887//887
f 887//887 916//916 885//885
f 886//886 888//888 862//862
f 921//921 922//922 919//919
f 920//920 923//923 922//922
f 920//920 887//887 923//923
f 919//919 889//889 888//888
f 919//919 891//891 889//889
f 922//922 892//892 919//919
f 892//892 891//891 919//919
f 890//890 892//892 923//923
f 923//923 892//892 922//922
f 887//887 890//890 923//923
f 924//924 925//925 894//894
f 926//926 895//895 925//925
f 926//926 927//927 895//895
f 894//894 925//925 895//895
f 899//899 924//924 894//894
f 928//928 929//929 924//924
f 899//899 928//928 924//924
f 927//927 896//896 895//895
f 900//900 896//896 927//927
f 930//930 928//928 899//899
f 899//899 903//903 930//930
f 903//903 931//931 932//932
f 903//903 932//932 930//930
f 903//903 905//905 931//931
f 905//905 906//906 931//931
f 931//931 906//906 933//933
f 875//875 907//907 934//934
f 875//875 934//934 908//908
f 934//934 935//935 908//908
f 906//906 909//909 933//933
f 933//933 909//909 910//910
f 908//908 935//935 881//881
f 935//935 936//936 881//881
f 881//881 936//936 883//883
f 936//936 937//937 883//883
f 882//882 912//912 911//911
f 913//913 883//883 937//937
f 937//937 938//938 913//913
f 860//860 915//915 914//914
f 914//914 915//915 939//939
f 938//938 917//917 884//884
f 913//913 938//938 884//884
f 917//917 938//938 940//940
f 941//941 917//917 940//940
f 942//942 939//939 916//916
f 916//916 939//939 915//915
f 941//941 921//921 918//918
f 917//917 941//941 918//918
f 943//943 921//921 941//941
f 943//943 944//944 945//945
f 942//942 945//945 944//944
f 942//942 916//916 945//945
f 918//918 921//921 919//919
f 943//943 945//945 921//921
f 916//916 920//920 945//945
f 945//945 922//922 921//921
f 920//920 922//922 945//945
f 946//946 947//947 948//948
f 925//925 946//946 926//926
f 946//946 925//925 947//947
f 924//924 947//947 925//925
f 924//924 929//929 947//947
f 929//929 948//948 947//947
f 929//929 949//949 948//948
f 950//950 949//949 929//929
f 928//928 950//950 929//929
f 951//951 927//927 926//926
f 952//952 950//950 928//928
f 951//951 900//900 927//927
f 953//953 900//900 951//951
f 928//928 930//930 952//952
f 953//953 901//901 900//900
f 954//954 901//901 953//953
f 901//901 954//954 904//904
f 954//954 955//955 904//904
f 952//952 930//930 932//932
f 956//956 952//952 932//932
f 955//955 907//907 904//904
f 931//931 957//957 956//956
f 931//931 956//956 932//932
f 955//955 934//934 907//907
f 931//931 933//933 957//957
f 934//934 958//958 935//935
f 957//957 959//959 960//960
f 933//933 959//959 957//957
f 933//933 910//910 959//959
f 935//935 958//958 936//936
f 958//958 961//961 936//936
f 910//910 911//911 959//959
f 961//961 962//962 937//937
f 936//936 961//961 937//937
f 912//912 963//963 964//964
f 964//964 911//911 912//912
f 912//912 914//914 963//963
f 962//962 938//938 937//937
f 914//914 965//965 963//963
f 966//966 965//965 939//939
f 939//939 965//965 914//914
f 966//966 942//942 944//944
f 966//966 939//939 942//942
f 967//967 943//943 941//941
f 940//940 967//967 941//941
f 944//944 943//943 967//967
f 968//968 969//969 970//970
f 971//971 968//968 970//970
f 971//971 972//972 968//968
f 972//972 973//973 974//974
f 972//972 974//974 968//968
f 968//968 974//974 975//975
f 976//976 968//968 975//975
f 977//977 969//969 976//976
f 976//976 969//969 968//968
f 978//978 969//969 977//977
f 974//974 973//973 946//946
f 974//974 946//946 948//948
f 948//948 975//975 974//974
f 979//979 977//977 976//976
f 973//973 980//980 946//946
f 975//975 948//948 949//949
f 976//976 975//975 949//949
f 949//949 979//979 976//976
f 980//980 981//981 926//926
f 980//980 926//926 946//946
f 982//982 949//949 950//950
f 979//979 949//949 982//982
f 981//981 983//983 951//951
f 981//981 951//951 926//926
f 951//951 983//983 953//953
f 982//982 950//950 984//984
f 950//950 952//952 984//984
f 952//952 985//985 984//984
f 954//954 986//986 955//955
f 952//952 956//956 985//985
f 955//955 987//987 934//934
f 988//988 987//987 955//955
f 957//957 989//989 956//956
f 934//934 987//987 958//958
f 989//989 957//957 960//960
f 987//987 990//990 958//958
f 960//960 991//991 992//992
f 959//959 991//991 960//960
f 911//911 993//993 991//991
f 991//991 959//959 911//911
f 964//964 993//993 911//911
f 994//994 995//995 962//962
f 961//961 994//994 962//962
f 964//964 963//963 996//996
f 962//962 995//995 938//938
f 997//997 998//998 999//999
f 997//997 1000//1000 998//998
f 1000//1000 1001//1001 998//998
f 965//965 1001//1001 996//996
f 996//996 1001//1001 1000//1000
f 963//963 965//965 996//996
f 995//995 967//967 940//940
f 938//938 995//995 940//940
f 999//999 967//967 995//995
f 966//966 998//998 1001//1001
f 965//965 966//966 1001//1001
f 944//944 967//967 999//999
f 998//998 944//944 999//999
f 966//966 944//944 998//998
f 970//970 1002//1002 971//971
f 1003//1003 1002//1002 970//970
f 1003//1003 970//970 1004//1004
f 969//969 1004//1004 970//970
f 1004//1004 978//978 1005//1005
f 1004//1004 969//969 978//978
f 1006//1006 973//973 972//972
f 1007//1007 973//973 1006//1006
f 977//977 1008//1008 978//978
f 980//980 1007//1007 981//981
f 1007//1007 980//980 973//973
f 1009//1009 1008//1008 977//977
f 977//977 979//979 1009//1009
f 1010//1010 983//983 981//981
f 1011//1011 983//983 1010//1010
f 982//982 1012//1012 979//979
f 979//979 1012//1012 1009//1009
f 953//953 983//983 1011//1011
f 982//982 984//984 1012//1012
f 984//984 1013//1013 1014//1014
f 984//984 985//985 1013//1013
f 985//985 1015//1015 1016//1016
f 1016//1016 1013//1013 985//985
f 986//986 1017//1017 988//988
f 986//986 988//988 955//955
f 985//985 956//956 1015//1015
f 956//956 989//989 1015//1015
f 987//987 988//988 1018//1018
f 991//991 993//993 992//992
f 990//990 1019//1019 958//958
f 993//993 1020//1020 1021//1021
f 958//958 1019//1019 961//961
f 1022//1022 1023//1023 994//994
f 1022//1022 994//994 1019//1019
f 1019//1019 994//994 961//961
f 1000//1000 1024//1024 1025//1025
f 1020//1020 1000//1000 1025//1025
f 1020//1020 996//996 1000//1000
f 1020//1020 964//964 996//996
f 993//993 964//964 1020//1020
f 994//994 1023//1023 995//995
f 1024//1024 1026//1026 1023//1023
f 1000//1000 1026//1026 1024//1024
f 1023//1023 997//997 999//999
f 995//995 1023//1023 999//999
f 1026//1026 997//997 1023//1023
f 1000//1000 997//997 1026//1026
f 1003//1003 1027//1027 1002//1002
f 1003//1003 1028//1028 1029//1029
f 1003//1003 1029//1029 1027//1027
f 1030//1030 1029//1029 1028//1028
f 972//972 971//971 1002//1002
f 972//972 1002//1002 1031//1031
f 1028//1028 1004//1004 1032//1032
f 1003//1003 1004//1004 1028//1028
f 1031//1031 1033//1033 1006//1006
f 972//972 1031//1031 1006//1006
f 1032//1032 1005//1005 1034//1034
f 1004//1004 1005//1005 1032//1032
f 1005//1005 978//978 1008//1008
f 1005//1005 1008//1008 1034//1034
f 1033//1033 1035//1035 1007//1007
f 1006//1006 1033//1033 1007//1007
f 1036//1036 1034//1034 1008//1008
f 1007//1007 1035//1035 981//981
f 981//981 1035//1035 1010//1010
f 1008//1008 1009//1009 1036//1036
f 1009//1009 1037//1037 1038//1038
f 1009//1009 1012//1012 1037//1037
f 1039//1039 953//953 1011//1011
f 1040//1040 953//953 1039//1039
f 1014//1014 1037//1037 1012//1012
f 953//953 1040//1040 954//954
f 1040//1040 1041//1041 954//954
f 1012//1012 984//984 1014//1014
f 1014//1014 1016//1016 1042//1042
f 1013//1013 1016//1016 1014//1014
f 954//954 1041//1041 986//986
f 1041//1041 1043//1043 986//986
f 1017//1017 986//986 1043//1043
f 1016//1016 1015//1015 1044//1044
f 989//989 1045//1045 1015//1015
f 988//988 1017//1017 1018//1018
f 1017//1017 1046//1046 1018//1018
f 1045//1045 989//989 960//960
f 992//992 1045//1045 960//960
f 1018//1018 1047//1047 990//990
f 987//987 1018//1018 990//990
f 1047//1047 1018//1018 1046//1046
f 1021//1021 992//992 993//993
f 990//990 1047//1047 1019//1019
f 1022//1022 1019//1019 1047//1047
f 1022//1022 1048//1048 1023//1023
f 1048//1048 1024//1024 1023//1023
f 1049//1049 1050//1050 1051//1051
f 1051//1051 1050//1050 1052//1052
f 1049//1049 1053//1053 1054//1054
f 1049//1049 1054//1054 1050//1050
f 1052//1052 1050//1050 1055//1055
f 1056//1056 1054//1054 1057//1057
f 1058//1058 1056//1056 1057//1057
f 1053//1053 1057//1057 1054//1054
f 1050//1050 1054//1054 1059//1059
f 1059//1059 1055//1055 1050//1050
f 1058//1058 1027//1027 1056//1056
f 1056//1056 1027//1027 1060//1060
f 1054//1054 1056//1056 1060//1060
f 1059//1059 1054//1054 1060//1060
f 1061//1061 1055//1055 1059//1059
f 1058//1058 1062//1062 1002//1002
f 1027//1027 1058//1058 1002//1002
f 1060//1060 1027//1027 1029//1029
f 1030//1030 1060//1060 1029//1029
f 1059//1059 1060//1060 1063//1063
f 1063//1063 1060//1060 1030//1030
f 1063//1063 1061//1061 1059//1059
f 1062//1062 1064//1064 1031//1031
f 1002//1002 1062//1062 1031//1031
f 1030//1030 1028//1028 1063//1063
f 1061//1061 1063//1063 1065//1065
f 1031//1031 1064//1064 1066//1066
f 1028//1028 1032//1032 1067//1067
f 1028//1028 1067//1067 1065//1065
f 1028//1028 1065//1065 1063//1063
f 1066//1066 1033//1033 1031//1031
f 1068//1068 1033//1033 1066//1066
f 1032//1032 1034//1034 1067//1067
f 1068//1068 1035//1035 1033//1033
f 1069//1069 1035//1035 1068//1068
f 1034//1034 1070//1070 1071//1071
f 1034//1034 1071//1071 1067//1067
f 1072//1072 1035//1035 1069//1069
f 1034//1034 1036//1036 1070//1070
f 1035//1035 1072//1072 1010//1010
f 1036//1036 1038//1038 1070//1070
f 1072//1072 1011//1011 1010//1010
f 1039//1039 1011//1011 1072//1072
f 1036//1036 1009//1009 1038//1038
f 1039//1039 1073//1073 1040//1040
f 1040//1040 1074//1074 1041//1041
f 1073//1073 1074//1074 1040//1040
f 1014//1014 1042//1042 1075//1075
f 1037//1037 1014//1014 1075//1075
f 1042//1042 1016//1016 1044//1044
f 1015//1015 1045//1045 1044//1044
f 1017//1017 1076//1076 1046//1046
f 1043//1043 1076//1076 1017//1017
f 1077//1077 1046//1046 1076//1076
f 1078//1078 1045//1045 992//992
f 1079//1079 1078//1078 992//992
f 1077//1077 1080//1080 1046//1046
f 1081//1081 1082//1082 1083//1083
f 1083//1083 1082//1082 1079//1079
f 1083//1083 1079//1079 1021//1021
f 1021//1021 1079//1079 992//992
f 1080//1080 1048//1048 1047//1047
f 1046//1046 1080//1080 1047//1047
f 1081//1081 1084//1084 1080//1080
f 1084//1084 1048//1048 1080//1080
f 1081//1081 1083//1083 1084//1084
f 1084//1084 1085//1085 1048//1048
f 1020//1020 1085//1085 1083//1083
f 1083//1083 1085//1085 1084//1084
f 1021//1021 1020//1020 1083//1083
f 1047//1047 1048//1048 1022//1022
f 1020//1020 1025//1025 1085//1085
f 1048//1048 1085//1085 1024//1024
f 1025//1025 1024//1024 1085//1085
f 1051//1051 1086//1086 1087//1087
f 1088//1088 1051//1051 1087//1087
f 1088//1088 1089//1089 1051//1051
f 1089//1089 1049//1049 1051//1051
f 1052//1052 1086//1086 1051//1051
f 1052//1052 1090//1090 1086//1086
f 1057//1057 1053//1053 1091//1091
f 1091//1091 1053//1053 1049//1049
f 1055//1055 1092//1092 1093//1093
f 1052//1052 1055//1055 1093//1093
f 1090//1090 1052//1052 1093//1093
f 1094//1094 1058//1058 1057//1057
f 1093//1093 1092//1092 1095//1095
f 1058//1058 1096//1096 1062//1062
f 1096//1096 1058//1058 1094//1094
f 1055//1055 1061//1061 1092//1092
f 1066//1066 1064//1064 1097//1097
f 1097//1097 1064//1064 1062//1062
f 1098//1098 1061//1061 1065//1065
f 1099//1099 1098//1098 1065//1065
f 1065//1065 1067//1067 1071//1071
f 1065//1065 1071//1071 1099//1099
f 1070//1070 1100//1100 1071//1071
f 1070//1070 1038//1038 1100//1100
f 1100//1100 1038//1038 1101//1101
f 1039//1039 1102//1102 1103//1103
f 1102//1102 1039//1039 1072//1072
f 1101//1101 1038//1038 1037//1037
f 1075//1075 1101//1101 1037//1037
f 1103//1103 1073//1073 1039//1039
f 1074//1074 1073//1073 1104//1104
f 1075//1075 1042//1042 1105//1105
f 1074//1074 1104//1104 1041//1041
f 1106//1106 1105//1105 1042//1042
f 1041//1041 1104//1104 1043//1043
f 1104//1104 1107//1107 1043//1043
f 1108//1108 1106//1106 1044//1044
f 1044//1044 1106//1106 1042//1042
f 1043//1043 1107//1107 1076//1076
f 1107//1107 1109//1109 1076//1076
f 1108//1108 1078//1078 1110//1110
f 1108//1108 1045//1045 1078//1078
f 1108//1108 1044//1044 1045//1045
f 1109//1109 1111//1111 1076//1076
f 1109//1109 1112//1112 1111//1111
f 1112//1112 1113//1113 1114//1114
f 1109//1109 1113//1113 1112//1112
f 1076//1076 1111//1111 1077//1077
f 1114//1114 1082//1082 1112//1112
f 1079//1079 1082//1082 1110//1110
f 1110//1110 1082//1082 1114//1114
f 1078//1078 1079//1079 1110//1110
f 1111//1111 1081//1081 1080//1080
f 1077//1077 1111//1111 1080//1080
f 1112//1112 1081//1081 1111//1111
f 1082//1082 1081//1081 1112//1112
f 1087//1087 1115//1115 1088//1088
f 1116//1116 1115//1115 1087//1087
f 1116//1116 1087//1087 1086//1086
f 1117//1117 1116//1116 1086//1086
f 1118//1118 1117//1117 1086//1086
f 1091//1091 1049//1049 1089//1089
f 1091//1091 1089//1089 1119//1119
f 1090//1090 1118//1118 1086//1086
f 1090//1090 1093//1093 1120//1120
f 1091//1091 1094//1094 1057//1057
f 1096//1096 1094//1094 1091//1091
f 1093//1093 1095//1095 1120//1120
f 1062//1062 1096//1096 1097//1097
f 1097//1097 1096//1096 1121//1121
f 1092//1092 1061//1061 1095//1095
f 1061//1061 1098//1098 1095//1095
f 1066//1066 1122//1122 1123//1123
f 1122//1122 1066//1066 1097//1097
f 1098//1098 1099//1099 1124//1124
f 1066//1066 1123//1123 1068//1068
f 1099//1099 1071//1071 1125//1125
f 1123//1123 1069//1069 1068//1068
f 1126//1126 1069//1069 1123//1123
f 1071//1071 1127//1127 1125//1125
f 1126//1126 1128//1128 1069//1069
f 1127//1127 1071//1071 1100//1100
f 1069//1069 1102//1102 1072//1072
f 1069//1069 1129//1129 1102//1102
f 1069//1069 1128//1128 1129//1129
f 1100//1100 1130//1130 1127//1127
f 1100//1100 1101//1101 1130//1130
f 1102//1102 1131//1131 1103//1103
f 1132//1132 1130//1130 1101//1101
f 1132//1132 1101//1101 1075//1075
f 1133//1133 1132//1132 1075//1075
f 1073//1073 1103//1103 1134//1134
f 1103//1103 1131//1131 1134//1134
f 1105//1105 1135//1135 1133//1133
f 1133//1133 1075//1075 1105//1105
f 1073//1073 1134//1134 1104//1104
f 1135//1135 1136//1136 1137//1137
f 1104//1104 1134//1134 1107//1107
f 1106//1106 1136//1136 1135//1135
f 1105//1105 1106//1106 1135//1135
f 1109//1109 1107//1107 1138//1138
f 1136//1136 1106//1106 1108//1108
f 1139//1139 1136//1136 1108//1108
f 1138//1138 1113//1113 1109//1109
f 1138//1138 1114//1114 1113//1113
f 1114//1114 1139//1139 1110//1110
f 1139//1139 1108//1108 1110//1110
f 1140//1140 1141//1141 1142//1142
f 1143//1143 1140//1140 1142//1142
f 1142//1142 1141//1141 1144//1144
f 1145//1145 1140//1140 1146//1146
f 1143//1143 1146//1146 1140//1140
f 1144//1144 1141//1141 1147//1147
f 1145//1145 1148//1148 1116//1116
f 1146//1146 1148//1148 1145//1145
f 1140//1140 1145//1145 1149//1149
f 1141//1141 1140//1140 1150//1150
f 1150//1150 1140//1140 1149//1149
f 1151//1151 1147//1147 1141//1141
f 1150//1150 1151//1151 1141//1141
f 1117//1117 1145//1145 1116//1116
f 1117//1117 1149//1149 1145//1145
f 1151//1151 1150//1150 1152//1152
f 1149//1149 1117//1117 1118//1118
f 1150//1150 1149//1149 1153//1153
f 1153//1153 1149//1149 1118//1118
f 1154//1154 1152//1152 1150//1150
f 1153//1153 1154//1154 1150//1150
f 1155//1155 1156//1156 1119//1119
f 1115//1115 1155//1155 1119//1119
f 1115//1115 1119//1119 1089//1089
f 1115//1115 1089//1089 1088//1088
f 1154//1154 1153//1153 1157//1157
f 1158//1158 1091//1091 1119//1119
f 1158//1158 1119//1119 1156//1156
f 1153//1153 1090//1090 1120//1120
f 1118//1118 1090//1090 1153//1153
f 1157//1157 1153//1153 1120//1120
f 1159//1159 1157//1157 1120//1120
f 1158//1158 1121//1121 1096//1096
f 1091//1091 1158//1158 1096//1096
f 1120//1120 1095//1095 1159//1159
f 1122//1122 1097//1097 1121//1121
f 1095//1095 1160//1160 1159//1159
f 1160//1160 1124//1124 1161//1161
f 1160//1160 1095//1095 1124//1124
f 1095//1095 1098//1098 1124//1124
f 1122//1122 1162//1162 1123//1123
f 1122//1122 1163//1163 1162//1162
f 1124//1124 1125//1125 1164//1164
f 1099//1099 1125//1125 1124//1124
f 1123//1123 1162//1162 1126//1126
f 1165//1165 1125//1125 1127//1127
f 1166//1166 1165//1165 1127//1127
f 1128//1128 1167//1167 1129//1129
f 1130//1130 1166//1166 1127//1127
f 1129//1129 1167//1167 1102//1102
f 1168//1168 1169//1169 1170//1170
f 1166//1166 1130//1130 1168//1168
f 1167//1167 1171//1171 1131//1131
f 1102//1102 1167//1167 1131//1131
f 1171//1171 1167//1167 1172//1172
f 1168//1168 1132//1132 1169//1169
f 1130//1130 1132//1132 1168//1168
f 1173//1173 1171//1171 1172//1172
f 1174//1174 1171//1171 1173//1173
f 1169//1169 1133//1133 1175//1175
f 1132//1132 1133//1133 1169//1169
f 1171//1171 1176//1176 1134//1134
f 1131//1131 1171//1171 1134//1134
f 1174//1174 1176//1176 1171//1171
f 1173//1173 1177//1177 1174//1174
f 1175//1175 1135//1135 1137//1137
f 1175//1175 1133//1133 1135//1135
f 1174//1174 1178//1178 1176//1176
f 1177//1177 1179//1179 1174//1174
f 1179//1179 1178//1178 1174//1174
f 1137//1137 1136//1136 1179//1179
f 1137//1137 1179//1179 1177//1177
f 1176//1176 1138//1138 1107//1107
f 1134//1134 1176//1176 1107//1107
f 1178//1178 1138//1138 1176//1176
f 1139//1139 1138//1138 1178//1178
f 1179//1179 1139//1139 1178//1178
f 1136//1136 1139//1139 1179//1179
f 1139//1139 1114//1114 1138//1138
f 1180//1180 1181//1181 1182//1182
f 1183//1183 1142//1142 1180//1180
f 1144//1144 1181//1181 1180//1180
f 1184//1184 1143//1143 1183//1183
f 1183//1183 1143//1143 1142//1142
f 1144//1144 1180//1180 1142//1142
f 1185//1185 1181//1181 1144//1144
f 1143//1143 1184//1184 1146//1146
f 1144//1144 1147//1147 1185//1185
f 1184//1184 1148//1148 1146//1146
f 1186//1186 1148//1148 1184//1184
f 1187//1187 1147//1147 1151//1151
f 1186//1186 1188//1188 1155//1155
f 1148//1148 1186//1186 1155//1155
f 1148//1148 1155//1155 1115//1115
f 1148//1148 1115//1115 1116//1116
f 1151//1151 1152//1152 1187//1187
f 1155//1155 1188//1188 1156//1156
f 1157//1157 1189//1189 1190//1190
f 1154//1154 1157//1157 1190//1190
f 1156//1156 1191//1191 1158//1158
f 1191//1191 1121//1121 1158//1158
f 1192//1192 1121//1121 1191//1191
f 1189//1189 1157//1157 1159//1159
f 1193//1193 1189//1189 1159//1159
f 1194//1194 1121//1121 1192//1192
f 1195//1195 1193//1193 1159//1159
f 1122//1122 1194//1194 1196//1196
f 1194//1194 1122//1122 1121//1121
f 1161//1161 1197//1197 1160//1160
f 1195//1195 1159//1159 1160//1160
f 1197//1197 1195//1195 1160//1160
f 1163//1163 1122//1122 1196//1196
f 1124//1124 1164//1164 1161//1161
f 1196//1196 1198//1198 1163//1163
f 1164//1164 1165//1165 1199//1199
f 1125//1125 1165//1165 1164//1164
f 1162//1162 1163//1163 1200//1200
f 1200//1200 1201//1201 1162//1162
f 1162//1162 1201//1201 1126//1126
f 1165//1165 1202//1202 1203//1203
f 1203//1203 1204//1204 1165//1165
f 1126//1126 1167//1167 1128//1128
f 1126//1126 1205//1205 1167//1167
f 1126//1126 1201//1201 1205//1205
f 1202//1202 1165//1165 1166//1166
f 1172//1172 1167//1167 1205//1205
f 1202//1202 1166//1166 1168//1168
f 1170//1170 1202//1202 1168//1168
f 1206//1206 1172//1172 1207//1207
f 1175//1175 1208//1208 1209//1209
f 1175//1175 1170//1170 1169//1169
f 1175//1175 1209//1209 1170//1170
f 1206//1206 1173//1173 1172//1172
f 1208//1208 1206//1206 1207//1207
f 1208//1208 1210//1210 1206//1206
f 1175//1175 1210//1210 1208//1208
f 1206//1206 1210//1210 1173//1173
f 1175//1175 1137//1137 1210//1210
f 1210//1210 1177//1177 1173//1173
f 1137//1137 1177//1177 1210//1210
f 1211//1211 1212//1212 1213//1213
f 1214//1214 1180//1180 1215//1215
f 1214//1214 1215//1215 1216//1216
f 1182//1182 1211//1211 1215//1215
f 1182//1182 1215//1215 1180//1180
f 1217//1217 1212//1212 1182//1182
f 1182//1182 1212//1212 1211//1211
f 1214//1214 1183//1183 1180//1180
f 1182//1182 1181//1181 1218//1218
f 1217//1217 1182//1182 1218//1218
f 1183//1183 1219//1219 1184//1184
f 1219//1219 1183//1183 1214//1214
f 1220//1220 1184//1184 1219//1219
f 1185//1185 1147//1147 1187//1187
f 1186//1186 1220//1220 1188//1188
f 1220//1220 1186//1186 1184//1184
f 1187//1187 1152//1152 1221//1221
f 1222//1222 1187//1187 1221//1221
f 1188//1188 1223//1223 1156//1156
f 1152//1152 1154//1154 1224//1224
f 1221//1221 1152//1152 1224//1224
f 1191//1191 1156//1156 1225//1225
f 1224//1224 1154//1154 1190//1190
f 1191//1191 1225//1225 1192//1192
f 1189//1189 1193//1193 1190//1190
f 1190//1190 1193//1193 1224//1224
f 1193//1193 1195//1195 1226//1226
f 1227//1227 1194//1194 1192//1192
f 1228//1228 1194//1194 1227//1227
f 1194//1194 1229//1229 1196//1196
f 1194//1194 1228//1228 1229//1229
f 1230//1230 1231//1231 1197//1197
f 1231//1231 1195//1195 1197//1197
f 1164//1164 1199//1199 1230//1230
f 1230//1230 1197//1197 1164//1164
f 1161//1161 1164//1164 1197//1197
f 1196//1196 1229//1229 1198//1198
f 1165//1165 1204//1204 1199//1199
f 1198//1198 1232//1232 1200//1200
f 1163//1163 1198//1198 1200//1200
f 1201//1201 1200//1200 1232//1232
f 1201//1201 1232//1232 1205//1205
f 1205//1205 1232//1232 1233//1233
f 1202//1202 1234//1234 1235//1235
f 1202//1202 1235//1235 1203//1203
f 1233//1233 1236//1236 1205//1205
f 1236//1236 1207//1207 1205//1205
f 1237//1237 1236//1236 1233//1233
f 1205//1205 1207//1207 1172//1172
f 1237//1237 1209//1209 1236//1236
f 1170//1170 1209//1209 1234//1234
f 1234//1234 1209//1209 1237//1237
f 1202//1202 1170//1170 1234//1234
f 1209//1209 1208//1208 1236//1236
f 1236//1236 1208//1208 1207//1207
f 1238//1238 1239//1239 1240//1240
f 1239//1239 1241//1241 1242//1242
f 1240//1240 1239//1239 1242//1242
f 1242//1242 1241//1241 1243//1243
f 1213//1213 1238//1238 1244//1244
f 1239//1239 1238//1238 1213//1213
f 1239//1239 1213//1213 1245//1245
f 1245//1245 1246//1246 1239//1239
f 1246//1246 1241//1241 1239//1239
f 1216//1216 1211//1211 1244//1244
f 1244//1244 1211//1211 1213//1213
f 1212//1212 1247//1247 1213//1213
f 1245//1245 1213//1213 1247//1247
f 1245//1245 1247//1247 1246//1246
f 1247//1247 1248//1248 1246//1246
f 1248//1248 1241//1241 1246//1246
f 1249//1249 1214//1214 1216//1216
f 1211//1211 1216//1216 1215//1215
f 1217//1217 1247//1247 1212//1212
f 1217//1217 1248//1248 1247//1247
f 1249//1249 1250//1250 1251//1251
f 1218//1218 1252//1252 1217//1217
f 1253//1253 1248//1248 1252//1252
f 1252//1252 1248//1248 1217//1217
f 1254//1254 1248//1248 1253//1253
f 1251//1251 1219//1219 1249//1249
f 1214//1214 1249//1249 1219//1219
f 1181//1181 1185//1185 1255//1255
f 1181//1181 1252//1252 1218//1218
f 1181//1181 1255//1255 1252//1252
f 1255//1255 1253//1253 1252//1252
f 1251//1251 1220//1220 1219//1219
f 1256//1256 1220//1220 1251//1251
f 1185//1185 1187//1187 1255//1255
f 1253//1253 1255//1255 1257//1257
f 1188//1188 1220//1220 1258//1258
f 1187//1187 1222//1222 1255//1255
f 1257//1257 1255//1255 1222//1222
f 1188//1188 1259//1259 1223//1223
f 1259//1259 1188//1188 1258//1258
f 1222//1222 1221//1221 1260//1260
f 1222//1222 1260//1260 1261//1261
f 1257//1257 1222//1222 1261//1261
f 1225//1225 1156//1156 1223//1223
f 1225//1225 1223//1223 1262//1262
f 1221//1221 1224//1224 1260//1260
f 1225//1225 1262//1262 1263//1263
f 1260//1260 1224//1224 1264//1264
f 1225//1225 1265//1265 1192//1192
f 1225//1225 1263//1263 1265//1265
f 1264//1264 1193//1193 1266//1266
f 1264//1264 1224//1224 1193//1193
f 1192//1192 1265//1265 1227//1227
f 1195//1195 1267//1267 1226//1226
f 1227//1227 1268//1268 1228//1228
f 1227//1227 1269//1269 1268//1268
f 1270//1270 1267//1267 1231//1231
f 1267//1267 1195//1195 1231//1231
f 1268//1268 1271//1271 1228//1228
f 1270//1270 1231//1231 1230//1230
f 1229//1229 1228//1228 1271//1271
f 1272//1272 1271//1271 1268//1268
f 1272//1272 1273//1273 1271//1271
f 1274//1274 1275//1275 1276//1276
f 1276//1276 1230//1230 1199//1199
f 1276//1276 1275//1275 1230//1230
f 1275//1275 1277//1277 1230//1230
f 1277//1277 1270//1270 1230//1230
f 1271//1271 1233//1233 1198//1198
f 1229//1229 1271//1271 1198//1198
f 1273//1273 1278//1278 1271//1271
f 1278//1278 1233//1233 1271//1271
f 1279//1279 1278//1278 1273//1273
f 1272//1272 1280//1280 1273//1273
f 1280//1280 1279//1279 1273//1273
f 1274//1274 1280//1280 1272//1272
f 1274//1274 1276//1276 1280//1280
f 1199//1199 1204//1204 1276//1276
f 1198//1198 1233//1233 1232//1232
f 1280//1280 1235//1235 1279//1279
f 1203//1203 1235//1235 1276//1276
f 1276//1276 1235//1235 1280//1280
f 1204//1204 1203//1203 1276//1276
f 1278//1278 1237//1237 1233//1233
f 1235//1235 1234//1234 1237//1237
f 1235//1235 1237//1237 1279//1279
f 1279//1279 1237//1237 1278//1278
f 1240//1240 1281//1281 1238//1238
f 1238//1238 1281//1281 1282//1282
f 1243//1243 1241//1241 1283//1283
f 1244//1244 1284//1284 1216//1216
f 1216//1216 1284//1284 1285//1285
f 1284//1284 1244//1244 1238//1238
f 1241//1241 1248//1248 1286//1286
f 1286//1286 1283//1283 1241//1241
f 1249//1249 1285//1285 1250//1250
f 1285//1285 1249//1249 1216//1216
f 1248//1248 1254//1254 1286//1286
f 1256//1256 1251//1251 1250//1250
f 1256//1256 1287//1287 1288//1288
f 1289//1289 1253//1253 1257//1257
f 1258//1258 1288//1288 1259//1259
f 1288//1288 1258//1258 1256//1256
f 1220//1220 1256//1256 1258//1258
f 1261//1261 1260//1260 1290//1290
f 1291//1291 1257//1257 1261//1261
f 1290//1290 1291//1291 1261//1261
f 1259//1259 1262//1262 1223//1223
f 1260//1260 1292//1292 1290//1290
f 1262//1262 1293//1293 1263//1263
f 1292//1292 1260//1260 1264//1264
f 1292//1292 1264//1264 1294//1294
f 1294//1294 1264//1264 1266//1266
f 1266//1266 1226//1226 1295//1295
f 1193//1193 1226//1226 1266//1266
f 1265//1265 1269//1269 1227//1227
f 1265//1265 1296//1296 1269//1269
f 1265//1265 1263//1263 1296//1296
f 1226//1226 1267//1267 1295//1295
f 1267//1267 1297//1297 1295//1295
f 1268//1268 1269//1269 1298//1298
f 1299//1299 1269//1269 1296//1296
f 1298//1298 1269//1269 1299//1299
f 1267//1267 1270//1270 1297//1297
f 1270//1270 1300//1300 1297//1297
f 1298//1298 1272//1272 1268//1268
f 1301//1301 1302//1302 1275//1275
f 1298//1298 1302//1302 1301//1301
f 1302//1302 1277//1277 1275//1275
f 1277//1277 1300//1300 1270//1270
f 1274//1274 1272//1272 1301//1301
f 1301//1301 1272//1272 1298//1298
f 1275//1275 1274//1274 1301//1301
f 1243//1243 1303//1303 1242//1242
f 1242//1242 1303//1303 1304//1304
f 1284//1284 1282//1282 1305//1305
f 1282//1282 1284//1284 1238//1238
f 1243//1243 1283//1283 1303//1303
f 1304//1304 1303//1303 1283//1283
f 1284//1284 1305//1305 1285//1285
f 1285//1285 1305//1305 1306//1306
f 1250//1250 1285//1285 1307//1307
f 1256//1256 1308//1308 1287//1287
f 1307//1307 1256//1256 1250//1250
f 1308//1308 1256//1256 1307//1307
f 1253//1253 1289//1289 1309//1309
f 1289//1289 1257//1257 1310//1310
f 1259//1259 1288//1288 1311//1311
f 1287//1287 1311//1311 1288//1288
f 1257//1257 1291//1291 1312//1312
f 1310//1310 1257//1257 1312//1312
f 1313//1313 1259//1259 1311//1311
f 1290//1290 1294//1294 1314//1314
f 1291//1291 1290//1290 1312//1312
f 1312//1312 1290//1290 1314//1314
f 1313//1313 1262//1262 1259//1259
f 1294//1294 1290//1290 1292//1292
f 1313//1313 1293//1293 1262//1262
f 1294//1294 1266//1266 1315//1315
f 1263//1263 1293//1293 1316//1316
f 1317//1317 1318//1318 1295//1295
f 1315//1315 1266//1266 1295//1295
f 1318//1318 1315//1315 1295//1295
f 1316//1316 1299//1299 1296//1296
f 1263//1263 1316//1316 1296//1296
f 1299//1299 1316//1316 1319//1319
f 1320//1320 1317//1317 1297//1297
f 1317//1317 1295//1295 1297//1297
f 1321//1321 1299//1299 1319//1319
f 1321//1321 1298//1298 1299//1299
f 1320//1320 1297//1297 1300//1300
f 1321//1321 1302//1302 1298//1298
f 1302//1302 1300//1300 1277//1277
f 1322//1322 1304//1304 1323//1323
f 1282//1282 1324//1324 1325//1325
f 1326//1326 1324//1324 1281//1281
f 1324//1324 1282//1282 1281//1281
f 1240//1240 1326//1326 1281//1281
f 1322//1322 1326//1326 1240//1240
f 1242//1242 1322//1322 1240//1240
f 1304//1304 1322//1322 1242//1242
f 1327//1327 1323//1323 1304//1304
f 1328//1328 1323//1323 1327//1327
f 1323//1323 1328//1328 1329//1329
f 1282//1282 1325//1325 1305//1305
f 1305//1305 1325//1325 1330//1330
f 1283//1283 1327//1327 1304//1304
f 1283//1283 1331//1331 1327//1327
f 1328//1328 1327//1327 1331//1331
f 1285//1285 1306//1306 1332//1332
f 1305//1305 1330//1330 1306//1306
f 1306//1306 1330//1330 1332//1332
f 1286//1286 1331//1331 1283//1283
f 1286//1286 1333//1333 1331//1331
f 1328//1328 1331//1331 1334//1334
f 1334//1334 1331//1331 1333//1333
f 1329//1329 1328//1328 1334//1334
f 1307//1307 1332//1332 1308//1308
f 1332//1332 1307//1307 1285//1285
f 1286//1286 1335//1335 1333//1333
f 1336//1336 1333//1333 1335//1335
f 1334//1334 1333//1333 1336//1336
f 1254//1254 1253//1253 1309//1309
f 1254//1254 1335//1335 1286//1286
f 1254//1254 1309//1309 1335//1335
f 1309//1309 1337//1337 1335//1335
f 1336//1336 1335//1335 1337//1337
f 1287//1287 1308//1308 1338//1338
f 1309//1309 1289//1289 1339//1339
f 1340//1340 1309//1309 1339//1339
f 1287//1287 1338//1338 1341//1341
f 1339//1339 1289//1289 1310//1310
f 1339//1339 1310//1310 1342//1342
f 1340//1340 1339//1339 1342//1342
f 1341//1341 1311//1311 1287//1287
f 1342//1342 1310//1310 1312//1312
f 1343//1343 1342//1342 1312//1312
f 1311//1311 1344//1344 1313//1313
f 1341//1341 1344//1344 1311//1311
f 1345//1345 1314//1314 1294//1294
f 1345//1345 1346//1346 1314//1314
f 1313//1313 1344//1344 1347//1347
f 1293//1293 1313//1313 1347//1347
f 1348//1348 1347//1347 1349//1349
f 1318//1318 1350//1350 1351//1351
f 1318//1318 1351//1351 1315//1315
f 1351//1351 1352//1352 1315//1315
f 1345//1345 1315//1315 1352//1352
f 1294//1294 1315//1315 1345//1345
f 1347//1347 1319//1319 1316//1316
f 1293//1293 1347//1347 1316//1316
f 1348//1348 1353//1353 1347//1347
f 1353//1353 1319//1319 1347//1347
f 1354//1354 1353//1353 1348//1348
f 1355//1355 1348//1348 1349//1349
f 1355//1355 1354//1354 1348//1348
f 1356//1356 1357//1357 1317//1317
f 1354//1354 1357//1357 1356//1356
f 1357//1357 1350//1350 1317//1317
f 1350//1350 1318//1318 1317//1317
f 1353//1353 1321//1321 1319//1319
f 1354//1354 1358//1358 1353//1353
f 1356//1356 1358//1358 1354//1354
f 1317//1317 1320//1320 1356//1356
f 1358//1358 1321//1321 1353//1353
f 1320//1320 1300//1300 1358//1358
f 1356//1356 1320//1320 1358//1358
f 1321//1321 1358//1358 1302//1302
f 1300//1300 1302//1302 1358//1358
f 1322//1322 1359//1359 1326//1326
f 1326//1326 1359//1359 1360//1360
f 1323//1323 1361//1361 1322//1322
f 1322//1322 1361//1361 1359//1359
f 1324//1324 1360//1360 1325//1325
f 1325//1325 1360//1360 1362//1362
f 1360//1360 1324//1324 1326//1326
f 1329//1329 1363//1363 1323//1323
f 1323//1323 1363//1363 1361//1361
f 1325//1325 1362//1362 1330//1330
f 1330//1330 1362//1362 1364//1364
f 1330//1330 1364//1364 1332//1332
f 1332//1332 1364//1364 1365//1365
f 1329//1329 1334//1334 1366//1366
f 1308//1308 1332//1332 1367//1367
f 1365//1365 1367//1367 1332//1332
f 1368//1368 1334//1334 1336//1336
f 1369//1369 1334//1334 1368//1368
f 1366//1366 1334//1334 1369//1369
f 1370//1370 1308//1308 1367//1367
f 1337//1337 1309//1309 1340//1340
f 1340//1340 1371//1371 1337//1337
f 1368//1368 1336//1336 1337//1337
f 1338//1338 1308//1308 1372//1372
f 1372//1372 1308//1308 1370//1370
f 1371//1371 1340//1340 1373//1373
f 1338//1338 1374//1374 1341//1341
f 1338//1338 1372//1372 1374//1374
f 1375//1375 1376//1376 1342//1342
f 1342//1342 1376//1376 1373//1373
f 1373//1373 1340//1340 1342//1342
f 1374//1374 1377//1377 1341//1341
f 1378//1378 1379//1379 1343//1343
f 1375//1375 1342//1342 1343//1343
f 1375//1375 1343//1343 1379//1379
f 1344//1344 1341//1341 1377//1377
f 1344//1344 1377//1377 1380//1380
f 1381//1381 1346//1346 1345//1345
f 1381//1381 1382//1382 1346//1346
f 1314//1314 1346//1346 1378//1378
f 1346//1346 1382//1382 1378//1378
f 1378//1378 1343//1343 1314//1314
f 1312//1312 1314//1314 1343//1343
f 1380//1380 1349//1349 1347//1347
f 1344//1344 1380//1380 1347//1347
f 1383//1383 1349//1349 1380//1380
f 1383//1383 1355//1355 1349//1349
f 1384//1384 1385//1385 1383//1383
f 1385//1385 1355//1355 1383//1383
f 1350//1350 1385//1385 1351//1351
f 1381//1381 1352//1352 1351//1351
f 1345//1345 1352//1352 1381//1381
f 1357//1357 1354//1354 1355//1355
f 1385//1385 1357//1357 1355//1355
f 1350//1350 1357//1357 1385//1385
f 1386//1386 1360//1360 1387//1387
f 1387//1387 1360//1360 1359//1359
f 1361//1361 1388//1388 1359//1359
f 1360//1360 1386//1386 1362//1362
f 1361//1361 1389//1389 1388//1388
f 1361//1361 1363//1363 1389//1389
f 1363//1363 1390//1390 1391//1391
f 1363//1363 1391//1391 1389//1389
f 1392//1392 1364//1364 1362//1362
f 1390//1390 1329//1329 1393//1393
f 1363//1363 1329//1329 1390//1390
f 1394//1394 1391//1391 1390//1390
f 1393//1393 1394//1394 1390//1390
f 1395//1395 1365//1365 1364//1364
f 1392//1392 1395//1395 1364//1364
f 1329//1329 1366//1366 1393//1393
f 1394//1394 1393//1393 1396//1396
f 1397//1397 1367//1367 1365//1365
f 1395//1395 1397//1397 1365//1365
f 1398//1398 1393//1393 1366//1366
f 1367//1367 1397//1397 1370//1370
f 1337//1337 1371//1371 1399//1399
f 1371//1371 1400//1400 1399//1399
f 1368//1368 1337//1337 1401//1401
f 1401//1401 1337//1337 1399//1399
f 1402//1402 1368//1368 1401//1401
f 1369//1369 1368//1368 1402//1402
f 1370//1370 1403//1403 1372//1372
f 1373//1373 1404//1404 1405//1405
f 1371//1371 1373//1373 1400//1400
f 1373//1373 1405//1405 1400//1400
f 1406//1406 1372//1372 1403//1403
f 1379//1379 1404//1404 1375//1375
f 1375//1375 1404//1404 1376//1376
f 1404//1404 1373//1373 1376//1376
f 1377//1377 1406//1406 1407//1407
f 1374//1374 1406//1406 1377//1377
f 1374//1374 1372//1372 1406//1406
f 1408//1408 1409//1409 1410//1410
f 1410//1410 1409//1409 1378//1378
f 1409//1409 1379//1379 1378//1378
f 1407//1407 1383//1383 1380//1380
f 1377//1377 1407//1407 1380//1380
f 1411//1411 1383//1383 1407//1407
f 1381//1381 1412//1412 1382//1382
f 1412//1412 1408//1408 1382//1382
f 1408//1408 1410//1410 1382//1382
f 1378//1378 1382//1382 1410//1410
f 1411//1411 1384//1384 1383//1383
f 1412//1412 1384//1384 1411//1411
f 1351//1351 1385//1385 1384//1384
f 1412//1412 1351//1351 1384//1384
f 1381//1381 1351//1351 1412//1412
f 1387//1387 1359//1359 1413//1413
f 1359//1359 1388//1388 1413//1413
f 1362//1362 1386//1386 1414//1414
f 1414//1414 1386//1386 1415//1415
f 1386//1386 1387//1387 1415//1415
f 1416//1416 1415//1415 1387//1387
f 1413//1413 1416//1416 1387//1387
f 1417//1417 1416//1416 1413//1413
f 1388//1388 1417//1417 1413//1413
f 1418//1418 1417//1417 1388//1388
f 1388//1388 1389//1389 1418//1418
f 1391//1391 1419//1419 1389//1389
f 1389//1389 1419//1419 1418//1418
f 1391//1391 1394//1394 1420//1420
f 1391//1391 1420//1420 1419//1419
f 1394//1394 1421//1421 1420//1420
f 1392//1392 1362//1362 1414//1414
f 1415//1415 1422//1422 1414//1414
f 1421//1421 1394//1394 1396//1396
f 1423//1423 1421//1421 1396//1396
f 1395//1395 1392//1392 1424//1424
f 1392//1392 1414//1414 1424//1424
f 1425//1425 1424//1424 1422//1422
f 1424//1424 1414//1414 1422//1422
f 1396//1396 1393//1393 1398//1398
f 1426//1426 1396//1396 1398//1398
f 1426//1426 1423//1423 1396//1396
f 1397//1397 1395//1395 1427//1427
f 1395//1395 1424//1424 1427//1427
f 1427//1427 1424//1424 1428//1428
f 1425//1425 1428//1428 1424//1424
f 1366//1366 1369//1369 1429//1429
f 1366//1366 1429//1429 1398//1398
f 1430//1430 1398//1398 1429//1429
f 1426//1426 1398//1398 1431//1431
f 1431//1431 1398//1398 1430//1430
f 1397//1397 1427//1427 1370//1370
f 1428//1428 1432//1432 1427//1427
f 1433//1433 1432//1432 1428//1428
f 1434//1434 1435//1435 1436//1436
f 1434//1434 1436//1436 1405//1405
f 1405//1405 1437//1437 1400//1400
f 1436//1436 1437//1437 1405//1405
f 1399//1399 1400//1400 1438//1438
f 1400//1400 1437//1437 1438//1438
f 1401//1401 1399//1399 1439//1439
f 1399//1399 1438//1438 1439//1439
f 1429//1429 1369//1369 1402//1402
f 1430//1430 1429//1429 1402//1402
f 1403//1403 1370//1370 1427//1427
f 1403//1403 1427//1427 1406//1406
f 1406//1406 1427//1427 1440//1440
f 1432//1432 1440//1440 1427//1427
f 1441//1441 1440//1440 1432//1432
f 1433//1433 1441//1441 1432//1432
f 1441//1441 1442//1442 1435//1435
f 1433//1433 1442//1442 1441//1441
f 1405//1405 1404//1404 1434//1434
f 1440//1440 1443//1443 1406//1406
f 1441//1441 1444//1444 1440//1440
f 1445//1445 1444//1444 1441//1441
f 1379//1379 1445//1445 1435//1435
f 1435//1435 1445//1445 1441//1441
f 1404//1404 1379//1379 1435//1435
f 1434//1434 1404//1404 1435//1435
f 1406//1406 1443//1443 1407//1407
f 1440//1440 1446//1446 1443//1443
f 1408//1408 1446//1446 1444//1444
f 1444//1444 1446//1446 1440//1440
f 1409//1409 1408//1408 1444//1444
f 1445//1445 1409//1409 1444//1444
f 1379//1379 1409//1409 1445//1445
f 1411//1411 1407//1407 1443//1443
f 1412//1412 1443//1443 1446//1446
f 1408//1408 1412//1412 1446//1446
f 1412//1412 1411//1411 1443//1443
f 1447//1447 1415//1415 1416//1416
f 1416//1416 1448//1448 1447//1447
f 1417//1417 1448//1448 1416//1416
f 1418//1418 1449//1449 1417//1417
f 1419//1419 1449//1449 1418//1418
f 1420//1420 1450//1450 1419//1419
f 1419//1419 1450//1450 1449//1449
f 1421//1421 1451//1451 1420//1420
f 1420//1420 1451//1451 1450//1450
f 1421//1421 1423//1423 1451//1451
f 1451//1451 1423//1423 1452//1452
f 1453//1453 1425//1425 1422//1422
f 1453//1453 1422//1422 1415//1415
f 1447//1447 1453//1453 1415//1415
f 1454//1454 1425//1425 1455//1455
f 1456//1456 1425//1425 1453//1453
f 1455//1455 1425//1425 1456//1456
f 1426//1426 1452//1452 1423//1423
f 1426//1426 1457//1457 1452//1452
f 1458//1458 1452//1452 1457//1457
f 1428//1428 1425//1425 1454//1454
f 1455//1455 1459//1459 1454//1454
f 1460//1460 1459//1459 1455//1455
f 1455//1455 1461//1461 1460//1460
f 1460//1460 1461//1461 1462//1462
f 1431//1431 1457//1457 1426//1426
f 1433//1433 1428//1428 1454//1454
f 1433//1433 1454//1454 1442//1442
f 1436//1436 1435//1435 1442//1442
f 1436//1436 1442//1442 1459//1459
f 1459//1459 1442//1442 1454//1454
f 1460//1460 1436//1436 1459//1459
f 1437//1437 1436//1436 1460//1460
f 1438//1438 1437//1437 1460//1460
f 1462//1462 1438//1438 1460//1460
f 1462//1462 1439//1439 1438//1438
f 1462//1462 1463//1463 1439//1439
f 1439//1439 1464//1464 1401//1401
f 1463//1463 1464//1464 1439//1439
f 1401//1401 1464//1464 1402//1402
f 1464//1464 1465//1465 1402//1402
f 1402//1402 1465//1465 1430//1430
f 1465//1465 1466//1466 1430//1430
f 1430//1430 1466//1466 1431//1431
f 1458//1458 1457//1457 1466//1466
f 1466//1466 1457//1457 1431//1431
f 1467//1467 1464//1464 1463//1463
f 1465//1465 1464//1464 1467//1467
f 1466//1466 1465//1465 1467//1467
f 1468//1468 1466//1466 1467//1467
f 1458//1458 1466//1466 1468//1468
f 1447//1447 1448//1448 1469//1469
f 1448//1448 1417//1417 1470//1470
f 1469//1469 1448//1448 1470//1470
f 1417//1417 1449//1449 1470//1470
f 1470//1470 1449//1449 1471//1471
f 1449//1449 1450//1450 1471//1471
f 1471//1471 1450//1450 1472//1472
f 1450//1450 1451//1451 1472//1472
f 1472//1472 1451//1451 1452//1452
f 1453//1453 1447//1447 1473//1473
f 1456//1456 1453//1453 1473//1473
f 1447//1447 1469//1469 1473//1473
f 1474//1474 1473//1473 1469//1469
f 1470//1470 1474//1474 1469//1469
f 1475//1475 1474//1474 1470//1470
f 1471//1471 1475//1475 1470//1470
f 1476//1476 1475//1475 1471//1471
f 1472//1472 1476//1476 1471//1471
f 1477//1477 1476//1476 1472//1472
f 1452//1452 1477//1477 1472//1472
f 1478//1478 1456//1456 1473//1473
f 1474//1474 1478//1478 1473//1473
f 1475//1475 1479//1479 1474//1474
f 1479//1479 1478//1478 1474//1474
f 1480//1480 1479//1479 1475//1475
f 1476//1476 1480//1480 1475//1475
f 1481//1481 1480//1480 1476//1476
f 1477//1477 1481//1481 1476//1476
f 1482//1482 1481//1481 1477//1477
f 1452//1452 1458//1458 1482//1482
f 1452//1452 1482//1482 1477//1477
f 1461//1461 1455//1455 1456//1456
f 1478//1478 1461//1461 1456//1456
f 1461//1461 1478//1478 1483//1483
f 1484//1484 1483//1483 1478//1478
f 1479//1479 1484//1484 1478//1478
f 1485//1485 1479//1479 1480//1480
f 1485//1485 1484//1484 1479//1479
f 1484//1484 1485//1485 1486//1486
f 1482//1482 1458//1458 1487//1487
f 1483//1483 1463//1463 1462//1462
f 1461//1461 1483//1483 1462//1462
f 1484//1484 1463//1463 1483//1483
f 1488//1488 1463//1463 1484//1484
f 1486//1486 1488//1488 1484//1484
f 1487//1487 1488//1488 1486//1486
f 1488//1488 1467//1467 1463//1463
f 1468//1468 1467//1467 1488//1488
f 1487//1487 1468//1468 1488//1488
f 1458//1458 1468//1468 1487//1487
f 1482//1482 1487//1487 1481//1481
f 1486//1486 1485//1485 1480//1480
f 1481//1481 1486//1486 1480//1480
f 1486//1486 1481//1481 1487//1487
