# Generated by Visualization Toolkit
v -130.3273162841797 -203.4333038330078 82.14340209960938
v -131.38662719726562 -204.03680419921875 81.81297302246094
v -132.349853515625 -202.9898223876953 82.87007141113281
v -128.80355834960938 -204.60769653320312 82.10430908203125
v -130.12548828125 -204.95791625976562 81.49720001220703
v -131.83338928222656 -205.32423400878906 81.42298889160156
v -133.8849639892578 -204.79214477539062 83.08889770507812
v -129.28622436523438 -206.05087280273438 81.87003326416016
v -130.97169494628906 -206.35324096679688 81.68992614746094
v -134.041259765625 -206.223388671875 83.14028930664062
v -132.63067626953125 -207.51422119140625 82.83346557617188
v -128.4691925048828 -202.73609924316406 83.65594482421875
v -130.5225372314453 -201.71676635742188 84.5918960571289
v -127.70291900634766 -202.65579223632812 84.49951171875
v -127.02369689941406 -204.82232666015625 84.4044418334961
v -133.1750946044922 -202.9113006591797 84.60318756103516
v -127.44367980957031 -206.09124755859375 83.86460876464844
v -134.60260009765625 -206.216796875 84.71614074707031
v -134.36204528808594 -204.51470947265625 85.02289581298828
v -128.91204833984375 -208.08120727539062 83.98015594482422
v -130.9960479736328 -208.17227172851562 83.3386001586914
v -128.59783935546875 -201.51998901367188 86.12149810791016
v -129.65060424804688 -200.95716857910156 87.76213073730469
v -131.33090209960938 -201.15658569335938 86.40990447998047
v -132.29945373535156 -201.4859161376953 86.2138900756836
v -133.044189453125 -201.96554565429688 87.22130584716797
v -134.011474609375 -203.2583770751953 87.41119384765625
v -126.00362396240234 -204.45777893066406 86.38626098632812
v -126.08594512939453 -203.38746643066406 87.02574157714844
v -126.34178924560547 -205.77572631835938 86.09516906738281
v -135.3055419921875 -206.74798583984375 87.33180236816406
v -126.91120910644531 -207.39100646972656 86.80138397216797
v -128.01370239257812 -208.4892578125 86.22197723388672
v -134.0792694091797 -207.92489624023438 84.6501693725586
v -135.53646850585938 -207.95263671875 86.64348602294922
v -135.72943115234375 -209.01174926757812 86.7158203125
v -129.60093688964844 -209.5260772705078 85.9890365600586
v -130.90740966796875 -209.87664794921875 85.9651107788086
v -132.4932861328125 -209.2112274169922 85.0939712524414
v -135.0690155029297 -209.2904052734375 86.32137298583984
v -133.11436462402344 -210.59719848632812 87.24375915527344
v -128.2781524658203 -201.1624755859375 89.41152954101562
v -127.21463775634766 -201.83999633789062 88.43403625488281
v -125.83943176269531 -206.47483825683594 91.03314971923828
v -135.90492248535156 -207.9842987060547 89.42819213867188
v -129.3574676513672 -209.92208862304688 87.83802795410156
v -131.4605255126953 -210.966552734375 87.60833740234375
v -130.8520050048828 -211.12890625 89.42491149902344
v -133.96693420410156 -211.0885009765625 89.2071762084961
v -135.28224182128906 -209.95848083496094 89.69654083251953
v -132.5151824951172 -211.42938232421875 89.06143188476562
v -126.37511444091797 -202.10009765625 92.85740661621094
v -125.75224304199219 -203.42279052734375 91.57442474365234
v -133.48263549804688 -202.28897094726562 92.5859146118164
v -125.49791717529297 -205.13963317871094 91.43408203125
v -134.90892028808594 -206.17431640625 92.56852722167969
v -126.76199340820312 -208.0615234375 91.3994140625
v -135.7595977783203 -209.05587768554688 91.78524780273438
v -127.86831665039062 -201.1018524169922 93.37456512451172
v -129.34022521972656 -200.687744140625 93.41964721679688
v -130.81558227539062 -200.68275451660156 92.5554428100586
v -132.31002807617188 -201.16448974609375 92.92597198486328
v -124.85823059082031 -206.596923828125 94.74518585205078
v -128.53317260742188 -210.3560333251953 94.3312759399414
v -134.72341918945312 -210.9039764404297 92.32965850830078
v -135.31446838378906 -209.86204528808594 94.15159606933594
v -132.65594482421875 -211.9676055908203 93.81105041503906
v -133.4971923828125 -211.76119995117188 92.38993835449219
v -125.18045806884766 -202.35813903808594 94.98502349853516
v -130.76397705078125 -200.1112060546875 95.38359069824219
v -133.67372131347656 -202.16717529296875 94.08509826660156
v -124.67750549316406 -203.9189910888672 93.99126434326172
v -134.3740997314453 -204.1476593017578 94.9397964477539
v -124.41070556640625 -205.44322204589844 94.78489685058594
v -126.04708099365234 -208.4104766845703 95.41783905029297
v -135.24053955078125 -207.67141723632812 94.45264434814453
v -135.12310791015625 -211.1339569091797 95.99459838867188
v -129.85519409179688 -211.22377014160156 95.13172149658203
v -131.85203552246094 -212.022705078125 95.88275146484375
v -134.14279174804688 -212.23475646972656 94.78913116455078
v -132.57630920410156 -199.9771270751953 97.08553314208984
v -125.87736511230469 -201.50794982910156 97.93433380126953
v -129.4667205810547 -200.07286071777344 98.25659942626953
v -124.76367950439453 -202.45277404785156 97.6222152709961
v -124.30242919921875 -203.51260375976562 96.41444396972656
v -134.76210021972656 -202.24969482421875 98.31999206542969
v -124.17515563964844 -204.65213012695312 96.68590545654297
v -135.5843505859375 -208.272216796875 96.10692596435547
v -135.10382080078125 -205.92825317382812 97.55853271484375
v -135.8070526123047 -210.35528564453125 97.152587890625
v -136.29652404785156 -208.69680786132812 98.38758087158203
v -133.7369384765625 -212.1333465576172 96.05572509765625
v -131.5943603515625 -199.621337890625 98.99363708496094
v -134.67977905273438 -200.8557586669922 100.43165588378906
v -133.272705078125 -200.03292846679688 99.76579284667969
v -135.29843139648438 -205.35882568359375 99.09764862060547
v -124.39151000976562 -206.9364471435547 103.39033508300781
v -125.64351654052734 -208.94691467285156 100.05318450927734
v -126.94239807128906 -210.54684448242188 100.69926452636719
v -128.53587341308594 -211.57595825195312 100.77738952636719
v -130.3774871826172 -212.34024047851562 100.05806732177734
v -131.93775939941406 -212.7734375 99.76860046386719
v -134.3332977294922 -212.6259307861328 99.1456069946289
v -135.44314575195312 -211.98460388183594 101.0286636352539
v -133.4380340576172 -213.11399841308594 101.10526275634766
v -129.8702392578125 -200.0433807373047 102.0300521850586
v -125.846435546875 -201.7218780517578 100.43086242675781
v -135.59288024902344 -201.71475219726562 101.0243148803711
v -124.97453308105469 -202.7689666748047 102.39561462402344
v -124.30667877197266 -203.97686767578125 102.13057708740234
v -124.16902923583984 -205.49366760253906 102.76319122314453
v -136.262939453125 -206.24752807617188 100.53270721435547
v -136.3374481201172 -202.99082946777344 102.33148193359375
v -136.8574676513672 -208.01219177246094 100.30575561523438
v -136.37489318847656 -210.29396057128906 102.02682495117188
v -134.84568786621094 -212.50936889648438 100.65699768066406
v -131.30496215820312 -199.9232177734375 105.81759643554688
v -132.51077270507812 -199.93951416015625 107.3198013305664
v -133.53671264648438 -200.24050903320312 108.40843200683594
v -135.0103759765625 -200.8562469482422 103.60131072998047
v -136.39903259277344 -202.03761291503906 105.33898162841797
v -137.33738708496094 -204.3056182861328 103.81482696533203
v -136.8402557373047 -207.91854858398438 101.87358093261719
v -125.18631744384766 -208.8788299560547 103.84193420410156
v -130.92208862304688 -212.74929809570312 104.1556396484375
v -132.0292205810547 -212.98231506347656 104.19639587402344
v -126.6430435180664 -202.10916137695312 105.71429443359375
v -124.68641662597656 -203.62989807128906 104.08723449707031
v -137.1988525390625 -203.17848205566406 104.78666687011719
v -137.705078125 -204.7803192138672 105.369140625
v -137.5021514892578 -206.56956481933594 104.47223663330078
v -137.34825134277344 -208.1478271484375 107.48667907714844
v -126.85113525390625 -210.6938934326172 107.6920166015625
v -128.67213439941406 -211.66024780273438 105.40068817138672
v -134.0142364501953 -212.7342987060547 104.499755859375
v -135.3541259765625 -211.52682495117188 106.60602569580078
v -136.25917053222656 -210.58523559570312 104.59178924560547
v -129.99424743652344 -200.29074096679688 106.72491455078125
v -128.13424682617188 -201.31594848632812 108.64061737060547
v -137.24755859375 -203.47784423828125 107.4277114868164
v -124.66535186767578 -205.34979248046875 107.99556732177734
v -124.58063507080078 -206.88377380371094 107.6799545288086
v -137.5155029296875 -207.1658477783203 107.56803131103516
v -125.21463775634766 -208.7728729248047 106.60662841796875
v -134.2987060546875 -211.9724578857422 107.57274627685547
v -136.28256225585938 -210.30885314941406 109.82466888427734
v -130.88095092773438 -199.57081604003906 110.30191802978516
v -134.5550994873047 -200.8951416015625 109.72905731201172
v -126.12189483642578 -202.99827575683594 109.55877685546875
v -125.38484191894531 -204.54736328125 110.60556030273438
v -137.3189697265625 -204.96266174316406 108.66085815429688
v -125.2487564086914 -207.81854248046875 109.17830657958984
v -136.84991455078125 -209.31163024902344 108.6414794921875
v -128.09500122070312 -211.1950225830078 110.88435363769531
v -129.52734375 -211.48660278320312 111.73432922363281
v -131.1536865234375 -211.97048950195312 109.05380249023438
v -132.8311004638672 -212.14952087402344 108.34353637695312
v -129.7275390625 -199.87376403808594 111.1061019897461
v -132.23678588867188 -199.328125 110.64891052246094
v -135.52975463867188 -202.50531005859375 111.12698364257812
v -125.18373107910156 -206.1355438232422 110.45674133300781
v -136.6910400390625 -208.30950927734375 110.94734191894531
v -126.12174987792969 -208.72889709472656 112.09925842285156
v -137.05902099609375 -209.54954528808594 110.30250549316406
v -126.69110870361328 -209.93423461914062 110.86593627929688
v -131.94163513183594 -211.53436279296875 111.98721313476562
v -133.67770385742188 -211.40968322753906 111.6256103515625
v -135.2649688720703 -210.65826416015625 112.12384033203125
v -131.67337036132812 -198.3511505126953 112.92888641357422
v -133.02789306640625 -197.73101806640625 114.91255950927734
v -133.57241821289062 -199.4535675048828 112.18180084228516
v -134.7182159423828 -200.8981170654297 112.80229187011719
v -128.38356018066406 -200.5617218017578 112.53468322753906
v -126.06061553955078 -203.18275451660156 112.23462677001953
v -135.5509490966797 -204.1366424560547 113.06175231933594
v -125.5443115234375 -205.3766632080078 113.38868713378906
v -135.82290649414062 -206.31594848632812 112.89871978759766
v -135.9073944091797 -209.54742431640625 112.5219955444336
v -127.10359954833984 -209.51779174804688 112.84922790527344
v -129.48973083496094 -210.7544708251953 113.54610443115234
v -134.64218139648438 -199.6011199951172 115.0816879272461
v -134.9933319091797 -202.20681762695312 114.76757049560547
v -126.90847778320312 -201.67254638671875 115.88607788085938
v -125.96598815917969 -203.48654174804688 115.64593505859375
v -134.8819122314453 -203.9075164794922 115.47526550292969
v -134.8439178466797 -206.88497924804688 114.4408187866211
v -126.76029968261719 -207.97610473632812 114.23465728759766
v -125.99740600585938 -206.05270385742188 114.60486602783203
v -133.960693359375 -209.26608276367188 114.41639709472656
v -130.22955322265625 -210.07107543945312 114.54280090332031
v -131.44644165039062 -210.93014526367188 113.6292953491211
v -131.54774475097656 -210.01947021484375 114.70589447021484
v -133.80148315429688 -210.48162841796875 113.45027160644531
v -131.11521911621094 -197.568359375 115.18299865722656
v -131.1300048828125 -196.5019073486328 116.96284484863281
v -130.00160217285156 -196.83535766601562 117.51961517333984
v -132.7362060546875 -195.95289611816406 117.38241577148438
v -134.061279296875 -198.22618103027344 115.17638397216797
v -134.41946411132812 -195.62786865234375 118.1445083618164
v -135.56663513183594 -196.38284301757812 118.45098114013672
v -129.19740295410156 -198.7315216064453 115.37216186523438
v -128.3054962158203 -199.36453247070312 116.68667602539062
v -135.1125030517578 -200.47247314453125 116.35083770751953
v -126.31475067138672 -203.50364685058594 117.84305572509766
v -126.70134735107422 -206.05447387695312 115.77188873291016
v -133.9313201904297 -206.7704315185547 115.52198791503906
v -134.47756958007812 -205.0117950439453 116.21904754638672
v -127.90367126464844 -206.427734375 116.27642822265625
v -133.70648193359375 -205.35997009277344 117.13618469238281
v -132.72735595703125 -207.79058837890625 115.660888671875
v -131.49783325195312 -207.4061737060547 116.1810531616211
v -129.43255615234375 -206.90371704101562 116.40337371826172
v -132.1058349609375 -194.64315795898438 120.14403533935547
v -129.36424255371094 -195.65145874023438 121.25242614746094
v -135.94708251953125 -197.2089385986328 118.70407104492188
v -136.07373046875 -198.69976806640625 119.11055755615234
v -127.43521118164062 -200.03724670410156 118.91032409667969
v -126.8748550415039 -201.77932739257812 119.0079574584961
v -135.1480255126953 -201.7137908935547 117.81098937988281
v -134.5552978515625 -203.58099365234375 118.12989044189453
v -127.2530746459961 -202.56735229492188 120.40462493896484
v -128.10589599609375 -203.20179748535156 120.63016510009766
v -132.4193572998047 -204.84877014160156 119.27117919921875
v -133.7096405029297 -204.242431640625 119.32410430908203
v -129.61151123046875 -205.08583068847656 118.57645416259766
v -132.22457885742188 -205.7481689453125 117.68777465820312
v -134.06341552734375 -194.3782958984375 120.7271499633789
v -126.94029235839844 -200.5973358154297 120.91818237304688
v -135.146484375 -202.33413696289062 120.1332778930664
v -136.29745483398438 -200.54916381835938 122.392333984375
v -134.6428680419922 -203.13253784179688 121.01176452636719
v -129.2207794189453 -204.01251220703125 120.32732391357422
v -131.25038146972656 -204.2915802001953 120.78743743896484
v -132.76318359375 -204.09542846679688 121.44933319091797
v -133.91795349121094 -203.7051239013672 121.78678894042969
v -133.26792907714844 -192.3925018310547 123.5218734741211
v -133.18380737304688 -193.4429931640625 121.83135223388672
v -135.15274047851562 -192.88768005371094 123.5851058959961
v -135.3497772216797 -194.67584228515625 121.37903594970703
v -129.65957641601562 -194.2894287109375 122.88677978515625
v -128.13116455078125 -196.71275329589844 122.34517669677734
v -131.23779296875 -194.10203552246094 121.46710205078125
v -136.19175720214844 -194.93063354492188 122.82068634033203
v -136.7918243408203 -197.34732055664062 122.90450286865234
v -126.52978515625 -199.85621643066406 122.94902038574219
v -136.71975708007812 -199.04873657226562 122.77941131591797
v -126.24134063720703 -200.37318420410156 123.75785064697266
v -127.13329315185547 -201.6240997314453 122.3386459350586
v -128.27613830566406 -202.7843780517578 122.34577941894531
v -129.2863311767578 -203.2749786376953 123.63138580322266
v -131.0732879638672 -203.8546142578125 123.08769226074219
v -130.89990234375 -192.52444458007812 124.90691375732422
v -129.0776824951172 -194.06332397460938 124.9908218383789
v -126.92242431640625 -198.5956268310547 124.62591552734375
v -137.6636962890625 -195.76992797851562 126.79320526123047
v -136.9390869140625 -194.50318908691406 125.77225494384766
v -137.87562561035156 -198.61744689941406 128.73202514648438
v -127.20643615722656 -201.35723876953125 125.34043884277344
v -128.0176544189453 -202.4117889404297 124.88359069824219
v -134.4062957763672 -203.62591552734375 124.85812377929688
v -135.74118041992188 -202.5056915283203 126.238037109375
v -136.5526885986328 -201.2224578857422 126.85233306884766
v -132.78488159179688 -204.0676727294922 125.72095489501953
v -133.36985778808594 -191.51666259765625 126.41493225097656
v -134.8839111328125 -191.885498046875 125.85725402832031
v -136.0933837890625 -192.7752685546875 125.9742431640625
v -130.4498291015625 -192.5840606689453 126.24183654785156
v -129.55557250976562 -193.3043212890625 127.64747619628906
v -128.06546020507812 -195.92300415039062 127.81661224365234
v -137.9990234375 -197.50970458984375 127.87065124511719
v -126.87773895263672 -199.9225616455078 126.25588989257812
v -127.3757553100586 -198.1725616455078 129.0865936279297
v -129.6724853515625 -203.81834411621094 127.79950714111328
v -131.4149627685547 -204.3109130859375 127.904296875
v -136.3863983154297 -187.80137634277344 127.66376495361328
v -137.86080932617188 -184.97128295898438 128.0962677001953
v -137.11065673828125 -184.58404541015625 128.81455993652344
v -135.4674530029297 -186.798828125 128.75250244140625
v -139.28001403808594 -184.99130249023438 127.93424987792969
v -138.7693634033203 -187.39990234375 127.13497924804688
v -141.12686157226562 -185.6185302734375 128.08782958984375
v -139.72705078125 -187.44244384765625 127.2547607421875
v -134.35543823242188 -188.8750762939453 129.3404083251953
v -137.12228393554688 -189.21690368652344 127.20427703857422
v -140.6177520751953 -188.85116577148438 127.66960144042969
v -141.634033203125 -189.73812866210938 128.48611450195312
v -142.5511932373047 -186.7244110107422 129.37066650390625
v -134.810302734375 -189.7143096923828 128.05679321289062
v -133.48997497558594 -190.73141479492188 128.39190673828125
v -135.73403930664062 -191.1902618408203 127.12471771240234
v -137.33145141601562 -191.35105895996094 127.30690002441406
v -134.26531982421875 -190.87152099609375 127.3561782836914
v -138.6302947998047 -192.1134033203125 127.8975601196289
v -132.82974243164062 -191.30519104003906 131.53024291992188
v -132.33184814453125 -191.53541564941406 128.13587951660156
v -137.1066436767578 -192.95164489746094 127.03941345214844
v -139.19337463378906 -193.59458923339844 128.8119354248047
v -140.44876098632812 -192.1980438232422 129.43728637695312
v -138.2541046142578 -194.21214294433594 127.96121215820312
v -138.90684509277344 -195.65675354003906 129.26316833496094
v -127.48792266845703 -200.9563446044922 129.95376586914062
v -128.14122009277344 -202.5633087158203 128.9253692626953
v -135.30007934570312 -202.9246368408203 129.25845336914062
v -132.2034912109375 -204.27781677246094 129.52740478515625
v -133.34017944335938 -203.9671630859375 129.63351440429688
v -142.7155303955078 -181.3898162841797 131.22703552246094
v -140.56982421875 -183.61460876464844 129.3030548095703
v -141.79541015625 -185.11830139160156 128.92762756347656
v -143.08755493164062 -183.7344512939453 130.1792755126953
v -136.8943634033203 -182.4325714111328 131.43955993652344
v -135.24691772460938 -185.95997619628906 129.9755401611328
v -139.06475830078125 -182.79656982421875 129.96038818359375
v -143.21871948242188 -185.20062255859375 130.0205535888672
v -144.16920471191406 -183.60177612304688 131.35781860351562
v -143.65733337402344 -186.11239624023438 131.14984130859375
v -133.94549560546875 -189.24349975585938 130.90591430664062
v -142.58815002441406 -188.80880737304688 129.9510040283203
v -133.20240783691406 -190.7010498046875 129.84695434570312
v -141.81439208984375 -190.93128967285156 129.82269287109375
v -139.97032165527344 -193.9174346923828 130.67333984375
v -129.5958709716797 -193.87313842773438 130.71316528320312
v -128.00204467773438 -197.11647033691406 130.9389190673828
v -138.5670928955078 -197.5415496826172 130.19395446777344
v -136.7072296142578 -200.5729522705078 131.50428771972656
v -128.84814453125 -202.0992889404297 131.89707946777344
v -129.59759521484375 -203.2439727783203 132.11207580566406
v -130.09310913085938 -203.84890747070312 130.90457153320312
v -138.64830017089844 -181.0375518798828 131.43521118164062
v -138.3437042236328 -177.18743896484375 133.09649658203125
v -137.6193084716797 -180.55230712890625 132.0802764892578
v -140.06207275390625 -178.463623046875 132.28265380859375
v -140.98391723632812 -180.9326171875 131.15635681152344
v -142.20925903320312 -179.3958282470703 132.27993774414062
v -144.01504516601562 -180.65602111816406 132.7840576171875
v -136.92831420898438 -180.1409454345703 132.91305541992188
v -136.1474151611328 -182.80099487304688 132.5508270263672
v -135.78384399414062 -183.6396942138672 134.403076171875
v -144.68270874023438 -183.97442626953125 132.5301971435547
v -143.1986083984375 -188.78871154785156 132.14012145996094
v -134.0460205078125 -190.39939880371094 133.95082092285156
v -134.4078826904297 -188.56971740722656 133.48388671875
v -141.96083068847656 -191.12118530273438 133.62521362304688
v -131.10023498535156 -192.91236877441406 134.6267547607422
v -133.2246551513672 -191.5657501220703 134.18093872070312
v -140.38177490234375 -193.42694091796875 132.9501953125
v -139.45953369140625 -195.38197326660156 131.9937744140625
v -129.7156219482422 -195.02391052246094 134.0625762939453
v -138.70220947265625 -197.37538146972656 133.47335815429688
v -128.16458129882812 -198.5423583984375 132.19430541992188
v -128.27114868164062 -200.2913360595703 132.09487915039062
v -137.0666961669922 -199.3930206298828 136.2943115234375
v -135.74853515625 -201.2574462890625 133.55250549316406
v -134.0755157470703 -202.95040893554688 132.6887664794922
v -130.3440399169922 -203.5249786376953 132.1451416015625
v -132.0485076904297 -203.56248474121094 132.29246520996094
v -138.8546905517578 -174.42578125 134.3816680908203
v -140.30426025390625 -175.40402221679688 133.6956329345703
v -139.4730682373047 -173.28863525390625 135.5761260986328
v -141.38018798828125 -174.833740234375 134.6293182373047
v -137.28472900390625 -176.01544189453125 134.21902465820312
v -141.69317626953125 -176.70758056640625 133.52413940429688
v -142.54624938964844 -176.51702880859375 134.50021362304688
v -136.5623779296875 -176.91163635253906 134.97145080566406
v -136.4664764404297 -179.3101348876953 134.4817352294922
v -143.94117736816406 -179.01881408691406 134.75477600097656
v -143.63119506835938 -177.88693237304688 135.6150360107422
v -135.95608520507812 -181.4606475830078 134.9750518798828
v -144.78662109375 -181.80523681640625 133.22756958007812
v -145.14102172851562 -181.3327178955078 135.5255584716797
v -135.57093811035156 -182.29380798339844 134.28338623046875
v -144.9561767578125 -183.43783569335938 135.3272705078125
v -144.27578735351562 -185.27806091308594 134.23141479492188
v -135.1063232421875 -187.13577270507812 135.25685119628906
v -143.31704711914062 -188.6346435546875 134.57359313964844
v -139.51918029785156 -194.2832794189453 135.7641143798828
v -139.96080017089844 -192.89923095703125 136.4678955078125
v -129.33055114746094 -196.48155212402344 134.46609497070312
v -129.48348999023438 -198.89044189453125 135.44161987304688
v -129.76190185546875 -201.09182739257812 134.04421997070312
v -130.8087158203125 -200.0833740234375 136.5994873046875
v -131.2151336669922 -202.20321655273438 134.11253356933594
v -131.9740447998047 -200.75189208984375 136.45501708984375
v -135.3462371826172 -200.67181396484375 135.95956420898438
v -133.45936584472656 -201.93661499023438 135.05715942382812
v -137.38656616210938 -172.80213928222656 137.2645721435547
v -140.4461669921875 -172.80686950683594 136.89549255371094
v -136.81466674804688 -175.44436645507812 135.54286193847656
v -142.236328125 -175.07708740234375 138.12229919433594
v -136.35325622558594 -178.1666717529297 136.8721923828125
v -144.14837646484375 -179.43687438964844 137.16006469726562
v -136.43797302246094 -179.88229370117188 138.53379821777344
v -144.73101806640625 -180.24600219726562 136.66891479492188
v -136.24078369140625 -183.94883728027344 138.01034545898438
v -144.1503448486328 -184.53062438964844 136.49105834960938
v -144.64759826660156 -181.87010192871094 137.48733520507812
v -135.9013214111328 -186.32838439941406 137.22119140625
v -143.29733276367188 -187.80995178222656 136.55516052246094
v -135.49493408203125 -189.7501983642578 136.77603149414062
v -141.66172790527344 -190.49786376953125 136.45880126953125
v -134.914306640625 -191.29550170898438 136.7905731201172
v -134.13214111328125 -192.1488037109375 137.4010772705078
v -132.6397705078125 -192.67404174804688 137.16004943847656
v -130.91893005371094 -194.16551208496094 137.20257568359375
v -130.60089111328125 -194.93634033203125 137.07937622070312
v -138.70408630371094 -196.34930419921875 136.6559600830078
v -130.1040496826172 -196.7827911376953 136.36741638183594
v -134.07090759277344 -200.42662048339844 136.9094696044922
v -139.55380249023438 -171.34506225585938 137.76573181152344
v -138.6208038330078 -169.0046844482422 139.1438751220703
v -138.3258056640625 -171.6896209716797 137.60321044921875
v -136.67904663085938 -170.6267852783203 140.11473083496094
v -136.47711181640625 -172.7189178466797 139.31044006347656
v -140.8126983642578 -170.58615112304688 139.67750549316406
v -141.35137939453125 -172.99740600585938 138.45286560058594
v -136.08969116210938 -174.2357177734375 140.11256408691406
v -142.70286560058594 -176.60867309570312 139.17567443847656
v -142.67735290527344 -177.70494079589844 140.18722534179688
v -143.94273376464844 -182.8658447265625 138.18121337890625
v -143.0016632080078 -186.52403259277344 138.25802612304688
v -136.48480224609375 -185.14122009277344 138.90066528320312
v -136.55809020996094 -187.1211700439453 138.28102111816406
v -141.4867706298828 -189.60755920410156 137.9395294189453
v -137.0591583251953 -190.79193115234375 138.7154998779297
v -139.44908142089844 -192.20408630371094 138.26124572753906
v -140.570556640625 -189.9915313720703 138.73391723632812
v -136.0548858642578 -191.9940643310547 138.4908905029297
v -133.2419891357422 -193.2375946044922 138.3723602294922
v -138.4902801513672 -195.361083984375 138.4326934814453
v -131.25628662109375 -195.7038116455078 138.35548400878906
v -131.17445373535156 -197.9036865234375 137.78170776367188
v -132.1800994873047 -196.4996795654297 139.1802520751953
v -136.99681091308594 -198.6488800048828 137.6776580810547
v -132.53085327148438 -197.99063110351562 138.99192810058594
v -132.58531188964844 -199.12095642089844 138.10784912109375
v -133.98883056640625 -198.9422149658203 138.8768310546875
v -135.4578857421875 -198.87728881835938 138.7574005126953
v -136.43386840820312 -197.75633239746094 138.91514587402344
v -136.68316650390625 -159.5837860107422 140.01589965820312
v -138.85977172851562 -160.40638732910156 140.36891174316406
v -138.56805419921875 -158.317138671875 141.8003692626953
v -136.14248657226562 -161.03504943847656 139.5124969482422
v -135.1746826171875 -160.13265991210938 140.52920532226562
v -134.69248962402344 -161.92344665527344 140.75546264648438
v -137.31349182128906 -161.72024536132812 139.08489990234375
v -135.70193481445312 -163.07861328125 139.7301788330078
v -138.547119140625 -163.7165069580078 139.51007080078125
v -139.33360290527344 -162.07156372070312 140.4960479736328
v -135.03271484375 -164.0836944580078 141.72581481933594
v -137.1046905517578 -164.0524444580078 139.2567901611328
v -139.71827697753906 -164.32220458984375 141.1923828125
v -140.11048889160156 -163.02593994140625 141.86648559570312
v -136.19154357910156 -165.75875854492188 140.64950561523438
v -137.26902770996094 -166.4921417236328 139.7154083251953
v -138.57762145996094 -166.3273468017578 139.3686065673828
v -139.613525390625 -166.11727905273438 139.8376922607422
v -140.4974822998047 -168.03213500976562 140.8242645263672
v -136.62757873535156 -167.7041015625 140.96368408203125
v -137.42735290527344 -169.19407653808594 139.70433044433594
v -139.9123077392578 -169.10227966308594 139.56590270996094
v -141.9816131591797 -172.9696044921875 140.64022827148438
v -142.2644500732422 -174.51954650878906 142.30096435546875
v -142.19775390625 -176.6737060546875 142.498291015625
v -136.39642333984375 -178.87661743164062 140.4822235107422
v -142.54331970214844 -179.3433074951172 140.58645629882812
v -136.1826171875 -182.67080688476562 141.00038146972656
v -142.35372924804688 -180.9844207763672 140.45993041992188
v -136.41526794433594 -183.99078369140625 140.8983917236328
v -142.72840881347656 -184.33421325683594 139.22039794921875
v -141.8330535888672 -183.25320434570312 140.16671752929688
v -137.11788940429688 -184.66786193847656 141.60647583007812
v -137.65145874023438 -185.86412048339844 140.02615356445312
v -141.41098022460938 -186.89784240722656 139.30931091308594
v -140.2860870361328 -184.95425415039062 140.3477783203125
v -137.4221649169922 -187.6870574951172 138.97459411621094
v -138.89453125 -186.54881286621094 139.8452606201172
v -139.86843872070312 -188.70370483398438 139.32107543945312
v -138.3672637939453 -188.81126403808594 139.2618865966797
v -138.56471252441406 -191.15147399902344 139.1324462890625
v -134.92367553710938 -193.90118408203125 139.52906799316406
v -137.3366241455078 -192.6751251220703 139.33682250976562
v -138.2694091796875 -193.41888427734375 139.11248779296875
v -132.7823028564453 -194.81507873535156 139.14857482910156
v -136.44314575195312 -194.25343322753906 139.87857055664062
v -133.7396240234375 -196.37496948242188 139.74887084960938
v -135.42982482910156 -196.14903259277344 139.80543518066406
v -137.17091369628906 -195.1375732421875 139.5634307861328
v -136.06141662597656 -157.3373565673828 143.64230346679688
v -135.6785888671875 -158.4127655029297 141.9025421142578
v -137.62916564941406 -157.75271606445312 142.19503784179688
v -133.8265838623047 -161.1732177734375 142.86456298828125
v -141.09786987304688 -160.60574340820312 142.66665649414062
v -135.8553466796875 -165.84889221191406 142.9676513671875
v -136.23928833007812 -167.6678924560547 142.68307495117188
v -140.35792541503906 -166.91587829589844 142.89971923828125
v -140.53480529785156 -167.4206085205078 142.37234497070312
v -141.6578826904297 -169.7660675048828 142.38059997558594
v -142.3810272216797 -169.6916961669922 143.6719970703125
v -135.845458984375 -170.2796173095703 142.60374450683594
v -135.25363159179688 -170.76148986816406 144.10269165039062
v -142.23875427246094 -172.3726043701172 142.5010986328125
v -136.0663299560547 -177.5537567138672 142.2594451904297
v -141.4613037109375 -180.2694854736328 142.385498046875
v -140.7377471923828 -181.7628173828125 143.51840209960938
v -141.23373413085938 -182.19569396972656 141.38641357421875
v -135.88369750976562 -183.90597534179688 143.86276245117188
v -140.03436279296875 -183.8032684326172 141.5653076171875
v -139.3733367919922 -183.56854248046875 143.6029052734375
v -140.1649169921875 -182.6037139892578 144.2135467529297
v -138.32330322265625 -184.8323974609375 141.611083984375
v -134.2327880859375 -158.107421875 144.8405303955078
v -140.5027313232422 -158.44581604003906 143.20960998535156
v -140.2026824951172 -157.162353515625 144.15252685546875
v -142.5136260986328 -158.15847778320312 144.53445434570312
v -133.53977966308594 -159.22164916992188 144.44593811035156
v -143.37881469726562 -159.36074829101562 144.52618408203125
v -133.48179626464844 -161.4873046875 144.64141845703125
v -143.33778381347656 -161.85023498535156 144.11355590820312
v -141.97801208496094 -163.16062927246094 143.47152709960938
v -133.87158203125 -162.36920166015625 145.907958984375
v -135.1886749267578 -164.16171264648438 144.5381317138672
v -140.93418884277344 -165.67372131347656 143.2901611328125
v -144.99757385253906 -166.82757568359375 144.84854125976562
v -136.1722869873047 -167.0720977783203 144.70278930664062
v -144.43775939941406 -168.25148010253906 144.9608612060547
v -136.0009002685547 -168.83697509765625 144.84141540527344
v -143.0452423095703 -168.75338745117188 144.39208984375
v -135.248779296875 -170.63705444335938 144.71775817871094
v -142.60110473632812 -172.72755432128906 144.17481994628906
v -135.42660522460938 -175.3745880126953 144.5491943359375
v -141.94630432128906 -176.43228149414062 144.29843139648438
v -135.31036376953125 -177.23355102539062 144.63571166992188
v -134.85598754882812 -181.28570556640625 144.8765106201172
v -135.2151641845703 -183.17996215820312 144.92483520507812
v -136.45840454101562 -184.1802978515625 144.9044189453125
v -137.43228149414062 -183.98817443847656 145.15673828125
v -135.53468322753906 -156.26390075683594 147.28782653808594
v -136.63992309570312 -155.01754760742188 149.29788208007812
v -138.8975372314453 -155.91192626953125 145.91458129882812
v -141.2888641357422 -156.11935424804688 146.15402221679688
v -143.98072814941406 -156.7136993408203 146.7769775390625
v -134.09262084960938 -157.42446899414062 146.8159637451172
v -133.45040893554688 -158.61300659179688 146.607421875
v -145.01467895507812 -158.63204956054688 145.97808837890625
v -146.42852783203125 -158.7434539794922 147.18968200683594
v -133.2306671142578 -159.79042053222656 147.10888671875
v -133.4176025390625 -160.38795471191406 148.5983428955078
v -148.78919982910156 -163.1471710205078 146.15383911132812
v -145.59271240234375 -162.5765380859375 144.9442138671875
v -149.2404327392578 -166.27354431152344 145.5467987060547
v -150.8236541748047 -165.66986083984375 146.34092712402344
v -135.9486846923828 -164.4376220703125 147.39208984375
v -136.61659240722656 -165.55136108398438 148.87525939941406
v -146.71029663085938 -167.33705139160156 145.24293518066406
v -136.55776977539062 -167.4240264892578 146.75714111328125
v -151.00242614746094 -166.7517547607422 146.31607055664062
v -149.7169647216797 -169.42860412597656 146.0548858642578
v -151.1248016357422 -169.24583435058594 146.8898162841797
v -136.29083251953125 -169.8480682373047 146.61053466796875
v -143.84527587890625 -170.9825897216797 145.61801147460938
v -145.40567016601562 -171.22132873535156 146.34747314453125
v -135.54957580566406 -171.61737060546875 145.69134521484375
v -143.1632537841797 -172.64930725097656 145.68423461914062
v -149.12066650390625 -171.0430145263672 146.62106323242188
v -144.25942993164062 -172.91319274902344 147.11134338378906
v -135.53465270996094 -176.42816162109375 145.66384887695312
v -136.42974853515625 -174.8385467529297 147.0050811767578
v -142.43109130859375 -174.7462921142578 146.06126403808594
v -143.31192016601562 -174.22552490234375 147.7404022216797
v -136.24114990234375 -176.64962768554688 146.95809936523438
v -141.35389709472656 -177.2203826904297 146.50277709960938
v -135.55218505859375 -179.44752502441406 147.584716796875
v -134.87496948242188 -180.4785919189453 146.24224853515625
v -140.45181274414062 -180.15872192382812 146.4981231689453
v -135.2174835205078 -182.1577606201172 146.82931518554688
v -138.960693359375 -181.8860626220703 147.1153564453125
v -135.74984741210938 -183.17481994628906 146.71156311035156
v -138.2973175048828 -182.973876953125 146.39935302734375
v -138.12640380859375 -154.341064453125 149.6244659423828
v -140.29266357421875 -154.5098114013672 149.03089904785156
v -142.7112579345703 -154.68832397460938 149.91629028320312
v -145.10276794433594 -155.62547302246094 150.22750854492188
v -146.7642822265625 -156.81890869140625 150.13743591308594
v -149.2371063232422 -159.13113403320312 150.1510009765625
v -149.74102783203125 -161.19619750976562 148.60971069335938
v -152.14955139160156 -164.17752075195312 148.6769561767578
v -152.37460327148438 -166.920166015625 147.804931640625
v -152.68544006347656 -164.97462463378906 149.09585571289062
v -137.30010986328125 -167.145263671875 149.05706787109375
v -152.2693328857422 -168.94448852539062 148.16578674316406
v -137.0370635986328 -171.64967346191406 148.37606811523438
v -150.1151580810547 -172.7344970703125 148.12770080566406
v -150.4520263671875 -173.137451171875 148.81861877441406
v -145.2759246826172 -173.478271484375 147.8305206298828
v -137.72837829589844 -175.56246948242188 148.94216918945312
v -147.38771057128906 -173.93629455566406 149.1086883544922
v -142.0279998779297 -175.71165466308594 147.86073303222656
v -143.0276336669922 -175.22547912597656 149.3457489013672
v -138.13818359375 -177.63290405273438 149.06350708007812
v -140.8145751953125 -177.25314331054688 148.14244079589844
v -139.65151977539062 -179.05174255371094 148.68582153320312
v -136.79412841796875 -180.4842987060547 148.8916015625
v -137.94349670410156 -180.31973266601562 149.16822814941406
v -137.120849609375 -181.9134521484375 147.8604736328125
v -140.15377807617188 -153.03802490234375 151.00262451171875
v -141.77093505859375 -153.33840942382812 151.08482360839844
v -135.20697021484375 -154.88551330566406 152.48855590820312
v -134.0139617919922 -156.84063720703125 150.58323669433594
v -133.48072814941406 -158.204833984375 151.16761779785156
v -134.27500915527344 -160.12586975097656 154.0611572265625
v -152.2257537841797 -160.8256072998047 151.70211791992188
v -135.86483764648438 -163.08555603027344 150.98745727539062
v -153.62193298339844 -166.87948608398438 151.69740295410156
v -152.9376678466797 -168.8077392578125 150.7775421142578
v -137.67626953125 -172.55987548828125 150.50611877441406
v -137.651123046875 -169.0470733642578 151.04995727539062
v -151.992431640625 -170.9670867919922 149.88934326171875
v -151.43740844726562 -172.3173828125 151.183837890625
v -150.6136016845703 -173.1878204345703 149.5984344482422
v -138.20379638671875 -174.15306091308594 150.98609924316406
v -145.18350219726562 -175.19296264648438 150.35848999023438
v -147.22610473632812 -174.7889862060547 150.81361389160156
v -149.0729522705078 -174.0882568359375 151.30442810058594
v -139.5524139404297 -175.72640991210938 150.8747100830078
v -139.08038330078125 -176.53448486328125 149.69630432128906
v -140.95619201660156 -176.3079071044922 149.9229278564453
v -142.248779296875 -175.61805725097656 150.9695587158203
v -139.9549560546875 -177.3697052001953 149.20730590820312
v -140.22450256347656 -149.9901885986328 152.57040405273438
v -138.31192016601562 -151.14598083496094 152.75921630859375
v -138.71746826171875 -152.74314880371094 151.37376403808594
v -142.42994689941406 -150.51260375976562 152.3558349609375
v -143.35787963867188 -153.3900146484375 151.60986328125
v -136.87515258789062 -153.6268310546875 151.53271484375
v -145.70962524414062 -153.92425537109375 152.7350616455078
v -146.3680419921875 -154.96217346191406 152.3115997314453
v -134.4725341796875 -155.06077575683594 154.89334106445312
v -148.7984161376953 -157.20448303222656 151.72320556640625
v -133.6595001220703 -156.91830444335938 153.94728088378906
v -150.63185119628906 -156.66070556640625 153.52157592773438
v -151.94491577148438 -158.287353515625 153.2291717529297
v -154.21543884277344 -161.42953491210938 154.4268341064453
v -154.65252685546875 -163.10354614257812 154.73678588867188
v -137.41700744628906 -166.55699157714844 154.18991088867188
v -154.49452209472656 -166.07192993164062 156.9847412109375
v -137.8671417236328 -170.8353729248047 153.3949737548828
v -153.20518493652344 -168.73025512695312 154.98080444335938
v -147.24905395507812 -175.28456115722656 152.4635772705078
v -149.59703063964844 -173.7955322265625 153.77699279785156
v -139.05215454101562 -174.5238800048828 152.65126037597656
v -140.1069793701172 -175.15179443359375 152.98497009277344
v -141.40200805664062 -175.58180236816406 152.6616668701172
v -144.89930725097656 -175.8802947998047 152.682373046875
v -146.13629150390625 -176.03466796875 152.29046630859375
v -142.38246154785156 -148.71258544921875 154.25193786621094
v -141.1063232421875 -148.04864501953125 155.31298828125
v -138.55198669433594 -149.7956085205078 154.08900451660156
v -143.3824462890625 -150.40689086914062 153.06417846679688
v -144.75245666503906 -150.0510711669922 154.2474822998047
v -144.3452606201172 -147.22445678710938 156.00559997558594
v -146.9513397216797 -147.43655395507812 157.6266632080078
v -135.58534240722656 -152.11282348632812 156.48507690429688
v -147.080322265625 -151.7876739501953 155.34423828125
v -148.633544921875 -152.73489379882812 155.94003295898438
v -133.80128479003906 -157.22471618652344 157.864013671875
v -151.5635528564453 -155.56405639648438 155.4449462890625
v -134.13836669921875 -158.87876892089844 157.0895233154297
v -154.0115509033203 -158.460205078125 156.1245880126953
v -135.72476196289062 -161.88992309570312 157.32362365722656
v -136.7197723388672 -163.9940948486328 156.24945068359375
v -151.05345153808594 -171.7298583984375 157.3907928466797
v -138.74130249023438 -172.89788818359375 156.63357543945312
v -138.16297912597656 -170.22593688964844 157.8644256591797
v -149.8901824951172 -173.2438507080078 157.48902893066406
v -139.40701293945312 -174.27871704101562 156.06109619140625
v -143.5675811767578 -176.11550903320312 154.12945556640625
v -146.66064453125 -175.7163543701172 155.00038146972656
v -145.1302490234375 -176.45095825195312 156.3724365234375
v -142.02792358398438 -146.59170532226562 156.71498107910156
v -143.89175415039062 -144.49295043945312 158.70233154296875
v -139.3050079345703 -147.9677734375 157.14195251464844
v -137.25570678710938 -149.19561767578125 158.8508758544922
v -150.9306640625 -153.0496368408203 156.884765625
v -134.2779541015625 -154.98233032226562 158.04554748535156
v -152.74928283691406 -155.92343139648438 156.7789306640625
v -154.97471618652344 -158.3321075439453 157.9045867919922
v -155.3243408203125 -161.1619415283203 156.8353729248047
v -155.25990295410156 -163.6082000732422 156.88095092773438
v -154.77801513671875 -164.4807586669922 155.91232299804688
v -137.58668518066406 -166.0612335205078 156.66062927246094
v -148.71621704101562 -174.4432830810547 157.75503540039062
v -140.1195068359375 -175.20486450195312 156.75503540039062
v -141.20651245117188 -175.79351806640625 155.6583251953125
v -141.30661010742188 -176.44456481933594 157.9994659423828
v -147.29928588867188 -175.7996063232422 158.72093200683594
v -141.71315002441406 -145.17645263671875 158.35630798339844
v -140.30482482910156 -146.3677215576172 158.36058044433594
v -145.8302459716797 -144.31463623046875 159.3426971435547
v -147.86178588867188 -146.46749877929688 159.48858642578125
v -150.44525146484375 -149.40834045410156 158.9154815673828
v -150.32693481445312 -150.05807495117188 158.25680541992188
v -148.0310516357422 -149.44308471679688 157.1555633544922
v -151.17539978027344 -150.27059936523438 159.63673400878906
v -135.32960510253906 -151.94544982910156 159.0726776123047
v -151.90370178222656 -151.8580780029297 158.60787963867188
v -152.92593383789062 -154.894775390625 158.36997985839844
v -153.913330078125 -156.61190795898438 158.39932250976562
v -134.9155731201172 -158.3977813720703 161.3612518310547
v -155.57940673828125 -158.07122802734375 159.7934112548828
v -155.90231323242188 -159.8745574951172 160.04632568359375
v -155.7779541015625 -162.035888671875 159.69351196289062
v -137.03895568847656 -162.9215087890625 158.93385314941406
v -137.97618103027344 -165.34181213378906 158.8168182373047
v -155.28271484375 -163.7180938720703 159.89642333984375
v -152.95449829101562 -169.1533203125 162.01290893554688
v -153.8943328857422 -167.43392944335938 160.56309509277344
v -138.98355102539062 -172.3960418701172 159.14089965820312
v -151.71006774902344 -171.20457458496094 160.4008026123047
v -139.7490692138672 -174.99989318847656 160.1052703857422
v -143.82736206054688 -177.0985565185547 160.20458984375
v -141.8319549560547 -143.7979278564453 161.54061889648438
v -139.91343688964844 -145.54598999023438 160.86407470703125
v -143.05691528320312 -142.97630310058594 161.77125549316406
v -144.18057250976562 -143.10821533203125 160.84341430664062
v -145.8636474609375 -142.58790588378906 162.0713653564453
v -150.2740478515625 -147.52395629882812 161.81845092773438
v -137.011474609375 -148.8035125732422 161.9873504638672
v -151.7195281982422 -151.2423858642578 160.96348571777344
v -134.82240295410156 -153.46884155273438 161.69171142578125
v -152.5648651123047 -153.460693359375 160.1138916015625
v -153.0198974609375 -154.2753143310547 162.0565948486328
v -134.40626525878906 -156.47006225585938 160.69923400878906
v -154.14231872558594 -155.72335815429688 161.6641387939453
v -135.6808624267578 -159.40283203125 162.0755157470703
v -137.28431701660156 -162.2114715576172 160.49624633789062
v -138.60134887695312 -162.79974365234375 161.76309204101562
v -139.3267364501953 -164.0775909423828 162.44375610351562
v -139.0213623046875 -169.23651123046875 161.8136749267578
v -150.4134521484375 -173.5750732421875 162.17819213867188
v -141.03387451171875 -176.45692443847656 162.46734619140625
v -142.06210327148438 -176.97030639648438 162.31829833984375
v -144.16497802734375 -142.1781768798828 163.16073608398438
v -147.74803161621094 -142.87109375 163.3958282470703
v -151.3572540283203 -149.39361572265625 162.59097290039062
v -135.82139587402344 -150.971923828125 162.7480926513672
v -151.84756469726562 -151.77320861816406 164.0215606689453
v -134.99839782714844 -155.21630859375 165.72032165527344
v -153.74014282226562 -155.0279998779297 165.33291625976562
v -155.3389434814453 -156.6809844970703 163.16390991210938
v -155.55902099609375 -157.25689697265625 164.00625610351562
v -155.72293090820312 -159.84519958496094 162.6511688232422
v -155.37322998046875 -162.3187713623047 161.8560791015625
v -138.44314575195312 -161.3953399658203 162.6521453857422
v -154.81825256347656 -162.5576171875 162.66482543945312
v -154.03688049316406 -164.92845153808594 162.75123596191406
v -153.7470703125 -167.01358032226562 162.7977752685547
v -139.37234497070312 -167.09466552734375 163.2145538330078
v -139.76947021484375 -173.40359497070312 163.58413696289062
v -151.839111328125 -172.03025817871094 165.58590698242188
v -139.85836791992188 -174.66627502441406 162.58473205566406
v -148.81878662109375 -176.09466552734375 164.62779235839844
v -146.9037322998047 -177.02659606933594 164.40737915039062
v -142.85296630859375 -142.3229522705078 164.89012145996094
v -145.70626831054688 -141.4142608642578 164.04171752929688
v -147.69996643066406 -141.58299255371094 165.21453857421875
v -141.46849060058594 -142.9563446044922 167.43443298339844
v -140.84263610839844 -144.17933654785156 165.09864807128906
v -150.357666015625 -145.66351318359375 163.95858764648438
v -152.51498413085938 -144.81019592285156 167.24349975585938
v -151.4649200439453 -147.20318603515625 164.80819702148438
v -137.22018432617188 -148.8894500732422 166.54080200195312
v -151.7506561279297 -148.65516662597656 165.0638885498047
v -135.5896453857422 -152.80455017089844 168.65625
v -152.48599243164062 -152.1711883544922 165.68226623535156
v -153.07440185546875 -153.4889373779297 166.7665557861328
v -135.25140380859375 -156.75608825683594 165.3157501220703
v -136.9419403076172 -157.85350036621094 166.6418914794922
v -137.46383666992188 -159.12181091308594 164.57203674316406
v -138.04949951171875 -160.13841247558594 163.470458984375
v -141.43289184570312 -159.2742919921875 165.90521240234375
v -155.46774291992188 -158.9146270751953 164.58238220214844
v -140.72581481933594 -160.64297485351562 164.4059600830078
v -153.94117736816406 -161.8414764404297 164.33143615722656
v -139.8228759765625 -162.57757568359375 163.29672241210938
v -141.66592407226562 -161.62228393554688 164.7294158935547
v -141.25640869140625 -162.91493225097656 164.58860778808594
v -139.90802001953125 -164.80284118652344 163.77146911621094
v -140.7692413330078 -164.59649658203125 165.18775939941406
v -153.60879516601562 -163.3453369140625 164.182861328125
v -152.6540069580078 -165.175537109375 165.64404296875
v -153.01974487304688 -167.30581665039062 165.02857971191406
v -152.91162109375 -168.7908935546875 164.6580810546875
v -152.4293670654297 -170.72665405273438 166.6273651123047
v -139.93502807617188 -168.93603515625 166.92849731445312
v -150.40194702148438 -174.57533264160156 166.84356689453125
v -141.82659912109375 -175.8784637451172 166.2637481689453
v -144.65402221679688 -177.21954345703125 166.2759552001953
v -144.22256469726562 -140.12742614746094 170.10931396484375
v -142.79481506347656 -141.24850463867188 168.17727661132812
v -147.43251037597656 -140.69638061523438 167.62640380859375
v -149.25526428222656 -141.37281799316406 168.05426025390625
v -139.55787658691406 -145.63804626464844 168.286376953125
v -152.17922973632812 -150.4993133544922 165.9944305419922
v -152.97201538085938 -149.34886169433594 168.66610717773438
v -135.27001953125 -154.4968719482422 168.99954223632812
v -153.94363403320312 -156.09278869628906 166.98077392578125
v -154.68479919433594 -157.84461975097656 165.90066528320312
v -138.59689331054688 -158.5550079345703 167.05563354492188
v -153.339111328125 -158.3245849609375 167.68353271484375
v -143.3839569091797 -160.05148315429688 166.74636840820312
v -144.11827087402344 -161.1798858642578 167.44638061523438
v -143.0104217529297 -162.44358825683594 166.62728881835938
v -151.66407775878906 -163.81109619140625 167.0667266845703
v -140.1019744873047 -167.3278350830078 166.9675750732422
v -152.438720703125 -169.86044311523438 167.77694702148438
v -141.20567321777344 -174.0127716064453 167.23129272460938
v -149.032958984375 -176.10313415527344 166.98187255859375
v -143.67811584472656 -176.66522216796875 168.4618682861328
v -146.7343292236328 -177.07821655273438 166.6978759765625
v -145.54063415527344 -140.01123046875 169.33677673339844
v -152.92031860351562 -143.48907470703125 169.07337951660156
v -153.57286071777344 -145.13735961914062 169.47869873046875
v -153.3411407470703 -151.45333862304688 169.03562927246094
v -153.3601837158203 -154.96388244628906 169.0306396484375
v -135.80479431152344 -154.89585876464844 170.2320556640625
v -152.76658630371094 -158.31784057617188 169.37619018554688
v -153.61514282226562 -156.7364501953125 168.1206512451172
v -142.712646484375 -158.845703125 169.54022216796875
v -144.3040313720703 -159.2183837890625 169.15345764160156
v -144.9187469482422 -159.6410369873047 168.56166076660156
v -151.6614990234375 -161.13385009765625 167.80703735351562
v -151.01499938964844 -163.37841796875 168.51588439941406
v -141.1077117919922 -166.68206787109375 168.90235900878906
v -152.12307739257812 -168.96336364746094 168.68463134765625
v -140.62094116210938 -168.6634063720703 168.4617156982422
v -141.75132751464844 -173.49008178710938 168.61941528320312
v -151.2889404296875 -172.443115234375 168.037109375
v -151.82150268554688 -170.5086669921875 168.9175567626953
v -150.06190490722656 -174.50527954101562 168.31442260742188
v -143.38905334472656 -176.21542358398438 169.09652709960938
v -148.8610382080078 -175.8577423095703 168.31777954101562
v -146.17904663085938 -176.76077270507812 168.4613494873047
v -147.29783630371094 -139.8917236328125 170.18948364257812
v -144.82667541503906 -139.82598876953125 170.82333374023438
v -142.1638641357422 -141.4175567626953 171.50389099121094
v -149.16212463378906 -140.86077880859375 170.47903442382812
v -147.63186645507812 -140.12042236328125 171.51675415039062
v -141.0505828857422 -142.75729370117188 171.71536254882812
v -152.32513427734375 -142.33103942871094 170.6978302001953
v -153.9420166015625 -143.11911010742188 170.8139190673828
v -153.79808044433594 -144.6517791748047 171.57000732421875
v -139.4000701904297 -145.7920684814453 172.05636596679688
v -153.7228546142578 -145.95016479492188 170.46365356445312
v -153.37205505371094 -148.05995178222656 170.79884338378906
v -153.40586853027344 -146.75201416015625 171.91647338867188
v -137.15806579589844 -149.63067626953125 172.25662231445312
v -154.1093292236328 -149.91127014160156 172.276611328125
v -136.04449462890625 -152.3015899658203 171.72616577148438
v -153.62380981445312 -153.23776245117188 169.8610076904297
v -155.1612548828125 -152.20388793945312 172.89291381835938
v -137.5233612060547 -155.82672119140625 173.40733337402344
v -153.10272216796875 -157.52923583984375 170.381103515625
v -153.4355926513672 -157.77554321289062 172.3707733154297
v -139.9194793701172 -158.39303588867188 171.7927703857422
v -151.41282653808594 -161.11680603027344 169.86398315429688
v -151.74966430664062 -160.87522888183594 171.6723175048828
v -144.09658813476562 -163.31253051757812 169.39450073242188
v -145.29080200195312 -162.0028839111328 170.9237823486328
v -145.6013946533203 -160.96389770507812 172.77188110351562
v -150.65731811523438 -162.39625549316406 170.5550079345703
v -145.0369110107422 -164.25387573242188 171.15478515625
v -149.92050170898438 -164.32492065429688 171.0230712890625
v -150.1195526123047 -166.31051635742188 170.4286346435547
v -142.69485473632812 -167.7373504638672 170.87704467773438
v -141.9335479736328 -169.25450134277344 170.2148895263672
v -150.1482696533203 -167.8769073486328 170.54335021972656
v -142.88368225097656 -169.951904296875 170.80706787109375
v -149.901611328125 -169.5235595703125 170.58779907226562
v -142.9764862060547 -172.32081604003906 169.86439514160156
v -145.2548828125 -171.60488891601562 170.3814239501953
v -150.69410705566406 -171.76187133789062 169.332763671875
v -149.354248046875 -171.25779724121094 170.19583129882812
v -144.73146057128906 -174.70457458496094 169.8497772216797
v -146.76834106445312 -174.34640502929688 169.83651733398438
v -148.3511505126953 -175.22044372558594 169.1610565185547
v -145.1712646484375 -176.0894775390625 169.4579315185547
v -143.128173828125 -141.28245544433594 174.59596252441406
v -144.69827270507812 -140.4480743408203 172.70553588867188
v -146.50753784179688 -140.8107147216797 174.21949768066406
v -150.90220642089844 -141.5567626953125 173.0221405029297
v -141.37542724609375 -142.62445068359375 174.39306640625
v -153.19906616210938 -142.32437133789062 172.5491180419922
v -153.2074737548828 -142.8282928466797 174.4960174560547
v -140.18296813964844 -144.6000518798828 173.88070678710938
v -152.88011169433594 -143.69503784179688 174.96807861328125
v -153.2013702392578 -147.0838623046875 173.96290588378906
v -136.55929565429688 -153.6763458251953 173.89358520507812
v -136.8516845703125 -154.65724182128906 174.19337463378906
v -154.35618591308594 -157.62249755859375 174.34327697753906
v -144.23805236816406 -159.00440979003906 174.29664611816406
v -145.43516540527344 -160.01934814453125 174.1720428466797
v -152.86642456054688 -159.5791778564453 173.2173309326172
v -146.05545043945312 -163.0209503173828 172.54620361328125
v -149.84727478027344 -163.21348571777344 172.32948303222656
v -150.8192901611328 -161.9507598876953 173.35897827148438
v -146.14834594726562 -164.7372283935547 172.34190368652344
v -146.78379821777344 -163.1452178955078 173.55653381347656
v -145.40472412109375 -166.39984130859375 171.89517211914062
v -148.96420288085938 -165.97549438476562 171.79869079589844
v -148.62637329101562 -163.85964965820312 173.301513671875
v -147.96368408203125 -167.2221221923828 171.93478393554688
v -143.78309631347656 -168.33509826660156 171.33502197265625
v -146.13720703125 -167.6011962890625 171.89599609375
v -147.55125427246094 -164.79209899902344 173.19271850585938
v -143.63479614257812 -141.41773986816406 175.33865356445312
v -149.9599151611328 -141.75784301757812 175.44444274902344
v -152.36053466796875 -142.169189453125 174.41603088378906
v -152.6237335205078 -144.81729125976562 174.32574462890625
v -139.53627014160156 -147.378173828125 176.38238525390625
v -139.34632873535156 -146.74261474609375 174.6427459716797
v -137.9393768310547 -149.19671630859375 174.50111389160156
v -153.5239715576172 -147.6066131591797 174.7857208251953
v -136.91358947753906 -151.3293914794922 174.07554626464844
v -155.3895263671875 -150.1571807861328 175.41134643554688
v -155.90211486816406 -154.2499237060547 175.01524353027344
v -155.8544464111328 -152.71934509277344 175.06944274902344
v -155.9500274658203 -155.439208984375 175.36065673828125
v -141.27967834472656 -158.18531799316406 174.62437438964844
v -152.39752197265625 -160.6900634765625 174.5908203125
v -149.7699432373047 -162.2772674560547 174.5710906982422
v -151.87850952148438 -161.23690795898438 176.2142333984375
v -147.61427307128906 -163.13604736328125 174.18270874023438
v -148.65963745117188 -162.34278869628906 175.1367950439453
v -142.8324737548828 -142.9591522216797 177.73056030273438
v -141.3848419189453 -144.0384063720703 177.122314453125
v -145.327392578125 -142.7114715576172 178.75326538085938
v -147.93545532226562 -142.98268127441406 179.22467041015625
v -151.40003967285156 -143.0397491455078 177.70045471191406
v -152.81031799316406 -143.5791473388672 176.2398681640625
v -152.89173889160156 -145.02383422851562 175.12335205078125
v -154.02047729492188 -144.6299285888672 176.2834014892578
v -153.95445251464844 -143.74424743652344 177.68748474121094
v -155.9273681640625 -144.3734588623047 176.47988891601562
v -153.85696411132812 -146.6107940673828 175.44058227539062
v -155.8220672607422 -145.84043884277344 176.1933135986328
v -156.46934509277344 -145.19390869140625 176.2593536376953
v -156.865478515625 -144.650146484375 177.20294189453125
v -155.7894287109375 -149.33859252929688 176.62542724609375
v -138.43638610839844 -150.89398193359375 176.4837188720703
v -138.04042053222656 -152.29901123046875 175.8999786376953
v -138.9051971435547 -153.66754150390625 176.62692260742188
v -156.83529663085938 -153.587646484375 177.45584106445312
v -139.66371154785156 -155.76104736328125 176.00352478027344
v -157.84495544433594 -155.1929168701172 178.85650634765625
v -155.99899291992188 -157.36758422851562 176.6317138671875
v -143.86497497558594 -158.28477478027344 177.0009002685547
v -146.11358642578125 -159.42503356933594 176.7546844482422
v -153.7305450439453 -159.82765197753906 176.81517028808594
v -155.49720764160156 -158.38571166992188 177.48117065429688
v -146.958984375 -158.45529174804688 179.24285888671875
v -147.79916381835938 -161.35565185546875 176.2361297607422
v -149.12921142578125 -161.2484588623047 177.1999969482422
v -152.28091430664062 -160.6334991455078 177.24835205078125
v -151.01585388183594 -161.34320068359375 176.96827697753906
v -144.54421997070312 -143.28834533691406 180.0487823486328
v -151.49073791503906 -144.10633850097656 180.9287872314453
v -152.70648193359375 -143.588134765625 178.75082397460938
v -156.15274047851562 -143.8590545654297 178.43556213378906
v -157.63819885253906 -144.585693359375 179.8392791748047
v -141.49412536621094 -145.6829833984375 179.3667755126953
v -158.42637634277344 -145.844482421875 179.24978637695312
v -158.34503173828125 -146.99703979492188 178.83551025390625
v -140.1395721435547 -148.6348876953125 179.2037353515625
v -156.93734741210938 -147.68624877929688 177.55538940429688
v -156.78915405273438 -149.46484375 178.5255889892578
v -140.1855926513672 -150.59927368164062 180.05030822753906
v -140.11749267578125 -152.73284912109375 179.77235412597656
v -156.724609375 -151.56956481933594 179.39431762695312
v -141.742919921875 -155.17723083496094 180.05413818359375
v -142.357421875 -156.60287475585938 178.79522705078125
v -158.1116180419922 -156.90708923339844 179.83053588867188
v -144.50137329101562 -156.8066864013672 180.0662384033203
v -157.46482849121094 -157.97178649902344 180.11061096191406
v -155.4934539794922 -158.95179748535156 179.61705017089844
v -148.92446899414062 -159.6923065185547 179.1413116455078
v -150.8905487060547 -160.50906372070312 178.3850860595703
v -144.28208923339844 -144.55784606933594 182.74290466308594
v -156.6161346435547 -144.0860595703125 180.631103515625
v -158.99703979492188 -146.01559448242188 181.81971740722656
v -141.53700256347656 -147.39955139160156 180.8695068359375
v -158.42369079589844 -148.5882568359375 180.3287353515625
v -159.1024169921875 -147.35426330566406 181.0247039794922
v -157.72125244140625 -150.35946655273438 180.9113311767578
v -158.54954528808594 -154.43788146972656 180.2222137451172
v -158.38429260253906 -152.0404052734375 182.36680603027344
v -159.97100830078125 -154.1870574951172 182.64511108398438
v -143.12808227539062 -155.22805786132812 180.9739532470703
v -159.780517578125 -155.7351837158203 181.5554656982422
v -147.60861206054688 -157.50953674316406 180.71376037597656
v -153.8621368408203 -159.24691772460938 180.83226013183594
v -151.89796447753906 -159.02442932128906 180.91012573242188
v -156.52235412597656 -158.95314025878906 182.61041259765625
v -147.002685546875 -144.50567626953125 184.6424102783203
v -147.81919860839844 -144.51480102539062 184.8396759033203
v -148.72116088867188 -144.51760864257812 184.1944122314453
v -151.8263397216797 -145.2069549560547 183.56285095214844
v -155.72406005859375 -144.31935119628906 181.69825744628906
v -144.54608154296875 -146.12158203125 184.39573669433594
v -156.3479766845703 -144.86129760742188 182.49818420410156
v -159.7455291748047 -147.72369384765625 182.44918823242188
v -144.0704803466797 -148.70584106445312 184.72560119628906
v -158.83384704589844 -148.7615966796875 182.56320190429688
v -143.4447784423828 -150.2196502685547 183.9508514404297
v -142.04632568359375 -151.0206756591797 182.1454620361328
v -158.3163604736328 -150.52117919921875 182.6186981201172
v -141.75759887695312 -153.40562438964844 181.13137817382812
v -143.56105041503906 -152.41172790527344 182.74391174316406
v -145.4329833984375 -154.25563049316406 182.2212371826172
v -146.60531616210938 -153.89244079589844 182.9551239013672
v -159.73744201660156 -152.16468811035156 184.9015350341797
v -150.0072784423828 -157.65846252441406 181.70407104492188
v -149.07965087890625 -154.9611053466797 183.67266845703125
v -151.34283447265625 -157.4397430419922 182.90602111816406
v -161.43316650390625 -155.65052795410156 183.2880859375
v -161.4404754638672 -156.77574157714844 183.4249725341797
v -160.1790313720703 -158.147216796875 183.0021514892578
v -154.30300903320312 -158.48703002929688 183.35845947265625
v -155.9501953125 -158.8195037841797 183.8331298828125
v -159.1063232421875 -158.6376190185547 183.39697265625
v -146.17652893066406 -145.5304412841797 186.02699279785156
v -149.98939514160156 -145.9956817626953 186.3098907470703
v -153.4750518798828 -146.38768005371094 185.33059692382812
v -158.2954559326172 -146.6561279296875 183.38238525390625
v -156.38607788085938 -147.1438446044922 184.7122344970703
v -145.79954528808594 -147.4326171875 186.72113037109375
v -156.78271484375 -148.33953857421875 185.63319396972656
v -154.8038330078125 -147.1049346923828 185.67556762695312
v -158.11563110351562 -148.38339233398438 183.98818969726562
v -157.8595733642578 -149.58335876464844 185.07215881347656
v -145.45526123046875 -151.33932495117188 185.92115783691406
v -145.7067413330078 -152.37680053710938 184.78079223632812
v -158.55096435546875 -151.2836151123047 184.25711059570312
v -147.28231811523438 -153.5259552001953 183.93431091308594
v -161.4053192138672 -153.80380249023438 185.01223754882812
v -150.8708953857422 -155.72238159179688 185.15472412109375
v -152.51748657226562 -157.32203674316406 184.33290100097656
v -161.6822052001953 -157.7760772705078 185.65676879882812
v -151.24476623535156 -146.33143615722656 187.02915954589844
v -154.11900329589844 -147.0089569091797 186.91217041015625
v -158.48162841796875 -150.4820556640625 185.52587890625
v -157.61814880371094 -148.7333526611328 186.9352264404297
v -159.159423828125 -148.69554138183594 187.7823028564453
v -146.48521423339844 -150.3910675048828 188.15647888183594
v -159.54730224609375 -150.10635375976562 186.1919403076172
v -162.98904418945312 -149.41175842285156 186.57862854003906
v -160.87786865234375 -151.3299560546875 185.750244140625
v -162.572509765625 -151.2030792236328 186.060302734375
v -163.51548767089844 -150.5413818359375 186.47886657714844
v -147.3576202392578 -151.5580596923828 188.86717224121094
v -147.94595336914062 -152.4940185546875 187.8598175048828
v -149.32481384277344 -153.52847290039062 187.37506103515625
v -162.32386779785156 -153.65158081054688 185.9663848876953
v -163.1533966064453 -154.21337890625 186.9952392578125
v -162.3611297607422 -155.38282775878906 185.6730194091797
v -150.87355041503906 -155.09120178222656 187.43182373046875
v -153.2917938232422 -157.160400390625 186.35438537597656
v -163.3719940185547 -155.998046875 188.12603759765625
v -156.48411560058594 -158.48641967773438 186.7439727783203
v -155.02685546875 -157.78817749023438 188.18789672851562
v -161.47674560546875 -158.5816650390625 188.6669158935547
v -162.83810424804688 -157.71633911132812 188.91212463378906
v -159.1032257080078 -158.91400146484375 187.06610107421875
v -147.12342834472656 -146.5289764404297 187.10015869140625
v -148.36856079101562 -146.65676879882812 187.72705078125
v -147.32554626464844 -147.9141082763672 188.56411743164062
v -149.2052764892578 -146.69456481933594 188.68621826171875
v -150.73275756835938 -146.21566772460938 188.82421875
v -151.78041076660156 -146.34652709960938 188.41490173339844
v -154.22169494628906 -146.78607177734375 188.44271850585938
v -157.45513916015625 -147.90443420410156 188.97979736328125
v -146.6034393310547 -149.2256622314453 188.37905883789062
v -161.98951721191406 -148.7760467529297 187.28591918945312
v -162.64422607421875 -148.2591094970703 188.91993713378906
v -164.4134979248047 -149.53492736816406 188.0514373779297
v -164.24435424804688 -148.7554931640625 188.70986938476562
v -164.303466796875 -151.2337188720703 187.623291015625
v -149.5332794189453 -153.4705352783203 190.5106964111328
v -164.69569396972656 -154.71192932128906 189.88336181640625
v -165.58108520507812 -153.70687866210938 191.12344360351562
v -151.4906463623047 -155.58792114257812 188.80075073242188
v -153.09471130371094 -156.95469665527344 188.78213500976562
v -164.0613555908203 -156.7445068359375 190.16543579101562
v -156.6704559326172 -158.58827209472656 189.08738708496094
v -159.21383666992188 -159.09765625 189.045654296875
v -149.27711486816406 -146.4278564453125 192.11473083496094
v -148.2218017578125 -147.64474487304688 190.7462615966797
v -150.35568237304688 -145.8816680908203 190.6872100830078
v -155.2361297607422 -146.35891723632812 190.43206787109375
v -147.74867248535156 -149.00518798828125 191.87091064453125
v -160.16360473632812 -147.19793701171875 192.08592224121094
v -147.900390625 -150.34678649902344 192.59532165527344
v -165.41162109375 -150.46893310546875 191.11795043945312
v -148.32125854492188 -151.97166442871094 191.6179962158203
v -166.34068298339844 -153.1345672607422 192.9694061279297
v -150.81272888183594 -155.74783325195312 191.51405334472656
v -152.90536499023438 -157.41262817382812 190.29736328125
v -163.5977020263672 -158.0703887939453 190.6785125732422
v -156.2007598876953 -159.040771484375 190.495361328125
v -158.41033935546875 -159.42916870117188 190.40907287597656
v -160.85626220703125 -159.69656372070312 190.74539184570312
v -162.51480102539062 -159.01600646972656 190.6775360107422
v -151.25990295410156 -145.40325927734375 194.10496520996094
v -152.5565185546875 -145.1443328857422 193.72930908203125
v -154.9234161376953 -145.1089324951172 194.28529357910156
v -156.92388916015625 -145.6627197265625 193.12835693359375
v -161.23223876953125 -146.7317352294922 194.2504119873047
v -163.0790252685547 -147.45216369628906 193.45184326171875
v -163.95870971679688 -147.9436798095703 193.7563934326172
v -165.09385681152344 -149.22161865234375 192.82142639160156
v -165.8070068359375 -150.20697021484375 193.2733917236328
v -148.4492950439453 -151.8582305908203 194.86595153808594
v -148.93345642089844 -153.49452209472656 194.4647979736328
v -149.58718872070312 -154.6524658203125 193.3357696533203
v -166.2026824951172 -155.99085998535156 192.4136199951172
v -167.48374938964844 -155.1697235107422 194.37310791015625
v -150.6961212158203 -157.11065673828125 193.43389892578125
v -167.68955993652344 -156.69248962402344 194.90208435058594
v -151.8450927734375 -157.796875 191.9080047607422
v -153.1728057861328 -159.1932373046875 192.2207489013672
v -165.32936096191406 -159.26119995117188 193.28634643554688
v -152.16297912597656 -159.06100463867188 193.34771728515625
v -154.6080780029297 -160.3044891357422 192.73147583007812
v -163.79530334472656 -160.9345245361328 192.75253295898438
v -155.62953186035156 -161.17910766601562 194.12704467773438
v -157.353271484375 -161.14906311035156 192.58285522460938
v -160.4907684326172 -161.47291564941406 192.49319458007812
v -157.62327575683594 -161.70472717285156 193.59036254882812
v -161.82418823242188 -162.454345703125 194.1792449951172
v -162.8923797607422 -161.79754638671875 193.7372589111328
v -150.5848846435547 -145.9119110107422 195.33084106445312
v -159.7159881591797 -145.77882385253906 195.02955627441406
v -148.86143493652344 -147.55026245117188 195.35305786132812
v -148.27223205566406 -149.75143432617188 195.3784637451172
v -163.11524963378906 -147.43377685546875 196.45071411132812
v -165.45181274414062 -149.8884735107422 195.7503204345703
v -166.56321716308594 -152.9627685546875 195.02015686035156
v -150.36048889160156 -156.447509765625 194.58352661132812
v -167.13735961914062 -154.1493377685547 194.45193481445312
v -169.9961395263672 -156.13919067382812 195.3102569580078
v -171.361083984375 -157.1403045654297 194.3990936279297
v -172.6439971923828 -156.77159118652344 194.46664428710938
v -151.9985809326172 -158.51956176757812 196.17660522460938
v -172.47799682617188 -158.559814453125 193.8754425048828
v -170.91732788085938 -159.25701904296875 194.32691955566406
v -173.98138427734375 -158.05567932128906 194.4966278076172
v -165.89772033691406 -159.85086059570312 194.8297882080078
v -174.30203247070312 -159.72845458984375 194.48744201660156
v -153.25804138183594 -159.99407958984375 195.37448120117188
v -172.38003540039062 -161.017822265625 194.4227752685547
v -168.44711303710938 -159.4326171875 195.4958953857422
v -173.95175170898438 -160.8609619140625 194.64129638671875
v -160.10169982910156 -162.45401000976562 194.308837890625
v -164.0069580078125 -162.2022705078125 196.1463623046875
v -173.30892944335938 -161.88682556152344 195.29132080078125
v -161.7211456298828 -163.3939971923828 196.50469970703125
v -152.0926971435547 -146.1800537109375 198.30506896972656
v -153.03170776367188 -145.65736389160156 198.24378967285156
v -154.18511962890625 -145.37686157226562 198.53512573242188
v -156.22850036621094 -145.0982208251953 197.85232543945312
v -157.7295379638672 -145.15676879882812 197.96498107910156
v -150.09017944335938 -147.34559631347656 197.53857421875
v -159.6844940185547 -145.80111694335938 199.39283752441406
v -149.21363830566406 -148.7984161376953 197.60879516601562
v -164.11538696289062 -148.6785430908203 197.3317108154297
v -148.8745880126953 -152.26913452148438 196.7321319580078
v -166.03036499023438 -151.7611083984375 197.26498413085938
v -166.7982940673828 -152.86195373535156 197.7739715576172
v -150.43563842773438 -155.62509155273438 196.7222442626953
v -168.63320922851562 -155.49252319335938 195.529541015625
v -168.4735107421875 -154.3674774169922 196.35789489746094
v -171.44125366210938 -154.71743774414062 196.26055908203125
v -173.9347686767578 -156.25836181640625 195.6073455810547
v -172.60565185546875 -153.4715576171875 197.88778686523438
v -174.33522033691406 -154.91941833496094 197.3537139892578
v -176.0454864501953 -156.6280975341797 197.41233825683594
v -151.9612274169922 -157.700439453125 198.185546875
v -168.66433715820312 -157.60072326660156 195.21823120117188
v -167.06558227539062 -159.13720703125 195.1927947998047
v -176.75558471679688 -158.31459045410156 196.69949340820312
v -176.8636016845703 -159.87840270996094 196.3686065673828
v -157.93032836914062 -162.23886108398438 199.31280517578125
v -165.8616180419922 -161.1305694580078 197.41749572753906
v -167.0499725341797 -160.45333862304688 196.57272338867188
v -168.7937469482422 -160.77662658691406 196.5025634765625
v -171.0712432861328 -161.60610961914062 195.97760009765625
v -176.73348999023438 -162.21856689453125 196.9197540283203
v -158.23727416992188 -162.2298126220703 195.7755126953125
v -163.30816650390625 -163.51254272460938 197.73899841308594
v -172.96058654785156 -163.033447265625 196.69947814941406
v -174.7754364013672 -163.1337432861328 196.69825744628906
v -159.51385498046875 -163.13478088378906 199.1262969970703
v -160.8590545654297 -163.54771423339844 197.7559051513672
v -151.46218872070312 -147.43991088867188 199.6785430908203
v -149.21194458007812 -150.3542022705078 198.3005828857422
v -164.72019958496094 -150.5211181640625 199.23414611816406
v -150.24713134765625 -151.69712829589844 200.14881896972656
v -150.7301025390625 -153.6298370361328 199.93585205078125
v -168.97064208984375 -153.5379180908203 197.97850036621094
v -172.66891479492188 -153.17970275878906 198.490234375
v -167.66297912597656 -153.23837280273438 198.49476623535156
v -175.66030883789062 -154.69654846191406 200.9532012939453
v -177.72938537597656 -158.4432830810547 198.1534423828125
v -153.64276123046875 -158.6372833251953 200.74783325195312
v -154.86952209472656 -160.46624755859375 199.53854370117188
v -177.8389892578125 -160.26344299316406 197.94593811035156
v -177.6237335205078 -161.87802124023438 198.0745849609375
v -165.93902587890625 -162.32252502441406 199.39227294921875
v -167.37696838378906 -162.43214416503906 199.9416046142578
v -169.40061950683594 -163.38401794433594 200.51837158203125
v -177.3551025390625 -162.86863708496094 198.6703338623047
v -162.42266845703125 -164.55743408203125 199.89617919921875
v -161.19659423828125 -164.32899475097656 200.0679168701172
v -173.34405517578125 -164.112060546875 198.03338623046875
v -175.0089111328125 -164.25218200683594 198.6761474609375
v -173.21127319335938 -164.47801208496094 199.34188842773438
v -156.95477294921875 -146.1378631591797 202.511962890625
v -160.37234497070312 -147.35494995117188 202.99302673339844
v -150.77166748046875 -149.15609741210938 200.6201934814453
v -161.49249267578125 -148.16879272460938 202.41317749023438
v -165.14993286132812 -151.4171142578125 201.07879638671875
v -163.71144104003906 -150.53025817871094 202.1712646484375
v -165.87217712402344 -151.79405212402344 202.57269287109375
v -169.84837341308594 -152.64410400390625 202.17694091796875
v -171.44677734375 -152.6197509765625 203.51100158691406
v -152.0461883544922 -153.9587860107422 202.75477600097656
v -178.0697479248047 -156.50665283203125 202.19244384765625
v -178.6418914794922 -157.8417510986328 201.6851043701172
v -178.77076721191406 -159.4020233154297 200.86227416992188
v -178.86843872070312 -160.9438934326172 201.14439392089844
v -156.3985595703125 -161.13671875 203.43472290039062
v -158.113037109375 -162.25440979003906 203.7064208984375
v -178.6000518798828 -162.72940063476562 202.43504333496094
v -164.92535400390625 -164.61260986328125 201.5137481689453
v -166.1150360107422 -163.86830139160156 201.2107391357422
v -176.46890258789062 -164.48681640625 201.91720581054688
v -174.54530334472656 -164.88392639160156 202.22264099121094
v -153.53359985351562 -147.6583709716797 204.22911071777344
v -155.26995849609375 -146.7681427001953 203.8582000732422
v -158.91261291503906 -146.70947265625 203.3573760986328
v -152.72067260742188 -148.9722442626953 204.5489501953125
v -151.3004608154297 -150.45033264160156 202.2145233154297
v -152.2389678955078 -151.66146850585938 204.51405334472656
v -166.8328399658203 -151.7791748046875 204.13523864746094
v -174.16253662109375 -153.1832275390625 203.75143432617188
v -153.75494384765625 -156.53656005859375 203.8519744873047
v -177.62875366210938 -155.04910278320312 204.51092529296875
v -154.95066833496094 -159.1603546142578 204.39193725585938
v -180.02023315429688 -158.61758422851562 203.78289794921875
v -180.47561645507812 -160.11270141601562 203.60655212402344
v -155.28598022460938 -159.79672241210938 203.93763732910156
v -179.6424560546875 -161.263671875 202.76577758789062
v -180.2053680419922 -162.26992797851562 204.601806640625
v -160.61416625976562 -164.19778442382812 204.50936889648438
v -168.73312377929688 -164.49794006347656 202.73919677734375
v -170.0359649658203 -164.10316467285156 201.6425323486328
v -178.55838012695312 -163.88475036621094 205.83457946777344
v -162.4381561279297 -165.0364532470703 203.18800354003906
v -167.26162719726562 -165.02508544921875 203.55657958984375
v -170.91798400878906 -164.66519165039062 203.6411590576172
v -156.92416381835938 -147.44210815429688 207.5118865966797
v -158.3343505859375 -147.38755798339844 207.1754913330078
v -159.43206787109375 -147.5026092529297 206.41795349121094
v -152.43731689453125 -150.22903442382812 204.83908081054688
v -160.9619903564453 -148.85040283203125 208.08767700195312
v -164.3095245361328 -150.96983337402344 206.18556213378906
v -165.72669982910156 -151.28701782226562 205.75897216796875
v -170.1145477294922 -151.9005889892578 205.29843139648438
v -153.5972442626953 -152.279541015625 207.45040893554688
v -178.16273498535156 -154.88258361816406 207.0525665283203
v -179.73675537109375 -157.0372314453125 205.16290283203125
v -181.99407958984375 -159.94540405273438 205.62203979492188
v -180.89312744140625 -161.1577606201172 204.22030639648438
v -182.18150329589844 -160.85760498046875 206.121826171875
v -179.49513244628906 -163.1370849609375 205.26358032226562
v -165.3599395751953 -165.47727966308594 204.29660034179688
v -166.7725372314453 -165.85159301757812 205.11611938476562
v -166.2522430419922 -165.98095703125 205.77078247070312
v -168.70994567871094 -165.12164306640625 205.2328338623047
v -172.54861450195312 -164.9723358154297 206.38308715820312
v -177.42478942871094 -164.66957092285156 208.2209014892578
v -155.27874755859375 -147.705078125 206.78419494628906
v -155.11117553710938 -148.65737915039062 208.00567626953125
v -153.93588256835938 -150.32920837402344 207.701171875
v -162.79075622558594 -150.47044372558594 207.37533569335938
v -169.08721923828125 -151.2228240966797 209.5141143798828
v -173.22836303710938 -152.766845703125 207.31346130371094
v -171.35076904296875 -151.81857299804688 209.49502563476562
v -154.47227478027344 -153.6995391845703 207.93775939941406
v -176.87124633789062 -154.1328887939453 207.86801147460938
v -155.3174591064453 -157.1761932373047 207.46652221679688
v -179.62387084960938 -156.3185577392578 206.8341827392578
v -181.06394958496094 -158.00782775878906 206.5469207763672
v -157.95468139648438 -159.55047607421875 210.53355407714844
v -182.47683715820312 -159.61074829101562 206.87376403808594
v -182.77210998535156 -160.73031616210938 208.25868225097656
v -158.537353515625 -161.42564392089844 208.10128784179688
v -160.46766662597656 -162.7024383544922 209.8778533935547
v -162.68423461914062 -164.2305145263672 210.59967041015625
v -163.5580291748047 -164.70567321777344 210.18490600585938
v -164.2781524658203 -165.33509826660156 206.218017578125
v -165.57176208496094 -165.29837036132812 208.4376678466797
v -168.36993408203125 -165.12869262695312 208.41859436035156
v -170.3790740966797 -164.93145751953125 208.1726531982422
v -174.95912170410156 -165.11660766601562 208.56784057617188
v -157.44894409179688 -148.71450805664062 209.04840087890625
v -159.2410125732422 -148.7379608154297 208.9738311767578
v -161.81222534179688 -150.22792053222656 208.6879425048828
v -154.9160919189453 -152.11279296875 208.9326629638672
v -164.17308044433594 -151.16519165039062 209.93643188476562
v -166.13287353515625 -151.13177490234375 210.3466796875
v -173.89089965820312 -153.15762329101562 211.21347045898438
v -178.2652587890625 -155.02444458007812 210.20733642578125
v -181.1642303466797 -157.4117431640625 209.64381408691406
v -157.21861267089844 -157.84507751464844 210.78602600097656
v -182.2301483154297 -158.69546508789062 208.77398681640625
v -182.1876220703125 -163.27392578125 210.0111846923828
v -182.93101501464844 -162.57684326171875 210.39450073242188
v -180.54238891601562 -163.9510040283203 209.4651336669922
v -169.59738159179688 -164.80767822265625 210.67971801757812
v -172.56912231445312 -165.21200561523438 208.92666625976562
v -156.98187255859375 -150.264892578125 209.9707489013672
v -156.06265258789062 -151.31524658203125 209.851806640625
v -158.9868927001953 -150.60772705078125 210.3551788330078
v -160.66455078125 -150.2451629638672 209.7546844482422
v -157.6076202392578 -151.95513916015625 210.72183227539062
v -159.4090118408203 -152.48519897460938 211.79385375976562
v -161.00682067871094 -151.39508056640625 211.08348083496094
v -163.0940704345703 -151.40821838378906 211.05015563964844
v -156.66067504882812 -155.72604370117188 210.46664428710938
v -156.52049255371094 -153.37962341308594 210.38418579101562
v -158.2286376953125 -153.58059692382812 211.9329071044922
v -171.43995666503906 -151.95965576171875 212.88638305664062
v -157.62704467773438 -154.77423095703125 211.88514709472656
v -179.96279907226562 -156.4755096435547 212.17698669433594
v -181.75352478027344 -158.07589721679688 212.0726776123047
v -183.17999267578125 -160.119140625 212.53643798828125
v -159.611328125 -160.8737335205078 212.5306396484375
v -183.36988830566406 -160.9891357421875 211.2530059814453
v -166.37664794921875 -164.7120819091797 214.14901733398438
v -168.44371032714844 -164.86471557617188 211.9412841796875
v -174.30213928222656 -165.77215576171875 210.91384887695312
v -177.5095977783203 -165.27874755859375 214.20213317871094
v -179.826416015625 -164.66693115234375 211.79647827148438
v -172.94129943847656 -166.27447509765625 214.5907440185547
v -162.24681091308594 -152.15719604492188 212.5901336669922
v -167.74928283691406 -151.56390380859375 214.1248779296875
v -169.44491577148438 -151.36073303222656 212.77012634277344
v -161.18533325195312 -153.7640380859375 214.63894653320312
v -177.3455047607422 -155.07350158691406 213.31527709960938
v -173.43359375 -153.57933044433594 214.75682067871094
v -158.2297821044922 -158.0102996826172 212.93531799316406
v -159.46780395507812 -159.34190368652344 214.86862182617188
v -183.9980926513672 -161.17535400390625 213.43251037597656
v -183.8182830810547 -162.43727111816406 212.22274780273438
v -162.5342559814453 -163.21371459960938 212.5481414794922
v -164.34107971191406 -164.33006286621094 213.84613037109375
v -182.79519653320312 -164.57589721679688 213.879150390625
v -167.9824981689453 -164.8597412109375 214.09039306640625
v -170.1277618408203 -165.17477416992188 213.79510498046875
v -175.2379913330078 -166.1050567626953 214.1591339111328
v -170.61282348632812 -151.9582977294922 214.56207275390625
v -165.71102905273438 -152.6422119140625 215.10107421875
v -159.98794555664062 -155.2169952392578 215.06117248535156
v -159.38645935058594 -156.7836456298828 214.98062133789062
v -179.26657104492188 -156.57431030273438 214.55007934570312
v -181.2686767578125 -158.23464965820312 214.72572326660156
v -183.73651123046875 -161.01104736328125 215.213623046875
v -161.70565795898438 -161.49098205566406 213.90127563476562
v -184.29164123535156 -163.39955139160156 216.1707305908203
v -163.69618225097656 -162.4336700439453 214.54351806640625
v -184.1344757080078 -164.29530334472656 216.12155151367188
v -181.69772338867188 -165.2587890625 214.64593505859375
v -174.0673065185547 -166.49838256835938 215.27540588378906
v -169.45925903320312 -152.30303955078125 215.54685974121094
v -169.45782470703125 -154.44775390625 217.7489471435547
v -171.3825225830078 -154.38929748535156 217.81646728515625
v -172.6227264404297 -154.0970916748047 216.95480346679688
v -162.59532165527344 -156.32012939453125 216.95236206054688
v -163.70037841796875 -155.2324981689453 216.76934814453125
v -165.55438232421875 -155.32315063476562 217.70225524902344
v -175.726806640625 -155.30616760253906 216.75384521484375
v -161.5486602783203 -157.0167999267578 216.54737854003906
v -161.70855712890625 -158.2839813232422 216.70611572265625
v -179.11676025390625 -158.98191833496094 220.72979736328125
v -162.3080291748047 -159.4891815185547 216.4966278076172
v -182.69854736328125 -160.7752227783203 218.281005859375
v -165.3927764892578 -161.19342041015625 216.8175811767578
v -166.19448852539062 -163.70423889160156 215.76246643066406
v -166.06622314453125 -161.0322723388672 218.69760131835938
v -184.16746520996094 -163.0721435546875 217.96969604492188
v -167.26792907714844 -163.9419403076172 216.8849334716797
v -169.1018524169922 -164.8053741455078 217.87086486816406
v -170.8565216064453 -165.39199829101562 217.75634765625
v -182.29257202148438 -165.94140625 217.16505432128906
v -173.6880340576172 -166.44680786132812 217.49923706054688
v -178.28985595703125 -166.26165771484375 217.2115936279297
v -172.66111755371094 -155.4370880126953 219.5897674560547
v -175.30311584472656 -156.14102172851562 219.29649353027344
v -164.35848999023438 -158.15231323242188 218.9947052001953
v -164.98155212402344 -157.217529296875 219.2390594482422
v -165.18319702148438 -159.1505584716797 219.2161407470703
v -183.5732421875 -162.69667053222656 219.6249542236328
v -167.0968475341797 -162.33151245117188 220.269775390625
v -184.07337951660156 -164.41323852539062 218.7808380126953
v -168.94931030273438 -164.20144653320312 220.40576171875
v -182.62478637695312 -165.97727966308594 218.98252868652344
v -176.552734375 -166.7431640625 218.73855590820312
v -180.28135681152344 -166.6988067626953 220.21046447753906
v -170.15838623046875 -156.62677001953125 220.90977478027344
v -167.92408752441406 -157.6442108154297 221.2681121826172
v -174.40280151367188 -156.53964233398438 220.70999145507812
v -166.23228454589844 -158.11585998535156 220.5586700439453
v -166.3396759033203 -159.4835662841797 220.56857299804688
v -181.727294921875 -161.2548065185547 221.32275390625
v -182.6997833251953 -163.51406860351562 221.7681884765625
v -183.78500366210938 -164.19735717773438 219.75732421875
v -171.79356384277344 -164.91372680664062 220.97218322753906
v -175.01087951660156 -166.02609252929688 221.86471557617188
v -182.34417724609375 -165.9702606201172 220.4905242919922
v -176.8423614501953 -166.66842651367188 220.79490661621094
v -173.63626098632812 -157.10105895996094 221.44908142089844
v -167.78460693359375 -159.20529174804688 221.76185607910156
v -175.34962463378906 -159.31932067871094 223.28521728515625
v -176.97779846191406 -159.08108520507812 222.90402221679688
v -167.72955322265625 -160.7481231689453 221.70730590820312
v -170.9409637451172 -159.3371124267578 222.471435546875
v -167.852783203125 -162.24917602539062 221.21502685546875
v -170.08804321289062 -160.8799591064453 222.6315155029297
v -175.23277282714844 -160.85777282714844 224.11378479003906
v -179.80789184570312 -161.0408477783203 223.15176391601562
v -171.47283935546875 -163.06893920898438 223.09251403808594
v -181.88980102539062 -162.59996032714844 222.45913696289062
v -172.07147216796875 -163.87583923339844 222.99066162109375
v -181.01527404785156 -163.4751434326172 223.5457763671875
v -181.2256622314453 -165.0162353515625 223.25662231445312
v -175.5232696533203 -165.54603576660156 223.0799560546875
v -181.79067993164062 -165.47531127929688 222.38784790039062
v -178.3683624267578 -166.32998657226562 222.61375427246094
v -180.46661376953125 -166.21829223632812 222.2928924560547
v -174.72447204589844 -162.3602294921875 224.31106567382812
v -177.40089416503906 -161.00140380859375 224.09999084472656
v -176.36239624023438 -163.18197631835938 225.20895385742188
v -177.23175048828125 -162.70619201660156 225.2015380859375
v -179.78305053710938 -162.3686981201172 223.92022705078125
v -177.77110290527344 -164.0975341796875 225.2816162109375
v -175.83511352539062 -164.416015625 224.20242309570312
v -179.2828369140625 -164.3905487060547 224.43545532226562
v -178.74462890625 -165.5467529296875 223.91978454589844
vn 0.1287648230791092 0.6288943290710449 -0.7667539715766907
vn -0.1391196846961975 0.4469391405582428 -0.8836804628372192
vn -0.3935454189777374 0.7089228630065918 -0.5852780938148499
vn 0.6124623417854309 0.22648219764232635 -0.7573610544204712
vn 0.16938890516757965 0.1228974312543869 -0.9778566956520081
vn -0.3611018657684326 0.018615610897541046 -0.9323405623435974
vn -0.810676097869873 0.3136320114135742 -0.4944079518318176
vn 0.4221896529197693 -0.3911336064338684 -0.8177838921546936
vn 0.022365257143974304 -0.4560752809047699 -0.889660120010376
vn -0.7636512517929077 -0.21348053216934204 -0.6093134880065918
vn -0.3459944725036621 -0.6091353893280029 -0.7136118412017822
vn 0.3752213418483734 0.7276886105537415 -0.5741762518882751
vn 0.053127266466617584 0.9065699577331543 -0.4186985492706299
vn 0.6819060444831848 0.5802792310714722 -0.44528672099113464
vn 0.85353684425354 0.11106467247009277 -0.5090574026107788
vn -0.7499025464057922 0.610624372959137 -0.2545270621776581
vn 0.7916712760925293 -0.34093570709228516 -0.5069708228111267
vn -0.9433572292327881 0.043467797338962555 -0.328918993473053
vn -0.9098809361457825 0.36411720514297485 -0.1988351047039032
vn 0.4471275508403778 -0.7166545987129211 -0.5352412462234497
vn 0.06909789144992828 -0.7569058537483215 -0.649860680103302
vn 0.3420303761959076 0.9003944396972656 -0.268896222114563
vn 0.11582864075899124 0.9834524989128113 -0.13930140435695648
vn -0.18356959521770477 0.9613089561462402 -0.20539575815200806
vn -0.5023549199104309 0.8390565514564514 -0.2088627964258194
vn -0.724423885345459 0.6831461787223816 -0.0923117995262146
vn -0.8877447843551636 0.45698821544647217 -0.05541767552495003
vn 0.9734418392181396 0.009878447279334068 -0.22872129082679749
vn 0.8604891300201416 0.44726166129112244 -0.243957981467247
vn 0.9158409833908081 -0.2641492187976837 -0.3024243712425232
vn -0.9497769474983215 0.2846570611000061 -0.12997740507125854
vn 0.8244978785514832 -0.520374059677124 -0.2222926765680313
vn 0.672723114490509 -0.6889446973800659 -0.2698124647140503
vn -0.67903733253479 -0.40826016664505005 -0.6101082563400269
vn -0.933322012424469 0.12583909928798676 -0.33626556396484375
vn -0.9011757373809814 -0.3043782114982605 -0.30860376358032227
vn 0.405710369348526 -0.8465631604194641 -0.34457215666770935
vn 0.14225761592388153 -0.8613073825836182 -0.4877626895904541
vn -0.21171684563159943 -0.7798213362693787 -0.5891135334968567
vn -0.4718845784664154 -0.7410948872566223 -0.4776016175746918
vn -0.18737083673477173 -0.862370491027832 -0.4703288972377777
vn 0.3457789421081543 0.9341958165168762 -0.08783595263957977
vn 0.5867175459861755 0.7977243661880493 -0.1392785608768463
vn 0.9241666197776794 -0.34289073944091797 -0.16835105419158936
vn -0.9761863946914673 0.21688112616539001 -0.004763293080031872
vn 0.5239867568016052 -0.8251627087593079 -0.211055725812912
vn 0.19311992824077606 -0.9133495688438416 -0.35846519470214844
vn 0.35424962639808655 -0.9261398315429688 -0.12950758635997772
vn -0.4782167077064514 -0.8508079648017883 -0.2177949994802475
vn -0.7657361030578613 -0.6373452544212341 -0.08625128865242004
vn -0.04318339005112648 -0.9757803082466125 -0.21444816887378693
vn 0.6932311654090881 0.705592691898346 -0.14686600863933563
vn 0.9162534475326538 0.34484824538230896 -0.20386116206645966
vn -0.8248632550239563 0.561945378780365 -0.06179039925336838
vn 0.9662243127822876 -0.0658675953745842 -0.2491428405046463
vn -0.9442683458328247 0.3291666805744171 0.0025731923524290323
vn 0.7482331991195679 -0.6455050110816956 -0.15320058166980743
vn -0.9792042374610901 -0.1933596432209015 0.06140892207622528
vn 0.4208969473838806 0.902022659778595 -0.09592153131961823
vn 0.18984264135360718 0.976986289024353 -0.0972500592470169
vn -0.11776906251907349 0.9827524423599243 -0.14257673919200897
vn -0.5296012163162231 0.8400312662124634 -0.11777108907699585
vn 0.8827265501022339 -0.4370308816432953 -0.17262087762355804
vn 0.581009030342102 -0.7998366951942444 -0.1506311595439911
vn -0.754929780960083 -0.6429454684257507 -0.12923681735992432
vn -0.9670279026031494 -0.24434815347194672 -0.07177028805017471
vn 0.10913874208927155 -0.990051805973053 -0.08880383521318436
vn -0.2782075107097626 -0.9441919922828674 -0.1763579398393631
vn 0.723721981048584 0.6624796986579895 -0.19325432181358337
vn 0.0702168419957161 0.9858841896057129 -0.1519935131072998
vn -0.8474164605140686 0.49578458070755005 -0.18995539844036102
vn 0.9341960549354553 0.22994616627693176 -0.2727683484554291
vn -0.9684824347496033 0.21705025434494019 -0.1221923902630806
vn 0.9759860634803772 -0.12448736280202866 -0.17875710129737854
vn 0.7313560843467712 -0.6610854268074036 -0.16758383810520172
vn -0.9824773073196411 0.1862766593694687 0.006276681553572416
vn -0.7809317708015442 -0.6145009398460388 -0.1119566410779953
vn 0.41250577569007874 -0.9007493853569031 -0.13597652316093445
vn 0.20870423316955566 -0.9693556427955627 -0.12958525121212006
vn -0.3744833469390869 -0.9241304993629456 -0.07579633593559265
vn -0.40474268794059753 0.8943523168563843 -0.19057096540927887
vn 0.49280235171318054 0.8698999881744385 -0.020491886883974075
vn 0.2716831564903259 0.960573136806488 -0.059055145829916
vn 0.7909338474273682 0.6118517518043518 0.007824616506695747
vn 0.9584389925003052 0.26622968912124634 -0.10254970192909241
vn -0.9208083152770996 0.26929429173469543 -0.28212177753448486
vn 0.999113917350769 -0.01655307225883007 -0.03869743272662163
vn -0.9720697999000549 0.12597058713436127 -0.1980195790529251
vn -0.928252637386322 0.29718178510665894 -0.223674014210701
vn -0.9458467960357666 -0.2656443119049072 -0.18656617403030396
vn -0.9500673413276672 0.11490048468112946 -0.29012060165405273
vn -0.14233028888702393 -0.9858759641647339 -0.08826472610235214
vn 0.006791697349399328 0.9996185302734375 -0.026772063225507736
vn -0.7025024890899658 0.6916714310646057 -0.16757351160049438
vn -0.37693551182746887 0.9256877303123474 -0.031968895345926285
vn -0.933692216873169 0.20864775776863098 -0.29100701212882996
vn 0.9593111872673035 -0.2821434736251831 -0.010826820507645607
vn 0.79328852891922 -0.5981920957565308 -0.11340031772851944
vn 0.6398693323135376 -0.7633906006813049 -0.08832952380180359
vn 0.4698411822319031 -0.8784611225128174 -0.08692155033349991
vn 0.34196650981903076 -0.9317415356636047 -0.12213382869958878
vn 0.17639197409152985 -0.9772691130638123 -0.11760543286800385
vn -0.5110799670219421 -0.8424224853515625 -0.1706506758928299
vn -0.7676746249198914 -0.6390075087547302 -0.04842657595872879
vn -0.13569101691246033 -0.9889479279518127 -0.059749431908130646
vn 0.33398646116256714 0.9407942295074463 0.05795915424823761
vn 0.5624398589134216 0.8209866285324097 0.0981961041688919
vn -0.8483172655105591 0.4775802791118622 -0.22863702476024628
vn 0.751396656036377 0.6505904197692871 0.1101602166891098
vn 0.9573231935501099 0.28222519159317017 0.06229960545897484
vn 0.9990092515945435 -0.007438995875418186 0.043878357857465744
vn -0.9124269485473633 0.2734203636646271 -0.30449679493904114
vn -0.8983824849128723 0.3037479817867279 -0.3172476589679718
vn -0.9823442101478577 0.0629872977733612 -0.17616049945354462
vn -0.945068895816803 -0.32111722230911255 -0.06106141582131386
vn -0.5412256121635437 -0.8402942419052124 -0.03131411597132683
vn 0.13912056386470795 0.9902452230453491 -0.007742001675069332
vn -0.14292985200881958 0.9882182478904724 -0.054733674973249435
vn -0.4350619912147522 0.8975855112075806 -0.07114268094301224
vn -0.5530834197998047 0.833111047744751 -0.004987746477127075
vn -0.7641202211380005 0.6439129710197449 -0.03868361562490463
vn -0.9484947919845581 0.14643611013889313 -0.2809164524078369
vn -0.9891053438186646 -0.0037009231746196747 -0.14716298878192902
vn 0.8347811102867126 -0.5494668483734131 -0.03502373769879341
vn 0.3159870505332947 -0.948263943195343 0.03078528493642807
vn 0.06988269835710526 -0.9932143092155457 0.09296087175607681
vn 0.5297940373420715 0.8429892063140869 0.09320683777332306
vn 0.8867835402488708 0.44171836972236633 0.1360144168138504
vn -0.895386278629303 0.4288862943649292 -0.11974956095218658
vn -0.9938114285469055 0.10832508653402328 -0.024589912965893745
vn -0.9848232865333557 -0.11825484782457352 -0.12703904509544373
vn -0.9592581391334534 -0.28175121545791626 0.020978035405278206
vn 0.654355525970459 -0.7548776865005493 0.044480834156274796
vn 0.38965481519699097 -0.9200894236564636 0.04005749523639679
vn -0.37691742181777954 -0.9178727269172668 0.12426980584859848
vn -0.6271411180496216 -0.772056519985199 0.10306739807128906
vn -0.8608090281486511 -0.5087088942527771 0.014938661828637123
vn 0.4086175560951233 0.9120523929595947 -0.03452799469232559
vn 0.5786074995994568 0.8142592310905457 -0.04685557633638382
vn -0.8831073641777039 0.44593095779418945 0.14583221077919006
vn 0.9758961200714111 0.1560945212841034 0.1525164246559143
vn 0.9738377928733826 -0.1798318773508072 0.1389264017343521
vn -0.9872080683708191 -0.11146828532218933 0.11399625986814499
vn 0.8760978579521179 -0.47259199619293213 0.0954432561993599
vn -0.36419203877449036 -0.914638340473175 0.1755017787218094
vn -0.732837438583374 -0.6795303225517273 0.03446734696626663
vn 0.19883014261722565 0.960036039352417 -0.19697073101997375
vn -0.7211551070213318 0.6922693252563477 0.0264311321079731
vn 0.7491520047187805 0.6589707136154175 0.06729768961668015
vn 0.9480188488960266 0.29889538884162903 0.10918707400560379
vn -0.9550075531005859 0.14186343550682068 0.2604522705078125
vn 0.939415454864502 -0.28495392203330994 0.19052547216415405
vn -0.9585350155830383 -0.28381505608558655 0.025686204433441162
vn 0.48994025588035583 -0.8452093005180359 0.2134944349527359
vn 0.1693873107433319 -0.9601789116859436 0.22218111157417297
vn 0.14467738568782806 -0.9779813885688782 0.1504024863243103
vn -0.09668707847595215 -0.9778779745101929 0.18548929691314697
vn 0.4856460392475128 0.8447037935256958 -0.22499652206897736
vn -0.20071247220039368 0.9358795285224915 -0.28955841064453125
vn -0.8873207569122314 0.4164920449256897 0.19798044860363007
vn 0.9801202416419983 -0.03466010466217995 0.195353701710701
vn -0.9633238315582275 0.023307573050260544 0.2673273980617523
vn 0.8625507354736328 -0.4328785240650177 0.2619589567184448
vn -0.9113776683807373 -0.37337854504585266 0.17314544320106506
vn 0.7349057197570801 -0.6501805186271667 0.1928185671567917
vn -0.0570315346121788 -0.9579287767410278 0.28128254413604736
vn -0.22655315697193146 -0.9317649006843567 0.28370392322540283
vn -0.5373688340187073 -0.784557580947876 0.3093610405921936
vn 0.1330929696559906 0.924181342124939 -0.35801565647125244
vn -0.25016582012176514 0.841001570224762 -0.479722261428833
vn -0.6610139608383179 0.7037202715873718 -0.2604578733444214
vn -0.9206579923629761 0.3893528878688812 -0.028164956718683243
vn 0.7093978524208069 0.6915117502212524 -0.136258065700531
vn 0.8442689776420593 0.5358683466911316 -0.00742618553340435
vn -0.9534918069839478 0.18592551350593567 0.23724479973316193
vn 0.9819831848144531 -0.08407100290060043 0.169236958026886
vn -0.914991021156311 0.0018567540682852268 0.40346989035606384
vn -0.7661111354827881 -0.2955247163772583 0.5707354545593262
vn 0.6328830122947693 -0.6649259328842163 0.39665189385414124
vn 0.3558170199394226 -0.7598161697387695 0.5441265106201172
vn -0.9063465595245361 0.26767152547836304 -0.32693710923194885
vn -0.9964718818664551 0.08279526978731155 -0.01373967807739973
vn 0.8601922392845154 0.5052375793457031 -0.06931357085704803
vn 0.9542737007141113 0.28953760862350464 0.07436247169971466
vn -0.9664856195449829 -0.11122176796197891 0.23137709498405457
vn -0.7981929779052734 -0.2233639657497406 0.5594609975814819
vn 0.6399579644203186 -0.5346788763999939 0.5518808364868164
vn 0.8644055128097534 -0.35045602917671204 0.36053258180618286
vn -0.4890482723712921 -0.44138696789741516 0.7523359656333923
vn 0.17665350437164307 -0.6508423089981079 0.7383751273155212
vn -0.01594146341085434 -0.8623358011245728 0.5060857534408569
vn -0.1135208010673523 -0.6017934679985046 0.7905426621437073
vn -0.3184363543987274 -0.7554733753204346 0.5725891590118408
vn 0.28268301486968994 0.8517865538597107 -0.4410783052444458
vn 0.2804740369319916 0.8405170440673828 -0.4635358452796936
vn 0.5321183204650879 0.7453151345252991 -0.40169069170951843
vn 0.046464189887046814 0.8569510579109192 -0.5132991671562195
vn -0.6447715163230896 0.5717889070510864 -0.5072743892669678
vn -0.31166255474090576 0.8069866299629211 -0.5016364455223083
vn -0.7497585415840149 0.4971679449081421 -0.4366763234138489
vn 0.6709264516830444 0.6762514114379883 -0.3042067289352417
vn 0.8149542808532715 0.5416044592857361 -0.2061895728111267
vn -0.9718979001045227 -0.01546870544552803 -0.23489412665367126
vn 0.9394996166229248 -0.14336571097373962 0.3111058473587036
vn 0.6434235572814941 -0.5503028035163879 0.5321400761604309
vn -0.6357983350753784 -0.4278098940849304 0.6424477696418762
vn -0.8350001573562622 -0.3744904696941376 0.40315210819244385
vn 0.35145753622055054 -0.6507811546325684 0.6730241775512695
vn -0.5450820326805115 -0.6578736901283264 0.5196996927261353
vn -0.3262893557548523 -0.5048258900642395 0.799178421497345
vn -0.13907799124717712 -0.5919464230537415 0.7938871383666992
vn 0.11469370126724243 -0.6255027055740356 0.7717459201812744
vn 0.07358559221029282 0.8732543587684631 -0.481676310300827
vn 0.6673259735107422 0.6547288298606873 -0.3549737334251404
vn -0.9436827898025513 0.14382986724376678 -0.297952800989151
vn -0.9708331227302551 -0.1090405061841011 -0.21352574229240417
vn 0.9240934252738953 0.3455973267555237 -0.1631375253200531
vn 0.986386775970459 0.14742830395698547 0.07284282892942429
vn -0.9714990258216858 -0.22485457360744476 -0.07503398507833481
vn -0.8732214570045471 -0.46352341771125793 0.15043430030345917
vn 0.8079501390457153 -0.48194578289985657 0.3390353322029114
vn 0.48064425587654114 -0.7880417704582214 0.3846704065799713
vn -0.18350033462047577 -0.9041129350662231 0.3858853578567505
vn -0.5551676154136658 -0.8003551959991455 0.22631961107254028
vn 0.1732480525970459 -0.837030291557312 0.519004225730896
vn -0.13872626423835754 -0.7886657118797302 0.5989669561386108
vn -0.2296595424413681 0.8313297629356384 -0.5061099529266357
vn 0.9886318445205688 0.002383817918598652 -0.1503380537033081
vn -0.8658319115638733 -0.49573975801467896 -0.06765515357255936
vn -0.9356995224952698 -0.31992676854133606 -0.14870551228523254
vn -0.740898609161377 -0.670896053314209 0.031109502539038658
vn 0.3438864052295685 -0.8694937825202942 0.35457414388656616
vn 0.07684329897165298 -0.9493315815925598 0.3047371506690979
vn -0.16892455518245697 -0.9761545658111572 0.1363331824541092
vn -0.472838431596756 -0.8798425793647766 0.04796799272298813
vn -0.01890352927148342 0.9031512141227722 -0.4289061725139618
vn 0.02374175563454628 0.8410940170288086 -0.5403677225112915
vn -0.5324317216873169 0.7382293939590454 -0.41416648030281067
vn -0.589731752872467 0.7028124332427979 -0.3978331387042999
vn 0.6432296633720398 0.6779407262802124 -0.3558819591999054
vn 0.8379673361778259 0.4945058226585388 -0.23081344366073608
vn 0.36048808693885803 0.8188797235488892 -0.44663679599761963
vn -0.8593044877052307 0.42332300543785095 -0.287042498588562
vn -0.9667942523956299 0.10689548403024673 -0.2321256399154663
vn 0.9391139149665833 0.2935832142829895 -0.17853321135044098
vn -0.9707137942314148 -0.14811570942401886 -0.1891467124223709
vn 0.9929068684577942 -0.11854098737239838 0.009169407188892365
vn 0.8574773073196411 -0.5101816654205322 0.06668922305107117
vn 0.6420835256576538 -0.746124804019928 0.1761436015367508
vn 0.48511460423469543 -0.8728306293487549 0.05320320278406143
vn 0.2058687061071396 -0.9758902788162231 0.07249972969293594
vn 0.4285257160663605 0.8643940687179565 -0.26303741335868835
vn 0.7891492247581482 0.5990803241729736 -0.13544848561286926
vn 0.9366879463195801 0.3501646816730499 -0.0005934902001172304
vn -0.9020823240280151 0.10529528558254242 -0.4185217320919037
vn -0.872208833694458 0.3170592188835144 -0.37245821952819824
vn -0.9176815748214722 -0.3855719268321991 -0.0958898514509201
vn 0.8591328263282776 -0.5009317994117737 0.10468132793903351
vn 0.6771513223648071 -0.7355595827102661 0.020453162491321564
vn -0.525312602519989 -0.8506001830101013 -0.02293689362704754
vn -0.7684441208839417 -0.6387827396392822 -0.03808322921395302
vn -0.8750178217887878 -0.48300236463546753 -0.03244410455226898
vn -0.13393867015838623 -0.99068683385849 -0.024496225640177727
vn 0.20137445628643036 0.9221133589744568 -0.33038681745529175
vn -0.2683537006378174 0.844750702381134 -0.46301475167274475
vn -0.6944992542266846 0.5580108165740967 -0.45419690012931824
vn 0.5688222646713257 0.8204310536384583 -0.057742320001125336
vn 0.7364358901977539 0.6744081377983093 0.05325348675251007
vn 0.9020965695381165 0.42600205540657043 0.06887634098529816
vn -0.9536362886428833 -0.14990149438381195 -0.26097387075424194
vn 0.9842129945755005 -0.04956638067960739 0.16990597546100616
vn 0.9733015298843384 0.16593606770038605 0.1585855334997177
vn 0.4592941701412201 -0.8880444169044495 -0.020641982555389404
vn 0.10995440930128098 -0.9937756657600403 -0.017887528985738754
vn 0.46389421820640564 0.2937869429588318 -0.8357580304145813
vn 0.2522425055503845 0.4926319420337677 -0.8328790664672852
vn 0.4878571927547455 0.5630191564559937 -0.6670867800712585
vn 0.7008686661720276 0.36681774258613586 -0.6117416620254517
vn -0.07474333047866821 0.48307710886001587 -0.8723818063735962
vn 0.02225152775645256 0.10392332822084427 -0.9943363666534424
vn -0.5096630454063416 0.2410619854927063 -0.8259133100509644
vn -0.23110364377498627 0.10459796339273453 -0.9672902226448059
vn 0.8117054104804993 0.4253866970539093 -0.4002254903316498
vn 0.08783067762851715 0.07485593855381012 -0.9933189153671265
vn -0.3597925007343292 -0.14305540919303894 -0.9220002889633179
vn -0.6952807307243347 -0.26332899928092957 -0.6687620282173157
vn -0.7824534773826599 -0.03059418313205242 -0.6219570636749268
vn 0.5019473433494568 0.5014516711235046 -0.7046950459480286
vn 0.5857320427894592 0.7287396192550659 -0.35476285219192505
vn -0.10652574896812439 0.4274992346763611 -0.8977174758911133
vn -0.19974251091480255 -0.03456931561231613 -0.9792384505271912
vn 0.1728064864873886 0.783876359462738 -0.5963855981826782
vn -0.5241808295249939 -0.21719583868980408 -0.8234443068504333
vn 0.6942917108535767 0.7131642699241638 0.09672584384679794
vn 0.5101897716522217 0.8540263772010803 -0.1017126515507698
vn -0.6294959783554077 0.22498786449432373 -0.7437172532081604
vn -0.7612155675888062 -0.272200345993042 -0.5886067152023315
vn -0.6564816832542419 -0.4727371335029602 -0.5878362059593201
vn -0.7430024147033691 -0.06382942199707031 -0.6662381291389465
vn -0.8874740600585938 -0.19483958184719086 -0.41764509677886963
vn 0.9434012770652771 -0.22776880860328674 0.24107123911380768
vn 0.7605887651443481 -0.6378359794616699 0.12112001329660416
vn -0.6849380135536194 -0.7219468951225281 0.09824759513139725
vn -0.08941507339477539 -0.9897890686988831 0.1110072210431099
vn -0.32972702383995056 -0.9366669058799744 0.11804816871881485
vn -0.35951879620552063 0.4769061505794525 -0.802064061164856
vn -0.2015221118927002 0.5674236416816711 -0.7983853816986084
vn -0.5241115093231201 0.30821987986564636 -0.7939192056655884
vn -0.6010687351226807 0.29774028062820435 -0.7416650652885437
vn 0.6413293480873108 0.49306321144104004 -0.5878651142120361
vn 0.8561258912086487 0.42456698417663574 -0.2946038544178009
vn 0.09540542215108871 0.6503809690475464 -0.7535930275917053
vn -0.7566840052604675 0.0062157586216926575 -0.6537512540817261
vn -0.8343583345413208 0.10112296789884567 -0.5418674945831299
vn -0.9170492887496948 -0.20988820493221283 -0.33906880021095276
vn 0.9255859851837158 0.37776562571525574 0.0241621732711792
vn -0.8981428742408752 -0.22443696856498718 -0.3781103789806366
vn 0.7948422431945801 0.6021456718444824 -0.07514332234859467
vn -0.8257759809494019 -0.4688972532749176 -0.31341567635536194
vn -0.8662599921226501 -0.4406285881996155 -0.23545722663402557
vn 0.8467733263969421 0.5072075128555298 0.16036081314086914
vn 0.924249529838562 0.311385840177536 0.22091121971607208
vn -0.9226980805397034 -0.35966330766677856 -0.13881832361221313
vn -0.8192273378372192 -0.5691206455230713 0.07048540562391281
vn 0.8217239379882812 -0.40971776843070984 0.3961074650287628
vn 0.5879960060119629 -0.6773253679275513 0.44214367866516113
vn 0.3066905438899994 -0.9370976686477661 0.16670022904872894
vn 0.25430232286453247 0.49806907773017883 -0.829010009765625
vn 0.3334466814994812 0.39096468687057495 -0.8578810691833496
vn 0.48248058557510376 0.3938676416873932 -0.7823559641838074
vn -0.04447042569518089 0.41953033208847046 -0.9066513776779175
vn -0.04234850034117699 0.5187603235244751 -0.8538702130317688
vn -0.3869670629501343 0.47802111506462097 -0.7885127663612366
vn -0.6991668343544006 0.4246058464050293 -0.5752180218696594
vn 0.7994789481163025 0.28386181592941284 -0.5293920040130615
vn 0.8909167647361755 0.332005113363266 -0.309903085231781
vn 0.9869406223297119 0.13404086232185364 0.08933859318494797
vn -0.9688575267791748 -0.14842692017555237 -0.19820347428321838
vn -0.930661141872406 -0.3436274230480194 -0.12565843760967255
vn 0.8583234548568726 0.42691805958747864 0.28464338183403015
vn 0.9452941417694092 0.23120392858982086 0.2301388382911682
vn -0.8391298055648804 -0.5403119325637817 0.06264369934797287
vn 0.6022936105728149 0.7758924961090088 0.18770524859428406
vn 0.6231618523597717 0.7344850897789001 0.26870256662368774
vn -0.8724192976951599 -0.4832593500614166 0.07310985773801804
vn -0.9245719313621521 -0.3808005452156067 0.012561163865029812
vn 0.8988722562789917 0.3466448187828064 0.268078476190567
vn -0.8932146430015564 -0.44644010066986084 0.05346931889653206
vn 0.9443708062171936 0.04587709158658981 0.32566726207733154
vn 0.8746316432952881 -0.23761865496635437 0.42255985736846924
vn -0.7288023233413696 -0.6438289284706116 0.23309101164340973
vn -0.6606155633926392 -0.7198823094367981 0.21297097206115723
vn -0.4247395992279053 -0.8517729043960571 0.30672356486320496
vn 0.19497008621692657 -0.8705779910087585 0.4517529308795929
vn -0.05386516451835632 -0.9248474836349487 0.37650471925735474
vn 0.26541826128959656 0.6122391819953918 -0.7447928786277771
vn -0.1298258900642395 0.5406185984611511 -0.8311899900436401
vn -0.16241833567619324 0.7347738146781921 -0.6585801243782043
vn -0.529934823513031 0.6402135491371155 -0.5561436414718628
vn 0.6635162234306335 0.40619245171546936 -0.6282945275306702
vn -0.4285934865474701 0.4591633677482605 -0.7781238555908203
vn -0.7774993777275085 0.486860066652298 -0.39807283878326416
vn 0.9443760514259338 0.16528144478797913 -0.28431668877601624
vn 0.9661571979522705 0.12569904327392578 -0.22525538504123688
vn -0.8823263049125671 0.43429410457611084 -0.18135331571102142
vn -0.9094732999801636 0.4126698076725006 -0.050616443157196045
vn 0.9831998944282532 0.18015693128108978 -0.029351599514484406
vn -0.9083839654922485 0.24946555495262146 -0.33556756377220154
vn -0.9919351935386658 0.12625080347061157 -0.01119930762797594
vn 0.9867227673530579 0.1559309959411621 -0.045429520308971405
vn -0.9576861262321472 -0.2562080919742584 0.13112899661064148
vn -0.9466327428817749 -0.32215192914009094 0.010224822908639908
vn 0.9579824805259705 0.15809102356433868 0.23932574689388275
vn -0.9150857329368591 -0.3887394666671753 0.10723701119422913
vn -0.9133180975914001 -0.3554896414279938 0.19868877530097961
vn -0.8042240738868713 -0.512997031211853 0.3000960648059845
vn 0.9108738303184509 0.20632357895374298 0.3574066460132599
vn 0.8651061058044434 -0.13389559090137482 0.4833875894546509
vn 0.7083949446678162 -0.46885111927986145 0.527593731880188
vn 0.5547133684158325 -0.5267471671104431 0.644073486328125
vn 0.29179710149765015 -0.7537736296653748 0.5887952446937561
vn 0.16700486838817596 -0.7434301972389221 0.6476271152496338
vn -0.42042458057403564 -0.7972705960273743 0.4331313371658325
vn -0.08539984375238419 -0.8376745581626892 0.5394518375396729
vn 0.686224639415741 0.5051792860031128 -0.5233448147773743
vn -0.5794345736503601 0.6409562826156616 -0.5034189820289612
vn 0.8806099891662598 0.32554322481155396 -0.3443075716495514
vn -0.9298237562179565 0.36044842004776 -0.07419392466545105
vn 0.9987877607345581 0.035602178424596786 -0.03399310261011124
vn -0.9149146676063538 0.3406851291656494 0.21648283302783966
vn 0.998653769493103 0.02446938119828701 0.04573890194296837
vn -0.9152721166610718 0.3501271605491638 0.1992184817790985
vn 0.9922931790351868 0.012476944364607334 0.12328260391950607
vn -0.9180180430412292 -0.2905399203300476 0.26986923813819885
vn -0.8936604857444763 -0.03998882323503494 0.4469585120677948
vn 0.9153290390968323 -0.005800593178719282 0.4026649594306946
vn -0.8681755661964417 -0.3889981508255005 0.30814236402511597
vn 0.8658498525619507 0.14246173202991486 0.47959232330322266
vn -0.8001784682273865 -0.5269350409507751 0.2864506244659424
vn 0.6723508238792419 0.5375282168388367 0.5089280605316162
vn 0.4020553231239319 0.79132080078125 0.46061140298843384
vn 0.4779832363128662 0.7857679724693298 0.39255645871162415
vn 0.7411837577819824 0.4979599118232727 0.45020291209220886
vn 0.8963526487350464 0.1965305358171463 0.39740118384361267
vn -0.8842601776123047 -0.4034186601638794 0.2352389246225357
vn 0.8870023488998413 0.08512111753225327 0.4538516402244568
vn -0.04967144876718521 -0.790237307548523 0.6107845306396484
vn -0.3213571012020111 0.6156564354896545 -0.7195114493370056
vn 0.09758366644382477 0.30768486857414246 -0.9464710354804993
vn 0.3739961087703705 0.5924603939056396 -0.7135248184204102
vn 0.8468189835548401 0.24982447922229767 -0.46955883502960205
vn 0.9214034080505371 0.21922403573989868 -0.32086849212646484
vn -0.7535961270332336 0.41619524359703064 -0.5087971091270447
vn -0.8478056788444519 0.44447481632232666 -0.28925377130508423
vn 0.9875257611274719 0.04032912477850914 -0.15220531821250916
vn -0.9636521935462952 0.23346233367919922 0.12988433241844177
vn -0.9431198239326477 0.12903620302677155 0.30638980865478516
vn -0.818614661693573 -0.20057496428489685 0.5381819009780884
vn -0.7744424343109131 -0.2912931740283966 0.5615935325622559
vn 0.887631356716156 -0.3026372790336609 0.3471617102622986
vn 0.7781590223312378 -0.11411705613136292 0.6176130771636963
vn -0.7231343984603882 -0.4500569999217987 0.5239515900611877
vn 0.525390625 0.13769742846488953 0.8396452069282532
vn -0.7264374494552612 -0.3525475263595581 0.5899143218994141
vn -0.49188175797462463 -0.33927276730537415 0.8018393516540527
vn 0.44142213463783264 0.5316747426986694 0.7228198647499084
vn 0.39857709407806396 0.6364085674285889 0.6603942513465881
vn -0.7752441167831421 -0.3163628876209259 0.5467275977134705
vn 0.7534341812133789 0.10982238501310349 0.6482869982719421
vn 0.7066386938095093 -0.23486584424972534 0.6674577593803406
vn 0.5389341115951538 -0.04839097708463669 0.8409568667411804
vn -0.6452382802963257 -0.5921518206596375 0.4827253520488739
vn 0.42317673563957214 -0.3898032605648041 0.8179088830947876
vn 0.33299505710601807 -0.6135083436965942 0.7160460352897644
vn 0.08789073675870895 -0.5552905797958374 0.8269991874694824
vn -0.28618547320365906 -0.6383216977119446 0.7145931720733643
vn -0.47521132230758667 -0.4082479178905487 0.7794279456138611
vn 0.05821162089705467 0.6057654023170471 -0.7935109734535217
vn -0.5547473430633545 0.34480124711990356 -0.757210373878479
vn -0.3571224808692932 0.6507954001426697 -0.6700215339660645
vn 0.4717610776424408 0.195288747549057 -0.8598278164863586
vn 0.7118555307388306 0.4020189344882965 -0.575884222984314
vn 0.8345282077789307 -0.05459851026535034 -0.5482532978057861
vn -0.04077787324786186 0.1512674242258072 -0.9876514673233032
vn 0.6377575397491455 -0.17557594180107117 -0.7499589920043945
vn -0.546385645866394 0.0874771997332573 -0.8329528570175171
vn -0.7836487293243408 0.018265267834067345 -0.6209356188774109
vn 0.8927845358848572 -0.40593284368515015 -0.19533126056194305
vn 0.13562750816345215 -0.09614533185958862 -0.9860838055610657
vn -0.9121968150138855 0.10268640518188477 -0.3966768682003021
vn -0.7779428362846375 -0.07592089474201202 -0.6237314939498901
vn 0.8507894277572632 -0.3389793634414673 -0.4015600383281708
vn 0.555995762348175 -0.1486179530620575 -0.8177905082702637
vn -0.13514946401119232 0.03451007232069969 -0.9902240633964539
vn -0.7169712781906128 0.17814815044403076 -0.6739550828933716
vn -0.8859871029853821 0.27944889664649963 -0.37004753947257996
vn 0.9062151312828064 -0.08579888194799423 -0.4140201807022095
vn 0.6727409362792969 0.17299902439117432 -0.7193685173988342
vn -0.568487823009491 0.2907220423221588 -0.7696117758750916
vn -0.9606479406356812 0.20983868837356567 -0.1819981336593628
vn -0.9994896650314331 0.010816507041454315 -0.030057618394494057
vn -0.9758226275444031 -0.057723358273506165 0.21080388128757477
vn 0.9974992275238037 -0.009255679324269295 -0.07006902247667313
vn -0.8837371468544006 -0.0886329710483551 0.459513783454895
vn 0.977027177810669 -0.11557944864034653 -0.1790512353181839
vn -0.7630990743637085 -0.19881752133369446 0.6149401664733887
vn 0.9251753091812134 -0.37852743268013 0.027705973014235497
vn -0.6412054300308228 -0.2196664959192276 0.7352566719055176
vn -0.5751559138298035 -0.29319819808006287 0.7636952996253967
vn 0.4231668710708618 -0.8773268461227417 0.2263350784778595
vn 0.35521021485328674 -0.5929034352302551 0.7226971983909607
vn -0.4937155544757843 -0.2863309681415558 0.8211330771446228
vn -0.34244340658187866 -0.4653230905532837 0.8162150382995605
vn 0.4659159779548645 -0.19419406354427338 0.86325603723526
vn 0.13424749672412872 -0.28597548604011536 0.9487864375114441
vn -0.14549389481544495 -0.22785718739032745 0.9627630710601807
vn 0.223777174949646 -0.11200828850269318 0.9681828022003174
vn -0.16053767502307892 -0.09166669100522995 0.982763946056366
vn 0.23510776460170746 0.4141215980052948 0.8793336749076843
vn 0.08041281998157501 0.27312347292900085 0.9586122035980225
vn -0.4927407503128052 -0.06270082294940948 0.8679143190383911
vn 0.44981151819229126 0.3310962915420532 0.8294847011566162
vn -0.129350945353508 0.08912526071071625 0.9875854849815369
vn 0.191121444106102 -0.06640032678842545 0.9793179631233215
vn -0.09259109199047089 -0.19259677827358246 0.9768998622894287
vn -0.4328642785549164 -0.20780910551548004 0.8771795034408569
vn 0.34074756503105164 0.8621675372123718 -0.3749110996723175
vn 0.4383383095264435 0.7408316731452942 -0.5089479088783264
vn -0.006259927060455084 0.8397594690322876 -0.5429226160049438
vn 0.9471785426139832 -0.03370841592550278 -0.3189305067062378
vn -0.6323256492614746 0.13484017550945282 -0.7628777623176575
vn 0.9493744373321533 -0.314144492149353 0.0012057230342179537
vn 0.9900587201118469 0.009971008636057377 -0.14030109345912933
vn -0.7625482082366943 0.14267444610595703 -0.6310025453567505
vn -0.907422661781311 0.37348881363868713 -0.1925884336233139
vn -0.8912200927734375 0.29945987462997437 -0.34066206216812134
vn -0.8377490639686584 0.18036872148513794 -0.5154063701629639
vn 0.9419804811477661 0.22693514823913574 -0.2473323494195938
vn 0.9741417169570923 0.13323336839675903 -0.18247394263744354
vn -0.9633445143699646 0.09429405629634857 -0.25114938616752625
vn 0.9715750813484192 0.0012895561521872878 -0.23672820627689362
vn -0.9190322756767273 -0.24072657525539398 0.31213849782943726
vn -0.8887950778007507 -0.38326987624168396 0.25129175186157227
vn -0.7745073437690735 -0.3939605951309204 0.49490752816200256
vn 0.7666141390800476 -0.6374979615211487 -0.07680531591176987
vn -0.673488199710846 -0.6279928684234619 0.3899213969707489
vn -0.5264260768890381 -0.7881383299827576 0.31892579793930054
vn -0.7422236800193787 -0.5800530910491943 0.3356225788593292
vn -0.2330760955810547 -0.869631826877594 0.4352196156978607
vn 0.680081844329834 0.657472550868988 -0.32437413930892944
vn -0.5213804841041565 0.4878097474575043 -0.7001457214355469
vn -0.3053952753543854 0.7408153414726257 -0.598269522190094
vn -0.4598095715045929 0.48034751415252686 -0.7468878030776978
vn 0.9314196705818176 0.26688337326049805 -0.24744845926761627
vn -0.4781562089920044 0.2563636004924774 -0.8400263786315918
vn 0.9735018610954285 -0.21396103501319885 -0.08071453124284744
vn -0.4129471182823181 0.020865825936198235 -0.9105160236358643
vn -0.4764392673969269 -0.09661278873682022 -0.873883068561554
vn 0.8448486924171448 -0.5252127051353455 0.10189399868249893
vn 0.8309189677238464 -0.5428073406219482 0.12220487743616104
vn -0.6496268510818481 -0.08754780143499374 -0.7551956176757812
vn -0.2612229585647583 -0.09695782512426376 -0.9603966474533081
vn 0.994583249092102 -0.04600096866488457 0.09321029484272003
vn -0.34690845012664795 -0.17784610390663147 -0.9208829402923584
vn 0.9703952074050903 0.2353731393814087 0.054154716432094574
vn -0.5724931955337524 -0.07594321668148041 -0.8163848519325256
vn 0.9667631387710571 0.16637715697288513 0.19413310289382935
vn -0.9452111124992371 -0.14526526629924774 -0.2923593819141388
vn 0.9999892115592957 -0.004041328094899654 -0.0023089516907930374
vn -0.9718266725540161 -0.20896263420581818 0.1090300902724266
vn 0.9912707805633545 0.09825755655765533 -0.08790760487318039
vn 0.9904965162277222 -0.046609994024038315 -0.12939943373203278
vn 0.8675689697265625 -0.4965837597846985 0.026994852349162102
vn 0.3287303149700165 -0.9179493188858032 0.22204822301864624
vn -0.18611523509025574 -0.9132433533668518 0.3624193072319031
vn 0.5503138899803162 0.7939029335975647 -0.258597731590271
vn 0.39314794540405273 0.8422911167144775 -0.3687552213668823
vn 0.032215189188718796 0.8977882862091064 -0.4392475485801697
vn -0.21194306015968323 0.8522526025772095 -0.47827357053756714
vn -0.45064777135849 0.712463915348053 -0.5378772020339966
vn 0.7838186025619507 0.5993161201477051 -0.16263020038604736
vn 0.9172113537788391 0.38207024335861206 -0.11289634555578232
vn -0.5380924344062805 0.47201305627822876 -0.6983267664909363
vn -0.6068685054779053 0.558071494102478 -0.5659212470054626
vn 0.9998235702514648 0.012115067802369595 -0.014355036430060863
vn 0.9604610800743103 -0.2590911388397217 0.10191328823566437
vn -0.5213238000869751 0.3675926625728607 -0.7701279520988464
vn -0.32693302631378174 0.10162470489740372 -0.9395675659179688
vn -0.3132459223270416 0.04972366243600845 -0.9483694434165955
vn -0.5991600155830383 0.23907320201396942 -0.7641016840934753
vn 0.8831368684768677 -0.4433368444442749 0.1533679962158203
vn 0.9437245726585388 -0.2853245139122009 0.16725406050682068
vn -0.1943809986114502 -0.14377810060977936 -0.9703319072723389
vn 0.9591192603111267 -0.034661225974559784 0.2808716893196106
vn -0.5690470933914185 -0.03135834261775017 -0.8217067718505859
vn -0.3171434998512268 -0.2781616151332855 -0.9066676497459412
vn -0.657644510269165 -0.2576204240322113 -0.7079091668128967
vn 0.9090834259986877 0.15603896975517273 0.3862890899181366
vn -0.6436254382133484 -0.29361844062805176 -0.7067775726318359
vn -0.19088101387023926 -0.38628509640693665 -0.9024124145507812
vn 0.9202075600624084 0.03043782152235508 0.3902457654476166
vn -0.79646235704422 -0.42325252294540405 -0.4318622946739197
vn -0.19546063244342804 -0.47279560565948486 -0.8592202663421631
vn -0.3239153325557709 -0.5638980865478516 -0.7596696019172668
vn 0.938894510269165 0.1213487833738327 0.3221050798892975
vn 0.8486148715019226 0.007031732238829136 0.5289644002914429
vn -0.9214285016059875 -0.3683980703353882 -0.12350088357925415
vn -0.5570223927497864 -0.6814530491828918 -0.47470811009407043
vn 0.7938679456710815 0.13451486825942993 0.5930256843566895
vn -0.9156262278556824 -0.35994264483451843 0.1790810078382492
vn 0.7941589951515198 0.16404223442077637 0.585150957107544
vn 0.9801627397537231 0.06060890108346939 0.188699871301651
vn -0.8598006367683411 -0.3657643496990204 0.35631346702575684
vn 0.8173765540122986 -0.2904585897922516 0.49752336740493774
vn -0.5576595067977905 -0.591946005821228 0.5819070339202881
vn 0.2991374135017395 -0.7610015273094177 0.5756678581237793
vn -0.3842528760433197 -0.7563890218734741 0.5293630957603455
vn 0.19135476648807526 0.8269999623298645 -0.5286345481872559
vn -0.11152088642120361 0.8473011255264282 -0.51927250623703
vn -0.32499417662620544 0.7864072918891907 -0.5253022313117981
vn -0.4400918781757355 0.7771808505058289 -0.4497879147529602
vn -0.5494545698165894 0.6727317571640015 -0.495511531829834
vn -0.5875207781791687 0.5731286406517029 -0.571264386177063
vn -0.6261129975318909 0.5179365873336792 -0.582858681678772
vn -0.7343342900276184 0.38399598002433777 -0.5597323775291443
vn -0.849146842956543 0.04171748459339142 -0.5265066623687744
vn -0.8751069903373718 0.20625872910022736 -0.4377727508544922
vn 0.9656152725219727 -0.17957007884979248 0.18799404799938202
vn -0.856656551361084 -0.2960071563720703 -0.4225155711174011
vn 0.9158811569213867 -0.006360117811709642 0.401399165391922
vn -0.39471516013145447 -0.5994770526885986 -0.6962953805923462
vn -0.5746745467185974 -0.7262600064277649 -0.37722089886665344
vn -0.20988145470619202 -0.7399411797523499 -0.6390906572341919
vn 0.8001142144203186 -0.2018738090991974 0.5648578405380249
vn -0.23252081871032715 -0.8605871796607971 -0.4531267285346985
vn -0.762829601764679 -0.6465994119644165 0.0005000242963433266
vn -0.4155977666378021 -0.8874333500862122 -0.1993505358695984
vn 0.43900585174560547 -0.002349138492718339 0.8984811902046204
vn -0.7851958274841309 -0.4916812479496002 0.37645336985588074
vn -0.6770391464233398 -0.4032673239707947 0.6156244277954102
vn 0.4488939940929413 -0.22016464173793793 0.8660379648208618
vn -0.16499264538288116 -0.37751737236976624 0.9111850261688232
vn 0.023016322404146194 -0.6327301859855652 0.7740302681922913
vn -0.010008037090301514 0.6671748757362366 -0.7448338866233826
vn -0.19606080651283264 0.592799723148346 -0.7811201214790344
vn 0.7086154222488403 0.6524091362953186 -0.2687499225139618
vn 0.828052818775177 0.5443549156188965 -0.1341879814863205
vn 0.9828267097473145 0.18449601531028748 -0.0036011456977576017
vn 0.8497583270072937 -0.5047881603240967 0.15198634564876556
vn -0.6660947203636169 0.48046988248825073 -0.5704967975616455
vn 0.8695630431175232 -0.4776451289653778 0.1253606528043747
vn -0.9626541137695312 -0.16338877379894257 -0.21587318181991577
vn -0.9338756203651428 -0.3387307822704315 -0.11462043970823288
vn 0.969942033290863 -0.10447867214679718 0.21976511180400848
vn 0.9948833584785461 -0.07449585944414139 0.06824664771556854
vn -0.8818821310997009 -0.42946696281433105 -0.1945304125547409
vn -0.8236047625541687 -0.5670185089111328 0.012859195470809937
vn -0.6749338507652283 -0.7317660450935364 -0.09477725625038147
vn 0.8720192909240723 -0.4113578498363495 0.2652679979801178
vn -0.15727198123931885 -0.8973560333251953 -0.41233202815055847
vn -0.38889652490615845 -0.8468896150588989 -0.36268091201782227
vn -0.4508298337459564 -0.88215172290802 -0.13623830676078796
vn 0.37078365683555603 -0.823085606098175 0.4301739037036896
vn 0.2580118179321289 -0.522710919380188 0.8125289082527161
vn -0.35931211709976196 -0.8425495624542236 0.40125441551208496
vn -0.07763895392417908 -0.9968568086624146 -0.01576952077448368
vn -0.312444806098938 -0.45102617144584656 0.8360344767570496
vn 0.14829230308532715 0.6413615942001343 -0.7527713775634766
vn 0.45831748843193054 0.6012886166572571 -0.6545205116271973
vn 0.2651110291481018 0.6243888735771179 -0.7347480654716492
vn -0.3097687363624573 0.501589298248291 -0.8077446818351746
vn -0.39534831047058105 0.5293563604354858 -0.7506541609764099
vn 0.5487675070762634 0.6749000549316406 -0.4933195412158966
vn -0.5132254958152771 0.47662144899368286 -0.7137447595596313
vn -0.46141040325164795 0.6587051153182983 -0.5943131446838379
vn 0.8823200464248657 0.4536508023738861 -0.1253487467765808
vn -0.49533557891845703 0.6169915795326233 -0.6115261316299438
vn 0.955497145652771 0.2934149503707886 -0.030542483553290367
vn -0.5068463087081909 0.5874939560890198 -0.630838930606842
vn -0.6156553626060486 0.5151515603065491 -0.5963115692138672
vn -0.8623148798942566 0.2594375014305115 -0.4348624050617218
vn -0.945360004901886 0.013425006531178951 -0.32575175166130066
vn 0.9683699011802673 -0.2386048287153244 0.07298987358808517
vn -0.9408286809921265 -0.33166974782943726 -0.06954561173915863
vn 0.9871691465377808 -0.12934552133083344 0.09363176673650742
vn -0.8815569281578064 -0.4720708429813385 -0.002574601909145713
vn -0.5232208371162415 -0.8411599397659302 -0.13671083748340607
vn -0.6257055997848511 -0.7795571088790894 0.027987705543637276
vn 0.6954398155212402 -0.6867766380310059 0.21142716705799103
vn 0.5069717168807983 -0.8540471196174622 0.11654733121395111
vn 0.18369469046592712 -0.9827359318733215 0.022055208683013916
vn -0.017749212682247162 -0.9875355958938599 -0.156391903758049
vn -0.24153093993663788 -0.9495289921760559 -0.2001437097787857
vn -0.06310895830392838 0.7337124943733215 -0.6765229105949402
vn 0.30618324875831604 0.7896626591682434 -0.5316810011863708
vn 0.5686177611351013 0.7066910862922668 -0.4210244119167328
vn -0.4653283953666687 0.5056625008583069 -0.7264812588691711
vn -0.54218590259552 0.42802393436431885 -0.7230699062347412
vn -0.31884682178497314 0.6147839426994324 -0.7213718891143799
vn -0.5292213559150696 0.5019143223762512 -0.684110164642334
vn 0.798366367816925 0.5482634902000427 -0.24903474748134613
vn -0.5521837472915649 0.40327367186546326 -0.7297009825706482
vn -0.4684551954269409 0.5324428081512451 -0.7050209045410156
vn 0.9908755421638489 -0.042529672384262085 0.1278940737247467
vn -0.6034307479858398 0.5237117409706116 -0.6013296246528625
vn 0.8973358273506165 -0.4035335183143616 0.17874331772327423
vn -0.7621311545372009 0.4439762532711029 -0.47121256589889526
vn 0.8376567959785461 -0.5031930208206177 0.212433323264122
vn 0.8981847763061523 -0.3968462646007538 0.1891484409570694
vn -0.830053985118866 -0.5576678514480591 0.004119649063795805
vn 0.8818064332008362 -0.4413251578807831 0.16628141701221466
vn 0.9711893200874329 -0.17090706527233124 0.16607865691184998
vn -0.754885196685791 -0.6555710434913635 -0.019365383312106133
vn 0.8206794857978821 -0.5672475099563599 0.06866918504238129
vn 0.10829257220029831 -0.9830889701843262 -0.14767813682556152
vn -0.4245455265045166 -0.9044039249420166 -0.04259992018342018
vn -0.22130955755710602 -0.9650384187698364 -0.1404390037059784
vn 0.2709499001502991 0.7255900502204895 -0.6325387358665466
vn -0.008519836701452732 0.7811475396156311 -0.6242883801460266
vn 0.5791893601417542 0.7252740263938904 -0.37217915058135986
vn 0.744706928730011 0.6331862807273865 -0.2109186351299286
vn -0.490649938583374 0.4629647731781006 -0.7381911873817444
vn 0.9684320688247681 0.24616125226020813 0.03929471597075462
vn -0.7944859266281128 0.43412044644355774 -0.42465463280677795
vn -0.826792299747467 0.3961232304573059 -0.3993755578994751
vn -0.9415265917778015 0.12465009838342667 -0.3130336403846741
vn -0.9720435738563538 -0.16588465869426727 -0.16617339849472046
vn -0.9556922912597656 -0.2061995565891266 -0.21008092164993286
vn 0.9666231870651245 -0.20149917900562286 0.15823303163051605
vn -0.635572612285614 -0.769904375076294 -0.05739989131689072
vn 0.6814630627632141 -0.7295405864715576 -0.05812615901231766
vn 0.3862009048461914 -0.9139086008071899 -0.12498006969690323
vn 0.4530971348285675 -0.8838183283805847 -0.11648279428482056
vn -0.5509549379348755 -0.8221064209938049 -0.14349138736724854
vn 0.40562155842781067 0.7825249433517456 -0.47236204147338867
vn 0.5435683727264404 0.6971114873886108 -0.467513769865036
vn -0.4946441948413849 0.6560943722724915 -0.5699714422225952
vn -0.6269248127937317 0.6020240187644958 -0.4945021867752075
vn -0.6995663642883301 0.5319997072219849 -0.4770568907260895
vn -0.6312137246131897 0.46778756380081177 -0.6186631917953491
vn -0.4668436050415039 0.4138566851615906 -0.7815239429473877
vn -0.8656063675880432 0.43448105454444885 -0.24890151619911194
vn 0.8972153067588806 0.4376864731311798 -0.05861169472336769
vn -0.8265442848205566 0.4409368932247162 -0.34985610842704773
vn -0.8801351189613342 0.43214476108551025 -0.19650238752365112
vn -0.7821869254112244 0.534451961517334 -0.3202260732650757
vn 0.9199835658073425 -0.32450437545776367 0.2198343276977539
vn -0.8968749642372131 0.3922478258609772 -0.20434530079364777
vn -0.9964609146118164 0.03581584244966507 -0.07604587078094482
vn -0.9849098324775696 -0.16883930563926697 0.03802654892206192
vn 0.8041583895683289 -0.47555744647979736 0.35661521553993225
vn 0.9326725602149963 -0.1803136020898819 0.31242427229881287
vn -0.9289745092391968 -0.33772993087768555 0.1514754593372345
vn -0.9208996891975403 -0.38919129967689514 0.021769484505057335
vn -0.933225154876709 -0.34863048791885376 0.08687698841094971
vn 0.9520648717880249 -0.2676197290420532 0.1481625884771347
vn -0.846393346786499 -0.5225033164024353 -0.10299839824438095
vn 0.8786526322364807 -0.47661349177360535 0.028446471318602562
vn 0.021726226434111595 -0.9955248832702637 -0.09196840226650238
vn 0.6059773564338684 0.7679574489593506 -0.20744360983371735
vn 0.6779011487960815 0.6994063854217529 -0.22645244002342224
vn 0.3731646239757538 0.8718752264976501 -0.3171463906764984
vn 0.10364852100610733 0.8832558393478394 -0.45729222893714905
vn -0.19975826144218445 0.8418021202087402 -0.501463770866394
vn -0.7849864959716797 0.5013939142227173 -0.36386874318122864
vn 0.8144701719284058 0.5791444182395935 -0.0350731685757637
vn -0.9412074089050293 0.33532285690307617 -0.04107612743973732
vn 0.9694567322731018 0.23771068453788757 0.060393087565898895
vn -0.9312888979911804 0.36255672574043274 -0.035406164824962616
vn -0.8691092729568481 0.4867781102657318 -0.0877280905842781
vn 0.9840261936187744 -0.058671433478593826 0.16807781159877777
vn -0.7674914002418518 0.625296950340271 -0.14128230512142181
vn 0.7010962963104248 -0.6155858039855957 0.3598863482475281
vn 0.6899582743644714 -0.5607330203056335 0.45775124430656433
vn 0.7661670446395874 -0.379207044839859 0.5188353061676025
vn 0.889396071434021 -0.029927480965852737 0.45615673065185547
vn 0.9733828902244568 -0.08129777759313583 0.21428126096725464
vn -0.7677034139633179 -0.6268152594566345 -0.13316962122917175
vn 0.663684070110321 -0.740624189376831 0.10487741976976395
vn 0.3341144919395447 -0.9400402307510376 0.06849794834852219
vn 0.25289249420166016 0.9058217406272888 -0.33990058302879333
vn -0.5865185260772705 0.6264935731887817 -0.5133242607116699
vn -0.9473800659179688 0.2600410282611847 -0.18668054044246674
vn 0.9052903056144714 0.42213812470436096 0.04742273688316345
vn -0.9494715929031372 0.28397050499916077 -0.13365817070007324
vn 0.9837731719017029 -0.11583582311868668 0.13701270520687103
vn -0.8346779942512512 0.548102080821991 0.05382025986909866
vn -0.8215727806091309 0.5687961578369141 -0.03858985751867294
vn -0.9552249312400818 0.23113910853862762 0.18471626937389374
vn -0.9696168303489685 -0.13858461380004883 0.20158764719963074
vn -0.8986051678657532 -0.3261969983577728 0.2934352457523346
vn 0.5989806056022644 -0.4547192454338074 0.6591302752494812
vn -0.8355342745780945 -0.33661124110221863 0.43425270915031433
vn -0.9260913729667664 -0.17419540882110596 0.3346800208091736
vn -0.9444596767425537 -0.26826879382133484 0.18981020152568817
vn 0.9588373303413391 0.07685435563325882 0.27335771918296814
vn 0.9645214080810547 -0.18236175179481506 0.19089961051940918
vn -0.8786000609397888 -0.47724106907844543 -0.017405111342668533
vn 0.8922686576843262 -0.39933285117149353 0.21068936586380005
vn -0.6365171074867249 -0.7608205676078796 -0.12648382782936096
vn -0.29362648725509644 -0.9530673027038574 -0.07379890978336334
vn 0.5472782850265503 0.8079739212989807 -0.2183225005865097
vn 0.04232632741332054 0.9376199245452881 -0.34507596492767334
vn -0.4354250431060791 0.8068641424179077 -0.39921849966049194
vn 0.7572802305221558 0.6398470401763916 -0.1308525800704956
vn 0.7515546083450317 0.6553965210914612 -0.07497470080852509
vn -0.7336670160293579 0.4482896029949188 -0.5106556415557861
vn -0.8142994046211243 0.2892003357410431 -0.5032689571380615
vn -0.8790658116340637 0.24916329979896545 -0.40640005469322205
vn 0.8653817176818848 0.49886661767959595 0.04739869385957718
vn -0.9484080672264099 0.07161867618560791 -0.3088575005531311
vn 0.9414576888084412 0.3272165060043335 0.08115889132022858
vn -0.9227551817893982 0.3104194104671478 -0.22839179635047913
vn -0.957220733165741 0.2821516692638397 -0.06417897343635559
vn 0.8695166707038879 -0.423620343208313 0.2539421021938324
vn 0.550551176071167 -0.7728529572486877 0.31558164954185486
vn 0.3483538329601288 -0.8359707593917847 0.4240313470363617
vn 0.44181132316589355 -0.6593489646911621 0.6083270311355591
vn 0.3117090165615082 -0.8291921615600586 0.4639805257320404
vn -0.8736038208007812 -0.20262251794338226 0.4424484074115753
vn 0.5000061988830566 -0.3424398601055145 0.795442521572113
vn -0.7550317049026489 -0.3438906669616699 0.5582708120346069
vn 0.7260818481445312 -0.1149124801158905 0.6779382824897766
vn 0.6575687527656555 0.008204513229429722 0.7533499002456665
vn 0.6912205815315247 0.17565664649009705 0.7009699940681458
vn 0.8592638373374939 0.2267984002828598 0.4585065245628357
vn 0.7939320802688599 0.4435933828353882 0.41580861806869507
vn -0.8350856900215149 -0.1643482893705368 0.524996817111969
vn -0.9042612314224243 0.04147857055068016 0.424960196018219
vn -0.9677636027336121 -0.0778748020529747 0.23951847851276398
vn -0.9887889623641968 -0.1310657262802124 0.07154135406017303
vn -0.9346617460250854 -0.33088037371635437 0.1300986260175705
vn 0.9566394090652466 -0.046505898237228394 0.2875382900238037
vn -0.8191452622413635 -0.5722081065177917 0.03973593935370445
vn 0.705552339553833 -0.6382665634155273 0.3079153001308441
vn 0.03912169113755226 -0.9959256649017334 0.08125034719705582
vn 0.40384215116500854 0.9135444760322571 -0.048457469791173935
vn 0.5385869741439819 0.8166278600692749 -0.20746822655200958
vn -0.2876736521720886 0.9213070869445801 -0.2616049647331238
vn -0.4582330882549286 0.8475496172904968 -0.2677351236343384
vn 0.8234136700630188 0.5667011737823486 -0.028978746384382248
vn -0.9452589154243469 0.14647462964057922 -0.29160040616989136
vn -0.9604958891868591 0.043649546802043915 -0.2748497426509857
vn 0.9844987392425537 -0.039509035646915436 0.17088371515274048
vn -0.9349771738052368 0.24550142884254456 0.25602102279663086
vn -0.8777897357940674 -0.005864099599421024 0.47901031374931335
vn 0.25886043906211853 -0.9419357180595398 0.21388889849185944
vn -0.8124693036079407 -0.33235621452331543 0.47899162769317627
vn 0.5948940515518188 -0.46971458196640015 0.6522800326347351
vn 0.8230701684951782 0.18412712216377258 0.5372642278671265
vn 0.7606176733970642 0.393970251083374 0.5159925222396851
vn -0.8702409863471985 0.032374057918787 0.4915613532066345
vn 0.9161552786827087 0.23023295402526855 0.32810428738594055
vn -0.9616252183914185 -0.13377216458320618 0.23954524099826813
vn 0.8713015913963318 -0.30905231833457947 0.3812088966369629
vn -0.5847044587135315 -0.8062493801116943 0.08990374952554703
vn 0.2767253518104553 -0.9023839235305786 0.3303428590297699
vn -0.23840993642807007 -0.9619539976119995 0.13343678414821625
vn 0.05119646340608597 0.9711863994598389 -0.23275715112686157
vn -0.6638043522834778 0.5967578291893005 -0.45082584023475647
vn -0.9563757181167603 0.004089668858796358 -0.2921109199523926
vn -0.9461234211921692 0.11372511833906174 -0.3031783103942871
vn -0.999773383140564 0.00867003295570612 -0.019442401826381683
vn 0.9110232591629028 -0.3246982991695404 0.2541804015636444
vn -0.8989832401275635 -0.40783414244651794 0.15968866646289825
vn -0.9436094760894775 -0.1355799287557602 0.3020254373550415
vn 0.1673293113708496 -0.9813661575317383 0.09445318579673767
vn 0.40490373969078064 -0.895048201084137 0.18692705035209656
vn 0.8725167512893677 -0.3657010793685913 0.32400205731391907
vn -0.8729862570762634 -0.30090081691741943 0.3838667869567871
vn -0.9268548488616943 -0.1723439246416092 0.3335232436656952
vn 0.7767324447631836 0.33894702792167664 0.5308499336242676
vn -0.8650822639465332 0.07904785871505737 0.49536260962486267
vn 0.8765600919723511 -0.04940617457032204 0.4787498116493225
vn 0.7511910200119019 -0.3030508756637573 0.5864062309265137
vn -0.8421579003334045 -0.44052809476852417 0.3109745383262634
vn -0.7844517827033997 -0.2442510724067688 0.5700674653053284
vn -0.7205233573913574 -0.524789035320282 0.45325767993927
vn 0.4702153205871582 -0.5111501216888428 0.7194602489471436
vn -0.4694327414035797 -0.7679968476295471 0.4356762766838074
vn -0.13844482600688934 -0.8811848759651184 0.4520467221736908
vn -0.22266191244125366 0.9699852466583252 -0.09772640466690063
vn 0.14201749861240387 0.9845320582389832 0.10260436683893204
vn 0.6687334775924683 0.7434608936309814 0.007845288142561913
vn -0.4316827654838562 0.8958566188812256 -0.1053137332201004
vn -0.24526473879814148 0.9566963315010071 0.15677204728126526
vn 0.8348295092582703 0.5504890084266663 -0.004650122486054897
vn -0.4285043478012085 0.8751472234725952 -0.2247251570224762
vn -0.8797147870063782 0.44118019938468933 -0.17737509310245514
vn -0.9759308099746704 -0.13680928945541382 0.16983048617839813
vn 0.8659389019012451 0.4933353662490845 0.08228088915348053
vn -0.9919834136962891 -0.11901233345270157 -0.04248504340648651
vn -0.9942572116851807 0.050982680171728134 -0.09409233927726746
vn -0.982882022857666 -0.05771402269601822 0.17496304214000702
vn 0.8972727656364441 0.4203266501426697 0.1350078135728836
vn -0.9162741303443909 0.2939451038837433 -0.27209925651550293
vn 0.965034544467926 0.15087056159973145 0.21435116231441498
vn -0.9176558256149292 -0.13923953473567963 -0.3721829950809479
vn -0.8893494009971619 0.20158375799655914 -0.4103921055793762
vn 0.6602456569671631 -0.6680029630661011 0.3432895243167877
vn -0.9403121471405029 -0.3342825770378113 -0.0637834370136261
vn -0.9280489683151245 -0.27505776286125183 -0.2511342167854309
vn 0.3621002733707428 -0.915486216545105 0.17540910840034485
vn -0.91261887550354 -0.4034300744533539 0.06611292064189911
vn -0.8261875510215759 -0.5526654720306396 -0.10943038016557693
vn 0.7794914841651917 0.3954915404319763 0.48577722907066345
vn 0.9199486970901489 0.10765418410301208 0.37696826457977295
vn 0.9732573628425598 -0.1823277473449707 0.13973791897296906
vn -0.8737537264823914 -0.45971938967704773 0.15878456830978394
vn 0.7141562700271606 0.20205172896385193 0.6701909303665161
vn -0.890034019947052 -0.21399818360805511 0.40254729986190796
vn -0.8219693899154663 0.03586218133568764 0.5684015154838562
vn 0.541732907295227 0.09964156895875931 0.8346238732337952
vn 0.7020536065101624 -0.11487102508544922 0.7027983665466309
vn -0.6922504305839539 -0.0099527882412076 0.7215888500213623
vn 0.3394932746887207 -0.23882366716861725 0.9097843170166016
vn -0.4988899528980255 -0.20748566091060638 0.8414621949195862
vn 0.40231117606163025 -0.2608053386211395 0.8775684237480164
vn 0.016533585265278816 -0.2774944007396698 0.9605849981307983
vn -0.5762521028518677 -0.3592699468135834 0.7340700030326843
vn -0.2517041563987732 -0.30165114998817444 0.9195932149887085
vn 0.10911089181900024 -0.22246165573596954 0.9688166379928589
vn -0.11318399757146835 -0.25429442524909973 0.9604810476303101
vn -0.35607782006263733 -0.47313445806503296 0.8058240413665771
vn -0.040792301297187805 -0.5795133709907532 0.813941240310669
vn 0.42889001965522766 0.8683213591575623 0.249141126871109
vn 0.2511421740055084 0.9312132596969604 0.2641392648220062
vn -0.020343076437711716 0.9425585269927979 0.33342117071151733
vn -0.3381440043449402 0.9403398633003235 0.03767908737063408
vn 0.7379831075668335 0.6420838832855225 0.20762799680233002
vn -0.5241057872772217 0.8515937328338623 0.010070051066577435
vn -0.9214190244674683 0.2918337285518646 0.2565542757511139
vn 0.8767320513725281 0.45050182938575745 0.16849066317081451
vn -0.9773499369621277 -0.18914394080638885 0.09493014961481094
vn -0.9638805985450745 0.20440250635147095 -0.1707449108362198
vn 0.9174056053161621 -0.01614346355199814 0.39762604236602783
vn 0.7759143710136414 -0.3585653603076935 0.5190259218215942
vn -0.791815996170044 -0.4579010605812073 -0.4041709005832672
vn 0.3694069981575012 -0.9179807305335999 0.1443946808576584
vn 0.8092755675315857 -0.5554558634757996 0.19115911424160004
vn -0.8422921895980835 -0.4842444956302643 -0.23675130307674408
vn 0.8820779323577881 -0.16721270978450775 0.4404299259185791
vn -0.777181088924408 -0.5282963514328003 0.3418956398963928
vn -0.6594160795211792 -0.7491490840911865 0.06281831860542297
vn 0.6721650958061218 -0.10363154858350754 0.7331129908561707
vn 0.6537451148033142 -0.45071911811828613 0.6078401803970337
vn 0.4440634548664093 0.007766161113977432 0.8959617018699646
vn -0.6981624960899353 -0.21274185180664062 0.6836007833480835
vn -0.43367138504981995 -0.5813364386558533 0.6884599328041077
vn -0.2523365616798401 -0.36493590474128723 0.8961852788925171
vn 0.2880457937717438 -0.09299948066473007 0.9530901312828064
vn 0.11305652558803558 -0.29258179664611816 0.9495336413383484
vn 0.19322621822357178 -0.37186938524246216 0.9079520106315613
vn 0.18715141713619232 0.911729633808136 0.36568212509155273
vn -0.21922412514686584 0.9301949143409729 0.29441168904304504
vn -0.4473787248134613 0.8532716035842896 0.267917662858963
vn -0.9979902505874634 -0.0059716361574828625 0.06308578699827194
vn 0.8672255873680115 0.38258424401283264 0.31866776943206787
vn 0.8720014691352844 0.44626584649086 0.20114766061306
vn 0.8624841570854187 0.40800485014915466 0.29942119121551514
vn -0.8887471556663513 0.31545713543891907 -0.332588791847229
vn 0.895825207233429 0.2128458470106125 0.39012038707733154
vn -0.7324545383453369 0.44848570227622986 -0.5122215747833252
vn -0.9176040291786194 0.00011592600640142336 -0.3974958658218384
vn -0.9491025805473328 0.13125765323638916 -0.28631410002708435
vn -0.849715530872345 -0.2192636877298355 -0.4794861972332001
vn 0.45764172077178955 -0.8168038725852966 0.3512769639492035
vn -0.7121220231056213 -0.6980910301208496 -0.07450670003890991
vn -0.37286320328712463 -0.8628770709037781 0.3411983549594879
vn -0.5221931338310242 -0.8427008390426636 0.1310332864522934
vn 0.14454059302806854 -0.6617734432220459 0.7356384992599487
vn -0.05884755775332451 -0.8145710229873657 0.5770710706710815
vn 0.5068825483322144 0.772416889667511 0.38267791271209717
vn 0.7786514759063721 0.5295299887657166 0.33660051226615906
vn 0.04001262038946152 0.9390053749084473 0.34156689047813416
vn -0.12922824919223785 0.9378031492233276 0.3222193717956543
vn -0.30684366822242737 0.9053354859352112 0.2936234474182129
vn -0.742603063583374 0.6694996953010559 -0.017630567774176598
vn -0.8658031225204468 0.26008811593055725 -0.4274800419807434
vn -0.3612792491912842 0.5263369083404541 -0.7697056531906128
vn -0.1893812119960785 0.9452417492866516 -0.26580610871315
vn -0.21647599339485168 0.687717854976654 -0.6929519176483154
vn -0.6690728664398193 0.22390501201152802 -0.7086664438247681
vn -0.3072105646133423 0.03456417843699455 -0.9510136842727661
vn -0.630422055721283 0.10646674036979675 -0.7689167261123657
vn -0.6773804426193237 0.6360199451446533 -0.36964088678359985
vn -0.8168151378631592 0.07732318341732025 -0.5716941952705383
vn 0.8736622929573059 0.10289416462182999 0.4755280613899231
vn 0.7876309752464294 -0.029060380533337593 0.6154616475105286
vn 0.772984504699707 -0.2399744838476181 0.5872881412506104
vn -0.8856568932533264 0.25143706798553467 -0.3903733491897583
vn 0.6631161570549011 -0.5665082931518555 0.4892294108867645
vn -0.8635467886924744 0.014475870877504349 -0.5040609836578369
vn -0.7384858727455139 -0.5036022067070007 -0.44835636019706726
vn 0.36708134412765503 -0.8544720411300659 0.3675988018512726
vn 0.5772174596786499 -0.7114707231521606 0.4007861912250519
vn -0.6695214509963989 -0.7212867140769958 -0.17744439840316772
vn -0.6288558840751648 -0.7076947689056396 -0.32203802466392517
vn 0.40912795066833496 -0.7394364476203918 0.5346476435661316
vn 0.3854314088821411 -0.7161383032798767 0.5818837285041809
vn 0.1339109092950821 -0.8434325456619263 0.52027827501297
vn -0.44363343715667725 -0.8714599013328552 0.20915797352790833
vn -0.21536283195018768 -0.8940819501876831 0.39272937178611755
vn 0.24557827413082123 0.893162727355957 0.3767646551132202
vn -0.1057296022772789 0.948959231376648 0.29714930057525635
vn -0.13923972845077515 0.985127329826355 0.10068011283874512
vn -0.3043892979621887 0.944793164730072 -0.12129735201597214
vn -0.6392613649368286 0.768746554851532 0.01933411881327629
vn 0.8115023374557495 0.4172939658164978 0.4090595245361328
vn -0.8917792439460754 0.3082147538661957 -0.33126044273376465
vn -0.8399731516838074 -0.1940310001373291 -0.506751537322998
vn 0.865615725517273 0.28067052364349365 0.41464871168136597
vn -0.6949790120124817 -0.2770848274230957 -0.6634970307350159
vn -0.8082852363586426 -0.3345867991447449 -0.48448601365089417
vn 0.821688175201416 0.04667513445019722 0.5680229663848877
vn 0.8016088604927063 -0.24802517890930176 0.5439730882644653
vn -0.9228830933570862 0.03546469658613205 -0.3834437131881714
vn 0.5824991464614868 -0.5659899711608887 0.5833954215049744
vn 0.4957388937473297 -0.7332928776741028 0.46532195806503296
vn -0.7612590193748474 -0.3227382004261017 -0.5624276995658875
vn 0.36030465364456177 -0.7379336953163147 0.5706439018249512
vn -0.5561553835868835 -0.7276821136474609 -0.4014599621295929
vn -0.40209195017814636 -0.9092394113540649 -0.10773050040006638
vn 0.270080029964447 -0.7419306039810181 0.6136740446090698
vn -0.03657527267932892 -0.8602678775787354 0.5085287690162659
vn 0.5947548747062683 0.6568196415901184 0.46352419257164
vn -0.24718326330184937 0.941373348236084 0.229601189494133
vn -0.8015711903572083 0.5854426026344299 0.12141138315200806
vn 0.7964457869529724 0.2998892366886139 0.525110125541687
vn -0.8577886819839478 -0.3831241726875305 -0.34265798330307007
vn -0.9335203170776367 -0.1383950114250183 -0.33073654770851135
vn -0.8487643599510193 -0.35365593433380127 -0.3930988013744354
vn -0.8205083012580872 0.2958656847476959 -0.48911118507385254
vn -0.8386951088905334 0.3935390114784241 -0.3764539062976837
vn -0.7289162874221802 0.4592670500278473 -0.507695734500885
vn 0.3636602461338043 -0.5468035340309143 0.7541599273681641
vn -0.7747032046318054 0.08632845431566238 -0.626404345035553
vn 0.3130635917186737 -0.646271824836731 0.6959338188171387
vn -0.03056027740240097 -0.9663246870040894 0.2555048167705536
vn 0.18088693916797638 -0.8361865282058716 0.5177568197250366
vn -0.0711720883846283 -0.9974594116210938 0.0030634806025773287
vn 0.1894034594297409 0.8954175710678101 0.40293145179748535
vn -0.04149390757083893 0.8826305866241455 0.46823248267173767
vn -0.24360646307468414 0.9062000513076782 0.3456260561943054
vn -0.1433378905057907 0.8872554898262024 0.4384426772594452
vn -0.07456231117248535 0.9179916977882385 0.3895273506641388
vn 0.7592359781265259 0.33275505900382996 0.5593164563179016
vn -0.3227527141571045 0.7951176166534424 0.5134380459785461
vn -0.9635012745857239 -0.053185224533081055 0.26236751675605774
vn 0.8001848459243774 0.11448370665311813 0.5887255668640137
vn -0.9316972494125366 -0.35810381174087524 0.06084248051047325
vn 0.7733958959579468 -0.14375676214694977 0.6174081563949585
vn 0.7001997828483582 -0.22729453444480896 0.6767994165420532
vn -0.9778903722763062 -0.11504840850830078 -0.174626424908638
vn 0.5816442370414734 -0.34851840138435364 0.7350000143051147
vn 0.46655991673469543 -0.5446465611457825 0.6969088315963745
vn 0.28986242413520813 -0.5365787148475647 0.7925043702125549
vn 0.3846605122089386 -0.6736839413642883 0.6310200095176697
vn -0.5503308176994324 0.5754895210266113 -0.6049363017082214
vn 0.35776224732398987 -0.6683135032653809 0.652198851108551
vn 0.5298776626586914 -0.6935546398162842 0.4880693852901459
vn 0.4622856378555298 -0.7435081601142883 0.4832056164741516
vn -0.8107001781463623 0.2310468852519989 -0.5379430055618286
vn -0.8404281139373779 -0.2633824348449707 -0.4736140966415405
vn -0.5608904957771301 -0.7318174242973328 -0.3870983123779297
vn 0.3031262755393982 -0.8835893273353577 0.35690945386886597
vn 0.15292441844940186 -0.9748129844665527 0.16233862936496735
vn -0.27313709259033203 -0.944394052028656 -0.18307377398014069
vn 0.4174470901489258 0.6468148231506348 0.6382542848587036
vn -0.14522293210029602 0.9188826680183411 0.3668310046195984
vn -0.25286996364593506 0.8827636241912842 0.39596113562583923
vn -0.5421550273895264 0.48717200756073 0.684639573097229
vn -0.42890727519989014 0.620948314666748 0.6560959219932556
vn 0.6896290183067322 0.33803415298461914 0.640425443649292
vn -0.616436779499054 0.7244037389755249 0.3086179196834564
vn -0.431164413690567 0.8122953772544861 0.3927766680717468
vn -0.741714596748352 0.1862177699804306 0.6443464756011963
vn -0.9242302775382996 0.36597779393196106 0.10889701545238495
vn 0.7060880064964294 -0.45871251821517944 0.5394650101661682
vn 0.4904831647872925 -0.7566859126091003 0.4322645962238312
vn -0.862312376499176 0.4594109356403351 -0.2129766196012497
vn 0.46215006709098816 -0.7877634763717651 0.40724197030067444
vn -0.6793509721755981 0.39156675338745117 -0.6206108331680298
vn 0.5968614816665649 -0.7378019690513611 0.31528517603874207
vn 0.45469921827316284 -0.8293537497520447 0.32468605041503906
vn -0.6839133501052856 -0.6833735704421997 -0.255466490983963
vn -0.10230118781328201 0.9932848215103149 0.05403387174010277
vn -0.389560341835022 0.9191531538963318 0.05831204354763031
vn -0.5678296685218811 0.647662341594696 -0.5080385208129883
vn -0.49295827746391296 0.8240118026733398 -0.27927902340888977
vn -0.10056839138269424 0.8691076636314392 -0.4842911660671234
vn 0.8772185444831848 -0.15989673137664795 0.45268169045448303
vn -0.09119072556495667 0.6181071400642395 -0.7807867527008057
vn -0.3025047183036804 0.5209909081459045 -0.7981600761413574
vn -0.2812306880950928 0.31891730427742004 -0.905097246170044
vn -0.3915846645832062 0.05199768394231796 -0.918671727180481
vn -0.6479586362838745 0.07001794129610062 -0.7584505081176758
vn 0.7735897302627563 -0.5374986529350281 0.3356398940086365
vn 0.5987547039985657 -0.767634928226471 0.2285376638174057
vn 0.6142394542694092 -0.7599768042564392 0.21247392892837524
vn -0.6488062739372253 0.11682704091072083 -0.7519321441650391
vn -0.7791473865509033 -0.10815061628818512 -0.6174405813217163
vn -0.8747804760932922 0.07307317852973938 -0.4789775013923645
vn 0.6716213822364807 -0.7326533794403076 0.11019916087388992
vn 0.5265365242958069 -0.8410645723342896 0.12397445738315582
vn -0.8718147873878479 -0.2527106702327728 -0.4196145832538605
vn 0.3045635223388672 -0.9480002522468567 0.09239371120929718
vn 0.40664687752723694 -0.910014808177948 -0.08069328218698502
vn -0.36506643891334534 -0.8974236845970154 -0.24770419299602509
vn -0.7305904626846313 -0.5806846618652344 -0.35922548174858093
vn -0.019043482840061188 -0.9995944499969482 -0.02117549628019333
vn 0.31483539938926697 0.6475709080696106 0.693924069404602
vn 0.26686611771583557 0.8517207503318787 0.45094817876815796
vn 0.6841074228286743 0.5589578747749329 0.46857577562332153
vn 0.30211904644966125 0.9482359886169434 0.09783986210823059
vn 0.1713244765996933 0.9703215956687927 -0.17065750062465668
vn -0.13950149714946747 0.9680792093276978 -0.20823535323143005
vn -0.2907782793045044 0.9290797710418701 -0.2286018431186676
vn -0.27257731556892395 0.8866247534751892 -0.3736284375190735
vn 0.8521784543991089 0.18978740274906158 0.4876193702220917
vn -0.06271443516016006 0.8574459552764893 -0.5107380151748657
vn -0.20016886293888092 0.9448834657669067 -0.25908994674682617
vn -0.8376023173332214 0.2957752048969269 -0.45928144454956055
vn -0.6058433055877686 0.7408597469329834 -0.2899668514728546
vn -0.8861452341079712 -0.08109252154827118 -0.4562571942806244
vn 0.7728748321533203 -0.6327815651893616 -0.04745548591017723
vn -0.8357006311416626 -0.22728769481182098 -0.49994486570358276
vn -0.8827232122421265 -0.036812637001276016 -0.4684491455554962
vn 0.6965784430503845 -0.714049220085144 -0.07008683681488037
vn 0.5763642191886902 -0.8030491471290588 -0.15138190984725952
vn -0.7616664171218872 -0.3919859826564789 -0.5159567594528198
vn 0.2942057251930237 -0.9297552704811096 -0.22135545313358307
vn 0.046227820217609406 -0.9754804968833923 -0.21517646312713623
vn 0.6140977740287781 0.7892107367515564 -0.005520801991224289
vn 0.7342771887779236 0.6592615246772766 0.16189895570278168
vn 0.37224629521369934 0.9176908135414124 -0.13883887231349945
vn -0.2665882110595703 0.886961042881012 -0.37713512778282166
vn 0.9410170912742615 0.24498802423477173 0.23338307440280914
vn -0.21345244348049164 0.9062691926956177 -0.36484822630882263
vn 0.9572293758392334 -0.20883867144584656 0.20024588704109192
vn -0.9340668320655823 0.27120983600616455 -0.23230236768722534
vn 0.867213785648346 -0.488872766494751 0.09457182139158249
vn -0.9399306178092957 0.2127058357000351 -0.26699569821357727
vn 0.7658147811889648 -0.5566504001617432 -0.32197538018226624
vn 0.5088774561882019 -0.7483641505241394 -0.4254349172115326
vn -0.6377508044242859 -0.5118352174758911 -0.5755856037139893
vn 0.27396148443222046 -0.7873623967170715 -0.552273154258728
vn 0.11338258534669876 -0.8535204529762268 -0.5085737705230713
vn -0.1421874761581421 -0.8215221166610718 -0.5521631240844727
vn -0.44478142261505127 -0.706443727016449 -0.5505512952804565
vn 0.3311026096343994 0.9402865171432495 0.07894512265920639
vn 0.08997943252325058 0.9946199655532837 -0.05133025720715523
vn -0.07600004971027374 0.9863828420639038 -0.14585238695144653
vn -0.21623274683952332 0.9220200777053833 -0.3211267292499542
vn -0.3183620572090149 0.9281004667282104 -0.19306787848472595
vn -0.4199010133743286 0.9015414714813232 -0.10443244129419327
vn -0.6244354248046875 0.7807512879371643 -0.0225368645042181
vn -0.8136072158813477 0.5775006413459778 -0.06735258549451828
vn -0.9287070035934448 0.36608225107192993 -0.05905153229832649
vn 0.9663931131362915 -0.22801081836223602 0.11872425675392151
vn 0.9134445190429688 -0.40685126185417175 0.009554386138916016
vn 0.8844541311264038 -0.4385763108730316 -0.15934811532497406
vn -0.8027699589729309 -0.20622873306274414 -0.5594910383224487
vn -0.8380927443504333 0.15485455095767975 -0.5230876803398132
vn 0.84259033203125 -0.5156892538070679 -0.1552617996931076
vn -0.618141770362854 -0.18844087421894073 -0.763145387172699
vn 0.687313973903656 -0.566829264163971 -0.454207181930542
vn 0.46313589811325073 -0.7165030837059021 -0.5216593146324158
vn -0.7181059122085571 -0.4219684898853302 -0.5534135699272156
vn 0.6666970252990723 -0.7201424837112427 -0.19211964309215546
vn 0.40330249071121216 -0.8313969373703003 -0.38226473331451416
vn -0.467427134513855 -0.6936449408531189 -0.5480588674545288
vn 0.37501946091651917 -0.9096083045005798 -0.17881034314632416
vn 0.19953159987926483 -0.8312133550643921 -0.518913745880127
vn -0.02164849452674389 -0.7928191423416138 -0.6090723872184753
vn 0.2527517080307007 -0.9231352210044861 -0.2897205948829651
vn -0.17225515842437744 -0.8782619833946228 -0.4460763931274414
vn -0.41932517290115356 -0.8214475512504578 -0.3865104615688324
vn 0.5410658717155457 0.8072406053543091 0.23581860959529877
vn -0.31855762004852295 0.9332082271575928 -0.16626329720020294
vn 0.83586585521698 0.4993823766708374 0.2279157191514969
vn 0.9720260500907898 0.04320115968585014 0.2308659553527832
vn -0.5593337416648865 0.8238264918327332 0.09195505827665329
vn -0.8218812346458435 0.5529449582099915 0.1369786560535431
vn -0.9124504923820496 0.4020736813545227 -0.07596641033887863
vn 0.8807313442230225 -0.46249228715896606 0.10204555094242096
vn -0.8235529065132141 0.5012515187263489 -0.26553261280059814
vn 0.11224427819252014 0.4473017752170563 -0.8873118758201599
vn 0.22775061428546906 0.2945929765701294 -0.9280865788459778
vn -0.13463358581066132 0.519644021987915 -0.8437084555625916
vn 0.7776751518249512 -0.6058993339538574 0.16765251755714417
vn -0.06883984804153442 0.02215532958507538 -0.9973816871643066
vn 0.3276825547218323 -0.09368187934160233 -0.9401318430900574
vn -0.49716633558273315 0.27004432678222656 -0.8245615363121033
vn -0.5879059433937073 -0.5878901481628418 -0.5556544661521912
vn -0.4619545340538025 -0.10091584920883179 -0.8811435699462891
vn 0.5682814717292786 -0.8227216005325317 0.013616591691970825
vn 0.16772426664829254 -0.511975884437561 -0.8424662351608276
vn 0.24170449376106262 -0.4918925166130066 -0.8364333510398865
vn -0.27580803632736206 -0.4221044182777405 -0.8635727167129517
vn 0.1507173776626587 -0.9231585264205933 -0.3536418676376343
vn -0.5658401250839233 -0.7409769296646118 -0.36163264513015747
vn 0.044394563883543015 -0.721174418926239 -0.6913295984268188
vn 0.008389340713620186 -0.9439114332199097 -0.3300922214984894
vn 0.5396503210067749 0.7691606879234314 0.3423003554344177
vn 0.3639916181564331 0.8912909030914307 0.2703897953033447
vn 0.17383092641830444 0.9652217626571655 0.19526861608028412
vn 0.02363824099302292 0.9944431781768799 0.10258682817220688
vn -0.13621249794960022 0.9883868098258972 0.0673624649643898
vn 0.6785181760787964 0.6168508529663086 0.3988836407661438
vn -0.3536849021911621 0.919418215751648 0.17198024690151215
vn 0.8632760643959045 0.31985798478126526 0.39044252038002014
vn -0.7391161918640137 0.6383104920387268 0.21509763598442078
vn 0.9224667549133301 -0.27496427297592163 0.271016389131546
vn -0.8657752275466919 0.49099278450012207 0.09674390405416489
vn -0.6771091222763062 0.7281613945960999 -0.10632145404815674
vn 0.8613528609275818 -0.4418797194957733 0.25062641501426697
vn -0.33680903911590576 0.31425344944000244 -0.8875834941864014
vn -0.41883206367492676 0.7488347291946411 -0.513640284538269
vn -0.08935068547725677 0.6996604800224304 -0.708866536617279
vn -0.4584852457046509 0.5931185483932495 -0.6618170142173767
vn -0.2214892953634262 0.7915593981742859 -0.5695403814315796
vn -0.562050998210907 0.6996234059333801 -0.44116416573524475
vn -0.6816939115524292 0.5910453200340271 -0.43122950196266174
vn 0.8258009552955627 -0.4785637855529785 0.2983780801296234
vn 0.05742255598306656 0.04844054952263832 -0.997174084186554
vn -0.27653318643569946 -0.39851486682891846 -0.8744800686836243
vn -0.689990758895874 0.3729981482028961 -0.6203105449676514
vn -0.7491436004638672 0.007493625860661268 -0.6623652577400208
vn 0.48836514353752136 -0.8726394176483154 -0.00017710079555399716
vn -0.46805059909820557 -0.7808905243873596 -0.4136890769004822
vn -0.09862169623374939 -0.7998824119567871 -0.5919982194900513
vn 0.27509066462516785 -0.757082998752594 -0.5925796031951904
vn 0.3717285096645355 -0.7383555769920349 -0.5627157092094421
vn -0.5841202139854431 -0.4887998402118683 -0.6479801535606384
vn 0.34543925523757935 -0.9306873083114624 -0.12038642168045044
vn -0.3897486627101898 -0.8358055353164673 -0.3866848647594452
vn 0.19234436750411987 -0.7671945095062256 -0.6118956804275513
vn -0.1719657927751541 -0.7455894947052002 -0.6438354253768921
vn 0.4858156144618988 -0.8687031269073486 -0.09663400799036026
vn 0.3030775785446167 -0.9251457452774048 -0.22858113050460815
vn 0.6943532824516296 0.6058796644210815 0.38830843567848206
vn 0.9113078713417053 0.052822474390268326 0.4083230793476105
vn -0.7569834589958191 0.606784999370575 0.24246251583099365
vn 0.8988963961601257 -0.12904830276966095 0.41872647404670715
vn 0.8710710406303406 -0.32704958319664 0.36643409729003906
vn -0.03486860916018486 0.9243787527084351 -0.3798791766166687
vn -0.30705803632736206 0.9213123321533203 -0.23853495717048645
vn -0.3014124631881714 0.920089602470398 -0.2501712143421173
vn -0.6084408760070801 0.7512398362159729 -0.25580915808677673
vn -0.8617717027664185 0.3124271035194397 -0.3996734023094177
vn 0.8043246865272522 -0.5325432419776917 0.2635516822338104
vn 0.6448376178741455 -0.751699686050415 0.1383189707994461
vn -0.9126083850860596 -0.019548658281564713 -0.4083673357963562
vn -0.8647623062133789 -0.28621160984039307 -0.41263672709465027
vn -0.37232181429862976 -0.7680391669273376 -0.5210492014884949
vn 0.027065156027674675 -0.8278692960739136 -0.5602678060531616
vn 0.3123212158679962 -0.8439457416534424 -0.43613189458847046
vn -0.6712765097618103 -0.6679391264915466 -0.3213178217411041
vn 0.019785813987255096 -0.9616968035697937 -0.2734004855155945
vn 0.38468465209007263 -0.9113249778747559 -0.1466444581747055
vn 0.18397848308086395 -0.8703458309173584 -0.45678240060806274
vn -0.25590234994888306 -0.9056284427642822 -0.33815836906433105
vn 0.16109400987625122 -0.9606428742408752 -0.22630535066127777
vn -0.025739314034581184 0.9705103635787964 0.23968136310577393
vn -0.553460419178009 0.8004248738288879 0.23022091388702393
vn 0.8183751106262207 0.3602665662765503 0.4477390646934509
vn -0.6748491525650024 0.7006374597549438 0.23170197010040283
vn -0.6043926477432251 0.7957701683044434 0.038202494382858276
vn -0.6168509125709534 0.7755427360534668 0.13427023589611053
vn -0.44184693694114685 0.8884249329566956 -0.12438821792602539
vn -0.08671267330646515 0.9755839705467224 -0.20178435742855072
vn -0.2026611864566803 0.9723012447357178 -0.11644260585308075
vn 0.8605954647064209 -0.3487917482852936 0.37110623717308044
vn -0.7420361638069153 0.5923855304718018 -0.3137861490249634
vn -0.8508738279342651 0.3907814621925354 -0.3511461913585663
vn -0.9274858236312866 0.1238296702504158 -0.35275527834892273
vn -0.8999276161193848 -0.1351902037858963 -0.4145527482032776
vn 0.63604336977005 -0.7498129606246948 0.1822894662618637
vn 0.5919246673583984 -0.7971397042274475 0.11913679540157318
vn -0.756568968296051 -0.5631155967712402 -0.3324219286441803
vn -0.29279670119285583 -0.8454136848449707 -0.44670554995536804
vn -0.21653904020786285 -0.7761569619178772 -0.5921919345855713
vn -0.38871994614601135 -0.9071156978607178 -0.16136278212070465
vn -0.056803278625011444 -0.9944695830345154 -0.08833805471658707
vn 0.574164092540741 0.7336769700050354 0.3633921146392822
vn 0.27356910705566406 0.9176470637321472 0.2882426679134369
vn -0.29917189478874207 0.9282758831977844 0.22090747952461243
vn 0.8121116757392883 0.40569499135017395 0.41938790678977966
vn 0.8961037993431091 0.12744973599910736 0.42515242099761963
vn 0.9100382328033447 -0.09259750694036484 0.40404972434043884
vn -0.16645655035972595 0.9667786955833435 -0.19398772716522217
vn -0.3436671495437622 0.9361996650695801 -0.07364222407341003
vn 0.8679554462432861 -0.3562311828136444 0.3460531234741211
vn -0.6422431468963623 0.7300111055374146 -0.23368258774280548
vn 0.8074878454208374 -0.48889023065567017 0.33007532358169556
vn -0.8067712783813477 0.3717418909072876 -0.4592691659927368
vn -0.8091093301773071 0.014728845097124577 -0.5874735116958618
vn 0.7342033982276917 -0.61664879322052 0.28405943512916565
vn -0.771134078502655 -0.3687531054019928 -0.5190119743347168
vn -0.6775290966033936 -0.6148593425750732 -0.4036117494106293
vn 0.5219932794570923 -0.8505722284317017 0.06363910436630249
vn -0.021556256338953972 -0.908728301525116 -0.41683119535446167
vn 0.17390654981136322 -0.928860068321228 -0.32707124948501587
vn -0.5136728286743164 -0.8315900564193726 -0.21118296682834625
vn 0.2598424553871155 -0.9654103517532349 -0.021560389548540115
vn -0.18508557975292206 -0.8973984122276306 -0.4005240797996521
vn 0.03466174751520157 -0.9897565841674805 -0.13849392533302307
vn 0.11597459763288498 0.8802363872528076 0.4601454734802246
vn -0.1919039487838745 0.9220800995826721 0.33606716990470886
vn -0.4303983151912689 0.8617188334465027 0.26869672536849976
vn 0.8940577507019043 0.14869292080402374 0.42255324125289917
vn -0.5718412399291992 0.7332995533943176 0.3677898645401001
vn -0.2737031579017639 0.9617337584495544 0.012439679354429245
vn -0.24371743202209473 0.9652634263038635 -0.09417205303907394
vn -0.22175171971321106 0.9618876576423645 -0.15999484062194824
vn 0.8538225889205933 -0.14800624549388885 0.4990803897380829
vn -0.5713881254196167 0.8154245018959045 -0.09272854775190353
vn -0.757532000541687 0.5719090700149536 -0.31474655866622925
vn -0.8799334168434143 0.11719883233308792 -0.4604146182537079
vn -0.7697449922561646 -0.3203042447566986 -0.5521755814552307
vn -0.853485643863678 -0.3100505471229553 -0.41884472966194153
vn -0.5244523286819458 -0.7979317307472229 -0.2970770299434662
vn 0.05132029578089714 -0.9699539542198181 -0.2378142923116684
vn -0.19626061618328094 -0.958785891532898 -0.2054542899131775
vn 0.06978090852499008 -0.9973073601722717 0.022554391995072365
vn -0.20546837151050568 -0.9686495065689087 -0.13964544236660004
vn 0.051260046660900116 -0.9962209463119507 -0.0701158344745636
vn -0.2432517260313034 -0.9636045098304749 -0.11088274419307709
vn 0.3928508162498474 0.7954455018043518 0.4614485204219818
vn 0.5602096915245056 0.5414789319038391 0.6268697381019592
vn 0.7685064673423767 0.22165700793266296 0.6002216339111328
vn -0.44738784432411194 0.8752602338790894 0.18374888598918915
vn -0.13949762284755707 0.9880546927452087 -0.06548570096492767
vn -0.34211477637290955 0.9385662078857422 -0.04528729245066643
vn -0.34246817231178284 0.9392792582511902 -0.021681301295757294
vn 0.8250569701194763 -0.25546789169311523 0.5040012001991272
vn -0.4171195924282074 0.9088029861450195 0.009406883269548416
vn 0.8297286033630371 -0.37201038002967834 0.4161234498023987
vn -0.7070522904396057 0.6832415461540222 -0.1823682337999344
vn -0.7430411577224731 0.6172279715538025 -0.2586882412433624
vn 0.8100468516349792 -0.4847506880760193 0.3299105763435364
vn -0.8906115293502808 0.3658161759376526 -0.27016595005989075
vn -0.9748314619064331 0.011967954225838184 -0.2226216197013855
vn 0.6834544539451599 -0.6852266192436218 0.2517033815383911
vn 0.6324957013130188 -0.733481764793396 0.24890491366386414
vn 0.5428303480148315 -0.8064570426940918 0.2344403862953186
vn 0.2946723699569702 -0.9467772245407104 0.12954215705394745
vn 0.24994288384914398 -0.9668146967887878 0.052895478904247284
vn 0.08064239472150803 -0.9863076210021973 0.14385433495044708
vn -0.16063101589679718 -0.9833288788795471 0.08521749079227448
vn -0.01405880693346262 -0.9997668266296387 -0.016393668949604034
vn -0.13916829228401184 -0.9815048575401306 -0.13145487010478973
vn 0.1633070558309555 0.6604788899421692 0.7328699827194214
vn -0.20160050690174103 0.7497775554656982 0.6302307844161987
vn -0.4538945257663727 0.7714548110961914 0.44591179490089417
vn 0.7183777689933777 -0.023642364889383316 0.6952513456344604
vn -0.050791963934898376 0.9902180433273315 0.1299557238817215
vn -0.02888866513967514 0.9986549019813538 0.043056752532720566
vn -0.4316442608833313 0.897432267665863 0.09109651297330856
vn -0.5032231211662292 0.8595762848854065 0.0888545885682106
vn -0.7042691707611084 0.7074028849601746 -0.059884801506996155
vn 0.863997220993042 -0.29267528653144836 0.40969496965408325
vn -0.7997920513153076 0.5938050746917725 -0.08791065216064453
vn -0.6348987221717834 -0.6949663162231445 -0.3375285565853119
vn -0.8882105946540833 -0.32532188296318054 -0.3244189918041229
vn -0.36283254623413086 -0.8966328501701355 -0.25377556681632996
vn 0.029299521818757057 -0.9995551705360413 -0.005573182832449675
vn 0.11828457564115524 -0.9851682782173157 -0.12430712580680847
vn 0.29093316197395325 0.42017456889152527 0.8595413565635681
vn 0.5543860793113708 0.20494137704372406 0.8066319823265076
vn 0.04095953330397606 0.5753819346427917 0.8168585896492004
vn -0.32896387577056885 0.6828208565711975 0.6523330807685852
vn 0.3806886076927185 0.3502061069011688 0.8558223247528076
vn 0.3098638653755188 0.6173045635223389 0.7231317162513733
vn -0.0047640930861234665 0.8131070137023926 0.5820947885513306
vn -0.044599708169698715 0.9498808979988098 0.309414267539978
vn 0.8335604071617126 -0.0950651541352272 0.5441871285438538
vn 0.6509745121002197 0.12357485294342041 0.7489736080169678
vn 0.5689497590065002 0.44758862257003784 0.6898990869522095
vn -0.4061165153980255 0.9059354662895203 0.11979306489229202
vn 0.7667418122291565 0.18965715169906616 0.6133002638816833
vn -0.6128959655761719 0.7816693186759949 0.11554914712905884
vn -0.7460318207740784 0.661352276802063 0.07777979224920273
vn -0.8660781979560852 0.499087393283844 -0.028642332181334496
vn 0.6571884751319885 -0.6650323271751404 0.35473284125328064
vn -0.9493635892868042 0.17542925477027893 -0.26064035296440125
vn 0.24647223949432373 -0.9444740414619446 0.21730223298072815
vn 0.014933725818991661 -0.9997750520706177 0.015062020160257816
vn -0.057504843920469284 -0.9804698824882507 -0.1880744844675064
vn -0.1767909675836563 -0.959687352180481 -0.2185066044330597
vn -0.1931859701871872 -0.954463005065918 -0.22733142971992493
vn 0.18654802441596985 -0.9766639471054077 -0.10643012076616287
vn 0.16740764677524567 0.8678426146507263 0.4677862226963043
vn 0.06818844377994537 0.9468369483947754 0.3144043982028961
vn -0.15691904723644257 0.9823855757713318 0.10146457701921463
vn 0.3441036343574524 0.6780561804771423 0.6494863033294678
vn -0.46231237053871155 0.8640568852424622 0.19918091595172882
vn -0.44062042236328125 0.8611648678779602 0.2534734606742859
vn 0.8785672187805176 -0.2082281857728958 0.42983803153038025
vn 0.6934163570404053 -0.42617014050483704 0.5809929370880127
vn -0.9460169076919556 0.31173112988471985 -0.08874589204788208
vn -0.9105652570724487 -0.2878152132034302 -0.2967042624950409
vn 0.603266179561615 -0.665152907371521 0.44004732370376587
vn 0.48739680647850037 -0.7622201442718506 0.4259868562221527
vn -0.4826151430606842 -0.8150965571403503 -0.32046884298324585
vn 0.158635213971138 -0.9872311353683472 0.014477786608040333
vn 0.20775161683559418 -0.9760560393333435 -0.064451202750206
vn -0.195677250623703 -0.9532779455184937 -0.23015543818473816
vn -0.2684934735298157 0.9055892825126648 0.32835865020751953
vn 0.21217329800128937 0.7482248544692993 0.6286033391952515
vn 0.5847155451774597 0.3694371283054352 0.722235381603241
vn 0.7439383268356323 0.057392287999391556 0.6657792329788208
vn -0.5412327647209167 0.7986370325088501 0.263146311044693
vn -0.6756231784820557 0.7082016468048096 0.20489950478076935
vn -0.8515807390213013 0.5076701045036316 0.1306956559419632
vn 0.47658658027648926 -0.6671499609947205 0.572517454624176
vn -0.9997499585151672 0.020503556355834007 -0.008927733637392521
vn 0.5646430253982544 -0.5232401490211487 0.6382774710655212
vn -0.8114596009254456 -0.5636970400810242 -0.1542040854692459
vn -0.1533048301935196 -0.9399657249450684 -0.3048970103263855
vn 0.002836518222466111 -0.9903212189674377 -0.13876546919345856
vn -0.026113059371709824 0.8068397641181946 0.590192973613739
vn 0.11156918108463287 0.7649092078208923 0.634402334690094
vn -0.05462163686752319 0.8218262791633606 0.5671138167381287
vn -0.2842330038547516 0.8534345626831055 0.436876505613327
vn 0.47634994983673096 0.40959030389785767 0.778027355670929
vn 0.33564120531082153 0.6129294037818909 0.7153059840202332
vn 0.26239579916000366 0.7023404836654663 0.6617146134376526
vn -0.43209603428840637 0.8445906639099121 0.3161639869213104
vn 0.5715459585189819 0.1663428395986557 0.8035330772399902
vn 0.6015967130661011 -0.19492755830287933 0.7746513485908508
vn -0.5193006992340088 0.7677487134933472 0.37535127997398376
vn 0.47535404562950134 -0.577072262763977 0.6640979647636414
vn -0.6965405941009521 0.6626031994819641 0.2752965986728668
vn 0.6170875430107117 -0.5644971132278442 0.5482207536697388
vn 0.593585193157196 -0.6004505753517151 0.535831868648529
vn 0.8093840479850769 -0.45373767614364624 0.3728533089160919
vn -0.9661292433738708 0.187441885471344 0.17736952006816864
vn 0.6511391997337341 -0.6857691407203674 0.325174480676651
vn 0.34404927492141724 -0.9187182188034058 0.1938735693693161
vn 0.3128087520599365 -0.943085253238678 0.11287593096494675
vn -0.3314533233642578 -0.9196875691413879 -0.21050795912742615
vn 0.2239559292793274 -0.9718458652496338 0.07320774346590042
vn -0.12591086328029633 -0.9608656167984009 -0.24674636125564575
vn -0.08632540702819824 0.8370993733406067 0.5401968359947205
vn -0.3668307662010193 0.8342043161392212 0.41175052523612976
vn 0.6322712302207947 0.023328054696321487 0.7743958234786987
vn 0.48382964730262756 0.47871583700180054 0.732625424861908
vn 0.671990156173706 -0.41314032673835754 0.6146091222763062
vn -0.8558699488639832 0.39333808422088623 0.3358151316642761
vn 0.7865490317344666 -0.46307021379470825 0.40854203701019287
vn -0.9422320127487183 -0.3010255992412567 0.14690980315208435
vn 0.5066211223602295 -0.7312089204788208 0.456802636384964
vn -0.6016805171966553 -0.7963610887527466 0.061560217291116714
vn 0.002557674190029502 -0.9985133409500122 -0.054448164999485016
vn -0.147947758436203 -0.9886298775672913 0.02687756158411503
vn 0.10904262214899063 0.7152252793312073 0.6903350949287415
vn 0.2881098985671997 0.49418744444847107 0.8202264904975891
vn -0.2177271544933319 0.7972782254219055 0.5629763007164001
vn 0.6134446859359741 0.10050782561302185 0.783315896987915
vn 0.7523891925811768 -0.2023535817861557 0.6268680691719055
vn -0.6869785189628601 0.585731029510498 0.4300927221775055
vn -0.8208779692649841 0.106796033680439 0.5610294342041016
vn -0.9038671851158142 -0.2287578135728836 0.36151623725891113
vn 0.3451281487941742 -0.8704522848129272 0.3509978950023651
vn 0.2827162742614746 -0.9096466898918152 0.3043261766433716
vn -0.5586776733398438 -0.7959544062614441 0.23310056328773499
vn 0.10112264007329941 -0.984035313129425 0.1464541107416153
vn -0.046583764255046844 0.7060582041740417 0.7066199779510498
vn 0.42558878660202026 0.13113710284233093 0.8953642845153809
vn 0.036234550178050995 0.5298304557800293 0.8473291993141174
vn -0.2796090543270111 0.7053672671318054 0.6513645648956299
vn 0.535121500492096 -0.1296248883008957 0.834770917892456
vn 0.20190641283988953 0.32109495997428894 0.9252738952636719
vn 0.6276673674583435 -0.39939844608306885 0.6682175397872925
vn 0.3072006106376648 0.10027170926332474 0.9463474154472351
vn 0.1711077243089676 0.3694806694984436 0.913348913192749
vn -0.47520309686660767 0.5864972472190857 0.6558986902236938
vn 0.41803961992263794 -0.28878849744796753 0.8613037467002869
vn -0.6658569574356079 0.38660532236099243 0.6380994319915771
vn 0.3882657587528229 -0.6375156044960022 0.6654500365257263
vn -0.5940127372741699 0.10294132679700851 0.7978421449661255
vn -0.5343759059906006 -0.3961695432662964 0.7466539144515991
vn 0.2750663459300995 -0.7767334580421448 0.5665894746780396
vn -0.6811100840568542 -0.5171661972999573 0.518293559551239
vn 0.04137458652257919 -0.931059718132019 0.36251336336135864
vn -0.2788906395435333 -0.8615188598632812 0.4242703318595886
vn 0.38808131217956543 -0.026619166135787964 0.9212406873703003
vn -0.1982475221157074 0.5152258276939392 0.8338107466697693
vn 0.32809707522392273 -0.04461216926574707 0.943589985370636
vn -0.12491464614868164 0.3419763147830963 0.9313691854476929
vn -0.4490049183368683 0.3160790205001831 0.8357563614845276
vn -0.12554997205734253 -0.2678915560245514 0.955233633518219
vn 0.3395046293735504 -0.506106436252594 0.7928385734558105
vn -0.4300510883331299 -0.18488562107086182 0.8836703896522522
vn -0.08183738589286804 -0.7223139405250549 0.6867060661315918
f 1//1 2//2 3//3
f 1//1 4//4 5//5
f 1//1 5//5 2//2
f 2//2 5//5 6//6
f 3//3 2//2 6//6
f 3//3 6//6 7//7
f 8//8 5//5 4//4
f 6//6 5//5 9//9
f 9//9 5//5 8//8
f 10//10 7//7 6//6
f 11//11 6//6 9//9
f 10//10 6//6 11//11
f 12//12 1//1 13//13
f 1//1 3//3 13//13
f 4//4 12//12 14//14
f 15//15 4//4 14//14
f 1//1 12//12 4//4
f 3//3 7//7 16//16
f 17//17 4//4 15//15
f 4//4 17//17 8//8
f 18//18 19//19 7//7
f 10//10 18//18 7//7
f 8//8 17//17 20//20
f 8//8 21//21 9//9
f 20//20 21//21 8//8
f 21//21 11//11 9//9
f 22//22 13//13 23//23
f 23//23 13//13 24//24
f 12//12 22//22 14//14
f 13//13 22//22 12//12
f 3//3 24//24 13//13
f 25//25 24//24 3//3
f 25//25 3//3 16//16
f 25//25 16//16 26//26
f 26//26 16//16 27//27
f 28//28 15//15 29//29
f 15//15 14//14 29//29
f 16//16 19//19 27//27
f 7//7 19//19 16//16
f 15//15 30//30 17//17
f 28//28 30//30 15//15
f 19//19 18//18 31//31
f 17//17 32//32 33//33
f 17//17 30//30 32//32
f 17//17 33//33 20//20
f 10//10 11//11 34//34
f 35//35 31//31 18//18
f 35//35 18//18 34//34
f 35//35 34//34 36//36
f 34//34 18//18 10//10
f 20//20 33//33 37//37
f 20//20 38//38 21//21
f 37//37 38//38 20//20
f 21//21 39//39 11//11
f 38//38 39//39 21//21
f 11//11 39//39 34//34
f 39//39 40//40 34//34
f 40//40 36//36 34//34
f 41//41 39//39 38//38
f 40//40 39//39 41//41
f 22//22 42//42 43//43
f 14//14 22//22 43//43
f 22//22 23//23 42//42
f 29//29 14//14 43//43
f 28//28 44//44 30//30
f 19//19 31//31 27//27
f 27//27 31//31 45//45
f 30//30 44//44 32//32
f 45//45 31//31 35//35
f 35//35 36//36 45//45
f 37//37 33//33 46//46
f 47//47 46//46 48//48
f 47//47 38//38 46//46
f 38//38 37//37 46//46
f 38//38 47//47 41//41
f 49//49 40//40 41//41
f 36//36 40//40 50//50
f 50//50 40//40 49//49
f 41//41 47//47 51//51
f 29//29 52//52 53//53
f 52//52 29//29 43//43
f 26//26 27//27 54//54
f 29//29 53//53 28//28
f 53//53 55//55 28//28
f 28//28 55//55 44//44
f 27//27 45//45 56//56
f 33//33 32//32 57//57
f 46//46 33//33 57//57
f 58//58 45//45 36//36
f 58//58 36//36 50//50
f 47//47 48//48 51//51
f 49//49 41//41 51//51
f 42//42 59//59 43//43
f 23//23 60//60 42//42
f 42//42 60//60 59//59
f 24//24 61//61 23//23
f 23//23 61//61 60//60
f 25//25 62//62 24//24
f 24//24 62//62 61//61
f 62//62 25//25 26//26
f 54//54 62//62 26//26
f 54//54 27//27 56//56
f 55//55 63//63 44//44
f 57//57 32//32 44//44
f 57//57 44//44 63//63
f 64//64 48//48 46//46
f 50//50 65//65 66//66
f 49//49 65//65 50//50
f 66//66 58//58 50//50
f 51//51 48//48 67//67
f 49//49 51//51 68//68
f 51//51 67//67 68//68
f 68//68 65//65 49//49
f 52//52 59//59 69//69
f 52//52 43//43 59//59
f 70//70 60//60 61//61
f 71//71 62//62 54//54
f 52//52 69//69 53//53
f 54//54 56//56 71//71
f 53//53 72//72 55//55
f 69//69 72//72 53//53
f 71//71 56//56 73//73
f 55//55 74//74 63//63
f 72//72 74//74 55//55
f 75//75 57//57 63//63
f 76//76 56//56 45//45
f 76//76 73//73 56//56
f 45//45 58//58 76//76
f 66//66 76//76 58//58
f 57//57 75//75 64//64
f 46//46 57//57 64//64
f 65//65 77//77 66//66
f 48//48 64//64 78//78
f 48//48 78//78 79//79
f 48//48 79//79 67//67
f 80//80 68//68 67//67
f 68//68 80//80 65//65
f 65//65 80//80 77//77
f 81//81 70//70 61//61
f 59//59 82//82 69//69
f 60//60 83//83 59//59
f 62//62 81//81 61//61
f 62//62 71//71 81//81
f 69//69 84//84 85//85
f 72//72 69//69 85//85
f 73//73 86//86 71//71
f 72//72 85//85 74//74
f 85//85 87//87 74//74
f 88//88 89//89 76//76
f 89//89 73//73 76//76
f 88//88 66//66 90//90
f 76//76 66//66 88//88
f 90//90 91//91 88//88
f 90//90 66//66 77//77
f 80//80 67//67 92//92
f 67//67 79//79 92//92
f 80//80 92//92 77//77
f 83//83 60//60 70//70
f 83//83 70//70 93//93
f 70//70 81//81 93//93
f 59//59 83//83 82//82
f 81//81 94//94 95//95
f 81//81 71//71 94//94
f 94//94 71//71 86//86
f 82//82 84//84 69//69
f 86//86 73//73 96//96
f 73//73 89//89 96//96
f 87//87 97//97 74//74
f 74//74 97//97 63//63
f 98//98 75//75 63//63
f 91//91 89//89 88//88
f 75//75 98//98 99//99
f 64//64 75//75 99//99
f 64//64 99//99 100//100
f 64//64 100//100 78//78
f 78//78 100//100 101//101
f 79//79 78//78 101//101
f 102//102 79//79 101//101
f 102//102 92//92 79//79
f 77//77 92//92 103//103
f 77//77 103//103 104//104
f 77//77 104//104 90//90
f 92//92 102//102 105//105
f 103//103 92//92 105//105
f 83//83 93//93 106//106
f 93//93 81//81 95//95
f 83//83 106//106 82//82
f 82//82 106//106 107//107
f 86//86 108//108 94//94
f 84//84 109//109 110//110
f 85//85 84//84 110//110
f 107//107 84//84 82//82
f 109//109 84//84 107//107
f 85//85 110//110 87//87
f 110//110 111//111 87//87
f 87//87 111//111 97//97
f 112//112 113//113 96//96
f 89//89 91//91 114//114
f 89//89 114//114 112//112
f 89//89 112//112 96//96
f 91//91 90//90 114//114
f 114//114 90//90 115//115
f 103//103 116//116 104//104
f 115//115 90//90 104//104
f 117//117 106//106 93//93
f 93//93 118//118 117//117
f 118//118 93//93 95//95
f 119//119 118//118 95//95
f 95//95 120//120 119//119
f 94//94 120//120 95//95
f 121//121 94//94 108//108
f 86//86 96//96 113//113
f 86//86 113//113 108//108
f 108//108 113//113 121//121
f 113//113 112//112 122//122
f 114//114 123//123 112//112
f 123//123 122//122 112//112
f 63//63 97//97 124//124
f 124//124 98//98 63//63
f 114//114 115//115 123//123
f 98//98 124//124 99//99
f 125//125 101//101 100//100
f 102//102 101//101 125//125
f 105//105 102//102 126//126
f 102//102 125//125 126//126
f 105//105 116//116 103//103
f 107//107 106//106 127//127
f 120//120 94//94 121//121
f 109//109 128//128 110//110
f 107//107 127//127 109//109
f 129//129 113//113 122//122
f 129//129 121//121 113//113
f 130//130 129//129 122//122
f 131//131 130//130 122//122
f 122//122 123//123 131//131
f 131//131 115//115 132//132
f 131//131 123//123 115//115
f 99//99 133//133 134//134
f 100//100 99//99 134//134
f 134//134 125//125 100//100
f 104//104 135//135 136//136
f 116//116 135//135 104//104
f 137//137 115//115 104//104
f 136//136 137//137 104//104
f 105//105 126//126 135//135
f 135//135 116//116 105//105
f 106//106 117//117 138//138
f 106//106 138//138 127//127
f 127//127 138//138 139//139
f 140//140 121//121 129//129
f 110//110 128//128 141//141
f 129//129 130//130 140//140
f 110//110 141//141 111//111
f 141//141 142//142 111//111
f 130//130 131//131 143//143
f 111//111 142//142 97//97
f 97//97 142//142 144//144
f 124//124 97//97 144//144
f 115//115 137//137 132//132
f 143//143 131//131 132//132
f 124//124 144//144 133//133
f 99//99 124//124 133//133
f 135//135 145//145 136//136
f 146//146 137//137 136//136
f 117//117 147//147 138//138
f 117//117 118//118 147//147
f 120//120 148//148 119//119
f 121//121 148//148 120//120
f 109//109 127//127 149//149
f 149//149 127//127 139//139
f 121//121 140//140 148//148
f 128//128 150//150 141//141
f 149//149 128//128 109//109
f 150//150 128//128 149//149
f 151//151 140//140 130//130
f 130//130 143//143 151//151
f 142//142 152//152 144//144
f 137//137 153//153 132//132
f 137//137 146//146 153//153
f 134//134 133//133 154//154
f 134//134 154//154 155//155
f 125//125 156//156 126//126
f 125//125 134//134 156//156
f 134//134 155//155 156//156
f 156//156 157//157 126//126
f 157//157 145//145 135//135
f 135//135 126//126 157//157
f 158//158 138//138 147//147
f 118//118 159//159 147//147
f 118//118 119//119 159//159
f 138//138 158//158 139//139
f 140//140 160//160 148//148
f 151//151 160//160 140//140
f 141//141 161//161 142//142
f 161//161 141//141 150//150
f 161//161 152//152 142//142
f 162//162 151//151 143//143
f 152//152 163//163 144//144
f 164//164 162//162 153//153
f 132//132 153//153 143//143
f 143//143 153//153 162//162
f 144//144 163//163 165//165
f 133//133 144//144 165//165
f 154//154 133//133 165//165
f 164//164 153//153 146//146
f 157//157 156//156 166//166
f 145//145 157//157 167//167
f 157//157 166//166 167//167
f 136//136 145//145 168//168
f 145//145 167//167 168//168
f 168//168 146//146 136//136
f 169//169 159//159 170//170
f 159//159 169//169 147//147
f 159//159 171//171 170//170
f 159//159 119//119 171//171
f 171//171 119//119 148//148
f 172//172 171//171 148//148
f 173//173 139//139 158//158
f 148//148 160//160 172//172
f 173//173 149//149 139//139
f 174//174 149//149 173//173
f 149//149 174//174 150//150
f 160//160 151//151 175//175
f 150//150 176//176 161//161
f 175//175 151//151 177//177
f 161//161 176//176 152//152
f 176//176 163//163 152//152
f 151//151 162//162 177//177
f 177//177 162//162 178//178
f 164//164 178//178 162//162
f 154//154 165//165 179//179
f 179//179 180//180 154//154
f 164//164 168//168 178//178
f 164//164 146//146 168//168
f 154//154 180//180 155//155
f 156//156 155//155 166//166
f 147//147 169//169 158//158
f 181//181 171//171 172//172
f 181//181 172//172 182//182
f 174//174 183//183 184//184
f 183//183 174//174 173//173
f 175//175 172//172 160//160
f 175//175 182//182 172//172
f 174//174 184//184 150//150
f 184//184 176//176 150//150
f 185//185 182//182 175//175
f 177//177 185//185 175//175
f 186//186 185//185 177//177
f 187//187 163//163 188//188
f 188//188 163//163 176//176
f 177//177 178//178 186//186
f 187//187 179//179 163//163
f 187//187 180//180 179//179
f 186//186 178//178 189//189
f 163//163 179//179 165//165
f 180//180 190//190 191//191
f 191//191 192//192 193//193
f 190//190 192//192 191//191
f 189//189 193//193 192//192
f 178//178 168//168 193//193
f 178//178 193//193 189//189
f 191//191 155//155 180//180
f 166//166 155//155 191//191
f 193//193 166//166 191//191
f 167//167 166//166 193//193
f 168//168 167//167 193//193
f 194//194 195//195 196//196
f 194//194 170//170 197//197
f 195//195 194//194 197//197
f 170//170 198//198 199//199
f 197//197 170//170 199//199
f 199//199 198//198 200//200
f 194//194 196//196 201//201
f 194//194 201//201 158//158
f 194//194 158//158 169//169
f 170//170 194//194 169//169
f 181//181 200//200 198//198
f 201//201 202//202 173//173
f 201//201 173//173 158//158
f 170//170 171//171 198//198
f 198//198 171//171 181//181
f 173//173 202//202 183//183
f 181//181 182//182 203//203
f 184//184 204//204 176//176
f 205//205 188//188 204//204
f 204//204 188//188 176//176
f 206//206 207//207 186//186
f 186//186 207//207 185//185
f 188//188 205//205 187//187
f 187//187 205//205 208//208
f 209//209 210//210 211//211
f 209//209 206//206 210//210
f 186//186 189//189 206//206
f 180//180 187//187 208//208
f 180//180 208//208 190//190
f 190//190 208//208 212//212
f 211//211 192//192 212//212
f 192//192 190//190 212//212
f 210//210 192//192 211//211
f 189//189 210//210 206//206
f 189//189 192//192 210//210
f 195//195 197//197 213//213
f 213//213 197//197 199//199
f 196//196 214//214 201//201
f 215//215 181//181 203//203
f 200//200 181//181 215//215
f 203//203 216//216 215//215
f 183//183 202//202 217//217
f 217//217 218//218 183//183
f 216//216 203//203 219//219
f 203//203 182//182 219//219
f 218//218 184//184 183//183
f 204//204 184//184 218//218
f 182//182 185//185 219//219
f 219//219 185//185 220//220
f 221//221 205//205 204//204
f 221//221 222//222 205//205
f 209//209 223//223 224//224
f 209//209 224//224 220//220
f 209//209 220//220 207//207
f 207//207 220//220 185//185
f 222//222 208//208 205//205
f 208//208 225//225 212//212
f 208//208 222//222 225//225
f 212//212 225//225 226//226
f 209//209 226//226 223//223
f 207//207 206//206 209//209
f 226//226 211//211 212//212
f 209//209 211//211 226//226
f 199//199 227//227 213//213
f 217//217 228//228 218//218
f 219//219 229//229 230//230
f 230//230 216//216 219//219
f 204//204 218//218 221//221
f 219//219 220//220 229//229
f 229//229 220//220 231//231
f 225//225 222//222 232//232
f 225//225 233//233 223//223
f 232//232 233//233 225//225
f 233//233 234//234 223//223
f 223//223 234//234 224//224
f 234//234 235//235 224//224
f 231//231 220//220 224//224
f 235//235 231//231 224//224
f 226//226 225//225 223//223
f 227//227 236//236 237//237
f 236//236 227//227 238//238
f 239//239 238//238 227//227
f 214//214 240//240 241//241
f 242//242 240//240 214//214
f 242//242 214//214 196//196
f 242//242 196//196 195//195
f 213//213 242//242 195//195
f 237//237 242//242 213//213
f 227//227 237//237 213//213
f 227//227 199//199 239//239
f 239//239 199//199 200//200
f 243//243 239//239 200//200
f 214//214 241//241 201//201
f 200//200 215//215 243//243
f 243//243 215//215 244//244
f 202//202 241//241 217//217
f 217//217 241//241 245//245
f 201//201 241//241 202//202
f 215//215 216//216 244//244
f 244//244 216//216 246//246
f 228//228 217//217 245//245
f 216//216 230//230 246//246
f 247//247 228//228 245//245
f 247//247 248//248 228//228
f 248//248 218//218 228//228
f 249//249 222//222 221//221
f 249//249 221//221 248//248
f 248//248 221//221 218//218
f 249//249 250//250 222//222
f 222//222 250//250 251//251
f 222//222 251//251 232//232
f 232//232 251//251 233//233
f 233//233 251//251 234//234
f 252//252 253//253 240//240
f 252//252 240//240 242//242
f 236//236 252//252 242//242
f 237//237 236//236 242//242
f 238//238 239//239 243//243
f 240//240 253//253 241//241
f 254//254 241//241 253//253
f 255//255 256//256 244//244
f 256//256 243//243 244//244
f 241//241 254//254 245//245
f 247//247 245//245 254//254
f 246//246 230//230 257//257
f 258//258 248//248 247//247
f 248//248 258//258 259//259
f 249//249 248//248 259//259
f 249//249 259//259 250//250
f 229//229 260//260 261//261
f 231//231 260//260 229//229
f 262//262 230//230 229//229
f 261//261 262//262 229//229
f 234//234 251//251 263//263
f 235//235 234//234 260//260
f 234//234 263//263 260//260
f 260//260 231//231 235//235
f 236//236 264//264 252//252
f 238//238 265//265 236//236
f 236//236 265//265 264//264
f 266//266 265//265 238//238
f 267//267 253//253 252//252
f 268//268 253//253 267//267
f 238//238 243//243 266//266
f 266//266 243//243 256//256
f 269//269 254//254 253//253
f 255//255 244//244 270//270
f 244//244 246//246 270//270
f 270//270 246//246 257//257
f 247//247 254//254 271//271
f 254//254 272//272 271//271
f 230//230 262//262 257//257
f 247//247 271//271 258//258
f 250//250 259//259 273//273
f 250//250 273//273 251//251
f 251//251 273//273 274//274
f 251//251 274//274 263//263
f 275//275 276//276 277//277
f 278//278 275//275 277//277
f 279//279 276//276 280//280
f 280//280 276//276 275//275
f 281//281 279//279 282//282
f 282//282 279//279 280//280
f 275//275 278//278 283//283
f 280//280 275//275 284//284
f 281//281 282//282 285//285
f 286//286 287//287 281//281
f 285//285 286//286 281//281
f 288//288 283//283 289//289
f 283//283 288//288 275//275
f 275//275 288//288 290//290
f 284//284 275//275 290//290
f 280//280 284//284 291//291
f 282//282 280//280 285//285
f 285//285 280//280 291//291
f 292//292 288//288 289//289
f 290//290 288//288 292//292
f 284//284 290//290 291//291
f 285//285 291//291 293//293
f 293//293 286//286 285//285
f 267//267 294//294 268//268
f 252//252 295//295 267//267
f 267//267 295//295 294//294
f 289//289 264//264 292//292
f 289//289 295//295 264//264
f 295//295 252//252 264//264
f 265//265 292//292 264//264
f 290//290 292//292 265//265
f 266//266 290//290 265//265
f 266//266 296//296 290//290
f 296//296 291//291 290//290
f 293//293 291//291 296//296
f 297//297 298//298 293//293
f 286//286 293//293 298//298
f 296//296 256//256 255//255
f 266//266 256//256 296//296
f 293//293 296//296 299//299
f 299//299 296//296 255//255
f 299//299 297//297 293//293
f 253//253 268//268 269//269
f 300//300 297//297 299//299
f 255//255 300//300 299//299
f 254//254 269//269 272//272
f 255//255 270//270 300//300
f 272//272 301//301 271//271
f 271//271 301//301 258//258
f 258//258 301//301 302//302
f 259//259 258//258 302//302
f 302//302 273//273 259//259
f 260//260 303//303 261//261
f 303//303 262//262 261//261
f 263//263 274//274 304//304
f 260//260 263//263 305//305
f 263//263 304//304 305//305
f 305//305 303//303 260//260
f 306//306 307//307 308//308
f 309//309 306//306 308//308
f 277//277 310//310 311//311
f 312//312 277//277 276//276
f 279//279 312//312 276//276
f 307//307 312//312 279//279
f 281//281 307//307 279//279
f 281//281 308//308 307//307
f 309//309 308//308 313//313
f 313//313 314//314 309//309
f 278//278 277//277 311//311
f 287//287 308//308 281//281
f 287//287 313//313 308//308
f 287//287 315//315 313//313
f 278//278 311//311 283//283
f 283//283 311//311 316//316
f 287//287 317//317 315//315
f 287//287 286//286 317//317
f 283//283 316//316 318//318
f 289//289 283//283 318//318
f 286//286 319//319 317//317
f 318//318 295//295 289//289
f 294//294 295//295 318//318
f 319//319 286//286 298//298
f 319//319 298//298 320//320
f 298//298 297//297 320//320
f 268//268 321//321 269//269
f 321//321 322//322 269//269
f 297//297 300//300 320//320
f 320//320 300//300 323//323
f 272//272 269//269 322//322
f 300//300 270//270 323//323
f 323//323 270//270 257//257
f 262//262 324//324 257//257
f 301//301 325//325 302//302
f 262//262 303//303 324//324
f 325//325 326//326 302//302
f 302//302 326//326 327//327
f 273//273 302//302 327//327
f 274//274 273//273 327//327
f 274//274 327//327 304//304
f 328//328 329//329 330//330
f 329//329 328//328 331//331
f 331//331 328//328 332//332
f 333//333 331//331 332//332
f 334//334 333//333 306//306
f 306//306 333//333 332//332
f 310//310 330//330 335//335
f 336//336 310//310 335//335
f 328//328 330//330 310//310
f 306//306 332//332 307//307
f 328//328 310//310 277//277
f 312//312 328//328 277//277
f 332//332 328//328 312//312
f 307//307 332//332 312//312
f 309//309 314//314 334//334
f 309//309 334//334 306//306
f 311//311 336//336 337//337
f 311//311 310//310 336//336
f 338//338 314//314 315//315
f 314//314 313//313 315//315
f 311//311 337//337 316//316
f 315//315 317//317 339//339
f 340//340 316//316 341//341
f 316//316 294//294 318//318
f 317//317 319//319 339//339
f 339//339 319//319 342//342
f 268//268 294//294 343//343
f 294//294 344//344 343//343
f 345//345 342//342 320//320
f 342//342 319//319 320//320
f 268//268 343//343 321//321
f 346//346 345//345 320//320
f 321//321 347//347 322//322
f 320//320 323//323 346//346
f 346//346 323//323 348//348
f 322//322 349//349 272//272
f 257//257 348//348 323//323
f 349//349 350//350 301//301
f 272//272 349//349 301//301
f 348//348 257//257 324//324
f 351//351 348//348 324//324
f 350//350 325//325 301//301
f 352//352 324//324 303//303
f 352//352 303//303 353//353
f 326//326 354//354 327//327
f 304//304 327//327 355//355
f 327//327 354//354 355//355
f 353//353 305//305 355//355
f 355//355 305//305 304//304
f 303//303 305//305 353//353
f 356//356 357//357 358//358
f 358//358 357//357 359//359
f 329//329 356//356 360//360
f 357//357 356//356 329//329
f 359//359 357//357 361//361
f 359//359 361//361 362//362
f 357//357 329//329 331//331
f 361//361 357//357 331//331
f 335//335 360//360 363//363
f 364//364 335//335 363//363
f 329//329 335//335 330//330
f 329//329 360//360 335//335
f 333//333 361//361 331//331
f 333//333 362//362 361//361
f 365//365 366//366 362//362
f 335//335 364//364 367//367
f 333//333 334//334 362//362
f 334//334 368//368 365//365
f 334//334 365//365 362//362
f 365//365 368//368 369//369
f 370//370 336//336 367//367
f 336//336 335//335 367//367
f 370//370 337//337 336//336
f 334//334 314//314 368//368
f 368//368 314//314 338//338
f 368//368 338//338 369//369
f 369//369 338//338 371//371
f 338//338 372//372 371//371
f 315//315 372//372 338//338
f 337//337 373//373 316//316
f 315//315 339//339 372//372
f 372//372 339//339 374//374
f 316//316 373//373 341//341
f 316//316 340//340 294//294
f 339//339 342//342 374//374
f 340//340 344//344 294//294
f 345//345 375//375 376//376
f 345//345 346//346 375//375
f 346//346 348//348 375//375
f 347//347 377//377 322//322
f 322//322 377//377 349//349
f 377//377 378//378 349//349
f 378//378 379//379 350//350
f 378//378 350//350 349//349
f 378//378 380//380 379//379
f 324//324 352//352 351//351
f 379//379 326//326 325//325
f 350//350 379//379 325//325
f 380//380 381//381 379//379
f 381//381 326//326 379//379
f 380//380 382//382 381//381
f 352//352 353//353 383//383
f 354//354 326//326 381//381
f 384//384 381//381 382//382
f 384//384 355//355 381//381
f 355//355 354//354 381//381
f 355//355 384//384 353//353
f 356//356 385//385 360//360
f 358//358 359//359 386//386
f 385//385 387//387 360//360
f 360//360 387//387 363//363
f 362//362 366//366 388//388
f 363//363 389//389 364//364
f 366//366 365//365 390//390
f 364//364 389//389 367//367
f 389//389 391//391 367//367
f 365//365 392//392 390//390
f 392//392 365//365 369//369
f 370//370 367//367 337//337
f 367//367 393//393 337//337
f 371//371 394//394 395//395
f 371//371 395//395 369//369
f 337//337 393//393 373//373
f 371//371 372//372 394//394
f 396//396 373//373 393//393
f 372//372 374//374 394//394
f 394//394 374//374 397//397
f 373//373 398//398 341//341
f 374//374 399//399 397//397
f 341//341 398//398 340//340
f 398//398 400//400 340//340
f 342//342 399//399 374//374
f 344//344 401//401 343//343
f 343//343 401//401 402//402
f 400//400 344//344 340//340
f 401//401 344//344 400//400
f 342//342 376//376 399//399
f 342//342 345//345 376//376
f 321//321 343//343 403//403
f 403//403 343//343 402//402
f 321//321 403//403 347//347
f 403//403 404//404 347//347
f 375//375 348//348 405//405
f 377//377 406//406 378//378
f 377//377 347//347 406//406
f 347//347 404//404 406//406
f 348//348 351//351 405//405
f 382//382 407//407 384//384
f 384//384 383//383 353//353
f 384//384 407//407 383//383
f 351//351 352//352 383//383
f 408//408 409//409 410//410
f 385//385 411//411 412//412
f 410//410 385//385 356//356
f 358//358 410//410 356//356
f 408//408 410//410 358//358
f 408//408 358//358 386//386
f 408//408 386//386 413//413
f 413//413 386//386 414//414
f 385//385 412//412 387//387
f 387//387 412//412 415//415
f 359//359 414//414 386//386
f 414//414 359//359 362//362
f 388//388 414//414 362//362
f 387//387 415//415 363//363
f 415//415 389//389 363//363
f 388//388 366//366 416//416
f 366//366 390//390 416//416
f 416//416 390//390 417//417
f 392//392 395//395 390//390
f 395//395 417//417 390//390
f 391//391 393//393 367//367
f 392//392 369//369 395//395
f 395//395 394//394 418//418
f 418//418 394//394 419//419
f 393//393 420//420 396//396
f 420//420 421//421 396//396
f 397//397 419//419 394//394
f 396//396 398//398 373//373
f 396//396 421//421 398//398
f 397//397 422//422 419//419
f 423//423 398//398 421//421
f 399//399 422//422 397//397
f 398//398 423//423 400//400
f 422//422 424//424 425//425
f 400//400 426//426 401//401
f 400//400 423//423 426//426
f 376//376 424//424 422//422
f 399//399 376//376 422//422
f 402//402 427//427 403//403
f 401//401 427//427 402//402
f 376//376 375//375 424//424
f 424//424 375//375 428//428
f 429//429 404//404 403//403
f 405//405 428//428 375//375
f 429//429 430//430 406//406
f 404//404 429//429 406//406
f 430//430 429//429 431//431
f 405//405 432//432 428//428
f 430//430 380//380 378//378
f 406//406 430//430 378//378
f 433//433 430//430 431//431
f 433//433 434//434 430//430
f 434//434 380//380 430//430
f 433//433 435//435 434//434
f 436//436 437//437 432//432
f 351//351 432//432 405//405
f 434//434 382//382 380//380
f 435//435 407//407 434//434
f 407//407 382//382 434//434
f 435//435 436//436 407//407
f 436//436 383//383 407//407
f 351//351 383//383 432//432
f 432//432 383//383 436//436
f 438//438 439//439 440//440
f 441//441 442//442 443//443
f 438//438 442//442 441//441
f 438//438 441//441 444//444
f 439//439 438//438 444//444
f 445//445 441//441 443//443
f 444//444 441//441 445//445
f 439//439 444//444 446//446
f 447//447 439//439 446//446
f 448//448 445//445 443//443
f 444//444 445//445 449//449
f 446//446 444//444 449//449
f 450//450 451//451 447//447
f 450//450 447//447 446//446
f 445//445 448//448 452//452
f 452//452 453//453 445//445
f 445//445 453//453 449//449
f 446//446 449//449 454//454
f 454//454 449//449 453//453
f 450//450 446//446 455//455
f 455//455 446//446 454//454
f 450//450 455//455 456//456
f 457//457 453//453 452//452
f 458//458 453//453 457//457
f 454//454 453//453 409//409
f 409//409 453//453 458//458
f 455//455 454//454 459//459
f 459//459 454//454 409//409
f 459//459 456//456 455//455
f 411//411 458//458 457//457
f 409//409 458//458 410//410
f 408//408 459//459 409//409
f 413//413 456//456 459//459
f 410//410 411//411 385//385
f 458//458 411//411 410//410
f 459//459 408//408 413//413
f 460//460 414//414 388//388
f 460//460 388//388 461//461
f 388//388 416//416 461//461
f 461//461 416//416 462//462
f 415//415 463//463 389//389
f 417//417 462//462 416//416
f 389//389 463//463 391//391
f 417//417 395//395 464//464
f 391//391 463//463 393//393
f 463//463 465//465 393//393
f 395//395 418//418 466//466
f 464//464 395//395 466//466
f 465//465 467//467 393//393
f 466//466 468//468 469//469
f 466//466 418//418 468//468
f 470//470 471//471 420//420
f 470//470 420//420 467//467
f 467//467 420//420 393//393
f 469//469 472//472 473//473
f 468//468 472//472 469//469
f 418//418 419//419 468//468
f 471//471 474//474 421//421
f 420//420 471//471 421//421
f 475//475 474//474 471//471
f 473//473 475//475 471//471
f 473//473 476//476 475//475
f 472//472 476//476 473//473
f 419//419 472//472 468//468
f 475//475 477//477 474//474
f 476//476 477//477 475//475
f 419//419 422//422 472//472
f 421//421 474//474 423//423
f 425//425 476//476 472//472
f 422//422 425//425 472//472
f 477//477 478//478 423//423
f 474//474 477//477 423//423
f 425//425 424//424 478//478
f 425//425 478//478 476//476
f 476//476 478//478 477//477
f 426//426 479//479 401//401
f 426//426 423//423 480//480
f 479//479 426//426 480//480
f 423//423 478//478 480//480
f 480//480 478//478 481//481
f 478//478 424//424 481//481
f 427//427 482//482 403//403
f 482//482 427//427 479//479
f 427//427 401//401 479//479
f 480//480 483//483 479//479
f 481//481 483//483 480//480
f 424//424 428//428 481//481
f 482//482 431//431 429//429
f 403//403 482//482 429//429
f 479//479 484//484 482//482
f 484//484 431//431 482//482
f 483//483 485//485 479//479
f 485//485 484//484 479//479
f 486//486 485//485 483//483
f 428//428 486//486 481//481
f 481//481 486//486 483//483
f 484//484 433//433 431//431
f 486//486 437//437 485//485
f 428//428 432//432 437//437
f 486//486 428//428 437//437
f 435//435 433//433 484//484
f 436//436 435//435 485//485
f 485//485 435//435 484//484
f 437//437 436//436 485//485
f 487//487 488//488 489//489
f 438//438 489//489 488//488
f 440//440 489//489 438//438
f 443//443 442//442 490//490
f 438//438 488//488 442//442
f 490//490 448//448 443//443
f 439//439 447//447 491//491
f 492//492 452//452 448//448
f 452//452 492//492 457//457
f 492//492 493//493 457//457
f 494//494 450//450 495//495
f 450//450 456//456 495//495
f 496//496 495//495 456//456
f 495//495 496//496 497//497
f 457//457 493//493 411//411
f 493//493 498//498 411//411
f 456//456 413//413 496//496
f 411//411 498//498 412//412
f 498//498 499//499 412//412
f 496//496 414//414 460//460
f 413//413 414//414 496//496
f 460//460 500//500 496//496
f 412//412 499//499 415//415
f 499//499 501//501 415//415
f 460//460 461//461 500//500
f 415//415 501//501 463//463
f 417//417 464//464 462//462
f 462//462 464//464 502//502
f 501//501 465//465 463//463
f 466//466 502//502 464//464
f 503//503 502//502 504//504
f 466//466 469//469 504//504
f 502//502 466//466 504//504
f 465//465 505//505 467//467
f 506//506 507//507 508//508
f 503//503 506//506 508//508
f 504//504 506//506 503//503
f 504//504 473//473 506//506
f 504//504 469//469 473//473
f 467//467 505//505 470//470
f 471//471 470//470 509//509
f 506//506 509//509 507//507
f 506//506 473//473 509//509
f 473//473 471//471 509//509
f 488//488 487//487 510//510
f 440//440 511//511 512//512
f 440//440 512//512 489//489
f 511//511 513//513 512//512
f 514//514 442//442 510//510
f 442//442 488//488 510//510
f 440//440 439//439 511//511
f 491//491 511//511 439//439
f 491//491 513//513 511//511
f 515//515 513//513 491//491
f 516//516 490//490 514//514
f 514//514 490//490 442//442
f 517//517 515//515 491//491
f 490//490 516//516 448//448
f 451//451 491//491 447//447
f 451//451 518//518 491//491
f 491//491 518//518 517//517
f 519//519 448//448 516//516
f 519//519 520//520 448//448
f 451//451 521//521 518//518
f 520//520 492//492 448//448
f 521//521 450//450 494//494
f 451//451 450//450 521//521
f 517//517 518//518 522//522
f 492//492 523//523 493//493
f 518//518 521//521 524//524
f 524//524 521//521 494//494
f 524//524 522//522 518//518
f 523//523 525//525 493//493
f 497//497 494//494 495//495
f 497//497 526//526 494//494
f 526//526 524//524 494//494
f 499//499 525//525 527//527
f 499//499 498//498 525//525
f 498//498 493//493 525//525
f 496//496 500//500 497//497
f 497//497 500//500 528//528
f 529//529 499//499 527//527
f 499//499 529//529 501//501
f 500//500 461//461 528//528
f 461//461 462//462 530//530
f 529//529 531//531 501//501
f 530//530 462//462 502//502
f 501//501 532//532 465//465
f 531//531 532//532 501//501
f 465//465 533//533 505//505
f 532//532 533//533 465//465
f 470//470 505//505 534//534
f 509//509 470//470 535//535
f 470//470 534//534 535//535
f 535//535 507//507 509//509
f 536//536 487//487 537//537
f 537//537 487//487 538//538
f 539//539 512//512 540//540
f 510//510 541//541 542//542
f 536//536 541//541 510//510
f 536//536 510//510 487//487
f 538//538 487//487 489//489
f 512//512 538//538 489//489
f 539//539 538//538 512//512
f 513//513 540//540 512//512
f 543//543 540//540 513//513
f 540//540 543//543 544//544
f 514//514 510//510 542//542
f 514//514 542//542 545//545
f 515//515 543//543 513//513
f 514//514 545//545 516//516
f 545//545 546//546 516//516
f 543//543 515//515 547//547
f 547//547 515//515 548//548
f 546//546 519//519 516//516
f 515//515 517//517 548//548
f 547//547 544//544 543//543
f 547//547 548//548 549//549
f 550//550 547//547 549//549
f 551//551 492//492 520//520
f 551//551 552//552 492//492
f 548//548 517//517 553//553
f 549//549 548//548 553//553
f 492//492 552//552 523//523
f 552//552 554//554 523//523
f 522//522 553//553 517//517
f 550//550 549//549 555//555
f 523//523 554//554 525//525
f 553//553 522//522 524//524
f 549//549 553//553 556//556
f 555//555 549//549 556//556
f 556//556 557//557 555//555
f 527//527 525//525 558//558
f 525//525 554//554 558//558
f 526//526 497//497 559//559
f 526//526 559//559 524//524
f 553//553 524//524 560//560
f 556//556 553//553 560//560
f 561//561 527//527 558//558
f 559//559 528//528 562//562
f 497//497 528//528 559//559
f 559//559 560//560 524//524
f 563//563 556//556 560//560
f 564//564 560//560 559//559
f 564//564 559//559 562//562
f 561//561 565//565 529//529
f 527//527 561//561 529//529
f 565//565 561//561 566//566
f 562//562 567//567 568//568
f 562//562 528//528 567//567
f 528//528 461//461 567//567
f 564//564 562//562 568//568
f 569//569 565//565 566//566
f 461//461 530//530 567//567
f 567//567 530//530 570//570
f 529//529 565//565 531//531
f 565//565 571//571 572//572
f 565//565 572//572 531//531
f 531//531 572//572 532//532
f 569//569 571//571 565//565
f 530//530 502//502 570//570
f 570//570 502//502 573//573
f 503//503 573//573 502//502
f 572//572 574//574 532//532
f 508//508 575//575 573//573
f 573//573 503//503 508//508
f 576//576 534//534 533//533
f 576//576 533//533 574//574
f 574//574 533//533 532//532
f 534//534 576//576 535//535
f 576//576 577//577 535//535
f 508//508 577//577 575//575
f 508//508 507//507 577//577
f 533//533 534//534 505//505
f 507//507 535//535 577//577
f 578//578 538//538 579//579
f 579//579 539//539 580//580
f 538//538 578//578 537//537
f 539//539 579//579 538//538
f 539//539 540//540 580//580
f 540//540 581//581 580//580
f 581//581 540//540 582//582
f 540//540 544//544 582//582
f 582//582 544//544 583//583
f 544//544 547//547 584//584
f 547//547 585//585 584//584
f 550//550 586//586 585//585
f 550//550 585//585 547//547
f 585//585 586//586 587//587
f 588//588 554//554 552//552
f 550//550 555//555 586//586
f 586//586 557//557 589//589
f 555//555 557//557 586//586
f 590//590 558//558 554//554
f 557//557 556//556 591//591
f 557//557 591//591 589//589
f 558//558 590//590 561//561
f 560//560 564//564 563//563
f 563//563 591//591 556//556
f 592//592 589//589 591//591
f 563//563 564//564 591//591
f 591//591 564//564 593//593
f 561//561 590//590 566//566
f 566//566 590//590 594//594
f 564//564 568//568 593//593
f 591//591 593//593 595//595
f 592//592 591//591 595//595
f 569//569 566//566 594//594
f 568//568 596//596 597//597
f 568//568 567//567 596//596
f 567//567 570//570 596//596
f 598//598 569//569 594//594
f 599//599 596//596 570//570
f 569//569 598//598 571//571
f 600//600 599//599 573//573
f 573//573 599//599 570//570
f 571//571 574//574 572//572
f 574//574 571//571 601//601
f 600//600 575//575 602//602
f 600//600 573//573 575//575
f 601//601 603//603 574//574
f 603//603 576//576 574//574
f 602//602 603//603 601//601
f 602//602 575//575 603//603
f 577//577 576//576 603//603
f 575//575 577//577 603//603
f 604//604 578//578 579//579
f 604//604 579//579 605//605
f 579//579 580//580 605//605
f 536//536 606//606 607//607
f 541//541 536//536 607//607
f 606//606 536//536 537//537
f 541//541 607//607 608//608
f 542//542 541//541 608//608
f 542//542 608//608 545//545
f 608//608 546//546 545//545
f 609//609 519//519 546//546
f 544//544 584//584 583//583
f 584//584 585//585 610//610
f 520//520 519//519 611//611
f 611//611 551//551 520//520
f 551//551 611//611 552//552
f 611//611 588//588 552//552
f 586//586 589//589 612//612
f 612//612 589//589 613//613
f 554//554 588//588 590//590
f 588//588 614//614 590//590
f 588//588 615//615 614//614
f 589//589 616//616 613//613
f 589//589 592//592 616//616
f 613//613 616//616 617//617
f 592//592 618//618 616//616
f 590//590 614//614 594//594
f 614//614 619//619 594//594
f 593//593 568//568 620//620
f 593//593 620//620 595//595
f 621//621 595//595 620//620
f 592//592 595//595 622//622
f 595//595 621//621 622//622
f 618//618 592//592 622//622
f 623//623 624//624 594//594
f 623//623 594//594 619//619
f 624//624 623//623 625//625
f 623//623 626//626 625//625
f 625//625 597//597 596//596
f 625//625 626//626 597//597
f 620//620 568//568 597//597
f 620//620 597//597 626//626
f 594//594 624//624 598//598
f 625//625 627//627 624//624
f 627//627 598//598 624//624
f 599//599 627//627 625//625
f 596//596 599//599 625//625
f 571//571 598//598 601//601
f 601//601 598//598 602//602
f 600//600 602//602 627//627
f 627//627 602//602 598//598
f 599//599 600//600 627//627
f 628//628 629//629 630//630
f 628//628 630//630 604//604
f 631//631 628//628 605//605
f 605//605 628//628 604//604
f 632//632 631//631 605//605
f 629//629 633//633 630//630
f 634//634 631//631 632//632
f 633//633 606//606 537//537
f 578//578 633//633 537//537
f 630//630 633//633 578//578
f 604//604 630//630 578//578
f 632//632 605//605 580//580
f 580//580 635//635 632//632
f 635//635 634//634 632//632
f 607//607 606//606 636//636
f 580//580 581//581 635//635
f 582//582 637//637 635//635
f 581//581 582//582 635//635
f 607//607 638//638 608//608
f 638//638 607//607 636//636
f 583//583 637//637 582//582
f 639//639 637//637 640//640
f 640//640 637//637 583//583
f 610//610 640//640 583//583
f 584//584 610//610 583//583
f 609//609 611//611 519//519
f 641//641 587//587 642//642
f 585//585 587//587 641//641
f 611//611 643//643 588//588
f 642//642 586//586 612//612
f 587//587 586//586 642//642
f 588//588 643//643 615//615
f 612//612 613//613 644//644
f 615//615 645//645 614//614
f 646//646 613//613 617//617
f 645//645 619//619 614//614
f 616//616 618//618 617//617
f 647//647 622//622 621//621
f 618//618 622//622 648//648
f 648//648 617//617 618//618
f 619//619 649//649 623//623
f 649//649 650//650 623//623
f 626//626 623//623 651//651
f 623//623 650//650 651//651
f 620//620 626//626 652//652
f 653//653 620//620 652//652
f 621//621 620//620 653//653
f 621//621 653//653 647//647
f 628//628 654//654 655//655
f 656//656 628//628 655//655
f 657//657 658//658 659//659
f 654//654 657//657 659//659
f 659//659 658//658 660//660
f 628//628 656//656 629//629
f 631//631 654//654 628//628
f 631//631 657//657 654//654
f 633//633 656//656 661//661
f 629//629 656//656 633//633
f 662//662 658//658 657//657
f 633//633 661//661 606//606
f 631//631 634//634 657//657
f 634//634 662//662 657//657
f 663//663 662//662 634//634
f 635//635 663//663 634//634
f 637//637 639//639 663//663
f 637//637 663//663 635//635
f 608//608 638//638 664//664
f 639//639 640//640 665//665
f 666//666 609//609 546//546
f 666//666 546//546 664//664
f 664//664 546//546 608//608
f 667//667 610//610 585//585
f 667//667 640//640 610//610
f 667//667 585//585 641//641
f 668//668 611//611 609//609
f 668//668 669//669 611//611
f 669//669 643//643 611//611
f 643//643 645//645 615//615
f 613//613 646//646 644//644
f 617//617 670//670 646//646
f 671//671 619//619 672//672
f 672//672 619//619 645//645
f 617//617 673//673 670//670
f 619//619 671//671 649//649
f 671//671 674//674 649//649
f 673//673 617//617 648//648
f 649//649 674//674 650//650
f 626//626 651//651 675//675
f 652//652 626//626 675//675
f 653//653 652//652 676//676
f 653//653 676//676 647//647
f 676//676 622//622 647//647
f 675//675 677//677 652//652
f 678//678 654//654 679//679
f 679//679 654//654 659//659
f 656//656 680//680 681//681
f 680//680 656//656 655//655
f 654//654 678//678 655//655
f 660//660 658//658 662//662
f 656//656 681//681 661//661
f 606//606 661//661 636//636
f 663//663 665//665 682//682
f 683//683 638//638 636//636
f 663//663 639//639 665//665
f 665//665 640//640 667//667
f 665//665 667//667 684//684
f 666//666 668//668 609//609
f 667//667 641//641 685//685
f 685//685 641//641 686//686
f 686//686 642//642 687//687
f 686//686 641//641 642//642
f 687//687 642//642 688//688
f 689//689 643//643 669//669
f 642//642 612//612 688//688
f 688//688 612//612 644//644
f 643//643 689//689 645//645
f 689//689 672//672 645//645
f 622//622 690//690 648//648
f 690//690 673//673 648//648
f 650//650 674//674 691//691
f 651//651 650//650 692//692
f 650//650 691//691 692//692
f 693//693 675//675 692//692
f 675//675 651//651 692//692
f 676//676 677//677 694//694
f 652//652 677//677 676//676
f 690//690 622//622 676//676
f 678//678 695//695 696//696
f 695//695 678//678 679//679
f 697//697 679//679 659//659
f 660//660 697//697 659//659
f 697//697 660//660 698//698
f 678//678 696//696 655//655
f 655//655 696//696 680//680
f 699//699 698//698 660//660
f 699//699 660//660 700//700
f 700//700 660//660 701//701
f 701//701 662//662 663//663
f 660//660 662//662 701//701
f 699//699 700//700 702//702
f 661//661 681//681 703//703
f 663//663 682//682 701//701
f 682//682 700//700 701//701
f 704//704 702//702 700//700
f 704//704 700//700 682//682
f 661//661 703//703 636//636
f 636//636 703//703 683//683
f 704//704 682//682 665//665
f 704//704 665//665 684//684
f 704//704 684//684 705//705
f 638//638 683//683 664//664
f 706//706 705//705 684//684
f 664//664 707//707 666//666
f 684//684 667//667 706//706
f 667//667 685//685 706//706
f 686//686 708//708 685//685
f 709//709 708//708 686//686
f 686//686 687//687 709//709
f 709//709 687//687 710//710
f 711//711 669//669 668//668
f 711//711 712//712 669//669
f 669//669 712//712 689//689
f 687//687 644//644 713//713
f 687//687 688//688 644//644
f 710//710 687//687 713//713
f 689//689 712//712 672//672
f 646//646 714//714 715//715
f 715//715 644//644 646//646
f 646//646 670//670 714//714
f 672//672 716//716 671//671
f 670//670 673//673 717//717
f 671//671 716//716 674//674
f 716//716 718//718 674//674
f 674//674 718//718 691//691
f 693//693 692//692 691//691
f 694//694 690//690 676//676
f 675//675 693//693 719//719
f 675//675 719//719 677//677
f 695//695 720//720 721//721
f 720//720 695//695 722//722
f 679//679 723//723 695//695
f 695//695 723//723 722//722
f 697//697 724//724 679//679
f 679//679 724//724 723//723
f 695//695 721//721 696//696
f 680//680 721//721 681//681
f 696//696 721//721 680//680
f 699//699 725//725 698//698
f 681//681 726//726 703//703
f 704//704 727//727 702//702
f 703//703 728//728 683//683
f 704//704 729//729 727//727
f 729//729 704//704 705//705
f 729//729 705//705 730//730
f 664//664 683//683 731//731
f 705//705 732//732 730//730
f 706//706 732//732 705//705
f 664//664 731//731 707//707
f 706//706 708//708 732//732
f 685//685 708//708 706//706
f 666//666 707//707 733//733
f 668//668 666//666 733//733
f 734//734 668//668 733//733
f 734//734 711//711 668//668
f 712//712 735//735 736//736
f 711//711 735//735 712//712
f 711//711 734//734 735//735
f 644//644 715//715 713//713
f 712//712 737//737 672//672
f 672//672 737//737 716//716
f 717//717 714//714 670//670
f 673//673 738//738 717//717
f 690//690 694//694 738//738
f 690//690 738//738 673//673
f 718//718 693//693 691//691
f 739//739 693//693 718//718
f 693//693 739//739 740//740
f 693//693 740//740 719//719
f 722//722 723//723 741//741
f 741//741 723//723 724//724
f 724//724 697//697 742//742
f 697//697 698//698 725//725
f 681//681 721//721 726//726
f 725//725 699//699 702//702
f 743//743 725//725 702//702
f 703//703 726//726 744//744
f 702//702 727//727 743//743
f 703//703 744//744 728//728
f 743//743 727//727 745//745
f 727//727 729//729 745//745
f 728//728 746//746 683//683
f 683//683 746//746 731//731
f 730//730 732//732 747//747
f 708//708 748//748 732//732
f 749//749 748//748 708//708
f 708//708 709//709 749//749
f 749//749 709//709 750//750
f 709//709 710//710 750//750
f 750//750 710//710 751//751
f 734//734 752//752 735//735
f 713//713 751//751 710//710
f 751//751 713//713 753//753
f 713//713 754//754 753//753
f 713//713 715//715 754//754
f 754//754 715//715 755//755
f 736//736 756//756 712//712
f 712//712 756//756 737//737
f 715//715 714//714 755//755
f 737//737 757//757 716//716
f 758//758 714//714 717//717
f 716//716 757//757 718//718
f 757//757 759//759 718//718
f 759//759 739//739 718//718
f 760//760 738//738 694//694
f 677//677 719//719 761//761
f 694//694 677//677 761//761
f 760//760 694//694 761//761
f 722//722 762//762 720//720
f 762//762 722//722 741//741
f 724//724 763//763 741//741
f 724//724 742//742 764//764
f 724//724 764//764 763//763
f 720//720 765//765 766//766
f 721//721 720//720 766//766
f 697//697 767//767 742//742
f 742//742 767//767 768//768
f 697//697 725//725 767//767
f 766//766 726//726 721//721
f 725//725 769//769 767//767
f 726//726 770//770 744//744
f 725//725 743//743 769//769
f 769//769 743//743 771//771
f 771//771 743//743 745//745
f 744//744 772//772 728//728
f 745//745 729//729 730//730
f 745//745 730//730 773//773
f 773//773 730//730 774//774
f 774//774 730//730 747//747
f 746//746 775//775 731//731
f 732//732 748//748 747//747
f 775//775 733//733 707//707
f 775//775 707//707 731//731
f 775//775 776//776 733//733
f 733//733 777//777 778//778
f 733//733 776//776 777//777
f 777//777 779//779 778//778
f 750//750 780//780 749//749
f 733//733 778//778 734//734
f 752//752 734//734 778//778
f 781//781 752//752 778//778
f 782//782 780//780 753//753
f 750//750 751//751 753//753
f 780//780 750//750 753//753
f 735//735 752//752 783//783
f 783//783 752//752 781//781
f 784//784 785//785 781//781
f 785//785 783//783 781//781
f 783//783 786//786 736//736
f 735//735 783//783 736//736
f 787//787 786//786 785//785
f 786//786 783//783 785//785
f 753//753 754//754 788//788
f 782//782 753//753 788//788
f 754//754 789//789 788//788
f 736//736 786//786 756//756
f 790//790 754//754 755//755
f 755//755 714//714 790//790
f 714//714 791//791 790//790
f 791//791 714//714 792//792
f 737//737 793//793 757//757
f 792//792 714//714 758//758
f 717//717 738//738 758//758
f 794//794 758//758 738//738
f 759//759 795//795 739//739
f 739//739 795//795 740//740
f 719//719 740//740 796//796
f 719//719 796//796 761//761
f 763//763 797//797 798//798
f 741//741 763//763 798//798
f 764//764 799//799 763//763
f 799//799 764//764 800//800
f 765//765 720//720 762//762
f 765//765 762//762 798//798
f 798//798 762//762 741//741
f 768//768 767//767 769//769
f 801//801 726//726 766//766
f 771//771 768//768 769//769
f 802//802 803//803 771//771
f 771//771 745//745 802//802
f 770//770 772//772 744//744
f 802//802 745//745 773//773
f 728//728 772//772 804//804
f 728//728 804//804 746//746
f 749//749 747//747 748//748
f 749//749 805//805 747//747
f 806//806 805//805 749//749
f 749//749 780//780 806//806
f 776//776 807//807 777//777
f 777//777 807//807 779//779
f 806//806 780//780 808//808
f 781//781 778//778 779//779
f 784//784 809//809 810//810
f 781//781 809//809 784//784
f 781//781 779//779 809//809
f 808//808 780//780 782//782
f 810//810 811//811 784//784
f 784//784 811//811 785//785
f 785//785 811//811 787//787
f 812//812 788//788 789//789
f 787//787 813//813 786//786
f 786//786 813//813 756//756
f 754//754 790//790 789//789
f 813//813 793//793 756//756
f 756//756 793//793 737//737
f 790//790 791//791 814//814
f 791//791 792//792 814//814
f 815//815 757//757 793//793
f 757//757 815//815 759//759
f 759//759 815//815 795//795
f 794//794 738//738 760//760
f 816//816 794//794 760//760
f 740//740 795//795 817//817
f 740//740 817//817 796//796
f 761//761 796//796 818//818
f 816//816 760//760 761//761
f 818//818 816//816 761//761
f 763//763 819//819 797//797
f 763//763 799//799 819//819
f 800//800 764//764 820//820
f 765//765 801//801 766//766
f 742//742 768//768 820//820
f 742//742 820//820 764//764
f 726//726 801//801 770//770
f 768//768 771//771 821//821
f 821//821 771//771 803//803
f 802//802 773//773 822//822
f 773//773 774//774 822//822
f 805//805 774//774 747//747
f 805//805 823//823 774//774
f 823//823 822//822 774//774
f 746//746 804//804 824//824
f 775//775 746//746 824//824
f 808//808 825//825 826//826
f 808//808 826//826 806//806
f 806//806 826//826 805//805
f 779//779 807//807 827//827
f 779//779 828//828 809//809
f 779//779 827//827 828//828
f 828//828 829//829 809//809
f 808//808 830//830 825//825
f 810//810 809//809 829//829
f 808//808 782//782 830//830
f 782//782 788//788 830//830
f 812//812 831//831 830//830
f 788//788 812//812 830//830
f 832//832 787//787 811//811
f 787//787 832//832 813//813
f 833//833 812//812 789//789
f 813//813 834//834 793//793
f 813//813 832//832 834//834
f 790//790 814//814 833//833
f 789//789 790//790 833//833
f 793//793 834//834 815//815
f 834//834 835//835 815//815
f 792//792 836//836 837//837
f 758//758 836//836 792//792
f 837//837 814//814 792//792
f 836//836 758//758 794//794
f 838//838 836//836 794//794
f 815//815 835//835 795//795
f 835//835 839//839 795//795
f 838//838 794//794 816//816
f 840//840 838//838 816//816
f 817//817 795//795 839//839
f 818//818 796//796 841//841
f 796//796 817//817 841//841
f 840//840 816//816 818//818
f 841//841 840//840 818//818
f 819//819 842//842 843//843
f 798//798 797//797 844//844
f 843//843 797//797 819//819
f 799//799 842//842 819//819
f 842//842 845//845 846//846
f 842//842 799//799 845//845
f 799//799 800//800 845//845
f 844//844 765//765 798//798
f 847//847 765//765 844//844
f 800//800 820//820 848//848
f 800//800 848//848 845//845
f 848//848 820//820 849//849
f 765//765 847//847 801//801
f 768//768 821//821 820//820
f 821//821 849//849 820//820
f 821//821 850//850 849//849
f 801//801 847//847 851//851
f 852//852 850//850 821//821
f 851//851 770//770 801//801
f 852//852 853//853 854//854
f 852//852 821//821 853//853
f 821//821 803//803 853//853
f 770//770 851//851 855//855
f 853//853 803//803 856//856
f 770//770 855//855 772//772
f 855//855 857//857 772//772
f 803//803 802//802 822//822
f 822//822 858//858 859//859
f 772//772 857//857 804//804
f 824//824 804//804 857//857
f 822//822 823//823 858//858
f 824//824 860//860 775//775
f 826//826 823//823 805//805
f 826//826 861//861 823//823
f 858//858 823//823 862//862
f 862//862 823//823 861//861
f 776//776 860//860 863//863
f 776//776 775//775 860//860
f 826//826 825//825 861//861
f 776//776 863//863 807//807
f 827//827 807//807 863//863
f 825//825 830//830 864//864
f 825//825 864//864 861//861
f 861//861 864//864 865//865
f 810//810 866//866 811//811
f 810//810 867//867 866//866
f 810//810 829//829 867//867
f 829//829 868//868 867//867
f 869//869 864//864 831//831
f 831//831 864//864 830//830
f 870//870 866//866 867//867
f 869//869 831//831 871//871
f 832//832 811//811 866//866
f 832//832 866//866 870//870
f 872//872 871//871 831//831
f 870//870 873//873 832//832
f 812//812 833//833 872//872
f 831//831 812//812 872//872
f 832//832 874//874 834//834
f 874//874 832//832 873//873
f 872//872 833//833 875//875
f 876//876 874//874 873//873
f 833//833 837//837 875//875
f 875//875 837//837 877//877
f 833//833 814//814 837//837
f 834//834 874//874 835//835
f 876//876 878//878 874//874
f 878//878 835//835 874//874
f 878//878 876//876 879//879
f 877//877 880//880 881//881
f 837//837 836//836 880//880
f 837//837 880//880 877//877
f 879//879 882//882 878//878
f 881//881 883//883 879//879
f 878//878 839//839 835//835
f 882//882 839//839 878//878
f 879//879 883//883 882//882
f 881//881 884//884 883//883
f 838//838 884//884 880//880
f 880//880 884//884 881//881
f 836//836 838//838 880//880
f 882//882 885//885 839//839
f 883//883 885//885 882//882
f 884//884 885//885 883//883
f 838//838 840//840 884//884
f 885//885 817//817 839//839
f 841//841 817//817 885//885
f 884//884 841//841 885//885
f 840//840 841//841 884//884
f 843//843 842//842 846//846
f 797//797 886//886 844//844
f 843//843 887//887 797//797
f 887//887 886//886 797//797
f 888//888 887//887 843//843
f 846//846 888//888 843//843
f 845//845 889//889 846//846
f 890//890 847//847 844//844
f 845//845 848//848 889//889
f 848//848 891//891 889//889
f 849//849 891//891 848//848
f 892//892 891//891 849//849
f 847//847 893//893 851//851
f 850//850 894//894 892//892
f 850//850 892//892 849//849
f 854//854 850//850 852//852
f 853//853 895//895 854//854
f 803//803 822//822 856//856
f 822//822 859//859 856//856
f 857//857 896//896 824//824
f 896//896 897//897 824//824
f 824//824 897//897 860//860
f 862//862 898//898 858//858
f 827//827 863//863 899//899
f 827//827 899//899 828//828
f 900//900 829//829 828//828
f 862//862 861//861 901//901
f 829//829 900//900 868//868
f 901//901 861//861 865//865
f 902//902 867//867 868//868
f 869//869 903//903 904//904
f 865//865 864//864 869//869
f 904//904 865//865 869//869
f 902//902 905//905 870//870
f 867//867 902//902 870//870
f 905//905 902//902 906//906
f 871//871 903//903 869//869
f 870//870 905//905 907//907
f 908//908 909//909 903//903
f 910//910 909//909 908//908
f 871//871 872//872 908//908
f 903//903 871//871 908//908
f 907//907 911//911 873//873
f 870//870 907//907 873//873
f 912//912 911//911 907//907
f 912//912 913//913 910//910
f 907//907 913//913 912//912
f 872//872 875//875 908//908
f 908//908 877//877 910//910
f 908//908 875//875 877//877
f 873//873 911//911 876//876
f 912//912 876//876 911//911
f 881//881 879//879 910//910
f 910//910 879//879 912//912
f 881//881 910//910 877//877
f 879//879 876//876 912//912
f 887//887 914//914 886//886
f 887//887 888//888 914//914
f 889//889 915//915 846//846
f 846//846 915//915 888//888
f 886//886 890//890 844//844
f 891//891 916//916 889//889
f 889//889 916//916 915//915
f 891//891 892//892 916//916
f 847//847 890//890 893//893
f 917//917 894//894 850//850
f 893//893 918//918 919//919
f 893//893 919//919 851//851
f 850//850 854//854 917//917
f 851//851 920//920 855//855
f 851//851 919//919 920//920
f 854//854 895//895 917//917
f 853//853 921//921 895//895
f 921//921 853//853 856//856
f 855//855 922//922 857//857
f 855//855 920//920 922//922
f 923//923 921//921 856//856
f 856//856 859//859 923//923
f 857//857 922//922 896//896
f 859//859 858//858 924//924
f 859//859 924//924 925//925
f 924//924 858//858 926//926
f 858//858 898//898 926//926
f 860//860 927//927 863//863
f 863//863 927//927 899//899
f 899//899 900//900 828//828
f 898//898 862//862 901//901
f 865//865 928//928 901//901
f 868//868 900//900 902//902
f 903//903 929//929 904//904
f 928//928 865//865 904//904
f 928//928 904//904 930//930
f 930//930 904//904 929//929
f 931//931 913//913 906//906
f 913//913 931//931 909//909
f 931//931 932//932 909//909
f 929//929 903//903 909//909
f 932//932 929//929 909//909
f 905//905 906//906 913//913
f 905//905 913//913 907//907
f 909//909 910//910 913//913
f 890//890 933//933 934//934
f 886//886 933//933 890//890
f 886//886 914//914 933//933
f 888//888 935//935 914//914
f 915//915 936//936 888//888
f 915//915 916//916 937//937
f 892//892 938//938 916//916
f 890//890 934//934 893//893
f 894//894 917//917 939//939
f 940//940 938//938 939//939
f 940//940 941//941 938//938
f 939//939 938//938 894//894
f 892//892 894//894 938//938
f 940//940 942//942 941//941
f 893//893 934//934 918//918
f 895//895 939//939 917//917
f 895//895 943//943 939//939
f 943//943 940//940 939//939
f 942//942 940//940 944//944
f 944//944 940//940 943//943
f 945//945 942//942 944//944
f 946//946 942//942 945//945
f 895//895 921//921 943//943
f 920//920 919//919 918//918
f 923//923 943//943 921//921
f 947//947 944//944 943//943
f 923//923 947//947 943//943
f 948//948 920//920 918//918
f 922//922 920//920 948//948
f 922//922 948//948 949//949
f 923//923 859//859 947//947
f 947//947 859//859 925//925
f 949//949 897//897 896//896
f 922//922 949//949 896//896
f 950//950 897//897 949//949
f 950//950 949//949 948//948
f 951//951 925//925 924//924
f 952//952 897//897 950//950
f 953//953 951//951 924//924
f 926//926 953//953 924//924
f 897//897 952//952 860//860
f 926//926 898//898 954//954
f 860//860 952//952 927//927
f 899//899 927//927 955//955
f 900//900 899//899 956//956
f 899//899 955//955 956//956
f 898//898 901//901 957//957
f 898//898 957//957 958//958
f 898//898 958//958 954//954
f 956//956 906//906 900//900
f 959//959 960//960 956//956
f 960//960 906//906 956//956
f 959//959 961//961 960//960
f 957//957 928//928 962//962
f 957//957 901//901 928//928
f 928//928 930//930 962//962
f 900//900 906//906 902//902
f 931//931 906//906 960//960
f 961//961 932//932 960//960
f 932//932 931//931 960//960
f 932//932 961//961 929//929
f 961//961 963//963 929//929
f 963//963 930//930 929//929
f 964//964 933//933 914//914
f 964//964 914//914 935//935
f 888//888 936//936 935//935
f 937//937 936//936 915//915
f 916//916 938//938 937//937
f 937//937 965//965 936//936
f 966//966 965//965 937//937
f 938//938 966//966 937//937
f 938//938 941//941 966//966
f 942//942 967//967 941//941
f 941//941 967//967 966//966
f 967//967 942//942 946//946
f 968//968 967//967 946//946
f 934//934 969//969 918//918
f 970//970 968//968 946//946
f 970//970 946//946 945//945
f 970//970 945//945 971//971
f 918//918 969//969 972//972
f 945//945 944//944 973//973
f 973//973 971//971 945//945
f 973//973 947//947 974//974
f 944//944 947//947 973//973
f 974//974 971//971 973//973
f 918//918 972//972 948//948
f 972//972 975//975 948//948
f 975//975 976//976 948//948
f 947//947 925//925 977//977
f 948//948 976//976 950//950
f 951//951 977//977 925//925
f 952//952 950//950 976//976
f 978//978 952//952 976//976
f 979//979 952//952 978//978
f 953//953 926//926 980//980
f 952//952 979//979 927//927
f 927//927 979//979 955//955
f 959//959 955//955 981//981
f 955//955 979//979 981//981
f 954//954 958//958 982//982
f 980//980 926//926 954//954
f 982//982 980//980 954//954
f 955//955 959//959 956//956
f 958//958 957//957 983//983
f 959//959 984//984 961//961
f 961//961 985//985 963//963
f 963//963 962//962 930//930
f 963//963 985//985 962//962
f 933//933 986//986 934//934
f 964//964 986//986 933//933
f 967//967 987//987 966//966
f 966//966 987//987 965//965
f 987//987 967//967 968//968
f 988//988 968//968 970//970
f 969//969 989//989 972//972
f 971//971 990//990 991//991
f 971//971 991//991 970//970
f 970//970 991//991 988//988
f 971//971 974//974 990//990
f 974//974 947//947 977//977
f 974//974 977//977 992//992
f 974//974 992//992 990//990
f 951//951 993//993 994//994
f 977//977 951//951 994//994
f 994//994 993//993 995//995
f 951//951 953//953 993//993
f 979//979 978//978 981//981
f 978//978 996//996 981//981
f 953//953 980//980 997//997
f 997//997 993//993 953//953
f 981//981 998//998 959//959
f 959//959 998//998 984//984
f 985//985 999//999 962//962
f 1000//1000 999//999 985//985
f 962//962 983//983 957//957
f 962//962 999//999 983//983
f 999//999 1001//1001 983//983
f 982//982 958//958 983//983
f 985//985 961//961 984//984
f 1000//1000 985//985 984//984
f 935//935 1002//1002 964//964
f 964//964 1002//1002 986//986
f 936//936 1003//1003 935//935
f 935//935 1003//1003 1002//1002
f 965//965 1004//1004 936//936
f 936//936 1004//1004 1003//1003
f 1005//1005 1004//1004 965//965
f 965//965 987//987 1006//1006
f 986//986 989//989 969//969
f 934//934 986//986 969//969
f 989//989 986//986 1007//1007
f 1006//1006 1005//1005 965//965
f 1008//1008 1005//1005 1006//1006
f 987//987 1008//1008 1006//1006
f 987//987 968//968 1008//1008
f 968//968 988//988 1008//1008
f 1009//1009 988//988 991//991
f 989//989 975//975 972//972
f 1010//1010 975//975 989//989
f 1007//1007 1010//1010 989//989
f 1009//1009 991//991 1011//1011
f 991//991 990//990 1011//1011
f 1012//1012 975//975 1010//1010
f 1013//1013 975//975 1012//1012
f 992//992 1014//1014 990//990
f 990//990 1014//1014 1011//1011
f 1013//1013 1015//1015 976//976
f 975//975 1013//1013 976//976
f 1016//1016 1015//1015 1013//1013
f 992//992 977//977 1014//1014
f 977//977 994//994 1014//1014
f 1016//1016 996//996 1015//1015
f 1017//1017 996//996 1016//1016
f 1016//1016 1018//1018 1017//1017
f 994//994 995//995 1019//1019
f 976//976 1015//1015 978//978
f 978//978 1015//1015 996//996
f 1017//1017 1018//1018 1020//1020
f 1018//1018 1021//1021 1020//1020
f 995//995 993//993 997//997
f 981//981 996//996 998//998
f 998//998 996//996 1017//1017
f 1020//1020 998//998 1017//1017
f 1021//1021 1022//1022 1020//1020
f 1023//1023 995//995 997//997
f 1023//1023 997//997 1024//1024
f 1024//1024 997//997 980//980
f 982//982 1025//1025 980//980
f 1025//1025 1024//1024 980//980
f 1020//1020 984//984 998//998
f 1000//1000 984//984 1020//1020
f 1020//1020 1022//1022 1026//1026
f 1020//1020 1026//1026 1000//1000
f 1000//1000 1026//1026 999//999
f 1001//1001 999//999 1027//1027
f 999//999 1026//1026 1027//1027
f 982//982 983//983 1028//1028
f 1028//1028 983//983 1001//1001
f 1025//1025 982//982 1028//1028
f 986//986 1002//1002 1029//1029
f 1007//1007 986//986 1029//1029
f 1005//1005 1030//1030 1004//1004
f 1005//1005 1008//1008 1031//1031
f 1032//1032 1033//1033 1008//1008
f 1008//1008 988//988 1032//1032
f 1029//1029 1034//1034 1007//1007
f 988//988 1009//1009 1032//1032
f 1033//1033 1035//1035 1036//1036
f 1035//1035 1037//1037 1038//1038
f 1035//1035 1033//1033 1037//1037
f 1033//1033 1032//1032 1037//1037
f 1009//1009 1011//1011 1037//1037
f 1009//1009 1037//1037 1032//1032
f 1011//1011 1014//1014 1038//1038
f 1037//1037 1011//1011 1038//1038
f 1013//1013 1039//1039 1016//1016
f 1013//1013 1012//1012 1039//1039
f 1039//1039 1040//1040 1016//1016
f 1041//1041 1038//1038 1014//1014
f 1041//1041 1014//1014 994//994
f 1018//1018 1040//1040 1042//1042
f 1016//1016 1040//1040 1018//1018
f 994//994 1019//1019 1041//1041
f 1018//1018 1042//1042 1021//1021
f 1043//1043 995//995 1023//1023
f 1022//1022 1044//1044 1045//1045
f 1021//1021 1044//1044 1022//1022
f 1024//1024 1025//1025 1046//1046
f 1022//1022 1045//1045 1026//1026
f 1002//1002 1003//1003 1029//1029
f 1004//1004 1030//1030 1003//1003
f 1030//1030 1005//1005 1031//1031
f 1008//1008 1033//1033 1031//1031
f 1034//1034 1010//1010 1007//1007
f 1031//1031 1047//1047 1030//1030
f 1048//1048 1047//1047 1031//1031
f 1048//1048 1031//1031 1036//1036
f 1031//1031 1033//1033 1036//1036
f 1036//1036 1035//1035 1048//1048
f 1038//1038 1049//1049 1050//1050
f 1038//1038 1050//1050 1035//1035
f 1050//1050 1049//1049 1051//1051
f 1012//1012 1010//1010 1052//1052
f 1038//1038 1041//1041 1049//1049
f 1053//1053 1051//1051 1049//1049
f 1054//1054 1053//1053 1055//1055
f 1054//1054 1055//1055 1056//1056
f 1056//1056 1057//1057 1054//1054
f 1039//1039 1012//1012 1052//1052
f 1039//1039 1058//1058 1040//1040
f 1041//1041 1019//1019 1049//1049
f 1019//1019 1053//1053 1049//1049
f 1055//1055 1053//1053 1019//1019
f 1040//1040 1058//1058 1059//1059
f 1040//1040 1059//1059 1042//1042
f 1060//1060 1042//1042 1059//1059
f 995//995 1043//1043 1019//1019
f 1043//1043 1055//1055 1019//1019
f 1056//1056 1055//1055 1061//1061
f 1061//1061 1055//1055 1043//1043
f 1062//1062 1057//1057 1056//1056
f 1061//1061 1062//1062 1056//1056
f 1021//1021 1042//1042 1060//1060
f 1021//1021 1060//1060 1044//1044
f 1023//1023 1063//1063 1043//1043
f 1063//1063 1061//1061 1043//1043
f 1063//1063 1062//1062 1061//1061
f 1044//1044 1064//1064 1065//1065
f 1023//1023 1024//1024 1063//1063
f 1066//1066 1062//1062 1063//1063
f 1024//1024 1066//1066 1063//1063
f 1044//1044 1065//1065 1045//1045
f 1045//1045 1065//1065 1067//1067
f 1065//1065 1068//1068 1067//1067
f 1025//1025 1069//1069 1046//1046
f 1024//1024 1046//1046 1070//1070
f 1066//1066 1024//1024 1070//1070
f 1045//1045 1067//1067 1026//1026
f 1026//1026 1067//1067 1027//1027
f 1001//1001 1027//1027 1071//1071
f 1027//1027 1067//1067 1071//1071
f 1028//1028 1001//1001 1071//1071
f 1069//1069 1025//1025 1028//1028
f 1071//1071 1069//1069 1028//1028
f 1003//1003 1072//1072 1029//1029
f 1003//1003 1030//1030 1073//1073
f 1072//1072 1003//1003 1073//1073
f 1029//1029 1072//1072 1034//1034
f 1034//1034 1072//1072 1074//1074
f 1074//1074 1072//1072 1073//1073
f 1030//1030 1075//1075 1073//1073
f 1030//1030 1047//1047 1075//1075
f 1047//1047 1076//1076 1075//1075
f 1047//1047 1077//1077 1076//1076
f 1048//1048 1078//1078 1047//1047
f 1047//1047 1078//1078 1077//1077
f 1048//1048 1050//1050 1078//1078
f 1078//1078 1050//1050 1079//1079
f 1034//1034 1080//1080 1010//1010
f 1080//1080 1034//1034 1074//1074
f 1048//1048 1035//1035 1050//1050
f 1050//1050 1051//1051 1079//1079
f 1051//1051 1081//1081 1082//1082
f 1054//1054 1083//1083 1084//1084
f 1054//1054 1084//1084 1081//1081
f 1081//1081 1084//1084 1082//1082
f 1010//1010 1080//1080 1052//1052
f 1081//1081 1051//1051 1053//1053
f 1054//1054 1081//1081 1053//1053
f 1083//1083 1057//1057 1085//1085
f 1054//1054 1057//1057 1083//1083
f 1039//1039 1052//1052 1058//1058
f 1057//1057 1062//1062 1085//1085
f 1060//1060 1086//1086 1064//1064
f 1060//1060 1064//1064 1044//1044
f 1085//1085 1066//1066 1087//1087
f 1085//1085 1062//1062 1066//1066
f 1088//1088 1085//1085 1087//1087
f 1065//1065 1064//1064 1089//1089
f 1065//1065 1089//1089 1090//1090
f 1065//1065 1090//1090 1068//1068
f 1069//1069 1070//1070 1046//1046
f 1066//1066 1070//1070 1091//1091
f 1067//1067 1068//1068 1092//1092
f 1071//1071 1067//1067 1093//1093
f 1067//1067 1092//1092 1093//1093
f 1069//1069 1071//1071 1093//1093
f 1075//1075 1094//1094 1095//1095
f 1073//1073 1075//1075 1095//1095
f 1096//1096 1094//1094 1076//1076
f 1094//1094 1075//1075 1076//1076
f 1097//1097 1077//1077 1078//1078
f 1079//1079 1097//1097 1078//1078
f 1080//1080 1074//1074 1098//1098
f 1095//1095 1074//1074 1073//1073
f 1098//1098 1074//1074 1095//1095
f 1079//1079 1051//1051 1099//1099
f 1082//1082 1099//1099 1051//1051
f 1080//1080 1098//1098 1052//1052
f 1098//1098 1100//1100 1052//1052
f 1084//1084 1083//1083 1101//1101
f 1052//1052 1100//1100 1058//1058
f 1102//1102 1059//1059 1058//1058
f 1083//1083 1085//1085 1101//1101
f 1101//1101 1085//1085 1103//1103
f 1059//1059 1102//1102 1086//1086
f 1060//1060 1059//1059 1086//1086
f 1085//1085 1088//1088 1103//1103
f 1086//1086 1089//1089 1064//1064
f 1104//1104 1089//1089 1086//1086
f 1090//1090 1089//1089 1104//1104
f 1087//1087 1066//1066 1091//1091
f 1090//1090 1104//1104 1105//1105
f 1068//1068 1090//1090 1105//1105
f 1068//1068 1105//1105 1092//1092
f 1091//1091 1070//1070 1106//1106
f 1092//1092 1105//1105 1107//1107
f 1093//1093 1092//1092 1108//1108
f 1092//1092 1107//1107 1108//1108
f 1109//1109 1093//1093 1108//1108
f 1109//1109 1069//1069 1093//1093
f 1070//1070 1069//1069 1110//1110
f 1069//1069 1109//1109 1110//1110
f 1110//1110 1106//1106 1070//1070
f 1096//1096 1111//1111 1094//1094
f 1076//1076 1112//1112 1096//1096
f 1096//1096 1112//1112 1111//1111
f 1077//1077 1113//1113 1076//1076
f 1076//1076 1113//1113 1112//1112
f 1097//1097 1114//1114 1077//1077
f 1077//1077 1114//1114 1113//1113
f 1114//1114 1097//1097 1099//1099
f 1097//1097 1079//1079 1099//1099
f 1082//1082 1115//1115 1099//1099
f 1116//1116 1115//1115 1082//1082
f 1116//1116 1082//1082 1117//1117
f 1082//1082 1084//1084 1117//1117
f 1118//1118 1117//1117 1084//1084
f 1119//1119 1118//1118 1101//1101
f 1118//1118 1084//1084 1101//1101
f 1100//1100 1102//1102 1058//1058
f 1100//1100 1120//1120 1102//1102
f 1103//1103 1119//1119 1101//1101
f 1086//1086 1102//1102 1121//1121
f 1121//1121 1102//1102 1120//1120
f 1104//1104 1086//1086 1122//1122
f 1088//1088 1087//1087 1123//1123
f 1124//1124 1103//1103 1088//1088
f 1124//1124 1088//1088 1123//1123
f 1125//1125 1104//1104 1122//1122
f 1087//1087 1091//1091 1123//1123
f 1124//1124 1123//1123 1126//1126
f 1104//1104 1125//1125 1127//1127
f 1105//1105 1104//1104 1127//1127
f 1127//1127 1128//1128 1105//1105
f 1105//1105 1128//1128 1107//1107
f 1123//1123 1091//1091 1129//1129
f 1129//1129 1091//1091 1106//1106
f 1127//1127 1125//1125 1130//1130
f 1130//1130 1128//1128 1127//1127
f 1107//1107 1128//1128 1131//1131
f 1110//1110 1132//1132 1106//1106
f 1132//1132 1129//1129 1106//1106
f 1128//1128 1130//1130 1131//1131
f 1131//1131 1133//1133 1134//1134
f 1131//1131 1134//1134 1107//1107
f 1108//1108 1107//1107 1134//1134
f 1108//1108 1134//1134 1135//1135
f 1108//1108 1135//1135 1109//1109
f 1110//1110 1109//1109 1132//1132
f 1132//1132 1109//1109 1135//1135
f 1134//1134 1133//1133 1136//1136
f 1132//1132 1135//1135 1137//1137
f 1138//1138 1132//1132 1137//1137
f 1094//1094 1111//1111 1139//1139
f 1114//1114 1140//1140 1113//1113
f 1095//1095 1094//1094 1141//1141
f 1141//1141 1094//1094 1139//1139
f 1114//1114 1099//1099 1140//1140
f 1140//1140 1099//1099 1115//1115
f 1095//1095 1141//1141 1098//1098
f 1141//1141 1142//1142 1098//1098
f 1116//1116 1117//1117 1143//1143
f 1144//1144 1117//1117 1118//1118
f 1098//1098 1142//1142 1100//1100
f 1118//1118 1119//1119 1144//1144
f 1100//1100 1142//1142 1120//1120
f 1119//1119 1103//1103 1145//1145
f 1121//1121 1122//1122 1086//1086
f 1121//1121 1146//1146 1122//1122
f 1103//1103 1147//1147 1145//1145
f 1124//1124 1147//1147 1103//1103
f 1146//1146 1125//1125 1122//1122
f 1148//1148 1149//1149 1150//1150
f 1146//1146 1151//1151 1125//1125
f 1123//1123 1129//1129 1126//1126
f 1152//1152 1149//1149 1153//1153
f 1150//1150 1149//1149 1152//1152
f 1150//1150 1152//1152 1154//1154
f 1125//1125 1151//1151 1130//1130
f 1129//1129 1155//1155 1126//1126
f 1156//1156 1154//1154 1152//1152
f 1131//1131 1130//1130 1157//1157
f 1131//1131 1157//1157 1133//1133
f 1129//1129 1132//1132 1155//1155
f 1158//1158 1153//1153 1159//1159
f 1153//1153 1158//1158 1152//1152
f 1160//1160 1156//1156 1152//1152
f 1158//1158 1160//1160 1152//1152
f 1135//1135 1134//1134 1161//1161
f 1134//1134 1136//1136 1161//1161
f 1137//1137 1135//1135 1161//1161
f 1132//1132 1138//1138 1162//1162
f 1160//1160 1158//1158 1163//1163
f 1137//1137 1161//1161 1164//1164
f 1165//1165 1139//1139 1166//1166
f 1166//1166 1139//1139 1111//1111
f 1112//1112 1167//1167 1111//1111
f 1111//1111 1167//1167 1166//1166
f 1113//1113 1168//1168 1112//1112
f 1112//1112 1168//1168 1167//1167
f 1113//1113 1169//1169 1168//1168
f 1140//1140 1169//1169 1113//1113
f 1139//1139 1170//1170 1141//1141
f 1165//1165 1170//1170 1139//1139
f 1140//1140 1143//1143 1171//1171
f 1115//1115 1143//1143 1140//1140
f 1116//1116 1143//1143 1115//1115
f 1141//1141 1172//1172 1142//1142
f 1170//1170 1172//1172 1141//1141
f 1117//1117 1173//1173 1143//1143
f 1173//1173 1117//1117 1144//1144
f 1142//1142 1174//1174 1120//1120
f 1144//1144 1119//1119 1175//1175
f 1175//1175 1119//1119 1145//1145
f 1121//1121 1120//1120 1174//1174
f 1175//1175 1145//1145 1176//1176
f 1121//1121 1174//1174 1146//1146
f 1174//1174 1177//1177 1146//1146
f 1147//1147 1176//1176 1145//1145
f 1124//1124 1178//1178 1179//1179
f 1124//1124 1179//1179 1147//1147
f 1147//1147 1179//1179 1176//1176
f 1178//1178 1180//1180 1179//1179
f 1180//1180 1181//1181 1182//1182
f 1182//1182 1181//1181 1183//1183
f 1126//1126 1178//1178 1124//1124
f 1180//1180 1178//1178 1148//1148
f 1150//1150 1180//1180 1148//1148
f 1150//1150 1181//1181 1180//1180
f 1183//1183 1181//1181 1184//1184
f 1146//1146 1177//1177 1151//1151
f 1177//1177 1185//1185 1151//1151
f 1178//1178 1126//1126 1186//1186
f 1186//1186 1126//1126 1187//1187
f 1149//1149 1186//1186 1153//1153
f 1149//1149 1148//1148 1186//1186
f 1148//1148 1178//1178 1186//1186
f 1154//1154 1181//1181 1150//1150
f 1184//1184 1181//1181 1188//1188
f 1188//1188 1181//1181 1154//1154
f 1151//1151 1157//1157 1130//1130
f 1126//1126 1155//1155 1187//1187
f 1186//1186 1187//1187 1159//1159
f 1186//1186 1159//1159 1153//1153
f 1188//1188 1154//1154 1189//1189
f 1189//1189 1154//1154 1156//1156
f 1190//1190 1133//1133 1157//1157
f 1132//1132 1191//1191 1155//1155
f 1187//1187 1155//1155 1192//1192
f 1192//1192 1155//1155 1191//1191
f 1159//1159 1187//1187 1192//1192
f 1193//1193 1159//1159 1192//1192
f 1159//1159 1194//1194 1158//1158
f 1193//1193 1194//1194 1159//1159
f 1189//1189 1156//1156 1195//1195
f 1195//1195 1156//1156 1160//1160
f 1136//1136 1133//1133 1196//1196
f 1133//1133 1190//1190 1196//1196
f 1161//1161 1136//1136 1196//1196
f 1197//1197 1138//1138 1137//1137
f 1197//1197 1162//1162 1138//1138
f 1191//1191 1132//1132 1162//1162
f 1163//1163 1194//1194 1198//1198
f 1163//1163 1158//1158 1194//1194
f 1163//1163 1199//1199 1160//1160
f 1199//1199 1195//1195 1160//1160
f 1196//1196 1200//1200 1201//1201
f 1161//1161 1196//1196 1201//1201
f 1161//1161 1201//1201 1164//1164
f 1197//1197 1137//1137 1164//1164
f 1199//1199 1163//1163 1198//1198
f 1140//1140 1171//1171 1169//1169
f 1165//1165 1202//1202 1170//1170
f 1172//1172 1203//1203 1142//1142
f 1173//1173 1144//1144 1204//1204
f 1142//1142 1203//1203 1174//1174
f 1174//1174 1203//1203 1205//1205
f 1144//1144 1175//1175 1204//1204
f 1205//1205 1206//1206 1174//1174
f 1207//1207 1182//1182 1208//1208
f 1206//1206 1177//1177 1174//1174
f 1179//1179 1209//1209 1176//1176
f 1207//1207 1209//1209 1179//1179
f 1180//1180 1207//1207 1179//1179
f 1182//1182 1207//1207 1180//1180
f 1182//1182 1183//1183 1208//1208
f 1206//1206 1185//1185 1177//1177
f 1183//1183 1184//1184 1210//1210
f 1184//1184 1188//1188 1211//1211
f 1151//1151 1185//1185 1212//1212
f 1151//1151 1213//1213 1157//1157
f 1211//1211 1189//1189 1214//1214
f 1188//1188 1189//1189 1211//1211
f 1213//1213 1190//1190 1157//1157
f 1214//1214 1189//1189 1215//1215
f 1190//1190 1200//1200 1196//1196
f 1162//1162 1197//1197 1216//1216
f 1191//1191 1162//1162 1216//1216
f 1192//1192 1191//1191 1216//1216
f 1217//1217 1192//1192 1216//1216
f 1193//1193 1192//1192 1217//1217
f 1218//1218 1193//1193 1217//1217
f 1194//1194 1193//1193 1218//1218
f 1195//1195 1215//1215 1189//1189
f 1195//1195 1219//1219 1215//1215
f 1220//1220 1201//1201 1221//1221
f 1220//1220 1164//1164 1201//1201
f 1164//1164 1220//1220 1197//1197
f 1222//1222 1194//1194 1218//1218
f 1198//1198 1194//1194 1222//1222
f 1198//1198 1222//1222 1199//1199
f 1199//1199 1222//1222 1223//1223
f 1195//1195 1199//1199 1223//1223
f 1195//1195 1223//1223 1219//1219
f 1223//1223 1222//1222 1224//1224
f 1168//1168 1225//1225 1167//1167
f 1168//1168 1169//1169 1225//1225
f 1171//1171 1143//1143 1226//1226
f 1170//1170 1227//1227 1172//1172
f 1170//1170 1202//1202 1227//1227
f 1173//1173 1228//1228 1143//1143
f 1204//1204 1228//1228 1173//1173
f 1227//1227 1203//1203 1172//1172
f 1204//1204 1229//1229 1230//1230
f 1175//1175 1229//1229 1204//1204
f 1229//1229 1175//1175 1176//1176
f 1231//1231 1229//1229 1176//1176
f 1176//1176 1209//1209 1231//1231
f 1208//1208 1232//1232 1207//1207
f 1208//1208 1233//1233 1232//1232
f 1183//1183 1210//1210 1208//1208
f 1234//1234 1185//1185 1206//1206
f 1234//1234 1212//1212 1185//1185
f 1211//1211 1235//1235 1184//1184
f 1236//1236 1235//1235 1211//1211
f 1212//1212 1213//1213 1151//1151
f 1236//1236 1211//1211 1237//1237
f 1211//1211 1214//1214 1237//1237
f 1237//1237 1214//1214 1238//1238
f 1213//1213 1239//1239 1240//1240
f 1190//1190 1213//1213 1240//1240
f 1214//1214 1215//1215 1238//1238
f 1238//1238 1215//1215 1241//1241
f 1221//1221 1201//1201 1200//1200
f 1216//1216 1197//1197 1242//1242
f 1216//1216 1242//1242 1243//1243
f 1217//1217 1216//1216 1243//1243
f 1218//1218 1224//1224 1222//1222
f 1219//1219 1223//1223 1244//1244
f 1241//1241 1215//1215 1219//1219
f 1197//1197 1220//1220 1242//1242
f 1223//1223 1224//1224 1245//1245
f 1169//1169 1171//1171 1225//1225
f 1246//1246 1202//1202 1165//1165
f 1246//1246 1165//1165 1166//1166
f 1167//1167 1247//1247 1166//1166
f 1247//1247 1246//1246 1166//1166
f 1225//1225 1247//1247 1167//1167
f 1171//1171 1248//1248 1225//1225
f 1171//1171 1226//1226 1248//1248
f 1202//1202 1249//1249 1227//1227
f 1246//1246 1249//1249 1202//1202
f 1228//1228 1226//1226 1143//1143
f 1227//1227 1250//1250 1203//1203
f 1227//1227 1249//1249 1250//1250
f 1204//1204 1230//1230 1228//1228
f 1203//1203 1250//1250 1205//1205
f 1250//1250 1251//1251 1205//1205
f 1205//1205 1251//1251 1206//1206
f 1251//1251 1234//1234 1206//1206
f 1209//1209 1252//1252 1231//1231
f 1207//1207 1252//1252 1209//1209
f 1207//1207 1232//1232 1252//1252
f 1208//1208 1253//1253 1233//1233
f 1234//1234 1254//1254 1212//1212
f 1210//1210 1184//1184 1235//1235
f 1210//1210 1235//1235 1255//1255
f 1254//1254 1256//1256 1212//1212
f 1257//1257 1237//1237 1238//1238
f 1257//1257 1236//1236 1237//1237
f 1257//1257 1238//1238 1258//1258
f 1212//1212 1256//1256 1259//1259
f 1213//1213 1212//1212 1259//1259
f 1259//1259 1239//1239 1213//1213
f 1260//1260 1258//1258 1238//1238
f 1260//1260 1241//1241 1261//1261
f 1260//1260 1238//1238 1241//1241
f 1190//1190 1240//1240 1262//1262
f 1200//1200 1190//1190 1262//1262
f 1262//1262 1221//1221 1200//1200
f 1217//1217 1263//1263 1218//1218
f 1243//1243 1263//1263 1217//1217
f 1263//1263 1264//1264 1218//1218
f 1218//1218 1264//1264 1224//1224
f 1265//1265 1219//1219 1244//1244
f 1265//1265 1241//1241 1219//1219
f 1221//1221 1262//1262 1266//1266
f 1220//1220 1221//1221 1266//1266
f 1267//1267 1243//1243 1242//1242
f 1263//1263 1243//1243 1267//1267
f 1268//1268 1264//1264 1263//1263
f 1224//1224 1264//1264 1268//1268
f 1224//1224 1268//1268 1245//1245
f 1244//1244 1223//1223 1245//1245
f 1225//1225 1269//1269 1247//1247
f 1248//1248 1270//1270 1225//1225
f 1225//1225 1270//1270 1269//1269
f 1271//1271 1248//1248 1226//1226
f 1226//1226 1228//1228 1271//1271
f 1272//1272 1251//1251 1250//1250
f 1249//1249 1272//1272 1250//1250
f 1228//1228 1230//1230 1273//1273
f 1229//1229 1274//1274 1230//1230
f 1231//1231 1275//1275 1229//1229
f 1229//1229 1275//1275 1274//1274
f 1231//1231 1252//1252 1275//1275
f 1252//1252 1232//1232 1276//1276
f 1234//1234 1251//1251 1277//1277
f 1276//1276 1232//1232 1233//1233
f 1234//1234 1277//1277 1254//1254
f 1253//1253 1208//1208 1278//1278
f 1208//1208 1210//1210 1278//1278
f 1210//1210 1255//1255 1278//1278
f 1235//1235 1279//1279 1255//1255
f 1236//1236 1279//1279 1235//1235
f 1257//1257 1279//1279 1236//1236
f 1257//1257 1258//1258 1280//1280
f 1258//1258 1260//1260 1281//1281
f 1282//1282 1280//1280 1258//1258
f 1281//1281 1282//1282 1258//1258
f 1260//1260 1261//1261 1281//1281
f 1241//1241 1265//1265 1283//1283
f 1241//1241 1283//1283 1261//1261
f 1242//1242 1220//1220 1284//1284
f 1220//1220 1266//1266 1284//1284
f 1285//1285 1284//1284 1286//1286
f 1285//1285 1267//1267 1284//1284
f 1267//1267 1242//1242 1284//1284
f 1285//1285 1287//1287 1267//1267
f 1287//1287 1263//1263 1267//1267
f 1263//1263 1287//1287 1268//1268
f 1245//1245 1268//1268 1288//1288
f 1244//1244 1245//1245 1289//1289
f 1247//1247 1290//1290 1246//1246
f 1290//1290 1247//1247 1269//1269
f 1271//1271 1270//1270 1248//1248
f 1246//1246 1291//1291 1249//1249
f 1246//1246 1290//1290 1291//1291
f 1228//1228 1273//1273 1271//1271
f 1249//1249 1292//1292 1272//1272
f 1291//1291 1292//1292 1249//1249
f 1230//1230 1293//1293 1273//1273
f 1230//1230 1274//1274 1293//1293
f 1276//1276 1294//1294 1252//1252
f 1252//1252 1294//1294 1275//1275
f 1276//1276 1295//1295 1296//1296
f 1233//1233 1295//1295 1276//1276
f 1253//1253 1295//1295 1233//1233
f 1277//1277 1297//1297 1254//1254
f 1278//1278 1298//1298 1253//1253
f 1297//1297 1299//1299 1254//1254
f 1255//1255 1300//1300 1278//1278
f 1279//1279 1300//1300 1255//1255
f 1299//1299 1256//1256 1254//1254
f 1301//1301 1300//1300 1279//1279
f 1256//1256 1299//1299 1259//1259
f 1299//1299 1302//1302 1259//1259
f 1279//1279 1257//1257 1301//1301
f 1257//1257 1280//1280 1303//1303
f 1257//1257 1303//1303 1301//1301
f 1304//1304 1303//1303 1280//1280
f 1282//1282 1304//1304 1280//1280
f 1240//1240 1239//1239 1305//1305
f 1306//1306 1240//1240 1305//1305
f 1282//1282 1281//1281 1261//1261
f 1240//1240 1306//1306 1262//1262
f 1262//1262 1307//1307 1308//1308
f 1262//1262 1308//1308 1266//1266
f 1266//1266 1308//1308 1309//1309
f 1286//1286 1309//1309 1310//1310
f 1286//1286 1284//1284 1309//1309
f 1284//1284 1266//1266 1309//1309
f 1287//1287 1285//1285 1311//1311
f 1268//1268 1287//1287 1312//1312
f 1287//1287 1311//1311 1312//1312
f 1268//1268 1312//1312 1288//1288
f 1245//1245 1288//1288 1313//1313
f 1245//1245 1313//1313 1289//1289
f 1289//1289 1265//1265 1244//1244
f 1290//1290 1314//1314 1291//1291
f 1290//1290 1269//1269 1314//1314
f 1315//1315 1314//1314 1269//1269
f 1270//1270 1315//1315 1269//1269
f 1270//1270 1271//1271 1315//1315
f 1271//1271 1273//1273 1315//1315
f 1292//1292 1277//1277 1272//1272
f 1273//1273 1293//1293 1316//1316
f 1272//1272 1277//1277 1251//1251
f 1317//1317 1277//1277 1292//1292
f 1274//1274 1318//1318 1293//1293
f 1275//1275 1319//1319 1274//1274
f 1274//1274 1319//1319 1318//1318
f 1275//1275 1294//1294 1319//1319
f 1294//1294 1276//1276 1296//1296
f 1277//1277 1317//1317 1297//1297
f 1295//1295 1253//1253 1298//1298
f 1320//1320 1295//1295 1298//1298
f 1321//1321 1298//1298 1278//1278
f 1322//1322 1278//1278 1300//1300
f 1301//1301 1322//1322 1300//1300
f 1323//1323 1302//1302 1299//1299
f 1301//1301 1324//1324 1322//1322
f 1303//1303 1324//1324 1301//1301
f 1259//1259 1305//1305 1239//1239
f 1259//1259 1302//1302 1305//1305
f 1282//1282 1325//1325 1326//1326
f 1261//1261 1325//1325 1282//1282
f 1326//1326 1304//1304 1282//1282
f 1306//1306 1307//1307 1262//1262
f 1265//1265 1289//1289 1327//1327
f 1283//1283 1265//1265 1327//1327
f 1325//1325 1261//1261 1283//1283
f 1327//1327 1325//1325 1283//1283
f 1309//1309 1308//1308 1310//1310
f 1310//1310 1311//1311 1286//1286
f 1286//1286 1311//1311 1285//1285
f 1311//1311 1328//1328 1312//1312
f 1288//1288 1329//1329 1313//1313
f 1314//1314 1330//1330 1291//1291
f 1291//1291 1331//1331 1292//1292
f 1291//1291 1330//1330 1331//1331
f 1315//1315 1332//1332 1314//1314
f 1332//1332 1330//1330 1314//1314
f 1273//1273 1316//1316 1333//1333
f 1273//1273 1333//1333 1315//1315
f 1315//1315 1333//1333 1332//1332
f 1292//1292 1331//1331 1317//1317
f 1334//1334 1331//1331 1330//1330
f 1335//1335 1332//1332 1336//1336
f 1335//1335 1334//1334 1332//1332
f 1334//1334 1330//1330 1332//1332
f 1333//1333 1336//1336 1332//1332
f 1316//1316 1336//1336 1333//1333
f 1337//1337 1336//1336 1316//1316
f 1293//1293 1337//1337 1316//1316
f 1293//1293 1318//1318 1337//1337
f 1317//1317 1338//1338 1297//1297
f 1331//1331 1339//1339 1317//1317
f 1339//1339 1338//1338 1317//1317
f 1340//1340 1339//1339 1334//1334
f 1339//1339 1331//1331 1334//1334
f 1335//1335 1340//1340 1334//1334
f 1296//1296 1320//1320 1341//1341
f 1296//1296 1295//1295 1320//1320
f 1342//1342 1339//1339 1340//1340
f 1338//1338 1339//1339 1342//1342
f 1298//1298 1321//1321 1320//1320
f 1338//1338 1323//1323 1299//1299
f 1297//1297 1338//1338 1299//1299
f 1278//1278 1343//1343 1321//1321
f 1343//1343 1278//1278 1322//1322
f 1322//1322 1324//1324 1344//1344
f 1345//1345 1324//1324 1303//1303
f 1302//1302 1346//1346 1305//1305
f 1303//1303 1304//1304 1345//1345
f 1345//1345 1304//1304 1347//1347
f 1305//1305 1346//1346 1306//1306
f 1304//1304 1326//1326 1347//1347
f 1310//1310 1308//1308 1348//1348
f 1311//1311 1310//1310 1349//1349
f 1310//1310 1348//1348 1349//1349
f 1311//1311 1349//1349 1328//1328
f 1288//1288 1312//1312 1329//1329
f 1312//1312 1328//1328 1329//1329
f 1329//1329 1350//1350 1313//1313
f 1289//1289 1313//1313 1351//1351
f 1327//1327 1289//1289 1352//1352
f 1352//1352 1289//1289 1351//1351
f 1329//1329 1353//1353 1350//1350
f 1336//1336 1337//1337 1354//1354
f 1318//1318 1355//1355 1337//1337
f 1319//1319 1355//1355 1318//1318
f 1294//1294 1356//1356 1319//1319
f 1319//1319 1356//1356 1355//1355
f 1341//1341 1356//1356 1296//1296
f 1296//1296 1356//1356 1294//1294
f 1357//1357 1335//1335 1336//1336
f 1354//1354 1357//1357 1336//1336
f 1320//1320 1358//1358 1359//1359
f 1321//1321 1358//1358 1320//1320
f 1321//1321 1343//1343 1358//1358
f 1360//1360 1323//1323 1338//1338
f 1322//1322 1344//1344 1343//1343
f 1323//1323 1360//1360 1302//1302
f 1360//1360 1361//1361 1302//1302
f 1344//1344 1324//1324 1345//1345
f 1361//1361 1346//1346 1302//1302
f 1362//1362 1347//1347 1363//1363
f 1362//1362 1345//1345 1347//1347
f 1306//1306 1346//1346 1364//1364
f 1347//1347 1326//1326 1363//1363
f 1306//1306 1364//1364 1307//1307
f 1365//1365 1307//1307 1364//1364
f 1325//1325 1327//1327 1366//1366
f 1326//1326 1325//1325 1363//1363
f 1308//1308 1307//1307 1365//1365
f 1308//1308 1365//1365 1348//1348
f 1349//1349 1348//1348 1367//1367
f 1329//1329 1328//1328 1368//1368
f 1368//1368 1353//1353 1329//1329
f 1313//1313 1369//1369 1351//1351
f 1350//1350 1369//1369 1313//1313
f 1366//1366 1327//1327 1352//1352
f 1350//1350 1353//1353 1369//1369
f 1337//1337 1355//1355 1354//1354
f 1356//1356 1370//1370 1355//1355
f 1370//1370 1356//1356 1341//1341
f 1340//1340 1335//1335 1357//1357
f 1371//1371 1357//1357 1354//1354
f 1355//1355 1371//1371 1354//1354
f 1341//1341 1359//1359 1370//1370
f 1320//1320 1359//1359 1341//1341
f 1342//1342 1340//1340 1372//1372
f 1372//1372 1340//1340 1357//1357
f 1342//1342 1373//1373 1338//1338
f 1373//1373 1342//1342 1372//1372
f 1343//1343 1374//1374 1358//1358
f 1338//1338 1373//1373 1360//1360
f 1373//1373 1361//1361 1360//1360
f 1343//1343 1375//1375 1374//1374
f 1344//1344 1375//1375 1343//1343
f 1375//1375 1344//1344 1345//1345
f 1376//1376 1375//1375 1345//1345
f 1346//1346 1361//1361 1377//1377
f 1362//1362 1376//1376 1345//1345
f 1364//1364 1346//1346 1377//1377
f 1378//1378 1362//1362 1363//1363
f 1364//1364 1379//1379 1365//1365
f 1364//1364 1377//1377 1379//1379
f 1363//1363 1366//1366 1380//1380
f 1325//1325 1366//1366 1363//1363
f 1380//1380 1378//1378 1363//1363
f 1328//1328 1349//1349 1368//1368
f 1349//1349 1367//1367 1368//1368
f 1352//1352 1351//1351 1381//1381
f 1366//1366 1352//1352 1381//1381
f 1369//1369 1353//1353 1382//1382
f 1371//1371 1355//1355 1383//1383
f 1355//1355 1370//1370 1383//1383
f 1383//1383 1384//1384 1371//1371
f 1385//1385 1384//1384 1383//1383
f 1370//1370 1359//1359 1386//1386
f 1370//1370 1386//1386 1383//1383
f 1383//1383 1386//1386 1385//1385
f 1372//1372 1357//1357 1387//1387
f 1371//1371 1388//1388 1357//1357
f 1388//1388 1387//1387 1357//1357
f 1389//1389 1371//1371 1384//1384
f 1389//1389 1388//1388 1371//1371
f 1359//1359 1390//1390 1386//1386
f 1358//1358 1390//1390 1359//1359
f 1373//1373 1372//1372 1391//1391
f 1391//1391 1372//1372 1387//1387
f 1390//1390 1358//1358 1374//1374
f 1391//1391 1392//1392 1373//1373
f 1392//1392 1361//1361 1373//1373
f 1375//1375 1393//1393 1374//1374
f 1392//1392 1394//1394 1361//1361
f 1375//1375 1395//1395 1393//1393
f 1375//1375 1376//1376 1395//1395
f 1394//1394 1377//1377 1361//1361
f 1394//1394 1396//1396 1377//1377
f 1377//1377 1396//1396 1379//1379
f 1397//1397 1379//1379 1396//1396
f 1397//1397 1396//1396 1398//1398
f 1376//1376 1362//1362 1378//1378
f 1399//1399 1376//1376 1378//1378
f 1365//1365 1379//1379 1397//1397
f 1400//1400 1397//1397 1398//1398
f 1348//1348 1365//1365 1397//1397
f 1400//1400 1348//1348 1397//1397
f 1400//1400 1401//1401 1348//1348
f 1348//1348 1401//1401 1367//1367
f 1368//1368 1367//1367 1402//1402
f 1367//1367 1401//1401 1402//1402
f 1402//1402 1353//1353 1368//1368
f 1366//1366 1381//1381 1403//1403
f 1366//1366 1403//1403 1380//1380
f 1382//1382 1353//1353 1404//1404
f 1353//1353 1402//1402 1404//1404
f 1351//1351 1369//1369 1405//1405
f 1405//1405 1369//1369 1382//1382
f 1381//1381 1351//1351 1405//1405
f 1403//1403 1381//1381 1405//1405
f 1406//1406 1385//1385 1386//1386
f 1386//1386 1390//1390 1407//1407
f 1406//1406 1386//1386 1407//1407
f 1387//1387 1408//1408 1391//1391
f 1408//1408 1387//1387 1409//1409
f 1388//1388 1409//1409 1387//1387
f 1390//1390 1393//1393 1407//1407
f 1374//1374 1393//1393 1390//1390
f 1391//1391 1408//1408 1392//1392
f 1392//1392 1410//1410 1394//1394
f 1392//1392 1408//1408 1410//1410
f 1394//1394 1410//1410 1396//1396
f 1376//1376 1411//1411 1395//1395
f 1411//1411 1376//1376 1399//1399
f 1398//1398 1412//1412 1400//1400
f 1399//1399 1378//1378 1413//1413
f 1400//1400 1414//1414 1401//1401
f 1380//1380 1415//1415 1413//1413
f 1403//1403 1415//1415 1380//1380
f 1413//1413 1378//1378 1380//1380
f 1382//1382 1404//1404 1416//1416
f 1405//1405 1382//1382 1416//1416
f 1405//1405 1416//1416 1417//1417
f 1403//1403 1405//1405 1417//1417
f 1403//1403 1417//1417 1415//1415
f 1384//1384 1385//1385 1406//1406
f 1418//1418 1384//1384 1406//1406
f 1389//1389 1409//1409 1388//1388
f 1409//1409 1389//1389 1419//1419
f 1389//1389 1384//1384 1418//1418
f 1419//1419 1389//1389 1418//1418
f 1407//1407 1420//1420 1406//1406
f 1408//1408 1409//1409 1421//1421
f 1421//1421 1409//1409 1419//1419
f 1410//1410 1408//1408 1421//1421
f 1410//1410 1421//1421 1422//1422
f 1410//1410 1398//1398 1396//1396
f 1410//1410 1422//1422 1398//1398
f 1395//1395 1423//1423 1393//1393
f 1422//1422 1412//1412 1398//1398
f 1411//1411 1424//1424 1423//1423
f 1411//1411 1423//1423 1395//1395
f 1400//1400 1412//1412 1414//1414
f 1425//1425 1424//1424 1411//1411
f 1399//1399 1413//1413 1425//1425
f 1411//1411 1399//1399 1425//1425
f 1402//1402 1401//1401 1426//1426
f 1401//1401 1414//1414 1426//1426
f 1427//1427 1402//1402 1426//1426
f 1413//1413 1415//1415 1425//1425
f 1415//1415 1428//1428 1425//1425
f 1402//1402 1427//1427 1404//1404
f 1416//1416 1404//1404 1429//1429
f 1404//1404 1427//1427 1429//1429
f 1416//1416 1429//1429 1417//1417
f 1415//1415 1417//1417 1428//1428
f 1406//1406 1420//1420 1430//1430
f 1418//1418 1406//1406 1430//1430
f 1419//1419 1431//1431 1421//1421
f 1430//1430 1432//1432 1418//1418
f 1432//1432 1419//1419 1418//1418
f 1420//1420 1407//1407 1433//1433
f 1430//1430 1420//1420 1433//1433
f 1407//1407 1393//1393 1433//1433
f 1431//1431 1434//1434 1422//1422
f 1421//1421 1431//1431 1422//1422
f 1435//1435 1431//1431 1419//1419
f 1435//1435 1419//1419 1432//1432
f 1433//1433 1432//1432 1430//1430
f 1434//1434 1436//1436 1422//1422
f 1435//1435 1437//1437 1431//1431
f 1437//1437 1434//1434 1431//1431
f 1437//1437 1435//1435 1438//1438
f 1393//1393 1439//1439 1433//1433
f 1393//1393 1423//1423 1439//1439
f 1422//1422 1436//1436 1412//1412
f 1437//1437 1440//1440 1434//1434
f 1440//1440 1436//1436 1434//1434
f 1423//1423 1441//1441 1439//1439
f 1423//1423 1424//1424 1441//1441
f 1412//1412 1436//1436 1414//1414
f 1414//1414 1436//1436 1440//1440
f 1442//1442 1414//1414 1440//1440
f 1424//1424 1443//1443 1441//1441
f 1444//1444 1443//1443 1424//1424
f 1442//1442 1426//1426 1414//1414
f 1442//1442 1445//1445 1426//1426
f 1427//1427 1426//1426 1445//1445
f 1446//1446 1444//1444 1424//1424
f 1425//1425 1428//1428 1446//1446
f 1424//1424 1425//1425 1446//1446
f 1429//1429 1427//1427 1447//1447
f 1417//1417 1429//1429 1447//1447
f 1417//1417 1447//1447 1448//1448
f 1446//1446 1428//1428 1448//1448
f 1448//1448 1428//1428 1417//1417
f 1432//1432 1438//1438 1435//1435
f 1438//1438 1449//1449 1437//1437
f 1433//1433 1439//1439 1450//1450
f 1433//1433 1450//1450 1432//1432
f 1432//1432 1450//1450 1438//1438
f 1449//1449 1440//1440 1437//1437
f 1451//1451 1438//1438 1452//1452
f 1451//1451 1449//1449 1438//1438
f 1450//1450 1452//1452 1438//1438
f 1452//1452 1453//1453 1454//1454
f 1452//1452 1450//1450 1453//1453
f 1450//1450 1439//1439 1453//1453
f 1439//1439 1441//1441 1453//1453
f 1441//1441 1443//1443 1453//1453
f 1449//1449 1455//1455 1440//1440
f 1455//1455 1442//1442 1440//1440
f 1451//1451 1455//1455 1449//1449
f 1456//1456 1454//1454 1453//1453
f 1443//1443 1456//1456 1453//1453
f 1455//1455 1445//1445 1442//1442
f 1454//1454 1455//1455 1451//1451
f 1454//1454 1457//1457 1455//1455
f 1457//1457 1445//1445 1455//1455
f 1454//1454 1456//1456 1457//1457
f 1443//1443 1444//1444 1456//1456
f 1444//1444 1457//1457 1456//1456
f 1447//1447 1427//1427 1445//1445
f 1457//1457 1447//1447 1445//1445
f 1448//1448 1447//1447 1457//1457
f 1444//1444 1448//1448 1457//1457
f 1446//1446 1448//1448 1444//1444
f 1451//1451 1452//1452 1454//1454
