# Generated by Visualization Toolkit
v 93.33423614501953 -78.63168334960938 34.12096405029297
v 92.26231384277344 -77.12835693359375 34.36226272583008
v 94.1602554321289 -76.32142639160156 34.41737747192383
v 124.30182647705078 -80.32522583007812 33.34233093261719
v 122.77143859863281 -78.01176452636719 34.2338752746582
v 125.6839370727539 -78.15576171875 34.801849365234375
v 118.41114807128906 -77.75885009765625 34.27471160888672
v 114.40721893310547 -79.4755859375 34.181861877441406
v 113.0607681274414 -78.20440673828125 34.767818450927734
v 95.44385528564453 -78.68832397460938 34.376625061035156
v 127.6265869140625 -80.84501647949219 34.2924919128418
v 120.44677734375 -80.99467468261719 33.155052185058594
v 103.28297424316406 -78.26872253417969 35.33377456665039
v 108.08055114746094 -78.62452697753906 34.6358642578125
v 103.71753692626953 -80.11192321777344 34.26203918457031
v 106.45915985107422 -80.78965759277344 33.839256286621094
v 123.28202056884766 -82.78215026855469 32.860408782958984
v 114.55843353271484 -81.363525390625 33.83643341064453
v 109.69001007080078 -82.648193359375 33.347103118896484
v 102.7852554321289 -79.21310424804688 34.37162780761719
v 103.32141876220703 -82.69174194335938 34.15703582763672
v 125.50996398925781 -83.34963989257812 33.13957214355469
v 127.82572174072266 -83.6556396484375 34.06393051147461
v 111.39967346191406 -83.19009399414062 33.526371002197266
v 105.63571166992188 -82.85545349121094 33.84526443481445
v 115.5922622680664 -84.6578369140625 33.73642349243164
v 108.47266387939453 -86.3804931640625 33.88833236694336
v 127.9037094116211 -89.16343688964844 34.11244201660156
v 120.39338684082031 -88.30288696289062 32.952789306640625
v 117.0936279296875 -88.0010986328125 33.199703216552734
v 110.9714584350586 -88.736328125 33.38072967529297
v 104.92891693115234 -86.179931640625 35.430763244628906
v 125.97023010253906 -90.50233459472656 33.430625915527344
v 123.0576171875 -90.47329711914062 33.03648376464844
v 109.30785369873047 -87.961669921875 33.75257873535156
v 107.03216552734375 -90.47328186035156 34.15187454223633
v 128.80638122558594 -93.25827026367188 33.82716369628906
v 124.12108612060547 -97.24246215820312 32.78880310058594
v 116.51104736328125 -94.49058532714844 32.96221160888672
v 108.51075744628906 -94.28228759765625 32.779903411865234
v 104.95684051513672 -94.37274169921875 33.4791374206543
v 131.27093505859375 -90.92803955078125 35.67859649658203
v 132.61904907226562 -96.39999389648438 34.41962814331055
v 103.3203353881836 -93.85565185546875 34.549346923828125
v 129.04222106933594 -98.41508483886719 33.03720474243164
v 103.02889251708984 -96.36392211914062 34.5427360534668
v 102.2542724609375 -95.0074462890625 35.919857025146484
v 113.90494537353516 -96.99003601074219 33.16907501220703
v 108.21920013427734 -96.89762878417969 33.20946502685547
v 106.00318145751953 -96.41877746582031 33.33644104003906
v 132.27166748046875 -99.39985656738281 33.820404052734375
v 118.22881317138672 -99.45701599121094 32.99681091308594
v 105.19805908203125 -99.62252807617188 35.16877746582031
v 126.81421661376953 -100.96803283691406 32.77202224731445
v 114.32723236083984 -99.94218444824219 33.95267105102539
v 112.4945068359375 -99.66934204101562 34.22804641723633
v 107.55292510986328 -99.58718872070312 34.59297180175781
v 129.93309020996094 -101.49272155761719 33.06858825683594
v 117.48406219482422 -102.0284423828125 33.615821838378906
v 132.5554962158203 -103.27143859863281 33.81246566772461
v 120.17683410644531 -103.15737915039062 33.36610412597656
v 126.3187026977539 -103.80227661132812 32.935279846191406
v 115.17788696289062 -102.94087219238281 35.172088623046875
v 129.28292846679688 -105.81098937988281 33.23184585571289
v 132.26319885253906 -106.37359619140625 34.289161682128906
v 130.88665771484375 -107.4180908203125 33.96370315551758
v 118.6223373413086 -104.61196899414062 34.17456817626953
v 123.01358795166016 -104.930419921875 33.70656204223633
v 125.74930572509766 -108.18765258789062 34.15557861328125
v 121.64873504638672 -106.44868469238281 34.93087387084961
v 127.89558410644531 -108.57643127441406 34.52802276611328
v 92.62023162841797 -75.014404296875 35.007083892822266
v 123.82998657226562 -76.34333801269531 36.043888092041016
v 119.87711334228516 -75.79545593261719 35.61750793457031
v 88.72479248046875 -77.29824829101562 35.738441467285156
v 86.84877014160156 -73.7857666015625 36.68022155761719
v 113.9889907836914 -74.26422119140625 36.92161178588867
v 107.64920043945312 -75.69804382324219 36.28288650512695
v 103.25397491455078 -76.45645141601562 36.53588104248047
v 97.23542022705078 -74.60945129394531 36.078712463378906
v 97.6099624633789 -76.80900573730469 35.90777587890625
v 97.4956283569336 -78.27787780761719 36.06845474243164
v 92.87330627441406 -80.09992980957031 35.4654541015625
v 89.6291275024414 -80.71647644042969 36.40215301513672
v 87.80028533935547 -79.0157470703125 36.23662567138672
v 100.3087158203125 -82.20677185058594 36.865455627441406
v 131.672607421875 -82.31343078613281 36.618370056152344
v 101.33311462402344 -83.769287109375 36.75922393798828
v 130.99734497070312 -87.3428955078125 36.071998596191406
v 102.6605453491211 -86.99636840820312 37.66144561767578
v 106.56236267089844 -88.33702087402344 34.93899917602539
v 103.76094055175781 -89.55825805664062 36.7899169921875
v 135.23568725585938 -94.37590026855469 36.28453826904297
v 101.81251525878906 -91.71748352050781 38.32313537597656
v 136.00802612304688 -98.13497924804688 35.99061584472656
v 102.4778823852539 -97.45310974121094 35.93739318847656
v 136.80494689941406 -102.1566162109375 36.42104721069336
v 112.78694152832031 -101.62667846679688 35.77384948730469
v 108.7022476196289 -101.37420654296875 37.47768020629883
v 106.92021942138672 -100.66229248046875 36.0096435546875
v 105.1824951171875 -100.75790405273438 37.8228645324707
v 133.861083984375 -105.14521789550781 34.88854217529297
v 115.9937515258789 -104.85614013671875 36.3351936340332
v 114.40531158447266 -103.46726989746094 36.515480041503906
v 118.39945220947266 -105.90966796875 36.12114715576172
v 129.58251953125 -109.61355590820312 36.215965270996094
v 125.0114517211914 -109.15841674804688 35.66875076293945
v 127.46453094482422 -110.53857421875 37.21781921386719
v 91.84407043457031 -57.74094772338867 37.49834442138672
v 87.78052520751953 -56.2140998840332 37.819366455078125
v 90.26551818847656 -54.676143646240234 38.41184616088867
v 87.64643859863281 -55.22397232055664 38.149864196777344
v 93.09818267822266 -57.31374740600586 37.884620666503906
v 89.63350677490234 -59.96908950805664 37.45598602294922
v 94.27716064453125 -59.03469467163086 38.12935256958008
v 83.33892059326172 -56.9673957824707 38.86005783081055
v 88.83464050292969 -64.95509338378906 37.59362030029297
v 91.72821044921875 -64.73735046386719 37.56133270263672
v 94.77954864501953 -63.878116607666016 38.25163269042969
v 85.20537567138672 -63.74222183227539 38.22161865234375
v 75.67040252685547 -62.33774185180664 38.528377532958984
v 81.15875244140625 -61.369075775146484 38.63669967651367
v 77.29032897949219 -67.44842529296875 37.047908782958984
v 95.66487121582031 -66.86123657226562 38.06034851074219
v 83.82951354980469 -69.54533386230469 37.18316650390625
v 73.59384155273438 -68.26188659667969 37.10504150390625
v 92.25518035888672 -68.2457275390625 37.26795196533203
v 71.88829803466797 -65.61294555664062 38.505523681640625
v 99.72618865966797 -70.67855834960938 37.99920654296875
v 95.23030090332031 -71.04945373535156 36.80779266357422
v 91.63248443603516 -70.43406677246094 36.784263610839844
v 68.7040786743164 -68.92642211914062 38.369895935058594
v 68.93165588378906 -70.64706420898438 37.419551849365234
v 74.46714782714844 -71.27349853515625 36.66046142578125
v 70.77387237548828 -71.65740966796875 36.814212799072266
v 116.78744506835938 -73.38107299804688 37.711265563964844
v 115.25132751464844 -70.49613952636719 39.63157653808594
v 111.08515930175781 -70.80201721191406 38.435096740722656
v 103.8607177734375 -72.9578857421875 37.86406707763672
v 104.75940704345703 -70.24125671386719 39.06709289550781
v 102.11634063720703 -71.61750793457031 38.164703369140625
v 80.35600280761719 -74.9344482421875 36.97340393066406
v 67.79371643066406 -72.85563659667969 37.27193832397461
v 64.5119400024414 -71.49269104003906 38.23845291137695
v 72.41226196289062 -74.21818542480469 36.90888977050781
v 63.650787353515625 -73.49266052246094 38.73740005493164
v 127.86980438232422 -76.15718078613281 38.048248291015625
v 122.8512191772461 -72.32637023925781 41.55078887939453
v 118.75480651855469 -72.68295288085938 38.98107147216797
v 100.3691635131836 -76.33555603027344 36.85060119628906
v 68.20682525634766 -75.05061340332031 37.71533203125
v 64.66595458984375 -75.24661254882812 39.04123306274414
v 84.98200225830078 -76.99005126953125 36.686187744140625
v 80.70005798339844 -77.98138427734375 37.18457794189453
v 77.34528350830078 -76.69346618652344 37.34642028808594
v 73.99504089355469 -77.40455627441406 37.9671630859375
v 68.51411437988281 -76.61894226074219 38.481201171875
v 132.1708526611328 -77.01016235351562 38.97467803955078
v 100.89816284179688 -79.4454345703125 36.29277801513672
v 98.84149932861328 -78.92378234863281 36.60334014892578
v 78.0795669555664 -78.80824279785156 37.94062042236328
v 133.2526397705078 -79.15269470214844 38.147499084472656
v 130.4612274169922 -79.57647705078125 36.62360382080078
v 99.41771697998047 -80.3172607421875 36.81938934326172
v 95.78643035888672 -80.24412536621094 36.24065399169922
v 82.34922790527344 -80.39826965332031 37.35944366455078
v 77.09295654296875 -80.62078857421875 39.31053924560547
v 73.19951629638672 -78.85105895996094 39.30299758911133
v 134.2990264892578 -82.32281494140625 37.604576110839844
v 97.55897521972656 -81.6240234375 37.52103042602539
v 94.73859405517578 -83.75338745117188 39.07128143310547
v 86.81208038330078 -82.46382141113281 37.73550033569336
v 81.40445709228516 -82.36827087402344 38.471595764160156
v 138.4856414794922 -82.747314453125 38.37161636352539
v 138.9542999267578 -84.50593566894531 38.12627410888672
v 99.39373016357422 -85.01451110839844 39.103546142578125
v 96.9343032836914 -83.95114135742188 39.13246154785156
v 87.74552917480469 -83.80793762207031 38.84436798095703
v 83.0169906616211 -84.16961669921875 39.63435363769531
v 133.0645751953125 -88.62974548339844 36.78989791870117
v 139.24664306640625 -93.12858581542969 37.54332733154297
v 140.62112426757812 -89.92778015136719 38.53026580810547
v 136.0570831298828 -92.58609008789062 36.77523422241211
v 101.25813293457031 -89.24620056152344 39.61577224731445
v 141.39051818847656 -93.69625854492188 38.54143524169922
v 141.3710174560547 -96.77561950683594 38.41917037963867
v 103.55472564697266 -99.76805114746094 37.62380599975586
v 139.57958984375 -103.15653991699219 38.576072692871094
v 112.11831665039062 -102.46005249023438 37.794578552246094
v 110.7674560546875 -102.32304382324219 38.95238494873047
v 138.25686645507812 -105.72740173339844 39.206031799316406
v 118.78287506103516 -106.720703125 37.49170684814453
v 134.7407989501953 -108.24525451660156 38.90690612792969
v 122.48511505126953 -109.900634765625 39.01985168457031
v 132.90975952148438 -111.76136779785156 42.33898162841797
v 128.90740966796875 -111.74607849121094 39.925636291503906
v 124.19375610351562 -111.71708679199219 40.81158447265625
v 75.55597686767578 -53.29096603393555 39.80373001098633
v 77.44561767578125 -51.84803009033203 40.487579345703125
v 81.95619201660156 -53.54988098144531 39.86399459838867
v 80.33013153076172 -55.41348648071289 39.31952667236328
v 91.03868865966797 -53.46121597290039 39.87828826904297
v 94.22138214111328 -55.23093032836914 39.791358947753906
v 85.475341796875 -53.76579284667969 39.50962448120117
v 73.38910675048828 -56.06837844848633 39.29540252685547
v 97.94973754882812 -56.506099700927734 41.230857849121094
v 65.84226989746094 -56.2445182800293 39.983436584472656
v 68.89678955078125 -58.56645584106445 39.425167083740234
v 98.93157958984375 -59.41231155395508 40.7479248046875
v 75.98966979980469 -59.53034591674805 38.95411682128906
v 63.03143310546875 -57.83346176147461 41.131927490234375
v 72.16954040527344 -62.06977462768555 39.17022705078125
v 69.8616714477539 -60.71013259887695 39.666481018066406
v 69.30718231201172 -63.23115921020508 40.18751907348633
v 68.20719146728516 -61.79816818237305 40.42677688598633
v 100.10993957519531 -64.28434753417969 40.48297882080078
v 70.00946044921875 -64.98347473144531 39.73292541503906
v 104.05857849121094 -66.4222412109375 40.89994812011719
v 67.13009643554688 -65.88169860839844 41.59459686279297
v 110.22074127197266 -67.21697998046875 40.901161193847656
v 63.751708984375 -69.92770385742188 39.32571792602539
v 65.39695739746094 -67.37905883789062 41.21690368652344
v 60.488311767578125 -68.71186828613281 41.61650085449219
v 61.01390075683594 -71.3447265625 40.1120491027832
v 58.88554382324219 -70.59152221679688 41.727848052978516
v 133.05711364746094 -75.99363708496094 40.48184585571289
v 67.9374008178711 -77.67573547363281 39.79148864746094
v 137.75747680664062 -78.415771484375 40.180625915527344
v 138.73899841308594 -80.26483154296875 39.39793395996094
v 141.32179260253906 -82.49296569824219 40.02934646606445
v 79.20684051513672 -82.67218017578125 39.87001037597656
v 141.7571563720703 -85.787841796875 39.62834548950195
v 99.76332092285156 -88.40037536621094 41.374176025390625
v 95.04100036621094 -85.37184143066406 41.07664108276367
v 92.49840545654297 -85.07928466796875 41.00382614135742
v 84.48237609863281 -85.11685180664062 40.87106704711914
v 100.97830963134766 -94.47895812988281 39.791107177734375
v 143.31314086914062 -95.81109619140625 40.967498779296875
v 101.08682250976562 -97.29925537109375 41.1876220703125
v 102.13442993164062 -99.14500427246094 41.11967086791992
v 141.43601989746094 -102.20614624023438 40.12081527709961
v 102.97606658935547 -100.009521484375 42.11748123168945
v 109.7190933227539 -102.45555114746094 42.511924743652344
v 112.61615753173828 -103.71830749511719 40.950809478759766
v 140.32476806640625 -105.86917114257812 41.52704620361328
v 116.12918853759766 -106.23272705078125 40.6579475402832
v 120.79485321044922 -110.13180541992188 41.6943244934082
v 125.7498779296875 -112.68707275390625 42.07318115234375
v 81.7085189819336 -50.82721710205078 41.797874450683594
v 75.83482360839844 -49.987857818603516 42.43375778198242
v 68.6595230102539 -51.911460876464844 41.47843551635742
v 67.95987701416016 -50.066490173339844 42.90449523925781
v 93.7643051147461 -53.05586624145508 41.79924774169922
v 87.25291442871094 -51.2719612121582 42.28499984741211
v 84.67613983154297 -51.97966003417969 41.02317810058594
v 59.402130126953125 -53.00482177734375 41.415367126464844
v 61.183868408203125 -51.037086486816406 42.149688720703125
v 64.8191909790039 -52.541629791259766 41.56203079223633
v 56.418670654296875 -50.66383743286133 41.91950988769531
v 52.405853271484375 -51.27185821533203 41.915992736816406
v 53.68281555175781 -53.83445358276367 41.26897430419922
v 49.28288269042969 -53.04286575317383 42.20195388793945
v 63.22721862792969 -54.88459396362305 40.973411560058594
v 60.92948913574219 -55.08914566040039 41.212005615234375
v 97.76651763916016 -54.40182113647461 42.904640197753906
v 54.58000183105469 -56.20759963989258 41.29340744018555
v 59.66288757324219 -57.50532150268555 41.52433776855469
v 48.68389892578125 -56.8727912902832 42.32614517211914
v 101.54981994628906 -58.95329666137695 42.032691955566406
v 50.713287353515625 -61.64945602416992 42.775203704833984
v 62.72938537597656 -61.61404037475586 42.73546600341797
v 54.12249755859375 -61.372066497802734 42.55570602416992
v 65.53288269042969 -63.30107498168945 42.369712829589844
v 106.21459197998047 -60.86172103881836 43.07158660888672
v 107.76883697509766 -63.634456634521484 42.42938232421875
v 113.4557876586914 -67.31474304199219 41.36571502685547
v 109.67999267578125 -62.1373176574707 43.51121139526367
v 118.5186996459961 -69.02516174316406 42.23757553100586
v 60.28642272949219 -73.62496948242188 40.99789810180664
v 56.8958740234375 -72.33905029296875 42.38255310058594
v 128.99362182617188 -72.83927917480469 43.09983825683594
v 61.583282470703125 -76.46279907226562 42.032371520996094
v 58.0733642578125 -75.12922668457031 42.402862548828125
v 139.8730010986328 -77.47749328613281 42.28202438354492
v 136.03529357910156 -75.371826171875 43.218082427978516
v 142.4306640625 -80.63645935058594 41.804718017578125
v 73.39912414550781 -80.46810913085938 41.6422119140625
v 64.1604232788086 -78.51707458496094 43.426551818847656
v 76.90702056884766 -82.90214538574219 42.638023376464844
v 143.57949829101562 -84.28974914550781 41.95138931274414
v 79.87703704833984 -84.60023498535156 42.61386489868164
v 97.45578002929688 -87.12727355957031 42.36942672729492
v 144.07041931152344 -89.92155456542969 42.538299560546875
v 99.99100494384766 -91.95069885253906 41.94462585449219
v 98.25548553466797 -93.81484985351562 46.022003173828125
v 144.3555450439453 -100.90606689453125 44.00520324707031
v 104.9272689819336 -100.99916076660156 42.05385208129883
v 117.5185775756836 -107.68728637695312 42.30096435546875
v 138.2705535888672 -111.63783264160156 45.51176452636719
v 130.1859130859375 -112.86611938476562 43.46883010864258
v 65.96727752685547 -49.069583892822266 43.757381439208984
v 61.02876281738281 -48.025264739990234 44.26711654663086
v 64.95848846435547 -47.480079650878906 45.83164978027344
v 57.281341552734375 -49.042884826660156 42.98389434814453
v 55.43670654296875 -45.80522155761719 45.46719741821289
v 52.55235290527344 -48.742061614990234 43.32459259033203
v 52.354156494140625 -45.58510208129883 45.618202209472656
v 77.2343978881836 -49.292388916015625 43.64630889892578
v 71.27704620361328 -48.43218231201172 44.831050872802734
v 49.79936218261719 -48.60916519165039 43.98711013793945
v 46.131317138671875 -51.00330352783203 43.760414123535156
v 46.17875671386719 -49.060943603515625 45.56108093261719
v 90.20673370361328 -51.057533264160156 44.45281982421875
v 83.6878890991211 -49.82185745239258 44.11819839477539
v 42.480804443359375 -51.62260818481445 45.40601348876953
v 97.73323059082031 -53.05234909057617 45.39573669433594
v 44.464874267578125 -53.83954620361328 43.12586212158203
v 41.155731201171875 -54.32889938354492 44.47328186035156
v 100.67604064941406 -54.17882537841797 45.00506591796875
v 104.02750396728516 -56.56218338012695 44.12651062011719
v 104.01189422607422 -55.646549224853516 45.27388000488281
v 44.18296813964844 -56.84512710571289 42.75514221191406
v 40.026824951171875 -56.876094818115234 44.312705993652344
v 101.20841979980469 -56.66769790649414 42.790164947509766
v 41.39927673339844 -58.56191635131836 43.412559509277344
v 108.0717544555664 -59.90671157836914 44.39412307739258
v 42.931854248046875 -60.200984954833984 43.12031173706055
v 59.45991516113281 -61.64261245727539 42.975425720214844
v 45.7452392578125 -66.54176330566406 43.802066802978516
v 40.46025085449219 -61.08975601196289 44.09165573120117
v 116.19586181640625 -61.57199478149414 46.41352081298828
v 115.13805389404297 -63.53444290161133 43.81916809082031
v 111.067626953125 -60.69864273071289 45.35957336425781
v 62.011932373046875 -63.83524703979492 43.341400146484375
v 58.98356628417969 -64.13145446777344 43.48195266723633
v 51.67887878417969 -64.53823852539062 43.08405303955078
v 43.42207336425781 -63.608890533447266 43.886444091796875
v 64.1633071899414 -65.443359375 42.67223358154297
v 44.091552734375 -66.97744750976562 44.53955078125
v 41.781402587890625 -63.967342376708984 44.950218200683594
v 40.08056640625 -62.218021392822266 45.00810241699219
v 60.5650634765625 -66.49757385253906 42.948734283447266
v 57.273345947265625 -67.95851135253906 43.070552825927734
v 47.113555908203125 -66.88235473632812 43.501834869384766
v 50.28619384765625 -67.52204895019531 43.21438217163086
v 118.14754486083984 -64.25895690917969 44.47869110107422
v 123.10364532470703 -69.29689025878906 44.079715728759766
v 53.098846435546875 -71.74957275390625 42.968257904052734
v 47.140533447265625 -72.97836303710938 43.319000244140625
v 49.790557861328125 -75.02691650390625 43.00223159790039
v 125.77610778808594 -69.73468017578125 45.10028839111328
v 45.12367248535156 -72.86634826660156 44.09978485107422
v 131.105712890625 -72.32289123535156 45.787078857421875
v 132.82437133789062 -73.20010375976562 45.760833740234375
v 54.76051330566406 -75.06678771972656 42.84715270996094
v 46.710601806640625 -76.42486572265625 44.09880447387695
v 141.53038024902344 -77.56898498535156 43.8656005859375
v 137.9058837890625 -75.12799072265625 45.377044677734375
v 59.67396545410156 -77.30397033691406 43.34441375732422
v 55.67109680175781 -76.62525939941406 43.2188835144043
v 48.42356872558594 -77.51385498046875 43.86039733886719
v 62.299346923828125 -79.03047180175781 44.969181060791016
v 57.57347106933594 -78.02877807617188 44.04218673706055
v 50.205108642578125 -78.14942932128906 43.9373893737793
v 143.865234375 -79.33294677734375 44.86430358886719
v 52.14872741699219 -79.23837280273438 44.737892150878906
v 144.23150634765625 -80.7928466796875 44.338783264160156
v 66.98626708984375 -81.46200561523438 48.248416900634766
v 72.9467544555664 -81.78233337402344 44.47984313964844
v 146.0513916015625 -84.10301208496094 46.549537658691406
v 144.99200439453125 -86.02867126464844 44.096763610839844
v 94.02192687988281 -86.55169677734375 44.09659957885742
v 91.07421875 -85.97944641113281 43.68558120727539
v 84.33039093017578 -85.99412536621094 43.614871978759766
v 81.55706787109375 -85.75152587890625 44.30141067504883
v 97.60055541992188 -88.97373962402344 44.216094970703125
v 95.87290954589844 -87.86659240722656 45.344486236572266
v 97.60091400146484 -90.21281433105469 45.367332458496094
v 146.0721893310547 -96.8472900390625 45.93409729003906
v 99.87567901611328 -97.36228942871094 44.96916198730469
v 104.00245666503906 -100.47798156738281 45.508155822753906
v 110.00527954101562 -102.68016052246094 45.88393783569336
v 143.97317504882812 -105.51271057128906 46.53200912475586
v 114.26110076904297 -105.488037109375 44.4194221496582
v 142.63580322265625 -106.42930603027344 45.00267791748047
v 117.63480377197266 -108.49855041503906 45.296653747558594
v 139.74835205078125 -109.98277282714844 44.97772216796875
v 120.61023712158203 -110.78462219238281 44.0345573425293
v 137.22373962402344 -112.55998229980469 46.272926330566406
v 124.18889617919922 -113.0673828125 44.80052185058594
v 128.34776306152344 -113.38212585449219 45.42902374267578
v 53.087432861328125 -43.3163948059082 46.6749267578125
v 56.07196044921875 -43.116371154785156 47.06574249267578
v 58.238372802734375 -45.75176239013672 46.341712951660156
v 60.05467224121094 -45.3840446472168 48.01030731201172
v 73.4459228515625 -47.80747604370117 46.75874328613281
v 49.03401184082031 -46.479366302490234 46.39448547363281
v 86.26009368896484 -49.653873443603516 47.094764709472656
v 81.43607330322266 -48.70018768310547 47.398502349853516
v 90.57820129394531 -50.67584991455078 48.22199249267578
v 93.60926055908203 -51.6191291809082 47.09196853637695
v 102.02684783935547 -54.037025451660156 47.40729522705078
v 40.78636169433594 -51.750152587890625 47.18735122680664
v 38.891845703125 -55.39108657836914 46.40254211425781
v 106.75323486328125 -56.206302642822266 47.918453216552734
v 108.91899108886719 -58.4830436706543 46.65273666381836
v 38.540985107421875 -60.87141799926758 45.90692901611328
v 37.1759033203125 -58.18526077270508 47.78797149658203
v 36.923583984375 -59.439823150634766 48.40068054199219
v 120.11896514892578 -63.41135025024414 46.908180236816406
v 122.13207244873047 -65.87310791015625 46.04044723510742
v 41.20051574707031 -64.27587890625 46.201805114746094
v 43.750640869140625 -68.0860595703125 45.29644775390625
v 43.35090637207031 -68.12057495117188 46.55476760864258
v 43.92448425292969 -72.76461791992188 46.45490264892578
v 127.32887268066406 -69.58647155761719 46.69071960449219
v 44.264404296875 -73.99940490722656 45.48839569091797
v 44.76643371582031 -77.50651550292969 46.20701599121094
v 43.36045837402344 -76.00588989257812 47.402278900146484
v 139.60447692871094 -75.53070068359375 47.11567687988281
v 142.5356903076172 -77.10700988769531 48.10150909423828
v 143.89163208007812 -78.67025756835938 46.547454833984375
v 46.64472961425781 -79.65390014648438 46.308589935302734
v 59.620574951171875 -79.86283874511719 46.68950271606445
v 53.84275817871094 -80.13114929199219 46.03434753417969
v 48.10893249511719 -80.20783996582031 46.26744079589844
v 146.12400817871094 -82.45230102539062 47.9595947265625
v 72.97329711914062 -83.39044189453125 48.542015075683594
v 75.24427795410156 -84.51214599609375 49.47874450683594
v 92.26167297363281 -86.8221435546875 47.9024543762207
v 89.61766052246094 -86.43745422363281 47.08428192138672
v 83.52195739746094 -86.38323974609375 46.74269104003906
v 146.00648498535156 -90.42529296875 46.45298767089844
v 147.43231201171875 -95.14190673828125 48.8653678894043
v 98.03569793701172 -94.44212341308594 48.33940887451172
v 100.48723602294922 -98.31834411621094 46.98756408691406
v 114.69735717773438 -106.05830383300781 47.28810119628906
v 141.82839965820312 -109.31895446777344 47.879371643066406
v 121.80593872070312 -111.97344970703125 47.02064514160156
v 134.7936553955078 -113.47393798828125 47.945709228515625
v 126.01443481445312 -113.37062072753906 47.083980560302734
v 53.81837463378906 -42.144447326660156 48.591590881347656
v 49.29484558105469 -43.99696731567383 48.080963134765625
v 49.85102844238281 -42.098140716552734 49.85446548461914
v 57.39930725097656 -43.09811782836914 48.191768646240234
v 63.723655700683594 -46.38056945800781 48.13807678222656
v 69.7474594116211 -46.69158935546875 50.407936096191406
v 46.34947204589844 -46.466392517089844 48.79447937011719
v 42.98027038574219 -48.1741943359375 50.68084716796875
v 97.71980285644531 -52.64349365234375 48.67828369140625
v 101.49923706054688 -53.809173583984375 50.18943786621094
v 37.62205505371094 -54.452213287353516 49.66018295288086
v 107.12456512451172 -56.074337005615234 50.268028259277344
v 111.62512969970703 -59.10065841674805 49.62872314453125
v 111.41267395019531 -59.55777359008789 47.515743255615234
v 116.99494934082031 -61.063968658447266 48.404998779296875
v 38.140411376953125 -61.503238677978516 48.150718688964844
v 39.02043151855469 -62.66230392456055 49.685325622558594
v 41.72886657714844 -65.17359924316406 47.938087463378906
v 128.61366271972656 -69.529296875 48.547149658203125
v 44.12117004394531 -69.16744995117188 48.120140075683594
v 44.10125732421875 -67.0703125 49.960670471191406
v 44.098663330078125 -72.22230529785156 47.915550231933594
v 133.8603973388672 -72.85194396972656 48.733619689941406
v 44.619598388671875 -79.38853454589844 48.58118438720703
v 43.131927490234375 -77.89578247070312 49.569854736328125
v 62.61137390136719 -80.98860168457031 49.562767028808594
v 52.12409973144531 -81.35580444335938 48.33463668823242
v 147.4383544921875 -85.37461853027344 50.920654296875
v 79.74759674072266 -85.94879150390625 49.06471252441406
v 94.07617950439453 -87.64997863769531 50.32989501953125
v 147.56411743164062 -90.22027587890625 50.99092102050781
v 95.99990844726562 -88.86320495605469 48.87581253051758
v 97.15947723388672 -90.87306213378906 48.4133186340332
v 147.31002807617188 -100.69676208496094 50.66777801513672
v 101.7405014038086 -98.8287353515625 48.98725128173828
v 146.16384887695312 -102.74703979492188 49.43196105957031
v 110.50477600097656 -102.84883117675781 49.29627227783203
v 108.6240005493164 -101.63294982910156 50.269859313964844
v 118.69174194335938 -109.40963745117188 48.658294677734375
v 139.50746154785156 -111.87767028808594 48.53864288330078
v 132.06222534179688 -113.62327575683594 49.250633239746094
v 55.041717529296875 -41.732723236083984 51.25714111328125
v 50.480682373046875 -41.454627990722656 51.568336486816406
v 47.487884521484375 -42.02894592285156 51.94654083251953
v 45.84136962890625 -43.80788803100586 51.666290283203125
v 59.50714111328125 -44.03092575073242 50.572532653808594
v 61.79591369628906 -45.176334381103516 50.87322998046875
v 74.77986145019531 -47.23902130126953 51.342498779296875
v 64.57512664794922 -45.74715042114258 52.14554977416992
v 83.53619384765625 -48.806678771972656 50.87138748168945
v 92.86956787109375 -51.68517303466797 51.710853576660156
v 39.35383605957031 -51.52585220336914 50.06743621826172
v 106.61114501953125 -55.985660552978516 52.12846374511719
v 36.2239990234375 -56.92422866821289 50.56793212890625
v 110.27424621582031 -58.175350189208984 51.45941162109375
v 115.5168228149414 -60.03615188598633 50.29192352294922
v 36.588836669921875 -59.64969253540039 50.55710220336914
v 121.48915100097656 -63.570926666259766 49.564414978027344
v 118.92461395263672 -61.89041519165039 50.879066467285156
v 125.10964965820312 -65.93711853027344 50.40008544921875
v 44.37367248535156 -66.25057983398438 52.16968536376953
v 45.165496826171875 -67.42709350585938 51.281219482421875
v 45.86064147949219 -67.24441528320312 51.78742218017578
v 130.7285614013672 -70.17996215820312 51.73692321777344
v 46.65965270996094 -69.16621398925781 52.08065414428711
v 46.25230407714844 -71.72451782226562 50.912086486816406
v 134.8791046142578 -72.47914123535156 53.86365509033203
v 44.4267578125 -73.321533203125 49.59532165527344
v 46.62712097167969 -72.52487182617188 51.27592086791992
v 135.6149139404297 -72.65869140625 57.20838165283203
v 43.682769775390625 -74.82968139648438 50.80426788330078
v 42.82853698730469 -76.65850830078125 51.53856658935547
v 144.2452850341797 -78.26460266113281 51.937889099121094
v 146.1808319091797 -81.03724670410156 51.26497268676758
v 58.25535583496094 -81.16770935058594 50.145118713378906
v 47.9937744140625 -81.55073547363281 49.874473571777344
v 45.998382568359375 -81.13919067382812 51.304771423339844
v 50.85957336425781 -82.18464660644531 52.105857849121094
v 75.46611022949219 -85.116943359375 54.16607666015625
v 87.88858032226562 -86.63534545898438 53.762603759765625
v 81.74591064453125 -86.38040161132812 51.04929733276367
v 97.37933349609375 -90.70361328125 52.6450080871582
v 99.40469360351562 -95.49807739257812 52.838356018066406
v 148.79344177246094 -97.50724792480469 53.71227264404297
v 114.75049591064453 -105.07017517089844 52.954620361328125
v 145.43394470214844 -106.5865478515625 53.505069732666016
v 118.98174285888672 -108.90451049804688 51.81561279296875
v 123.09736633300781 -112.0438232421875 50.931549072265625
v 139.01953125 -112.55960083007812 50.91741943359375
v 136.7082977294922 -113.46836853027344 51.40793991088867
v 125.64746856689453 -113.02363586425781 50.56256103515625
v 52.60980224609375 -41.31396484375 52.914798736572266
v 56.98291015625 -42.33503341674805 52.407012939453125
v 42.99726867675781 -46.17816162109375 53.37151336669922
v 39.29985046386719 -48.51628494262695 55.64970397949219
v 86.21602630615234 -49.93791961669922 55.90721893310547
v 37.38978576660156 -51.2584228515625 55.370079040527344
v 36.36940002441406 -55.04397201538086 54.490692138671875
v 35.914154052734375 -57.63784408569336 53.101478576660156
v 112.41703033447266 -59.380794525146484 53.00227737426758
v 116.08373260498047 -60.48507308959961 53.58757400512695
v 119.3071060180664 -62.48524856567383 53.04084777832031
v 122.75274658203125 -64.10113525390625 53.393402099609375
v 40.639678955078125 -63.46027755737305 51.54026412963867
v 38.20332336425781 -61.25825881958008 54.6848030090332
v 125.76051330566406 -65.90623474121094 52.72880554199219
v 53.01350402832031 -66.07479858398438 55.048057556152344
v 52.82005310058594 -65.98194885253906 51.492549896240234
v 54.09979248046875 -66.40721130371094 51.267242431640625
v 53.84269714355469 -67.41899108886719 52.642181396484375
v 46.15020751953125 -68.27116394042969 52.09300231933594
v 45.167877197265625 -68.11569213867188 52.046775817871094
v 46.04972839355469 -69.85537719726562 52.03254699707031
v 129.43533325195312 -68.79830932617188 54.076053619384766
v 47.40107727050781 -71.72010803222656 52.436241149902344
v 140.63563537597656 -75.35678100585938 55.23853302001953
v 42.461395263671875 -77.61805725097656 51.78660202026367
v 42.847900390625 -76.63623046875 54.20526123046875
v 43.475341796875 -78.98770141601562 51.61962127685547
v 147.48927307128906 -83.50112915039062 53.092227935791016
v 67.52071380615234 -82.94685363769531 52.65036392211914
v 63.543601989746094 -82.30088806152344 54.79392623901367
v 60.125152587890625 -81.59385681152344 53.704994201660156
v 57.02442932128906 -81.67129516601562 54.0131950378418
v 47.297943115234375 -81.94874572753906 53.92273712158203
v 90.67093658447266 -86.9873046875 55.39521026611328
v 96.99224090576172 -89.82412719726562 56.23002624511719
v 98.5596694946289 -93.20391845703125 55.367706298828125
v 149.26498413085938 -94.95320129394531 55.24994659423828
v 107.32530975341797 -100.19419860839844 53.40876770019531
v 101.3296890258789 -96.69392395019531 54.16288757324219
v 148.01914978027344 -104.11639404296875 57.015987396240234
v 138.27398681640625 -112.92916870117188 54.63080978393555
v 134.90420532226562 -113.53224182128906 53.03657531738281
v 132.25003051757812 -113.23202514648438 54.04425811767578
v 61.66572570800781 -44.53668975830078 55.36131286621094
v 41.32281494140625 -41.90068817138672 59.39582061767578
v 82.06153106689453 -48.691986083984375 60.916526794433594
v 98.39553833007812 -54.17800521850586 57.211727142333984
v 105.45000457763672 -56.24428939819336 54.37727355957031
v 121.17418670654297 -63.881893157958984 54.438758850097656
v 45.59165954589844 -65.54067993164062 53.60362243652344
v 50.652069091796875 -65.08663940429688 54.81151580810547
v 47.83634948730469 -64.793701171875 55.698463439941406
v 45.00254821777344 -64.75825500488281 54.80221176147461
v 42.649444580078125 -64.22064208984375 53.30237579345703
v 125.87326049804688 -65.99154663085938 55.87671661376953
v 54.39405822753906 -67.09364318847656 53.54795837402344
v 51.38763427734375 -65.11428833007812 53.93452835083008
v 51.287933349609375 -66.72502136230469 52.75485610961914
v 49.17820739746094 -66.00674438476562 53.5771484375
v 47.10560607910156 -66.52188110351562 52.93757629394531
v 52.579071044921875 -67.94198608398438 52.74481964111328
v 49.877532958984375 -67.98558044433594 52.791114807128906
v 53.8551025390625 -69.99159240722656 54.27461624145508
v 52.70489501953125 -70.70726013183594 54.00999450683594
v 51.08229064941406 -69.89813232421875 53.21295928955078
v 52.8773193359375 -70.91200256347656 54.513702392578125
v 52.74365234375 -71.722412109375 54.419219970703125
v 51.82647705078125 -72.80366516113281 54.30387878417969
v 47.73094177246094 -72.88954162597656 53.1629753112793
v 44.349456787109375 -74.75816345214844 52.53832244873047
v 46.340667724609375 -73.69816589355469 53.906044006347656
v 43.47026062011719 -75.23677062988281 54.61396026611328
v 42.91145324707031 -77.78878784179688 55.20736312866211
v 43.67790222167969 -79.77671813964844 58.82758712768555
v 45.31842041015625 -81.22319030761719 56.97395706176758
v 146.91665649414062 -81.60310363769531 55.816375732421875
v 50.890960693359375 -82.26712036132812 56.02613830566406
v 148.43887329101562 -86.65943908691406 56.3292236328125
v 95.82421875 -88.75970458984375 57.77909851074219
v 93.23965454101562 -87.75637817382812 57.87953567504883
v 149.21688842773438 -100.38298034667969 56.86051940917969
v 113.41764831542969 -103.37620544433594 56.39324188232422
v 118.18687438964844 -106.70918273925781 55.54987335205078
v 143.91549682617188 -108.84910583496094 55.948699951171875
v 142.70431518554688 -109.91801452636719 57.12390899658203
v 132.01290893554688 -112.38436889648438 58.248268127441406
v 126.9197769165039 -111.55224609375 56.716548919677734
v 56.24571228027344 -41.9586296081543 60.89915466308594
v 52.26008605957031 -41.05183792114258 60.587100982666016
v 46.72444152832031 -40.733612060546875 59.241539001464844
v 40.32649230957031 -43.58503723144531 58.649627685546875
v 73.6305923461914 -46.03117752075195 64.91001892089844
v 68.01688385009766 -45.27864456176758 65.11673736572266
v 79.47248840332031 -47.752628326416016 57.98694610595703
v 91.73921966552734 -52.581912994384766 58.89306640625
v 38.01507568359375 -48.28802490234375 57.990943908691406
v 36.59088134765625 -51.975730895996094 58.03642654418945
v 102.43877410888672 -55.86507797241211 56.75768280029297
v 109.45042419433594 -59.114078521728516 56.3314094543457
v 36.96443176269531 -57.12163162231445 56.06871795654297
v 36.871337890625 -55.35310745239258 57.763328552246094
v 111.22583770751953 -59.9705924987793 56.420013427734375
v 38.1861572265625 -59.638668060302734 56.76622772216797
v 108.37667846679688 -59.65324783325195 58.89714813232422
v 39.08441162109375 -61.1014289855957 57.56867980957031
v 40.3890380859375 -62.434207916259766 56.385459899902344
v 39.29542541503906 -61.90913009643555 58.359127044677734
v 118.76951599121094 -63.88274002075195 56.295196533203125
v 117.54820251464844 -63.02327346801758 56.61333465576172
v 43.52406311035156 -64.20378112792969 55.84123992919922
v 120.10310363769531 -64.625244140625 56.44744110107422
v 123.04824829101562 -65.25784301757812 57.74683380126953
v 120.7911376953125 -65.809814453125 57.187461853027344
v 127.78199005126953 -67.48690795898438 56.49897766113281
v 50.15589904785156 -68.99812316894531 56.34037780761719
v 48.21168518066406 -67.27824401855469 56.986915588378906
v 129.6664581298828 -68.74069213867188 58.029632568359375
v 133.50601196289062 -70.81391906738281 61.450157165527344
v 48.598388671875 -71.91450500488281 55.789794921875
v 48.13029479980469 -72.96737670898438 54.98486328125
v 44.741973876953125 -73.76480102539062 55.45249938964844
v 137.48419189453125 -73.35653686523438 60.11845397949219
v 42.536224365234375 -74.590087890625 56.55897521972656
v 120.38430786132812 -76.67416381835938 56.21051025390625
v 120.38428497314453 -76.67416381835938 56.21049499511719
v 120.38430786132812 -76.67416381835938 56.21049499511719
v 120.38430786132812 -76.67416381835938 56.21049499511719
v 120.38430786132812 -76.67416381835938 56.21049499511719
v 61.510345458984375 -81.86016845703125 57.46556854248047
v 56.631805419921875 -81.07972717285156 58.189414978027344
v 47.78559875488281 -82.03019714355469 57.63671875
v 70.64353942871094 -84.25823974609375 57.569156646728516
v 80.92486572265625 -86.00445556640625 65.92282104492188
v 150.48727416992188 -94.79020690917969 60.345340728759766
v 99.37873077392578 -94.42408752441406 57.08024978637695
v 101.18283081054688 -95.77836608886719 57.555763244628906
v 106.1464614868164 -97.8082275390625 58.682960510253906
v 108.09148406982422 -98.7733154296875 60.16942596435547
v 147.31320190429688 -105.80018615722656 57.789642333984375
v 124.28091430664062 -110.01469421386719 57.808387756347656
v 142.70416259765625 -109.98779296875 59.19444274902344
v 139.29129028320312 -111.77597045898438 57.53492736816406
v 135.46791076660156 -112.95924377441406 56.372314453125
v 42.826568603515625 -41.01386260986328 59.93521499633789
v 60.701263427734375 -43.65327453613281 61.48577880859375
v 36.67669677734375 -49.69760513305664 59.370826721191406
v 86.85450744628906 -51.216041564941406 62.145301818847656
v 36.45068359375 -53.1342658996582 57.87727355957031
v 100.64450073242188 -56.04570388793945 59.971923828125
v 39.07533264160156 -57.5484733581543 58.36223602294922
v 113.58338165283203 -61.460201263427734 60.51261901855469
v 105.23115539550781 -60.05367660522461 61.967445373535156
v 104.24977111816406 -59.07109451293945 60.468353271484375
v 117.20679473876953 -63.78440475463867 58.156471252441406
v 115.75440216064453 -62.264461517333984 59.22376251220703
v 41.947357177734375 -62.68913650512695 57.44390869140625
v 118.93205261230469 -65.20941162109375 58.1646842956543
v 117.60570526123047 -65.27854919433594 57.48613739013672
v 46.59443664550781 -65.26846313476562 56.970375061035156
v 44.18458557128906 -64.70742797851562 57.044464111328125
v 43.964508056640625 -64.48037719726562 57.9841423034668
v 38.313995361328125 -64.62713623046875 58.218345642089844
v 38.313995361328125 -64.62715148925781 58.21835708618164
v 38.313995361328125 -64.62713623046875 58.21833419799805
v 38.313995361328125 -64.62715148925781 58.21833419799805
v 38.313995361328125 -64.62713623046875 58.21836853027344
v 38.313995361328125 -64.62715148925781 58.21835708618164
v 126.45755004882812 -67.01387023925781 58.742408752441406
v 123.15096282958984 -65.29301452636719 58.15022277832031
v 121.49909973144531 -67.56686401367188 58.50877380371094
v 120.09015655517578 -66.31991577148438 58.613487243652344
v 117.44559478759766 -66.31521606445312 58.381675720214844
v 47.766693115234375 -66.17250061035156 57.130584716796875
v 47.29510498046875 -65.62991333007812 58.76573181152344
v 46.24275207519531 -65.73161315917969 58.388755798339844
v 44.58097839355469 -66.148681640625 57.8538932800293
v 38.313995361328125 -64.62715148925781 58.21836853027344
v 38.313995361328125 -64.62715148925781 58.218345642089844
v 120.45980072021484 -68.62823486328125 57.713722229003906
v 46.802734375 -66.26835632324219 58.75050354003906
v 46.068450927734375 -67.34628295898438 57.63446044921875
v 43.35272216796875 -69.03977966308594 57.781715393066406
v 120.32073974609375 -69.5220947265625 58.466224670410156
v 42.67706298828125 -68.80941772460938 58.37010192871094
v 43.69419860839844 -72.16386413574219 56.85326385498047
v 40.72747802734375 -71.42469787597656 58.3597297668457
v 40.45343017578125 -73.05262756347656 58.616973876953125
v 41.80894470214844 -75.69683837890625 57.540748596191406
v 40.88444519042969 -74.80555725097656 59.00394821166992
v 120.38430786132812 -76.67416381835938 56.21051788330078
v 42.574127197265625 -78.47212219238281 59.197479248046875
v 145.2957763671875 -78.79824829101562 61.46061706542969
v 148.20335388183594 -83.48907470703125 60.93974685668945
v 65.02796173095703 -82.91799926757812 59.27857971191406
v 59.200714111328125 -81.22647094726562 58.76788330078125
v 49.48114013671875 -81.78781127929688 60.44449234008789
v 83.88739013671875 -86.451416015625 62.01781463623047
v 98.3189697265625 -93.10836791992188 60.8316535949707
v 150.66061401367188 -92.60530090332031 62.568973541259766
v 150.5041961669922 -99.04191589355469 61.0822868347168
v 103.08020782470703 -95.95635986328125 60.6575927734375
v 119.96067810058594 -106.1016845703125 60.975486755371094
v 146.49591064453125 -108.05506896972656 61.82054138183594
v 137.24896240234375 -111.30712890625 61.70469284057617
v 64.3608169555664 -44.644134521484375 65.10990905761719
v 36.02507019042969 -41.71263885498047 65.52383422851562
v 35.99415588378906 -45.03173828125 63.609161376953125
v 36.26292419433594 -52.25904083251953 60.255001068115234
v 95.32896423339844 -53.70612716674805 61.978050231933594
v 98.44029235839844 -54.725162506103516 60.315364837646484
v 42.99186706542969 -55.297237396240234 59.80413055419922
v 39.18548583984375 -54.37483596801758 60.787925720214844
v 38.90545654296875 -54.87006759643555 59.35675811767578
v 43.985992431640625 -54.7611083984375 60.76661682128906
v 37.574432373046875 -53.68901443481445 60.63720703125
v 37.11614990234375 -53.85164260864258 59.06137466430664
v 46.45013427734375 -56.59933853149414 60.976314544677734
v 103.23387908935547 -58.960628509521484 61.67002487182617
v 46.03453063964844 -57.94663619995117 59.66223907470703
v 52.22869873046875 -58.550174713134766 60.60630798339844
v 51.29930114746094 -57.031429290771484 61.353511810302734
v 48.51445007324219 -57.70314407348633 59.98265075683594
v 40.6513671875 -59.56589889526367 58.58123779296875
v 109.82302856445312 -60.75516128540039 61.63456344604492
v 46.35939025878906 -60.901920318603516 59.1407470703125
v 49.011444091796875 -60.824832916259766 59.99802017211914
v 50.40083312988281 -60.429866790771484 60.98249053955078
v 41.922393798828125 -61.26227951049805 58.474708557128906
v 117.1346435546875 -63.26958084106445 60.94279861450195
v 47.15742492675781 -64.67884826660156 59.17737579345703
v 43.59986877441406 -62.65475082397461 58.27531051635742
v 117.84036254882812 -65.09625244140625 59.112579345703125
v 105.32554626464844 -64.62715148925781 61.2301025390625
v 105.32551574707031 -64.62715148925781 61.230098724365234
v 105.32553100585938 -64.62713623046875 61.230098724365234
v 105.32553100585938 -64.62713623046875 61.230098724365234
v 48.571685791015625 -64.34793090820312 60.36139678955078
v 49.271759033203125 -62.802791595458984 61.449241638183594
v 38.313995361328125 -64.62715148925781 58.21835708618164
v 38.313995361328125 -64.62713623046875 58.21835708618164
v 124.75777435302734 -66.75625610351562 59.758644104003906
v 123.1614761352539 -67.08241271972656 60.30219650268555
v 119.52255249023438 -65.00448608398438 61.05934143066406
v 121.32669830322266 -66.62080383300781 63.11765670776367
v 105.32553100585938 -64.62715148925781 61.230098724365234
v 49.765106201171875 -66.02833557128906 60.43273162841797
v 45.37396240234375 -65.75743103027344 58.67210388183594
v 125.9509048461914 -67.55690002441406 62.484710693359375
v 120.92522430419922 -66.96231079101562 60.73651123046875
v 47.64686584472656 -66.61297607421875 60.23896408081055
v 46.08213806152344 -67.40293884277344 59.790096282958984
v 46.947845458984375 -68.01397705078125 61.479671478271484
v 127.92593383789062 -68.08848571777344 63.494659423828125
v 121.23167419433594 -67.89813232421875 59.87274169921875
v 45.47856140136719 -69.85847473144531 60.5257568359375
v 114.36079406738281 -70.65065002441406 61.2301025390625
v 114.36077117919922 -70.65065002441406 61.230098724365234
v 114.36077880859375 -70.65065002441406 61.230098724365234
v 114.36074829101562 -70.65065002441406 61.230098724365234
v 111.34905242919922 -70.65065002441406 61.2301025390625
v 111.34906005859375 -70.65065002441406 61.230098724365234
v 111.34906005859375 -70.65065002441406 61.230098724365234
v 111.34903717041016 -70.65065002441406 61.230098724365234
v 41.04640197753906 -71.91439819335938 58.983829498291016
v 135.4658203125 -72.04824829101562 62.64907455444336
v 135.99612426757812 -73.0279541015625 60.65058135986328
v 114.36074829101562 -70.65065002441406 61.230098724365234
v 111.34902954101562 -70.65065002441406 61.230098724365234
v 43.17169189453125 -75.42643737792969 61.434940338134766
v 111.34905242919922 -73.66239929199219 61.2301025390625
v 111.34906005859375 -73.66241455078125 61.230098724365234
v 111.34906005859375 -73.66239929199219 61.230098724365234
v 111.34903717041016 -73.66239929199219 61.230098724365234
v 41.09010314941406 -73.84349060058594 59.75970458984375
v 39.50395202636719 -73.38475036621094 59.32243347167969
v 138.60372924804688 -73.47023010253906 63.179527282714844
v 141.5956268310547 -75.41770935058594 60.90701675415039
v 111.34902954101562 -73.66241455078125 61.230098724365234
v 138.45481872558594 -76.67416381835938 60.22617721557617
v 138.45481872558594 -76.67416381835938 60.22618103027344
v 138.45481872558594 -76.67416381835938 60.22618103027344
v 138.45484924316406 -76.67416381835938 60.22618103027344
v 129.41952514648438 -76.67416381835938 61.2301025390625
v 129.41954040527344 -76.67416381835938 61.230098724365234
v 129.41957092285156 -76.67416381835938 61.230098724365234
v 129.4195556640625 -76.67416381835938 61.230098724365234
v 126.40779113769531 -76.67416381835938 61.2301025390625
v 126.40780639648438 -76.67416381835938 61.230098724365234
v 126.40782165527344 -76.67416381835938 61.230098724365234
v 126.40776824951172 -76.67416381835938 61.230098724365234
v 117.37254333496094 -76.67416381835938 61.2301025390625
v 117.37255859375 -76.67416381835938 61.230098724365234
v 117.37254333496094 -76.67416381835938 61.230098724365234
v 117.37250518798828 -76.67416381835938 61.230098724365234
v 111.34903717041016 -76.67416381835938 60.22617721557617
v 111.34905242919922 -76.67416381835938 60.22618103027344
v 111.34903717041016 -76.67416381835938 60.22618103027344
v 111.34903717041016 -76.67416381835938 60.22618103027344
v 144.018798828125 -76.76985168457031 67.37049865722656
v 138.45481872558594 -76.67416381835938 60.22618103027344
v 129.4195556640625 -76.67416381835938 61.230098724365234
v 126.40778350830078 -76.67416381835938 61.230098724365234
v 117.3725357055664 -76.67416381835938 61.230098724365234
v 111.34903717041016 -76.67416381835938 60.22618103027344
v 129.41952514648438 -79.6859130859375 61.2301025390625
v 129.41954040527344 -79.6859130859375 61.230098724365234
v 129.41957092285156 -79.6859130859375 61.230098724365234
v 129.4195556640625 -79.6859130859375 61.230098724365234
v 111.34903717041016 -79.6859130859375 60.22617721557617
v 111.34905242919922 -79.6859130859375 60.22618103027344
v 111.34903717041016 -79.6859130859375 60.22618103027344
v 111.34903717041016 -79.6859130859375 60.22618103027344
v 129.4195556640625 -79.6859130859375 61.230098724365234
v 111.34903717041016 -79.6859130859375 60.22618103027344
v 123.39604187011719 -82.69767761230469 61.2301025390625
v 123.39605712890625 -82.69766235351562 61.230098724365234
v 123.39605712890625 -82.69766235351562 61.230098724365234
v 123.39607238769531 -82.69766235351562 61.230098724365234
v 46.8502197265625 -81.1895751953125 61.963809967041016
v 123.39602661132812 -82.69767761230469 61.230098724365234
v 85.92686462402344 -86.95225524902344 65.17437744140625
v 96.1681900024414 -91.14736938476562 65.34710693359375
v 99.64232635498047 -94.55079650878906 61.30193328857422
v 104.46057891845703 -95.63984680175781 64.0544204711914
v 150.47561645507812 -103.33956909179688 65.48466491699219
v 113.65947723388672 -102.49716186523438 62.327735900878906
v 141.71832275390625 -110.4493408203125 61.318626403808594
v 128.01568603515625 -110.11494445800781 64.30680847167969
v 125.40596771240234 -109.53883361816406 61.7141227722168
v 41.860809326171875 -39.90062713623047 63.734458923339844
v 44.3138427734375 -39.658145904541016 65.11640167236328
v 38.850006103515625 -40.54417419433594 63.49925231933594
v 77.12832641601562 -46.68696594238281 69.00016784667969
v 34.56031799316406 -45.813880920410156 65.89260864257812
v 34.25752258300781 -49.671722412109375 64.29090118408203
v 90.98124694824219 -52.660640716552734 64.94364929199219
v 35.297088623046875 -52.694271087646484 62.810630798339844
v 34.06175231933594 -52.5049934387207 64.5302734375
v 41.27264404296875 -54.85142135620117 61.4423713684082
v 100.11168670654297 -56.40846633911133 64.48314666748047
v 97.86949157714844 -54.74777603149414 63.421775817871094
v 45.94187927246094 -55.93894577026367 62.38725662231445
v 44.93666076660156 -55.77445602416992 63.18939971923828
v 42.58015441894531 -55.864192962646484 62.96108627319336
v 42.296844482421875 -57.66203689575195 65.00894165039062
v 37.85179138183594 -54.95596694946289 63.000770568847656
v 54.7510986328125 -58.23189926147461 61.94554138183594
v 51.325653076171875 -56.5834846496582 62.92138671875
v 48.74946594238281 -56.87214279174805 62.24354934692383
v 105.56043243408203 -60.44900131225586 62.2147102355957
v 104.7813491821289 -60.32313919067383 62.12512969970703
v 106.9434585571289 -60.70811080932617 62.9338493347168
v 50.810516357421875 -60.28488540649414 62.3545036315918
v 105.32551574707031 -64.62713623046875 61.230098724365234
v 105.32553100585938 -64.62713623046875 61.230098724365234
v 105.32553100585938 -64.62715148925781 61.230098724365234
v 48.702056884765625 -63.747806549072266 61.823760986328125
v 105.32553100585938 -64.62715148925781 61.230098724365234
v 48.560760498046875 -65.27256774902344 61.85831832885742
v 48.09588623046875 -66.42959594726562 61.90430450439453
v 122.54850769042969 -67.31037902832031 62.33156967163086
v 114.36077117919922 -70.65065002441406 61.230098724365234
v 114.36074829101562 -70.65065002441406 61.230098724365234
v 114.36074829101562 -70.65065002441406 61.230098724365234
v 111.34906005859375 -70.65065002441406 61.230098724365234
v 111.34902954101562 -70.65065002441406 61.230098724365234
v 111.34903717041016 -70.65065002441406 61.230098724365234
v 46.06159973144531 -69.88327026367188 61.46355056762695
v 114.36077880859375 -70.65065002441406 61.230098724365234
v 111.34906005859375 -70.65065002441406 61.230098724365234
v 45.69810485839844 -72.25727844238281 61.81318283081055
v 111.34906005859375 -73.66239929199219 61.230098724365234
v 111.34902954101562 -73.66239929199219 61.230098724365234
v 111.34903717041016 -73.66241455078125 61.230098724365234
v 44.06736755371094 -75.05145263671875 61.75962829589844
v 43.91673278808594 -76.05166625976562 62.09326934814453
v 111.34906005859375 -73.66241455078125 61.230098724365234
v 138.45481872558594 -76.67416381835938 60.22617721557617
v 129.41954040527344 -76.67416381835938 61.230098724365234
v 129.4195556640625 -76.67416381835938 61.230098724365234
v 129.4195556640625 -76.67416381835938 61.230098724365234
v 126.40780639648438 -76.67416381835938 61.230098724365234
v 126.40778350830078 -76.67416381835938 61.230098724365234
v 126.40776824951172 -76.67416381835938 61.230098724365234
v 117.37255859375 -76.67416381835938 61.230098724365234
v 117.3725357055664 -76.67416381835938 61.230098724365234
v 117.37250518798828 -76.67416381835938 61.230098724365234
v 111.34903717041016 -76.67416381835938 60.22617721557617
v 43.63148498535156 -78.86883544921875 60.91326141357422
v 43.57051086425781 -76.17100524902344 62.288856506347656
v 129.41957092285156 -76.67416381835938 61.230098724365234
v 126.40782165527344 -76.67416381835938 61.230098724365234
v 117.37254333496094 -76.67416381835938 61.230098724365234
v 43.864288330078125 -78.9071044921875 62.887107849121094
v 129.41954040527344 -79.6859130859375 61.230098724365234
v 129.4195556640625 -79.6859130859375 61.230098724365234
v 129.4195556640625 -79.6859130859375 61.230098724365234
v 111.34903717041016 -79.6859130859375 60.22617721557617
v 146.9404754638672 -80.50138854980469 63.62453842163086
v 129.41957092285156 -79.6859130859375 61.230098724365234
v 56.141754150390625 -79.68702697753906 63.20402145385742
v 57.613189697265625 -79.99746704101562 64.42488098144531
v 49.290130615234375 -79.75173950195312 66.77200317382812
v 44.93705749511719 -79.9400634765625 63.6827507019043
v 129.41952514648438 -82.69767761230469 62.234004974365234
v 129.41957092285156 -82.69767761230469 62.234004974365234
v 129.41952514648438 -82.69766235351562 62.234004974365234
v 129.41957092285156 -82.69767761230469 62.234004974365234
v 123.39605712890625 -82.69766235351562 61.230098724365234
v 123.39602661132812 -82.69766235351562 61.230098724365234
v 123.39607238769531 -82.69766235351562 61.230098724365234
v 63.15818786621094 -82.1011962890625 66.14999389648438
v 123.39605712890625 -82.69767761230469 61.230098724365234
v 69.59854888916016 -83.81570434570312 70.72966003417969
v 149.22642517089844 -84.23835754394531 65.08638000488281
v 92.83334350585938 -88.89431762695312 66.46066284179688
v 90.93541717529297 -88.10182189941406 65.64453125
v 151.48399353027344 -97.7427978515625 68.06481170654297
v 98.54349517822266 -93.9124755859375 65.39405822753906
v 139.38980102539062 -110.79930114746094 63.105865478515625
v 140.56173706054688 -110.557861328125 66.1561279296875
v 130.95233154296875 -110.1968994140625 66.86246490478516
v 134.59658813476562 -110.79052734375 64.76571655273438
v 50.04107666015625 -40.458984375 64.58937072753906
v 55.42582702636719 -41.1368293762207 69.99137878417969
v 85.56421661376953 -50.90031814575195 65.49006652832031
v 94.5953598022461 -53.229393005371094 66.44383239746094
v 35.67286682128906 -54.044830322265625 63.539886474609375
v 35.60771179199219 -55.96125411987305 65.1519775390625
v 50.85240173339844 -57.8431282043457 64.60368347167969
v 50.25108337402344 -57.37058639526367 65.10972595214844
v 48.69978332519531 -57.35018539428711 65.00849151611328
v 42.52667236328125 -57.3058967590332 65.09919738769531
v 39.28819274902344 -56.91679000854492 65.056640625
v 103.50784301757812 -59.327999114990234 64.72655487060547
v 52.09527587890625 -59.08635330200195 62.70330810546875
v 49.486541748046875 -58.02328872680664 64.89826965332031
v 47.94017028808594 -57.486019134521484 65.54952239990234
v 42.760650634765625 -58.233272552490234 65.60154724121094
v 37.56105041503906 -58.603633880615234 64.24185180664062
v 37.56105041503906 -58.603633880615234 64.24186706542969
v 37.56105041503906 -58.603633880615234 64.24186706542969
v 37.56105041503906 -58.603633880615234 64.24186706542969
v 105.9639663696289 -60.684627532958984 67.64680480957031
v 50.231292724609375 -59.30083084106445 64.44767761230469
v 37.56105041503906 -58.603641510009766 64.24186706542969
v 109.49549102783203 -61.26749038696289 65.55845642089844
v 49.66123962402344 -61.3025016784668 64.61372375488281
v 47.73060607910156 -63.63027572631836 63.53265380859375
v 48.62321472167969 -61.90914535522461 65.8177490234375
v 47.484283447265625 -63.105289459228516 65.14151000976562
v 115.55247497558594 -62.29631423950195 65.55662536621094
v 113.7447280883789 -61.89982223510742 66.47595977783203
v 120.0193099975586 -64.78327941894531 65.29338073730469
v 117.39128112792969 -62.89155197143555 66.76887512207031
v 105.32554626464844 -64.62715148925781 61.23008728027344
v 46.78370666503906 -64.4488525390625 63.95851516723633
v 44.79396057128906 -63.67672348022461 64.31246185302734
v 121.6674575805664 -67.06669616699219 65.46720886230469
v 47.55082702636719 -65.47059631347656 63.930580139160156
v 125.44039916992188 -67.53302001953125 65.89273071289062
v 45.82603454589844 -68.93734741210938 62.8374137878418
v 47.03337097167969 -67.22053527832031 64.31656646728516
v 43.94355773925781 -68.90144348144531 63.70579147338867
v 44.95184326171875 -68.15838623046875 64.46971893310547
v 39.878662109375 -67.90150451660156 64.33685302734375
v 129.92459106445312 -68.69290161132812 67.58477783203125
v 41.566253662109375 -69.49755859375 63.96499252319336
v 41.432159423828125 -68.44064331054688 64.82881164550781
v 114.36079406738281 -70.65065002441406 61.23008728027344
v 111.34905242919922 -70.65065002441406 61.23008728027344
v 44.645599365234375 -71.76141357421875 62.50130081176758
v 40.32769775390625 -69.95024108886719 64.83303833007812
v 39.57286071777344 -71.38320922851562 63.68294143676758
v 37.16545104980469 -71.6822509765625 63.5879020690918
v 136.9134521484375 -72.53390502929688 64.8290023803711
v 111.34905242919922 -73.66239929199219 61.23008728027344
v 43.29212951660156 -75.19403076171875 62.3798713684082
v 41.36463928222656 -73.83573913574219 63.360069274902344
v 39.38154602050781 -73.67971801757812 63.953453063964844
v 140.01315307617188 -74.49485778808594 65.36820983886719
v 38.775543212890625 -74.23272705078125 64.73059844970703
v 129.41952514648438 -76.67416381835938 61.23008728027344
v 126.40779113769531 -76.67416381835938 61.23008728027344
v 117.37254333496094 -76.67416381835938 61.23008728027344
v 42.310089111328125 -77.4072265625 64.061767578125
v 41.781890869140625 -78.33895874023438 65.69247436523438
v 129.41952514648438 -79.6859130859375 61.23008728027344
v 42.993988037109375 -78.96864318847656 65.28341674804688
v 48.02650451660156 -80.96427917480469 63.22881317138672
v 129.41952514648438 -82.69767761230469 62.234012603759766
v 123.39604187011719 -82.69767761230469 61.23008728027344
v 94.65524291992188 -90.00213623046875 66.69084167480469
v 107.17402648925781 -96.16496276855469 66.97437286376953
v 151.78680419921875 -100.20668029785156 69.35128784179688
v 114.36006927490234 -101.51710510253906 69.14541625976562
v 149.404296875 -106.31448364257812 66.6734619140625
v 125.91312408447266 -108.55624389648438 67.664306640625
v 147.48910522460938 -109.55320739746094 69.67839050292969
v 145.318359375 -109.54331970214844 64.56948852539062
v 144.21009826660156 -110.33033752441406 67.9383316040039
v 142.50994873046875 -110.58042907714844 69.44805908203125
v 52.61338806152344 -40.54438781738281 67.5840072631836
v 40.52130126953125 -38.26077651977539 68.94508361816406
v 37.88771057128906 -38.83672332763672 67.95790100097656
v 35.51924133300781 -40.34239959716797 67.76185607910156
v 59.30442810058594 -42.77686309814453 69.83525848388672
v 86.61418151855469 -51.19013214111328 67.91325378417969
v 97.810791015625 -54.32746505737305 67.36518859863281
v 51.11395263671875 -54.08599853515625 66.24969482421875
v 51.11395263671875 -54.08599853515625 66.24967956542969
v 51.11395263671875 -54.086002349853516 66.24967956542969
v 51.11393737792969 -54.08599853515625 66.24967956542969
v 45.09043884277344 -54.08599853515625 66.24969482421875
v 45.09043884277344 -54.08599853515625 66.24967956542969
v 45.09043884277344 -54.086002349853516 66.24967956542969
v 45.090423583984375 -54.08599853515625 66.24967956542969
v 51.11395263671875 -54.086002349853516 66.24967956542969
v 45.09043884277344 -54.086002349853516 66.24967956542969
v 33.17884826660156 -55.91666030883789 66.22907257080078
v 49.659088134765625 -58.56797409057617 65.45547485351562
v 49.93572998046875 -59.44279098510742 66.03752136230469
v 37.56105041503906 -58.603633880615234 64.24186706542969
v 104.3519287109375 -59.32022476196289 68.82030487060547
v 106.2809829711914 -61.151920318603516 68.63056945800781
v 49.71044921875 -61.9141731262207 66.40216827392578
v 48.63252258300781 -62.5781364440918 66.41732788085938
v 118.38304901123047 -63.829647064208984 67.57633209228516
v 47.19917297363281 -64.23512268066406 65.28250122070312
v 47.62467956542969 -64.82412719726562 66.69076538085938
v 121.23284912109375 -66.29129028320312 66.09051513671875
v 48.140289306640625 -66.25979614257812 66.516357421875
v 120.82518005371094 -68.06913757324219 66.14234924316406
v 46.346771240234375 -68.30258178710938 66.70013427734375
v 123.39604187011719 -70.65065002441406 67.25360107421875
v 123.39605712890625 -70.65065002441406 67.25360107421875
v 123.39605712890625 -70.65065002441406 67.25360107421875
v 123.39607238769531 -70.65065002441406 67.25360107421875
v 42.35755920410156 -68.71966552734375 65.88471984863281
v 39.72654724121094 -70.05006408691406 65.77069091796875
v 37.50770568847656 -71.9749755859375 65.21417999267578
v 135.1227569580078 -71.22352600097656 68.34819030761719
v 123.39602661132812 -70.65065002441406 67.25360107421875
v 42.07868957519531 -72.15652465820312 66.24969482421875
v 42.07868957519531 -72.15652465820312 66.24967956542969
v 42.07868957519531 -72.15652465820312 66.24967956542969
v 42.07868957519531 -72.15652465820312 66.24967956542969
v 37.89118957519531 -72.07647705078125 65.71951293945312
v 138.06336975097656 -73.43136596679688 67.71978759765625
v 42.07868957519531 -72.15652465820312 66.24967956542969
v 37.77241516113281 -72.84365844726562 65.59893035888672
v 129.41952514648438 -76.67416381835938 67.25360107421875
v 129.41954040527344 -76.67416381835938 67.25360107421875
v 129.41957092285156 -76.67416381835938 67.25360107421875
v 129.4195556640625 -76.67416381835938 67.25360107421875
v 145.22865295410156 -77.75897216796875 67.2783432006836
v 129.4195556640625 -76.67416381835938 67.25360107421875
v 37.89881896972656 -76.61407470703125 68.08558654785156
v 45.80757141113281 -80.00845336914062 65.98422241210938
v 43.07183837890625 -79.35957336425781 67.20329284667969
v 129.41952514648438 -82.69767761230469 66.24969482421875
v 129.41957092285156 -82.69767761230469 66.24967956542969
v 129.41952514648438 -82.69766235351562 66.24967956542969
v 129.41957092285156 -82.69767761230469 66.24967956542969
v 129.41952514648438 -82.69767761230469 66.24967956542969
v 99.51233673095703 -94.07237243652344 68.12071228027344
v 108.69995880126953 -96.34031677246094 69.94990539550781
v 112.81806945800781 -100.30322265625 68.99549102783203
v 120.85883331298828 -104.78031921386719 72.89056396484375
v 137.827880859375 -110.26834106445312 68.6208267211914
v 46.732574462890625 -38.58574676513672 72.51658630371094
v 32.40122985839844 -42.62727737426758 71.01671600341797
v 67.28843688964844 -45.10672378540039 70.36099243164062
v 62.662689208984375 -44.073516845703125 70.8101806640625
v 81.85960388183594 -48.971561431884766 72.26007843017578
v 31.739044189453125 -46.57156753540039 71.62001037597656
v 31.934661865234375 -50.258514404296875 68.69121551513672
v 31.449813842773438 -53.03103256225586 67.80441284179688
v 32.35398864746094 -54.266319274902344 66.48220825195312
v 30.194381713867188 -52.45988082885742 69.87496948242188
v 27.720108032226562 -56.71330642700195 69.9442138671875
v 30.706817626953125 -55.7392692565918 67.54080200195312
v 100.65055084228516 -55.93380355834961 68.79594421386719
v 43.32484436035156 -58.25324630737305 65.96318054199219
v 34.661224365234375 -57.58281326293945 66.37802124023438
v 30.739990234375 -58.12614059448242 67.343505859375
v 36.5546875 -58.943729400634766 67.16824340820312
v 42.53752136230469 -59.274715423583984 66.57569885253906
v 32.57611083984375 -59.46944808959961 67.20799255371094
v 48.40142822265625 -60.34293746948242 66.29341125488281
v 46.68498229980469 -61.98258590698242 67.22623443603516
v 43.195343017578125 -62.027217864990234 67.78338623046875
v 37.79069519042969 -60.15407943725586 67.52693939208984
v 35.9456787109375 -60.00638961791992 67.6664047241211
v 109.76789093017578 -61.32331466674805 68.95245361328125
v 108.41816711425781 -61.12075424194336 68.32258605957031
v 34.26051330566406 -62.580196380615234 67.61444091796875
v 32.19224548339844 -64.73251342773438 67.58009338378906
v 28.23870849609375 -60.260372161865234 68.31903076171875
v 120.26747131347656 -63.703067779541016 67.97860717773438
v 118.4448013305664 -62.444156646728516 68.93516540527344
v 115.98807525634766 -61.55698776245117 69.7517318725586
v 45.82475280761719 -64.76220703125 68.08206176757812
v 29.9512939453125 -64.98799133300781 68.28099822998047
v 28.278228759765625 -63.85678482055664 69.1337890625
v 121.49781036376953 -64.93312072753906 67.66462707519531
v 114.36077880859375 -64.62715148925781 68.25752258300781
v 114.36079406738281 -64.62715148925781 68.25753784179688
v 114.36077880859375 -64.62713623046875 68.25753784179688
v 114.36079406738281 -64.62715148925781 68.25753784179688
v 41.71809387207031 -65.28436279296875 68.60478210449219
v 37.66986083984375 -65.86912536621094 68.39599609375
v 35.47602844238281 -67.27822875976562 67.81098937988281
v 33.47273254394531 -66.06752014160156 67.7003173828125
v 124.22843170166016 -66.43638610839844 68.66319274902344
v 122.10342407226562 -66.99237060546875 66.85143280029297
v 114.36077880859375 -64.62715148925781 68.25753784179688
v 47.20057678222656 -66.27220153808594 67.25129699707031
v 126.85137176513672 -67.40516662597656 68.95289611816406
v 40.209716796875 -68.50187683105469 67.54940795898438
v 43.92393493652344 -66.93748474121094 68.26448059082031
v 33.9219970703125 -69.43759155273438 68.09930419921875
v 29.877395629882812 -66.83377075195312 69.18862915039062
v 42.298492431640625 -68.5509033203125 66.93344116210938
v 39.021484375 -67.15682983398438 68.25707244873047
v 37.249481201171875 -71.89811706542969 66.02763366699219
v 36.394195556640625 -69.94741821289062 67.26106262207031
v 32.648773193359375 -71.22140502929688 69.54776763916016
v 132.60804748535156 -69.88301086425781 71.2933349609375
v 123.39605712890625 -70.65065002441406 67.25361633300781
v 123.39602661132812 -70.65065002441406 67.25361633300781
v 123.39607238769531 -70.65065002441406 67.25361633300781
v 34.88330078125 -72.10224914550781 68.25918579101562
v 137.4225616455078 -72.48881530761719 69.91775512695312
v 123.39605712890625 -70.65065002441406 67.25361633300781
v 42.07868957519531 -72.15652465820312 66.24968719482422
v 34.77239990234375 -74.64349365234375 69.93684387207031
v 139.33255004882812 -74.81622314453125 68.62152099609375
v 141.33370971679688 -75.36476135253906 68.43943786621094
v 129.41954040527344 -76.67416381835938 67.25361633300781
v 129.4195556640625 -76.67416381835938 67.25361633300781
v 129.4195556640625 -76.67416381835938 67.25361633300781
v 129.41957092285156 -76.67416381835938 67.25361633300781
v 146.69692993164062 -78.14643859863281 71.69416809082031
v 54.743194580078125 -79.30528259277344 71.52568054199219
v 50.378570556640625 -78.7108154296875 74.41508483886719
v 48.023529052734375 -79.34019470214844 70.01986694335938
v 44.41676330566406 -79.68846130371094 68.48213195800781
v 57.27085876464844 -79.98643493652344 73.80015563964844
v 148.73565673828125 -80.85183715820312 71.92977905273438
v 64.82697296142578 -82.56268310546875 72.89540100097656
v 76.38027954101562 -84.78857421875 71.53821563720703
v 88.5165786743164 -87.76420593261719 69.71544647216797
v 151.068115234375 -90.39450073242188 70.89460754394531
v 150.16160583496094 -83.99501037597656 74.07565307617188
v 95.8916015625 -91.15107727050781 70.17269897460938
v 97.17940521240234 -92.03987121582031 71.55242919921875
v 106.37718200683594 -94.7623291015625 69.89671325683594
v 104.37480926513672 -94.99574279785156 67.37538146972656
v 149.0391845703125 -108.81153869628906 71.76718139648438
v 130.1676483154297 -108.4305419921875 74.96133422851562
v 127.80755615234375 -108.11843872070312 73.552734375
v 41.89302062988281 -36.95819854736328 74.26031494140625
v 36.97996520996094 -37.31514358520508 72.80924987792969
v 34.401947021484375 -38.77799987792969 72.0531005859375
v 32.61878967285156 -40.5312614440918 72.2623519897461
v 73.13178253173828 -46.000404357910156 76.4242172241211
v 77.91960144042969 -47.316925048828125 77.22648620605469
v 29.938766479492188 -46.9068603515625 76.21553039550781
v 94.96376037597656 -51.73237609863281 74.83393096923828
v 88.37802124023438 -50.91340637207031 72.62725830078125
v 97.80656433105469 -52.664886474609375 74.08048248291016
v 100.19010925292969 -54.465858459472656 71.82342529296875
v 106.4595718383789 -60.63187026977539 69.38072204589844
v 26.077835083007812 -58.31423568725586 71.59171295166016
v 26.641464233398438 -62.1074333190918 70.30133056640625
v 123.20771026611328 -63.76938247680664 71.19044494628906
v 120.2635726928711 -61.34074783325195 73.76017761230469
v 27.199508666992188 -64.45735168457031 70.93374633789062
v 126.69770812988281 -66.96551513671875 72.37671661376953
v 128.72084045410156 -67.51095581054688 72.16644287109375
v 29.36517333984375 -67.85575866699219 70.88496398925781
v 130.51858520507812 -68.32661437988281 72.0594711303711
v 31.48175048828125 -70.04527282714844 70.060546875
v 123.39604187011719 -70.65065002441406 67.25361633300781
v 135.4058380126953 -70.67063903808594 71.89398193359375
v 137.44432067871094 -71.901123046875 71.71138000488281
v 138.22265625 -73.57109069824219 70.56401062011719
v 141.8139190673828 -75.53388977050781 71.60162353515625
v 140.22488403320312 -75.09931945800781 70.5596694946289
v 138.59129333496094 -75.84748840332031 70.4176025390625
v 144.93511962890625 -76.33750915527344 73.56814575195312
v 143.51165771484375 -75.87130737304688 72.27484893798828
v 129.41952514648438 -76.67416381835938 67.25361633300781
v 37.30311584472656 -77.88410949707031 70.947021484375
v 40.51737976074219 -79.89680480957031 72.51889038085938
v 81.9301986694336 -85.98941040039062 71.55850219726562
v 93.09483337402344 -89.18710327148438 71.3043441772461
v 101.82976531982422 -92.79798889160156 75.31100463867188
v 152.08978271484375 -98.99977111816406 74.13618469238281
v 151.79458618164062 -102.1705322265625 72.81835174560547
v 135.85850524902344 -109.54750061035156 73.30587768554688
v 38.746246337890625 -35.94536590576172 76.6545181274414
v 51.908660888671875 -39.630027770996094 74.09750366210938
v 58.97712707519531 -42.85978698730469 74.69801330566406
v 30.231704711914062 -42.782623291015625 74.86834716796875
v 30.164108276367188 -49.96589660644531 73.22759246826172
v 29.05316162109375 -51.787696838378906 73.23661804199219
v 26.80419921875 -55.14622116088867 73.1297607421875
v 105.33673858642578 -57.88090896606445 73.59651184082031
v 107.90237426757812 -59.590328216552734 72.77366638183594
v 124.30850982666016 -63.661563873291016 73.31681060791016
v 114.36077880859375 -64.62715148925781 72.2732162475586
v 114.36079406738281 -64.62715148925781 72.273193359375
v 114.36077880859375 -64.62713623046875 72.273193359375
v 114.36079406738281 -64.62715148925781 72.273193359375
v 25.283935546875 -62.72883224487305 73.9119873046875
v 26.697265625 -65.35527038574219 72.95447540283203
v 127.45186614990234 -65.82707214355469 74.66682434082031
v 114.36077880859375 -64.62715148925781 72.27318572998047
v 36.05517578125 -66.13302612304688 72.2732162475586
v 36.05517578125 -66.13302612304688 72.273193359375
v 36.05517578125 -66.13302612304688 72.273193359375
v 36.05517578125 -66.13302612304688 72.273193359375
v 123.39604187011719 -67.63890075683594 73.27710723876953
v 123.39605712890625 -67.63890075683594 73.27713012695312
v 123.39605712890625 -67.63890075683594 73.27713012695312
v 123.39607238769531 -67.63890075683594 73.27713012695312
v 120.38430786132812 -67.63890075683594 72.2732162475586
v 120.38428497314453 -67.63890075683594 72.273193359375
v 120.38430786132812 -67.63890075683594 72.273193359375
v 120.38430786132812 -67.63890075683594 72.273193359375
v 36.05517578125 -66.13302612304688 72.273193359375
v 123.39602661132812 -67.63890075683594 73.27713012695312
v 120.38430786132812 -67.63890075683594 72.273193359375
v 123.39604187011719 -70.65065002441406 73.27710723876953
v 123.39605712890625 -70.65065002441406 73.27713012695312
v 123.39605712890625 -70.65065002441406 73.27713012695312
v 123.39607238769531 -70.65065002441406 73.27713012695312
v 30.972549438476562 -71.65951538085938 73.07635498046875
v 137.7228546142578 -70.52554321289062 75.48930358886719
v 123.39602661132812 -70.65065002441406 73.27713012695312
v 33.06587219238281 -74.52339172363281 72.54185485839844
v 139.716552734375 -74.07835388183594 71.96351623535156
v 52.415283203125 -78.6983642578125 75.91903686523438
v 39.12010192871094 -79.81576538085938 74.58740997314453
v 42.051239013671875 -80.00416564941406 76.8179931640625
v 69.08880615234375 -83.46394348144531 74.62336730957031
v 90.63441467285156 -88.11677551269531 74.56016540527344
v 98.51610565185547 -92.52165222167969 73.05754089355469
v 108.2241439819336 -95.27809143066406 75.74574279785156
v 111.64592742919922 -97.595947265625 77.94956970214844
v 151.44439697265625 -105.72601318359375 74.63946533203125
v 150.34149169921875 -107.73271179199219 73.84750366210938
v 124.45675659179688 -106.27804565429688 75.26837158203125
v 145.32704162597656 -110.51597595214844 74.67922973632812
v 148.32794189453125 -110.18028259277344 79.08980560302734
v 142.3047332763672 -110.50274658203125 73.99801635742188
v 33.17927551269531 -37.483734130859375 75.73907470703125
v 42.30247497558594 -36.001495361328125 78.73705291748047
v 30.708816528320312 -38.9521484375 76.83378601074219
v 54.01197814941406 -40.41409683227539 76.54398345947266
v 47.81117248535156 -38.04026794433594 78.77422332763672
v 30.303466796875 -40.122989654541016 76.10676574707031
v 65.22044372558594 -45.00450897216797 77.28894805908203
v 88.09928894042969 -49.99546432495117 79.2975082397461
v 83.32980346679688 -48.88825988769531 78.7476806640625
v 101.26439666748047 -54.18672180175781 76.04606628417969
v 105.08570861816406 -56.80299758911133 76.26019287109375
v 25.19390869140625 -58.09280776977539 74.46659851074219
v 107.90767669677734 -57.95852279663086 76.94558715820312
v 114.35236358642578 -58.998111724853516 76.41473388671875
v 110.52747344970703 -58.65451431274414 76.63278198242188
v 116.65265655517578 -59.76114273071289 75.5524673461914
v 24.813827514648438 -62.36092758178711 76.546142578125
v 125.68182373046875 -63.77647018432617 76.24288177490234
v 36.05517578125 -66.13302612304688 72.27317810058594
v 123.39605712890625 -67.63890075683594 73.27711486816406
v 123.39602661132812 -67.63890075683594 73.27711486816406
v 120.38430786132812 -67.63890075683594 72.27317810058594
v 134.54591369628906 -68.400390625 78.12370300292969
v 123.39605712890625 -67.63890075683594 73.27711486816406
v 123.39605712890625 -70.65065002441406 73.27711486816406
v 123.39602661132812 -70.65065002441406 73.27711486816406
v 141.87722778320312 -73.46292114257812 75.48394012451172
v 123.39605712890625 -70.65065002441406 73.27711486816406
v 34.18663024902344 -76.83975219726562 75.89602661132812
v 36.15278625488281 -78.28927612304688 75.24502563476562
v 147.13768005371094 -78.00770568847656 75.884521484375
v 47.97309875488281 -78.88272094726562 74.53488159179688
v 75.15199279785156 -83.47195434570312 77.92413330078125
v 82.10387420654297 -85.76846313476562 74.26368713378906
v 93.36051177978516 -88.89016723632812 77.0621337890625
v 97.56761169433594 -91.60696411132812 75.96356201171875
v 151.88218688964844 -90.72575378417969 76.53475952148438
v 105.51380920410156 -94.13015747070312 73.13638305664062
v 28.4498291015625 -42.1721076965332 79.58045959472656
v 60.86448669433594 -43.956031799316406 78.80113220214844
v 29.112823486328125 -49.4860954284668 77.31510925292969
v 29.15814208984375 -47.127864837646484 79.04023742675781
v 97.98492431640625 -52.35887145996094 78.75563049316406
v 27.78094482421875 -51.51727294921875 79.14242553710938
v 119.15331268310547 -60.83810806274414 77.26915740966797
v 123.25269317626953 -62.754573822021484 76.62478637695312
v 128.72000122070312 -65.39259338378906 77.96865844726562
v 26.104751586914062 -65.88163757324219 76.74099731445312
v 123.39604187011719 -67.63890075683594 73.277099609375
v 123.39604187011719 -70.65065002441406 73.277099609375
v 142.39053344726562 -72.8109130859375 77.9825210571289
v 31.1551513671875 -73.74078369140625 77.3350830078125
v 148.66835021972656 -79.88441467285156 78.84619140625
v 56.99391174316406 -79.33387756347656 78.99564361572266
v 150.48634338378906 -82.74514770507812 81.85992431640625
v 65.98253631591797 -82.62649536132812 75.95285034179688
v 103.73737335205078 -91.94288635253906 81.85753631591797
v 152.81588745117188 -104.39726257324219 82.02163696289062
v 152.12020874023438 -106.983154296875 79.07298278808594
v 120.27188873291016 -103.12153625488281 79.50028991699219
v 151.3060760498047 -108.16241455078125 77.48966979980469
v 130.02244567871094 -106.11065673828125 83.5660171508789
v 149.60433959960938 -109.48661804199219 77.56749725341797
v 142.33116149902344 -110.03060913085938 78.9864273071289
v 39.28680419921875 -35.227027893066406 81.37733459472656
v 35.00398254394531 -35.71434783935547 79.42286682128906
v 31.678146362304688 -37.45214080810547 78.78048706054688
v 48.882171630859375 -38.56694030761719 81.66179656982422
v 56.589019775390625 -42.50334930419922 80.31434631347656
v 69.47086334228516 -45.367584228515625 80.30500030517578
v 86.0095443725586 -48.963600158691406 83.67782592773438
v 100.36373138427734 -53.56974411010742 80.50335693359375
v 105.74137115478516 -56.68904495239258 80.53448486328125
v 25.137649536132812 -57.3131217956543 77.47221374511719
v 115.87435913085938 -59.194881439208984 82.00728607177734
v 109.19063568115234 -57.738460540771484 82.57920837402344
v 24.386337280273438 -61.57784652709961 82.21128845214844
v 121.41961669921875 -62.38943099975586 78.82427215576172
v 123.45240783691406 -63.13413619995117 79.12750244140625
v 139.47525024414062 -70.64093017578125 78.95832824707031
v 143.00440979003906 -72.75993347167969 81.46644592285156
v 32.19024658203125 -75.31698608398438 80.4381103515625
v 35.24940490722656 -77.90675354003906 79.98289489746094
v 46.68086242675781 -78.13673400878906 80.40638732910156
v 39.10009765625 -79.74119567871094 78.20663452148438
v 61.91883850097656 -80.96067810058594 78.27791595458984
v 150.7344512939453 -83.52713012695312 79.55470275878906
v 68.35665130615234 -82.64656066894531 78.66165161132812
v 79.00186157226562 -83.75431823730469 79.8868408203125
v 152.06655883789062 -87.44891357421875 80.96035766601562
v 105.93296813964844 -93.31011962890625 79.16854858398438
v 153.6035614013672 -95.67636108398438 85.75968933105469
v 109.42870330810547 -93.58735656738281 91.22400665283203
v 117.67984008789062 -100.43937683105469 86.38825988769531
v 125.46235656738281 -105.18075561523438 81.41726684570312
v 137.22084045410156 -108.54513549804688 79.8013687133789
v 43.28947448730469 -35.8718376159668 83.30366516113281
v 50.26676940917969 -39.64200210571289 82.94525146484375
v 29.653778076171875 -38.85902404785156 81.27410125732422
v 28.43505859375 -40.682857513427734 81.346923828125
v 56.1304931640625 -43.08164978027344 85.57192993164062
v 62.80706787109375 -44.28633499145508 85.17164611816406
v 56.65260314941406 -43.22184753417969 88.92401123046875
v 72.88925170898438 -45.7943000793457 81.50920867919922
v 78.21269989013672 -47.065277099609375 81.64990234375
v 90.86090850830078 -50.54313659667969 83.88822937011719
v 103.80397033691406 -55.70369338989258 81.35780334472656
v 27.084808349609375 -52.4075927734375 81.96215057373047
v 114.04175567626953 -58.43587112426758 83.08302307128906
v 119.13985443115234 -61.58681106567383 80.75987243652344
v 24.607177734375 -63.683467864990234 83.34542846679688
v 127.0637435913086 -64.24128723144531 80.62976837158203
v 117.37254333496094 -64.62715148925781 80.30455017089844
v 117.37255859375 -64.62715148925781 80.30455017089844
v 117.37254333496094 -64.62713623046875 80.30455017089844
v 117.37255859375 -64.62715148925781 80.30455017089844
v 132.34580993652344 -66.55043029785156 82.44255828857422
v 25.31036376953125 -66.1773681640625 84.01874542236328
v 26.2750244140625 -67.96533203125 83.7039566040039
v 53.728302001953125 -78.11279296875 81.76921081542969
v 40.06840515136719 -78.25021362304688 84.70503234863281
v 37.06072998046875 -78.31257629394531 82.72447204589844
v 66.49848937988281 -81.4923095703125 81.26433563232422
v 60.717529296875 -79.52812194824219 81.94866943359375
v 86.16627502441406 -85.48231506347656 83.56278991699219
v 92.01129150390625 -87.13157653808594 84.04203796386719
v 96.88491821289062 -89.67343139648438 83.23368835449219
v 100.54367065429688 -90.59408569335938 84.58753967285156
v 150.21060180664062 -109.91352844238281 81.31303405761719
v 142.12734985351562 -109.35501098632812 82.80082702636719
v 146.20904541015625 -110.35189819335938 81.77118682861328
v 35.24119567871094 -35.36480712890625 84.44908905029297
v 32.67474365234375 -36.17437744140625 84.33694458007812
v 30.31494140625 -37.75325393676758 84.71210479736328
v 43.145355224609375 -35.80762481689453 85.2669677734375
v 50.052978515625 -41.612972259521484 89.79327392578125
v 27.914901733398438 -46.272071838378906 85.08395385742188
v 27.968978881835938 -48.43294143676758 84.22715759277344
v 27.55670166015625 -50.281883239746094 84.75758361816406
v 24.23614501953125 -61.37063980102539 85.66305541992188
v 123.46345520019531 -64.045166015625 81.11946868896484
v 125.44902801513672 -64.09803771972656 82.52198791503906
v 120.67711639404297 -63.70112991333008 81.96243286132812
v 120.74068450927734 -63.644466400146484 82.46952819824219
v 117.37254333496094 -64.62715148925781 80.3045425415039
v 130.1046142578125 -65.59303283691406 85.01872253417969
v 137.32925415039062 -68.89631652832031 85.85667419433594
v 140.4619598388672 -70.84210205078125 83.58270263671875
v 28.729217529296875 -71.60450744628906 85.67617797851562
v 144.23117065429688 -74.21163940429688 83.49284362792969
v 148.47708129882812 -80.18867492675781 85.74671173095703
v 75.41194915771484 -81.50106811523438 85.23309326171875
v 71.23902130126953 -80.32626342773438 87.27069091796875
v 78.38318634033203 -82.12332153320312 85.92141723632812
v 152.08580017089844 -87.01783752441406 84.85800170898438
v 152.90151977539062 -91.56245422363281 83.88909912109375
v 121.28372192382812 -102.52326965332031 86.94140625
v 123.07151794433594 -103.76065063476562 83.63526153564453
v 151.75650024414062 -108.58473205566406 82.58467864990234
v 151.28170776367188 -109.14144897460938 84.64222717285156
v 148.06402587890625 -110.3759765625 83.42559814453125
v 39.371368408203125 -35.1541862487793 85.97689819335938
v 46.24806213378906 -37.531097412109375 86.0167465209961
v 28.778228759765625 -39.36514663696289 86.2212905883789
v 27.467147827148438 -41.353885650634766 90.732177734375
v 27.561660766601562 -42.680702209472656 85.71604919433594
v 69.82223510742188 -44.472442626953125 89.19960021972656
v 73.2811508178711 -44.984249114990234 88.17947387695312
v 80.44579315185547 -46.14460372924805 89.51800537109375
v 88.1021499633789 -49.53037643432617 87.06004333496094
v 96.3713607788086 -52.206199645996094 87.69325256347656
v 98.92766571044922 -53.466060638427734 88.56401062011719
v 25.649429321289062 -55.7933235168457 89.20729064941406
v 105.85289001464844 -57.06217575073242 85.41799926757812
v 24.915359497070312 -58.26589584350586 85.9683837890625
v 119.7384262084961 -62.128604888916016 84.465087890625
v 124.08332824707031 -64.06527709960938 86.00592041015625
v 117.37254333496094 -64.62715148925781 84.32022094726562
v 117.37255859375 -64.62715148925781 84.3202133178711
v 117.37254333496094 -64.62713623046875 84.3202133178711
v 117.37255859375 -64.62715148925781 84.3202133178711
v 111.34903717041016 -76.67416381835938 84.32022094726562
v 111.34905242919922 -76.67416381835938 84.3202133178711
v 111.34903717041016 -76.67416381835938 84.3202133178711
v 111.34903717041016 -76.67416381835938 84.3202133178711
v 31.030517578125 -74.04107666015625 86.19248962402344
v 32.995269775390625 -75.37588500976562 86.95326232910156
v 111.34903717041016 -76.67416381835938 84.3202133178711
v 58.07954406738281 -78.24626159667969 84.06925964355469
v 54.83442687988281 -77.43873596191406 86.21369934082031
v 48.86700439453125 -76.76963806152344 90.85977172851562
v 45.31437683105469 -77.49600219726562 85.66895294189453
v 67.94335174560547 -79.5892333984375 87.66200256347656
v 106.162841796875 -91.54325866699219 92.66819763183594
v 127.63702392578125 -105.07421875 87.01315307617188
v 152.3994140625 -107.20159912109375 86.72948455810547
v 136.03610229492188 -106.27680969238281 87.02989196777344
v 145.9174041748047 -109.74395751953125 87.94981384277344
v 31.298431396484375 -37.06669998168945 88.57603454589844
v 27.135726928710938 -43.298770904541016 87.69805908203125
v 104.13765716552734 -57.01951217651367 90.48023223876953
v 122.56433868408203 -63.41439437866211 86.12342834472656
v 117.37254333496094 -64.62715148925781 84.32023620605469
v 142.4615936279297 -72.93162536621094 89.2142333984375
v 111.34903717041016 -76.67416381835938 84.32023620605469
v 34.6644287109375 -75.94677734375 88.80853271484375
v 62.842010498046875 -77.37710571289062 89.32244873046875
v 57.08232116699219 -76.65696716308594 89.41566467285156
v 38.60423278808594 -77.42689514160156 87.34661865234375
v 149.19900512695312 -82.14454650878906 90.36610412597656
v 151.6656494140625 -86.15380859375 86.69613647460938
v 88.0950927734375 -85.49627685546875 90.01195526123047
v 79.5691909790039 -82.27040100097656 88.42250061035156
v 98.50788116455078 -89.13026428222656 89.24003601074219
v 153.378662109375 -94.10403442382812 90.220703125
v 153.59246826171875 -97.66915893554688 90.180419921875
v 153.02615356445312 -103.15335083007812 89.42961120605469
v 124.12254333496094 -103.80424499511719 88.10655975341797
v 132.2348175048828 -105.70805358886719 87.48770141601562
v 129.19772338867188 -105.39384460449219 87.39041137695312
v 149.80258178710938 -109.92973327636719 86.71733856201172
v 37.80769348144531 -35.59196472167969 91.03507995605469
v 34.685638427734375 -35.907806396484375 90.75790405273438
v 43.66815185546875 -37.28667449951172 91.81100463867188
v 50.10731506347656 -42.091163635253906 92.81826782226562
v 27.42633056640625 -47.24738311767578 89.77891540527344
v 82.84443664550781 -46.66225814819336 92.88954162597656
v 109.40367889404297 -58.06978225708008 92.44097900390625
v 113.00288391113281 -58.42084884643555 92.88569641113281
v 106.3973388671875 -57.640377044677734 89.24266052246094
v 24.063735961914062 -59.812007904052734 89.30043029785156
v 117.44331359863281 -60.288753509521484 87.85368347167969
v 23.870681762695312 -64.59373474121094 89.56648254394531
v 124.0610122680664 -64.02168273925781 90.05503845214844
v 134.54733276367188 -67.30850219726562 94.29246520996094
v 25.732162475585938 -68.6981201171875 92.08686828613281
v 59.45513916015625 -76.32859802246094 91.14547729492188
v 42.44148254394531 -76.8492431640625 90.81092071533203
v 74.5301742553711 -80.47125244140625 89.65894317626953
v 115.30034637451172 -97.71080017089844 91.44364166259766
v 119.41785430908203 -101.11094665527344 90.09335327148438
v 130.58908081054688 -105.45135498046875 89.93650817871094
v 151.18565368652344 -107.06733703613281 91.95925903320312
v 137.97378540039062 -106.04193115234375 90.83821105957031
v 148.1027069091797 -109.83033752441406 89.13798522949219
v 40.52093505859375 -35.89085006713867 90.55338287353516
v 32.65289306640625 -37.031246185302734 95.0838623046875
v 29.308563232421875 -38.860862731933594 92.99224853515625
v 28.182174682617188 -40.13365173339844 93.47105407714844
v 63.996551513671875 -43.604705810546875 93.93997192382812
v 56.384521484375 -42.904911041259766 91.95891571044922
v 27.06988525390625 -42.949951171875 92.02836608886719
v 75.79330444335938 -44.629940032958984 95.19706726074219
v 27.211441040039062 -47.54753112792969 100.61007690429688
v 91.21914672851562 -50.468284606933594 96.83187866210938
v 26.999908447265625 -49.76791763305664 97.07034301757812
v 97.53272247314453 -52.56946563720703 92.45054626464844
v 102.26075744628906 -55.70408248901367 91.67424011230469
v 115.56382751464844 -59.30186080932617 92.96212768554688
v 118.63738250732422 -61.12564468383789 91.79237365722656
v 131.71031188964844 -66.21783447265625 96.85150146484375
v 24.497756958007812 -66.71603393554688 92.423583984375
v 36.447357177734375 -75.73750305175781 93.13984680175781
v 146.67501831054688 -78.74470520019531 96.39891052246094
v 68.65384674072266 -78.86183166503906 91.53318786621094
v 75.76234436035156 -80.65986633300781 92.53289794921875
v 150.13345336914062 -85.38838195800781 93.58326721191406
v 94.9495620727539 -87.21615600585938 92.80500793457031
v 121.8589859008789 -102.67704772949219 93.48625183105469
v 152.14527893066406 -104.60653686523438 93.29808044433594
v 136.35720825195312 -105.29203796386719 92.90948486328125
v 142.4468231201172 -107.66923522949219 92.1988525390625
v 149.86947631835938 -108.11061096191406 92.05329895019531
v 145.49063110351562 -108.53378295898438 92.35809326171875
v 45.17222595214844 -39.3880729675293 95.46844482421875
v 50.88951110839844 -42.178558349609375 95.34843444824219
v 79.79265594482422 -45.3843879699707 96.49278259277344
v 88.27947998046875 -49.38386917114258 96.00796508789062
v 100.56919860839844 -53.82932662963867 94.66357421875
v 106.59673309326172 -57.7066535949707 92.77752685546875
v 104.47525024414062 -56.752933502197266 93.14717102050781
v 23.213302612304688 -61.53615951538086 95.036376953125
v 117.37254333496094 -64.62715148925781 92.35154724121094
v 117.37255859375 -64.62715148925781 92.3515625
v 117.37254333496094 -64.62713623046875 92.3515625
v 117.37255859375 -64.62715148925781 92.3515625
v 125.15615844726562 -64.1544189453125 95.62889099121094
v 117.37254333496094 -64.62715148925781 92.3515625
v 137.6844482421875 -69.32646179199219 95.7701416015625
v 30.71881103515625 -73.18110656738281 95.39508056640625
v 143.67764282226562 -75.324462890625 98.58280944824219
v 61.31532287597656 -76.11637878417969 94.892822265625
v 62.94776916503906 -76.649658203125 92.64797973632812
v 50.497833251953125 -75.45785522460938 96.6436767578125
v 41.78179931640625 -76.09542846679688 94.180419921875
v -99.70500183105469 -74.76338195800781 94.42739868164062
v -98.98518371582031 -77.27314758300781 94.15921020507812
v -99.09104919433594 -78.25283813476562 89.65779113769531
v -99.73875427246094 -76.23847961425781 94.76434326171875
v -99.56962585449219 -79.01750183105469 94.64714050292969
v 82.88590240478516 -83.25450134277344 95.92195129394531
v 91.0174789428711 -85.39506530761719 99.67401123046875
v 151.134521484375 -89.52284240722656 96.22952270507812
v 101.10096740722656 -89.45069885253906 95.32249450683594
v 116.12545776367188 -97.88766479492188 95.23741149902344
v 135.43032836914062 -105.18394470214844 94.90034484863281
v 126.25990295410156 -104.98658752441406 96.77247619628906
v 40.44956970214844 -37.306270599365234 97.83363342285156
v 38.03668212890625 -36.45937728881836 95.77488708496094
v 35.654052734375 -36.49961853027344 96.33052062988281
v 42.46119689941406 -38.3683967590332 98.5950927734375
v 47.654296875 -40.91836929321289 94.69241333007812
v 56.70954895019531 -42.012855529785156 99.11109924316406
v 68.99440002441406 -44.1607780456543 95.00495910644531
v 98.66719055175781 -52.56724166870117 96.4923095703125
v 94.94298553466797 -51.46359634399414 97.5968017578125
v 23.877716064453125 -56.41032791137695 98.07022094726562
v 118.53909301757812 -60.77328109741211 97.18914794921875
v 121.98749542236328 -62.7756462097168 97.79389953613281
v 23.744415283203125 -65.22067260742188 98.318603515625
v 25.514022827148438 -68.40005493164062 98.44717407226562
v 26.975845336914062 -70.04241943359375 97.88096618652344
v 141.22959899902344 -72.68550109863281 98.34941101074219
v 33.05574035644531 -73.632080078125 98.07359313964844
v 69.57288360595703 -78.68458557128906 96.14002990722656
v 147.69512939453125 -81.63664245605469 101.92109680175781
v 99.34588623046875 -88.71061706542969 97.96672058105469
v 151.8345947265625 -93.28419494628906 97.76071166992188
v 109.53384399414062 -93.32469177246094 95.2294921875
v 151.44874572753906 -97.8968505859375 102.22456359863281
v 152.25662231445312 -101.01017761230469 97.06455993652344
v 119.69627380371094 -100.63236999511719 100.93321228027344
v 123.90701293945312 -103.98858642578125 96.20436096191406
v 142.01260375976562 -107.06857299804688 95.48838806152344
v 128.7969512939453 -105.54183959960938 98.46482849121094
v 133.50485229492188 -105.59109497070312 99.19514465332031
v 145.5238037109375 -107.39015197753906 96.35148620605469
v 147.53823852539062 -107.4071044921875 95.51010131835938
v 31.116073608398438 -38.67266845703125 103.51820373535156
v 29.509963989257812 -39.636016845703125 102.1851806640625
v 50.767608642578125 -41.16828536987305 102.13124084472656
v 48.450286865234375 -41.36700439453125 97.38198852539062
v 27.947479248046875 -41.71073913574219 101.83079528808594
v 27.313217163085938 -43.87027359008789 102.47358703613281
v 82.28813171386719 -46.42152786254883 98.62554931640625
v 77.87754821777344 -44.94477462768555 97.85861206054688
v 105.07355499267578 -55.08469772338867 97.69888305664062
v 110.56597900390625 -57.25386428833008 97.45037841796875
v 108.12435150146484 -56.65584945678711 96.48497009277344
v 23.122604370117188 -59.1290168762207 99.88548278808594
v 114.9267578125 -58.64859390258789 99.78805541992188
v 23.11492919921875 -62.04806900024414 101.12060546875
v 124.35025787353516 -63.979915618896484 99.67213439941406
v 134.99754333496094 -67.76205444335938 97.71873474121094
v -102.48551940917969 -73.66239929199219 96.36723327636719
v -102.48551940917969 -73.66239929199219 96.36723327636719
v -102.48548889160156 -73.66239929199219 96.36723327636719
v 39.42173767089844 -75.00584411621094 97.1763916015625
v 35.58204650878906 -73.78684997558594 99.3369140625
v -102.48551940917969 -73.66241455078125 96.36723327636719
v 63.511474609375 -76.54698181152344 97.72300720214844
v 76.50809478759766 -80.89949035644531 100.04087829589844
v 106.60099792480469 -91.6419677734375 97.19956970214844
v 151.61834716796875 -95.52206420898438 100.77931213378906
v 148.10488891601562 -106.11077880859375 99.23970031738281
v 149.97230529785156 -104.62849426269531 99.31462097167969
v 137.62379455566406 -105.89613342285156 97.29731750488281
v 100.25457763671875 -52.56743621826172 102.23919677734375
v 25.567230224609375 -50.72137451171875 104.88937377929688
v 105.56798553466797 -54.66726303100586 100.84675598144531
v 107.9552230834961 -55.715389251708984 99.50538635253906
v 110.5959701538086 -56.86600112915039 100.73600769042969
v 120.28440856933594 -62.00143814086914 100.65235900878906
v 29.740951538085938 -71.80305480957031 98.91276550292969
v -102.48551940917969 -73.66239929199219 96.36723327636719
v 52.271759033203125 -74.97653198242188 99.31292724609375
v 44.58268737792969 -74.02386474609375 100.50495910644531
v 69.85369110107422 -78.95616149902344 101.25067138671875
v 145.73602294921875 -78.20947265625 100.40029907226562
v 149.22781372070312 -86.26177978515625 105.2354736328125
v 92.06079864501953 -85.6038818359375 103.22676086425781
v 111.18050384521484 -94.70851135253906 101.85398864746094
v 116.06596374511719 -97.74420166015625 100.44107055664062
v 150.94192504882812 -101.94973754882812 101.36328125
v 121.82569885253906 -102.19039916992188 103.26702880859375
v 142.9722900390625 -106.96817016601562 98.60897827148438
v 37.095001220703125 -38.09584045410156 109.45079040527344
v 33.40321350097656 -37.90987777709961 105.33212280273438
v 35.22047424316406 -37.883079528808594 107.78105163574219
v 43.16963195800781 -38.94866180419922 104.37155151367188
v 46.82054138183594 -40.44929885864258 101.25198364257812
v 52.14201354980469 -40.98383712768555 105.77639770507812
v 73.01953887939453 -44.47853469848633 109.00604248046875
v 70.30863189697266 -44.13612365722656 106.85981750488281
v 83.4190444946289 -47.45945358276367 105.29219055175781
v 88.06607055664062 -49.69900131225586 110.15310668945312
v 116.87223052978516 -59.85194778442383 102.52609252929688
v 23.52276611328125 -63.48945236206055 104.48019409179688
v 136.12509155273438 -69.54142761230469 104.69425964355469
v 56.98469543457031 -75.24397277832031 102.88156127929688
v 53.57963562011719 -74.38002014160156 104.66830444335938
v 150.25083923339844 -89.60385131835938 105.07522583007812
v 99.26824188232422 -88.90638732910156 105.53218078613281
v 106.05792236328125 -92.20611572265625 106.01925659179688
v 145.68690490722656 -106.52433776855469 101.58604431152344
v 142.24583435058594 -106.76327514648438 101.0992431640625
v 39.92036437988281 -38.15276336669922 105.68653869628906
v 49.005157470703125 -40.277313232421875 106.92344665527344
v 28.254257202148438 -41.011322021484375 104.99684143066406
v 65.63041687011719 -43.62092590332031 102.46133422851562
v 23.925094604492188 -54.04969787597656 106.1275634765625
v 105.895263671875 -54.802146911621094 103.88694763183594
v -108.50904846191406 -57.8506965637207 102.3907470703125
v -108.50898742675781 -57.850704193115234 102.39073181152344
v -108.50904846191406 -57.8506965637207 102.3907470703125
v -108.50904846191406 -57.8506965637207 102.3907470703125
v 113.63556671142578 -58.168819427490234 104.04383850097656
v -108.50904846191406 -57.8506965637207 102.3907470703125
v -108.50904846191406 -57.8506965637207 102.3907470703125
v -108.50904846191406 -57.8506965637207 102.3907470703125
v -114.53251647949219 -58.603633880615234 102.39073181152344
v -114.53251647949219 -58.603633880615234 102.39073181152344
v -114.53251647949219 -58.603633880615234 102.39073181152344
v -114.53251647949219 -58.603633880615234 102.39073181152344
v -108.50898742675781 -57.8506965637207 102.39073181152344
v 24.706466674804688 -65.699462890625 105.08340454101562
v 24.003997802734375 -64.53094482421875 105.14430236816406
v 132.99331665039062 -67.8399658203125 105.16253662109375
v 129.06028747558594 -66.49684143066406 108.50337219238281
v 25.827529907226562 -66.84410095214844 105.79483032226562
v 27.690887451171875 -68.3173828125 105.25260925292969
v 31.990737915039062 -70.66642761230469 103.97930908203125
v 138.71429443359375 -71.59707641601562 106.33946228027344
v 37.89811706542969 -71.07986450195312 105.67794799804688
v 140.8687286376953 -73.6490478515625 105.444580078125
v 48.93122863769531 -73.57891845703125 103.58795166015625
v 44.38108825683594 -73.04873657226562 102.94627380371094
v 60.51976013183594 -76.18728637695312 106.91616821289062
v 74.84097290039062 -80.44026184082031 104.60025024414062
v 87.27694702148438 -83.931640625 105.82901000976562
v 110.25591278076172 -94.41680908203125 108.58843994140625
v 125.84081268310547 -104.15451049804688 105.13304138183594
v 150.1991424560547 -102.9298095703125 104.4617919921875
v 148.2999725341797 -105.41410827636719 102.88075256347656
v 132.347412109375 -105.97972106933594 108.22691345214844
v 132.0872344970703 -105.72428894042969 103.95814514160156
v 128.49684143066406 -105.08329772949219 107.45149230957031
v 41.67790222167969 -38.5006103515625 107.02279663085938
v 29.160629272460938 -39.823631286621094 107.6014404296875
v 27.256072998046875 -42.313899993896484 105.93292236328125
v 78.02067565917969 -45.4820671081543 106.60481262207031
v 26.842788696289062 -44.86425018310547 104.98686218261719
v 25.491958618164062 -48.834381103515625 107.76484680175781
v 93.02069854736328 -51.02919387817383 110.15415954589844
v 23.190078735351562 -56.879642486572266 108.19364929199219
v -108.50904846191406 -57.8506965637207 102.3907470703125
v -108.50904846191406 -57.8506965637207 102.3907470703125
v -114.53251647949219 -58.603633880615234 102.3907470703125
v 123.29142761230469 -64.44255065917969 108.91310119628906
v 121.10063171386719 -63.330936431884766 106.73402404785156
v 65.48751831054688 -78.26251220703125 109.70391845703125
v 78.33799743652344 -81.16749572753906 108.10275268554688
v 150.75961303710938 -96.32086181640625 108.20265197753906
v 115.02803802490234 -97.34190368652344 106.75709533691406
v 150.85531616210938 -100.06773376464844 105.49862670898438
v 148.71102905273438 -105.0379638671875 105.65252685546875
v 142.22903442382812 -106.90899658203125 104.90269470214844
v 145.7760772705078 -106.55546569824219 105.34207153320312
v 31.216461181640625 -38.77203369140625 108.5391845703125
v 53.899261474609375 -41.08903503417969 110.54878234863281
v 24.763565063476562 -50.68041229248047 108.45741271972656
v 96.12981414794922 -52.045257568359375 112.23348999023438
v 107.58401489257812 -56.089168548583984 108.540771484375
v -111.52082824707031 -57.09775924682617 106.40641784667969
v -111.52082824707031 -57.09775924682617 106.40641784667969
v -111.52079772949219 -57.09775924682617 106.40641784667969
v -111.52076721191406 -57.09775924682617 106.40641784667969
v -102.58064270019531 -55.7227668762207 106.98973083496094
v -103.00224304199219 -57.0388298034668 108.14671325683594
v -105.08573913574219 -57.123172760009766 107.21525573730469
v -111.52082824707031 -57.09775924682617 106.40641784667969
v 111.76985931396484 -57.875370025634766 108.0367431640625
v 116.33953857421875 -60.86989212036133 109.64236450195312
v 134.69680786132812 -69.08047485351562 110.38307189941406
v 33.745513916015625 -69.93699645996094 106.88764953613281
v 30.126617431640625 -68.72090148925781 107.38981628417969
v 46.57444763183594 -72.01829528808594 107.66163635253906
v 51.55598449707031 -73.266357421875 108.31353759765625
v 144.30738830566406 -78.51589965820312 107.95280456542969
v 145.78799438476562 -81.457763671875 110.61370849609375
v 69.68563842773438 -79.62001037597656 110.87141418457031
v 87.97936248779297 -84.20774841308594 114.32304382324219
v 114.67823791503906 -97.03790283203125 110.61253356933594
v 119.92449188232422 -101.23388671875 111.67640686035156
v 149.72840881347656 -104.03176879882812 107.70623779296875
v 147.59243774414062 -106.11099243164062 107.09835815429688
v 144.68994140625 -107.19578552246094 108.20399475097656
v 33.34568786621094 -38.338050842285156 111.78562927246094
v 27.363906860351562 -40.643985748291016 109.98121643066406
v 58.53999328613281 -41.55051803588867 117.53330993652344
v 67.15062713623047 -43.6303596496582 111.20230102539062
v 24.749893188476562 -42.618186950683594 113.87542724609375
v 24.09375 -43.99971389770508 114.81625366210938
v 81.01470184326172 -46.88226318359375 113.28829956054688
v 23.543655395507812 -52.45618438720703 112.36628723144531
v 103.40009307861328 -54.40834426879883 107.88468933105469
v -99.59642028808594 -53.87708282470703 108.52243041992188
v -98.72135925292969 -54.17495346069336 108.85325622558594
v -99.27903747558594 -55.377681732177734 110.20057678222656
v -105.03755187988281 -57.101810455322266 108.70150756835938
v -102.26997375488281 -56.11842727661133 109.19377136230469
v -107.93232727050781 -58.20436477661133 107.06024169921875
v -111.52082824707031 -57.09775924682617 106.40641784667969
v -103.78666687011719 -57.0614128112793 108.92526245117188
v 127.38156127929688 -66.25180053710938 114.00143432617188
v 26.932708740234375 -66.00973510742188 111.7330322265625
v 35.662200927734375 -69.02183532714844 111.6793212890625
v 29.385467529296875 -66.57594299316406 114.00863647460938
v 138.07408142089844 -71.49960327148438 111.62493896484375
v 140.29464721679688 -73.63987731933594 109.347900390625
v 59.15666198730469 -75.56248474121094 110.60658264160156
v 55.83103942871094 -74.15046691894531 111.951171875
v -99.47380065917969 -76.67416381835938 108.41426086425781
v -99.47380065917969 -76.67416381835938 108.41426086425781
v -99.47380065917969 -76.67416381835938 108.41426086425781
v -99.47377014160156 -76.67416381835938 108.41426086425781
v -99.47380065917969 -76.67416381835938 108.41426086425781
v 94.4287338256836 -86.79924011230469 112.95481872558594
v 149.98269653320312 -94.67854309082031 112.85205078125
v 106.37522888183594 -92.29521179199219 110.20701599121094
v 150.80242919921875 -99.87722778320312 110.29008483886719
v 150.5996856689453 -102.32493591308594 109.39073181152344
v 124.14018249511719 -103.49456787109375 113.32951354980469
v 150.07952880859375 -104.75828552246094 111.21473693847656
v 140.5628662109375 -107.01377868652344 107.42166137695312
v 141.586181640625 -107.73493957519531 110.70989990234375
v 43.05162048339844 -38.48215103149414 115.95051574707031
v 30.704315185546875 -38.6525993347168 114.05322265625
v 23.949111938476562 -47.68262481689453 113.97021484375
v 98.36119079589844 -52.95565414428711 112.42384338378906
v -99.29014587402344 -53.51326370239258 110.32452392578125
v -101.37483215332031 -56.60014724731445 109.41925048828125
v -99.95741271972656 -54.82844161987305 110.19004821777344
v -101.78959655761719 -57.77768325805664 110.50709533691406
v -102.55796813964844 -57.118404388427734 111.12158203125
v -105.49247741699219 -57.717838287353516 110.28451538085938
v 23.475677490234375 -59.445926666259766 114.94137573242188
v 117.1047134399414 -61.71852493286133 112.4534912109375
v 24.025588989257812 -60.34843826293945 117.01371765136719
v -99.47380065917969 -76.67416381835938 108.41424560546875
v 144.5387725830078 -79.52412414550781 112.24018859863281
v -97.96788024902344 -78.18003845214844 110.42207336425781
v -97.96788024902344 -78.18003845214844 110.42207336425781
v -97.96788024902344 -78.18003845214844 110.42207336425781
v -97.96788024902344 -78.18003845214844 110.42207336425781
v 83.36517333984375 -82.68180847167969 117.0863037109375
v 146.92318725585938 -84.83757019042969 112.8143310546875
v 149.06881713867188 -92.30586242675781 114.68391418457031
v 99.57859802246094 -89.03854370117188 114.45658874511719
v 150.59002685546875 -97.91490173339844 113.55728149414062
v 150.99465942382812 -103.16172790527344 114.63787841796875
v 131.7764129638672 -106.31965637207031 111.85444641113281
v 127.92700958251953 -105.35939025878906 113.74702453613281
v 38.69737243652344 -38.29017639160156 114.38807678222656
v 46.775390625 -38.864017486572266 117.51443481445312
v 28.120223999023438 -39.356536865234375 114.72625732421875
v 24.712738037109375 -40.26395797729492 119.84109497070312
v 74.92911529541016 -45.02131271362305 113.57807922363281
v 85.52362823486328 -49.29581832885742 116.65020751953125
v 91.5751953125 -50.96302795410156 119.82632446289062
v 102.47428131103516 -55.39621353149414 114.5152587890625
v -98.97691345214844 -53.67716979980469 116.041259765625
v -99.90074157714844 -54.04515075683594 112.96966552734375
v -101.05894470214844 -55.47111129760742 111.45867919921875
v -100.57536315917969 -56.09541702270508 110.20431518554688
v 107.79959106445312 -57.875858306884766 116.71177673339844
v -99.50764465332031 -57.33712387084961 111.47190856933594
v -98.63792419433594 -55.57924270629883 112.18959045410156
v -98.34199523925781 -58.4749641418457 113.08090209960938
v -102.32231140136719 -56.71805953979492 116.46723937988281
v 23.130325317382812 -56.92959213256836 114.27755737304688
v -99.86497497558594 -58.960575103759766 112.08522033691406
v 111.81356811523438 -59.83468246459961 115.088134765625
v -98.94798278808594 -61.00124740600586 113.86454772949219
v -100.71165466308594 -59.80195999145508 113.57987976074219
v -101.83003234863281 -59.34846115112305 112.81741333007812
v 25.423049926757812 -63.60030746459961 115.05784606933594
v 132.4020538330078 -68.06880187988281 115.56466674804688
v 135.59051513671875 -69.63809204101562 115.82330322265625
v 46.71662902832031 -69.90408325195312 119.01567077636719
v 50.892608642578125 -71.19134521484375 118.63890075683594
v 142.80029296875 -76.96604919433594 113.59498596191406
v 65.59664916992188 -78.09239196777344 114.13426208496094
v -97.96788024902344 -78.18003845214844 110.42208862304688
v 73.88735961914062 -80.50279235839844 116.398681640625
v 80.85428619384766 -82.03863525390625 114.29501342773438
v 118.62712097167969 -100.08372497558594 114.59281921386719
v 151.06640625 -100.59188842773438 116.6397705078125
v 149.41537475585938 -106.91258239746094 114.04313659667969
v 147.23126220703125 -108.05697631835938 114.0955810546875
v 145.2080078125 -108.49563598632812 114.385986328125
v 136.59971618652344 -108.48155212402344 117.96043395996094
v 65.91898345947266 -43.4296989440918 116.82232666015625
v 86.66545104980469 -49.88410186767578 119.26155090332031
v 23.470916748046875 -49.2487907409668 116.34661865234375
v -98.62940979003906 -54.09346389770508 114.32572937011719
v 23.160888671875 -50.71644973754883 120.76057434082031
v -98.83897399902344 -56.12459945678711 114.52972412109375
v -101.28236389160156 -55.7352409362793 114.01263427734375
v -100.06602478027344 -55.03120803833008 115.24459838867188
v -97.99461364746094 -58.1442985534668 114.29795837402344
v -101.16246032714844 -56.45521926879883 115.68321228027344
v -102.18391418457031 -58.61005783081055 114.03999328613281
v 112.27581787109375 -60.62423324584961 118.58584594726562
v -98.35527038574219 -59.2192497253418 115.00822448730469
v -99.13200378417969 -61.05400466918945 114.75592041015625
v -102.48551940917969 -61.61538314819336 114.43775939941406
v -102.48551940917969 -61.61539077758789 114.43775939941406
v -102.48551940917969 -61.61539077758789 114.43775939941406
v -102.48548889160156 -61.61539077758789 114.43775939941406
v -102.48551940917969 -61.61539077758789 114.43775939941406
v 118.56288146972656 -62.56020736694336 115.35844421386719
v 27.496551513671875 -64.45730590820312 117.10501098632812
v 37.98609924316406 -67.24356079101562 121.12016296386719
v 139.82473754882812 -73.0850830078125 115.13166809082031
v 61.812469482421875 -76.08731079101562 115.02980041503906
v 144.73797607421875 -79.54229736328125 116.77215576171875
v 69.53289031982422 -79.27996826171875 117.72824096679688
v 145.55105590820312 -81.68284606933594 117.02214050292969
v 147.5303955078125 -89.54278564453125 118.21524047851562
v 106.26850128173828 -91.54032897949219 118.24911499023438
v 109.2867660522461 -92.95375061035156 118.79039001464844
v 113.42375183105469 -95.22393798828125 118.59934997558594
v 115.43583679199219 -96.81205749511719 117.45648193359375
v 150.0085906982422 -95.90592956542969 117.88958740234375
v 150.6705780029297 -107.01852416992188 117.69309997558594
v 129.52517700195312 -106.73115539550781 118.32501220703125
v 131.84710693359375 -107.02383422851562 115.64012145996094
v 32.59806823730469 -38.03742980957031 118.17306518554688
v 53.75407409667969 -40.15276336669922 121.42768859863281
v 78.42691802978516 -46.76089859008789 122.05461120605469
v 22.854904174804688 -44.17103576660156 120.44696044921875
v 94.6416015625 -51.82926940917969 119.64370727539062
v 97.29377746582031 -52.99607849121094 118.99928283691406
v -99.76383972167969 -54.05133819580078 119.88670349121094
v -100.40672302246094 -54.77345275878906 117.43424987792969
v -99.48936462402344 -54.8669319152832 116.26620483398438
v -98.87663269042969 -56.98137283325195 116.17887878417969
v -99.93043518066406 -56.33848190307617 116.21418762207031
v -100.85325622558594 -57.390689849853516 116.28904724121094
v -102.91615295410156 -57.53622055053711 116.74441528320312
v -101.99205017089844 -57.52962875366211 117.27445983886719
v -101.95265197753906 -58.1341667175293 115.60494995117188
v -100.78120422363281 -58.994449615478516 115.331298828125
v -102.48551940917969 -61.61539077758789 114.43775939941406
v 126.75371551513672 -65.98544311523438 122.31040954589844
v 25.910614013671875 -62.3198356628418 118.79547119140625
v 138.31756591796875 -71.27497863769531 118.31253051757812
v 39.888214111328125 -68.25129699707031 119.86408996582031
v 60.022125244140625 -73.81935119628906 121.81692504882812
v 140.62356567382812 -72.43484497070312 121.35456848144531
v 143.5030517578125 -77.22096252441406 116.99285888671875
v 65.34127807617188 -75.53114318847656 123.35075378417969
v 68.78843688964844 -78.28111267089844 121.07160949707031
v 146.50294494628906 -84.73056030273438 116.96415710449219
v 121.31919860839844 -101.68482971191406 118.21585083007812
v 124.72127532958984 -103.69241333007812 118.561767578125
v 151.3662872314453 -104.52082824707031 117.57980346679688
v 149.5221405029297 -108.09793090820312 117.45037841796875
v 148.1556396484375 -109.17066955566406 118.40744018554688
v 142.8608856201172 -109.23828125 117.32473754882812
v 139.55859375 -109.38021850585938 120.39019775390625
v 41.28224182128906 -38.02999496459961 119.34309387207031
v 28.607406616210938 -38.171875 119.86190795898438
v 25.664779663085938 -39.11332702636719 120.76783752441406
v 23.358596801757812 -41.409812927246094 121.09236145019531
v 72.26355743408203 -45.04636764526367 124.16976928710938
v -99.07475280761719 -54.23442077636719 118.15455627441406
v -101.42698669433594 -55.59651565551758 118.49545288085938
v 102.19452667236328 -55.612308502197266 118.14947509765625
v -100.04847717285156 -55.876956939697266 117.14405822753906
v -99.36979675292969 -55.57172775268555 117.99844360351562
v -99.75398254394531 -56.36323165893555 119.04182434082031
v -101.20567321777344 -56.929691314697266 117.20729064941406
v -104.63951110839844 -57.64777755737305 119.73263549804688
v -103.04988098144531 -56.875057220458984 118.52334594726562
v 106.71918487548828 -57.601192474365234 120.48977661132812
v -100.48036193847656 -58.63875961303711 116.80155944824219
v -101.51231384277344 -57.78610610961914 118.21913146972656
v -102.68959045410156 -57.782772064208984 119.48004150390625
v -101.14860534667969 -57.24802780151367 119.11430358886719
v -99.47380065917969 -61.61538314819336 118.45343017578125
v -99.47380065917969 -61.61539077758789 118.45343017578125
v -99.47380065917969 -61.61539077758789 118.45343017578125
v -99.47377014160156 -61.61539077758789 118.45343017578125
v -99.47380065917969 -61.61539077758789 118.45343017578125
v 131.0679931640625 -67.49443054199219 128.66197204589844
v -98.72077941894531 -76.67416381835938 118.45341491699219
v -98.72077941894531 -76.67416381835938 118.45343017578125
v -98.72080993652344 -76.67416381835938 118.45343017578125
v -98.72080993652344 -76.67416381835938 118.45343017578125
v -98.72084045410156 -76.67416381835938 118.45343017578125
v -98.72077941894531 -76.67416381835938 118.45343017578125
v -98.72080993652344 -76.67416381835938 118.45343017578125
v 75.76107025146484 -80.87809753417969 120.32014465332031
v -99.47380065917969 -82.69767761230469 118.45343017578125
v -99.47380065917969 -82.69766235351562 118.45343017578125
v -99.47380065917969 -82.69767761230469 118.45343017578125
v -99.47377014160156 -82.69767761230469 118.45343017578125
v -99.47380065917969 -82.69767761230469 118.45343017578125
v 95.7575454711914 -87.50225830078125 120.64886474609375
v 100.36951446533203 -89.3133544921875 118.65492248535156
v 150.84786987304688 -98.35481262207031 120.04396057128906
v 118.50129699707031 -98.95237731933594 123.00236511230469
v 151.65667724609375 -101.70393371582031 120.19442749023438
v 133.8810577392578 -108.29304504394531 122.35227966308594
v 146.26336669921875 -110.37095642089844 121.23927307128906
v 59.992889404296875 -41.83679962158203 122.7021484375
v 23.386764526367188 -54.63093948364258 122.446044921875
v -99.73490905761719 -54.90739059448242 120.36741638183594
v -101.75895690917969 -55.835269927978516 119.82513427734375
v -103.02192687988281 -57.06245803833008 119.53286743164062
v -108.50901794433594 -58.603633880615234 120.46127319335938
v -108.50901794433594 -58.603633880615234 120.46127319335938
v -108.50898742675781 -58.603633880615234 120.46127319335938
v -108.50904846191406 -58.603633880615234 120.46127319335938
v -111.52079772949219 -58.603633880615234 122.46376037597656
v -111.52079772949219 -58.603641510009766 122.46910095214844
v -111.52079772949219 -58.603633880615234 122.46542358398438
v -111.52079772949219 -58.603633880615234 122.46542358398438
v -114.53251647949219 -58.603633880615234 120.46127319335938
v -114.53251647949219 -58.603633880615234 120.46127319335938
v -114.53254699707031 -58.603633880615234 120.46127319335938
v -114.53251647949219 -58.603633880615234 120.46127319335938
v 111.21705627441406 -60.17292404174805 121.73283386230469
v -108.50901794433594 -58.603641510009766 120.46127319335938
v -111.52079772949219 -58.603633880615234 122.46542358398438
v -114.53251647949219 -58.603641510009766 120.46127319335938
v -99.47380065917969 -61.61539077758789 118.45343017578125
v 116.01425170898438 -62.1974983215332 124.71621704101562
v 121.34254455566406 -63.80646896362305 121.795654296875
v 27.619659423828125 -60.86906814575195 125.36656188964844
v 31.724365234375 -64.21365356445312 122.99710083007812
v 138.84805297851562 -70.87509155273438 124.013427734375
v 48.59568786621094 -69.34884643554688 123.46223449707031
v 142.68125915527344 -73.92800903320312 123.35527038574219
v -98.72077941894531 -76.67416381835938 118.45343017578125
v -98.72080993652344 -76.67416381835938 118.45343017578125
v -99.47380065917969 -82.69767761230469 118.45343017578125
v 146.6038818359375 -84.40884399414062 121.68540954589844
v 89.96045684814453 -84.78193664550781 124.86885070800781
v 84.30210876464844 -82.66926574707031 124.67976379394531
v 147.3567657470703 -89.1322021484375 122.07846069335938
v -99.47380065917969 -88.72117614746094 120.46127319335938
v -99.47380065917969 -88.72117614746094 120.46127319335938
v -99.47380065917969 -88.72117614746094 120.46127319335938
v -99.47377014160156 -88.72117614746094 120.46127319335938
v -99.47380065917969 -88.72117614746094 120.46127319335938
v 105.16118621826172 -91.06411743164062 121.49090576171875
v 149.3372802734375 -94.21427917480469 120.81961059570312
v 152.50369262695312 -104.68096923828125 121.90631103515625
v 152.64508056640625 -101.91520690917969 124.50715637207031
v 124.85671997070312 -103.15875244140625 122.47421264648438
v 128.43360900878906 -106.15951538085938 121.79840087890625
v 151.79702758789062 -106.61260986328125 120.20477294921875
v 151.98031616210938 -109.28013610839844 123.15248107910156
v 132.95172119140625 -107.9949951171875 123.71295166015625
v 143.98422241210938 -110.59857177734375 122.68362426757812
v 45.55516052246094 -37.57130432128906 125.83036804199219
v 28.635345458984375 -36.99811553955078 124.75547790527344
v 65.36297607421875 -43.69734573364258 125.93988037109375
v 21.59942626953125 -42.22229766845703 125.48867797851562
v 22.866546630859375 -47.452484130859375 123.00482177734375
v 80.85796356201172 -47.74858856201172 125.9722900390625
v 85.14833068847656 -49.3311882019043 123.68746948242188
v 102.32654571533203 -55.4702033996582 126.417236328125
v 106.22603607177734 -57.18306350708008 126.50865173339844
v 23.827880859375 -55.58260726928711 124.91958618164062
v -108.50901794433594 -58.603633880615234 120.46127319335938
v -111.52076721191406 -58.603633880615234 122.46910095214844
v -111.52076721191406 -58.603633880615234 122.46910095214844
v -114.53251647949219 -58.603633880615234 120.46127319335938
v 25.461746215820312 -59.08156967163086 124.3382568359375
v -111.52079772949219 -58.603633880615234 122.46910095214844
v 54.53974914550781 -71.44303894042969 124.93534851074219
v 144.534912109375 -76.49366760253906 124.03010559082031
v 75.94491577148438 -79.907958984375 129.1405487060547
v 146.45616149902344 -80.35795593261719 127.1519775390625
v 80.57820892333984 -81.471923828125 127.21795654296875
v -99.47380065917969 -88.72117614746094 120.46127319335938
v 96.78942108154297 -88.48672485351562 127.91767883300781
v 149.02731323242188 -91.77491760253906 125.27972412109375
v 112.70690155029297 -94.8759765625 123.45895385742188
v 151.27198791503906 -97.37442016601562 125.21833801269531
v 150.81478881835938 -110.23062133789062 123.17930603027344
v 137.2650909423828 -109.18962097167969 123.76313781738281
v 148.16140747070312 -111.60029602050781 124.96612548828125
v 141.79730224609375 -110.70741271972656 125.82695007324219
v 40.97190856933594 -36.941341400146484 127.13217163085938
v 34.71763610839844 -36.878238677978516 126.99649047851562
v 48.0391845703125 -37.74334716796875 129.26654052734375
v 24.948593139648438 -37.33405685424805 126.84640502929688
v 51.593475341796875 -38.696922302246094 131.17294311523438
v 23.190719604492188 -38.39426040649414 127.38516235351562
v 22.131866455078125 -44.786537170410156 124.80010986328125
v 89.27499389648438 -50.22530746459961 129.3619842529297
v 96.0445556640625 -52.60857009887695 128.63746643066406
v 23.57720947265625 -49.91354751586914 127.09510803222656
v -108.50904846191406 -58.070308685302734 125.773681640625
v -108.50901794433594 -58.070308685302734 125.77366638183594
v -108.50904846191406 -58.0703010559082 125.773681640625
v -108.50904846191406 -58.0703010559082 125.77366638183594
v -111.52079772949219 -58.603633880615234 122.47279357910156
v -111.52079772949219 -58.603633880615234 122.47279357910156
v -108.50901794433594 -58.070308685302734 125.77366638183594
v -111.52079772949219 -58.603633880615234 122.47279357910156
v 29.765243530273438 -60.866268157958984 128.86306762695312
v 125.11847686767578 -65.5748291015625 126.62687683105469
v 43.55186462402344 -65.84571838378906 130.8266143798828
v 49.8720703125 -68.97206115722656 127.5257568359375
v 141.58233642578125 -72.4013671875 127.59817504882812
v 70.24076080322266 -77.96791076660156 126.11691284179688
v -99.47373962402344 -83.45060729980469 124.47694396972656
v -99.47377014160156 -83.45060729980469 124.47694396972656
v -99.47377014160156 -83.45060729980469 124.47694396972656
v -99.47373962402344 -83.45060729980469 124.47694396972656
v -99.47373962402344 -83.45060729980469 124.47694396972656
v -99.47377014160156 -83.45060729980469 124.47694396972656
v -99.47373962402344 -83.45060729980469 124.47694396972656
v -99.47377014160156 -83.45060729980469 124.47694396972656
v -105.49726867675781 -88.72117614746094 124.47694396972656
v -105.49726867675781 -88.72117614746094 124.47694396972656
v -105.49726867675781 -88.72117614746094 124.47694396972656
v -105.49726867675781 -88.72117614746094 124.47694396972656
v 101.08074951171875 -89.99272155761719 129.10752868652344
v -105.49726867675781 -88.72117614746094 124.47694396972656
v 104.1430892944336 -91.17205810546875 128.9882049560547
v 117.27245330810547 -98.21685791015625 128.4503173828125
v 120.29659271240234 -99.75041198730469 126.15132141113281
v 125.32687377929688 -102.23725891113281 126.86344909667969
v 129.7086944580078 -106.28851318359375 125.78921508789062
v 153.47267150878906 -107.24971008300781 124.10502624511719
v 144.42764282226562 -111.48081970214844 125.58108520507812
v 26.790771484375 -36.36203384399414 130.574462890625
v 20.791610717773438 -40.11570358276367 129.82882690429688
v 20.865249633789062 -42.504905700683594 127.671875
v 22.167388916015625 -45.3858642578125 127.33163452148438
v 77.6058349609375 -46.57118606567383 130.92254638671875
v 23.03265380859375 -47.497352600097656 126.97576904296875
v -108.50904846191406 -58.0703010559082 125.77366638183594
v -108.50904846191406 -58.0703010559082 125.77366638183594
v -108.50901794433594 -58.0703010559082 125.77366638183594
v -108.50901794433594 -58.070308685302734 125.77366638183594
v 25.428924560546875 -56.21623611450195 128.72621154785156
v -108.50904846191406 -58.0703010559082 125.773681640625
v -108.50901794433594 -58.070308685302734 125.773681640625
v -111.52079772949219 -58.603633880615234 122.47445678710938
v 110.72209167480469 -59.5662956237793 131.0008544921875
v 27.390548706054688 -58.4109992980957 129.5750732421875
v -108.50901794433594 -58.070308685302734 125.77366638183594
v 114.25270080566406 -61.53581619262695 129.95762634277344
v 118.02659606933594 -63.37662124633789 130.1975555419922
v 138.87957763671875 -70.74082946777344 129.2227783203125
v 59.58514404296875 -73.00001525878906 128.5426025390625
v 66.15757751464844 -75.52212524414062 127.17910766601562
v 146.00636291503906 -78.36479187011719 129.58135986328125
v -99.47373962402344 -83.45060729980469 124.47694396972656
v -99.47373962402344 -83.45060729980469 124.47694396972656
v 148.2843780517578 -85.46957397460938 130.6258087158203
v -98.63926696777344 -89.03085327148438 126.95709228515625
v -99.83259582519531 -89.02108764648438 125.30204772949219
v -98.97697448730469 -87.47811889648438 127.39114379882812
v -99.57109069824219 -87.03999328613281 127.84245300292969
v -100.77424621582031 -88.52896118164062 127.18228149414062
v -101.91459655761719 -89.94889831542969 126.98130798339844
v -105.49726867675781 -88.72117614746094 124.47694396972656
v -100.99809265136719 -90.35748291015625 126.98419189453125
v -98.43586730957031 -89.72181701660156 128.38540649414062
v -99.39595031738281 -90.38247680664062 127.83462524414062
v 109.29959869384766 -93.74453735351562 130.29673767089844
v 122.30960845947266 -100.17630004882812 129.09120178222656
v 153.81004333496094 -104.00735473632812 126.42753601074219
v 129.19122314453125 -103.78399658203125 131.8133544921875
v 154.3041229248047 -106.98451232910156 127.80740356445312
v 137.0038604736328 -109.04644775390625 128.4895477294922
v 153.33248901367188 -109.661376953125 126.75474548339844
v 152.06918334960938 -111.23185729980469 127.5208740234375
v 151.1507110595703 -111.80369567871094 127.7833251953125
v 149.4370574951172 -112.40425109863281 129.18856811523438
v 147.65277099609375 -112.7940673828125 131.20147705078125
v 20.440460205078125 -41.16355895996094 131.00820922851562
v 63.16199493408203 -42.83672332763672 131.02908325195312
v 71.02275848388672 -44.7392578125 134.774658203125
v 20.8961181640625 -42.9598388671875 131.4317169189453
v 85.41836547851562 -48.798343658447266 132.1817626953125
v 24.675018310546875 -53.7894172668457 128.7198486328125
v 24.077560424804688 -47.81668472290039 130.58145141601562
v 102.91234588623047 -56.10837936401367 129.9324188232422
v -108.50901794433594 -58.070308685302734 125.77366638183594
v -108.50904846191406 -58.070308685302734 125.77366638183594
v 37.14714050292969 -63.79007339477539 131.46807861328125
v 47.127655029296875 -66.03108215332031 134.98255920410156
v 133.6510772705078 -68.48698425292969 132.6348419189453
v 58.19334411621094 -72.19464111328125 131.64794921875
v 143.08531188964844 -73.77342224121094 128.0849151611328
v 144.90699768066406 -76.27513122558594 129.75794982910156
v 72.20354461669922 -78.27583312988281 131.28103637695312
v 69.4416275024414 -77.244140625 130.0934600830078
v 148.26004028320312 -82.87779235839844 134.3631134033203
v 81.88446807861328 -81.8106689453125 131.0938262939453
v 91.88450622558594 -86.29142761230469 135.1358184814453
v -99.05390930175781 -84.47276306152344 129.06202697753906
v -100.03236389160156 -86.86956787109375 129.3563995361328
v -99.02082824707031 -83.29734802246094 130.5778045654297
v -101.87440490722656 -90.79827880859375 129.96188354492188
v -101.73927307128906 -89.41110229492188 130.4058380126953
v 149.92982482910156 -89.26957702636719 132.40203857421875
v 114.2412338256836 -96.69755554199219 131.6499481201172
v 125.31985473632812 -100.93196105957031 132.0189666748047
v 135.63504028320312 -107.93084716796875 131.3845672607422
v 153.93142700195312 -109.63882446289062 131.2457733154297
v 142.7766571044922 -111.37452697753906 128.8218994140625
v 147.223876953125 -112.71754455566406 131.9795379638672
v 43.45918273925781 -36.27840042114258 135.0941619873047
v 38.04624938964844 -35.99174499511719 133.72000122070312
v 33.773590087890625 -36.342491149902344 131.97132873535156
v 29.487899780273438 -36.419857025146484 132.27304077148438
v 23.7020263671875 -37.254459381103516 132.5954132080078
v 58.58918762207031 -41.03540802001953 132.64913940429688
v 22.788772583007812 -45.442901611328125 131.1896514892578
v 36.09326171875 -61.245540618896484 136.35638427734375
v 32.383941650390625 -60.54084396362305 132.58950805664062
v 122.85684204101562 -65.19273376464844 132.72445678710938
v 142.24005126953125 -73.02821350097656 137.068603515625
v 62.157684326171875 -73.92971801757812 133.9178009033203
v 84.2647705078125 -83.08656311035156 139.26426696777344
v -98.36830139160156 -86.402099609375 130.01087951660156
v -99.01173400878906 -84.66787719726562 130.66001892089844
v -99.88059997558594 -87.33267211914062 130.70399475097656
v -98.66996765136719 -89.525634765625 130.62950134277344
v -99.76390075683594 -91.83409118652344 131.56997680664062
v -105.49726867675781 -91.73294067382812 130.50045776367188
v -105.49726867675781 -91.73294067382812 130.50045776367188
v -105.49726867675781 -91.73294067382812 130.50045776367188
v -105.49726867675781 -91.73294067382812 130.50045776367188
v -108.50901794433594 -91.73294067382812 130.50045776367188
v -108.50901794433594 -91.73294067382812 130.50045776367188
v -108.50898742675781 -91.73294067382812 130.50045776367188
v -108.50904846191406 -91.73294067382812 130.50045776367188
v -111.52079772949219 -91.73294067382812 131.50437927246094
v -111.52079772949219 -91.73292541503906 131.50437927246094
v -111.52079772949219 -91.73294067382812 131.50437927246094
v -111.52079772949219 -91.73294067382812 131.50437927246094
v -105.49726867675781 -91.73294067382812 130.50045776367188
v -108.50901794433594 -91.73294067382812 130.50045776367188
v -111.52076721191406 -91.73294067382812 131.50437927246094
v 152.4790496826172 -94.11204528808594 134.7801971435547
v 117.06710052490234 -97.83712768554688 135.08578491210938
v 122.65445709228516 -98.99026489257812 135.9807891845703
v 154.33998107910156 -101.84719848632812 133.88096618652344
v 133.75010681152344 -106.17411804199219 133.68136596679688
v 154.52003479003906 -107.57186889648438 132.3134307861328
v 153.1114044189453 -110.86386108398438 131.34542846679688
v 143.544677734375 -111.62705993652344 133.30999755859375
v 33.13847351074219 -35.48569107055664 136.3269500732422
v 21.927627563476562 -38.44829177856445 133.69700622558594
v 21.089630126953125 -39.84560775756836 135.39459228515625
v 65.42839813232422 -43.312744140625 134.60385131835938
v 20.634552001953125 -41.559104919433594 133.89686584472656
v 21.36480712890625 -42.573543548583984 135.43460083007812
v 25.302581787109375 -46.208316802978516 135.54690551757812
v 26.614013671875 -48.569515228271484 136.05392456054688
v 89.66179656982422 -50.638362884521484 135.84593200683594
v 27.857101440429688 -52.10371780395508 136.29885864257812
v 95.79498291015625 -53.0427131652832 135.1302947998047
v 100.5648422241211 -56.43746566772461 138.2000732421875
v 28.068130493164062 -55.65791702270508 133.38465881347656
v 106.83817291259766 -58.53303909301758 134.23318481445312
v 29.680221557617188 -58.03151321411133 132.8543243408203
v 111.98619079589844 -60.721492767333984 134.64871215820312
v 113.53997802734375 -61.55329513549805 137.33470153808594
v 43.7813720703125 -63.76521682739258 138.3044891357422
v 57.29951477050781 -71.07791137695312 135.60768127441406
v 140.25148010253906 -71.7281494140625 138.3471221923828
v 64.90438079833984 -75.29702758789062 136.21218872070312
v 144.0690460205078 -74.6007080078125 137.6346893310547
v 146.2718505859375 -77.49394226074219 138.10836791992188
v 147.5625762939453 -80.51524353027344 135.35745239257812
v -99.19383239746094 -87.4295654296875 131.0255126953125
v -100.04100036621094 -89.68893432617188 132.21463012695312
v -111.52082824707031 -88.72117614746094 132.50828552246094
v -111.52082824707031 -88.72117614746094 132.50828552246094
v -111.52079772949219 -88.72117614746094 132.50828552246094
v -111.52076721191406 -88.72117614746094 132.50828552246094
v 102.2664566040039 -90.11056518554688 134.11268615722656
v 97.56002807617188 -88.55520629882812 134.0150146484375
v -101.10234069824219 -90.05207824707031 132.39085388183594
v -111.52082824707031 -88.72117614746094 132.50828552246094
v 105.46932220458984 -91.56535339355469 134.60711669921875
v -105.49726867675781 -91.73294067382812 130.50045776367188
v -108.50901794433594 -91.73294067382812 130.50045776367188
v -111.52076721191406 -91.73292541503906 131.50437927246094
v -111.52079772949219 -91.73294067382812 131.50437927246094
v -111.52079772949219 -91.73294067382812 131.50437927246094
v -111.52079772949219 -91.73294067382812 131.50437927246094
v 112.31987762451172 -95.59696960449219 134.19061279296875
v 116.0783920288086 -97.64706420898438 133.8279266357422
v 153.60302734375 -95.98094177246094 137.0924835205078
v 154.59658813476562 -105.10336303710938 133.50079345703125
v 139.07908630371094 -109.53448486328125 134.47555541992188
v 152.67178344726562 -110.94610595703125 134.7123565673828
v 151.46841430664062 -111.72508239746094 134.9003143310547
v 46.42213439941406 -36.47921371459961 137.13006591796875
v 49.790863037109375 -37.35894775390625 137.7635955810547
v 27.685699462890625 -36.13287353515625 137.5644989013672
v 25.713958740234375 -36.64352035522461 137.1243438720703
v 24.04217529296875 -37.44850540161133 138.9189910888672
v 23.071121215820312 -43.159629821777344 137.54336547851562
v 79.13282012939453 -46.14986801147461 145.16465759277344
v 84.92113494873047 -48.64897155761719 139.46908569335938
v 103.65729522705078 -58.17452621459961 138.49781799316406
v 118.36711883544922 -63.5798454284668 135.9088134765625
v 128.61492919921875 -66.92379760742188 148.8341064453125
v 137.0572509765625 -70.15908813476562 140.9927520751953
v 75.76801300048828 -79.26641845703125 137.99583435058594
v 95.20650482177734 -87.45094299316406 137.35104370117188
v -111.52082824707031 -88.72117614746094 132.50828552246094
v -111.52079772949219 -91.73294067382812 131.50436401367188
v 127.91436004638672 -100.17929077148438 142.34426879882812
v 153.78421020507812 -109.24354553222656 135.76756286621094
v 148.97036743164062 -112.01005554199219 135.29869079589844
v 40.129913330078125 -35.27804946899414 138.22772216796875
v 35.19349670410156 -34.92890167236328 137.74481201171875
v 56.30787658691406 -39.519798278808594 141.95875549316406
v 97.18824005126953 -54.42081832885742 139.4295654296875
v 94.44874572753906 -53.087806701660156 140.34652709960938
v 29.260650634765625 -54.12141418457031 137.64541625976562
v 31.855300903320312 -57.30929183959961 137.92694091796875
v 106.71902465820312 -60.212398529052734 140.27378845214844
v 108.46273040771484 -60.4847297668457 139.21311950683594
v 38.86540222167969 -60.87204360961914 141.28086853027344
v 125.05098724365234 -65.65859985351562 139.1458740234375
v 47.36308288574219 -64.50341796875 141.35269165039062
v 63.09098815917969 -73.93861389160156 140.39132690429688
v 67.95191192626953 -76.65113830566406 139.34286499023438
v -99.47380065917969 -82.69767761230469 136.52395629882812
v -99.47380065917969 -82.69766235351562 136.52395629882812
v -99.47380065917969 -82.69767761230469 136.52395629882812
v -99.47377014160156 -82.69767761230469 136.52395629882812
v -99.47380065917969 -82.69767761230469 136.52395629882812
v -105.49726867675781 -88.72117614746094 136.52395629882812
v -105.49726867675781 -88.72117614746094 136.52395629882812
v -105.49726867675781 -88.72117614746094 136.52395629882812
v -105.49726867675781 -88.72117614746094 136.52395629882812
v -111.52082824707031 -88.72117614746094 136.52395629882812
v -111.52082824707031 -88.72117614746094 136.52395629882812
v -111.52079772949219 -88.72117614746094 136.52395629882812
v -111.52076721191406 -88.72117614746094 136.52395629882812
v -105.49726867675781 -88.72117614746094 136.52395629882812
v -111.52082824707031 -88.72117614746094 136.52395629882812
v 111.19148254394531 -94.62068176269531 137.88609313964844
v 113.5202407836914 -95.74728393554688 138.43312072753906
v 125.17333221435547 -99.0155029296875 140.05775451660156
v 142.75265502929688 -110.38911437988281 137.94676208496094
v 27.797088623046875 -35.412811279296875 139.96669006347656
v 22.53350830078125 -39.25790786743164 138.53724670410156
v 23.30438232421875 -38.231239318847656 139.8109588623047
v 22.549896240234375 -40.91981506347656 139.0294647216797
v 24.134735107421875 -43.47562026977539 140.03921508789062
v 77.65731811523438 -45.75575256347656 142.59861755371094
v 26.453536987304688 -46.72883224487305 139.20913696289062
v 30.928192138671875 -53.68501281738281 142.8091278076172
v 115.6728744506836 -62.23130416870117 140.14007568359375
v 57.749755859375 -69.550048828125 142.91810607910156
v 73.71919250488281 -78.51344299316406 143.94073486328125
v 148.8772735595703 -80.71757507324219 143.94430541992188
v -99.47380065917969 -82.69767761230469 136.52395629882812
v -102.48551940917969 -85.70942687988281 138.53179931640625
v -102.48551940917969 -85.70942687988281 138.53179931640625
v -102.48551940917969 -85.70942687988281 138.53179931640625
v -102.48548889160156 -85.70942687988281 138.53179931640625
v 90.50200653076172 -85.67924499511719 141.8631591796875
v -102.48551940917969 -85.70942687988281 138.53179931640625
v -102.48551940917969 -88.72117614746094 138.53179931640625
v -102.48551940917969 -88.72117614746094 138.53179931640625
v -102.48551940917969 -88.72117614746094 138.53179931640625
v -102.48548889160156 -88.72117614746094 138.53179931640625
v -105.49726867675781 -88.72117614746094 136.52395629882812
v -111.52082824707031 -88.72117614746094 136.52395629882812
v 150.63681030273438 -87.27592468261719 141.05316162109375
v 101.52597045898438 -88.5074462890625 142.12063598632812
v -102.48551940917969 -88.72117614746094 138.53179931640625
v 120.11732482910156 -95.40505981445312 145.1776123046875
v 115.423828125 -96.29862976074219 138.93798828125
v 154.30026245117188 -97.26971435546875 143.89378356933594
v 154.33009338378906 -102.73928833007812 141.18597412109375
v 132.7899169921875 -103.00088500976562 143.216552734375
v 137.72007751464844 -106.92306518554688 142.0313720703125
v 139.72177124023438 -108.55572509765625 140.00527954101562
v 151.89163208007812 -108.87580871582031 141.6898651123047
v 153.20401000976562 -107.81767272949219 140.20481872558594
v 149.94888305664062 -110.6279296875 139.61949157714844
v 146.6717529296875 -111.08551025390625 138.55380249023438
v 31.6888427734375 -32.926422119140625 144.0773468017578
v 28.12982177734375 -32.703277587890625 146.2793731689453
v 45.30741882324219 -35.091793060302734 143.30538940429688
v 37.85877990722656 -33.876888275146484 142.65048217773438
v 35.276641845703125 -32.932281494140625 144.7967987060547
v 49.20072937011719 -35.75056457519531 145.74940490722656
v 24.279312133789062 -36.60646057128906 141.423095703125
v 22.968734741210938 -38.89040756225586 141.53106689453125
v 22.912826538085938 -40.33613586425781 141.88385009765625
v 23.547088623046875 -42.26073455810547 141.78782653808594
v 72.22705841064453 -44.31611251831055 144.29110717773438
v 68.64307403564453 -43.349910736083984 143.14678955078125
v 28.664703369140625 -50.15882110595703 142.0387420654297
v 27.669265747070312 -47.2784309387207 144.966552734375
v 88.54066467285156 -51.13438415527344 144.15646362304688
v 102.4183120727539 -57.3874397277832 140.8839111328125
v 33.9100341796875 -54.79717254638672 147.3855438232422
v 36.32110595703125 -57.5830192565918 145.69200134277344
v 106.93708038330078 -60.40219497680664 140.33924865722656
v 111.16194915771484 -60.77187728881836 141.74139404296875
v 51.951263427734375 -66.24006652832031 145.2769012451172
v 132.91397094726562 -68.46463012695312 144.65928649902344
v 59.3602294921875 -70.31401062011719 144.54100036621094
v 150.1788330078125 -82.13938903808594 148.45138549804688
v -102.48551940917969 -85.70942687988281 138.53179931640625
v -99.64131164550781 -88.35577392578125 137.8020782470703
v -99.54017639160156 -87.60662841796875 140.5451202392578
v -99.18565368652344 -88.12248229980469 143.4054718017578
v -99.71403503417969 -88.83465576171875 138.89279174804688
v -99.34452819824219 -84.78923034667969 144.0709991455078
v -100.47404479980469 -88.62370300292969 142.1716766357422
v -102.48551940917969 -88.72117614746094 138.53179931640625
v 152.5572052001953 -90.38668823242188 145.13047790527344
v 107.08157348632812 -90.89697265625 145.70114135742188
v 109.97502136230469 -92.92597961425781 142.81875610351562
v 153.67855834960938 -93.80429077148438 144.6691436767578
v 123.08432006835938 -97.32742309570312 142.36709594726562
v 153.92205810546875 -104.92233276367188 142.2211456298828
v 150.60118103027344 -108.91543579101562 144.87989807128906
v 25.92681884765625 -34.394901275634766 144.0020751953125
v 24.08282470703125 -34.70363998413086 145.9676513671875
v 25.01495361328125 -44.34361267089844 144.10118103027344
v 82.02619171142578 -47.454010009765625 145.60018920898438
v 86.49142456054688 -50.22507095336914 145.7560577392578
v 94.92268371582031 -53.34500503540039 145.1687469482422
v 97.780029296875 -54.631500244140625 143.30198669433594
v 102.7752685546875 -56.8407096862793 143.96878051757812
v 106.90605926513672 -59.843563079833984 142.14962768554688
v 113.27574157714844 -60.77254104614258 144.9020538330078
v 117.47203063964844 -62.131954193115234 144.58108520507812
v 127.2779541015625 -66.27426147460938 144.4058074951172
v 139.70217895507812 -71.22953796386719 148.6229248046875
v 142.70928955078125 -73.08363342285156 149.32461547851562
v 67.99280548095703 -76.27809143066406 146.2889404296875
v 148.47096252441406 -78.88078308105469 148.1565399169922
v 79.7607192993164 -81.35350036621094 144.10537719726562
v 85.2630386352539 -83.38621520996094 146.41709899902344
v 80.29096984863281 -81.50462341308594 147.31854248046875
v 94.32032012939453 -86.25386047363281 147.71018981933594
v -101.88380432128906 -88.71940612792969 143.50267028808594
v -100.35557556152344 -87.66581726074219 143.6275634765625
v -100.39884948730469 -89.415771484375 143.01393127441406
v -99.34898376464844 -90.97927856445312 143.65914916992188
v 112.23324584960938 -92.807861328125 146.4386749267578
v 152.40444946289062 -107.47032165527344 145.44972229003906
v 144.8584747314453 -108.51966857910156 146.33045959472656
v 148.23805236816406 -108.96846008300781 146.68994140625
v 22.401382446289062 -36.634666442871094 146.47691345214844
v 22.128860473632812 -40.10530471801758 147.20608520507812
v 21.958175659179688 -38.154232025146484 147.7356719970703
v 61.34199523925781 -40.11850357055664 150.86279296875
v 29.699020385742188 -48.55231475830078 148.27560424804688
v 32.292205810546875 -52.864784240722656 147.623779296875
v 99.79051208496094 -55.14338302612305 145.6813507080078
v 109.62682342529297 -59.4449348449707 145.41148376464844
v 120.28550720214844 -63.00162887573242 146.3853759765625
v 45.52558898925781 -61.43124008178711 149.04360961914062
v 43.029754638671875 -61.029659271240234 146.17169189453125
v 144.27374267578125 -74.33757019042969 146.89447021484375
v 73.67586517333984 -78.37286376953125 147.75990295410156
v -105.49726867675781 -85.70942687988281 144.5552978515625
v -105.49726867675781 -85.70942687988281 144.55531311035156
v -105.49726867675781 -85.70942687988281 144.55531311035156
v -105.49726867675781 -85.70942687988281 144.55531311035156
v -99.46226501464844 -86.07185363769531 145.4042205810547
v -105.49726867675781 -85.70942687988281 144.55531311035156
v -100.18257141113281 -88.56875610351562 144.67428588867188
v -108.50901794433594 -88.72117614746094 144.5552978515625
v -108.50901794433594 -88.72117614746094 144.55531311035156
v -108.50898742675781 -88.72117614746094 144.55531311035156
v -108.50904846191406 -88.72117614746094 144.55531311035156
v -111.52082824707031 -88.72117614746094 144.5552978515625
v -111.52082824707031 -88.72117614746094 144.55531311035156
v -111.52079772949219 -88.72117614746094 144.55531311035156
v -111.52076721191406 -88.72117614746094 144.55531311035156
v 103.9713134765625 -89.21751403808594 146.54541015625
v -108.50901794433594 -88.72117614746094 144.55531311035156
v -111.52082824707031 -88.72117614746094 144.55531311035156
v -99.26829528808594 -88.33515930175781 147.34144592285156
v -105.49726867675781 -91.73294067382812 144.5552978515625
v -105.49726867675781 -91.73294067382812 144.55531311035156
v -105.49726867675781 -91.73294067382812 144.55531311035156
v -105.49726867675781 -91.73294067382812 144.55531311035156
v -105.49726867675781 -91.73294067382812 144.55531311035156
v 123.39990234375 -96.06813049316406 146.91909790039062
v 154.61587524414062 -99.09860229492188 146.6291961669922
v 153.4559783935547 -105.53758239746094 146.48046875
v 139.9581756591797 -105.71537780761719 149.33306884765625
v 32.01033020019531 -32.093082427978516 148.91957092285156
v 45.3951416015625 -34.581546783447266 147.59152221679688
v 56.11369323730469 -37.659358978271484 152.28114318847656
v 23.349517822265625 -42.29404830932617 149.63604736328125
v 73.73497009277344 -44.802642822265625 147.58616638183594
v 69.08526611328125 -43.3399658203125 148.85401916503906
v 26.427810668945312 -45.53696823120117 146.80007934570312
v 88.23811340332031 -51.02238082885742 149.49505615234375
v 42.660919189453125 -58.91179275512695 150.83901977539062
v 115.49796295166016 -60.95161819458008 148.65072631835938
v 111.39325714111328 -59.13651657104492 148.78196716308594
v 124.64338684082031 -64.85720825195312 148.88861083984375
v 54.63041687011719 -66.42507934570312 152.41041564941406
v 147.4364471435547 -77.60298156738281 151.0929718017578
v 66.1109848022461 -74.9921875 148.6464385986328
v 152.3624725341797 -86.3616943359375 151.5040283203125
v -105.49726867675781 -85.70942687988281 144.55531311035156
v 91.81168365478516 -85.17404174804688 151.59750366210938
v -108.50901794433594 -88.72117614746094 144.55531311035156
v -111.52082824707031 -88.72117614746094 144.55531311035156
v -105.49726867675781 -91.73294067382812 144.55531311035156
v 111.30113983154297 -91.2965087890625 151.5238800048828
v 154.36724853515625 -94.6170654296875 147.7110137939453
v 126.8352279663086 -97.54753112792969 148.54002380371094
v 154.1190948486328 -103.38319396972656 146.07847595214844
v 130.229736328125 -99.36253356933594 150.20445251464844
v 149.87649536132812 -108.75492858886719 148.08135986328125
v 35.96330261230469 -32.424468994140625 151.2026824951172
v 25.992889404296875 -32.949798583984375 149.54322814941406
v 23.67791748046875 -34.37144088745117 149.97206115722656
v 63.8399658203125 -40.99338912963867 154.57423400878906
v 24.318252563476562 -43.28251266479492 151.73095703125
v 81.22468566894531 -47.349761962890625 152.99362182617188
v 99.9135971069336 -54.3911247253418 151.0211944580078
v 103.86624145507812 -55.74751663208008 149.71929931640625
v 57.342437744140625 -68.17961120605469 152.1168975830078
v 136.38223266601562 -69.68547058105469 152.26144409179688
v 70.44537353515625 -76.46321105957031 153.13455200195312
v 76.04446411132812 -78.88975524902344 152.4126739501953
v -99.30183410644531 -87.43673706054688 148.572021484375
v 100.07046508789062 -87.68994140625 153.70741271972656
v 106.64075469970703 -89.7220458984375 151.21688842773438
v 119.19537353515625 -93.76864624023438 150.14857482910156
v 154.93251037597656 -100.87892150878906 150.3204803466797
v 146.70138549804688 -108.04887390136719 151.3276824951172
v 28.43316650390625 -32.19071578979492 152.3979949951172
v 46.39530944824219 -34.576595306396484 151.2057647705078
v 52.07621765136719 -36.142940521240234 153.95770263671875
v 22.611541748046875 -36.08733367919922 151.6448211669922
v 22.11737060546875 -38.84194564819336 151.7249298095703
v 28.114456176757812 -46.243927001953125 149.7242889404297
v 78.11869812011719 -46.331058502197266 154.41737365722656
v 30.1514892578125 -46.12264633178711 154.14202880859375
v 31.612594604492188 -47.660396575927734 153.93704223632812
v 35.908233642578125 -53.22136688232422 153.0520477294922
v 109.82355499267578 -57.87147903442383 151.93348693847656
v 117.58485412597656 -61.68159103393555 151.65101623535156
v 127.6967544555664 -66.89897155761719 158.0687713623047
v 62.569000244140625 -71.38816833496094 154.19931030273438
v 81.16609191894531 -81.40827941894531 150.8759765625
v 88.15336608886719 -83.45533752441406 153.92681884765625
v -102.48551940917969 -88.72117614746094 150.5788116455078
v -102.48551940917969 -88.72117614746094 150.5788116455078
v -102.48551940917969 -88.72117614746094 150.5788116455078
v -102.48548889160156 -88.72117614746094 150.5788116455078
v -102.48551940917969 -88.72117614746094 150.5788116455078
v 126.07566833496094 -96.23475646972656 152.4303741455078
v 122.64312744140625 -94.55117797851562 152.69993591308594
v 155.80001831054688 -96.52793884277344 154.21815490722656
v 135.41131591796875 -101.59268188476562 153.35748291015625
v 155.30686950683594 -101.26878356933594 156.20458984375
v 152.26974487304688 -107.03871154785156 154.75064086914062
v 150.44979858398438 -108.29849243164062 153.67623901367188
v 143.02268981933594 -106.44584655761719 152.4176025390625
v 33.027557373046875 -32.00566101074219 155.87777709960938
v 26.103668212890625 -33.059349060058594 153.82923889160156
v 24.522720336914062 -34.623748779296875 155.00262451171875
v 66.41007232666016 -42.333709716796875 152.52455139160156
v 23.912582397460938 -42.22677230834961 153.59500122070312
v 71.57893371582031 -45.06446838378906 157.5004119873047
v 34.94868469238281 -48.03046417236328 159.85882568359375
v 88.58377838134766 -50.53003692626953 156.52366638183594
v 103.57585144042969 -55.448123931884766 153.0808868408203
v 52.76329040527344 -64.42001342773438 154.63356018066406
v 118.65332794189453 -62.29777908325195 156.677001953125
v 138.52420043945312 -70.85818481445312 155.18617248535156
v 146.0662841796875 -77.01731872558594 156.7215576171875
v 68.74066925048828 -75.17666625976562 155.1033172607422
v 150.21420288085938 -81.44139099121094 153.99365234375
v 152.4660186767578 -85.475830078125 154.23196411132812
v 103.76765441894531 -88.49565124511719 154.68460083007812
v -102.48551940917969 -88.72117614746094 150.5788116455078
v 155.1709442138672 -89.23831176757812 157.91592407226562
v 155.29685974121094 -92.31895446777344 154.0898895263672
v 131.52223205566406 -98.98063659667969 155.00088500976562
v 140.20065307617188 -104.86515808105469 153.1453857421875
v 153.76959228515625 -105.04408264160156 156.02963256835938
v 36.350830078125 -32.28664779663086 158.73135375976562
v 23.667266845703125 -37.515403747558594 155.61695861816406
v 57.95440673828125 -37.78158950805664 157.11471557617188
v 67.95752716064453 -43.76359176635742 160.572021484375
v 25.398651123046875 -42.770347595214844 155.68673706054688
v 84.71109008789062 -48.960472106933594 157.66891479492188
v 110.52445983886719 -58.06978225708008 155.71075439453125
v 41.035430908203125 -52.325950622558594 161.26992797851562
v 125.03441619873047 -65.76631164550781 159.09031677246094
v 134.17222595214844 -69.00531005859375 159.820068359375
v 59.40684509277344 -68.51515197753906 158.6776123046875
v 141.26705932617188 -73.39527893066406 160.01243591308594
v 78.13782501220703 -78.76156616210938 157.49220275878906
v 152.0800323486328 -84.01290893554688 156.7570343017578
v 87.0772933959961 -82.16331481933594 157.8088836669922
v 95.72748565673828 -86.01750183105469 158.274658203125
v 110.86608123779297 -89.84942626953125 158.4156951904297
v 116.88418579101562 -90.64286804199219 162.08689880371094
v 119.64242553710938 -92.12794494628906 159.51934814453125
v 155.85231018066406 -98.66398620605469 158.41746520996094
v 144.343017578125 -106.65275573730469 156.0908203125
v 146.9356689453125 -107.58139038085938 157.09483337402344
v 30.507095336914062 -32.30963897705078 158.41758728027344
v 29.443038940429688 -32.96601867675781 160.65196228027344
v 27.027297973632812 -33.6927375793457 157.923095703125
v 27.600173950195312 -34.69758987426758 160.7818603515625
v 55.50923156738281 -36.68803787231445 161.22650146484375
v 61.14768981933594 -39.37760543823242 159.3208465576172
v 24.553909301757812 -40.59713363647461 156.22715759277344
v 31.670364379882812 -46.097469329833984 157.01956176757812
v 29.807891845703125 -43.90922927856445 159.67625427246094
v 36.652557373046875 -50.56422424316406 158.4833526611328
v 96.54862213134766 -53.06189727783203 161.38211059570312
v 100.81578826904297 -54.898563385009766 160.91197204589844
v 46.41258239746094 -58.1316032409668 158.285888671875
v 137.7028350830078 -70.99392700195312 161.3721160888672
v 64.82225799560547 -71.57608032226562 159.023681640625
v 149.52008056640625 -80.53651428222656 157.08070373535156
v 155.94512939453125 -92.68145751953125 158.881591796875
v 127.0785140991211 -96.2896728515625 157.71876525878906
v 136.28749084472656 -101.21916198730469 158.29440307617188
v 140.24148559570312 -104.38157653808594 156.88047790527344
v 150.2500457763672 -107.66134643554688 156.94447326660156
v 148.6574249267578 -107.84378051757812 157.3008575439453
v 43.71052551269531 -34.245140075683594 163.19491577148438
v 40.84867858886719 -33.52972412109375 164.27127075195312
v 38.44346618652344 -32.740196228027344 160.67788696289062
v 26.031814575195312 -36.68921661376953 159.206787109375
v 27.523880004882812 -40.200218200683594 161.05880737304688
v 26.680343627929688 -42.27972412109375 158.2633819580078
v 77.57384490966797 -46.33390808105469 163.45022583007812
v 33.5257568359375 -45.46271896362305 162.3304901123047
v 86.7154312133789 -49.72305679321289 160.55807495117188
v 50.71708679199219 -60.54793930053711 160.4381561279297
v 115.13187408447266 -60.8536491394043 160.09246826171875
v 120.41410064697266 -63.51370620727539 162.8993682861328
v 142.88771057128906 -74.87034606933594 163.1269989013672
v 72.26744842529297 -75.30569458007812 161.0918426513672
v 75.54521179199219 -76.779296875 161.52264404296875
v 94.2137451171875 -83.65217590332031 166.3994903564453
v 154.5687255859375 -86.71737670898438 162.34019470214844
v 99.1843490600586 -86.9205322265625 159.3400115966797
v 105.52318572998047 -88.08735656738281 160.65269470214844
v 156.05935668945312 -94.80404663085938 161.62574768066406
v 122.8984603881836 -93.79153442382812 159.50428771972656
v 134.3002471923828 -99.78758239746094 160.72964477539062
v 152.90476989746094 -104.38729858398438 162.26547241210938
v 150.73155212402344 -106.7152099609375 161.98953247070312
v 34.20045471191406 -32.300865173339844 161.5142822265625
v 29.168258666992188 -33.991127014160156 162.56373596191406
v 27.718109130859375 -36.36771774291992 162.01309204101562
v 51.387298583984375 -35.716548919677734 162.91622924804688
v 29.83746337890625 -38.68150329589844 165.3812255859375
v 65.26286315917969 -42.38945007324219 164.5273895263672
v 28.81903076171875 -42.27326202392578 161.37081909179688
v 36.41758728027344 -46.403995513916016 164.64273071289062
v 90.71916961669922 -50.68668746948242 168.14236450195312
v 42.70918273925781 -53.23223114013672 162.1957244873047
v 110.74207305908203 -58.42434310913086 158.19622802734375
v 146.034912109375 -77.36317443847656 162.08065795898438
v 150.3683319091797 -81.34904479980469 160.95114135742188
v 155.46153259277344 -89.09127807617188 163.7496337890625
v 155.11407470703125 -100.122314453125 162.54635620117188
v 142.6800994873047 -105.65704345703125 164.66490173339844
v 37.51167297363281 -32.980411529541016 165.30490112304688
v 32.242095947265625 -32.83839416503906 163.44912719726562
v 59.84245300292969 -38.2109489440918 167.62110900878906
v 61.25364685058594 -39.43007278442383 164.07803344726562
v 70.86951446533203 -44.50282287597656 166.7125244140625
v 31.263900756835938 -42.46074295043945 165.43698120117188
v 84.91780853271484 -48.92244338989258 166.74002075195312
v 45.78912353515625 -55.72524642944336 163.17213439941406
v 106.83055877685547 -57.89512252807617 164.92539978027344
v 110.56871032714844 -59.91193771362305 166.66099548339844
v 117.24113464355469 -62.177669525146484 164.35317993164062
v 55.418060302734375 -63.18984603881836 165.3019561767578
v 58.96405029296875 -66.16325378417969 164.74549865722656
v 125.31327819824219 -65.72140502929688 168.78067016601562
v 63.255775451660156 -67.9329833984375 168.3620147705078
v 72.99835968017578 -73.0235595703125 168.59347534179688
v 83.82106018066406 -78.20518493652344 166.8388214111328
v 152.40049743652344 -82.55751037597656 168.0326385498047
v 100.0698013305664 -85.70491027832031 166.90087890625
v 112.67831420898438 -89.01217651367188 165.77130126953125
v 155.68746948242188 -91.21682739257812 164.9672393798828
v 118.5020751953125 -90.63731384277344 166.32615661621094
v 120.21268463134766 -91.47853088378906 166.59393310546875
v 125.18990325927734 -95.01625061035156 163.56072998046875
v 127.89773559570312 -96.59400939941406 162.87396240234375
v 155.3185272216797 -96.98789978027344 165.59083557128906
v 134.31027221679688 -99.68879699707031 167.44522094726562
v 137.99021911621094 -101.90263366699219 171.04910278320312
v 145.8471221923828 -106.94943237304688 165.4697265625
v 148.72195434570312 -106.91355895996094 165.97467041015625
v 147.4073486328125 -107.126953125 165.74305725097656
v 35.46961975097656 -32.910194396972656 165.44793701171875
v 33.160400390625 -33.66586685180664 166.3738250732422
v 30.555435180664062 -35.894676208496094 165.9469451904297
v 30.401046752929688 -40.62657165527344 165.64390563964844
v 78.36107635498047 -46.53738021850586 167.19139099121094
v 40.182708740234375 -47.901039123535156 166.99876403808594
v 42.39984130859375 -50.98649215698242 166.05763244628906
v 50.05931091308594 -58.87655258178711 165.24156188964844
v 133.0114288330078 -68.56044006347656 165.05857849121094
v 67.24764251708984 -70.72248840332031 166.17333984375
v 138.14117431640625 -71.60459899902344 169.39410400390625
v 76.92613983154297 -74.52330017089844 169.57745361328125
v 149.49859619140625 -79.57156372070312 167.94284057617188
v 90.66802215576172 -81.49493408203125 166.9003143310547
v 88.61750030517578 -79.65023803710938 169.49168395996094
v 96.39832305908203 -84.60981750488281 166.87522888183594
v 150.38858032226562 -104.77757263183594 168.75833129882812
v 40.845184326171875 -33.6791877746582 167.0733642578125
v 33.51646423339844 -34.719696044921875 168.34349060058594
v 54.79351806640625 -35.90046310424805 170.27618408203125
v 47.259246826171875 -34.431766510009766 170.83116149902344
v 64.66085815429688 -41.58176040649414 167.8095245361328
v 67.81330108642578 -43.217857360839844 167.65911865234375
v 34.197601318359375 -42.55074691772461 168.79025268554688
v 93.1717300415039 -51.37595748901367 173.9336395263672
v 44.967010498046875 -53.972625732421875 166.3246612548828
v 43.43315124511719 -50.693355560302734 169.52587890625
v 103.3390121459961 -56.41205978393555 167.71676635742188
v 116.62202453613281 -62.16904067993164 172.14450073242188
v 60.40045166015625 -66.01612854003906 169.4162139892578
v 146.56837463378906 -77.41845703125 167.8465118408203
v 83.73579406738281 -76.81719970703125 171.64141845703125
v 113.36699676513672 -88.65229797363281 170.18141174316406
v 155.22506713867188 -92.83790588378906 167.84866333007812
v 151.5777587890625 -101.55911254882812 171.1643524169922
v 41.230865478515625 -33.86384963989258 169.44508361816406
v 37.17597961425781 -33.97624588012695 169.21701049804688
v 32.94317626953125 -36.90568542480469 169.4672088623047
v 59.57408142089844 -37.5605354309082 172.612548828125
v 33.19837951660156 -39.87614059448242 169.53553771972656
v 78.30479431152344 -46.12574768066406 171.31248474121094
v 39.170318603515625 -44.52898025512695 170.91998291015625
v 52.141845703125 -59.83290481567383 171.35316467285156
v 47.20782470703125 -55.08449172973633 171.59129333496094
v 108.7596435546875 -59.39567947387695 171.47613525390625
v 112.0837631225586 -60.73978042602539 171.59449768066406
v 119.840576171875 -63.44233322143555 174.0378875732422
v 135.47366333007812 -70.26943969726562 173.15293884277344
v 149.37222290039062 -79.38407897949219 171.27587890625
v 153.67886352539062 -85.22509765625 170.80715942382812
v 154.04464721679688 -87.72512817382812 172.0360870361328
v 122.61153411865234 -93.68927001953125 177.32791137695312
v 152.91867065429688 -96.74771118164062 173.02993774414062
v 150.20570373535156 -102.65557861328125 173.86328125
v 148.10638427734375 -106.04399108886719 169.3909454345703
v 145.22067260742188 -105.83561706542969 170.67015075683594
v 142.26304626464844 -104.74278259277344 171.0500030517578
v 37.15434265136719 -34.78203582763672 171.2079620361328
v 54.654022216796875 -35.82543182373047 173.69866943359375
v 35.04380798339844 -36.33638381958008 171.39320373535156
v 35.80247497558594 -39.4968376159668 172.25308227539062
v 63.2586669921875 -39.15174102783203 174.35850524902344
v 35.061187744140625 -41.89753723144531 170.40708923339844
v 82.74075317382812 -47.74852752685547 169.9304656982422
v 40.80519104003906 -44.56047439575195 173.3442840576172
v 42.43885803222656 -45.608299255371094 175.30410766601562
v 87.40308380126953 -49.002655029296875 172.50653076171875
v 90.03314208984375 -49.956790924072266 174.1925048828125
v 45.19795227050781 -52.39236068725586 172.42514038085938
v 101.27799987792969 -55.38075637817383 174.49615478515625
v 58.19813537597656 -63.8107795715332 174.85304260253906
v 129.95016479492188 -67.52256774902344 173.2718505859375
v 67.41492462158203 -68.78773498535156 174.17237854003906
v 91.70832061767578 -81.32943725585938 170.61737060546875
v 152.14266967773438 -82.56465148925781 173.22738647460938
v 97.70580291748047 -84.25283813476562 174.41976928710938
v 110.37542724609375 -87.08491516113281 174.87339782714844
v 115.58253479003906 -89.29841613769531 174.43370056152344
v 153.7293701171875 -93.39675903320312 172.777587890625
v 126.49329376220703 -95.99050903320312 174.29281616210938
v 132.73550415039062 -99.14228820800781 179.78640747070312
v 46.212066650390625 -34.38090896606445 173.45286560058594
v 42.87959289550781 -34.330223083496094 172.43861389160156
v 41.78663635253906 -34.793087005615234 173.40185546875
v 68.46610260009766 -42.13657760620117 175.0769500732422
v 38.91767883300781 -42.29796600341797 173.23056030273438
v 76.2842788696289 -44.879024505615234 176.65843200683594
v 72.51056671142578 -43.81058120727539 176.56399536132812
v 83.84786224365234 -46.58757781982422 177.16317749023438
v 117.5317611694336 -62.33823013305664 175.64752197265625
v 122.29725646972656 -64.60929870605469 176.85720825195312
v 141.05043029785156 -73.38153076171875 179.36544799804688
v 145.19338989257812 -76.56068420410156 175.01690673828125
v 87.53118133544922 -77.67730712890625 175.93202209472656
v 150.06227111816406 -80.5931396484375 175.8311767578125
v 94.83089447021484 -82.54917907714844 176.38430786132812
v 103.68172454833984 -85.5274658203125 175.32659912109375
v 120.94503784179688 -92.69247436523438 176.7537841796875
v 151.08689880371094 -97.82429504394531 178.11656188964844
v 148.6849822998047 -103.65780639648438 176.1194610595703
v 140.61866760253906 -103.793212890625 173.88150024414062
v 147.16073608398438 -104.67909240722656 175.42588806152344
v 143.3192138671875 -104.86322021484375 175.11727905273438
v 145.39697265625 -105.06021118164062 175.1938934326172
v 52.201385498046875 -35.71567916870117 177.41680908203125
v 48.09629821777344 -34.95419692993164 175.12860107421875
v 45.98297119140625 -35.17393112182617 176.62330627441406
v 40.39678955078125 -35.65868377685547 173.983154296875
v 60.66114807128906 -37.95207977294922 175.70118713378906
v 42.026458740234375 -36.84052276611328 177.03997802734375
v 38.74212646484375 -37.13144302368164 173.95663452148438
v 41.107666015625 -38.01824951171875 176.8609161376953
v 38.08726501464844 -39.22550582885742 173.92449951171875
v 64.81977844238281 -40.00601577758789 175.7562713623047
v 40.8858642578125 -42.264984130859375 175.90615844726562
v 39.914581298828125 -39.26262664794922 175.7965545654297
v 44.6732177734375 -48.99503707885742 177.4871826171875
v 47.883392333984375 -54.77395248413086 174.56031799316406
v 96.78575134277344 -53.31692123413086 176.39889526367188
v 105.5621566772461 -57.91462326049805 178.8430938720703
v 108.82112884521484 -59.19290542602539 181.1534881591797
v 54.549102783203125 -60.68648910522461 175.2374267578125
v 60.40180969238281 -64.62849426269531 178.3203887939453
v 63.9970703125 -66.33940124511719 178.094970703125
v 138.67608642578125 -71.99903869628906 181.5970916748047
v 77.13502502441406 -71.70968627929688 179.44908142089844
v 145.73379516601562 -77.66903686523438 179.7574462890625
v 91.76172637939453 -79.30780029296875 182.84042358398438
v 152.10775756835938 -84.40644836425781 176.20352172851562
v 114.5903091430664 -88.60714721679688 177.2117919921875
v 153.0452880859375 -90.01087951660156 175.4698486328125
v 152.01614379882812 -86.83744812011719 177.8817901611328
v 135.26470947265625 -100.58058166503906 180.10302734375
v 57.92573547363281 -37.33919906616211 178.3224639892578
v 41.872955322265625 -39.708587646484375 178.58880615234375
v 41.76673889160156 -41.73329544067383 178.1124267578125
v 82.51943969726562 -45.831298828125 180.25096130371094
v 91.08659362792969 -50.29612350463867 179.07688903808594
v 46.85408020019531 -51.44606399536133 179.5489501953125
v 48.89680480957031 -53.548274993896484 179.60313415527344
v 52.605926513671875 -56.451412200927734 180.1595458984375
v 58.429931640625 -62.17789840698242 181.7809295654297
v 129.33572387695312 -67.17982482910156 176.60557556152344
v 68.67288208007812 -67.88336181640625 178.74093627929688
v 134.49801635742188 -69.75184631347656 182.2725830078125
v 81.84233093261719 -74.72785949707031 176.79696655273438
v 150.69534301757812 -82.20166015625 177.66690063476562
v 140.60733032226562 -104.00204467773438 182.58592224121094
v 49.77534484863281 -35.91990661621094 179.8448944091797
v 43.86830139160156 -36.32276153564453 178.3583984375
v 46.15019226074219 -36.17789840698242 179.83724975585938
v 61.91363525390625 -38.97373580932617 181.0836181640625
v 43.15534973144531 -38.8909797668457 180.6851348876953
v 67.44100189208984 -41.243988037109375 181.4733428955078
v 85.32411193847656 -46.77129364013672 181.45960998535156
v 116.3925552368164 -61.12516403198242 183.10508728027344
v 129.0791473388672 -66.67808532714844 181.93704223632812
v 74.95310974121094 -69.42271423339844 182.5926971435547
v 80.02458190917969 -72.23310852050781 183.90200805664062
v 83.87727355957031 -75.01661682128906 181.3655548095703
v 149.09620666503906 -81.2354736328125 180.33522033691406
v 108.91064453125 -85.42634582519531 183.4953155517578
v 111.10262298583984 -86.07666015625 183.852294921875
v 148.54806518554688 -94.02342224121094 187.2574920654297
v 118.54327392578125 -91.41883850097656 183.2887725830078
v 150.47018432617188 -95.89291381835938 181.47206115722656
v 149.4302520751953 -101.81037902832031 178.74449157714844
v 139.12744140625 -103.28610229492188 179.88705444335938
v 146.1824493408203 -104.03044128417969 181.481201171875
v 56.63359069824219 -37.99325942993164 182.94219970703125
v 51.8883056640625 -37.32033920288086 183.47781372070312
v 45.338348388671875 -37.747528076171875 182.39987182617188
v 64.20330047607422 -39.91360855102539 182.31939697265625
v 76.4356460571289 -44.24254608154297 187.66856384277344
v 43.78273010253906 -43.87377166748047 182.5576171875
v 96.60763549804688 -54.20088195800781 185.82960510253906
v 100.47415161132812 -55.79215621948242 183.8301239013672
v 123.83010864257812 -64.45391845703125 185.29010009765625
v 65.80408477783203 -66.07368469238281 181.06068420410156
v 146.04530334472656 -78.83320617675781 182.89158630371094
v 148.7037811279297 -84.48606872558594 185.29505920410156
v 97.06391906738281 -81.48037719726562 184.91387939453125
v 102.06969451904297 -83.44454956054688 184.174072265625
v 113.3976058959961 -87.36822509765625 183.68275451660156
v 128.55979919433594 -96.84443664550781 184.45318603515625
v 48.63861083984375 -38.020137786865234 185.0836639404297
v 59.65098571777344 -39.398040771484375 187.29075622558594
v 44.24354553222656 -42.07320785522461 184.1890869140625
v 68.98186492919922 -41.344356536865234 191.13638305664062
v 45.01698303222656 -46.01616668701172 185.06553649902344
v 47.67643737792969 -48.63563919067383 190.22496032714844
v 87.13853454589844 -47.84832763671875 184.62167358398438
v 49.14250183105469 -51.90748596191406 185.97886657714844
v 54.047576904296875 -56.98227310180664 183.18247985839844
v 69.50325775146484 -65.47454833984375 185.232666015625
v 62.92701721191406 -63.9098014831543 185.50531005859375
v 72.599365234375 -66.9385986328125 185.0082550048828
v 140.82180786132812 -73.8621826171875 185.1126251220703
v 82.43345642089844 -73.57261657714844 185.43463134765625
v 89.45272064208984 -77.73185729980469 186.05125427246094
v 146.46865844726562 -80.32496643066406 185.4477081298828
v 147.5774383544922 -82.65403747558594 186.30807495117188
v 148.24778747558594 -88.74375915527344 187.61712646484375
v 123.53736114501953 -93.57304382324219 188.90623474121094
v 149.1289825439453 -98.32620239257812 184.31024169921875
v 147.53785705566406 -99.54472351074219 187.7315673828125
v 146.61270141601562 -102.299560546875 185.7261199951172
v 137.91934204101562 -102.21701049804688 185.9462432861328
v 143.9615020751953 -104.19041442871094 183.68927001953125
v 141.76104736328125 -104.0535888671875 184.2916259765625
v 45.60809326171875 -39.1547966003418 184.70175170898438
v 61.544158935546875 -39.74256896972656 189.21983337402344
v 65.1916275024414 -40.40882873535156 186.6602325439453
v 45.64585876464844 -41.00965881347656 186.1846160888672
v 73.51461029052734 -43.21516036987305 189.7608184814453
v 92.88534545898438 -52.00025939941406 186.34487915039062
v 58.27098083496094 -60.22831344604492 188.8224639892578
v 114.52749633789062 -60.60098648071289 189.8974609375
v 60.602447509765625 -61.73878860473633 189.89849853515625
v 124.74783325195312 -64.84066772460938 187.85693359375
v 127.98707580566406 -66.19120788574219 186.17977905273438
v 130.6599578857422 -67.66229248046875 186.88381958007812
v 141.6212158203125 -75.40435791015625 188.2403564453125
v 84.49239349365234 -74.75538635253906 188.74205017089844
v 115.29300689697266 -88.64286804199219 191.2767333984375
v 135.08729553222656 -100.34770202636719 188.125244140625
v 143.7292938232422 -102.40386962890625 190.05441284179688
v 50.666259765625 -38.40644836425781 186.3050079345703
v 55.86830139160156 -39.54241180419922 190.29429626464844
v 53.25006103515625 -39.29200744628906 189.01528930664062
v 51.07768249511719 -39.852508544921875 190.1051025390625
v 48.73420715332031 -40.83159637451172 190.6553192138672
v 46.82786560058594 -39.98512649536133 186.68014526367188
v 45.63591003417969 -42.847816467285156 187.80235290527344
v 44.999969482421875 -44.332279205322266 186.41050720214844
v 82.85435485839844 -46.033145904541016 189.5144500732422
v 80.46621704101562 -45.240970611572266 190.66073608398438
v 46.69532775878906 -47.14473342895508 189.29733276367188
v 89.55252075195312 -49.98888397216797 193.6236572265625
v 51.616790771484375 -54.08872985839844 187.669677734375
v 107.21669006347656 -58.71554946899414 189.6739044189453
v 110.4251937866211 -59.74087142944336 190.10768127441406
v 118.85320281982422 -61.85346603393555 189.07583618164062
v 70.91875457763672 -64.84846496582031 188.48162841796875
v 69.36066436767578 -63.993587493896484 190.01165771484375
v 73.7178955078125 -66.90509033203125 186.71176147460938
v 134.87110900878906 -70.67636108398438 189.64686584472656
v 77.4244384765625 -69.16032409667969 189.12100219726562
v 87.98847961425781 -76.65275573730469 191.63067626953125
v 101.63426971435547 -82.6038818359375 189.9722442626953
v 106.6165771484375 -84.17292785644531 189.20082092285156
v 111.99771118164062 -86.33078002929688 188.3375701904297
v 142.1556854248047 -103.07087707519531 188.74546813964844
v 46.88117980957031 -45.55832290649414 191.46585083007812
v 84.80381774902344 -47.29071807861328 195.92686462402344
v 49.478271484375 -51.16691970825195 191.476318359375
v 92.59007263183594 -51.88526153564453 195.5178680419922
v 95.16790008544922 -53.14923095703125 197.73764038085938
v 102.03173065185547 -56.41643142700195 188.28797912597656
v 54.04429626464844 -56.08206558227539 194.62533569335938
v 116.61209869384766 -61.04501724243164 195.77040100097656
v 62.36814880371094 -62.60243606567383 189.8212432861328
v 73.79037475585938 -65.94297790527344 190.53977966308594
v 136.72804260253906 -72.48780822753906 192.36720275878906
v 79.18657684326172 -70.46539306640625 190.81436157226562
v 142.228759765625 -76.94686889648438 190.20643615722656
v 142.83030700683594 -78.89865112304688 191.94720458984375
v 97.95219421386719 -81.19493103027344 189.98277282714844
v 144.70550537109375 -86.03974914550781 193.8933563232422
v 130.03355407714844 -97.59909057617188 194.81683349609375
v 145.9827880859375 -100.43547058105469 189.92613220214844
v 137.8431854248047 -101.51560974121094 191.35194396972656
v 139.37254333496094 -101.74320983886719 192.7431182861328
v 120.32234191894531 -62.818904876708984 196.90750122070312
v 71.65691375732422 -64.64012145996094 191.68443298339844
v 64.80056762695312 -62.7065544128418 192.692138671875
v 124.94853973388672 -65.48556518554688 193.7010498046875
v 76.04061889648438 -67.60484313964844 192.15322875976562
v 83.17236328125 -73.89071655273438 192.168212890625
v 139.1483612060547 -75.001953125 193.4470672607422
v 85.7806625366211 -75.61482238769531 193.34701538085938
v 94.0578842163086 -78.35505676269531 196.47171020507812
v 143.42233276367188 -82.21952819824219 194.25299072265625
v 118.33154296875 -90.50750732421875 194.5236358642578
v 144.8850555419922 -95.94544982910156 194.44557189941406
v 124.54228210449219 -93.89704895019531 199.62109375
v 65.23802185058594 -40.09955978393555 195.80665588378906
v 59.89994812011719 -39.62372970581055 198.0528106689453
v 53.42454528808594 -40.10989761352539 194.21900939941406
v 51.04997253417969 -40.923954010009766 194.62435913085938
v 72.4203872680664 -42.642112731933594 194.9613037109375
v 48.536224365234375 -42.166568756103516 193.12571716308594
v 47.52455139160156 -43.58024597167969 192.747314453125
v 75.01190185546875 -43.65810775756836 197.09991455078125
v 82.45388793945312 -45.99117660522461 198.59703063964844
v 51.21437072753906 -53.00748825073242 197.52239990234375
v 101.29177856445312 -55.57463455200195 197.08181762695312
v 106.87211608886719 -57.91939926147461 200.3715057373047
v 112.36248016357422 -59.69630813598633 199.20179748535156
v 63.72361755371094 -61.22432327270508 200.44300842285156
v 132.18161010742188 -70.79180908203125 198.14552307128906
v 78.96002960205078 -70.34896850585938 194.22117614746094
v 136.002685546875 -73.27247619628906 196.60452270507812
v 92.04666137695312 -77.48387145996094 197.65760803222656
v 106.54557037353516 -83.61723327636719 200.3208770751953
v 144.9086456298828 -88.93544006347656 194.34556579589844
v 144.85296630859375 -92.6094970703125 194.9021453857422
v 144.09371948242188 -98.30776977539062 194.8968048095703
v 143.83013916015625 -100.11024475097656 193.40289306640625
v 132.6995391845703 -98.84893798828125 197.24844360351562
v 142.58229064941406 -101.44956970214844 192.83526611328125
v 140.87704467773438 -101.59776306152344 193.47425842285156
v 78.29621887207031 -44.49354934692383 202.34042358398438
v 48.61199951171875 -48.282135009765625 195.9491729736328
v 55.358184814453125 -56.54805374145508 199.89454650878906
v 60.275604248046875 -60.02792739868164 198.63401794433594
v 67.22836303710938 -62.590213775634766 198.95787048339844
v 70.14806365966797 -63.62668991088867 201.5414581298828
v 139.52725219726562 -77.41302490234375 197.13916015625
v 87.35411834716797 -76.32498168945312 196.81002807617188
v 102.24449920654297 -82.07064819335938 201.0043487548828
v 99.74024963378906 -81.07156372070312 206.2097930908203
v 112.94800567626953 -87.02702331542969 196.56500244140625
v 141.8444061279297 -99.87120056152344 196.91256713867188
v 134.8489532470703 -99.59228515625 198.39248657226562
v 56.66949462890625 -39.95050048828125 199.8451690673828
v 54.662841796875 -40.64066696166992 201.17982482910156
v 65.39360046386719 -40.33781814575195 198.7225341796875
v 70.33529663085938 -42.049407958984375 198.3165740966797
v 50.641143798828125 -43.44469451904297 200.86312866210938
v 49.359375 -45.05356979370117 199.20016479492188
v 48.74644470214844 -46.514163970947266 198.0316619873047
v 86.954833984375 -49.1188850402832 205.3656768798828
v 49.49455261230469 -49.641868591308594 199.1493682861328
v 52.66099548339844 -54.17787551879883 200.59938049316406
v 74.64261627197266 -66.41999816894531 203.68519592285156
v 72.87174224853516 -65.16966247558594 201.3789825439453
v 128.3521270751953 -68.99766540527344 201.7512664794922
v 80.7872543334961 -72.91534423828125 201.85342407226562
v 139.51742553710938 -83.3074951171875 204.39266967773438
v 98.0772476196289 -80.59637451171875 202.7178955078125
v 143.1351776123047 -86.96759033203125 197.91233825683594
v 117.42364501953125 -89.9283447265625 199.91571044921875
v 142.80450439453125 -97.52029418945312 198.58843994140625
v 139.5012969970703 -99.68014526367188 199.65591430664062
v 138.32705688476562 -100.56602478027344 197.34332275390625
v 63.21174621582031 -40.244258880615234 201.3582305908203
v 52.71876525878906 -41.67923355102539 201.39352416992188
v 125.6655044555664 -67.12832641601562 202.08868408203125
v 76.93912506103516 -68.57051086425781 202.05569458007812
v 136.3786163330078 -76.46267700195312 202.68585205078125
v 83.74188995361328 -75.06900024414062 200.5858154296875
v 108.88092041015625 -84.82518005371094 204.033203125
v 120.93382263183594 -91.64775085449219 203.69203186035156
v 142.21115112304688 -94.31575012207031 201.82862854003906
v 132.20558166503906 -97.8580322265625 203.1210174560547
v 60.05317687988281 -40.14569854736328 202.7487030029297
v 66.01231384277344 -41.3298225402832 202.13372802734375
v 70.43973541259766 -42.787837982177734 202.4473876953125
v 79.63340759277344 -44.675811767578125 211.76182556152344
v 73.53077697753906 -43.696197509765625 203.15887451171875
v 49.605926513671875 -47.595497131347656 202.3396759033203
v 51.44927978515625 -52.01592254638672 203.72938537597656
v 57.360870361328125 -57.28702926635742 203.259765625
v 115.90068817138672 -60.84846115112305 205.68051147460938
v 132.06915283203125 -73.0023193359375 204.7324981689453
v 104.40168762207031 -82.4190673828125 203.01646423339844
v 139.44863891601562 -86.93434143066406 207.463623046875
v 141.3271484375 -91.587158203125 204.4325408935547
v 141.16351318359375 -95.63200378417969 203.49874877929688
v 127.88380432128906 -95.5882568359375 204.83731079101562
v 140.8040771484375 -97.40940856933594 202.607666015625
v 134.84730529785156 -98.73480224609375 202.80224609375
v 57.07719421386719 -40.51335906982422 203.55039978027344
v 50.604644775390625 -45.63187026977539 204.4710693359375
v 50.8883056640625 -49.50310134887695 206.09754943847656
v 94.32009887695312 -52.635433197021484 205.38473510742188
v 55.20977783203125 -55.19743728637695 206.3681182861328
v 67.34529876708984 -61.9173698425293 203.78550720214844
v 119.1515884399414 -62.587581634521484 205.771484375
v 128.7779541015625 -70.10476684570312 205.1318359375
v 85.92630004882812 -75.89248657226562 207.15133666992188
v 137.68331909179688 -80.70919799804688 206.10964965820312
v 94.88790893554688 -78.63453674316406 207.54818725585938
v 113.62562561035156 -88.14654541015625 207.22451782226562
v 138.94081115722656 -97.90650939941406 203.76107788085938
v 135.1260528564453 -97.76954650878906 206.27198791503906
v 63.83074188232422 -41.97981643676758 207.00314331054688
v 54.29383850097656 -43.24207305908203 208.7181396484375
v 53.91694641113281 -53.627708435058594 207.75320434570312
v 100.552978515625 -54.89751052856445 215.86830139160156
v 110.53094482421875 -58.993770599365234 211.64315795898438
v 65.86154174804688 -60.116214752197266 208.20130920410156
v 70.8778305053711 -63.27476119995117 207.8061065673828
v 124.91793823242188 -67.81793212890625 209.82423400878906
v 82.4894027709961 -74.36050415039062 206.94825744628906
v 91.91780090332031 -77.34715270996094 209.12750244140625
v 114.95742797851562 -88.74801635742188 209.70068359375
v 140.296875 -93.59634399414062 206.50167846679688
v 120.67123413085938 -91.14091491699219 209.37046813964844
v 138.27130126953125 -95.63069152832031 208.41415405273438
v 137.07955932617188 -97.66778564453125 206.0193634033203
v 132.30096435546875 -97.33775329589844 205.9935302734375
v 58.883453369140625 -42.43928909301758 210.7811737060547
v 55.9915771484375 -42.573123931884766 209.26319885253906
v 66.85179138183594 -43.17454147338867 210.28138732910156
v 74.05694580078125 -44.129276275634766 208.18875122070312
v 82.09943389892578 -45.722557067871094 212.2535858154297
v 50.93910217285156 -47.09281921386719 206.7597198486328
v 53.030670166015625 -51.59554672241211 209.5093994140625
v 105.247314453125 -56.92335891723633 212.0801544189453
v 59.39019775390625 -56.24660873413086 212.23880004882812
v 120.79751586914062 -64.38404846191406 210.10906982421875
v 79.5280990600586 -71.56559753417969 213.35671997070312
v 134.25840759277344 -80.83464050292969 214.0828094482422
v 137.71304321289062 -87.99057006835938 212.20462036132812
v 128.1063232421875 -94.79147338867188 211.41525268554688
v 53.48260498046875 -44.62110137939453 210.71339416503906
v 52.94178771972656 -48.1580924987793 212.0823516845703
v 90.38453674316406 -50.834205627441406 214.88784790039062
v 116.82328033447266 -61.557125091552734 209.298828125
v 127.38729858398438 -70.24574279785156 209.6260223388672
v 74.87369537353516 -66.402587890625 215.6683807373047
v 129.1041717529297 -72.666015625 210.4379425048828
v 97.93972778320312 -79.86843872070312 210.3133087158203
v 102.30477142333984 -80.81011962890625 211.77206420898438
v 104.79346466064453 -81.58522033691406 213.1161651611328
v 136.8350067138672 -83.93865966796875 212.20828247070312
v 106.816650390625 -82.8427734375 213.320068359375
v 111.36309051513672 -86.483642578125 215.8448486328125
v 138.77218627929688 -91.63935852050781 209.84271240234375
v 135.65423583984375 -96.2470703125 209.3402862548828
v 132.63002014160156 -96.26344299316406 210.0533447265625
v 62.63114929199219 -42.667903900146484 211.35108947753906
v 76.45426940917969 -44.263919830322266 216.96998596191406
v 57.35444641113281 -43.64276123046875 215.2593231201172
v 53.23976135253906 -46.1744270324707 212.50332641601562
v 86.81755828857422 -48.919612884521484 216.71759033203125
v 53.741058349609375 -49.6197509765625 213.47909545898438
v 94.47584533691406 -52.66160202026367 214.42105102539062
v 56.24205017089844 -53.62491989135742 212.66432189941406
v 61.85234069824219 -57.3548698425293 213.107421875
v 64.48240661621094 -58.49075698852539 215.5611114501953
v 70.62056732177734 -62.60117721557617 213.45753479003906
v 82.36246490478516 -73.95561218261719 210.895263671875
v 85.41056060791016 -75.314697265625 212.07235717773438
v 91.01945495605469 -76.49676513671875 214.0509490966797
v 119.3521499633789 -89.8505859375 213.3834686279297
v 137.69439697265625 -93.4267578125 210.75709533691406
v 137.2772216796875 -90.15927124023438 213.2279815673828
v 125.02841186523438 -93.19541931152344 212.7081756591797
v 135.95535278320312 -93.38394165039062 213.48023986816406
v 136.48062133789062 -95.07997131347656 210.56344604492188
v 135.0350341796875 -94.55776977539062 212.9807891845703
v 133.2952423095703 -94.84466552734375 213.29298400878906
v 68.85975646972656 -44.08924102783203 216.34915161132812
v 59.334075927734375 -55.0108757019043 215.36062622070312
v 112.53422546386719 -60.25984573364258 215.83694458007812
v 115.44087219238281 -61.858402252197266 214.61410522460938
v 72.04299926757812 -63.66315841674805 217.09005737304688
v 122.17191314697266 -67.16700744628906 215.24696350097656
v 124.09209442138672 -68.43440246582031 213.76229858398438
v 82.8825454711914 -73.5135498046875 214.7259521484375
v 129.72882080078125 -78.85801696777344 219.0296630859375
v 94.43071746826172 -77.58322143554688 214.40870666503906
v 135.09036254882812 -83.44515991210938 215.4684600830078
v 112.97232055664062 -87.42056274414062 214.75607299804688
v 136.7027587890625 -91.55216979980469 213.73696899414062
v 127.9866943359375 -93.71084594726562 215.20166015625
v 79.0737075805664 -44.844608306884766 218.29400634765625
v 55.730926513671875 -44.850460052490234 216.5159912109375
v 54.53376770019531 -47.30473709106445 216.0435333251953
v 56.31640625 -51.91872024536133 215.49383544921875
v 103.5611343383789 -56.219783782958984 219.33973693847656
v 117.26261138916016 -64.02711486816406 216.8826141357422
v 125.32864379882812 -71.26678466796875 216.2510528564453
v 76.077880859375 -67.67071533203125 217.8069305419922
v 100.68853759765625 -79.36166381835938 216.23985290527344
v 94.57051086425781 -77.02418518066406 216.55645751953125
v 134.8805389404297 -86.33775329589844 217.03289794921875
v 118.0382080078125 -88.5008544921875 217.01724243164062
v 134.02426147460938 -88.9183349609375 218.01002502441406
v 129.38760375976562 -92.44741821289062 217.89151000976562
v 62.53276062011719 -43.46792221069336 217.55337524414062
v 59.76908874511719 -43.528263092041016 217.2453155517578
v 82.55706024169922 -46.42353439331055 219.53733825683594
v 55.89030456542969 -45.53218460083008 217.82154846191406
v 55.51075744628906 -48.029544830322266 217.8819122314453
v 57.60984802246094 -50.616424560546875 219.28915405273438
v 61.85438537597656 -55.2819709777832 220.21519470214844
v 106.24151611328125 -57.53652572631836 220.62191772460938
v 63.128082275390625 -57.12149429321289 218.41525268554688
v 114.5218505859375 -62.471370697021484 218.76593017578125
v 78.4293212890625 -69.71199035644531 218.5896453857422
v 90.07654571533203 -75.2357177734375 216.97055053710938
v 82.97120666503906 -72.05693054199219 218.79417419433594
v 102.85780334472656 -79.77493286132812 218.27157592773438
v 132.98248291015625 -81.85037231445312 217.3930206298828
v 107.69432067871094 -82.66801452636719 220.516357421875
v 112.74053192138672 -86.68058776855469 218.8491973876953
v 120.75479125976562 -89.56884765625 217.11837768554688
v 133.04998779296875 -91.75515747070312 217.2189178466797
v 131.28529357910156 -91.63827514648438 218.57937622070312
v 127.81378936767578 -92.44894409179688 217.7741241455078
v 125.73853302001953 -91.89450073242188 217.740234375
v 67.84805297851562 -44.35709762573242 220.1172637939453
v 62.05061340332031 -44.35423278808594 221.1184844970703
v 60.18989562988281 -44.935401916503906 221.72608947753906
v 90.73148345947266 -51.37258529663086 223.48660278320312
v 60.19488525390625 -52.8587532043457 220.99330139160156
v 96.82083892822266 -53.5272331237793 227.93243408203125
v 66.63629913330078 -59.936344146728516 220.5267333984375
v 116.55113983154297 -65.26614379882812 220.55284118652344
v 80.2149887084961 -70.63896179199219 219.71299743652344
v 88.76329040527344 -72.49197387695312 222.1635284423828
v 127.18450927734375 -77.15733337402344 221.37286376953125
v 97.44953155517578 -75.8231201171875 222.27598571777344
v 104.86339569091797 -80.58798217773438 219.8264617919922
v 131.7728729248047 -83.04136657714844 219.55874633789062
v 121.63507080078125 -88.29241943359375 220.68478393554688
v 72.72772216796875 -44.669029235839844 222.79930114746094
v 67.8605728149414 -44.84441375732422 222.63360595703125
v 59.31666564941406 -45.387882232666016 221.62203979492188
v 78.94200134277344 -45.564453125 223.04782104492188
v 56.792633056640625 -46.803932189941406 219.55091857910156
v 59.833038330078125 -47.41325378417969 223.4049530029297
v 64.56462097167969 -57.722110748291016 222.56613159179688
v 106.98126983642578 -58.28226089477539 223.17813110351562
v 110.21328735351562 -60.79788589477539 224.7855224609375
v 69.04093933105469 -61.99776077270508 225.65589904785156
v 121.479248046875 -70.35049438476562 221.37315368652344
v 77.24691009521484 -68.55064392089844 223.51217651367188
v 80.66880798339844 -70.05905151367188 222.84169006347656
v 94.0752182006836 -74.89669799804688 221.385009765625
v 100.38731384277344 -76.9072265625 223.6816864013672
v 128.04124450683594 -79.98674011230469 222.82005310058594
v 106.09571838378906 -80.24177551269531 224.7535400390625
v 127.9942626953125 -81.99336242675781 223.61705017089844
v 131.4071044921875 -86.08746337890625 220.2290802001953
v 110.17283630371094 -83.92436218261719 222.99583435058594
v 130.71429443359375 -88.14976501464844 220.28536987304688
v 119.67737579345703 -87.05096435546875 222.12400817871094
v 113.39413452148438 -86.02806091308594 221.5520477294922
v 129.25457763671875 -88.97520446777344 220.6896209716797
v 125.44425201416016 -87.7408447265625 222.63600158691406
v 123.55926513671875 -87.79841613769531 222.3147735595703
v 127.84858703613281 -90.2445068359375 220.06211853027344
v 75.80805969238281 -45.335121154785156 225.41943359375
v 81.60789489746094 -46.691009521484375 226.03846740722656
v 87.29879760742188 -49.921974182128906 227.70216369628906
v 60.06964111328125 -49.908058166503906 223.2795867919922
v 62.39176940917969 -53.88896179199219 223.78907775878906
v 63.67579650878906 -55.14785385131836 225.5773468017578
v 111.6264877319336 -63.410648345947266 227.81277465820312
v 74.5916976928711 -66.89921569824219 225.3717803955078
v 116.43731689453125 -67.19859313964844 224.0404510498047
v 88.70675659179688 -71.88319396972656 224.07974243164062
v 120.81110382080078 -72.40036010742188 226.11959838867188
v 125.03450775146484 -76.30465698242188 224.25718688964844
v 127.0709228515625 -83.69505310058594 224.5382537841797
v 128.01678466796875 -86.60298156738281 222.70445251464844
v 125.8687973022461 -85.40693664550781 224.6929931640625
v 66.78897094726562 -45.6872444152832 224.91641235351562
v 73.9172134399414 -45.75362014770508 228.21551513671875
v 62.14543151855469 -46.2042350769043 224.4254150390625
v 62.8077392578125 -51.148582458496094 225.9835205078125
v 89.80042266845703 -50.9963493347168 232.0581817626953
v 101.09181213378906 -55.61906814575195 226.0142364501953
v 65.24127197265625 -56.8848762512207 227.93580627441406
v 105.98953247070312 -58.84403610229492 227.66542053222656
v 66.98805236816406 -59.74248123168945 228.09017944335938
v 75.97602844238281 -67.74530029296875 229.0508575439453
v 86.97792053222656 -70.9041748046875 226.19960021972656
v 111.01351928710938 -83.35322570800781 225.1311492919922
v 122.56783294677734 -85.31364440917969 225.41221618652344
v 119.51124572753906 -85.18217468261719 225.49801635742188
v 114.91807556152344 -83.74562072753906 227.06016540527344
v 69.85953521728516 -46.300785064697266 228.20762634277344
v 66.59230041503906 -46.44404602050781 226.24252319335938
v 64.67621612548828 -47.15632247924805 226.1293487548828
v 67.61189270019531 -47.53352355957031 228.8284454345703
v 65.76676940917969 -48.528907775878906 228.40359497070312
v 63.37066650390625 -48.58489227294922 226.2294921875
v 64.60519409179688 -49.88633346557617 228.1392822265625
v 64.1847915649414 -52.11095428466797 228.259521484375
v 71.8130874633789 -64.58790588378906 229.1676025390625
v 79.1456298828125 -68.79248046875 229.04220581054688
v 115.64794921875 -69.40594482421875 228.98509216308594
v 84.78700256347656 -70.03279113769531 228.72677612304688
v 122.11726379394531 -75.83987426757812 227.9977264404297
v 120.51640319824219 -73.41679382324219 227.8799285888672
v 100.33071899414062 -75.28099060058594 230.1483612060547
v 122.72451782226562 -78.30802917480469 228.48980712890625
v 124.77165985107422 -81.00001525878906 226.5511474609375
v 105.24982452392578 -78.30546569824219 229.23355102539062
v 123.5369644165039 -83.00956726074219 227.0386962890625
v 110.60279846191406 -80.69105529785156 229.59091186523438
v 123.13116455078125 -84.22467041015625 226.407470703125
v 78.71533203125 -46.427650451660156 230.93519592285156
v 86.0374526977539 -49.62508773803711 231.49569702148438
v 93.09617614746094 -52.416900634765625 233.61387634277344
v 65.15254211425781 -53.72614288330078 230.4900665283203
v 98.32430267333984 -55.13533401489258 232.21368408203125
v 101.33269500732422 -56.71901321411133 230.18994140625
v 108.02710723876953 -61.143070220947266 229.2840576171875
v 111.68720245361328 -64.76126098632812 229.70594787597656
v 113.48089599609375 -67.90309143066406 230.3115692138672
v 74.29788970947266 -66.44314575195312 238.63380432128906
v 118.27198791503906 -72.81625366210938 230.40367126464844
v 93.24982452392578 -72.22088623046875 232.16946411132812
v 121.37574005126953 -80.24319458007812 229.546142578125
v 107.5946273803711 -79.05073547363281 230.02041625976562
v 119.25067901611328 -80.90504455566406 230.43482971191406
v 120.07887268066406 -83.24867248535156 228.0059814453125
v 117.43665313720703 -82.67477416992188 229.29556274414062
v 114.33943176269531 -81.22605895996094 230.38626098632812
v 75.4075698852539 -46.5401725769043 234.3070526123047
v 71.91310119628906 -46.654972076416016 231.56314086914062
v 81.11088562011719 -47.87718200683594 233.74253845214844
v 66.9688491821289 -50.07762145996094 232.5802764892578
v 68.32887268066406 -48.80198287963867 232.9128875732422
v 65.66150665283203 -52.05348205566406 231.7498321533203
v 67.45308685302734 -59.00338363647461 232.137939453125
v 71.74821472167969 -63.92313003540039 233.8588409423828
v 88.19164276123047 -70.66618347167969 234.09869384765625
v 115.7744140625 -70.99900817871094 230.743408203125
v 97.04597473144531 -73.26716613769531 232.592041015625
v 117.8110580444336 -74.16734313964844 231.43870544433594
v 118.51012420654297 -76.04598999023438 231.4019775390625
v 119.07439422607422 -78.34211730957031 231.28128051757812
v 70.1776123046875 -47.81216812133789 233.49032592773438
v 84.46158599853516 -49.52943801879883 234.80252075195312
v 67.09245300292969 -51.57039260864258 235.33518981933594
v 66.55968475341797 -53.210304260253906 234.9155731201172
v 66.65374755859375 -56.21590042114258 233.74681091308594
v 101.6380386352539 -58.40841293334961 233.7051239013672
v 105.03536987304688 -61.265987396240234 233.03936767578125
v 101.21297454833984 -60.12336349487305 237.03555297851562
v 71.01631927490234 -62.33805465698242 236.92221069335938
v 108.22540283203125 -65.31866455078125 233.401611328125
v 104.78092193603516 -63.44002151489258 235.22760009765625
v 114.249267578125 -72.46504211425781 233.08238220214844
v 82.85891723632812 -69.09135437011719 235.23696899414062
v 114.9958724975586 -75.96713256835938 233.21006774902344
v 101.84111785888672 -74.52122497558594 233.2940216064453
v 115.93313598632812 -77.41630554199219 232.471923828125
v 114.05699920654297 -78.82276916503906 232.11045837402344
v 107.65365600585938 -76.6717529296875 233.25003051757812
v 116.8188705444336 -80.0562744140625 231.41038513183594
v 110.9122314453125 -77.61775207519531 232.91738891601562
v 77.26964569091797 -47.8754997253418 238.0819854736328
v 72.993408203125 -48.10517501831055 238.853515625
v 87.74256134033203 -50.9891471862793 237.50306701660156
v 93.9915542602539 -53.845462799072266 237.55209350585938
v 98.03433227539062 -56.92390823364258 237.29014587402344
v 102.54666900634766 -62.64313888549805 237.4122314453125
v 76.521484375 -67.55943298339844 240.2073211669922
v 107.28190612792969 -68.70501708984375 235.40843200683594
v 110.66702270507812 -73.19523620605469 234.82730102539062
v 95.55741882324219 -72.092041015625 235.80804443359375
v 90.32174682617188 -70.83982849121094 237.76051330566406
v 98.66099548339844 -72.9129638671875 234.71717834472656
v 111.53134155273438 -75.49443054199219 234.0312042236328
v 108.91860961914062 -74.37860107421875 234.9488983154297
v 104.37639617919922 -72.66448974609375 235.7259979248047
v 102.88436126708984 -73.39706420898438 235.03358459472656
v 74.92699432373047 -48.00259017944336 239.2152099609375
v 81.86457061767578 -49.554988861083984 238.76889038085938
v 67.9531478881836 -51.73933410644531 239.35482788085938
v 90.3027114868164 -52.43572998046875 239.65927124023438
v 67.46844482421875 -56.27828598022461 237.6261749267578
v 98.0604476928711 -58.239749908447266 239.6237335205078
v 105.07621002197266 -67.8018798828125 236.5053253173828
v 105.73314666748047 -71.25553894042969 236.0379180908203
v 102.23258972167969 -69.92794799804688 237.9121551513672
v 100.77564239501953 -71.03382873535156 237.72691345214844
v 97.358642578125 -71.83334350585938 237.3091278076172
v 99.46037292480469 -71.91917419433594 236.89736938476562
v 71.00958251953125 -49.51487731933594 241.07281494140625
v 67.76396179199219 -53.298828125 240.49266052246094
v 67.59088134765625 -54.63042068481445 239.69558715820312
v 92.4286117553711 -54.43259048461914 241.44374084472656
v 70.38906860351562 -59.88467788696289 241.67332458496094
v 98.50780487060547 -60.281009674072266 241.44273376464844
v 99.41057586669922 -62.52431869506836 241.81361389160156
v 102.97032165527344 -65.58668518066406 238.06715393066406
v 73.59347534179688 -65.33412170410156 242.26516723632812
v 102.85883331298828 -67.87440490722656 238.13137817382812
v 100.71754455566406 -65.77354431152344 241.03396606445312
v 100.74500274658203 -68.57223510742188 240.17172241210938
v 82.43814849853516 -68.52046203613281 239.13995361328125
v 84.45516204833984 -68.62042236328125 240.32379150390625
v 97.61507415771484 -70.74354553222656 239.8988800048828
v 92.38262176513672 -70.58164978027344 240.0793914794922
v 78.48661041259766 -49.57878494262695 241.80514526367188
v 76.67347717285156 -49.8466911315918 243.02159118652344
v 84.83130645751953 -51.24923324584961 241.17222595214844
v 81.12125396728516 -50.83346939086914 242.6983642578125
v 69.40359497070312 -51.32514572143555 242.86228942871094
v 94.55494689941406 -56.84495162963867 242.41415405273438
v 69.38569641113281 -57.48830032348633 242.48541259765625
v 75.7248306274414 -66.79039001464844 242.8468017578125
v 97.96102905273438 -68.35482788085938 242.57272338867188
v 96.1055908203125 -69.33761596679688 242.48660278320312
v 88.7352066040039 -69.24835205078125 241.8182830810547
v 73.2238540649414 -49.90131759643555 242.9832763671875
v 87.0620346069336 -53.24971389770508 243.78123474121094
v 71.521728515625 -59.799678802490234 244.63352966308594
v 98.79569244384766 -63.88715744018555 242.87547302246094
v 98.97283172607422 -66.44593811035156 242.70037841796875
v 74.2843017578125 -65.70376586914062 243.98779296875
v 83.12020874023438 -67.21453857421875 243.14425659179688
v 89.97080993652344 -68.57484436035156 243.4061737060547
v 76.33515930175781 -52.04055404663086 246.01878356933594
v 72.41837310791016 -51.90033721923828 245.19154357910156
v 80.66551971435547 -53.28955078125 246.4543914794922
v 84.48185729980469 -53.49924850463867 245.50692749023438
v 71.16454315185547 -52.79140090942383 245.29539489746094
v 88.07386779785156 -55.32016372680664 246.23373413085938
v 70.13827514648438 -53.75260543823242 244.5063934326172
v 90.42549133300781 -56.720455169677734 246.14468383789062
v 70.3676528930664 -56.31748580932617 244.7980499267578
v 92.28356170654297 -58.61111068725586 246.2331085205078
v 94.66615295410156 -61.48641586303711 245.6792449951172
v 96.48648834228516 -65.30561828613281 244.32144165039062
v 93.99909973144531 -66.30183410644531 245.28793334960938
v 95.10432434082031 -66.85443115234375 244.3920440673828
v 81.55030059814453 -65.42906188964844 245.5420379638672
v 76.76433563232422 -66.11627197265625 244.52662658691406
v 89.99573516845703 -66.96202087402344 245.33929443359375
v 73.67726135253906 -54.288394927978516 247.162353515625
v 73.83089447021484 -56.7017936706543 247.4300994873047
v 71.84019470214844 -56.07383346557617 246.3438262939453
v 73.4456558227539 -58.96298599243164 246.94943237304688
v 91.58985900878906 -60.23616409301758 247.27879333496094
v 74.77861785888672 -64.58207702636719 245.46163940429688
v 76.47637939453125 -62.23881149291992 247.30816650390625
v 80.9852523803711 -63.9722785949707 246.96299743652344
v 92.56806182861328 -63.475833892822266 246.87936401367188
v 85.58554077148438 -64.95069885253906 247.0401153564453
v 91.52288055419922 -65.02723693847656 246.70968627929688
v 86.61555480957031 -63.068302154541016 248.91123962402344
v 77.91925048828125 -55.09677505493164 247.80441284179688
v 84.9273910522461 -57.15560531616211 249.05926513671875
v 80.86498260498047 -56.29445266723633 248.72622680664062
v 87.6824722290039 -58.4793586730957 248.8297119140625
v 80.38140106201172 -57.5723762512207 249.29949951171875
v 77.22832489013672 -57.198551177978516 248.33145141601562
v 79.05976104736328 -59.3967399597168 248.96702575683594
v 87.93978881835938 -60.110599517822266 249.41151428222656
v 87.72811126708984 -61.60886001586914 249.54953002929688
v 82.80762481689453 -61.109066009521484 249.34356689453125
v 88.86425018310547 -63.203548431396484 248.35821533203125
v 83.54695892333984 -59.2932014465332 249.81784057617188
vn -0.14478956162929535 -0.2648652195930481 -0.9533532857894897
vn -0.21706902980804443 0.17115220427513123 -0.961034893989563
vn 0.11069585382938385 0.255899578332901 -0.960344672203064
vn 0.1408219188451767 0.29489484429359436 -0.9450958967208862
vn 0.10177728533744812 0.5202107429504395 -0.8479517698287964
vn 0.28864601254463196 0.5766259431838989 -0.7643206715583801
vn -0.04774290323257446 0.41901999711990356 -0.9067209362983704
vn -0.051497139036655426 0.2664329707622528 -0.9624767899513245
vn -0.056571394205093384 0.40967825055122375 -0.9104743003845215
vn 0.3890202045440674 -0.2711150348186493 -0.8804317116737366
vn 0.42172449827194214 0.2506079077720642 -0.8714035749435425
vn -0.08337745070457458 0.13581280410289764 -0.9872198700904846
vn -0.17059926688671112 0.5778599977493286 -0.79810631275177
vn -0.04613608866930008 0.444292277097702 -0.8946931958198547
vn -0.00945209339261055 0.271511048078537 -0.9623889327049255
vn -0.05805083364248276 0.2491094022989273 -0.966733992099762
vn 0.04333626478910446 0.058987636119127274 -0.9973176121711731
vn -0.0036670949775725603 0.07883317023515701 -0.9968811273574829
vn -0.039278168231248856 0.034299980849027634 -0.9986394643783569
vn -0.37923234701156616 0.30363500118255615 -0.8740644454956055
vn -0.430301696062088 -0.2547018527984619 -0.86600661277771
vn 0.2590843737125397 0.048124268651008606 -0.9646550416946411
vn 0.4742341637611389 0.04459746554493904 -0.8792684674263
vn 0.02140570618212223 0.00515170069411397 -0.9997575879096985
vn -0.17955103516578674 -0.11473898589611053 -0.9770345091819763
vn -0.042523711919784546 0.057133208960294724 -0.9974605441093445
vn -0.3137674629688263 -0.14270611107349396 -0.9387145042419434
vn 0.41378965973854065 0.0676407665014267 -0.9078561663627625
vn -0.03925217315554619 0.012382679618895054 -0.999152660369873
vn -0.06450852006673813 0.07503437250852585 -0.9950922727584839
vn -0.13720084726810455 0.12604612112045288 -0.9824908971786499
vn -0.42469480633735657 -0.3307841122150421 -0.8427432775497437
vn 0.20448166131973267 0.061447251588106155 -0.976939857006073
vn 0.06820078939199448 -0.00047865952365100384 -0.9976714849472046
vn -0.23459185659885406 0.007951738312840462 -0.9720614552497864
vn -0.41396668553352356 0.2649890184402466 -0.8708688020706177
vn 0.3284841775894165 0.17732642590999603 -0.9277141094207764
vn 0.03287005424499512 0.030770182609558105 -0.9989858865737915
vn -0.014392932876944542 -0.006828396115452051 -0.999873161315918
vn -0.07028742134571075 -0.013564830645918846 -0.9974345564842224
vn -0.34792429208755493 0.1347626894712448 -0.9277864694595337
vn 0.4091755449771881 0.20454248785972595 -0.8892344236373901
vn 0.4022029936313629 0.20857062935829163 -0.8914768695831299
vn -0.6757463812828064 0.26815930008888245 -0.6866276264190674
vn 0.17532779276371002 0.08769974112510681 -0.9805961847305298
vn -0.6359816789627075 -0.17095182836055756 -0.7525309324264526
vn -0.9053925275802612 0.05329657346010208 -0.421217143535614
vn -0.07336129248142242 -0.20318187773227692 -0.9763888716697693
vn -0.06620550155639648 -0.31134459376335144 -0.9479880928993225
vn -0.23084679245948792 -0.26829206943511963 -0.9352695941925049
vn 0.3717254102230072 0.08194046467542648 -0.9247194528579712
vn -0.10623608529567719 -0.11733836680650711 -0.9873933792114258
vn -0.4075659215450287 -0.664117693901062 -0.626767635345459
vn 0.015194207429885864 -0.0316447950899601 -0.9993836879730225
vn -0.23528367280960083 -0.3186449706554413 -0.9182085990905762
vn -0.1739051192998886 -0.46270236372947693 -0.8692891001701355
vn -0.1094333603978157 -0.6489447355270386 -0.7529244422912598
vn 0.17017769813537598 -0.014371882192790508 -0.9853086471557617
vn -0.28077659010887146 -0.29387348890304565 -0.9136754870414734
vn 0.38512927293777466 -0.08843719214200974 -0.918615460395813
vn -0.12209664285182953 -0.2296551913022995 -0.9655832052230835
vn -0.04100184515118599 -0.17052485048770905 -0.984499990940094
vn -0.4425036609172821 -0.5328638553619385 -0.7212812900543213
vn 0.09604786336421967 -0.23829244077205658 -0.9664323925971985
vn 0.5269467830657959 -0.3885314166545868 -0.7558905482292175
vn 0.349239319562912 -0.5490407943725586 -0.7593325972557068
vn -0.3058391809463501 -0.5485257506370544 -0.7781914472579956
vn -0.16616007685661316 -0.38615572452545166 -0.9073448181152344
vn -0.15323249995708466 -0.5486106872558594 -0.8219161629676819
vn -0.33001044392585754 -0.6752415895462036 -0.6596528887748718
vn 0.056431844830513 -0.6678996682167053 -0.7421088218688965
vn -0.14234375953674316 0.3146589994430542 -0.9384710788726807
vn 0.22606205940246582 0.7530398964881897 -0.6179214715957642
vn 0.09589718282222748 0.6678658723831177 -0.7380778789520264
vn -0.30525070428848267 0.043422285467386246 -0.9512814879417419
vn -0.11385627835988998 0.12924663722515106 -0.9850543141365051
vn 0.008152442052960396 0.5298007130622864 -0.8480830192565918
vn -0.07198242098093033 0.45483410358428955 -0.8876623511314392
vn -0.19791269302368164 0.3920840919017792 -0.8983878493309021
vn 0.33694660663604736 0.23028090596199036 -0.9129281044006348
vn 0.4519716799259186 0.0033173677511513233 -0.8920261263847351
vn 0.44414612650871277 -0.25185906887054443 -0.8598262667655945
vn 0.012998297810554504 -0.6484331488609314 -0.761160671710968
vn -0.17286698520183563 -0.4353737235069275 -0.8834969401359558
vn -0.22392380237579346 -0.16952542960643768 -0.9597495794296265
vn -0.518168568611145 -0.24066053330898285 -0.8207216262817383
vn 0.44936269521713257 0.1353277862071991 -0.8830399513244629
vn -0.6040729880332947 -0.4278080463409424 -0.6723660230636597
vn 0.46466243267059326 0.06679181009531021 -0.8829653263092041
vn -0.653019905090332 -0.2621912360191345 -0.7105073928833008
vn -0.5053792595863342 -0.013983087614178658 -0.8627840876579285
vn -0.6691791415214539 0.18422333896160126 -0.7199034690856934
vn 0.3223133385181427 0.18515992164611816 -0.9283479452133179
vn -0.8605757355690002 0.15836594998836517 -0.4840761423110962
vn 0.4253802001476288 0.07143886387348175 -0.9021907448768616
vn -0.8492377400398254 -0.3724519908428192 -0.37426576018333435
vn 0.5292127132415771 -0.13930247724056244 -0.8369759917259216
vn -0.35971662402153015 -0.7377424240112305 -0.5712618827819824
vn -0.19389018416404724 -0.9274595975875854 -0.3197268843650818
vn -0.13920514285564423 -0.8744515180587769 -0.4647112488746643
vn -0.3502837121486664 -0.9147451519966125 -0.20135214924812317
vn 0.57500159740448 -0.3587188422679901 -0.7353190183639526
vn -0.5135677456855774 -0.7444696426391602 -0.426629900932312
vn -0.5664349794387817 -0.7017947435379028 -0.4320133924484253
vn -0.35201138257980347 -0.8055510520935059 -0.4766292870044708
vn 0.22145546972751617 -0.8183042407035828 -0.530410885810852
vn -0.3286370635032654 -0.777065634727478 -0.5368116497993469
vn -0.040785931050777435 -0.8593196272850037 -0.5098100304603577
vn 0.1204933449625969 0.09279782325029373 -0.9883673191070557
vn -0.09649734944105148 0.19357873499393463 -0.9763275980949402
vn 0.10955780744552612 0.5359633564949036 -0.8371024131774902
vn -0.15028858184814453 0.41004157066345215 -0.8995994925498962
vn 0.36097532510757446 0.3357865810394287 -0.8700254559516907
vn -0.11932309716939926 0.010926294140517712 -0.9927953481674194
vn 0.4090498089790344 0.1320079118013382 -0.9029131531715393
vn -0.1553821861743927 0.17491574585437775 -0.9722453355789185
vn -0.044032663106918335 0.06155100464820862 -0.9971321821212769
vn 0.11404716968536377 0.08277717977762222 -0.9900208115577698
vn 0.2903442978858948 0.060078173875808716 -0.9550344944000244
vn -0.07099858671426773 0.11844958364963531 -0.990418553352356
vn -0.11732673645019531 0.226309135556221 -0.9669635891914368
vn -0.029645834118127823 0.1573072224855423 -0.9871046543121338
vn 0.0009329556487500668 0.18732330203056335 -0.9822978973388672
vn 0.23467831313610077 0.21221330761909485 -0.9486261606216431
vn -0.0012419349513947964 0.1026625707745552 -0.9947154521942139
vn -0.14313729107379913 0.23522889614105225 -0.9613423347473145
vn 0.1595442295074463 0.1791807860136032 -0.9707934856414795
vn -0.37626275420188904 0.28591981530189514 -0.8812924027442932
vn 0.24858026206493378 0.29570895433425903 -0.9223687052726746
vn 0.13818374276161194 0.31398847699165344 -0.9393171072006226
vn 0.027564482763409615 0.23545706272125244 -0.9714937806129456
vn -0.33697083592414856 0.5196054577827454 -0.7851501703262329
vn -0.24872788786888123 0.2974606454372406 -0.9217655658721924
vn -0.0060707153752446175 0.03218895196914673 -0.9994633793830872
vn -0.12188229709863663 0.0761416107416153 -0.9896197319030762
vn 0.11563397198915482 0.6573159098625183 -0.744691014289856
vn 0.22747738659381866 0.5959107279777527 -0.7701587677001953
vn 0.04003135487437248 0.4935241639614105 -0.8688103556632996
vn -0.026885779574513435 0.37137749791145325 -0.9280925989151001
vn 0.033912476152181625 0.44824767112731934 -0.8932659029960632
vn 0.11982285231351852 0.3363088369369507 -0.934097945690155
vn -0.033997807651758194 -0.046917714178562164 -0.9983200430870056
vn -0.21863172948360443 -0.053891636431217194 -0.9743181467056274
vn -0.348979115486145 0.2509298324584961 -0.9029107689857483
vn -0.0716383159160614 -0.19893985986709595 -0.9773898124694824
vn -0.43104028701782227 -0.25649937987327576 -0.8651083111763
vn 0.25487175583839417 0.7581223249435425 -0.6002424359321594
vn 0.2904689311981201 0.699881911277771 -0.6525282859802246
vn 0.23566673696041107 0.7320181131362915 -0.6392266750335693
vn 0.13774748146533966 0.14585435390472412 -0.9796693921089172
vn -0.21648186445236206 -0.35006073117256165 -0.9113688468933105
vn -0.37111663818359375 -0.5230433344841003 -0.7672666311264038
vn -0.15311437845230103 -0.0029307331424206495 -0.9882041811943054
vn -0.13989678025245667 -0.13786697387695312 -0.9805210828781128
vn -0.09309598803520203 -0.2519179880619049 -0.9632603526115417
vn -0.16239851713180542 -0.49616503715515137 -0.8529050350189209
vn -0.23728065192699432 -0.586113452911377 -0.7747057676315308
vn 0.3254680335521698 0.5811048150062561 -0.745914101600647
vn -0.3846043050289154 0.1804356426000595 -0.9052748680114746
vn 0.05856393650174141 -0.1947835236787796 -0.9790963530540466
vn -0.21450769901275635 -0.3667442202568054 -0.9052541851997375
vn 0.3423011302947998 0.3371140658855438 -0.8770313858985901
vn 0.44784095883369446 0.36908307671546936 -0.8143808841705322
vn -0.22891448438167572 -0.18770731985569 -0.9551775455474854
vn 0.25355222821235657 -0.5708796977996826 -0.7809017896652222
vn -0.1725139319896698 -0.31902197003364563 -0.9319141507148743
vn -0.3535289466381073 -0.6350510716438293 -0.6868241429328918
vn -0.266812264919281 -0.7023547291755676 -0.6599311232566833
vn 0.25337904691696167 0.2024259865283966 -0.9459507465362549
vn -0.09954973310232162 -0.45190611481666565 -0.8864935040473938
vn 0.01797776110470295 -0.7142288684844971 -0.6996814012527466
vn -0.11338093131780624 -0.5392624139785767 -0.8344703912734985
vn -0.26043760776519775 -0.5333027243614197 -0.8048357367515564
vn 0.3374379575252533 0.274679958820343 -0.900381326675415
vn 0.3429408669471741 0.1333605945110321 -0.9298422336578369
vn -0.4286331236362457 -0.5304450988769531 -0.7313697338104248
vn -0.15863867104053497 -0.6652528643608093 -0.7295700907707214
vn -0.012476157397031784 -0.7579983472824097 -0.6521371603012085
vn -0.19289274513721466 -0.7629178762435913 -0.617048442363739
vn 0.2782081961631775 0.11664056032896042 -0.9534124135971069
vn 0.3587200939655304 0.0806543231010437 -0.9299542307853699
vn 0.4721570611000061 0.08741773664951324 -0.8771692514419556
vn 0.21499615907669067 0.12446827441453934 -0.9686508178710938
vn -0.7957461476325989 -0.018631458282470703 -0.6053436994552612
vn 0.6667454242706299 0.052083972841501236 -0.7434634566307068
vn 0.6349091529846191 -0.08540917187929153 -0.7678513526916504
vn -0.6214724779129028 -0.7385265231132507 -0.2614392936229706
vn 0.6186645030975342 -0.35011109709739685 -0.7033324241638184
vn -0.3919638395309448 -0.85519939661026 -0.33911412954330444
vn -0.3587500751018524 -0.9106140732765198 -0.2051352858543396
vn 0.5567477941513062 -0.5268619060516357 -0.6422215700149536
vn -0.43231576681137085 -0.8019292950630188 -0.4123256504535675
vn 0.5105579495429993 -0.6491090655326843 -0.5639042854309082
vn -0.4717825651168823 -0.7795125842094421 -0.4120453894138336
vn 0.3250167667865753 -0.8188562393188477 -0.4731159210205078
vn 0.1403021514415741 -0.903950572013855 -0.40396633744239807
vn -0.35638266801834106 -0.8556966185569763 -0.37519967555999756
vn -0.05661464482545853 0.3625194728374481 -0.9302550554275513
vn -0.006772107910364866 0.5970637798309326 -0.8021652102470398
vn -0.0006974417483434081 0.39569368958473206 -0.9183822870254517
vn -0.020535040646791458 0.17424818873405457 -0.9844876527786255
vn 0.20791606605052948 0.7538649439811707 -0.623264491558075
vn 0.39274483919143677 0.592140257358551 -0.7036486268043518
vn -0.10844921320676804 0.5164574384689331 -0.8494177460670471
vn -0.05326017364859581 0.1413152813911438 -0.9885309338569641
vn 0.4475803077220917 0.40414971113204956 -0.7977060079574585
vn -0.1950494796037674 0.1511492282152176 -0.9690766930580139
vn -0.20822276175022125 -0.10030458122491837 -0.9729245901107788
vn 0.44619688391685486 0.22373133897781372 -0.8665175437927246
vn -0.053996868431568146 0.0983368381857872 -0.9936871528625488
vn -0.26009103655815125 -0.20575979351997375 -0.9434064030647278
vn -0.2746439278125763 0.03996508941054344 -0.960715115070343
vn -0.31523510813713074 -0.1844082474708557 -0.9309245347976685
vn -0.42579203844070435 -0.07327362149953842 -0.9018492698669434
vn -0.36463433504104614 -0.23596075177192688 -0.9007576704025269
vn 0.3519594073295593 0.20592020452022552 -0.9130834937095642
vn -0.488989919424057 0.07555564492940903 -0.8690110445022583
vn 0.15509261190891266 0.3744465112686157 -0.9141860604286194
vn -0.4471259117126465 0.2408704310655594 -0.86142897605896
vn 0.09620270133018494 0.4984089136123657 -0.8615878820419312
vn -0.30767402052879333 0.551881730556488 -0.7750892043113708
vn -0.2616226375102997 0.5899171829223633 -0.7639052867889404
vn -0.3311719000339508 0.4485286772251129 -0.8301489949226379
vn -0.5250985622406006 0.09942062944173813 -0.8452142477035522
vn -0.4603402614593506 0.1510256826877594 -0.874801754951477
vn 0.2954566180706024 0.7513232827186584 -0.5901007056236267
vn -0.2737087905406952 -0.7352278232574463 -0.6200997233390808
vn 0.3518353998661041 0.6144177317619324 -0.7061889171600342
vn 0.38171085715293884 0.4223965108394623 -0.8221180438995361
vn 0.5780466794967651 0.25155970454216003 -0.7762600779533386
vn -0.40839681029319763 -0.7185095548629761 -0.5629885196685791
vn 0.6077296137809753 0.11887694895267487 -0.7851961851119995
vn -0.6795689463615417 -0.37891528010368347 -0.6281793117523193
vn -0.14982011914253235 -0.815611720085144 -0.5588662028312683
vn -0.034709490835666656 -0.8952286839485168 -0.44425326585769653
vn -0.1112363263964653 -0.9011497497558594 -0.41899368166923523
vn -0.9343725442886353 -0.05757848173379898 -0.35161441564559937
vn 0.8330559730529785 -0.040241919457912445 -0.5517231822013855
vn -0.8995355367660522 -0.3324849605560303 -0.2833541929721832
vn -0.7642130851745605 -0.6209999918937683 -0.17417649924755096
vn 0.760082483291626 -0.3217853307723999 -0.5645608305931091
vn -0.5413286685943604 -0.8388240933418274 -0.05777126923203468
vn -0.3307441771030426 -0.9381429553031921 -0.1024511530995369
vn -0.5298990607261658 -0.8254238367080688 -0.19463445246219635
vn 0.6657691597938538 -0.4877830743789673 -0.5646407008171082
vn -0.5522595643997192 -0.7898944616317749 -0.2666012942790985
vn -0.5401224493980408 -0.7880980372428894 -0.2952444553375244
vn -0.07633748650550842 -0.9453708529472351 -0.31693312525749207
vn 0.08310265094041824 0.7960024476051331 -0.5995616316795349
vn 0.003921909257769585 0.7894122004508972 -0.6138510704040527
vn -0.10254311561584473 0.5533046722412109 -0.8266431093215942
vn -0.013734928332269192 0.6319337487220764 -0.7749007344245911
vn 0.31248101592063904 0.8157762289047241 -0.4866875410079956
vn 0.1540398746728897 0.8557021021842957 -0.49400973320007324
vn 0.042588163167238235 0.6829097270965576 -0.729260265827179
vn -0.008775681257247925 0.20570482313632965 -0.9785747528076172
vn 0.04391947016119957 0.41123664379119873 -0.9104699492454529
vn -0.068317711353302 0.4091140627861023 -0.909922182559967
vn 0.005467121955007315 0.4127686023712158 -0.9108195304870605
vn -0.13938327133655548 0.33301642537117004 -0.9325622916221619
vn -0.09416663646697998 0.06998299807310104 -0.9930936694145203
vn -0.1982477307319641 0.1555599421262741 -0.9677287936210632
vn -0.149677112698555 0.10906251519918442 -0.9827014803886414
vn -0.052710771560668945 -0.022515559569001198 -0.9983559846878052
vn 0.37491267919540405 0.6929646134376526 -0.6158251166343689
vn -0.06310971826314926 -0.14191532135009766 -0.9878649711608887
vn -0.04700670391321182 -0.24750415980815887 -0.9677459001541138
vn -0.12234015017747879 -0.08279246836900711 -0.9890289902687073
vn 0.3700298070907593 0.2617133855819702 -0.8913944959640503
vn -0.09594937413930893 -0.1251719444990158 -0.9874845743179321
vn -0.16891755163669586 -0.29789555072784424 -0.9395345449447632
vn 0.001926241791807115 -0.22880429029464722 -0.9734705686569214
vn -0.37056124210357666 -0.1556193083524704 -0.9156785011291504
vn 0.29361915588378906 0.35081374645233154 -0.8892229795455933
vn 0.14731428027153015 0.3864274024963379 -0.9104791879653931
vn 0.21425724029541016 0.5013259649276733 -0.838311493396759
vn 0.22835594415664673 0.510779619216919 -0.8288291692733765
vn 0.3228130042552948 0.508026659488678 -0.798561692237854
vn -0.46139878034591675 -0.22173386812210083 -0.8590373992919922
vn -0.28077659010887146 0.01760595291852951 -0.959611713886261
vn 0.31099995970726013 0.7844383716583252 -0.5365962386131287
vn -0.3369625210762024 -0.624178409576416 -0.7048813700675964
vn -0.22014227509498596 -0.33526942133903503 -0.916041374206543
vn 0.430044949054718 0.698720395565033 -0.5717089772224426
vn 0.34190309047698975 0.8489706516265869 -0.40292832255363464
vn 0.6623979806900024 0.41255688667297363 -0.6253204941749573
vn -0.32095128297805786 -0.8181873559951782 -0.4770323634147644
vn -0.2582627534866333 -0.832350492477417 -0.4904009699821472
vn -0.44205954670906067 -0.782201886177063 -0.43902578949928284
vn 0.8076320886611938 0.12260368466377258 -0.576800525188446
vn -0.35621753334999084 -0.8609341979026794 -0.3631824254989624
vn -0.4375651478767395 -0.6974073648452759 -0.56759113073349
vn 0.8587563037872314 0.018716130405664444 -0.5120422840118408
vn -0.8711728453636169 -0.08014123141765594 -0.48439159989356995
vn -0.9260847568511963 -0.2319529503583908 -0.2975984215736389
vn 0.8545876145362854 -0.22033800184726715 -0.4702458679676056
vn -0.3661520183086395 -0.9302058219909668 -0.02549438551068306
vn -0.6137843728065491 -0.767641544342041 -0.18437761068344116
vn 0.4820432662963867 -0.7286345958709717 -0.4865449368953705
vn 0.12211515009403229 -0.9456663131713867 -0.30133557319641113
vn 0.06551352888345718 0.7471274137496948 -0.6614444255828857
vn 0.11920555680990219 0.736244797706604 -0.666133463382721
vn 0.13003148138523102 0.8697577118873596 -0.47603923082351685
vn 0.03737932816147804 0.5973799228668213 -0.8010867834091187
vn 0.1007036417722702 0.5744218230247498 -0.8123413324356079
vn -0.09358396381139755 0.5403681397438049 -0.8362083435058594
vn -0.1440279632806778 0.5635495185852051 -0.8134297132492065
vn 0.07012120634317398 0.8913594484329224 -0.4478408098220825
vn 0.03319111838936806 0.8445838093757629 -0.5343936681747437
vn -0.28037774562835693 0.5760829448699951 -0.767799973487854
vn -0.33721688389778137 0.4698099195957184 -0.8158206939697266
vn -0.4660736918449402 0.682127058506012 -0.5634520053863525
vn 0.23913678526878357 0.9413036108016968 -0.2382461279630661
vn 0.1448705643415451 0.9329565167427063 -0.3295523524284363
vn -0.5036293268203735 0.602171003818512 -0.6194736957550049
vn 0.3011343777179718 0.9167771935462952 -0.26236945390701294
vn -0.32162901759147644 0.2448587864637375 -0.9146578907966614
vn -0.5533106327056885 0.41895025968551636 -0.7199500799179077
vn 0.34962689876556396 0.831190824508667 -0.43229958415031433
vn 0.423785924911499 0.5943232774734497 -0.6835095882415771
vn 0.46058446168899536 0.7850753664970398 -0.4141480624675751
vn -0.18628805875778198 0.03379329293966293 -0.9819138646125793
vn -0.6312969326972961 0.14156493544578552 -0.7625114321708679
vn 0.3720064163208008 0.4502965807914734 -0.8116922378540039
vn -0.36071717739105225 0.03179715573787689 -0.9321330785751343
vn 0.40238991379737854 0.5702739357948303 -0.7161494493484497
vn -0.22191698849201202 -0.1458454430103302 -0.9640964269638062
vn 0.004367880988866091 -0.2543724775314331 -0.9670964479446411
vn -0.25612595677375793 -0.09250963479280472 -0.9622066020965576
vn -0.5040028095245361 -0.23934544622898102 -0.8298764228820801
vn 0.33041566610336304 0.7845388054847717 -0.5247134566307068
vn 0.259257048368454 0.5801308155059814 -0.7721619009971619
vn 0.3256293535232544 0.7518182992935181 -0.5733540058135986
vn -0.1356651782989502 -0.0027777792420238256 -0.9907508492469788
vn -0.012923737987875938 -0.02057279460132122 -0.9997048377990723
vn 0.002287366660311818 -0.12337850034236908 -0.992357075214386
vn -0.3777145445346832 -0.2889745235443115 -0.8796735405921936
vn -0.23766818642616272 0.3121893107891083 -0.9198107123374939
vn -0.54606032371521 -0.19598321616649628 -0.8144990801811218
vn -0.5805481672286987 -0.42777636647224426 -0.6927995681762695
vn -0.6476254463195801 -0.5064377784729004 -0.5692996382713318
vn -0.18684755265712738 0.36665549874305725 -0.9114009737968445
vn -0.21594688296318054 0.23224113881587982 -0.9483833909034729
vn -0.1255592703819275 -0.009997384622693062 -0.9920357465744019
vn -0.040699489414691925 0.01422092504799366 -0.9990702271461487
vn 0.3967130482196808 0.5757250785827637 -0.7149541974067688
vn 0.38697266578674316 0.533679723739624 -0.7519561648368835
vn -0.07876411080360413 0.066026970744133 -0.9947043061256409
vn -0.23341774940490723 -0.0647442638874054 -0.9702187776565552
vn -0.08132404088973999 -0.1354842483997345 -0.9874362945556641
vn 0.3913940489292145 0.646676778793335 -0.6546907424926758
vn -0.6145681142807007 -0.13155962526798248 -0.7778162956237793
vn 0.41975468397140503 0.8233379125595093 -0.3819957673549652
vn 0.42245468497276306 0.8605660796165466 -0.28453126549720764
vn -0.09859693050384521 -0.1289229840040207 -0.9867408871650696
vn -0.44628626108169556 -0.3301396667957306 -0.8317670226097107
vn 0.5660170912742615 0.741034746170044 -0.3612370491027832
vn 0.39683428406715393 0.8835487961769104 -0.248725026845932
vn -0.10485715419054031 -0.609973132610321 -0.7854538559913635
vn -0.05110608786344528 -0.3917217552661896 -0.9186633229255676
vn -0.24918131530284882 -0.4187186062335968 -0.8732602596282959
vn -0.11311160027980804 -0.8352192044258118 -0.5381585955619812
vn 0.012257352471351624 -0.6831687092781067 -0.730157732963562
vn -0.06175275892019272 -0.5065553188323975 -0.8599932193756104
vn 0.7835112810134888 0.493657648563385 -0.37737539410591125
vn -0.000693737471010536 -0.7236221432685852 -0.6901959776878357
vn 0.8516960740089417 0.27542468905448914 -0.44581955671310425
vn -0.2448154091835022 -0.904983639717102 -0.3479512333869934
vn -0.35587719082832336 -0.8482444286346436 -0.3922152519226074
vn 0.9230921268463135 0.10604947060346603 -0.36966806650161743
vn 0.8844972848892212 0.02694113552570343 -0.46576690673828125
vn -0.2636447846889496 -0.9167473316192627 -0.3001096546649933
vn -0.06331843137741089 -0.9751026630401611 -0.2125219702720642
vn -0.05314302071928978 -0.9686831831932068 -0.24254629015922546
vn -0.2335623949766159 -0.9458465576171875 -0.22543951869010925
vn -0.6357006430625916 -0.5482186079025269 -0.5434529781341553
vn -0.6246508955955505 -0.7083200216293335 -0.3287765085697174
vn -0.8307608366012573 -0.39423495531082153 -0.39295724034309387
vn 0.8973471522331238 -0.05807013437151909 -0.43748822808265686
vn -0.8582187294960022 -0.48266148567199707 -0.17463843524456024
vn -0.4269525110721588 -0.9008769392967224 0.07830943167209625
vn -0.4628247618675232 -0.8864389061927795 -0.004395154770463705
vn 0.8281087279319763 -0.41877442598342896 -0.3726446032524109
vn -0.6086292266845703 -0.7855514287948608 -0.11171194911003113
vn 0.7387090921401978 -0.4914701581001282 -0.4612656235694885
vn -0.6395749449729919 -0.7638087272644043 -0.08683405071496964
vn 0.6382788419723511 -0.6196281313896179 -0.456794410943985
vn -0.5714870095252991 -0.802656352519989 -0.17072056233882904
vn 0.32315921783447266 -0.9043012261390686 -0.2789399325847626
vn -0.3008572459220886 -0.9493350982666016 -0.09081726521253586
vn -0.004982796031981707 -0.9913205504417419 -0.13137272000312805
vn -0.16667680442333221 0.6510058641433716 -0.7405472993850708
vn 0.2309873253107071 0.7076880931854248 -0.66769939661026
vn 0.3035835027694702 0.6979793310165405 -0.6485846042633057
vn 0.3890435993671417 0.8419687151908875 -0.37380993366241455
vn 0.10093481093645096 0.9539761543273926 -0.28238582611083984
vn -0.41381198167800903 0.5918099880218506 -0.6917518377304077
vn 0.21212570369243622 0.9677382707595825 -0.13596057891845703
vn 0.15365338325500488 0.976087749004364 -0.15376436710357666
vn 0.3074308931827545 0.9514972567558289 0.011799500323832035
vn 0.270887553691864 0.9610621333122253 -0.05458630248904228
vn 0.36365577578544617 0.9195938110351562 -0.1486668735742569
vn -0.6419366002082825 0.6175551414489746 -0.4544701874256134
vn -0.7798197865486145 0.3613207936286926 -0.5112029314041138
vn 0.5172856450080872 0.8261340260505676 -0.2234238088130951
vn 0.5045754313468933 0.7321243286132812 -0.457599937915802
vn -0.7966244220733643 -0.3080505132675171 -0.5200908184051514
vn -0.8581689596176147 0.10163797438144684 -0.5032055974006653
vn -0.935795783996582 -0.2151731550693512 -0.27926120162010193
vn 0.5222324132919312 0.7392306923866272 -0.42521923780441284
vn 0.48239120841026306 0.5935863852500916 -0.6441692113876343
vn -0.7672679424285889 -0.5837960243225098 -0.26548483967781067
vn -0.8521398901939392 -0.2424735724925995 -0.46375009417533875
vn -0.9443151354789734 -0.3138112425804138 0.09895241260528564
vn -0.9922246932983398 0.08043178170919418 -0.09497858583927155
vn 0.4994505047798157 0.7160086035728455 -0.48773038387298584
vn -0.8584846258163452 -0.12320352345705032 -0.49782028794288635
vn -0.7048594355583191 -0.39279109239578247 -0.590667724609375
vn -0.9322738647460938 -0.10044822096824646 -0.3475278317928314
vn 0.45670121908187866 0.8766410946846008 -0.15140831470489502
vn 0.5907472372055054 0.7960414886474609 -0.13166505098342896
vn 0.7653919458389282 0.6158607006072998 -0.1867908537387848
vn -0.4497520923614502 -0.7089229226112366 -0.5432784557342529
vn 0.04429221525788307 -0.896217405796051 -0.44139838218688965
vn 0.0532585047185421 -0.8366981744766235 -0.5450685620307922
vn -0.14706367254257202 -0.8059468865394592 -0.5734300017356873
vn 0.9153973460197449 0.32119831442832947 -0.24265076220035553
vn -0.34807470440864563 -0.8829039931297302 -0.3151579797267914
vn -0.30885282158851624 -0.9335678815841675 -0.1818268597126007
vn -0.18359287083148956 -0.9776666760444641 -0.10228218138217926
vn -0.05599739030003548 -0.9934303164482117 -0.09980253875255585
vn -0.07101742923259735 -0.9934195876121521 -0.08985603600740433
vn 0.9174509048461914 0.028486087918281555 -0.39682793617248535
vn 0.9421196579933167 -0.0028305696323513985 -0.3352648615837097
vn -0.9182188510894775 -0.39571458101272583 0.016855109483003616
vn -0.6876798868179321 -0.7248281240463257 0.0414801724255085
vn -0.6162848472595215 -0.7868301272392273 0.03303638845682144
vn 0.7376983165740967 -0.6204273700714111 -0.2662162482738495
vn -0.5261048078536987 -0.8500851988792419 0.023852448910474777
vn 0.10913416743278503 -0.9830112457275391 -0.14757582545280457
vn -0.10434122383594513 -0.9944767355918884 0.011357833631336689
vn 0.045769721269607544 0.9383469223976135 -0.34265169501304626
vn -0.4945495128631592 0.5967419147491455 -0.6319177150726318
vn -0.264230877161026 0.844683825969696 -0.4655011296272278
vn 0.4344198405742645 0.8340630531311035 -0.34002685546875
vn 0.20265986025333405 0.9430891275405884 -0.2636512517929077
vn 0.13011735677719116 0.9840637445449829 -0.12119433283805847
vn -0.5948842763900757 0.5840243697166443 -0.5522937178611755
vn -0.5879164338111877 0.6743485927581787 -0.44677531719207764
vn 0.2686041295528412 0.9630315899848938 -0.020542997866868973
vn 0.31612175703048706 0.945107102394104 0.08270156383514404
vn -0.8116371035575867 0.44933831691741943 -0.3732832372188568
vn 0.46030277013778687 0.887545645236969 -0.019597617909312248
vn 0.43410277366638184 0.8879937529563904 -0.15172980725765228
vn 0.3621959090232849 0.8672850728034973 -0.34151244163513184
vn 0.3999723792076111 0.8750939965248108 -0.27245670557022095
vn -0.7937086820602417 -0.5800920128822327 -0.18308405578136444
vn -0.6988145709037781 -0.7150949239730835 0.01724793016910553
vn -0.7321723103523254 -0.6633676290512085 0.15449024736881256
vn 0.5450499653816223 0.7671089172363281 -0.3383257985115051
vn -0.800159215927124 -0.3024730384349823 0.5179337859153748
vn -0.7533051371574402 -0.6146783828735352 0.23388445377349854
vn -0.8902457356452942 0.2135399729013443 0.40232229232788086
vn 0.4355584979057312 0.8776485323905945 -0.2000546008348465
vn -0.669414222240448 -0.6679789423942566 -0.3250979781150818
vn -0.8960447907447815 -0.327776163816452 -0.2994438707828522
vn -0.07756275683641434 -0.9558637142181396 -0.28338804841041565
vn 0.0271934624761343 -0.9436625242233276 -0.32979026436805725
vn 0.9691858291625977 0.11595381796360016 -0.21733294427394867
vn -0.23232032358646393 -0.968525230884552 -0.08936522901058197
vn -0.4389013648033142 -0.8925731182098389 -0.10333868116140366
vn 0.9593692421913147 0.06340093910694122 -0.27493807673454285
vn -0.7592904567718506 -0.6474217772483826 -0.06574986129999161
vn -0.9386583566665649 -0.33324092626571655 -0.08871939778327942
vn 0.9191811084747314 -0.21889998018741608 -0.3273971676826477
vn -0.5104972124099731 -0.832266628742218 0.21615909039974213
vn 0.8776572942733765 -0.357145220041275 -0.31963270902633667
vn -0.5486510992050171 -0.8325104713439941 0.07686629146337509
vn -0.46588218212127686 -0.8705888390541077 0.15820540487766266
vn -0.6238971948623657 -0.776775598526001 0.08586043864488602
vn 0.6117323637008667 -0.7597607970237732 -0.2203339785337448
vn -0.023662248626351357 -0.9995676279067993 0.01745479740202427
vn 0.19660739600658417 0.9740139842033386 -0.1124383881688118
vn -0.07530920952558517 0.9757837057113647 -0.20536485314369202
vn -0.42089521884918213 0.7996234893798828 -0.4283101558685303
vn -0.6319475173950195 0.544325053691864 -0.551681637763977
vn 0.5078171491622925 0.84024578332901 -0.19002312421798706
vn 0.3468162417411804 0.9152776598930359 -0.20490320026874542
vn 0.16126075387001038 0.9835379123687744 -0.08153608441352844
vn 0.203052818775177 0.9700548648834229 -0.13327839970588684
vn 0.22511020302772522 0.9738391637802124 -0.031027520075440407
vn 0.28297165036201477 0.9523735046386719 0.11363022029399872
vn -0.7421828508377075 0.5677235126495361 -0.35616669058799744
vn 0.42776724696159363 0.8807255029678345 0.20331715047359467
vn -0.9434012174606323 0.20665884017944336 -0.2593960762023926
vn 0.5332632064819336 0.8453218340873718 -0.03257809951901436
vn 0.34194350242614746 0.9367243647575378 -0.07498087733983994
vn -0.8750680088996887 -0.48283106088638306 -0.033617496490478516
vn 0.5339081287384033 0.8336331248283386 -0.14141429960727692
vn 0.4926794767379761 0.8700717687606812 0.015560477040708065
vn 0.5951974987983704 0.7684566378593445 -0.23497755825519562
vn -0.49230632185935974 -0.5652225613594055 0.6619350910186768
vn -0.0013494051527231932 -0.8465854525566101 -0.5322511196136475
vn -0.03293994069099426 -0.9606262445449829 -0.2758842706680298
vn 0.5727484226226807 0.7961406707763672 -0.19524188339710236
vn -0.8126030564308167 -0.15281468629837036 0.5624269247055054
vn -0.8757398128509521 0.05652892217040062 0.47946256399154663
vn 0.5236141085624695 0.8432850241661072 -0.12123825401067734
vn -0.6428703665733337 0.4924837648868561 0.586666464805603
vn -0.7298959493637085 0.4054889678955078 0.5503005385398865
vn 0.5113078355789185 0.8573342561721802 -0.05951784923672676
vn -0.7635118365287781 0.5713164210319519 0.30107688903808594
vn -0.9315113425254822 0.36252927780151367 -0.02931368723511696
vn 0.7193198204040527 0.6912122964859009 -0.06931523978710175
vn 0.8688369393348694 0.47883182764053345 -0.12586671113967896
vn 0.05751633644104004 -0.9777956008911133 -0.20151366293430328
vn -0.21804508566856384 -0.9430553317070007 -0.25120317935943604
vn -0.4889295697212219 -0.853588342666626 -0.1798187494277954
vn -0.005345601122826338 -0.9951924681663513 -0.09779302030801773
vn -0.22575335204601288 -0.9732782244682312 -0.04201183840632439
vn -0.10677696764469147 -0.9934075474739075 -0.04171605408191681
vn -0.12647812068462372 -0.9919211268424988 -0.00979138445109129
vn -0.9110062122344971 -0.4079965054988861 0.0600552000105381
vn -0.7384209036827087 -0.6504222750663757 0.17800430953502655
vn 0.9569520354270935 -0.09600759297609329 -0.27390772104263306
vn -0.5794492959976196 -0.7954491972923279 0.17748011648654938
vn 0.793194591999054 -0.5615788102149963 -0.2355240136384964
vn -0.5755175352096558 -0.772957444190979 0.2670513391494751
vn -0.43941056728363037 -0.872808575630188 0.21242307126522064
vn 0.5013427734375 -0.8623525500297546 -0.07073578238487244
vn 0.19706933200359344 -0.9797187447547913 -0.03626205772161484
vn -0.20422150194644928 -0.9664232730865479 0.15594762563705444
vn 0.06509317457675934 0.9943935871124268 -0.08333229273557663
vn 0.41295570135116577 0.907650351524353 -0.07508959621191025
vn -0.6676725149154663 0.5283473134040833 -0.5244641304016113
vn -0.6892666816711426 0.5825671553611755 -0.4307284355163574
vn 0.38838639855384827 0.9095190167427063 0.14809228479862213
vn -0.867152214050293 0.41193684935569763 -0.2799198031425476
vn -0.9965831637382507 0.07758169621229172 0.028340253978967667
vn -0.9743049740791321 -0.1923542022705078 0.1171736866235733
vn 0.37687376141548157 0.9211257696151733 0.09743475914001465
vn 0.43924152851104736 0.8735308051109314 0.20978765189647675
vn 0.4658517837524414 0.8264040350914001 0.31628865003585815
vn 0.43124720454216003 0.8929781317710876 0.12890255451202393
vn -0.5673993825912476 -0.799096941947937 0.19875121116638184
vn -0.788865327835083 -0.5872432589530945 0.1812095046043396
vn 0.585792064666748 0.8073079586029053 -0.07142496854066849
vn -0.5882763862609863 -0.4233003854751587 -0.6890193223953247
vn 0.16593986749649048 -0.1911681890487671 0.9674289226531982
vn -0.8658127784729004 -0.2327406257390976 0.4429447650909424
vn -0.3865044414997101 0.5721771717071533 0.7233446836471558
vn 0.7996538281440735 -0.31004050374031067 0.5142261981964111
vn -0.5438302159309387 -0.648705005645752 0.5323820114135742
vn -0.7765083909034729 -0.08660375326871872 0.6241270899772644
vn 0.5752713084220886 0.8144742250442505 -0.07546297460794449
vn -0.5337312817573547 0.06402839720249176 0.8432267308235168
vn 0.4986363649368286 0.8633237481117249 -0.07767853885889053
vn -0.9923111200332642 -0.108214370906353 -0.06006879732012749
vn -0.9634391665458679 0.25338155031204224 -0.08707930147647858
vn -0.7660856246948242 -0.636592447757721 -0.088673435151577
vn 0.9475724697113037 0.2903582453727722 -0.13341130316257477
vn -0.27127155661582947 -0.9372849464416504 -0.21888062357902527
vn -0.22029773890972137 -0.9665867686271667 -0.131068617105484
vn -0.08421894907951355 -0.9958310127258301 -0.03504122793674469
vn 0.08006253838539124 -0.996726930141449 0.011200442910194397
vn -0.25116756558418274 -0.9657901525497437 -0.06453073024749756
vn -0.15529602766036987 -0.9860183000564575 -0.06042419373989105
vn -0.8315751552581787 -0.5530593991279602 -0.05106990039348602
vn -0.8935521245002747 -0.44555819034576416 0.05515982210636139
vn 0.9672339558601379 0.04370276629924774 -0.2500970959663391
vn -0.460129052400589 -0.849361777305603 0.25858429074287415
vn -0.5003767609596252 -0.8308866024017334 0.24341443181037903
vn 0.8815100193023682 -0.3953360319137573 -0.2581659257411957
vn 0.30658960342407227 -0.9421607851982117 0.1354103833436966
vn 0.02847263589501381 -0.9942545890808105 0.10318531841039658
vn -0.0777616947889328 -0.9862521886825562 0.1458071768283844
vn 0.38515588641166687 0.9176414608955383 -0.09792415797710419
vn -0.5110996961593628 0.7123047709465027 -0.48103955388069153
vn 0.4055967330932617 0.9115920662879944 0.06701720505952835
vn 0.3555253744125366 0.9125016927719116 0.2023421674966812
vn 0.37331125140190125 0.8453424572944641 0.38214513659477234
vn 0.2748362123966217 0.8513984680175781 0.4467501938343048
vn -0.41980990767478943 -0.8937363624572754 0.15809787809848785
vn -0.29646778106689453 -0.21254876255989075 -0.9310907125473022
vn -0.14880597591400146 -0.9883808493614197 0.030986560508608818
vn -0.2486484944820404 -0.9135505557060242 0.3218685984611511
vn -0.44364938139915466 -0.8421064019203186 0.3066466152667999
vn 0.4666880667209625 0.8779116868972778 0.10711374133825302
vn -0.999147355556488 0.026362791657447815 -0.03177570924162865
vn 0.2304816097021103 -0.07748813182115555 0.9699864983558655
vn 0.3410186767578125 -0.19481919705867767 0.9196476340293884
vn 0.042580217123031616 0.7462766170501709 0.6642726063728333
vn 0.37750041484832764 0.5298175811767578 0.7594648003578186
vn -0.006103535182774067 0.35361000895500183 0.935373067855835
vn -0.09204427897930145 -0.058988261967897415 0.9940061569213867
vn -0.8395044207572937 0.4045615792274475 -0.3627151548862457
vn -0.46919119358062744 0.40798309445381165 0.7832046151161194
vn -0.22321802377700806 0.24410609900951385 0.9437086582183838
vn -0.7671825289726257 0.3872728943824768 -0.5113223195075989
vn -0.7166917324066162 0.3660106658935547 -0.5936237573623657
vn -0.42792168259620667 0.8077338337898254 0.40552324056625366
vn -0.5088748931884766 0.6702136993408203 0.5402407646179199
vn -0.6273940205574036 0.7656587958335876 0.14192765951156616
vn -0.36281609535217285 0.9269442558288574 -0.0955977812409401
vn -0.6778367161750793 0.6774225234985352 -0.2857202887535095
vn -0.9585074186325073 -0.21750526130199432 -0.18426914513111115
vn -0.7724377512931824 -0.6322100162506104 0.060418885201215744
vn -0.5022500157356262 -0.8643162250518799 0.026503553614020348
vn 0.8572803735733032 0.5092726945877075 -0.07557583600282669
vn 0.05420297384262085 -0.9958507418632507 0.0730980932712555
vn 0.9705587029457092 0.16203950345516205 -0.17821058630943298
vn -0.5682822465896606 -0.8159435987472534 -0.10626120865345001
vn -0.29380345344543457 -0.951256513595581 -0.09375867992639542
vn 0.9403645992279053 -0.22887831926345825 -0.2516530454158783
vn -0.5360924601554871 -0.8223279714584351 0.19073955714702606
vn -0.5463056564331055 -0.7913311719894409 0.2744908928871155
vn 0.6701103448867798 -0.730693519115448 -0.13053429126739502
vn 0.5356299877166748 -0.844406008720398 -0.008889151737093925
vn -0.11489477008581161 -0.9669037461280823 0.22780771553516388
vn -0.3136918842792511 -0.9155195355415344 0.25183624029159546
vn 0.2948799729347229 0.9550603032112122 -0.03009434975683689
vn 0.1639436036348343 0.9848591089248657 -0.05634865537285805
vn 0.007541091646999121 0.9899216294288635 -0.1414155215024948
vn -0.6704754829406738 0.5078334212303162 -0.540895402431488
vn 0.16437050700187683 0.9856055378913879 -0.03954846411943436
vn 0.15164026618003845 0.9870695471763611 -0.051952119916677475
vn 0.2557589113712311 0.966327428817749 -0.028262797743082047
vn 0.29853951930999756 0.9483489394187927 0.10727787762880325
vn -0.7978541254997253 0.3928022086620331 -0.4573131203651428
vn -0.9738565683364868 0.17091104388237 -0.14964239299297333
vn 0.47458934783935547 0.7993636131286621 0.36848726868629456
vn 0.4127817153930664 0.84215247631073 0.34697335958480835
vn -0.9318639636039734 -0.21795029938220978 0.2900469899177551
vn -0.8058517575263977 -0.3258329927921295 0.49440449476242065
vn 0.3211819529533386 0.9067783355712891 0.27312132716178894
vn -0.8266382217407227 -0.33248069882392883 0.45401081442832947
vn 0.3352454900741577 0.8644326329231262 0.37465551495552063
vn -0.8111642599105835 -0.06938973814249039 0.5806872248649597
vn -0.4371059536933899 -0.884600043296814 0.16254577040672302
vn -0.552581250667572 -0.5047877430915833 0.663206934928894
vn 0.3207099437713623 0.7512533068656921 0.5768566727638245
vn 0.706516444683075 0.5458566546440125 0.45041659474372864
vn -0.3911486566066742 -0.919213056564331 0.04527883231639862
vn 0.4664256274700165 0.7137963771820068 0.5224383473396301
vn -0.2274760752916336 0.870142936706543 0.43715667724609375
vn 0.14542220532894135 0.6162350177764893 0.7740199565887451
vn 0.5597371459007263 0.8276017904281616 0.04206635057926178
vn -0.3466244339942932 0.16813166439533234 -0.9228127002716064
vn -0.327685683965683 -0.011581524275243282 -0.9447158575057983
vn 0.48283642530441284 0.8756389021873474 -0.01120415423065424
vn 0.5217661261558533 0.849530041217804 -0.07783875614404678
vn -0.24660222232341766 0.4825112223625183 -0.8404583930969238
vn -0.20405460894107819 0.8147256970405579 -0.5427557826042175
vn -0.3919476270675659 0.6889427304267883 -0.6097007989883423
vn 0.33812859654426575 0.9323055148124695 -0.12835726141929626
vn -0.7418470978736877 0.2366679310798645 -0.6274163722991943
vn 0 -0 0
vn 0 -0 0
vn 0 -0 0
vn 0 -0 0
vn 0 -0 0
vn -0.2621879577636719 -0.9642986059188843 0.03722519427537918
vn 0.017145009711384773 -0.9816111922264099 0.19011981785297394
vn -0.1620769202709198 -0.9849173426628113 0.06057184934616089
vn -0.2202574908733368 -0.9741633534431458 -0.049924034625291824
vn -0.191592276096344 -0.9814742207527161 0.0009428115445189178
vn 0.9812119603157043 0.04958712309598923 -0.18645185232162476
vn -0.7460415363311768 -0.6628966927528381 0.06316719204187393
vn -0.5284429788589478 -0.834891140460968 0.15396371483802795
vn -0.467477947473526 -0.8518279194831848 0.2363339215517044
vn -0.5683059096336365 -0.796177089214325 0.20767882466316223
vn 0.7959693074226379 -0.5589594841003418 -0.23237282037734985
vn -0.49167799949645996 -0.8214695453643799 0.2888607680797577
vn 0.43381622433662415 -0.8981785178184509 -0.07126559317111969
vn 0.35813581943511963 -0.925127387046814 0.1260085552930832
vn 0.04176253080368042 -0.976180911064148 0.21290089190006256
vn -0.22119973599910736 0.9262723326683044 -0.3051070272922516
vn 0.36740803718566895 0.9288702607154846 -0.04702621325850487
vn -0.9111738204956055 0.22455032169818878 -0.3454553782939911
vn 0.37123405933380127 0.9239651560783386 0.09205283224582672
vn -0.9849569201469421 -0.1398729830980301 0.10146656632423401
vn 0.5513821840286255 0.807034969329834 0.21135804057121277
vn -0.4597339928150177 -0.2553403675556183 0.8505563139915466
vn 0.2746196389198303 0.9504960775375366 0.14540039002895355
vn 0.24240365624427795 0.9318056106567383 0.27014604210853577
vn 0.3160841464996338 0.8164203763008118 0.483268678188324
vn 0.9374700784683228 0.34381768107414246 0.05421532690525055
vn 0.6129891276359558 0.7754356265068054 0.15147273242473602
vn -0.3783711791038513 -0.7343644499778748 0.5635105967521667
vn 0.06911701709032059 0.9630222916603088 0.2604053020477295
vn 0.4455564618110657 0.5355009436607361 0.7174386382102966
vn -0.17148245871067047 -0.8777489066123962 -0.44738200306892395
vn -0.5678777694702148 -0.7428352236747742 -0.3545571267604828
vn -0.7459926009178162 -0.49691882729530334 0.4433584213256836
vn 1 0 0
vn 0 -0 0
vn 0 -0 0
vn -1 -0 0
vn -1 -0 0
vn 1 0 0
vn 0.37508001923561096 0.9043940305709839 0.20343656837940216
vn 0.0466691292822361 0.9241044521331787 0.37927958369255066
vn -0.6848939061164856 0.5778544545173645 0.443852037191391
vn 0.8814336657524109 0.46999308466911316 0.046703141182661057
vn 0.5569124221801758 0.8217160105705261 -0.12096047401428223
vn -0.6276019811630249 -0.1615767925977707 -0.7615830302238464
vn -0.7501737475395203 -0.228488951921463 0.6205096244812012
vn 0.6774047613143921 -0.7323263883590698 0.06943289190530777
vn -0.6735109686851501 -0.19483989477157593 -0.713036060333252
vn 0 -0 0
vn 0 -0 0
vn 0.1882450431585312 0.367497056722641 0.910774290561676
vn -0.32486143708229065 0.9165265560150146 0.23333285748958588
vn -0.1156977117061615 0.2835041284561157 -0.9519661068916321
vn -0.37147560715675354 0.24721743166446686 -0.8949242830276489
vn 0.10114634037017822 0.9948657155036926 0.003409632248803973
vn -0.7831276655197144 0.5655769109725952 0.25852248072624207
vn -0.3078199326992035 0.32164111733436584 -0.8954294323921204
vn -0.7988831400871277 0.37199336290359497 -0.47265923023223877
vn -0.8530523180961609 0.0072097619995474815 -0.5217756628990173
vn -0.8195937871932983 0.020386317744851112 -0.5725822448730469
vn -0.9361072182655334 -0.3429887294769287 0.07785899937152863
vn 0 -0 0
vn -0.836938202381134 -0.5379392504692078 0.10077626258134842
vn 0.754457414150238 0.6506204009056091 -0.08652849495410919
vn 0.9160927534103394 0.3825550675392151 -0.12010693550109863
vn -0.27161890268325806 -0.9624037742614746 -0.0014871446182951331
vn -0.14942499995231628 -0.9828392267227173 0.10816328972578049
vn 0.025749817490577698 -0.9764313697814941 0.21428686380386353
vn -0.18992380797863007 -0.9796252846717834 -0.06529377400875092
vn -0.8000712394714355 -0.5970224738121033 -0.05873791128396988
vn 0.9818426370620728 0.14295922219753265 -0.12469065189361572
vn 0.9760666489601135 -0.08588509261608124 -0.19979403913021088
vn -0.35437822341918945 -0.9216092824935913 0.15827976167201996
vn -0.5123270153999329 -0.8359423875808716 0.19677764177322388
vn 0.639796793460846 -0.7447971105575562 -0.18957169353961945
vn 0.13917402923107147 -0.9691874384880066 0.20323942601680756
vn 0.2674217224121094 0.9625086784362793 -0.04541744291782379
vn -0.7457935810089111 0.43381938338279724 -0.5055617690086365
vn -0.8456534743309021 0.2501429617404938 -0.4714857041835785
vn -0.924204409122467 -0.3228134214878082 -0.20405317842960358
vn 0.30456215143203735 0.9517306089401245 0.03808955103158951
vn 0.46897420287132263 0.8748310208320618 0.12138330936431885
vn -0.25422194600105286 -0.5420529246330261 0.8009681105613708
vn -0.2040339708328247 -0.9787994027137756 0.017943810671567917
vn -0.3872755765914917 -0.6914620995521545 0.6098342537879944
vn -0.30816465616226196 -0.9481855034828186 0.07732339948415756
vn -0.5876691937446594 -0.7993198037147522 -0.12543031573295593
vn -0.7255362868309021 -0.5782934427261353 0.37306010723114014
vn -0.3703533411026001 -0.7638800144195557 0.5285128355026245
vn 0.6198920607566833 0.7510302066802979 0.22734904289245605
vn -0.17140601575374603 -0.34507715702056885 0.9227902293205261
vn -0.4066740572452545 0.0294689629226923 0.9130979776382446
vn -0.18106701970100403 -0.8364191055297852 0.5173179507255554
vn -0.15228672325611115 -0.6230120658874512 0.7672448754310608
vn -0.3013077974319458 -0.07186388224363327 0.9508150815963745
vn 0.17428135871887207 0.9639780521392822 0.2009287178516388
vn -0.20777978003025055 -0.10084713995456696 0.972963273525238
vn -0.4687032401561737 0.2370101809501648 0.850966215133667
vn -0.7245465517044067 0.5670841336250305 0.39172425866127014
vn -0.11704938113689423 -0.31857189536094666 0.9406441450119019
vn 0.6201660633087158 0.7730297446250916 -0.13348843157291412
vn -0.3625332713127136 -0.18336190283298492 0.913754940032959
vn -0.3513796627521515 -0.2354222983121872 0.9061505198478699
vn 0.49122339487075806 0.7247267961502075 -0.4831880033016205
vn -0.15883737802505493 0.9872621297836304 0.009174797683954239
vn 0.09769544005393982 0.6161283850669861 -0.7815635204315186
vn 0.06075621768832207 -0.12151243537664413 -0.9907287359237671
vn -0.24253563582897186 -0 0.9701425433158875
vn -0.9471429586410522 -0.023686882108449936 0.31993621587753296
vn -0.8743718862533569 0.48333340883255005 -0.04315903037786484
vn 0 -0 0
vn 1 0 0
vn 0.15195517241954803 0.9064845442771912 0.3939485251903534
vn -0.3760583996772766 0.8733860850334167 0.3094784617424011
vn 0.5890715718269348 0.7821732759475708 -0.20297712087631226
vn 0.7047253251075745 0.7015421986579895 -0.1058342307806015
vn -0.1714985966682434 0.7071068286895752 0.6859943866729736
vn -0.9183406829833984 0.3859497308731079 0.08771096915006638
vn -0.3258262574672699 0.15354739129543304 0.9328774809837341
vn 0.12179546803236008 0.9829439520835876 0.13779360055923462
vn 0.7138129472732544 0.6407162547111511 -0.28276118636131287
vn -0.5373266935348511 0.7502568960189819 0.3852202296257019
vn -0.46061432361602783 0.5323993563652039 0.7102009654045105
vn -0.3632570803165436 0.5344730615615845 0.7631401419639587
vn 0.31603944301605225 0.9484268426895142 0.02460862137377262
vn 0.15964676439762115 0.9344925880432129 -0.31817686557769775
vn 0.07945293188095093 0.321496844291687 0.9435714483261108
vn 0 -1 0
vn 0 -1 0
vn 0 -0 0
vn 0 1 0
vn 0 1 0
vn 0 -1 0
vn 0 1 0
vn 0 1 0
vn -0.573078989982605 0.42857062816619873 0.698503851890564
vn 0.5347371101379395 0.8237563967704773 -0.1883653700351715
vn 0.42194119095802307 0.8949294686317444 -0.14514459669589996
vn 0 -1 0
vn 0 -0 0
vn -0.7883973121643066 0.020598487928509712 0.6148214340209961
vn 0.07418739795684814 0.2765616476535797 0.9581283330917358
vn 0.2357022762298584 -0.2357022762298584 0.9428091049194336
vn 0.3162277638912201 0.7071067690849304 0.6324555277824402
vn -0.1499311327934265 0.7860350608825684 0.5997245907783508
vn -0.4694642424583435 -0.04221530258655548 0.8819417357444763
vn -0.9848592877388 0.03161684051156044 0.17044803500175476
vn 0.48828408122062683 0.8722622394561768 -0.027153080329298973
vn 0.5511656999588013 0.8333515524864197 -0.0417337566614151
vn -0.2633163332939148 -0.2362912893295288 0.93532395362854
vn 0 -0 0
vn 0 -0 0
vn 0 -0 0
vn 0 -0 0
vn 0 1 0
vn 0 -0 0
vn 0 -0 0
vn 0 1 0
vn 0 -1 0
vn 0 -1 0
vn 0 -0 0
vn 0 -0 0
vn 0 -0 0
vn 0 -0 0
vn 0 1 0
vn 0 -0 0
vn 0 -0 0
vn 0 -0 0
vn 0 -0 0
vn 0 -0 0
vn 0.561257004737854 0.8241736888885498 -0.07568486779928207
vn 0 -0 0
vn 0 1 0
vn 0 -1 0
vn 0 -1 0
vn 0 -0 0
vn -0.024374712258577347 0.7878646850585938 -0.6153658628463745
vn 0.4058767259120941 0.8598877787590027 0.3096081018447876
vn 0.11742350459098816 0.9917030334472656 -0.0523148812353611
vn -0.08770580589771271 0.7071068286895752 -0.7016464471817017
vn 0 -0 0
vn 0 -0 0
vn 0 -0 0
vn 0 -0 0
vn -0.06383848190307617 0.23017290234565735 -0.9710536003112793
vn 0 -0 0
vn 0.03369199484586716 -0.29304879903793335 -0.9555036425590515
vn 0.22336404025554657 -0.8934561610221863 0.38967251777648926
vn -0 -0.44721361994743347 -0.8944272398948669
vn -0.2595992386341095 0.7124016284942627 -0.6519908905029297
vn -0.25919726490974426 -0.9489797353744507 0.17959514260292053
vn 0.18529629707336426 0.6452208161354065 -0.741185188293457
vn -0.19352471828460693 -0.9786964654922485 -0.06856813281774521
vn -0.7420859336853027 -0.6611405611038208 -0.11046139150857925
vn -0.5697990655899048 -0.8211408853530884 0.03250641003251076
vn -0.29986080527305603 -0.9333374500274658 0.19739499688148499
vn 0.941217839717865 -0.2781423032283783 -0.19169214367866516
vn -0.5410333275794983 -0.826356053352356 0.15626463294029236
vn 0.21841920912265778 -0.9757888317108154 0.011371261440217495
vn -0.3051413595676422 -0.9309177994728088 0.20070089399814606
vn -0.4619865119457245 -0.8603991270065308 0.2151322215795517
vn -0.08032365143299103 0.9504686594009399 -0.30026230216026306
vn 0.11749271303415298 0.974182665348053 -0.19277867674827576
vn -0.43536603450775146 0.7691606879234314 -0.467812180519104
vn 0.31184327602386475 0.9500897526741028 0.009125109761953354
vn -0.8679357171058655 0.22238941490650177 -0.44410645961761475
vn -0.8739038109779358 0.1546822041273117 -0.46083155274391174
vn 0.2593194544315338 0.9650886654853821 -0.036841727793216705
vn -0.6784488558769226 -0.5941129326820374 -0.4321308434009552
vn -0.7651758790016174 -0.22445063292980194 -0.6034300923347473
vn -0.06524013727903366 -0.858626127243042 -0.5084338784217834
vn 0.6125631928443909 0.7904191017150879 0.0020204544998705387
vn 0.457180380821228 0.8893615007400513 -0.004712127149105072
vn -0.3462502658367157 -0.9331675171852112 -0.09648448973894119
vn -0.09319935739040375 -0.8884954452514648 -0.44932132959365845
vn 0.23632259666919708 -0.7701722979545593 -0.5924410223960876
vn 0.20707033574581146 -0.908681333065033 -0.36251914501190186
vn -0.2973508834838867 -0.8075446486473083 -0.5093663930892944
vn -0.9987256526947021 -0.012667185626924038 0.048853907734155655
vn -0.2712588906288147 -0.9387918710708618 -0.21234041452407837
vn -0.1147901713848114 -0.9791653156280518 0.1675068587064743
vn 0.3426457345485687 0.9125442504882812 0.22328680753707886
vn 0.13802313804626465 0.9739468097686768 0.17993676662445068
vn 0.2328803688287735 0.9655059576034546 0.11646910756826401
vn -0.812928318977356 0.5653544664382935 -0.1397208422422409
vn 0.33821946382522583 -0.05620316416025162 0.9393874406814575
vn -0.5688597559928894 -0.7888665795326233 -0.2325686514377594
vn -0.6000000238418579 0 -0.800000011920929
vn -0.8631466627120972 0.4446854293346405 -0.2392338365316391
vn 0.22087381780147552 0.44174763560295105 0.8695250153541565
vn -0.8805638551712036 0.0027308259159326553 -0.4739198088645935
vn -0.8005080223083496 0.5359188914299011 -0.2682870030403137
vn 0.21641351282596588 0.9731374382972717 -0.07854116708040237
vn 0 1 0
vn 0 1 0
vn 0 -1 0
vn 0 1 0
vn 0 -0 0
vn 0 -1 0
vn 0.9336166977882385 -0.3231130838394165 0.1547829955816269
vn 0 -0 0
vn 0 -1 0
vn 0.9468541741371155 -0.3088378608226776 -0.08992461115121841
vn 0.5883484482765198 0.7071068286895752 -0.3922322988510132
vn -0.5502267479896545 0.7975479960441589 0.2473212331533432
vn -0.21560977399349213 -0.6550437808036804 -0.7241755127906799
vn 0.5087436437606812 0.4305444657802582 -0.7455276250839233
vn -0.4724428355693817 -0.6051183342933655 -0.6408039331436157
vn 0.5144957900047302 -0.5144957900047302 -0.6859943270683289
vn 0 -0 0
vn 0 -0 0
vn 0 -1 0
vn 0 -1 0
vn 0 1 0
vn 0 1 0
vn 0 -0 0
vn 0 -0 0
vn 0 1 0
vn 0 -0 0
vn 0 -0 0
vn -0.8458171486854553 -0.3905731737613678 0.3633812963962555
vn -0.6410278677940369 -0.3658958077430725 -0.6746878027915955
vn 0 -0 0
vn 0 -0 0
vn 0 -1 0
vn -0.8053992986679077 -0.4702724814414978 -0.36079880595207214
vn 0.49338698387145996 -0.2835010588169098 -0.8223116397857666
vn -0.24828177690505981 -0.7071067690849304 0.662084698677063
vn -0.3581334054470062 -0.8486616611480713 0.38924795389175415
vn 0 -0 0
vn 0.805096447467804 0.5798842906951904 -0.12471523880958557
vn 0.9968783259391785 0.025671029463410378 -0.07466354966163635
vn -0.06835529953241348 -0.9882371425628662 0.13680239021778107
vn -0.26340338587760925 -0.9608660340309143 0.08576175570487976
vn 0.08007699251174927 -0.9676685333251953 0.23917630314826965
vn -0.564604640007019 -0.8240955471992493 0.045696716755628586
vn 0 -0 0
vn -0.3421306908130646 0.6644346117973328 0.6644346117973328
vn 0 -0 0
vn 0.3421306908130646 -0.6644346117973328 -0.6644346117973328
vn 0.3530927002429962 0.48965147137641907 -0.7972245216369629
vn 0 -0 0
vn -0.9722489714622498 -0.16156215965747833 0.16920293867588043
vn -0.3362239599227905 -0.941581666469574 0.019429225474596024
vn 0.2544932961463928 0.9055894613265991 -0.33932432532310486
vn -0.1977887749671936 -0.979190468788147 0.04544984549283981
vn 0.9438732266426086 0.3012298345565796 -0.13551390171051025
vn -0.4174564778804779 -0.9026157259941101 -0.10495249181985855
vn -0.2815571129322052 -0.955978512763977 -0.08264823257923126
vn 0.9923319220542908 0.05484844371676445 -0.11076565086841583
vn -0.6014053821563721 -0.7986846566200256 0.02035694569349289
vn 0.13433043658733368 -0.9842451810836792 0.11496452987194061
vn 0.02039150707423687 -0.9993125200271606 0.03096310794353485
vn -0.12540747225284576 -0.9723556041717529 0.19697117805480957
vn -0.0014454725896939635 -0.9762024879455566 0.21685631573200226
vn 0.11541343480348587 0.9884698987007141 -0.09801574796438217
vn 0.32900354266166687 0.9427891969680786 -0.053901053965091705
vn 0.39197075366973877 0.9198541045188904 0.015080522745847702
vn 0.280878484249115 0.9503312110900879 -0.1340816766023636
vn -0.5686547160148621 -0.5441141128540039 -0.6169048547744751
vn -0.30532050132751465 -0.5890384912490845 -0.748206615447998
vn -0.4907628893852234 -0.1567608118057251 -0.8570751547813416
vn -0.37853530049324036 -0.6801873445510864 -0.6277390122413635
vn -0.20183095335960388 -0.7946256995201111 -0.5725682377815247
vn 0.20541195571422577 -0.8651269674301147 -0.45756015181541443
vn -0.18572591245174408 -0.8221913576126099 -0.5380587577819824
vn 0.49769148230552673 0.8567615151405334 -0.13514070212841034
vn -0.546281635761261 0.6648199558258057 -0.5095005631446838
vn -0.5935927629470825 -0.21275608241558075 -0.776133120059967
vn -0.18974532186985016 -0.6420732140541077 -0.7427912354469299
vn 0.16034434735774994 -0.7286389470100403 -0.6658641695976257
vn 0 -0 0
vn 0 -0 0
vn 1 0 0
vn -1 -0 0
vn 0.6437154412269592 0.762683093547821 -0.0628088116645813
vn -0.9167057871818542 0.036618128418922424 -0.3978814482688904
vn 0 -0 0
vn 0.1184639185667038 0.9913987517356873 0.055631332099437714
vn -0.857265055179596 0.5023847222328186 -0.11272161453962326
vn -0.5839133262634277 0.5273829698562622 -0.6171810626983643
vn -0.6260130405426025 0.6296402215957642 -0.46006613969802856
vn -0.655689537525177 0.6692690253257751 0.34950006008148193
vn 0.34938788414001465 0.9350229501724243 -0.060499418526887894
vn 0.1408488005399704 0.9893124103546143 -0.03771749883890152
vn 0.6533476710319519 0.7354955077171326 -0.17939670383930206
vn 0.5195573568344116 0.8363286256790161 -0.17497040331363678
vn -0.6183681488037109 -0.18282444775104523 0.7643271684646606
vn -0.7490456104278564 -0.5209932327270508 -0.40926364064216614
vn -0.9948935508728027 0.01609063893556595 -0.09963897615671158
vn 0.4694916605949402 0.8739145994186401 0.12590046226978302
vn -0.9893993735313416 -0.12164454162120819 -0.07931891083717346
vn 0.16108617186546326 0.9809114933013916 -0.10892143100500107
vn 0.5471411347389221 -0.6246451139450073 0.5571850538253784
vn -0.1962367743253708 -0.9768372774124146 0.08532330393791199
vn 0.14900024235248566 -0.6357154846191406 0.7574066519737244
vn 0.2687481641769409 -0.1761752814054489 0.9469618201255798
vn -0.10311082005500793 -0.21157260239124298 0.9719080328941345
vn 0.4224635064601898 0.9041478037834167 -0.06357207894325256
vn -0.6966269016265869 -0.13957278430461884 0.7037261724472046
vn -0.5460960865020752 0.6328922510147095 0.548841118812561
vn 0 1 0
vn 0 -1 0
vn 0.8293840885162354 -0.10674157738685608 -0.5483869910240173
vn -0.5734339356422424 0.7823378443717957 -0.24314811825752258
vn -0.23622043430805206 0.2595955431461334 -0.9363813996315002
vn -0.788510262966156 -0.00796780176460743 -0.6149700284004211
vn 0.5394080281257629 0.8374764919281006 -0.08759082108736038
vn 0.2133343517780304 -0.12096203118562698 -0.9694620370864868
vn -0.7133240103721619 0.18067578971385956 -0.6771448254585266
vn -0.3611273169517517 -0.1067277193069458 -0.9263888597488403
vn -0.30565568804740906 -0.3091920018196106 -0.9005414843559265
vn 0.503272533416748 0.8602986335754395 0.08125969767570496
vn -0.662733256816864 -0.5281127691268921 -0.5309251546859741
vn 0 -1 0
vn 0 1 0
vn 0 -0 0
vn -0.6259649991989136 -0.414391428232193 -0.6606417894363403
vn -0.5271382927894592 -0.7472788095474243 -0.4045981168746948
vn -0.07144709676504135 -0.9938405752182007 -0.08471246063709259
vn -0.5941756963729858 -0.7539811730384827 -0.280120849609375
vn -0.03143227845430374 -0.958158552646637 0.2845068871974945
vn 0 -0 0
vn 0.2544932961463928 0.9055894613265991 -0.33932432532310486
vn -0.5874700546264648 -0.8032512068748474 -0.09831839799880981
vn -0.46330246329307556 -0.8531596064567566 0.2397281676530838
vn 0.9901261925697327 -0.07531198859214783 -0.1182294487953186
vn -0.6187148690223694 -0.7664536237716675 0.1724551022052765
vn 0.8377939462661743 -0.5009262561798096 -0.21719646453857422
vn -0.445379376411438 -0.8780834078788757 0.17494787275791168
vn 0.4255472421646118 -0.8938674330711365 -0.14110496640205383
vn 0.43506866693496704 -0.885404646396637 -0.16362762451171875
vn 0.23663361370563507 -0.9686570167541504 -0.07555248588323593
vn 0.016099272295832634 -0.9998624920845032 -0.003980283625423908
vn 0.201480895280838 0.9734202027320862 -0.1088968887925148
vn 0.00223354808986187 0.9565523862838745 -0.29155203700065613
vn -0.28138288855552673 0.8864546418190002 -0.36745327711105347
vn -0.6003676652908325 0.6660158038139343 -0.44269809126853943
vn 0.37478169798851013 0.9271131157875061 1.3955349231764558e-06
vn 0.282779723405838 0.9545047283172607 -0.09463848918676376
vn 0.4893057942390442 0.8540735244750977 -0.17646066844463348
vn 1 0 0
vn 0 -0 0
vn -0.5328749418258667 0.657334566116333 0.5328749418258667
vn 0 -0 0
vn 1 0 0
vn 0 -0 0
vn -0.5328749418258667 0.657334566116333 0.5328749418258667
vn 0 -0 0
vn 0.5328749418258667 -0.657334566116333 -0.5328749418258667
vn 0.5328749418258667 -0.657334566116333 -0.5328749418258667
vn -0.4624025821685791 -0.2528943717479706 -0.8498402237892151
vn -0.4488653838634491 -0.5581455826759338 -0.6978491544723511
vn -0.6493735313415527 -0.2422751933336258 -0.7208445072174072
vn 0 -0 0
vn 0.6054304242134094 0.7628231644630432 -0.22705698013305664
vn 0.4053782522678375 0.8990927338600159 -0.16522972285747528
vn -0.39013800024986267 0.5930149555206299 -0.7043617963790894
vn -0.966912567615509 0.1384017914533615 -0.21430154144763947
vn 0.4356951117515564 0.8028404712677002 -0.40696078538894653
vn -0.8460209965705872 -0.23376402258872986 0.47916901111602783
vn -0.8925574421882629 -0.002717030933126807 -0.4509255886077881
vn 0.9129619002342224 0.26923084259033203 -0.3066193163394928
vn -0.9272163510322571 -0.21812178194522858 -0.30445489287376404
vn 0.8306506276130676 0.551031231880188 0.079901322722435
vn -0.045126575976610184 0.6765087842941284 -0.735050618648529
vn 0 1 0
vn 0 1 0
vn 0 1 0
vn 0 1 0
vn -0.3185475170612335 0.9419667720794678 0.10595361143350601
vn -0.5381074547767639 0.8201715350151062 -0.19431711733341217
vn -0.967864990234375 0.11678478866815567 0.222707599401474
vn 0.4636138677597046 0.8799996972084045 -0.10326039046049118
vn 0 -1 0
vn 0 -0 0
vn 0 -0 0
vn 0 -0 0
vn 0 -0 0
vn -0.7892622947692871 -0.11929554492235184 0.6023567914962769
vn 0.7045095562934875 0.7003706693649292 0.1146613284945488
vn 0 -0 0
vn -0.9005759954452515 -0.33081528544425964 -0.2820003032684326
vn 0 -1 0
vn 0 -1 0
vn 0 1 0
vn 0 -1 0
vn 0.6749448180198669 0.7244298458099365 -0.14018164575099945
vn 0 -1 0
vn -0.6718575954437256 -0.5417330861091614 -0.5051066875457764
vn -0.16131550073623657 -0.9744146466255188 0.15650400519371033
vn -0.33268141746520996 -0.9359997510910034 -0.11501087993383408
vn 0 -0 0
vn 0.32127466797828674 -0.202265202999115 -0.9251331686973572
vn 0 -0 0
vn -0.32127466797828674 0.202265202999115 0.9251331686973572
vn 0 -0 0
vn -0.30383339524269104 -0.9371333718299866 0.17165778577327728
vn -0.5986940860748291 -0.7824615240097046 0.1712290644645691
vn -0.6403423547744751 -0.7475700974464417 0.17635393142700195
vn -0.4861275255680084 -0.8600453734397888 0.1549258530139923
vn -0.03747793659567833 -0.9939237833023071 0.10349373519420624
vn 0.2413744479417801 0.9557120203971863 -0.16838346421718597
vn -0.8458815813064575 0.23287801444530487 -0.4798460602760315
vn 0.1694154143333435 0.9855374097824097 0.0038037633057683706
vn 0.29609665274620056 0.9546627998352051 0.030753307044506073
vn 0.39673367142677307 0.9176489114761353 -0.02286636270582676
vn -0.9001792073249817 0.14248260855674744 -0.4115533232688904
vn -0.857530951499939 0.3110155761241913 -0.40976834297180176
vn -0.7620530128479004 0.23111072182655334 -0.6048662066459656
vn -0.6593816876411438 0.0070901596918702126 -0.7517749667167664
vn -0.7807384133338928 0.4424129128456116 -0.44126906991004944
vn -0.7438843250274658 0.32140684127807617 -0.5859470367431641
vn -0.5657340884208679 0.13064152002334595 -0.8141730427742004
vn 0.6149030327796936 0.7550072073936462 -0.22772468626499176
vn -0.011420926079154015 -0.596576988697052 -0.8024746179580688
vn -0.15638703107833862 -0.4630868136882782 -0.8724068999290466
vn -0.28618043661117554 -0.08003844320774078 -0.9548270106315613
vn -0.05158205330371857 -0.45042046904563904 -0.8913252949714661
vn -0.018193989992141724 -0.4856399893760681 -0.873969554901123
vn -0.0009748051525093615 -0.2194279581308365 -0.9756282567977905
vn -0.09685659408569336 -0.13579271733760834 -0.9859914779663086
vn -0.34765875339508057 -0.24855884909629822 -0.9040752053260803
vn -0.09797520935535431 -0.32627272605895996 -0.9401845335960388
vn -0.03859788924455643 -0.2394128441810608 -0.970150351524353
vn 0.0013948905980214477 -0.21047115325927734 -0.9775990843772888
vn 0.13503901660442352 0.9742379188537598 -0.18062393367290497
vn 0.057656072080135345 0.9814419150352478 -0.1828867793083191
vn 0.08135434985160828 -0.03904123976826668 -0.9959203004837036
vn -0.13414594531059265 -0.11718373000621796 -0.9840086102485657
vn -0.5808160305023193 -0.0008137272670865059 -0.8140344619750977
vn 0.3630216419696808 0.8145202994346619 -0.4525173604488373
vn 0.35174307227134705 0.831555962562561 -0.4298737645149231
vn 0.175595223903656 0.9470632672309875 -0.268770307302475
vn -0.34634333848953247 -0.045812174677848816 -0.9369885921478271
vn -0.3986441493034363 -0.2488657385110855 -0.8826940059661865
vn -0.6693064570426941 -0.28807634115219116 -0.6848656535148621
vn 0.6461987495422363 0.563784122467041 -0.5143682956695557
vn 0 -0 0
vn -0.10585122555494308 0.8997354507446289 -0.4234049320220947
vn 0 -0 0
vn 0.10585122555494308 -0.8997354507446289 0.4234049320220947
vn -0.028055068105459213 -0.03733714669942856 -0.9989088177680969
vn 0.10986302047967911 0.016851715743541718 -0.9938039183616638
vn 0.03180565685033798 0.07222314924001694 -0.9968812465667725
vn -0.0769612267613411 -0.13236230611801147 -0.9882091283798218
vn 0.4471838176250458 0.8001266717910767 -0.39977994561195374
vn 0.316385418176651 0.7813234925270081 -0.5379906892776489
vn 0 -0 0
vn -0.5103963017463684 0.15952685475349426 -0.8450129628181458
vn 0.3143843114376068 0.9407767057418823 -0.12689262628555298
vn -0.19225434958934784 0.7199814319610596 -0.6668321490287781
vn -0.16388730704784393 0.3281048834323883 -0.9303162097930908
vn -0.3431461453437805 -0.194945827126503 -0.918829083442688
vn -0.6374685764312744 -0.4224623143672943 -0.644328773021698
vn -0.19410426914691925 0.9229506254196167 -0.332394003868103
vn 0.002850612159818411 0.3121102452278137 -0.950041651725769
vn -0.6682555675506592 -0.23733770847320557 -0.7050569653511047
vn -0.2977617681026459 0.16405165195465088 -0.9404387474060059
vn -0.6618699431419373 -0.4475681483745575 -0.6013410091400146
vn 0.4288397431373596 0.8874650001525879 -0.1688264012336731
vn 0 -1 0
vn 0 1 0
vn 0 -1 0
vn -0.6060822010040283 -0.19710573554039001 -0.7705930471420288
vn 0.6700648665428162 0.7302060127258301 -0.13346266746520996
vn 0 -0 0
vn 0 -0 0
vn -0.663945198059082 -0.51247638463974 -0.5445592403411865
vn 0.2534759044647217 0.9264296889305115 0.2783489227294922
vn 0.3162495493888855 0.9484264254570007 0.021763373166322708
vn 0 1 0
vn 0 -0 0
vn 0 1 0
vn 0 -1 0
vn 0.7239332795143127 0.6767816543579102 -0.1337434947490692
vn -0.18291455507278442 -0.9828120470046997 0.024955829605460167
vn -0.003051811596378684 -0.9941237568855286 0.10820659250020981
vn 0.09708430618047714 -0.9900919795036316 0.10145209729671478
vn -0.023214254528284073 -0.9996055364608765 0.015806982293725014
vn -0.29043838381767273 -0.955400824546814 0.05343079939484596
vn 0.8668696284294128 0.4857967793941498 -0.1119757741689682
vn -0.2799549698829651 -0.9588824510574341 0.04657957702875137
vn -0.17747828364372253 -0.9766842126846313 0.12078654021024704
vn -0.2506335377693176 -0.968061089515686 -0.006375400349497795
vn 0.9822788238525391 0.14427238702774048 -0.11964046210050583
vn 0.9393301606178284 0.32169559597969055 -0.11904138326644897
vn -0.6292056441307068 -0.7771550416946411 0.011420977301895618
vn -0.5394880175590515 -0.8338704705238342 0.1166732981801033
vn -0.3911253809928894 -0.9025257229804993 0.18018989264965057
vn -0.2305922508239746 -0.9463350176811218 0.22644498944282532
vn 0.715207040309906 -0.6660856604576111 -0.2116810828447342
vn -0.19506478309631348 -0.9576706290245056 0.21169956028461456
vn -0.3286791443824768 -0.9190934300422668 0.2173416018486023
vn 0.16483737528324127 0.9574801921844482 -0.23677074909210205
vn -0.2229822725057602 0.9181816577911377 -0.3274468183517456
vn -0.5501574873924255 0.7165458798408508 -0.4288225769996643
vn -0.7344930768013 0.4958338141441345 -0.4633236825466156
vn 0.17675010859966278 0.9842479228973389 -0.003929461352527142
vn 0.29660990834236145 0.9545651078224182 -0.02877824567258358
vn -0.9423754811286926 0.10030563920736313 -0.3191666007041931
vn 0.2280460149049759 0.9683229923248291 -0.10171358287334442
vn 0.19431577622890472 0.9701886773109436 -0.14482899010181427
vn 0.3849804401397705 0.9092132449150085 -0.1584971398115158
vn 0.5449888706207275 0.8050304651260376 -0.23433557152748108
vn 0.4357101023197174 0.8272595405578613 -0.35468074679374695
vn -0.8830269575119019 0.16810742020606995 -0.4381817877292633
vn -0.8329898715019226 -0.1539379358291626 -0.531442403793335
vn 0.5719338059425354 0.7102424502372742 -0.41042360663414
vn 0.4055040776729584 0.8961213827133179 -0.18036898970603943
vn -0.7935697436332703 -0.3897515833377838 -0.46726951003074646
vn 0.45371147990226746 0.8272771835327148 -0.33129817247390747
vn 0.30090200901031494 0.9049122333526611 -0.30098485946655273
vn -0.7441235184669495 -0.5041772127151489 -0.4382757544517517
vn 0.43691936135292053 0.8641557097434998 -0.2496727705001831
vn -0.7205341458320618 -0.5190954208374023 -0.4597504436969757
vn 0 -0 0
vn 0.4181070625782013 0.872188925743103 -0.2539152503013611
vn 0.6038469076156616 0.7278330326080322 -0.3250046372413635
vn 0.8197352290153503 0.46108704805374146 -0.3397543430328369
vn 0.3573746085166931 0.8985358476638794 -0.25478777289390564
vn 0.06929930299520493 0.9853411912918091 -0.15588603913784027
vn 0.45851805806159973 0.8742440938949585 -0.1595572978258133
vn 0.5984234809875488 0.7841652035713196 -0.1642385870218277
vn 0.41500911116600037 0.8826516270637512 -0.22066630423069
vn 0 -0 0
vn -0.5673781633377075 -0.7608832716941833 -0.314862996339798
vn -0.23170000314712524 -0.9582408666610718 -0.1675993949174881
vn -0.23757079243659973 -0.9693305492401123 0.06291617453098297
vn -0.4255833625793457 -0.9049189686775208 0.0006960369646549225
vn -0.21682709455490112 -0.9561811685562134 0.19673258066177368
vn 0.9949037432670593 0.006930799223482609 -0.10059067606925964
vn 0.9815024733543396 -0.1391364187002182 -0.13150668144226074
vn -0.14565707743167877 -0.9780907034873962 0.14873674511909485
vn 0.01610627956688404 0.9732189178466797 -0.22931545972824097
vn 0.30977746844291687 0.9492111206054688 -0.055101096630096436
vn 0.4039241373538971 0.9113407731056213 0.07939375191926956
vn -0.9073929786682129 0.08236157149076462 -0.41213423013687134
vn -0.8618054389953613 0.3883597254753113 -0.3262946903705597
vn -0.8220940828323364 0.49344608187675476 -0.28402867913246155
vn -0.8341267704963684 0.45466965436935425 -0.3122629225254059
vn 0.5268551707267761 0.7851748466491699 -0.32545989751815796
vn 0.276846319437027 0.8902778029441833 -0.36160966753959656
vn 0.5489234328269958 0.7894718050956726 -0.27462226152420044
vn 0 -0 0
vn 0.761904776096344 0.523809552192688 -0.380952388048172
vn 0 -0 0
vn -0.761904776096344 -0.523809552192688 0.380952388048172
vn -0.9394659996032715 -0.20425835251808167 -0.2751038670539856
vn -0.8294334411621094 -0.4661371111869812 -0.3078252673149109
vn 0.5108746290206909 0.7713454365730286 -0.37951722741127014
vn 0 -0 0
vn 0 -0 0
vn 0 -0 0
vn 0 -0 0
vn 0 -0 0
vn 0 1 0
vn 0 -0 0
vn 0 1 0
vn 0 -0 0
vn 0 -0 0
vn 0 -0 0
vn 0 -1 0
vn 0 -0 0
vn 0 -0 0
vn 0 -0 0
vn 0 1 0
vn 0 1 0
vn 0 -0 0
vn 0 1 0
vn 0 -0 0
vn -0.7782384753227234 -0.536646842956543 -0.3261212408542633
vn 0.48337432742118835 0.8295038938522339 -0.27977254986763
vn 0 -0 0
vn -0.734740674495697 -0.5915715098381042 -0.33196285367012024
vn 0.4519355595111847 0.6694832444190979 -0.5895307660102844
vn -0.17058905959129333 -0.980722188949585 0.09530720114707947
vn -0.32993748784065247 -0.9409614205360413 -0.07571624219417572
vn 0.09076964855194092 -0.9908028244972229 0.10035284608602524
vn -0.16771452128887177 -0.9784905910491943 0.12011681497097015
vn -0.3012476861476898 -0.9481853246688843 0.10096760839223862
vn -0.3409309387207031 -0.9206650257110596 0.19011063873767853
vn -0.5415580868721008 -0.8330399990081787 0.11295665800571442
vn -0.6096133589744568 -0.7802684307098389 0.13983111083507538
vn 0.9252612590789795 -0.315411239862442 -0.2107304483652115
vn 0.8562841415405273 -0.45583900809288025 -0.24287526309490204
vn -0.4305538535118103 -0.8807263374328613 0.19734394550323486
vn 0.08050242811441422 -0.9967359900474548 -0.006062888074666262
vn 0.20824241638183594 -0.9757027626037598 -0.06811225414276123
vn -0.08294153213500977 -0.994674801826477 0.06117827445268631
vn -0.45159029960632324 0.8260529041290283 -0.3371984362602234
vn 0.2301488071680069 0.9609725475311279 -0.15350353717803955
vn -0.6988406181335449 0.6334571242332458 -0.3321956694126129
vn 0.43009012937545776 0.8997920751571655 0.07346262782812119
vn 0.3648628890514374 0.929364800453186 -0.05617954209446907
vn -0.8220245838165283 0.41734400391578674 -0.3874269127845764
vn 0.18110933899879456 0.9834575057029724 0.0032839407213032246
vn 0.24147149920463562 0.9661095142364502 -0.09123553335666656
vn 0.28231215476989746 0.9520128965377808 -0.11820020526647568
vn 0.5032815337181091 0.8603026866912842 -0.08116096258163452
vn 0.5121164917945862 0.8373785614967346 -0.1911386102437973
vn -0.963860809803009 0.20657196640968323 -0.16822724044322968
vn 0.34835636615753174 0.9120190143585205 -0.21649302542209625
vn 0.15752319991588593 0.9694098830223083 -0.18823125958442688
vn 0.14055989682674408 0.9527833461761475 -0.2691594958305359
vn 0.3094686269760132 0.9382979869842529 -0.15435712039470673
vn -0.9776571989059448 -0.18094223737716675 -0.1069876030087471
vn 0.4992774724960327 0.8553218245506287 -0.13837146759033203
vn 0 -0 0
vn 0 1 0
vn 0 -0 0
vn 0 -0 0
vn 0.4216962158679962 0.8751749992370605 -0.2371518611907959
vn 0 1 0
vn 0 1 0
vn 0 -0 0
vn 0.538284182548523 0.7391495704650879 -0.4048555791378021
vn 0 1 0
vn -0.6738430857658386 -0.724168062210083 -0.14668361842632294
vn -0.548194169998169 -0.8262404799461365 -0.12965312600135803
vn 0.7483807802200317 0.6563949584960938 -0.09524606168270111
vn 0.15663482248783112 -0.9789911508560181 0.1305444836616516
vn -0.13128605484962463 -0.9656651616096497 0.22417575120925903
vn -0.2627065181732178 -0.9547387361526489 0.13949620723724365
vn -0.4784931540489197 -0.8710566759109497 0.11092618852853775
vn -0.41521042585372925 -0.8932782411575317 0.17220450937747955
vn 0.9873814582824707 0.09612219035625458 -0.12585090100765228
vn -0.3695817291736603 -0.9195354580879211 0.1336558312177658
vn -0.9696305394172668 0.07963499426841736 -0.23124665021896362
vn 0.31800687313079834 0.9449374079704285 0.07723305374383926
vn -0.9219104051589966 0.3092619478702545 -0.2333199679851532
vn -0.9745051264762878 0.03714590147137642 -0.2212689071893692
vn 0.3650263249874115 0.9309762120246887 -0.0062516494654119015
vn -0.9034223556518555 0.4035947024822235 -0.14470453560352325
vn 0.46513575315475464 0.8804494738578796 0.09196466207504272
vn 0.3709125816822052 0.9250168204307556 0.0822659432888031
vn 0.48027318716049194 0.8529768586158752 -0.20437248051166534
vn -0.8739230036735535 -0.45874711871147156 -0.1606539487838745
vn 0 1 0
vn 0 1 0
vn 0.5929232239723206 0.7722731232643127 -0.22811469435691833
vn -0.7888227105140686 -0.5963014364242554 -0.14894115924835205
vn 0.8153733611106873 0.5788347721099854 -0.010797333903610706
vn -0.23617160320281982 -0.9531810879707336 0.18886183202266693
vn 0.8811131119728088 0.47289350628852844 -0.003390725702047348
vn -0.26271435618400574 -0.9554860591888428 0.13426679372787476
vn -0.3074531555175781 -0.937620222568512 0.1622992753982544
vn 0.9922336339950562 -0.10532700270414352 -0.06617099046707153
vn 0.9537975192070007 -0.27104341983795166 -0.12963710725307465
vn -0.45987725257873535 -0.8733159303665161 0.16072385013103485
vn 0.7961212396621704 -0.5713269114494324 -0.19944073259830475
vn -0.20535479485988617 -0.9555383920669556 0.21160300076007843
vn 0.5028764605522156 -0.8513633608818054 -0.1493174284696579
vn -0.16457492113113403 -0.9785711169242859 0.12374871224164963
vn 0.04937131702899933 0.9955914616584778 -0.079750195145607
vn -0.24739296734333038 0.9536657333374023 -0.17122650146484375
vn -0.5665802359580994 0.8059453964233398 -0.17157796025276184
vn 0.4454890787601471 0.8925574421882629 0.06986168771982193
vn 0.41121557354927063 0.8983023762702942 0.15477292239665985
vn 0.12435232102870941 0.9891198873519897 -0.07860271632671356
vn 0.32968488335609436 0.9381484985351562 -0.1057606041431427
vn 0.4824120104312897 0.8755525350570679 0.026200251653790474
vn 0.4206668436527252 0.9068439602851868 -0.025951242074370384
vn -0.9571444392204285 0.2859131395816803 -0.046132221817970276
vn 0.5064639449119568 0.8620020151138306 0.021138114854693413
vn 0.20293214917182922 0.9789103865623474 -0.023516476154327393
vn -0.9984638094902039 0.006019067019224167 -0.05508056655526161
vn 0.5909218788146973 0.7633680701255798 0.2609226405620575
vn 0.17780625820159912 0.9445912837982178 0.2759208679199219
vn 0.49800893664360046 0.8568993210792542 -0.13308167457580566
vn 0.6831433176994324 0.7295151352882385 -0.03350866213440895
vn -0.7076205015182495 -0.706000030040741 -0.02893533743917942
vn -0.5235828161239624 -0.850085973739624 0.05669918283820152
vn 0.16126497089862823 -0.973889172077179 0.1597919762134552
vn -0.20565864443778992 -0.9705179929733276 0.12569546699523926
vn -0.2806072235107422 -0.9379798173904419 0.20360136032104492
vn 0.9143270254135132 0.39722463488578796 -0.0788583979010582
vn -0.17581726610660553 -0.956825852394104 0.23145772516727448
vn -0.2520371377468109 -0.9454006552696228 0.20662760734558105
vn 0.9735857248306274 0.20471657812595367 -0.10110362619161606
vn -0.46278324723243713 -0.8759172558784485 0.13638436794281006
vn 0.9961444139480591 0.06745331734418869 -0.05609295889735222
vn -0.550428032875061 -0.8277612924575806 0.10881298780441284
vn -0.566446840763092 -0.8114116191864014 0.14404526352882385
vn -0.3426152765750885 -0.9226110577583313 0.17721110582351685
vn -0.2179558128118515 -0.9517307877540588 0.2161104530096054
vn 0.26311856508255005 0.963865339756012 -0.04162043705582619
vn 0.5368525385856628 0.8191238641738892 0.2020527869462967
vn -0.7792644500732422 0.608071506023407 -0.15164422988891602
vn -0.9024104475975037 0.4017568528652191 -0.15571396052837372
vn 0.27526068687438965 0.9580497741699219 0.0798267051577568
vn 0.10841307789087296 0.9911559224128723 -0.07652866840362549
vn 0.1426236927509308 0.9886897206306458 -0.04638011381030083
vn 0.20822851359844208 0.9749547243118286 -0.07812970876693726
vn 0.23847068846225739 0.9631447196006775 -0.12443500012159348
vn 0.2742052972316742 0.9615274667739868 -0.016625719144940376
vn 0.4820295572280884 0.8738794326782227 0.06310595571994781
vn -0.929016649723053 0.3640548586845398 -0.06627357751131058
vn 0.25282883644104004 0.9674263000488281 -0.012805628590285778
vn 0.6240184903144836 0.7685415744781494 0.14122654497623444
vn -0.9794377684593201 -0.17960800230503082 -0.09188373386859894
vn 0.3511236906051636 0.9359318614006042 0.027271775528788567
vn 0 -0 0
vn 0.14296841621398926 -0.956019937992096 0.25609758496284485
vn 0 -0 0
vn -0.14296841621398926 0.956019937992096 -0.25609758496284485
vn 0.42218977212905884 0.9040899276733398 -0.066160649061203
vn -0.9205484986305237 -0.3734844923019409 -0.11445461958646774
vn -0.8513860106468201 -0.5130110383033752 -0.10936879366636276
vn -0.1096525713801384 -0.9813657999038696 0.1577892005443573
vn -0.022468239068984985 -0.9731950163841248 0.2288813441991806
vn -0.2724795341491699 -0.9412908554077148 0.19931507110595703
vn -0.22772471606731415 -0.9293630719184875 0.29056110978126526
vn -0.2557128965854645 -0.9193564057350159 0.2989894449710846
vn -0.30575403571128845 -0.9414207935333252 0.14227262139320374
vn -0.34486591815948486 -0.9302244186401367 0.12549921870231628
vn -0.3973313570022583 -0.8999335765838623 0.17957565188407898
vn -0.2620210647583008 -0.9449154734611511 0.19616250693798065
vn 0.4713364243507385 -0.8789687752723694 -0.07249753922224045
vn -0.2864793539047241 -0.9421736001968384 0.1738923341035843
vn -0.08325186371803284 -0.9948536157608032 0.05775342881679535
vn -0.15296214818954468 0.9881772398948669 0.01040748879313469
vn -0.41738161444664 0.9086757302284241 -0.0100523317232728
vn -0.6520962119102478 0.7570440173149109 -0.040681734681129456
vn 0.3583848178386688 0.9306106567382812 0.07432495802640915
vn 0.4714981019496918 0.8641501069068909 0.1758810132741928
vn -0.9845184683799744 -0.052546437829732895 -0.16721923649311066
vn -0.9736377596855164 0.16796237230300903 -0.15433137118816376
vn -0.9745727777481079 0.2115136682987213 -0.07395893335342407
vn -0.9938912391662598 0.0742848739027977 -0.08162154257297516
vn 0.030104869976639748 0.9778165221214294 0.2072887420654297
vn 0.09010284394025803 0.9886893630027771 0.11989542841911316
vn 0.4263281226158142 0.8997724652290344 0.09302587807178497
vn 0.7492263913154602 0.6608437895774841 -0.04410633444786072
vn 0 -0 0
vn 0.3083464801311493 0.9508844614028931 0.027225563302636147
vn 0.49474209547042847 0.8686279058456421 -0.026756713166832924
vn 0.5751101970672607 0.8180680871009827 -0.003598110983148217
vn -0.7670993804931641 -0.6392316222190857 -0.054235558956861496
vn 0.7700433731079102 0.6360352039337158 0.049924373626708984
vn 0.8280541896820068 0.5569633841514587 0.06417331844568253
vn -0.20294307172298431 -0.9533377885818481 0.22351990640163422
vn -0.15971344709396362 -0.9535766243934631 0.25531014800071716
vn -0.31313997507095337 -0.936618447303772 0.15712827444076538
vn 0.9659305810928345 0.25864940881729126 0.008863616734743118
vn 0.98725426197052 0.1452278196811676 -0.0650993064045906
vn -0.4754302501678467 -0.8759461045265198 0.08175913989543915
vn -0.39075714349746704 -0.9128198027610779 0.11861277371644974
vn 0.8265120387077332 -0.5601016879081726 -0.056249186396598816
vn 0.7003742456436157 -0.7081515789031982 0.08942797780036926
vn 0.053471703082323074 -0.9978860020637512 0.03693694993853569
vn 0.08991032093763351 0.9951028823852539 0.04106598719954491
vn 0.5109837055206299 0.8467909097671509 0.14778658747673035
vn -0.8033859729766846 0.5943563580513 -0.0362149141728878
vn -0.9413427710533142 0.33521538972854614 -0.03878709673881531
vn -0.9793939590454102 0.13597939908504486 -0.1493223011493683
vn 0.09752649068832397 0.9921792149543762 -0.0779043510556221
vn 0.16730433702468872 0.978227972984314 -0.12279777228832245
vn 0.2569440007209778 0.9580644965171814 -0.12685541808605194
vn 0.3617389500141144 0.9312180876731873 -0.044473130255937576
vn 0.3465729057788849 0.9380197525024414 -0.0024809865280985832
vn 0.4978066682815552 0.867250382900238 0.008085823617875576
vn -0.9352121353149414 0.345702201128006 -0.07660514116287231
vn 0.3400750160217285 0.9361324906349182 0.08947082608938217
vn -0.9611246585845947 0.2712475657463074 -0.05161681026220322
vn 0.6177627444267273 0.7796587347984314 -0.10247693210840225
vn 0.1842443346977234 0.981472373008728 -0.052593693137168884
vn 0 -0 0
vn -0.24570684134960175 0.7198116183280945 0.649229884147644
vn 0 -0 0
vn 0.24570684134960175 -0.7198116183280945 -0.649229884147644
vn 0 -0 0
vn 0 -0 0
vn 0 -0 0
vn 0 -0 0
vn -0.6585935950279236 -0.7518233060836792 0.03187764436006546
vn -0.5193729996681213 -0.8475444316864014 0.10917988419532776
vn 0 -0 0
vn -0.1409102827310562 -0.9547362327575684 0.26196005940437317
vn -0.015637539327144623 -0.978929340839386 0.2035996913909912
vn 0.007056747563183308 -0.9861939549446106 0.16544409096240997
vn 0.09335532039403915 -0.9817390441894531 0.16575069725513458
vn -0.246593177318573 -0.9253939986228943 0.2878156006336212
vn -0.42198464274406433 -0.9029605984687805 0.08118602633476257
vn -0.2812708914279938 -0.9586564302444458 0.04318104684352875
vn 0.9257119297981262 -0.37127044796943665 0.07222035527229309
vn -0.21251210570335388 -0.9548696875572205 0.20751525461673737
vn -0.19911392033100128 -0.967587411403656 0.15533296763896942
vn -0.527259886264801 0.847727358341217 0.057926177978515625
vn -0.9933163523674011 0.05338684841990471 -0.10233501344919205
vn 0.42588329315185547 0.9047746062278748 0.002535541309043765
vn 0.42106637358665466 0.8986829519271851 -0.12276877462863922
vn 0 -0 0
vn 0.6872565746307373 0.7232640981674194 0.06758347898721695
vn 0 -0 0
vn -0.4047717750072479 -0.8995232582092285 0.16437095403671265
vn -0.2389945238828659 -0.9328599572181702 0.2695440948009491
vn -0.01648520864546299 -0.9725914001464844 0.23193587362766266
vn -0.10107879340648651 -0.9673020243644714 0.23261553049087524
vn 0.8888486623764038 0.4464745819568634 0.10299818217754364
vn 0.929102897644043 0.3500814139842987 0.11920905113220215
vn -0.32275721430778503 -0.9422419667243958 0.08948696404695511
vn -0.3444565236568451 -0.9360005259513855 0.07247616350650787
vn -0.3433649241924286 -0.9283103346824646 0.14262022078037262
vn 0.9802353978157043 0.15626166760921478 0.12132954597473145
vn 0.996244490146637 -0.03601260855793953 0.07873976975679398
vn 0.9838752746582031 -0.15981975197792053 0.08029424399137497
vn -0.4049903452396393 -0.9142435789108276 0.011895623058080673
vn -0.09650292247533798 -0.9873338341712952 0.12593288719654083
vn -0.1509997546672821 -0.9863526225090027 0.06563256680965424
vn 0.4250743091106415 -0.8917999863624573 0.15493419766426086
vn 0.00028945738449692726 0.9922814965248108 0.12400544434785843
vn -0.22291219234466553 0.9702268838882446 0.09471031278371811
vn 0.46520867943763733 0.8615981340408325 0.20305074751377106
vn 0.3182314336299896 0.9472050666809082 0.039133451879024506
vn -0.9982797503471375 -0.012747857719659805 -0.057228442281484604
vn 0.39244794845581055 0.9184445738792419 -0.04943951591849327
vn 0.14344637095928192 0.9854231476783752 -0.09145727008581161
vn 0.24793174862861633 0.9665352702140808 -0.06587442010641098
vn 0.22104966640472412 0.9739925265312195 0.049756769090890884
vn -0.9635802507400513 0.24262984097003937 -0.11244484782218933
vn 0.5310980081558228 0.8471082448959351 -0.01851044036448002
vn -0.9625689387321472 -0.25298890471458435 -0.09725036472082138
vn 0.3191244602203369 0.9475911259651184 -0.015187149867415428
vn 0.4544636905193329 0.8905513882637024 0.019518950954079628
vn -0.7848698496818542 -0.6183848977088928 -0.039743851870298386
vn -0.08491154760122299 -0.9776515960693359 0.19232125580310822
vn 0.00038425691309385 -0.9797638654708862 0.20015659928321838
vn -0.25231802463531494 -0.9593639969825745 0.12631864845752716
vn -0.5906638503074646 -0.7971667051315308 0.12506599724292755
vn -0.5915401577949524 -0.8027294278144836 0.07553631067276001
vn -0.007416663225740194 -0.9998164772987366 0.01766205206513405
vn 0.7097402215003967 -0.6516989469528198 0.2675021290779114
vn -0.3261203169822693 -0.9327496290206909 0.15369997918605804
vn 0.06764417886734009 -0.9649386405944824 0.2536095082759857
vn 0.2191607505083084 0.9623302221298218 0.16090087592601776
vn -0.3381290137767792 0.9360037446022034 0.09780462086200714
vn -0.6834571361541748 0.7289456129074097 0.039047230035066605
vn -0.8142601847648621 0.5789608359336853 0.04224527254700661
vn 0.12302540242671967 0.9903460144996643 -0.06387244164943695
vn 0.08537166565656662 0.9892760515213013 -0.11851013451814651
vn -0.9918631911277771 0.12644770741462708 0.014780041761696339
vn 0.13687986135482788 0.9895791411399841 -0.044688671827316284
vn -0.9826878905296326 0.1502380073070526 -0.10841191560029984
vn 0.30698728561401367 0.9516717195510864 -0.008938761427998543
vn -0.9540784955024719 0.2851111888885498 -0.09190178662538528
vn 0.3929177224636078 0.9172905087471008 -0.06475978344678879
vn 0.5600086450576782 0.8188404440879822 -0.12605838477611542
vn 0.4385324716567993 0.8986925482749939 -0.006407224107533693
vn 0.4962380826473236 0.8680123686790466 -0.0173883605748415
vn 0.36025556921958923 0.9314311146736145 0.051498133689165115
vn -0.8869948983192444 -0.45901045203208923 -0.050493042916059494
vn -0.20145578682422638 -0.9502084255218506 0.23773838579654694
vn 0.8229519724845886 0.5612875819206238 0.08778603374958038
vn -0.2682230472564697 -0.9469477534294128 0.17704905569553375
vn -0.3199721872806549 -0.9468245506286621 0.03378090634942055
vn 0.9328171014785767 0.33855029940605164 0.12343406677246094
vn -0.3524937331676483 -0.9329648017883301 0.07297220081090927
vn -0.547336995601654 -0.8365875482559204 0.023314569145441055
vn 0.9059358835220337 -0.36138489842414856 0.2206382304430008
vn -0.17698092758655548 -0.9820094704627991 0.06584209948778152
vn -0.3295595347881317 -0.9290639162063599 0.16802026331424713
vn 0.4109201729297638 -0.8545036315917969 0.3177550435066223
vn -0.2035847306251526 -0.9510499835014343 0.2325020730495453
vn 0.5514701008796692 0.8192605376243591 0.15714013576507568
vn 0.15146733820438385 0.9842713475227356 -0.0909261554479599
vn 0.28393998742103577 0.9587525129318237 -0.013106054626405239
vn 0.4122990667819977 0.9109706282615662 0.011918330565094948
vn 0.4724867641925812 0.8622850179672241 -0.18226607143878937
vn 0.25504785776138306 0.9463694095611572 -0.19833213090896606
vn 0.44651684165000916 0.8600924015045166 -0.24670594930648804
vn -0.9978550672531128 -0.010370609350502491 -0.0646362155675888
vn 0 -0 0
vn -0.5773503184318542 0.5773502588272095 -0.5773502588272095
vn 0 -0 0
vn 0.5773503184318542 -0.5773502588272095 0.5773502588272095
vn 0.32567092776298523 0.9454832077026367 5.525982487597503e-05
vn 0 -0 0
vn 0.5868088006973267 0.8069256544113159 0.06727857887744904
vn -0.5029785633087158 -0.8545534014701843 0.129426047205925
vn 0.7493879199028015 0.6541499495506287 0.10249706357717514
vn -0.15386003255844116 -0.9859114289283752 0.06561912596225739
vn -0.2604861855506897 -0.9570073485374451 0.1276085078716278
vn -0.008162649348378181 -0.9748148322105408 0.222866490483284
vn -0.04262815788388252 -0.965700626373291 0.25613492727279663
vn 0.7429459095001221 0.44562390446662903 0.4994504749774933
vn 0.9177084565162659 0.03354303911328316 0.3958359658718109
vn -0.2710389196872711 -0.2911231815814972 -0.9174885749816895
vn -0.45604753494262695 0.05889647826552391 0.8880044221878052
vn 0.5926400423049927 -0.3589596152305603 0.7210587859153748
vn -0.3237875699996948 -0.9447670578956604 0.050762422382831573
vn -0.2985210120677948 -0.95184326171875 0.06985460966825485
vn 0.952189028263092 0.27313950657844543 0.1368609368801117
vn -0.3638753890991211 -0.9299415349960327 0.0529477633535862
vn -0.6021174788475037 -0.7964640855789185 0.05567386373877525
vn -0.07278646528720856 -0.9958866834640503 -0.05396188050508499
vn -0.32250967621803284 -0.9464870691299438 0.012238348834216595
vn 0.2909162938594818 0.9431458711624146 0.16075970232486725
vn 0.11612749844789505 0.9804580807685852 0.15879659354686737
vn -0.09730558842420578 0.9869016408920288 0.12867344915866852
vn 0.4294983446598053 0.8935585021972656 0.1307077705860138
vn 0.5074629187583923 0.8586597442626953 0.07200615108013153
vn 0.1348363161087036 0.9876116514205933 -0.08026447147130966
vn 0.09276886284351349 0.9953456521034241 -0.026096243411302567
vn 0.34744909405708313 0.9305983781814575 -0.11517719179391861
vn 0.26843681931495667 0.962914764881134 -0.027146214619278908
vn -0.9370471239089966 0.3291400074958801 -0.11666043102741241
vn 0.5071141123771667 0.8618569374084473 -0.006167665123939514
vn 0.4515337347984314 0.8922525644302368 0.0016492496943101287
vn -0.9375486969947815 -0.34700673818588257 0.024264154955744743
vn -0.8069741725921631 -0.5858267545700073 0.07483158260583878
vn -0.6485006213188171 -0.751064658164978 0.12389072775840759
vn 0.6939384341239929 0.7128256559371948 0.10163170099258423
vn -0.3254414498806 -0.9068915247917175 0.2676483690738678
vn -0.3010944426059723 -0.9530186057090759 0.03313225135207176
vn 0.8696274161338806 0.47479042410850525 0.13535983860492706
vn -0.38427311182022095 -0.923217236995697 0.0020341130439192057
vn 0.9712226986885071 0.18374313414096832 0.15154176950454712
vn -0.5317654609680176 -0.8467554450035095 0.015190915204584599
vn 0.9862133860588074 -0.04741921275854111 0.158539280295372
vn 0.9694203734397888 -0.15702573955059052 0.188592329621315
vn -0.6109844446182251 -0.7916269302368164 0.004978649318218231
vn -0.4699822962284088 -0.8822878003120422 0.026169387623667717
vn -0.2503136396408081 -0.9625683426856995 0.10394901782274246
vn -0.14901170134544373 -0.9887979626655579 0.008609631098806858
vn -0.04070013388991356 -0.997383177280426 -0.059752386063337326
vn 0.022380050271749496 -0.972489595413208 0.23186884820461273
vn 0.17490096390247345 -0.9258512854576111 0.3349763751029968
vn -0.4548550844192505 0.8888801336288452 0.0547633059322834
vn -0.6851763129234314 0.727563738822937 0.03441539406776428
vn 0.12703153491020203 0.9842051863670349 -0.12330155819654465
vn 0.3464805781841278 0.9370960593223572 -0.04245268553495407
vn -0.8990459442138672 0.4378534257411957 0.0008900791290216148
vn -0.9896711707115173 0.13207849860191345 -0.05573427304625511
vn 0.39817824959754944 0.9163026809692383 0.04293620213866234
vn 0.202958881855011 0.978940486907959 0.021983034908771515
vn 0.3595116436481476 0.8882507085800171 -0.28594067692756653
vn 0.290822297334671 0.9394587278366089 -0.18121711909770966
vn 0.2795691192150116 0.9163209199905396 -0.2867005467414856
vn -0.9893001317977905 0.1357281506061554 -0.05350879579782486
vn 0.42711132764816284 0.9040468335151672 -0.016590891405940056
vn -0.9958141446113586 -0.09068554639816284 0.011416273191571236
vn 0.3815457820892334 0.9217303395271301 0.06954091042280197
vn 0.4783439636230469 0.872765302658081 0.09730270504951477
vn 0 -0 0
vn 0.7360169887542725 -0.2706314027309418 0.6205140948295593
vn 0 -0 0
vn -0.09059325605630875 -0.9456964135169983 0.31217172741889954
vn -0.15590953826904297 -0.9171115159988403 0.366877019405365
vn 1 0 0
vn -0.27519333362579346 -0.9613766074180603 -0.004857511259615421
vn -0.2901392877101898 -0.9569089412689209 0.012017958797514439
vn -0.43757253885269165 -0.8987684845924377 -0.027304211631417274
vn 0.9848805665969849 0.08650634437799454 0.15008975565433502
vn 0.3958790600299835 -0.8826161623001099 0.25351232290267944
vn 0.7584483623504639 -0.6114236116409302 0.22564855217933655
vn -0.1828022599220276 -0.9823887348175049 -0.03867600858211517
vn 0.30062758922576904 0.9537389278411865 -0.002270033583045006
vn -0.923989474773407 0.3467082679271698 -0.16135962307453156
vn 0.3681073486804962 0.9233973622322083 -0.10878565907478333
vn 0.37575945258140564 0.9166725873947144 -0.136074498295784
vn 0.37328842282295227 0.9264225959777832 -0.04895937442779541
vn 0.5074123740196228 0.857492983341217 0.0850791335105896
vn -0.4689946472644806 -0.8411998152732849 0.26912257075309753
vn -0.7360169887542725 0.2706314027309418 -0.6205140948295593
vn -0.10660447180271149 -0.9836326837539673 0.14526620507240295
vn -0.08058561384677887 -0.9354979991912842 0.3440195918083191
vn -0.2995101511478424 -0.9525503516197205 -0.054236434400081635
vn 0.7948353290557861 0.5882294178009033 0.14907367527484894
vn 0.9217705726623535 0.35501161217689514 0.15590326488018036
vn -0.35659220814704895 -0.934150218963623 0.01433196384459734
vn -0.5083802342414856 -0.8598177433013916 -0.04757101833820343
vn -0.569717526435852 -0.8215358257293701 -0.022379811853170395
vn 0.9365445375442505 -0.2982565760612488 0.18419407308101654
vn -0.523669421672821 -0.8517449498176575 0.017347991466522217
vn -0.09870999306440353 -0.9910455942153931 0.08991694450378418
vn 0.06394817680120468 0.9931963086128235 0.09732288122177124
vn -0.2502140700817108 0.9649916291236877 0.07863909006118774
vn -0.0635482519865036 0.9925624132156372 0.10383374243974686
vn 0.26651668548583984 0.962980329990387 -0.04046952351927757
vn 0.27694955468177795 0.9536095857620239 -0.11801622062921524
vn 0.16873671114444733 0.9835146069526672 -0.06501530110836029
vn 0.16562099754810333 0.9859200716018677 0.023050831630825996
vn 0.11605329066514969 0.9931700825691223 -0.012033169157803059
vn 0.39581459760665894 0.9168733954429626 0.05171218141913414
vn 0.3323306441307068 0.9421588778495789 0.04350907728075981
vn 0.5253151059150696 0.8453470468521118 0.0971202626824379
vn -0.9559184908866882 -0.28276699781417847 0.07913745939731598
vn 0.5390940308570862 0.8360186815261841 0.1022271066904068
vn -0.20469318330287933 -0.9779639840126038 0.04107623174786568
vn -0.2428974062204361 -0.9615083932876587 0.12846221029758453
vn 0.9681483507156372 0.211395263671875 0.13416741788387299
vn -0.4159957468509674 -0.9089506268501282 -0.02750273235142231
vn -0.4530183672904968 -0.8910938501358032 -0.026947572827339172
vn 0.17840638756752014 -0.9812353849411011 0.0731322169303894
vn -0.05688783898949623 -0.998320996761322 0.010911332443356514
vn 0.21895655989646912 0.9741612076759338 0.05539075285196304
vn 0.22037941217422485 0.9701473712921143 -0.1012277603149414
vn -0.7659576535224915 0.6353693604469299 -0.09805373102426529
vn 0.17199739813804626 0.984520435333252 -0.03371197730302811
vn -0.9503799676895142 0.28946003317832947 -0.11397735029459
vn 0.3814432621002197 0.9224908947944641 0.059258971363306046
vn 0 -0 0
vn 0 -0 0
vn -0.12403474003076553 -0.9922779202461243 0
vn 0.12403474003076553 0.9922779202461243 0
vn 0.43092185258865356 0.8990417718887329 0.07765479385852814
vn 0 -0 0
vn 0 1 0
vn 0 -1 0
vn 0 -0 0
vn 0 -0 0
vn 0 -0 0
vn 0 -0 0
vn 0 -0 0
vn -0.7997484803199768 -0.5795409679412842 0.15663562715053558
vn -0.8851988911628723 -0.44826534390449524 0.1244230642914772
vn 0.4336628019809723 0.8952174186706543 0.10257897526025772
vn 0.3628925085067749 0.9289581775665283 0.07311421632766724
vn -0.6741634011268616 -0.7090219855308533 0.20686134696006775
vn -0.469940185546875 -0.8421797752380371 0.26436638832092285
vn -0.2854839861392975 -0.8860870599746704 0.3651694059371948
vn 0.648617684841156 0.7551403641700745 0.09517405182123184
vn -0.1538078337907791 -0.9288382530212402 0.33705005049705505
vn 0.7411218881607056 0.6580065488815308 0.13328850269317627
vn -0.16539639234542847 -0.9570410847663879 0.23815204203128815
vn -0.15109685063362122 -0.9356484413146973 0.3189542889595032
vn -0.31652384996414185 -0.9481697082519531 -0.02805272676050663
vn -0.22165632247924805 -0.9749212861061096 -0.019925354048609734
vn -0.3039900064468384 -0.9522725343704224 0.02769818715751171
vn -0.49876025319099426 -0.8663299679756165 0.02666049264371395
vn -0.3786167800426483 -0.9245079755783081 0.0439813993871212
vn 0.9069095253944397 -0.42037874460220337 0.02822868525981903
vn 0.570970892906189 -0.8197219967842102 0.045257821679115295
vn -0.1640021800994873 -0.9829805493354797 -0.0827803835272789
vn -0.1114334836602211 -0.993554949760437 -0.020767388865351677
vn -0.2836476266384125 -0.9587885141372681 -0.016390472650527954
vn 0.16611255705356598 0.9860370755195618 -0.011726513504981995
vn -0.5218081474304199 0.8503930568695068 -0.06743908673524857
vn -0.8847495913505554 0.431500643491745 -0.17614039778709412
vn 0.29096758365631104 0.9550487399101257 0.05674318969249725
vn -0.9583572745323181 0.18741947412490845 -0.21546533703804016
vn -0.9506411552429199 0.20203101634979248 -0.23550990223884583
vn 0.24951434135437012 0.9678688645362854 0.031184963881969452
vn -0.9942263960838318 0.0991833433508873 -0.040946099907159805
vn 0 -0 0
vn 0 -0 0
vn 0 -0 0
vn 0.38422489166259766 0.9220069050788879 0.0476919487118721
vn 0.4574740529060364 0.8836965560913086 0.09898480027914047
vn -0.341828316450119 -0.9397512078285217 -0.004590844269841909
vn -0.2325831651687622 -0.9724957346916199 -0.012537078000605106
vn 0.99369215965271 0.06465408205986023 0.09162864089012146
vn -0.5797119140625 -0.814615786075592 -0.01831177994608879
vn 0.9870478510856628 -0.13980604708194733 0.078682079911232
vn 0.7582884430885315 -0.6460311412811279 -0.087420754134655
vn -0.028245525434613228 -0.9951646327972412 -0.09407232701778412
vn 0.25497904419898987 -0.9637015461921692 -0.07915221154689789
vn -0.336229532957077 0.941772997379303 0.0036612742114812136
vn 0.2040034532546997 0.9767662882804871 -0.06565270572900772
vn -0.9457197189331055 0.2541015148162842 -0.2025996744632721
vn 0.3402828276157379 0.937267005443573 0.07575074583292007
vn 0.37417343258857727 0.9145597815513611 0.15354034304618835
vn 0 -0 0
vn 0 -0 0
vn 0 -0 0
vn 0 -0 0
vn 0.5726642608642578 0.3719305098056793 -0.730563759803772
vn 0.07902844250202179 -0.9623223543167114 -0.26017361879348755
vn -0.10811106115579605 -0.6550502777099609 -0.7478109002113342
vn 0 -0 0
vn 0.4680001735687256 0.864108145236969 0.1851838082075119
vn 0.48514169454574585 0.860156238079071 0.1573811173439026
vn 0.49786078929901123 0.8662611246109009 0.04154883697628975
vn -0.21666264533996582 -0.9252119660377502 0.31151267886161804
vn -0.3014872372150421 -0.9105942249298096 0.28270766139030457
vn -0.2114333063364029 -0.9511924982070923 0.2247861921787262
vn -0.2832992672920227 -0.9436298608779907 0.17118501663208008
vn 0.8014647960662842 0.5844813585281372 0.12663264572620392
vn 0.8702102303504944 0.47590649127960205 0.12746451795101166
vn -0.2577378451824188 -0.9660828113555908 -0.015978502109646797
vn -0.339835524559021 -0.9404596090316772 0.006899209227412939
vn -0.595789909362793 -0.8010451793670654 0.05797404795885086
vn -0.5586644411087036 -0.8293058276176453 0.012082871049642563
vn 0.8765931129455566 -0.4672284424304962 -0.11524809151887894
vn 0.5023394227027893 -0.8510569334030151 -0.15283089876174927
vn 0.15736760199069977 -0.9711498618125916 -0.17917440831661224
vn -0.10409347712993622 0.9943470358848572 0.020942004397511482
vn -0.6546947360038757 0.7345800995826721 -0.17823274433612823
vn 0.22736236453056335 0.9733225107192993 -0.030816758051514626
vn 0.17354734241962433 0.9847598671913147 -0.011376187205314636
vn -0.8933365345001221 0.3757633864879608 -0.2464788556098938
vn -0.9534128308296204 0.17503389716148376 -0.24569714069366455
vn 0.3581817150115967 0.9307389259338379 0.07369478791952133
vn -0.9756671786308289 0.18633069097995758 -0.11556137353181839
vn 0.375222772359848 0.9140788912773132 0.15384286642074585
vn -0.7599794864654541 0.18245527148246765 -0.6238119006156921
vn 0.9173291325569153 0.22721172869205475 -0.3269282579421997
vn 0.28170421719551086 -0.6107820868492126 -0.7399919033050537
vn -0.36803963780403137 0.8673973679542542 0.33491596579551697
vn -0.2778128981590271 0.9546805620193481 0.10679421573877335
vn -0.7656510472297668 -0.2606595754623413 -0.5880774855613708
vn 0 -0 0
vn -0.04504026845097542 -0.8524607419967651 0.5208473801612854
vn 0.34923574328422546 0.9367834329605103 0.021708082407712936
vn -0.5903687477111816 -0.7682784795761108 0.24741266667842865
vn -0.22573566436767578 -0.9444258809089661 0.23896276950836182
vn -0.38471704721450806 -0.8776115775108337 0.28599077463150024
vn 0.6721758246421814 0.7403904795646667 0.0013116514310240746
vn 0.7622278928756714 0.6429101824760437 0.0753341093659401
vn -0.3506537973880768 -0.9335248470306396 0.07465516030788422
vn -0.34848764538764954 -0.9239611029624939 0.15764611959457397
vn 0 -0 0
vn 0 1 0
vn 0 -0 0
vn 0 -0 0
vn 0 -1 0
vn -0.40092960000038147 -0.9160548448562622 -0.009950600564479828
vn 0.9716898798942566 0.2134895771741867 0.10119760781526566
vn -0.43513748049736023 -0.8986881971359253 0.05490889772772789
vn 0.9996160268783569 -0.024727273732423782 -0.012505827471613884
vn 0.9775620102882385 -0.19359725713729858 -0.08302174508571625
vn -0.44602975249290466 -0.8946967124938965 -0.023985495790839195
vn 0.8730400800704956 -0.4483061730861664 -0.19189222157001495
vn -0.15385764837265015 -0.9748925566673279 -0.16097305715084076
vn -0.06789935380220413 -0.9803686738014221 -0.18511341512203217
vn 0.11308889836072922 0.9911987781524658 -0.06881791353225708
vn -0.2395705133676529 0.9662461876869202 -0.09473264217376709
vn -0.9699410796165466 0.1033291295170784 -0.22031228244304657
vn 0.4118580222129822 0.9041706323623657 0.11335088312625885
vn -0.030552292242646217 0.9966995716094971 -0.07521016150712967
vn 0.6638607382774353 -0.10811067372560501 -0.7400007843971252
vn -0.7809751629829407 0.18356357514858246 -0.5969775915145874
vn -0.028171055018901825 -0.8481515645980835 -0.5290040969848633
vn -0.9691972732543945 -0.24495325982570648 -0.025584353134036064
vn -0.2401254028081894 0.8530982732772827 0.4632095694541931
vn -0.9773252010345459 -0.19267065823078156 0.08782663941383362
vn 0.4223262071609497 0.9016191363334656 0.09340042620897293
vn -0.9024726152420044 -0.39378923177719116 0.17456595599651337
vn 0 -0 0
vn 0.8514780402183533 0.5240300893783569 0.019435521215200424
vn 0 -0 0
vn 0 -0 0
vn 0 -0 0
vn 0 -0 0
vn -0.2587950825691223 -0.9658992886543274 0.007985783740878105
vn 0.9372216463088989 0.32180255651474 0.13438329100608826
vn 0.9401363134384155 0.30089324712753296 0.1600218117237091
vn -0.3947867453098297 -0.9186766147613525 0.013292517513036728
vn 0.9847561717033386 0.173049196600914 0.017588770017027855
vn 0.9895049333572388 -0.06489819288253784 -0.12910570204257965
vn -0.24723397195339203 -0.9567347764968872 -0.15340787172317505
vn -0.34042295813560486 -0.9333913326263428 -0.11354687809944153
vn 0.046844471246004105 0.9988167881965637 -0.013062333688139915
vn 0.20672982931137085 0.974077045917511 -0.09185218065977097
vn -0.4354788064956665 0.8827532529830933 -0.17636607587337494
vn -0.6949818134307861 0.6703314781188965 -0.2601076066493988
vn 0.2527313828468323 0.9657803177833557 0.058268334716558456
vn 0.37769484519958496 0.9222787022590637 0.08215011656284332
vn 0.25255805253982544 0.9675163626670837 0.011254278011620045
vn 0.4123648703098297 0.9005406498908997 0.13777457177639008
vn 0.7027402520179749 0.7046191096305847 0.09832663834095001
vn -0.7713788747787476 0.6363115310668945 -0.009075787849724293
vn -0.5970537662506104 0.781715452671051 -0.1801326721906662
vn 0.20671053230762482 0.25861114263534546 -0.943605363368988
vn 0.43078193068504333 0.8922136425971985 0.13557922840118408
vn 0.6739373803138733 -0.32068100571632385 -0.6655614972114563
vn 0.9630860686302185 -0.18456287682056427 -0.1959637999534607
vn 0.8781459331512451 -0.11773582547903061 -0.46367883682250977
vn -0.5253039598464966 0.8504632115364075 -0.02771538496017456
vn -0.9984776377677917 -0.047859564423561096 0.027419714257121086
vn 0.23425151407718658 -0.6683636903762817 -0.705985963344574
vn 0.4619845151901245 0.8668676018714905 0.18737922608852386
vn 0.6015343070030212 -0.7078306078910828 -0.3703138530254364
vn -0.505041241645813 -0.8607975840568542 -0.06293561309576035
vn -0.5405973196029663 -0.794107973575592 -0.27775338292121887
vn -0.7440787553787231 -0.6212776899337769 0.2456846684217453
vn 0.3941759467124939 0.919035017490387 -0.00011169228673679754
vn 0.5218823552131653 0.8521325588226318 -0.03884651139378548
vn -0.23954665660858154 -0.9463399648666382 0.21692876517772675
vn -0.30980437994003296 -0.9332186579704285 0.18200048804283142
vn 0.8011118173599243 0.5959174633026123 -0.05569856986403465
vn -0.40092912316322327 -0.9084720611572266 0.11804409325122833
vn 0 -0 0
vn -0.22100681066513062 -0.9752722382545471 -0.0002414642076473683
vn -0.21387460827827454 -0.9764480590820312 -0.02840743586421013
vn -0.6301349401473999 -0.7727786302566528 0.07578399777412415
vn 0.9932714700698853 0.09429187327623367 -0.06723663210868835
vn 0.6301093697547913 -0.7278653383255005 -0.27050742506980896
vn 0.3238013982772827 -0.9079383015632629 -0.2660839557647705
vn 0.08731286227703094 -0.9651500582695007 -0.24670204520225525
vn -0.1812569946050644 -0.9708913564682007 -0.1565755307674408
vn 0.2228570431470871 0.9745940566062927 0.022386442869901657
vn 0.2936660647392273 0.9556970596313477 0.02008470520377159
vn -0.9910836815834045 0.04079001769423485 -0.12684404850006104
vn 0.9879904389381409 0.04816243052482605 0.1468171924352646
vn -0.9996069669723511 -0.0279117152094841 0.002612097654491663
vn 0.9310115575790405 0.20427002012729645 0.3024751543998718
vn -0.5883057117462158 0.7802991271018982 0.2122020721435547
vn -0.7268669009208679 0.12059975415468216 0.6761066317558289
vn 0.9993185997009277 0.029561249539256096 0.022102514281868935
vn -0.08122242242097855 0.7288475632667542 0.6798412799835205
vn -0.6535993218421936 -0.7283504009246826 0.2057027518749237
vn 0.4151277542114258 0.9053401350975037 0.08960036188364029
vn 0.9303092360496521 -0.21895083785057068 0.2942536175251007
vn -0.16287536919116974 -0.8937267065048218 0.41800034046173096
vn -0.7360169887542725 0.6205140948295593 0.2706314027309418
vn -1 -0 0
vn 0 -0 1
vn 0.3756374716758728 -0.6553230285644531 0.6553230285644531
vn 0 -1 0
vn 0.3582715690135956 0.9324937462806702 0.04579281806945801
vn -0.529517412185669 -0.7857626080513 0.3196694254875183
vn -0.29791519045829773 -0.9141141772270203 0.27503061294555664
vn 0.7307288646697998 0.6725466251373291 -0.11711696535348892
vn -0.4234369695186615 -0.8867456912994385 0.1854269653558731
vn 0.8890870213508606 0.4460882246494293 -0.10261394083499908
vn -0.337656706571579 -0.9360348582267761 0.09913022071123123
vn 0.940582275390625 0.33806756138801575 -0.03186563402414322
vn 0.9604141116142273 0.27120643854141235 0.06365392357110977
vn -0.3907119631767273 -0.9198777079582214 0.034192826598882675
vn -0.4517865478992462 -0.891632080078125 0.029686089605093002
vn -0.546617865562439 -0.836152195930481 0.04537032172083855
vn -0.6345730423927307 -0.7689880132675171 0.07729540020227432
vn 0.9467716217041016 0.3199118971824646 0.035776253789663315
vn 0.839236319065094 -0.42897629737854004 -0.334158331155777
vn -0.38886740803718567 -0.9186680912971497 -0.06950677931308746
vn -0.2325376570224762 -0.9603239893913269 -0.15396131575107574
vn -0.03803936392068863 0.9926058650016785 -0.11526817083358765
vn 0.25404757261276245 0.9641580581665039 -0.07654515653848648
vn 0.3357749879360199 0.940718948841095 0.04799026623368263
vn -0.9776095747947693 0.06737452745437622 -0.19934959709644318
vn 0.3405562937259674 0.9399179816246033 0.023991089314222336
vn 0.434585839509964 0.8995689153671265 0.0437147282063961
vn -0.2702889144420624 0.9233812093734741 0.2726004421710968
vn -0.8822335600852966 0.14497952163219452 -0.447934091091156
vn 0.5993086099624634 -0.7917817831039429 0.11794453114271164
vn 0.9024826288223267 0.36685803532600403 0.2256997525691986
vn 0.06637143343687057 0.9604161381721497 0.27054718136787415
vn -0.8459519147872925 0.08317119628190994 0.5267332792282104
vn -0.8266133666038513 -0.5608388185501099 -0.04658569023013115
vn 0.333723247051239 -0.9400095343589783 0.07078734785318375
vn -0.15084794163703918 -0.874259889125824 0.461426705121994
vn -0.6447592377662659 -0.6417715549468994 0.4152286648750305
vn -0.7360169887542725 -0.2706314027309418 -0.6205140948295593
vn 0.36029818654060364 0.9326934218406677 0.016378620639443398
vn -0.662669837474823 -0.6773185729980469 0.31954389810562134
vn 0.6054031848907471 0.790133535861969 -0.09579110145568848
vn -0.25251179933547974 -0.9335311055183411 0.25447505712509155
vn -0.3363181948661804 -0.9309505820274353 0.1422010064125061
vn 0.6501594185829163 0.7454639077186584 -0.1468888372182846
vn 0.8045754432678223 0.5689013004302979 -0.1703225076198578
vn -0.4212999641895294 -0.891718864440918 0.16535989940166473
vn -0.457344114780426 -0.8671243786811829 0.19731125235557556
vn 0.9660529494285583 0.2569848299026489 0.026467831805348396
vn -0.5355380177497864 -0.8347304463386536 0.12815704941749573
vn -0.5343644022941589 -0.8434730172157288 0.05484604462981224
vn 0.966856062412262 -0.11295216530561447 -0.22897869348526
vn 0.5385393500328064 -0.7654549479484558 -0.3522133529186249
vn 0.2482844591140747 -0.9109616875648499 -0.3293989300727844
vn -0.06867028772830963 -0.9716265797615051 -0.22633206844329834
vn -0.18803301453590393 -0.9700723886489868 -0.15363304316997528
vn 0.05033307150006294 0.9931926131248474 -0.10504797101020813
vn -0.24394014477729797 0.9473239183425903 -0.20753474533557892
vn -0.5045445561408997 0.818628191947937 -0.2743770182132721
vn -0.872890830039978 0.394794225692749 -0.2867041230201721
vn 0.2274375557899475 0.9733278155326843 0.030087275430560112
vn 0.9975877404212952 -0.06765827536582947 0.015527739189565182
vn -0.555752694606781 0.7899969220161438 -0.2589280307292938
vn 0.4281185269355774 0.9030706882476807 0.03432069346308708
vn -0.12806552648544312 0.4052211344242096 -0.9052044749259949
vn 0.9555380344390869 0.2383204996585846 -0.17363889515399933
vn 0.7189868688583374 -0.3541904091835022 0.5980026125907898
vn -0.4391886293888092 0.15520060062408447 -0.8848876953125
vn -0.6488669514656067 0.493926078081131 0.5787993669509888
vn -0.6368043422698975 0.7677207589149475 -0.07131046056747437
vn 0.4482678174972534 0.893775463104248 0.014882294461131096
vn -0.8300067782402039 -0.5495643615722656 0.09522560983896255
vn -0.03758727386593819 -0.9974525570869446 -0.060628000646829605
vn 0.12228282541036606 -0.8799946308135986 0.4589732885360718
vn 0.1047130897641182 -0.6187924742698669 0.7785441875457764
vn 0 -0 0
vn 0 -0 0
vn 0 -0 1
vn 0 -0 0
vn 0 -0 0
vn 0.3180529475212097 0.9480409026145935 0.007799366023391485
vn 0 -0 0
vn 0 -0 0
vn 0 -0 0
vn 0 1 0
vn 0 -0 0
vn 0 -0 0
vn 0 -1 0
vn -0.24740663170814514 -0.9675294756889343 0.05173692852258682
vn 0 -0 1
vn 0 -0 0
vn 0 -0 0
vn 0 -0 0
vn 0 -0 0
vn -0.4172782897949219 -0.9082582592964172 -0.030754733830690384
vn -0.3562939465045929 -0.9342395663261414 -0.015847578644752502
vn 0.9606823921203613 0.2701611816883087 -0.06404919177293777
vn -0.5813992023468018 -0.8123553991317749 0.045317232608795166
vn 0.9729623794555664 0.1642310470342636 -0.16239574551582336
vn -0.2534298896789551 -0.9651598930358887 -0.06511291861534119
vn 0.002679459284991026 -0.9594317078590393 -0.2819283604621887
vn 0.30096325278282166 0.9534208178520203 -0.02024795487523079
vn -0.9921124577522278 -0.09300985187292099 0.08403613418340683
vn 0.733758807182312 -0.1295512616634369 0.6669442057609558
vn -0.4533623158931732 0.3064248859882355 0.836998462677002
vn -0.14614203572273254 0.3606485426425934 0.9211814403533936
vn -0 0 -1
vn 0 -0 0
vn 0 -0 0
vn 0 -0 0
vn 0 -0 0
vn 0 -0 0
vn -0.9997100830078125 -0.024024130776524544 0.0016160429222509265
vn 0.7882053256034851 -0.615411102771759 -0.0012741431128233671
vn 0 -0 1
vn 0 -0 0
vn 0 -0 0
vn 0 -0 0
vn 0.45610523223876953 0.8899101614952087 -0.005294836591929197
vn 0 -0 0
vn 0 1 0
vn 0 -0 0
vn -0 0 -1
vn 0.3617776036262512 0.9315155744552612 0.03735974431037903
vn 0.34334006905555725 0.9374890327453613 0.0568498894572258
vn -0.5974242687225342 -0.7270688414573669 0.3383122384548187
vn -0.41589227318763733 -0.8515899181365967 0.3191053867340088
vn 0.5185657143592834 0.8523438572883606 -0.06781965494155884
vn -0.32133081555366516 -0.9212636351585388 0.2191346287727356
vn 0.7431846857070923 0.6541549563407898 -0.14056259393692017
vn 0 -0 0
vn 0 -0 0
vn -0 0 -1
vn 0.9736199975013733 0.20928990840911865 -0.09089545160531998
vn -0.39099693298339844 -0.9202298521995544 -0.017276203259825706
vn -0.31464865803718567 -0.9490013718605042 0.019814711064100266
vn 0.953108549118042 0.2900279462337494 -0.08641743659973145
vn 0 -0 0
vn 0 -0 0
vn 0 -0 0
vn 0 -0 0
vn 0 -0 0
vn -0.3798220157623291 -0.9243481159210205 -0.036275964230298996
vn 0.9268830418586731 0.3662479817867279 -0.08216012269258499
vn 0.9541840553283691 0.08645814657211304 -0.286457359790802
vn 0.9384176731109619 0.2543562948703766 -0.23382709920406342
vn -0.5983237624168396 -0.7786628007888794 0.18892596662044525
vn -0.5191766023635864 -0.8508245348930359 0.08095294237136841
vn 0.9284734725952148 -0.10906127095222473 -0.3550248444080353
vn 0.6987536549568176 -0.6111092567443848 -0.3718721866607666
vn -0.3429822027683258 -0.9380585551261902 0.049085523933172226
vn -0.15406297147274017 -0.9618785381317139 -0.2259521335363388
vn 0.13890060782432556 0.983545184135437 -0.11552271246910095
vn -0.09597301483154297 0.9801731705665588 -0.17334885895252228
vn 0.25882914662361145 0.9659156799316406 -0.0037932111881673336
vn -0.9512495994567871 0.1020178347826004 -0.29106107354164124
vn -0.9849472641944885 -0.16501735150814056 -0.05146107077598572
vn 0.3202599883079529 0.9469189047813416 -0.027894016355276108
vn 0.30426210165023804 0.9516364336013794 -0.04257569834589958
vn 0.42687341570854187 0.9038332104682922 0.02940431423485279
vn 0.4385119676589966 0.8984472155570984 0.022358058020472527
vn -0.9374492764472961 -0.26934728026390076 0.22054705023765564
vn 0 -0 1
vn -0.9925066232681274 -0.12219151109457016 0
vn 0.9925066232681274 0.12219151109457016 0
vn -0 0 -1
vn -0.7760774493217468 -0.5539516806602478 0.30139902234077454
vn 0 -0 0
vn -0.36274266242980957 -0.9233112335205078 0.12615160644054413
vn 0.8790701031684875 0.46113723516464233 -0.12078172713518143
vn -0.32971304655075073 -0.9384047389030457 0.10337242484092712
vn 0.945770263671875 0.29916298389434814 -0.12657080590724945
vn -0.2750037610530853 -0.960185706615448 0.04915572702884674
vn 0 -0 0
vn -0.3688674569129944 -0.9292184710502625 -0.022132404148578644
vn 0.9172940254211426 0.34595558047294617 -0.1971966177225113
vn -0.4953854978084564 -0.8669934272766113 -0.05399696156382561
vn 0.9250814914703369 0.32836565375328064 -0.19078873097896576
vn 0.41670140624046326 -0.8356800079345703 -0.35776931047439575
vn -0.2682706415653229 -0.9627769589424133 -0.033037494868040085
vn 0.08354049921035767 -0.9580588936805725 -0.2741243541240692
vn -0.28827086091041565 -0.9500439763069153 -0.11965123564004898
vn 0.054063014686107635 0.9903727769851685 -0.12743200361728668
vn 0.008764538913965225 0.9937783479690552 -0.11103086918592453
vn 0.2427147924900055 0.9643808603286743 -0.10516222566366196
vn -0.3719504177570343 0.905841588973999 -0.2027408480644226
vn 0.31678733229637146 0.9454301595687866 -0.07620806992053986
vn -0.621688961982727 0.7538677453994751 -0.21257083117961884
vn -0.9632619619369507 -0.21133987605571747 -0.16571637988090515
vn 0.3099682927131653 0.9507409930229187 -0.003369263606145978
vn 0.38433998823165894 0.9222028851509094 0.04271527752280235
vn -0.9729539155960083 -0.14417842030525208 0.1804809421300888
vn 0 -0 0
vn 0.38841167092323303 -0.8696487545967102 0.3047088086605072
vn 0.24253563582897186 0 0.9701425433158875
vn 0 -0 0
vn -0.7882053256034851 0.615411102771759 -0.0012741431128233671
vn 0.9997100830078125 0.024024130776524544 0.0016160429222509265
vn -0.6261526942253113 -0.5513314604759216 -0.5513314604759216
vn 0 -1 0
vn -0.539088249206543 -0.7426825761795044 0.3972485661506653
vn 0.3235582709312439 0.9447005987167358 0.05339369550347328
vn -0.2822067141532898 -0.9223067164421082 0.26402610540390015
vn -0.39897337555885315 -0.9003385901451111 0.17381221055984497
vn 0.5998442769050598 0.7991584539413452 -0.039148978888988495
vn -0.4405861496925354 -0.8886746168136597 0.12704883515834808
vn 0 -1 0
vn 0 -1 0
vn 0 -0 0
vn 0 -1 0
vn 0 0.7071068286895752 -0.7071068286895752
vn -0.9961757063865662 0.0617818646132946 -0.0617818646132946
vn 0.24253563582897186 0.9701425433158875 0
vn 0.0696147009730339 0.9975135922431946 -0.010978552512824535
vn 0 -0 0
vn 0 -0 0
vn 0 -0 0
vn 0 -0 0
vn -0.3388650417327881 -0.9407908320426941 0.009123007766902447
vn 0 -0 0
vn -0.41050809621810913 -0.9118055701255798 -0.009685760363936424
vn -0.4474885165691376 -0.8942885994911194 -0.001414296799339354
vn -0.440665066242218 -0.893478274345398 0.08666573464870453
vn -0.541782021522522 -0.8146463632583618 0.20693884789943695
vn -0.49960488080978394 -0.8439978361129761 0.19509685039520264
vn 0.9329395294189453 -0.1483783721923828 -0.3280360698699951
vn -0.1901191622018814 -0.9650911092758179 -0.18014976382255554
vn -0.12307779490947723 0.9905998706817627 -0.059697750955820084
vn -0.8753425478935242 0.4455797076225281 -0.1877077966928482
vn -0.9767245054244995 -0.14043328166007996 -0.16213543713092804
vn -0.9115310907363892 -0.41069304943084717 0.021030284464359283
vn 0.2751014530658722 0.9611333608627319 -0.02327737770974636
vn -0.9429141283035278 -0.3072405457496643 0.12851528823375702
vn -0 0 -1
vn 0 -0 1
vn 0 -0 0
vn 0.9925075769424438 -0.12218333780765533 0
vn -0.8206106424331665 -0.4128876328468323 0.3951227366924286
vn -0.24253565073013306 0 -0.9701425433158875
vn 0 -0 0
vn 0 -0 0
vn 0.43989473581314087 0.8948639035224915 0.07557262480258942
vn -0.6741780638694763 -0.6044188141822815 0.42445483803749084
vn 0 0.3826834559440613 0.9238795638084412
vn 0.4432525932788849 0.8958016633987427 0.03265894576907158
vn 0.3710246980190277 0.9274541735649109 0.04657742381095886
vn 0.455041766166687 0.8904700875282288 -3.839027340291068e-05
vn -0.35918834805488586 -0.9308849573135376 0.06661120057106018
vn -0.42679986357688904 -0.9038820862770081 0.02896716259419918
vn 0.9091383814811707 0.4047221839427948 -0.09832281619310379
vn 0 -0 0
vn 0.09111391752958298 0.3644556701183319 0.9267525672912598
vn 0.9463001489639282 0.25678423047065735 -0.1964128464460373
vn 0.8962295055389404 -0.07225123792886734 -0.43766704201698303
vn 0.061102233827114105 0.06404388695955276 -0.9960747957229614
vn 0.3930855691432953 0.5456526875495911 -0.7400992512702942
vn -0.5204753875732422 0.6464023590087891 -0.557915210723877
vn -0.7208298444747925 0.6315346360206604 -0.2856019139289856
vn -0.9028986692428589 -0.065564826130867 -0.4248237609863281
vn 0 -0 0
vn -0.1170700415968895 -0.8963645100593567 -0.427580863237381
vn 0.9146279096603394 -0.388883501291275 -0.11056835204362869
vn 0.4839324355125427 -0.7806229591369629 -0.3955215513706207
vn -0.47987595200538635 -0.8768131732940674 -0.030294885858893394
vn -0.3812284767627716 -0.9097327589988708 0.16447238624095917
vn 0.9549599289894104 0.2062576711177826 -0.2133292555809021
vn -0.565374493598938 -0.7909339666366577 0.23404107987880707
vn 0.9892085790634155 -0.0789019912481308 -0.12345442920923233
vn -0.3802577555179596 -0.9234351515769958 0.05168815329670906
vn 0.8423095941543579 -0.49588340520858765 -0.2112208753824234
vn 0.5959002375602722 -0.7668541073799133 -0.23840655386447906
vn 0.36036986112594604 -0.9187548160552979 -0.16131700575351715
vn 0.18354156613349915 -0.9779794216156006 -0.09934206306934357
vn 0.0240186620503664 -0.9995185732841492 -0.01963859423995018
vn -0.9993331432342529 0.03545400872826576 -0.008743297308683395
vn 0.3276993930339813 0.9436309933662415 -0.04662257805466652
vn 0.2436925768852234 0.9685118198394775 -0.05097883939743042
vn -0.900325357913971 -0.4303893744945526 0.06464739888906479
vn 0.33112314343452454 0.9428693652153015 -0.036808568984270096
vn -0.9091839790344238 -0.2263372838497162 0.3495081067085266
vn -0.8913787007331848 -0.33877450227737427 0.30112436413764954
vn 0.4209024906158447 0.8962618708610535 0.1398419290781021
vn -0.24044206738471985 0.7010030746459961 -0.6714032888412476
vn 0 -0 0
vn -0.37003350257873535 -0.8772213459014893 0.30587249994277954
vn -0.3883447051048279 -0.8943890929222107 0.2219383418560028
vn 0.3752496540546417 0.9268608689308167 0.010798268020153046
vn -0.42642518877983093 -0.8991036415100098 0.09886477887630463
vn 0.7521347403526306 0.6573317646980286 -0.04699377715587616
vn 0.843066394329071 0.5343722701072693 -0.06070731580257416
vn -0.3480971157550812 -0.93548583984375 0.06078356131911278
vn -0.4159545302391052 -0.9091371297836304 0.021252023056149483
vn 0.9399162530899048 0.30788561701774597 -0.14752590656280518
vn -0.34557589888572693 -0.9381954073905945 0.01915159821510315
vn -0.39874160289764404 -0.9170406460762024 -0.006448691710829735
vn 0.184015691280365 0.6084249019622803 -0.7719827890396118
vn -0.8994292616844177 0.4365193247795105 0.021863844245672226
vn -0.0035048879217356443 0.6416631937026978 0.7669786214828491
vn -0.8039107918739319 -0.5908377766609192 0.06810316443443298
vn -0.8893917202949524 0.42973676323890686 0.15591250360012054
vn 0.9237236976623535 0.32988885045051575 -0.19469992816448212
vn -0.4911833107471466 -0.8702086806297302 -0.03841816261410713
vn -0.45466336607933044 -0.8678242564201355 0.20040561258792877
vn -0.4923363924026489 -0.8522255420684814 0.17696484923362732
vn 0.9042449593544006 -0.42680129408836365 -0.013483190909028053
vn -0.3109910190105438 -0.9487326741218567 -0.0564887709915638
vn -0.16208669543266296 -0.983711302280426 0.0777173563838005
vn 0.1369580626487732 0.9802882075309753 -0.14239946007728577
vn 0.02728831022977829 0.9836709499359131 -0.17789573967456818
vn -0.04964384436607361 0.989020586013794 -0.13918998837471008
vn -0.04593142122030258 0.9971212148666382 -0.06032948195934296
vn -0.45109835267066956 0.8916488289833069 -0.038376037031412125
vn 0.3391643166542053 0.9394552111625671 -0.048902541399002075
vn -0.779388427734375 -0.5860641002655029 0.22154588997364044
vn -0.5248355865478516 -0.7686755061149597 0.3656303584575653
vn -0.5876308083534241 -0.6868312358856201 0.42773008346557617
vn 0.30750933289527893 0.9514579772949219 0.01287367008626461
vn 0.6036407947540283 0.7971994876861572 -0.009534996002912521
vn -0.4247415065765381 -0.9048227667808533 0.029839713126420975
vn -0.3837083578109741 -0.9233278036117554 -0.015290617942810059
vn 0.9684235453605652 0.08660231530666351 0.23378609120845795
vn -0.19939710199832916 0.18088138103485107 0.9630798101425171
vn -0.5786743760108948 0.5035564303398132 0.6415348649024963
vn 0.8797699213027954 -0.09042992442846298 0.46671977639198303
vn 0.3938112258911133 -0.8720979690551758 0.2904443144798279
vn 0 -0 0
vn 0 -0 0
vn 0 -0 0
vn 0 -0 0
vn 0 -0 0
vn 0 -0 0
vn 0 -0 0
vn 0 -0 0
vn 0 -0 0
vn 0 -0 0
vn 0 -0 0
vn 0 -0 1
vn 0 -0 0
vn 0 -0 0
vn 0 -0 0
vn 0.9164634346961975 0.353941947221756 -0.18660122156143188
vn -0.2991114854812622 -0.9396273493766785 0.16623105108737946
vn -0.3303116261959076 -0.9155791401863098 0.22936682403087616
vn 0.9883530139923096 0.1278524249792099 -0.08253581821918488
vn -0.530913770198822 -0.8155455589294434 0.2302522212266922
vn 0.9872599244117737 -0.15775467455387115 0.02077079936861992
vn 0.6672727465629578 -0.7442697286605835 -0.028457054868340492
vn -0.31177473068237305 -0.943015992641449 0.11626449972391129
vn -0.11808538436889648 0.9505201578140259 -0.28734517097473145
vn -0.7152355909347534 0.6971169114112854 0.0496600903570652
vn -0.941937267780304 0.2518366575241089 0.22210900485515594
vn 0.28018105030059814 0.9570751190185547 -0.07420136034488678
vn -0.9747763276100159 -0.147073432803154 0.16787075996398926
vn -0.851288378238678 -0.4228616952896118 0.3106381893157959
vn -0.7885960340499878 -0.5555297136306763 0.26363441348075867
vn -0.8896839618682861 -0.3433951437473297 0.3009025752544403
vn 0.3871227204799652 0.9186302423477173 0.07908523082733154
vn -0.8621991276741028 -0.34725844860076904 0.368814617395401
vn 0.44772249460220337 0.8878302574157715 0.10631086677312851
vn 0.5011313557624817 0.8634989261627197 0.05689532309770584
vn -0.7489038109779358 -0.4834890365600586 0.45319026708602905
vn 0.38160115480422974 0.9014487862586975 0.20437900722026825
vn -0.6441606283187866 -0.626937210559845 0.43818584084510803
vn 0.35908815264701843 0.9229301810264587 0.13876478374004364
vn 0.3380524814128876 0.9410089254379272 0.01492792647331953
vn -0.3491547405719757 -0.8972787857055664 0.2701515257358551
vn -0.4903705418109894 -0.8516356945037842 0.18507686257362366
vn 0.5030480623245239 0.8642460107803345 0.004634390585124493
vn -0.44961312413215637 -0.8930438160896301 0.017912479117512703
vn 0.7469667196273804 0.6636684536933899 -0.0398104302585125
vn 0.8536426424980164 0.5132514238357544 -0.08869776129722595
vn 0.909632682800293 0.3991485834121704 -0.11510363221168518
vn 0.3809716999530792 0.2051856368780136 0.9015316963195801
vn 0.3354506492614746 0.1878105103969574 0.9231468439102173
vn 0 -0 0
vn 0 -0 0
vn 0 -0 0
vn 0 -0 0
vn -0.3667106628417969 -0.9259949922561646 0.08975935727357864
vn -0.32582205533981323 -0.9422345757484436 0.07767874747514725
vn -0.5853724479675293 0.055533867329359055 0.8088604211807251
vn 0 -0 0
vn -0.47102734446525574 -0.87892085313797 0.07504335790872574
vn 0 -0 0
vn 0 -0 0
vn 0 -0 0
vn -0.1714985966682434 0.6859943866729736 -0.7071068286895752
vn 0.24253563582897186 -0.9701425433158875 0
vn 0 -0 0
vn -0.4871212840080261 -0.8722342848777771 0.043820444494485855
vn -0.40818318724632263 -0.9105449318885803 0.06553299725055695
vn 0.9587157964706421 0.25818273425102234 -0.11918773502111435
vn 0.9997223615646362 0.018638983368873596 -0.01441756822168827
vn -0.4536677896976471 -0.8771504759788513 0.15745677053928375
vn 0.6611256003379822 -0.7227715849876404 0.2012816071510315
vn 0.3516838252544403 -0.9281435012817383 0.12193520367145538
vn 0.23161940276622772 0.9613614082336426 -0.14878444373607635
vn 0.324789434671402 0.9376813769340515 -0.12355402112007141
vn -0.20452605187892914 0.9639781713485718 -0.17004485428333282
vn -0.29411590099334717 0.9540855884552002 -0.05671437084674835
vn -0.6051967740058899 0.7957673072814941 -0.02216518670320511
vn -0.7320635318756104 -0.602626383304596 0.3176861107349396
vn 0.3409675359725952 0.9398983120918274 0.018230540677905083
vn 0.43278902769088745 0.9000082015991211 0.051759082823991776
vn 0.464166522026062 0.877841591835022 0.11808349192142487
vn 0.3513420522212982 0.9356902837753296 -0.032287705689668655
vn 0.47018033266067505 0.8825463652610779 -0.0065104844979941845
vn 0.4104342758655548 0.9118866920471191 0.0025252883788198233
vn -0.3682440519332886 -0.929720938205719 -0.003917256370186806
vn -0.2942967116832733 -0.9526497721672058 0.07647192478179932
vn 0 -0 0
vn 0 -0 0
vn -0.541327953338623 -0.811447024345398 0.22026722133159637
vn 0.8966541290283203 -0.4107666611671448 0.16517303884029388
vn 0.0747457891702652 -0.9723210334777832 0.22137054800987244
vn 0.1276901215314865 0.9688830971717834 -0.21203957498073578
vn 0.029234308749437332 0.9620752930641174 -0.2712130844593048
vn 0.35092422366142273 0.9298499226570129 -0.1105957180261612
vn 0.47188276052474976 0.8808672428131104 0.03741075098514557
vn 0.39675867557525635 0.9150555729866028 0.0724974200129509
vn -0.7974861860275269 -0.4975666403770447 0.34123778343200684
vn -0.6546015739440918 -0.6728067994117737 0.3447141945362091
vn 0.4875268340110779 0.8699501156806946 0.0741916298866272
vn 0.24575962126255035 0.9557359218597412 0.16177479922771454
vn -0.421457976102829 -0.8465167880058289 0.3252423107624054
vn 0.4086748957633972 0.9063143134117126 -0.10760636627674103
vn -0.44373711943626404 -0.8716376423835754 0.20819537341594696
vn -0.5171862840652466 -0.8497070670127869 0.10254886746406555
vn -0.35995540022850037 -0.9326562881469727 0.024174435064196587
vn 0 -0 1
vn 0 -0 0
vn 0 -0 0
vn 0 -0 0
vn 0 -0 0
vn 0 -0 0
vn 0 -0 0
vn 0 -0 0
vn 0 -0 0
vn 0 -0 0
vn 0 -0 0
vn 0 -0 0
vn 0 -0 0
vn 0 -0 0
vn 0 -0 0
vn -0.47307372093200684 -0.8703810572624207 0.13652130961418152
vn -0.4021866023540497 -0.895950436592102 0.1884641945362091
vn -0.4540099799633026 -0.8591911792755127 0.2359353005886078
vn -0.30906322598457336 -0.9224973917007446 0.23125416040420532
vn -0.31431034207344055 0.8882749676704407 -0.3349279761314392
vn -0.9034280180931091 0.3772521913051605 0.20371222496032715
vn -0.815460741519928 0.5765851140022278 0.05072883144021034
vn -0.9416373372077942 -0.20828481018543243 0.26445525884628296
vn -0.808685839176178 -0.5716349482536316 0.1387833058834076
vn 0.2624063491821289 0.9641518592834473 -0.03942231833934784
vn -0.8489524722099304 -0.5019332766532898 0.16535641252994537
vn -0.7766895890235901 -0.5527765154838562 0.3019792437553406
vn 0.3144385516643524 0.9438203573226929 -0.10164444148540497
vn -0.49103057384490967 -0.8576962947845459 0.1524667590856552
vn -0.38498446345329285 -0.9228255748748779 0.013413853943347931
vn 0.8957892060279846 0.4257023334503174 -0.1278250813484192
vn -0 0 -1
vn 0 -0 1
vn 0 -1 0
vn 1 0 0
vn -0.3756374716758728 -0.6553230285644531 0.6553230285644531
vn -0.33365774154663086 -0.941331684589386 0.05066800117492676
vn 0.7360169887542725 0.6205140948295593 0.2706314027309418
vn 0 -0 0
vn 0 -1 0
vn 0 -0 0
vn 0 -0 0
vn 0 -0 0
vn 0 -0 0
vn 0.9228372573852539 0.34879791736602783 -0.16343656182289124
vn -0.34363260865211487 -0.9335961937904358 0.10156198590993881
vn 0 1 0
vn -0.2775460183620453 -0.9200544357299805 0.27652883529663086
vn -0.2790800929069519 -0.9190837740898132 0.2782074809074402
vn 0.9921867251396179 0.1073964461684227 -0.06349464505910873
vn 0.9953864216804504 -0.08557315170764923 0.04339560121297836
vn -0.530871570110321 -0.812904417514801 0.239503413438797
vn -0.5224358439445496 -0.8222900629043579 0.22560997307300568
vn -0.40063533186912537 -0.8811547756195068 0.2511127293109894
vn 0.7007741928100586 -0.6711667776107788 0.24176578223705292
vn 0.8391605019569397 -0.5002055168151855 0.21355119347572327
vn 0.23281700909137726 -0.9293428063392639 0.2865627110004425
vn -0.10531438142061234 -0.961980938911438 0.25199538469314575
vn -0.02700110152363777 0.9666901230812073 -0.2545216679573059
vn -0.24016493558883667 0.9420555233955383 -0.23420557379722595
vn 0.19558878242969513 0.9671515226364136 -0.16236692667007446
vn 0.18093472719192505 0.96653813123703 -0.18184272944927216
vn 0.1272100955247879 0.9741969704627991 -0.18643468618392944
vn 0.3075184226036072 0.9438722729682922 -0.12057178467512131
vn -0.6308685541152954 0.740725576877594 -0.23093374073505402
vn -0.958853542804718 0.2833835184574127 -0.0171361081302166
vn -0.9945533871650696 -0.10234832018613815 -0.019708897918462753
vn -0.8859103918075562 -0.4631821811199188 0.025000983849167824
vn 0.2697783410549164 0.9624661803245544 -0.029639625921845436
vn 0.309320867061615 0.9485395550727844 -0.06777384877204895
vn -0.8631928563117981 -0.4435408413410187 0.24118392169475555
vn -0.7743641138076782 -0.6134141087532043 0.1551884263753891
vn 0.3945953845977783 0.9170573353767395 0.057449083775281906
vn 0.4829050898551941 0.8689740300178528 -0.10810599476099014
vn -0.6572759747505188 -0.6654653549194336 0.35375726222991943
vn -0.5323585867881775 -0.7677484154701233 0.3565904200077057
vn 0.34488824009895325 0.9378379583358765 -0.03888677805662155
vn 0.21744941174983978 0.9690682888031006 -0.11671558767557144
vn -0.472577303647995 -0.869681179523468 0.1425669938325882
vn 0.3588603734970093 0.933287501335144 0.013921227306127548
vn -0.5717792510986328 -0.8084651827812195 0.13947252929210663
vn 0.9142575263977051 0.3847809135913849 -0.12679491937160492
vn 0.7360169887542725 -0.2706314027309418 -0.6205140948295593
vn 0.7275600433349609 -0.5123308300971985 -0.45626047253608704
vn 0.8046855330467224 0.48334911465644836 -0.3447534143924713
vn 0.9982216358184814 0.03637446463108063 -0.047228410840034485
vn -0.8701833486557007 -0.20652247965335846 -0.44735822081565857
vn 0.20922218263149261 0.9745724201202393 -0.08021678775548935
vn -0.9105789661407471 0.12814103066921234 -0.392970472574234
vn 0 -0 0
vn 0.9296872019767761 0.3395015299320221 -0.14290015399456024
vn -0.4311002790927887 -0.8882983326911926 0.15836255252361298
vn -0.3934158980846405 -0.8927599191665649 0.21955347061157227
vn 0.9582254886627197 0.2623567581176758 -0.1138983964920044
vn -0.37461766600608826 -0.888732373714447 0.264227956533432
vn 0.9562991857528687 -0.2782578766345978 0.08980266004800797
vn 0.41131070256233215 -0.8964312076568604 0.16502897441387177
vn -0.41772642731666565 0.840774655342102 -0.344387412071228
vn -0.5786621570587158 0.7829084396362305 -0.22848311066627502
vn -0.7669580578804016 -0.640430748462677 0.04029695689678192
vn 0.4673937261104584 0.8829808235168457 0.04345182329416275
vn 0.47742941975593567 0.8776528239250183 0.042269494384527206
vn 0.34772366285324097 0.936362624168396 -0.04809724539518356
vn 0.4401361644268036 0.8951275944709778 -0.0709000676870346
vn 0.424392431974411 0.8667293787002563 -0.26205214858055115
vn 0.45801684260368347 0.8399850130081177 -0.29093948006629944
vn 0.307881623506546 0.9342989921569824 -0.17970626056194305
vn 0.32494616508483887 0.9372885823249817 -0.12609604001045227
vn 0.6461535096168518 0.7501558065414429 -0.1405416578054428
vn 0.47938042879104614 0.8776052594184875 0.0018739179940894246
vn 0.6015850901603699 0.7967360019683838 0.05750763416290283
vn -0.42742815613746643 -0.9003570675849915 0.08162375539541245
vn 0.8350423574447632 0.5459839701652527 -0.0678664818406105
vn -0.4006197154521942 -0.9161918759346008 -0.009812566451728344
vn -0.3482179045677185 -0.9341107606887817 0.07862190902233124
vn -0.38824838399887085 -0.9195454716682434 0.06082283705472946
vn -0.2790173888206482 -0.9576873779296875 0.0705999806523323
vn -0.9964855313301086 -0.07685453444719315 0.033316753804683685
vn -0.8567147850990295 0.5019225478172302 0.11880060285329819
vn -0.756101667881012 -0.6530341506004333 -0.043089352548122406
vn -0.20725320279598236 -0.9782454371452332 -0.009058326482772827
vn -0.2980557382106781 -0.9178451895713806 0.2621507942676544
vn 0.7852967381477356 -0.611905574798584 0.0942373275756836
vn -0.27794912457466125 -0.9308885931968689 0.23704585433006287
vn -0.04185136780142784 -0.9868050813674927 0.1564105749130249
vn -0.927286684513092 0.3324147164821625 -0.17216230928897858
vn -0.9730741381645203 -0.2143062800168991 -0.08485027402639389
vn -0.9936782121658325 0.09653090685606003 -0.05731789395213127
vn 0.3816758394241333 0.9184838533401489 -0.10349390655755997
vn -0.7573022842407227 -0.5821759700775146 0.2959129512310028
vn -0.7276535630226135 -0.583803117275238 0.3601309061050415
vn 0.3654559850692749 0.9157410264015198 -0.16691431403160095
vn 0.2986815571784973 0.9095366597175598 -0.2890198826789856
vn 0.3850710391998291 0.9207330346107483 -0.06301593780517578
vn -0.5066748857498169 -0.8211734890937805 0.2625919580459595
vn -0.4259475767612457 -0.8564060926437378 0.29178309440612793
vn 0.6726951599121094 0.7398755550384521 -0.008091775700449944
vn -0.3795327842235565 -0.9231376051902771 0.061415962874889374
vn 0 -0 0
vn 0 -0 0
vn 1 0 0
vn -1 -0 0
vn -0.5637203454971313 0.6075156331062317 0.5595928430557251
vn 0 -0 0
vn -0.8799645304679871 -0.19655275344848633 0.43246909976005554
vn 0 -0 0
vn 0 1 0
vn 0 -0 0
vn 0 -0 0
vn 0 -0 0
vn 0 -0 0
vn 0 -0 0
vn 0 -0 0
vn -0.3730035126209259 -0.9238758087158203 0.08556830883026123
vn 0 -1 0
vn 0 -0 0
vn 0.8328355550765991 -0.12834565341472626 0.5384351015090942
vn 0 -0 0
vn 0 -0 0
vn 0 -0 0
vn 0 -0 0
vn 0 -0 0
vn -0.3961961269378662 -0.8891571164131165 0.22897231578826904
vn 0.9963341355323792 -0.03421814739704132 -0.07840582728385925
vn 0.9220465421676636 -0.38704630732536316 0.005037595983594656
vn -0.46123018860816956 -0.8521154522895813 0.2473176121711731
vn 0.01548891980201006 0.9957178235054016 -0.09113834798336029
vn 0.21060839295387268 0.971649169921875 -0.10743403434753418
vn 0.3637274205684662 0.9236140251159668 -0.12099380046129227
vn -0.8502526879310608 -0.5230949521064758 0.05866878107190132
vn 0.2696990370750427 0.9620416760444641 0.04169297218322754
vn 0.3852211833000183 0.9211034178733826 0.05633167177438736
vn -0.673599898815155 -0.7286651730537415 0.12373471260070801
vn 0.3804512619972229 0.9241136312484741 -0.03564923629164696
vn -0.50943922996521 -0.7841373085975647 0.3544013798236847
vn 0.3757365942001343 0.919114887714386 -0.11853257566690445
vn 0.374006062746048 0.9018324613571167 -0.21637403964996338
vn 0.4363323748111725 0.8997132182121277 0.01141021866351366
vn -0.5303558707237244 -0.8269596099853516 0.1867096871137619
vn 0.7374065518379211 0.6748042106628418 0.029511217027902603
vn -0.5298619270324707 -0.8372604250907898 0.13506083190441132
vn 0.9160774946212769 0.35580548644065857 -0.184944748878479
vn 0 -0 0
vn -0.3287506401538849 -0.939703106880188 0.09423995763063431
vn 0 -0 0
vn 0 -0 0
vn 0 -0 0
vn -0.30137428641319275 -0.9319767951965332 0.20147661864757538
vn 0.9575369358062744 0.22853878140449524 -0.1757645159959793
vn -0.5138068199157715 -0.8288093209266663 0.221534863114357
vn 0.97926265001297 -0.19870948791503906 -0.03948720544576645
vn -0.5177220702171326 -0.8272445201873779 0.2182440459728241
vn 0.0782465785741806 -0.9944236874580383 0.07070452719926834
vn 0.15514734387397766 0.9863891005516052 -0.05445970967411995
vn -0.41045573353767395 0.9093557596206665 -0.06781021505594254
vn -0.6948633790016174 0.7190508246421814 0.01144317165017128
vn 0.47929710149765015 0.8774464726448059 0.019029350951313972
vn -0.6493821144104004 -0.743815541267395 0.1582445353269577
vn 0.46618276834487915 0.8840018510818481 -0.03484812378883362
vn 0.31630343198776245 0.9461959004402161 -0.06830402463674545
vn 0.3465188443660736 0.9257583618164062 -0.15131476521492004
vn -0.521004319190979 -0.8446808457374573 0.12275479733943939
vn 0.37983712553977966 0.9250012040138245 0.009827535599470139
vn -0.41002923250198364 -0.8965499997138977 0.16755333542823792
vn -0.38930806517601013 -0.9115925431251526 0.13205403089523315
vn -0.8518071174621582 -0.18692611157894135 0.4893702268600464
vn -0.2764163017272949 -0.958440899848938 0.07060594856739044
vn -0.30263203382492065 -0.9430549144744873 0.1380625218153
vn -0.30329856276512146 -0.9290845990180969 0.21168829500675201
vn 0.9868957996368408 -0.1293395757675171 -0.09647781401872635
vn -0.3067111372947693 -0.9436240196228027 0.12450731545686722
vn -0.19571098685264587 0.9803464412689209 0.024861382320523262
vn 0.24302132427692413 0.9698909521102905 -0.015881013125181198
vn 0.2707599401473999 0.9615185260772705 -0.046595435589551926
vn -0.9195355176925659 0.362770140171051 0.15116950869560242
vn -0.9661664366722107 -0.14413094520568848 0.21388958394527435
vn -0.6366872191429138 -0.7361294031143188 0.22965823113918304
vn 0.2673448324203491 0.9626949429512024 0.04177648946642876
vn -0.5767866969108582 -0.7592878341674805 0.3013288676738739
vn -0.7040272951126099 -0.6210609078407288 0.34442561864852905
vn -0.5877358317375183 -0.6976279616355896 0.40973395109176636
vn 0.3957453668117523 0.91411292552948 -0.08822275698184967
vn 0.42290055751800537 0.9058424234390259 -0.02458915486931801
vn 0.3492971956729889 0.9369911551475525 0.006252748891711235
vn -0.5469042062759399 -0.8221325278282166 0.1580948829650879
vn -0.36182576417922974 -0.9189568161964417 0.1568457931280136
vn -0.3709847629070282 -0.9159135818481445 0.1532076895236969
vn 0 -0 0
vn 0 -0 0
vn 0 -0 0
vn 0 -0 0
vn 0 -0 0
vn -0.4764658808708191 -0.8664794564247131 0.1489751935005188
vn -0.3999236524105072 -0.9030612111091614 0.1566576361656189
vn 0.9939262866973877 0.012667831033468246 -0.10931643098592758
vn -0.5197575688362122 -0.8296366333961487 0.20385101437568665
vn 0.9603749513626099 -0.27865684032440186 -0.005514037795364857
vn 0.6205201148986816 -0.7748762965202332 0.12050523608922958
vn 0.22241011261940002 -0.9672284126281738 0.12248676270246506
vn -0.4028807282447815 -0.900413453578949 0.16414254903793335
vn 0.014457453042268753 0.9997736215591431 0.015612553805112839
vn -0.48582279682159424 0.8626466989517212 0.1407727301120758
vn -0.7641136050224304 0.5589807629585266 0.3219798803329468
vn 0.5059034824371338 0.8553303480148315 0.11167707294225693
vn -0.8307808637619019 -0.4816078543663025 0.27902883291244507
vn 0.28245633840560913 0.9588180184364319 0.029773559421300888
vn -0.6503111720085144 -0.6509761214256287 0.3915679156780243
vn 0.31876125931739807 0.9461373686790466 -0.05670402571558952
vn 0.34179219603538513 0.9397649168968201 -0.0044794101268053055
vn -0.5846025943756104 -0.7666184902191162 0.2655860483646393
vn 0.4465547502040863 0.8935182690620422 0.047052428126335144
vn 0.4858950674533844 0.8720390796661377 0.05876988172531128
vn 0.6650997996330261 0.7430639863014221 0.07415047287940979
vn -0.47790226340293884 -0.8513144254684448 0.21650215983390808
vn 0.8437695503234863 0.5352686047554016 -0.03924985229969025
vn 0.878462553024292 0.4565589725971222 -0.1409166306257248
vn -0.23253604769706726 -0.9646653532981873 0.12388607859611511
vn 0 -0 0
vn 0.929009199142456 0.33654654026031494 -0.1538778841495514
vn 0.9656481146812439 0.1942622810602188 -0.1725858747959137
vn -0.4908968508243561 -0.8594046235084534 0.1429823637008667
vn -0.5102652311325073 -0.8454460501670837 0.1576405018568039
vn 0.8620825409889221 -0.5007566809654236 0.07782302796840668
vn 0.13920284807682037 0.9901238679885864 0.01665317267179489
vn -0.889154851436615 0.08255568146705627 0.45009809732437134
vn 0.3964984714984894 0.9152433276176453 -0.0715443566441536
vn 0.41546669602394104 0.9095163941383362 0.01293913833796978
vn -0.6430910229682922 -0.6718930006027222 0.3674149513244629
vn 0.5091876983642578 0.8494809865951538 -0.13823898136615753
vn 0.40912458300590515 0.9115399718284607 0.041376594454050064
vn -0.5826091766357422 -0.707757294178009 0.3995574414730072
vn 0.43416735529899597 0.9003878235816956 0.02829378843307495
vn 0.39199769496917725 0.9197275042533875 0.020958207547664642
vn -0.5486092567443848 -0.8113640546798706 0.2017829269170761
vn 0.6066519021987915 0.791986346244812 0.068783700466156
vn -0.3611692488193512 -0.9079468250274658 0.2125777304172516
vn 0.822248637676239 0.562000572681427 -0.08979238569736481
vn -0.4018222987651825 -0.886763334274292 0.22845050692558289
vn -0.343201607465744 -0.9313082695007324 0.12197378277778625
vn -0.259109765291214 -0.9514933824539185 0.16589884459972382
vn -0.28285229206085205 -0.9462714195251465 0.15673252940177917
vn -0.3999248147010803 -0.9055601358413696 0.14149588346481323
vn 0.9887198209762573 -0.14843203127384186 0.020027628168463707
vn -0.41293588280677795 -0.9082131385803223 0.06806474179029465
vn -0.26751795411109924 -0.9606903195381165 0.0742180198431015
vn -0.15893825888633728 0.9808593988418579 0.11248796433210373
vn -0.3988325893878937 0.8819584846496582 0.2511608600616455
vn -0.6118944883346558 0.7282617688179016 0.3085773289203644
vn -0.7755957245826721 0.4366498589515686 0.45583805441856384
vn 0.31645482778549194 0.9468532204627991 -0.05766648054122925
vn 0.5500513315200806 0.8350451588630676 -0.01196491438895464
vn -0.834894597530365 -0.2991655468940735 0.462007611989975
vn -0.6137930154800415 -0.724625825881958 0.313329815864563
vn -0.548878014087677 -0.766104519367218 0.33439019322395325
vn -0.5994693636894226 -0.6786153316497803 0.4244028925895691
vn 0.37796181440353394 0.9257345199584961 0.012667258270084858
vn 0.3804193139076233 0.9214673042297363 0.07860730588436127
vn -0.5884557366371155 -0.7405738234519958 0.32445380091667175
vn 0.5247156023979187 0.8489139080047607 0.0633929893374443
vn -0.4864561855792999 -0.8376369476318359 0.24844476580619812
vn 0.7546337842941284 0.65584397315979 0.01991538144648075
vn 0.9917240142822266 0.11845283210277557 -0.04952232539653778
vn -0.47988662123680115 -0.8755158185958862 0.05639929324388504
vn -0.5539118051528931 -0.8263747692108154 0.101422019302845
vn -0.550189197063446 -0.832478940486908 0.06535059213638306
vn 0.31368255615234375 -0.9368018507957458 0.15493741631507874
vn -0.006770547479391098 -0.9941916465759277 0.1074114739894867
vn 0.2134995460510254 0.9769348502159119 -0.00403486005961895
vn 0.22905653715133667 0.9720422625541687 0.05164264887571335
vn 0.18232281506061554 0.9815025329589844 0.058406271040439606
vn -0.8557745218276978 0.1257804036140442 0.5018260478973389
vn -0.8218951225280762 -0.23939014971256256 0.5168954133987427
vn -0.7006555795669556 -0.5375869870185852 0.4691290259361267
vn 0.28745847940444946 0.957793116569519 0.0003136680752504617
vn -0.5970772504806519 -0.7260353565216064 0.34113267064094543
vn 0.4128381311893463 0.9077146053314209 -0.07495912164449692
vn -0.6143431663513184 -0.7512339353561401 0.2413090318441391
vn 0.4208550751209259 0.9018280506134033 0.09791429340839386
vn 0.41338256001472473 0.9100410342216492 0.03066357411444187
vn 0.602203905582428 0.798224151134491 0.013737001456320286
vn -0.4476296603679657 -0.8483636379241943 0.2826779782772064
vn -0.38580888509750366 -0.8872911334037781 0.2527173161506653
vn -0.45460256934165955 -0.8747431039810181 0.16781245172023773
vn 0.8926888704299927 0.4455462098121643 -0.06778787076473236
vn -0.25256240367889404 -0.9571337103843689 0.14180032908916473
vn -0.23392777144908905 -0.9604520201683044 0.15102937817573547
vn 0.9977880120277405 -0.028856970369815826 0.059886228293180466
vn -0.4801102578639984 -0.8729244470596313 0.08658603578805923
vn -0.4881259799003601 -0.8714145421981812 0.04868178069591522
vn 0.7843675017356873 -0.5801520943641663 0.21952509880065918
vn 0.5620607733726501 -0.8052188754081726 0.1889718472957611
vn 0.00862001720815897 0.9941999912261963 0.10720144957304001
vn -0.6189481616020203 0.6472962498664856 0.4448716342449188
vn -0.831599235534668 0.17232546210289001 0.52796471118927
vn 0.19584089517593384 0.9793053269386292 -0.05106419697403908
vn -0.8273817896842957 -0.04675200209021568 0.5596907138824463
vn 0.5183380246162415 0.8544866442680359 -0.034328002482652664
vn -0.7126500010490417 -0.548164963722229 0.4377729892730713
vn -0.5523514151573181 -0.7164108753204346 0.4262198805809021
vn 0.3434293568134308 0.9377936124801636 -0.05098450928926468
vn -0.623813807964325 -0.7074432969093323 0.33223530650138855
vn 0.40158429741859436 0.9062532186508179 0.13204249739646912
vn 0.6485483646392822 0.7610085606575012 -0.01584530435502529
vn 0.7239844799041748 0.6863283514976501 -0.06928214430809021
vn 0.9714512825012207 0.23469412326812744 0.03465765342116356
vn 0.9154687523841858 -0.34886813163757324 0.2005196362733841
vn -0.4823269844055176 -0.8742189407348633 0.05569526180624962
vn 0.1033681333065033 0.986257791519165 0.12888282537460327
vn -0.20515812933444977 0.9488416314125061 0.24002031981945038
vn 0.5048435926437378 0.8602364659309387 -0.07159814983606339
vn 0.6034396886825562 0.7965313196182251 -0.037395626306533813
vn 0.30849605798721313 0.9474499821662903 -0.08466863632202148
vn -0.6424901485443115 -0.6202765107154846 0.4499594569206238
vn 0.32222047448158264 0.9428206086158752 -0.08522534370422363
vn -0.6577650308609009 -0.7119356989860535 0.2459527850151062
vn 0.41685751080513 0.9034555554389954 0.09998993575572968
vn 0.39118191599845886 0.9146214723587036 0.1021975725889206
vn 0.36175116896629333 0.9303879141807556 0.059282802045345306
vn -0.60990309715271 -0.773710310459137 0.17143690586090088
vn -0.5761459469795227 -0.7846296429634094 0.22893700003623962
vn 0.37356194853782654 0.9276041984558105 -0.0013995002955198288
vn -0.48055025935173035 -0.852213442325592 0.20689067244529724
vn -0.43270477652549744 -0.861475944519043 0.26575517654418945
vn -0.366458535194397 -0.8931609392166138 0.26071399450302124
vn 0.7971279621124268 0.603105902671814 -0.02916162833571434
vn -0.24299433827400208 -0.9596453309059143 0.14154349267482758
vn -0.2525792419910431 -0.9564068913459778 0.1465933918952942
vn 0.9912257194519043 0.08342839032411575 0.10252463072538376
vn -0.3778034746646881 -0.9225426912307739 0.07861039787530899
vn -0.5020878314971924 -0.8646446466445923 0.01724761165678501
vn -0.5316109657287598 -0.8468745946884155 0.013902923092246056
vn -0.4690600633621216 -0.883165717124939 0.0009647216647863388
vn 0.9615416526794434 -0.17689137160778046 0.21011227369308472
vn -0.4773137867450714 -0.8787052035331726 -0.006986197084188461
vn -0.5555373430252075 -0.8313859105110168 0.013254998251795769
vn -0.27055084705352783 -0.9583640694618225 0.0913267731666565
vn 0.31674525141716003 -0.9275336265563965 0.1983780860900879
vn 0.007082031574100256 -0.9833057522773743 0.18182334303855896
vn -0.06857569515705109 0.9664673209190369 0.24746382236480713
vn -0.33291855454444885 0.8540623188018799 0.3996783196926117
vn -0.7603321075439453 0.3180859088897705 0.5663183927536011
vn -0.7899718284606934 -0.3162064850330353 0.5253170728683472
vn 0.3105636239051819 0.9487963318824768 -0.05775688216090202
vn -0.6270792484283447 -0.6581034064292908 0.416739284992218
vn -0.7187594175338745 -0.6189239025115967 0.3167303800582886
vn -0.642047643661499 -0.7498403191566467 0.15973225235939026
vn 0.43329569697380066 0.9008026123046875 0.028452586382627487
vn -0.4558125138282776 -0.8580061793327332 0.23677079379558563
vn 0.5176845788955688 0.855342447757721 0.019797449931502342
vn -0.3892737329006195 -0.8768359422683716 0.28217852115631104
vn 0.6573716998100281 0.7515162229537964 -0.055549848824739456
vn -0.48790496587753296 -0.8463807106018066 0.21351441740989685
vn -0.45501402020454407 -0.8642069101333618 0.2147292196750641
vn -0.3438764810562134 -0.9268937110900879 0.15038970112800598
vn 0.690036416053772 -0.6745319366455078 0.262405127286911
vn 0.16810455918312073 0.98514324426651 0.03512420877814293
vn -0.5129350423812866 0.6719872355461121 0.5341637134552002
vn 0.2529843747615814 0.9665917158126831 -0.04122427850961685
vn 0.1547601968050003 0.9878208637237549 0.016099942848086357
vn 0.5265767574310303 0.8390119671821594 -0.1370251476764679
vn 0.39804211258888245 0.9096102118492126 -0.11904536187648773
vn -0.5916464924812317 -0.6164356470108032 0.5195782780647278
vn 0.42285364866256714 0.9061611294746399 -0.00817422941327095
vn -0.7289016842842102 -0.6593887209892273 0.18414391577243805
vn -0.8235121369361877 -0.5140648484230042 0.2399274855852127
vn 0.4376331865787506 0.8986291885375977 0.030706318095326424
vn 0.3558334410190582 0.9340948462486267 -0.02914408966898918
vn -0.5420676469802856 -0.8262771368026733 0.15306517481803894
vn 0.5944947600364685 0.8039543628692627 -0.01527570839971304
vn -0.4107626676559448 -0.883672833442688 0.22449147701263428
vn -0.3303050994873047 -0.9396191239356995 0.08952335268259048
vn 0.9768931865692139 -0.0334617905318737 0.2110925167798996
vn 0.8535682559013367 -0.4532257318496704 0.2569196820259094
vn 0.03929588198661804 0.9919040203094482 0.1207570880651474
vn -0.1299668401479721 0.9377618432044983 0.3220425546169281
vn -0.7410110235214233 0.1673477590084076 0.6503056883811951
vn 0.3844936788082123 0.9220125675201416 -0.04535963758826256
vn -0.7344849109649658 -0.26200997829437256 0.6260053515434265
vn 0.26711413264274597 0.9550572633743286 -0.12851393222808838
vn -0.5626572370529175 -0.6706981658935547 0.4833020865917206
vn -0.6481007933616638 -0.7430534362792969 0.16684432327747345
vn -0.7149470448493958 -0.6705135107040405 0.19814731180667877
vn 0.42569324374198914 0.9044591784477234 0.027184437960386276
vn 0.33841967582702637 0.9409501552581787 0.009219659492373466
vn 0.39832913875579834 0.9172411561012268 -0.0015759962843731046
vn 0.4557203948497772 0.8898836374282837 0.020643142983317375
vn 0.6597541570663452 0.7502156496047974 0.043600112199783325
vn 0.930229127407074 0.3489306569099426 0.11367125809192657
vn 0.9650407433509827 0.1145680695772171 0.23573416471481323
vn -0.5068457722663879 -0.8619946837425232 -0.00851573795080185
vn 0.9212620854377747 -0.2541118860244751 0.29445451498031616
vn 0.8021271824836731 -0.5481691360473633 0.23685991764068604
vn 0.269508421421051 -0.9278861284255981 0.2576676607131958
vn -0.14356878399848938 -0.9743109345436096 0.1735113263130188
vn -0.4303111433982849 -0.8996244072914124 0.07421788573265076
vn -0.2847764492034912 0.8278799057006836 0.4832361936569214
vn 0.2619691789150238 0.9638731479644775 0.0481744259595871
vn -0.5527031421661377 0.41312089562416077 0.7237751483917236
vn -0.6326794624328613 -0.11207745969295502 0.7662606835365295
vn 0.4792499840259552 0.8740540742874146 -0.0796804130077362
vn -0.5988994240760803 -0.4990365505218506 0.6263241767883301
vn 0.32264938950538635 0.9352132678031921 -0.14585469663143158
vn -0.7082904577255249 -0.5659733414649963 0.42189905047416687
vn -0.8365346193313599 -0.44757211208343506 0.3160524368286133
vn 0.35891005396842957 0.9238544702529907 -0.13295315206050873
vn 0.4264557957649231 0.9011989235877991 -0.07730447500944138
vn -0.7904795408248901 -0.5696343183517456 0.2250753492116928
vn 0.450248122215271 0.8914894461631775 0.05023149028420448
vn -0.5879805684089661 -0.7920951247215271 0.16390317678451538
vn 0.3608642816543579 0.9325252771377563 -0.013173519633710384
vn -0.4154900312423706 -0.8746671676635742 0.24965079128742218
vn -0.5333986878395081 -0.8315484523773193 0.15496158599853516
vn 0.8386804461479187 0.5257951021194458 0.14196698367595673
vn -0.32247430086135864 -0.9336996674537659 0.15561269223690033
vn -0.2935197949409485 -0.9478734135627747 0.12402501702308655
vn -0.45107805728912354 -0.8924222588539124 0.010544135235249996
vn 0.9479228258132935 -0.12159495800733566 0.2943757474422455
vn -0.48769626021385193 -0.8728811144828796 0.015199679881334305
vn -0.46799254417419434 -0.8837324380874634 -0.00027077982667833567
vn 0.06030019372701645 0.986642599105835 0.1513284146785736
vn -0.09430817514657974 0.9612745046615601 0.2589544355869293
vn -0.2275385707616806 0.8968272805213928 0.37937724590301514
vn 0.44678640365600586 0.8872276544570923 -0.1149308905005455
vn -0.6325466632843018 -0.4726216495037079 0.6136069893836975
vn 0.24787944555282593 0.9638808965682983 -0.0974140390753746
vn 0.3477287292480469 0.9341788291931152 -0.0799667239189148
vn 0.3456527888774872 0.9270190000534058 -0.14546482264995575
vn 0.4317115843296051 0.8998110294342041 -0.0629701167345047
vn 0.3819972276687622 0.9234456419944763 -0.03641766309738159
vn 0.5971879363059998 0.8010575175285339 0.040908269584178925
vn 0.6217837929725647 0.7808106541633606 0.0609896145761013
vn -0.4762961268424988 -0.8669990301132202 0.14647389948368073
vn 0.7231849431991577 0.6659159660339355 0.18319271504878998
vn -0.4804293215274811 -0.8612223863601685 0.16578231751918793
vn -0.22136496007442474 -0.9658715724945068 0.13449786603450775
vn -0.5201042890548706 -0.8534150719642639 -0.034268174320459366
vn 0.919119656085968 -0.2799304723739624 0.27723267674446106
vn 0.6282376050949097 -0.7399270534515381 0.24046944081783295
vn -0.47586700320243835 -0.8792482614517212 -0.021753832697868347
vn 0.33233731985092163 -0.9203832149505615 0.2060261070728302
vn -0.26126450300216675 -0.9624475836753845 0.0737260952591896
vn 0.026695966720581055 -0.9901984930038452 0.13709218800067902
vn 0.17318816483020782 0.9698008894920349 0.17173251509666443
vn 0.11132950335741043 0.9815411567687988 0.15550823509693146
vn -0.05131959542632103 0.9633830785751343 0.2631717920303345
vn -0.4379127025604248 0.6763749718666077 0.5922410488128662
vn 0.374698668718338 0.9260820746421814 0.04441766440868378
vn -0.6215485334396362 0.5714932680130005 0.5357918739318848
vn -0.6012055277824402 0.33918696641921997 0.7235358357429504
vn -0.752417802810669 0.26172733306884766 0.6044553518295288
vn -0.6936560869216919 -0.06517793238162994 0.7173514366149902
vn 0.4713226854801178 0.8819378614425659 -0.006368433125317097
vn -0.7752581834793091 -0.37605416774749756 0.5075018405914307
vn -0.7968119382858276 -0.04657689854502678 0.6024295091629028
vn -0.8623648881912231 -0.4530984163284302 0.22589541971683502
vn -0.6822618246078491 -0.6783719658851624 0.272635817527771
vn 0.46434158086776733 0.8834373354911804 0.06265293061733246
vn 0.4122367203235626 0.9107967615127563 0.022588543593883514
vn 0.30593374371528625 0.9518818855285645 -0.018041500821709633
vn -0.6533396244049072 -0.712169885635376 0.25682950019836426
vn -0.5108307003974915 -0.8385707139968872 0.18934419751167297
vn -0.369567334651947 -0.8991863131523132 0.23427341878414154
vn 0.513748288154602 0.8557587265968323 0.06115414574742317
vn -0.41771557927131653 -0.8658277988433838 0.2754196524620056
vn 0.6623250246047974 0.737647294998169 0.13115675747394562
vn -0.4928534924983978 -0.8579126000404358 0.14519482851028442
vn 0.9163032174110413 0.28448426723480225 0.2818813920021057
vn -0.4844914674758911 -0.8731046915054321 0.05437120795249939
vn 0.9459672570228577 -0.014369170181453228 0.32394370436668396
vn 0.9329085350036621 0.10032863914966583 0.3458552360534668
vn -0.5334174633026123 -0.8457086086273193 -0.0155846131965518
vn 0.27091333270072937 0.9510362148284912 0.14878225326538086
vn -0.8755901455879211 0.05635084584355354 0.47975674271583557
vn -0.877242922782898 -0.24059262871742249 0.41540366411209106
vn 0.2671055793762207 0.961922287940979 -0.05796671658754349
vn 0.5007006525993347 0.8654019236564636 0.019453631713986397
vn -0.7560003399848938 -0.6084285378456116 0.24140889942646027
vn -0.6591883897781372 -0.7072418332099915 0.2554986774921417
vn -0.6621689796447754 -0.703881025314331 0.25706779956817627
vn -0.6678452491760254 -0.7135456800460815 0.21174372732639313
vn 0.25070706009864807 0.9658163189888 -0.06591568887233734
vn -0.35838907957077026 -0.8739371299743652 0.32831573486328125
vn 0.4835994243621826 0.875048041343689 0.020554853603243828
vn -0.4547237157821655 -0.8727682828903198 0.1774878352880478
vn 0.8433120846748352 0.45485177636146545 0.28624242544174194
vn -0.3218674659729004 -0.9437728524208069 0.07545968145132065
vn 0.02466425485908985 0.9606608748435974 0.2766267657279968
vn -0.42010411620140076 0.7896285057067871 0.447212815284729
vn -0.20184391736984253 0.9062138795852661 0.371531218290329
vn 0.28122490644454956 0.9535837769508362 0.10765932500362396
vn -0.7894802093505859 0.36990660429000854 0.489785760641098
vn 0.3968462646007538 0.9178045392036438 -0.012163430452346802
vn 0.4296289384365082 0.9027770161628723 -0.020315444096922874
vn 0.3395509123802185 0.9393616914749146 -0.04800835996866226
vn 0.3769761025905609 0.9256933927536011 -0.03131766989827156
vn -0.4028894305229187 -0.8418532013893127 0.3591146171092987
vn -0.5339815020561218 -0.8255568146705627 0.18253681063652039
vn -0.5081257820129395 -0.854305624961853 0.1094081774353981
vn 0.7698979377746582 0.5732877254486084 0.28035417199134827
vn -0.26099687814712524 -0.9555115103721619 0.13739876449108124
vn -0.38909822702407837 -0.9177945852279663 0.07909295707941055
vn 0.9206786155700684 -0.05268394201993942 0.3867497146129608
vn -0.5364261269569397 -0.843603789806366 0.02407883293926716
vn 0.9392515420913696 -0.1303674578666687 0.31750741600990295
vn 0.8406540751457214 -0.4771600663661957 0.25616198778152466
vn -0.5165591239929199 -0.8562427163124084 -0.0038924342952668667
vn 0.3922913372516632 -0.8955227136611938 0.2101110816001892
vn 0.1688387244939804 0.9608142971992493 0.21983946859836578
vn 0.0711839348077774 0.9466665983200073 0.31425341963768005
vn -0.4815824329853058 0.7388228178024292 0.4714013934135437
vn 0.32950103282928467 0.9430524706840515 0.04561951756477356
vn 0.2746531665325165 0.960853636264801 -0.03641321510076523
vn -0.9334680438041687 -0.21144795417785645 0.28970208764076233
vn 0.45259836316108704 0.8910444974899292 0.0345623753964901
vn 0.40851154923439026 0.9123000502586365 0.02875702828168869
vn 0.41681578755378723 0.9078992605209351 -0.044537998735904694
vn -0.27587684988975525 -0.9107644557952881 0.30724599957466125
vn 0.7168089151382446 0.6643484830856323 0.21172171831130981
vn 0.8892698287963867 0.24193014204502106 0.38816097378730774
vn -0.39353546500205994 -0.9051957726478577 0.16046975553035736
vn -0.2967940866947174 -0.943232536315918 0.14908309280872345
vn -0.5584476590156555 -0.8286452293395996 0.03851357847452164
vn -0.5095482468605042 -0.8602072596549988 0.020100953057408333
vn -0.21428681910037994 0.8789894580841064 0.4259796738624573
vn 0.1187468022108078 0.9877331256866455 0.10140261799097061
vn -0.9090201258659363 0.12359345704317093 0.3980039358139038
vn 0.33984774351119995 0.9398971796035767 -0.03311959654092789
vn -0.9097737073898315 -0.3392795920372009 0.23916780948638916
vn -0.8376073837280273 -0.5114136934280396 0.19201572239398956
vn 0.52803635597229 0.8483346104621887 0.03880646452307701
vn -0.7132342457771301 -0.6803910136222839 0.16841939091682434
vn -0.6966251134872437 -0.7011806964874268 0.15185204148292542
vn -0.2809438109397888 -0.9029375314712524 0.32522979378700256
vn -0.30267125368118286 -0.9203196167945862 0.2477942705154419
vn -0.42651763558387756 -0.8348737955093384 0.3479490876197815
vn 0.6295832991600037 0.763556182384491 0.14355088770389557
vn -0.5860838294029236 -0.8032190203666687 0.10651277005672455
vn -0.43611517548561096 -0.8950355648994446 0.09335406869649887
vn 0.7716934084892273 0.5679218173027039 0.28627631068229675
vn 0.8306323289871216 0.4253256320953369 0.3593718111515045
vn 0.9049222469329834 0.08124054223299026 0.41775083541870117
vn -0.489297091960907 -0.8712976574897766 0.03779997304081917
vn 0.9222049713134766 -0.22988064587116241 0.31095483899116516
vn 0.8693288564682007 -0.31455379724502563 0.38121289014816284
vn 0.6838083863258362 -0.6616458892822266 0.3076212406158447
vn -0.5143354535102844 -0.8553784489631653 0.061537131667137146
vn 0.13569018244743347 -0.9705435633659363 0.19908133149147034
vn -0.12117043882608414 -0.9805244207382202 0.1545625776052475
vn -0.5777724981307983 0.616117000579834 0.5353306531906128
vn 0.17418593168258667 0.9838356971740723 0.04155205190181732
vn 0.2640695571899414 0.9644920229911804 -0.004733497276902199
vn -0.7592110633850098 0.4550817012786865 0.4652947783470154
vn 0.3334936201572418 0.9414462447166443 -0.04960943013429642
vn 0.5412975549697876 0.8401187062263489 0.034606609493494034
vn -0.6356734037399292 -0.760669469833374 0.13153424859046936
vn 0.23529310524463654 0.9718254804611206 -0.013872558251023293
vn -0.4731226861476898 -0.8610684871673584 0.1863226741552353
vn 0.4277005195617676 0.9034566879272461 0.028954599052667618
vn 0.43539899587631226 0.898815393447876 0.05058283358812332
vn 0.497346431016922 0.8643648624420166 0.07429607212543488
vn 0.6951560378074646 0.6801663637161255 0.23266270756721497
vn -0.5477772951126099 -0.8362142443656921 0.026188718155026436
vn -0.574683666229248 -0.8181225657463074 0.020350083708763123
vn -0.4798460006713867 -0.8766882419586182 0.03414161130785942
vn 0.396729052066803 -0.8418357968330383 0.3659489154815674
vn -0.04178816080093384 0.9348402619361877 0.3526011109352112
vn -0.014954620972275734 0.9929182529449463 0.11785468459129333
vn -0.015246511436998844 0.9667889475822449 0.2551209628582001
vn -0.19249364733695984 0.9357385039329529 0.2955329716205597
vn -0.49320393800735474 0.7841019630432129 0.3767412602901459
vn -0.5568739771842957 0.6577527523040771 0.5072008967399597
vn -0.8925370573997498 0.23251847922801971 0.3864101767539978
vn -0.94235759973526 -0.11083856970071793 0.31571680307388306
vn 0.3767494261264801 0.9261234402656555 0.018848512321710587
vn 0.2912127673625946 0.9566344022750854 -0.00677060941234231
vn -0.9125431776046753 -0.32770615816116333 0.24469098448753357
vn 0.5504899621009827 0.8343055248260498 -0.02992059476673603
vn -0.7110489010810852 -0.6994380354881287 0.07208286225795746
vn 0.36533620953559875 0.9307171702384949 -0.017179520800709724
vn 0.2641652226448059 0.9640146493911743 -0.02987540513277054
vn 0.4086794853210449 0.9126583337783813 -0.005988392047584057
vn -0.39366665482521057 -0.8868467807769775 0.24192868173122406
vn -0.25093910098075867 -0.9507734179496765 0.18182271718978882
vn -0.4919480085372925 -0.8237465620040894 0.281831294298172
vn 0.5294356942176819 0.8367781639099121 0.13964350521564484
vn -0.6141817569732666 -0.7771267294883728 0.13731329143047333
vn -0.39211490750312805 -0.9195601940155029 0.025593912228941917
vn -0.3156949579715729 -0.9450418949127197 0.08504407107830048
vn -0.3024364113807678 -0.950058102607727 0.07695357501506805
vn -0.504448652267456 -0.8633567094802856 0.01211649551987648
vn 0.023347551003098488 -0.9634642004966736 0.26681774854660034
vn -0.9514188766479492 -0.07509589940309525 0.2986014485359192
vn 0.4875558018684387 0.8718961477279663 0.04567814990878105
vn -0.830316424369812 -0.5466364622116089 0.10845845192670822
vn 0.5457319021224976 0.8321645259857178 -0.09838134795427322
vn 0.44515132904052734 0.8932727575302124 -0.06248271092772484
vn 0.3953230082988739 0.9178301692008972 -0.03615938872098923
vn -0.6752987504005432 -0.7347482442855835 0.06416172534227371
vn 0.3300825357437134 0.9439511299133301 -0.0013794692931696773
vn -0.34903523325920105 -0.9168236255645752 0.19392997026443481
vn -0.5564264059066772 -0.8243229389190674 0.10431413352489471
vn 0.5925617814064026 0.7780470252037048 0.20859870314598083
vn -0.6527223587036133 -0.7573153376579285 0.02066688984632492
vn 0.7506967782974243 0.5869910717010498 0.3031435012817383
vn 0.8083993792533875 0.4702005982398987 0.35412129759788513
vn -0.41220423579216003 -0.9078952074050903 0.076249860227108
vn 0.88730788230896 0.1812816560268402 0.42405393719673157
vn -0.491434246301651 -0.8703439235687256 0.03152570500969887
vn 0.7188156247138977 -0.5464036464691162 0.42982217669487
vn -0.36646682024002075 -0.9221637845039368 0.12375814467668533
vn -0.18460804224014282 -0.9593034386634827 0.2136744111776352
vn 0.4871143102645874 0.8722795248031616 0.04298907890915871
vn -0.4194360077381134 -0.9046745896339417 0.0750827044248581
vn -0.24447976052761078 -0.9552287459373474 0.16663649678230286
vn 0.509730339050293 0.8527840375900269 0.11372967809438705
vn -0.6504578590393066 -0.7586491107940674 0.03682678937911987
vn -0.607590913772583 -0.792507529258728 -0.052584875375032425
vn 0.7002004981040955 0.6488702893257141 0.29780298471450806
vn -0.46214771270751953 -0.8862953782081604 -0.030000967904925346
vn -0.44261759519577026 -0.8938945531845093 0.07100889831781387
vn 0.8654605746269226 0.3056139647960663 0.3969612121582031
vn -0.5075880289077759 -0.8610472083091736 0.030856946483254433
vn 0.9040030837059021 -0.14485524594783783 0.40223804116249084
vn -0.5166788697242737 -0.8553848266601562 0.03687617555260658
vn 0.2079867720603943 0.9778804183006287 0.022170182317495346
vn 0.04513773322105408 0.9975050091743469 0.05428045988082886
vn -0.19003982841968536 0.9718121290206909 0.1395210176706314
vn -0.4167700409889221 0.8803432583808899 0.2264917492866516
vn 0.3412754237651825 0.939873993396759 0.012959147803485394
vn -0.6979575753211975 0.6313555240631104 0.33800217509269714
vn -0.8995586633682251 0.2828556001186371 0.3328467309474945
vn 0.28941696882247925 0.9563561677932739 0.04026016220450401
vn 0.45085409283638 0.892550528049469 0.009176385588943958
vn -0.78873211145401 -0.6093223094940186 0.08141298592090607
vn 0.3822427988052368 0.9235036969184875 -0.0321161262691021
vn 0.3580925762653351 0.9327342510223389 -0.042149852961301804
vn 0.27624309062957764 0.9605394601821899 -0.03246293589472771
vn -0.35564956068992615 -0.9176244735717773 0.17742249369621277
vn 0.5681840181350708 0.7973584532737732 0.20343661308288574
vn -0.694521427154541 -0.7181696891784668 -0.04327012225985527
vn 0.6417796611785889 0.719214677810669 0.26617518067359924
vn -0.3142288625240326 -0.9486594200134277 0.03613169491291046
vn -0.42331528663635254 -0.9043452739715576 0.0544406995177269
vn 0.9008398652076721 0.09009809792041779 0.4246997833251953
vn 0.917524516582489 0.015972113236784935 0.3973584473133087
vn 0.8087558746337891 -0.3928017020225525 0.4377450942993164
vn 0.6440068483352661 -0.6194746494293213 0.4488946497440338
vn -0.4219079315662384 -0.9031897783279419 0.07900615781545639
vn 0.35637834668159485 -0.846571683883667 0.3953617811203003
vn 0.10179132968187332 -0.9382550716400146 0.33062970638275146
vn 0.17837655544281006 0.9838695526123047 0.013511880300939083
vn -0.9339880347251892 -0.30945220589637756 0.1786217838525772
vn -0.5954334139823914 -0.7933970093727112 0.12641333043575287
vn -0.48442500829696655 -0.856498122215271 0.17816683650016785
vn -0.32615548372268677 -0.9395490288734436 0.10426037758588791
vn -0.4479668140411377 -0.8905083537101746 0.07950237393379211
vn 0.7592843770980835 0.557378888130188 0.33588096499443054
vn -0.32060912251472473 -0.9472103714942932 0.0015483215684071183
vn -0.2677595317363739 -0.9588097333908081 0.09480920433998108
vn -0.3040474057197571 -0.9487577080726624 0.08610498160123825
vn -0.523546576499939 -0.851855993270874 -0.015503979288041592
vn 0.6153925657272339 -0.6735024452209473 0.40949535369873047
vn -0.2954210638999939 -0.9432299137115479 0.15180160105228424
vn -0.1344173699617386 0.9847338795661926 0.11059492081403732
vn -0.34290775656700134 0.9162085652351379 0.20730699598789215
vn 0.28910547494888306 0.9498291611671448 0.11934270709753036
vn 0.33196574449539185 0.9355165958404541 0.1208614856004715
vn -0.7691351771354675 0.5672869682312012 0.29430708289146423
vn -0.921424150466919 0.27327537536621094 0.2762211263179779
vn -0.9675764441490173 0.03074568882584572 0.25070011615753174
vn 0.5083146095275879 0.8610082864761353 0.01676666922867298
vn -0.9158365726470947 -0.37535956501960754 0.14264892041683197
vn -0.6953446865081787 -0.7067173719406128 0.13056190311908722
vn -0.6378159523010254 -0.7698584198951721 0.022555705159902573
vn -0.5390557050704956 -0.8414258360862732 0.037703510373830795
vn 0.5708135366439819 0.8060505986213684 0.15637902915477753
vn -0.6858208775520325 -0.7270368933677673 -0.032668501138687134
vn 0.8700234889984131 0.3455808460712433 0.35161498188972473
vn -0.45460245013237 -0.8891043663024902 0.05319841206073761
vn 0.9142290949821472 0.1495397388935089 0.3765941858291626
vn -0.4744420349597931 -0.880254328250885 -0.007557766046375036
vn 0.8439962863922119 -0.3690025508403778 0.3892395794391632
vn 0.2911892235279083 -0.8772749304771423 0.3815726339817047
vn -0.05187155306339264 -0.9638555645942688 0.2613269090652466
vn 0.17911069095134735 0.9695762395858765 0.16685719788074493
vn -0.5511506199836731 0.7928152084350586 0.26014837622642517
vn 0.5916289687156677 0.799221932888031 0.10592225193977356
vn -0.7086616158485413 -0.7054244875907898 -0.013233887031674385
vn 0.7220772504806519 0.6077957153320312 0.3304373621940613
vn -0.47498586773872375 -0.8793727159500122 -0.033046528697013855
vn -0.5533673167228699 -0.8328870534896851 0.00915380660444498
vn -0.45953935384750366 -0.8876049518585205 0.031322725117206573
vn 0.9177024960517883 -0.13081592321395874 0.3751125633716583
vn -0.3576947748661041 -0.921592652797699 0.15073645114898682
vn 0.03332041576504707 0.9785470366477966 0.20331139862537384
vn 0.30201345682144165 0.928144633769989 0.21756693720817566
vn 0.279535710811615 0.9470161199569702 0.15817810595035553
vn 0.29023998975753784 0.9568904638290405 0.011020242236554623
vn 0.1926761418581009 0.9775892496109009 0.0848243460059166
vn -0.9732018113136292 -0.005363442935049534 0.229890376329422
vn -0.825111985206604 -0.5320866107940674 0.18993191421031952
vn -0.5235385894775391 -0.8327974081039429 0.17987750470638275
vn 0.4209281802177429 0.9063238501548767 0.03737111762166023
vn 0.6778079867362976 0.6733413338661194 0.29527583718299866
vn -0.32738447189331055 -0.9376947283744812 0.1163964793086052
vn 0.9096820950508118 0.20816785097122192 0.3593670725822449
vn 0.9243862628936768 0.03439367935061455 0.37990424036979675
vn 0.8463162183761597 -0.31315281987190247 0.43091100454330444
vn -0.46471452713012695 -0.8808882832527161 0.08986809104681015
vn 0.638668417930603 -0.6341961026191711 0.43577295541763306
vn -0.20901954174041748 -0.9526879191398621 0.22067314386367798
vn -0.17222747206687927 0.9567829370498657 0.23431630432605743
vn -0.8917688131332397 0.3540197014808655 0.28181296586990356
vn -0.9253591299057007 -0.2500883638858795 0.2848971486091614
vn 0.3726353645324707 0.9278742074966431 -0.013871441595256329
vn -0.5975783467292786 -0.7737439274787903 0.21028651297092438
vn -0.4220619201660156 -0.8929561972618103 0.15650241076946259
vn 0.5407977104187012 0.8377864956855774 0.07517735660076141
vn 0.6341679096221924 0.7409358024597168 0.2210095077753067
vn -0.3167243003845215 -0.948039174079895 0.030124612152576447
vn 0.8143455982208252 0.46373751759529114 0.3489825427532196
vn -0.4242922365665436 -0.905174195766449 0.02521403506398201
vn -0.5035277009010315 -0.8639760613441467 -0.0022798809222877026
vn 0.3452994227409363 -0.8574536442756653 0.38149920105934143
vn 0.022404851391911507 -0.9452075958251953 0.32570019364356995
vn 0.18385200202465057 0.9563373327255249 0.22719454765319824
vn -0.5189867615699768 0.8106489777565002 0.27111077308654785
vn -0.7061322331428528 -0.6631306409835815 0.24826417863368988
vn 0.37186357378959656 0.9282807111740112 -0.00354066863656044
vn 0.3694741129875183 0.9288968443870544 0.02529021166265011
vn -0.45459577441215515 -0.874093234539032 0.17118307948112488
vn -0.5337930917739868 -0.8404342532157898 0.09346260130405426
vn 0.6493397355079651 0.7340381741523743 0.19886168837547302
vn -0.5258962512016296 -0.8498134016990662 0.03536071628332138
vn -0.3226374089717865 -0.9437945485115051 0.07181248813867569
vn -0.4045008420944214 -0.9121301770210266 0.06631443649530411
vn 0.8728442788124084 -0.19197341799736023 0.4486525058746338
vn -0.45386484265327454 -0.8864850401878357 0.09028342366218567
vn 0.6355696320533752 -0.573919951915741 0.5163982510566711
vn 0.2499968260526657 -0.8852522373199463 0.39221179485321045
vn -0.23858854174613953 -0.9424916505813599 0.23406212031841278
vn -0.05729878321290016 0.972019612789154 0.22780434787273407
vn -0.30573463439941406 0.9152193069458008 0.26248809695243835
vn 0.18985693156719208 0.9718136787414551 0.1397590935230255
vn 0.09946940839290619 0.994403600692749 0.035600293427705765
vn 0.4744385778903961 0.8799224495887756 0.025389840826392174
vn -0.9443283677101135 0.08334387093782425 0.31827303767204285
vn -0.7930906414985657 -0.5131900906562805 0.32809025049209595
vn 0.3817209303379059 0.9241665601730347 -0.014331451617181301
vn -0.5001115202903748 -0.8323746919631958 0.23883235454559326
vn 0.5937061309814453 0.7827976942062378 0.1863892525434494
vn -0.6386863589286804 -0.7639315724372864 0.09213245660066605
vn 0.7576501965522766 0.5252276659011841 0.3874301314353943
vn 0.8993878960609436 0.10728859156370163 0.42378127574920654
vn -0.3324844539165497 -0.9215359091758728 0.20056360960006714
vn -0.7417998909950256 0.6019946336746216 0.2955257296562195
vn -0.9305276274681091 -0.04743751138448715 0.3631364107131958
vn 0.43315979838371277 0.9011937379837036 0.014914647676050663
vn 0.4864541292190552 0.8654979467391968 0.11948087066411972
vn 0.7019988894462585 0.6541882157325745 0.28148791193962097
vn -0.7177855372428894 -0.6962631940841675 0.0012635323219001293
vn 0.7136397957801819 0.6069866418838501 0.3496933877468109
vn -0.35428953170776367 -0.9230382442474365 0.14993131160736084
vn -0.2770119607448578 -0.950221598148346 0.142629936337471
vn -0.4518202543258667 -0.8842786550521851 0.11793996393680573
vn 0.8694117665290833 0.32829660177230835 0.369248628616333
vn -0.5785722732543945 -0.8129319548606873 0.06630130857229233
vn -0.5619118213653564 -0.8211750984191895 0.09963220357894897
vn 0.8759191632270813 -0.14360545575618744 0.46059006452560425
vn 0.24580472707748413 -0.8584378361701965 0.45018279552459717
vn -0.07927097380161285 -0.9372797012329102 0.3394450843334198
vn 0.07790157943964005 0.9859806299209595 0.14755889773368835
vn 0.08907335996627808 0.9942697882652283 0.05910634621977806
vn -0.31866011023521423 0.9110636711120605 0.26156988739967346
vn -0.8829954266548157 0.31037262082099915 0.3521192967891693
vn 0.5185033679008484 0.8546012043952942 0.02848137728869915
vn -0.8679792881011963 -0.296725332736969 0.39820361137390137
vn 0.368632048368454 0.9295477271080017 0.007179765962064266
vn -0.6487776041030884 -0.6853107810020447 0.3308124542236328
vn -0.501429557800293 -0.8465710282325745 0.1785663366317749
vn -0.5439501404762268 -0.8351602554321289 0.0813978984951973
vn -0.5828509330749512 -0.8119467496871948 0.032050155103206635
vn -0.5129497647285461 -0.8502237200737 0.11833097785711288
vn -0.34703370928764343 -0.9238688349723816 0.1613507866859436
vn -0.3018927276134491 -0.929099977016449 0.21362163126468658
vn -0.39096757769584656 -0.9024121761322021 0.18109840154647827
vn 0.7828506827354431 -0.3716515600681305 0.499019056558609
vn 0.8626634478569031 -0.09754383563995361 0.49628323316574097
vn -0.4411485195159912 -0.877500057220459 0.18810011446475983
vn 0.6420884132385254 -0.5276800394058228 0.5561261177062988
vn 0.5432591438293457 -0.6682173609733582 0.5082863569259644
vn 0.39493507146835327 -0.7504957318305969 0.5298891067504883
vn 0.14844244718551636 -0.8550142049789429 0.49690598249435425
vn 0.10235036909580231 0.9912900328636169 0.0828762799501419
vn -0.6040486693382263 -0.7385548949241638 0.29943597316741943
vn 0.5037206411361694 0.8498957753181458 0.15473432838916779
vn 0.561447024345398 0.7964401245117188 0.2246340662240982
vn -0.6535588502883911 -0.7563523650169373 -0.02814101055264473
vn 0.6382015943527222 0.6967836022377014 0.3274008631706238
vn 0.6952129006385803 0.6546081304550171 0.2969296872615814
vn -0.42352092266082764 -0.8715025782585144 0.2472110241651535
vn 0.720769464969635 0.5442965626716614 0.4292234480381012
vn -0.3344830274581909 -0.9220603108406067 0.1947457194328308
vn 0.8166983127593994 0.31342974305152893 0.4845261871814728
vn -0.38415369391441345 -0.9151325821876526 0.12230417877435684
vn 0.7629814147949219 -0.2999696731567383 0.5726059675216675
vn -0.22744736075401306 -0.9087945818901062 0.34980008006095886
vn 0.27986830472946167 0.9547595977783203 0.10053809732198715
vn -0.6081348657608032 0.7171057462692261 0.34048688411712646
vn -0.9056703448295593 0.039045970886945724 0.4221808910369873
vn -0.7303746342658997 -0.5534076690673828 0.4003659188747406
vn 0.4097282886505127 0.9113756418228149 0.0389520525932312
vn 0.5979297161102295 0.7441998720169067 0.29773589968681335
vn 0.7106760740280151 0.6019989252090454 0.36405596137046814
vn -0.671448826789856 -0.7410168647766113 0.00711038475856185
vn -0.3471091389656067 -0.9074692130088806 0.2366747111082077
vn -0.3222517669200897 -0.8984629511833191 0.2981915771961212
vn 0.7859819531440735 0.09629139304161072 0.6107048988342285
vn -0.2868852913379669 -0.9166482090950012 0.27830374240875244
vn 0.6615069508552551 -0.20457880198955536 0.7214957475662231
vn 0.013020952232182026 -0.8162195682525635 0.577595055103302
vn 0.04100964963436127 0.9843196868896484 0.1715603768825531
vn -0.12411165982484818 0.9665097594261169 0.224622443318367
vn 0.4338979721069336 0.8970094323158264 0.08430086076259613
vn -0.7566182613372803 0.4356328845024109 0.48759910464286804
vn -0.8366577625274658 -0.16212427616119385 0.5231820940971375
vn -0.7677066922187805 -0.3639289438724518 0.5274296402931213
vn -0.7293339967727661 -0.6163443922996521 0.29697057604789734
vn 0.4394169747829437 0.8941403031349182 0.08617342263460159
vn -0.6327074766159058 -0.757339358329773 0.161611869931221
vn 0.6197759509086609 0.7371290922164917 0.2692925035953522
vn -0.567579448223114 -0.8121599555015564 0.13509219884872437
vn -0.31476259231567383 -0.8887389302253723 0.33326807618141174
vn -0.3060263693332672 -0.9001796245574951 0.3098781704902649
vn -0.4375055730342865 -0.8731791377067566 0.2148188203573227
vn 0.7468322515487671 0.4283377230167389 0.5086928606033325
vn -0.6003592014312744 -0.7851118445396423 0.15221107006072998
vn -0.3826296627521515 -0.8977615833282471 0.21821719408035278
vn -0.41143080592155457 -0.861442506313324 0.2977273762226105
vn 0.5020323991775513 -0.5552399754524231 0.6630777716636658
vn 0.32309266924858093 -0.5693232417106628 0.755964457988739
vn -0.1080956682562828 -0.7989621758460999 0.591586709022522
vn -0.32435113191604614 -0.833856999874115 0.446630597114563
vn 0.03665750101208687 0.9911103844642639 0.12789243459701538
vn -0.07089658081531525 0.9444721341133118 0.320852130651474
vn -0.32161861658096313 0.8436243534088135 0.4299528896808624
vn 0.38053280115127563 0.9246293902397156 0.01598234288394451
vn -0.7380438446998596 -0.516119658946991 0.4346398115158081
vn 0.40439724922180176 0.9126454591751099 0.05950714647769928
vn -0.6252796649932861 -0.779906153678894 0.027781853452324867
vn 0.6479093432426453 0.6708997488021851 0.3607036769390106
vn -0.4783937335014343 -0.8481661677360535 0.22749421000480652
vn -0.3081137239933014 -0.8919390439987183 0.33092406392097473
vn 0.748717188835144 0.5252243876457214 0.40442800521850586
vn -0.3786503076553345 -0.881183385848999 0.283089816570282
vn -0.542742908000946 -0.8216900825500488 0.17394116520881653
vn 0.751720666885376 0.26049259305000305 0.6058544516563416
vn -0.31195348501205444 -0.8423361778259277 0.4394937753677368
vn 0.018187008798122406 0.9870877265930176 0.15914496779441833
vn -0.03658958524465561 0.9670771956443787 0.25183916091918945
vn -0.5842089056968689 0.5436487793922424 0.6026158928871155
vn 0.2589016258716583 0.958125650882721 0.12233265489339828
vn -0.7826605439186096 0.056825581938028336 0.619849443435669
vn -0.666060745716095 0.1981697529554367 0.71909099817276
vn -0.7584388852119446 -0.6347007155418396 0.14807240664958954
vn 0.4973907470703125 0.849086344242096 0.17791812121868134
vn 0.5844783782958984 0.7673989534378052 0.2635979950428009
vn -0.6756658554077148 -0.7372026443481445 -0.0028196978382766247
vn 0.6414480805397034 0.6588190793991089 0.3930671215057373
vn -0.4720273017883301 -0.8802700042724609 0.04811474308371544
vn -0.3319598138332367 -0.923945426940918 0.1900726705789566
vn -0.3364306092262268 -0.879525899887085 0.33652448654174805
vn -0.4837316572666168 -0.848167359828949 0.21590688824653625
vn 0.746387779712677 0.3393860459327698 0.5724704265594482
vn -0.5402209162712097 -0.8035978674888611 0.24978363513946533
vn 0.7117940187454224 0.11442717909812927 0.6930049061775208
vn 0.6364381313323975 -0.10303011536598206 0.7644156813621521
vn -0.5125163197517395 -0.8106912970542908 0.2830314040184021
vn 0.5035932064056396 -0.286257803440094 0.8151382803916931
vn -0.19349424540996552 -0.8860066533088684 0.42136964201927185
vn -0.2835901081562042 -0.8892138004302979 0.35899224877357483
vn 0.2916398048400879 -0.5028595924377441 0.8136820793151855
vn 0.09603461623191833 -0.6872804164886475 0.7200160026550293
vn -0.15246425569057465 -0.8029415011405945 0.5762288570404053
vn 0.06141068786382675 -0.6619462370872498 0.7470313906669617
vn 0.10488483309745789 0.9843634963035583 0.14151930809020996
vn 0.38169461488723755 0.9164462685585022 0.12014761567115784
vn 0.44750821590423584 0.8925877213478088 0.05498742312192917
vn -0.7559494972229004 -0.22311219573020935 0.6154359579086304
vn -0.8006541728973389 -0.4113103747367859 0.43563368916511536
vn -0.8728715777397156 -0.35349470376968384 0.3363581597805023
vn 0.6718771457672119 0.6523925065994263 0.3506639003753662
vn -0.612235426902771 -0.7903064489364624 -0.024157283827662468
vn 0.683684766292572 0.6185418963432312 0.38727399706840515
vn -0.3123033344745636 -0.9200423359870911 0.23661920428276062
vn 0.6703290939331055 0.6127412915229797 0.4185774028301239
vn 0.7424725890159607 0.4715195596218109 0.47581902146339417
vn 0.5756204724311829 -0.21368645131587982 0.7893030047416687
vn 0.46093758940696716 -0.41442254185676575 0.7847232222557068
vn 0.31856051087379456 -0.5360143780708313 0.7817978262901306
vn -0.17290304601192474 0.8757416605949402 0.4507562518119812
vn -0.07207278162240982 0.9781578779220581 0.19496862590312958
vn -0.37762176990509033 0.6022518873214722 0.7033452987670898
vn -0.8148410320281982 -0.07534635066986084 0.574766993522644
vn 0.34622275829315186 0.9357224106788635 0.06747899949550629
vn 0.47838446497917175 0.8673510551452637 0.13729728758335114
vn -0.8780540227890015 -0.4139612913131714 0.24011924862861633
vn 0.5566374659538269 0.7677126526832581 0.31744617223739624
vn -0.7724876403808594 -0.6213313341140747 0.13118773698806763
vn -0.4380277693271637 -0.8984271883964539 0.03098987601697445
vn -0.2729053497314453 -0.9523726105690002 0.13604870438575745
vn -0.4049215316772461 -0.8203415870666504 0.4038296043872833
vn 0.04990353435277939 -0.745136559009552 0.6650422811508179
vn -0.05210701748728752 -0.8326115012168884 0.551400899887085
vn -0.20152944326400757 -0.8451997637748718 0.4949982762336731
vn -0.2342403531074524 0.9113686084747314 0.33843570947647095
vn -0.3224145770072937 0.8308584690093994 0.4535669982433319
vn -0.38723838329315186 0.6874310374259949 0.6143981218338013
vn -0.41764628887176514 0.813514232635498 0.40468016266822815
vn -0.6074092388153076 0.6007593274116516 0.5197522044181824
vn -0.6234928369522095 0.2667255401611328 0.7349246740341187
vn -0.7957949638366699 0.3044714033603668 0.5234572887420654
vn -0.9055561423301697 0.000860419706441462 0.42422565817832947
vn -0.7007085084915161 -0.7123449444770813 0.03965175896883011
vn -0.2698756754398346 -0.9595379829406738 0.08033713698387146
vn 0.6280075907707214 0.636804461479187 0.44731050729751587
vn -0.2382071614265442 -0.9658308625221252 0.10211831331253052
vn 0.706195592880249 0.3948987126350403 0.5876588225364685
vn 0.716745138168335 0.45274537801742554 0.5303753614425659
vn -0.41300609707832336 -0.8700573444366455 0.26912111043930054
vn 0.6904780864715576 0.1634284406900406 0.7046496868133545
vn 0.6662710905075073 -0.003911897074431181 0.745699405670166
vn -0.4466356039047241 -0.8203567266464233 0.357115775346756
vn 0.43651914596557617 -0.39145052433013916 0.8100725412368774
vn -0.25307366251945496 -0.7557669878005981 0.6039618849754333
vn 0.2871304750442505 -0.5508288145065308 0.7836732864379883
vn 0.232253298163414 0.9579473733901978 0.16850876808166504
vn 0.38557198643684387 0.915312647819519 0.11634909361600876
vn 0.420511931180954 0.894092857837677 0.15416765213012695
vn -0.9370760917663574 -0.12881878018379211 0.3244906961917877
vn 0.5363966226577759 0.8164927363395691 0.2135845273733139
vn 0.5459170341491699 0.7981775403022766 0.2547297477722168
vn 0.6128634810447693 0.6578589081764221 0.4377443194389343
vn 0.6515235900878906 0.5668537020683289 0.5041764378547668
vn 0.6518754959106445 0.5323901176452637 0.5400177836418152
vn -0.6149584650993347 -0.7858725786209106 0.06504179537296295
vn 0.6159026026725769 0.5207602381706238 0.5911622643470764
vn -0.26711970567703247 -0.9543669819831848 0.13353194296360016
vn 0.5265242457389832 -0.2710195481777191 0.8058043718338013
vn -0.35967737436294556 -0.7945441603660583 0.4892154633998871
vn 0.3039530813694 -0.48842400312423706 0.8179575204849243
vn 0.20800837874412537 -0.6640481948852539 0.7181730270385742
vn 0.022794660180807114 -0.7407131195068359 0.6714347004890442
vn -0.148570716381073 -0.6892467737197876 0.7091302275657654
vn -0.01246314775198698 0.977436363697052 0.21086235344409943
vn -0.263172447681427 0.9370354413986206 0.22957560420036316
vn 0.349177747964859 0.913790225982666 0.2075149416923523
vn -0.7955995202064514 0.4975241720676422 0.3456750810146332
vn -0.6121873259544373 0.7308420538902283 0.30182215571403503
vn -0.9080623388290405 0.21243609488010406 0.3609623312950134
vn -0.8519703149795532 -0.4802042841911316 0.20868729054927826
vn -0.7652077078819275 -0.6370295882225037 0.0930083617568016
vn -0.27012714743614197 -0.9592873454093933 0.08245663344860077
vn 0.5698832273483276 0.5702422261238098 0.5916560292243958
vn -0.2787545323371887 -0.9247092008590698 0.2592466175556183
vn 0.5995241403579712 0.2698553502559662 0.7534911632537842
vn 0.5410665273666382 0.11452854424715042 0.8331448435783386
vn 0.4363390803337097 -0.11343204230070114 0.8926037549972534
vn -0.42106521129608154 0.8690475225448608 0.2597316801548004
vn 0.3352518379688263 0.9271029829978943 0.1675894856452942
vn -0.9202549457550049 0.30015885829925537 0.2510688602924347
vn -0.9675493240356445 0.019230784848332405 0.2519493103027344
vn -0.9352534413337708 -0.254853218793869 0.24566413462162018
vn 0.6248968839645386 0.6904323101043701 0.36442723870277405
vn 0.6543105244636536 0.49939587712287903 0.5678746104240417
vn 0.6864890456199646 0.5548767447471619 0.469941109418869
vn -0.8083614706993103 -0.5681012868881226 0.15431366860866547
vn 0.5774226188659668 0.4453313946723938 0.6842976212501526
vn 0.6483380198478699 0.34648996591567993 0.6779398918151855
vn 0.5013391971588135 0.3474554121494293 0.7924227714538574
vn -0.22149690985679626 -0.9708471298217773 0.0916241854429245
vn 0.33410727977752686 -0.11874079704284668 0.935025691986084
vn -0.2798353135585785 -0.832801103591919 0.4776343107223511
vn 0.2613939642906189 -0.2325057089328766 0.9368106722831726
vn -0.0011547609465196729 -0.5117005705833435 0.8591631054878235
vn -0.1833779215812683 -0.6795497536659241 0.7103412747383118
vn 0.10909296572208405 -0.467681884765625 0.8771387338638306
vn -0.036769624799489975 -0.6025565266609192 0.7972287535667419
vn 0.20184719562530518 0.9311180114746094 0.30377134680747986
vn -0.2242032140493393 0.9279533624649048 0.29771706461906433
vn 0.3115997314453125 0.9294906854629517 0.19736436009407043
vn 0.5244988203048706 0.8056990504264832 0.27522704005241394
vn 0.6021971702575684 0.7206045985221863 0.3436388373374939
vn 0.7414687275886536 0.37982168793678284 0.5531362295150757
vn -0.2911456525325775 -0.9511215090751648 0.10296651721000671
vn 0.4477795362472534 0.19372639060020447 0.8729052543640137
vn 0.28493577241897583 -0.046821437776088715 0.9574024081230164
vn -0.16389894485473633 -0.9556441307067871 0.2447068691253662
vn -0.22079260647296906 -0.9554011225700378 0.19611066579818726
vn -0.1521175652742386 -0.9163843989372253 0.3702700436115265
vn 0.14512987434864044 -0.3742977976799011 0.9158812761306763
vn 0.0699617937207222 -0.39010000228881836 0.918110728263855
vn 0.08072167634963989 -0.5260128974914551 0.8466371297836304
vn -0.0617220439016819 -0.7282247543334961 0.6825534105300903
vn -0.004007320385426283 0.9324077367782593 0.3613860607147217
vn 0.2930828928947449 0.9126389622688293 0.2849430739879608
vn -0.8550262451171875 0.45147910714149475 0.25514066219329834
vn 0.3812207281589508 0.8704854846000671 0.311329185962677
vn -0.9273647665977478 -0.3032199740409851 0.21920812129974365
vn 0.6541355848312378 0.6262826919555664 0.4241188168525696
vn 0.5649695992469788 0.029743840917944908 0.8245754837989807
vn 0.28701528906822205 -0.1512814313173294 0.9459049701690674
vn 0.46535253524780273 -0.37196192145347595 0.8031758666038513
vn 0.2708117961883545 -0.6939099431037903 0.6671956181526184
vn -0.03208601474761963 -0.9341564774513245 0.3554183542728424
vn 0.02084721252322197 -0.8616916537284851 0.5070039629936218
vn -0.40026843547821045 0.8514233231544495 0.338915079832077
vn -0.9270359873771667 0.0851338654756546 0.36518022418022156
vn -0.949846088886261 -0.1447882056236267 0.2771799862384796
vn 0.4893077313899994 0.7495598196983337 0.4458004832267761
vn -0.843625009059906 -0.47918233275413513 0.24224205315113068
vn 0.6772351861000061 0.472461074590683 0.5640329122543335
vn 0.7333500981330872 0.26678693294525146 0.6253178715705872
vn 0.7442269921302795 0.1459866762161255 0.6517776846885681
vn -0.8095347285270691 -0.5637366771697998 0.16387371718883514
vn 0.6876441240310669 -0.1565619707107544 0.7089667916297913
vn 0.7417258620262146 -0.07878509163856506 0.6660598516464233
vn 0.6059966087341309 -0.40379196405410767 0.6853613257408142
vn -0.17488409578800201 -0.9543230533599854 0.2422458380460739
vn -0.23695240914821625 -0.9202237725257874 0.3115154504776001
vn 0.1646854728460312 -0.8512108325958252 0.49831604957580566
vn -0.08665051311254501 -0.9226453900337219 0.3757888078689575
vn 0.23348203301429749 0.8896494507789612 0.39244115352630615
vn 0.11869396269321442 0.858992338180542 0.49804002046585083
vn 0.27611133456230164 0.894695520401001 0.3511161506175995
vn 0.24273689091205597 0.8523334860801697 0.4632563292980194
vn -0.6460761427879333 0.5708918571472168 0.5066242218017578
vn 0.5871162414550781 0.6294221878051758 0.5090405344963074
vn -0.878362238407135 -0.2971246540546417 0.37442857027053833
vn -0.26388341188430786 -0.9204869270324707 0.2882177233695984
vn 0.46400025486946106 -0.4936143755912781 0.7355600595474243
vn 0.17428408563137054 -0.7116656303405762 0.6805564761161804
vn -0.19727519154548645 -0.9064252376556396 0.3734646141529083
vn -0.15525217354297638 0.8413934707641602 0.5176426768302917
vn 0.3131549060344696 0.824120819568634 0.4719735085964203
vn -0.7889370918273926 -0.383192777633667 0.48035570979118347
vn 0.644477367401123 0.07348430156707764 0.7610841393470764
vn 0.6091165542602539 -0.18523535132408142 0.771145224571228
vn -0.5887523293495178 -0.7113937735557556 0.38378337025642395
vn -0.14612336456775665 -0.8894575834274292 0.4330280125141144
vn -0.07419784367084503 -0.8104698657989502 0.5810621380805969
vn -0.01372793409973383 0.6726513504981995 0.7398322820663452
vn -0.2533879578113556 0.6576029062271118 0.7094737887382507
vn 0.1413143277168274 0.7005437016487122 0.6994775533676147
vn 0.23359747231006622 0.7848473191261292 0.5739746689796448
vn -0.540025532245636 0.3385825753211975 0.7705415487289429
vn 0.32437664270401 0.6939462423324585 0.6428207159042358
vn -0.7729904055595398 0.08342485874891281 0.6289087533950806
vn 0.46918144822120667 0.6052165031433105 0.6431031823158264
vn -0.7904924154281616 -0.15746557712554932 0.5918837785720825
vn 0.5450714230537415 0.433617502450943 0.7175465226173401
vn 0.5809145569801331 0.18366089463233948 0.792973518371582
vn 0.48221489787101746 -0.19321055710315704 0.8544813990592957
vn 0.28684109449386597 -0.5115330219268799 0.8099730014801025
vn 0.3823777437210083 -0.41548237204551697 0.8253252506256104
vn -0.10963898152112961 -0.775460422039032 0.6218041777610779
vn -0.1280500739812851 -0.7818288803100586 0.6102021932601929
vn 0.041255883872509 -0.7009770274162292 0.7119896411895752
vn -0.26787447929382324 0.3220338225364685 0.9080405235290527
vn -0.36294811964035034 -0.0001876732421806082 0.9318093657493591
vn -0.6039265394210815 0.0012353005586192012 0.7970390319824219
vn -0.536419689655304 -0.2352598011493683 0.8104978799819946
vn 0.4984003007411957 0.17846202850341797 0.848379909992218
vn -0.4147394001483917 -0.5174379348754883 0.7484979629516602
vn -0.25913751125335693 -0.43030086159706116 0.8646900653839111
vn -0.13501864671707153 -0.6455817818641663 0.751660943031311
vn 0.42477330565452576 -0.18874703347682953 0.8854051232337952
vn -0.11884687840938568 -0.7242879867553711 0.6791777610778809
vn 0.2154259830713272 -0.48967134952545166 0.844874918460846
vn -0.02034210041165352 -0.5675296187400818 0.8231016993522644
vn -0.049485623836517334 0.44321751594543457 0.895047128200531
vn 0.15014365315437317 0.47001808881759644 0.8697929978370667
vn -0.06380818784236908 0.4814201593399048 0.8741642832756042
vn 0.3946022689342499 0.4468817710876465 0.8028610348701477
vn -0.13441944122314453 0.2440788298845291 0.9603942036628723
vn -0.21220092475414276 0.2081633359193802 0.9547978043556213
vn -0.26384982466697693 -0.11427737027406693 0.9577702879905701
vn 0.30305591225624084 0.21752531826496124 0.9278145432472229
vn 0.2192840874195099 -0.20701776444911957 0.9534454345703125
vn -0.1476515829563141 -0.3236809968948364 0.9345746040344238
vn 0.2504548728466034 -0.4391878843307495 0.8627783060073853
vn -0.028551897034049034 0.034209515899419785 0.9990067481994629
f 1//1 2//2 3//3
f 4//4 5//5 6//6
f 4//4 7//7 5//5
f 8//8 9//9 7//7
f 3//3 10//10 1//1
f 4//4 6//6 11//11
f 7//7 4//4 12//12
f 8//8 7//7 12//12
f 13//13 14//14 15//15
f 15//15 14//14 16//16
f 12//12 4//4 17//17
f 18//18 8//8 12//12
f 8//8 18//18 19//19
f 16//16 9//9 8//8
f 16//16 8//8 19//19
f 20//20 15//15 21//21
f 4//4 11//11 22//22
f 22//22 11//11 23//23
f 17//17 4//4 22//22
f 18//18 24//24 19//19
f 25//25 16//16 19//19
f 21//21 15//15 25//25
f 25//25 15//15 16//16
f 18//18 12//12 26//26
f 24//24 18//18 26//26
f 25//25 19//19 27//27
f 22//22 23//23 28//28
f 12//12 17//17 29//29
f 30//30 12//12 29//29
f 30//30 26//26 12//12
f 24//24 26//26 31//31
f 21//21 25//25 32//32
f 22//22 28//28 33//33
f 17//17 22//22 34//34
f 34//34 22//22 33//33
f 29//29 17//17 34//34
f 19//19 24//24 35//35
f 35//35 24//24 31//31
f 35//35 27//27 19//19
f 31//31 26//26 30//30
f 36//36 35//35 31//31
f 28//28 37//37 33//33
f 34//34 33//33 38//38
f 29//29 34//34 39//39
f 30//30 29//29 39//39
f 40//40 31//31 30//30
f 36//36 31//31 41//41
f 41//41 31//31 40//40
f 37//37 42//42 43//43
f 40//40 30//30 39//39
f 36//36 41//41 44//44
f 33//33 37//37 45//45
f 39//39 34//34 38//38
f 46//46 44//44 41//41
f 44//44 46//46 47//47
f 38//38 33//33 45//45
f 40//40 39//39 48//48
f 49//49 40//40 48//48
f 50//50 40//40 49//49
f 41//41 40//40 50//50
f 46//46 41//41 50//50
f 43//43 51//51 37//37
f 37//37 51//51 45//45
f 48//48 39//39 52//52
f 53//53 46//46 50//50
f 38//38 45//45 54//54
f 39//39 38//38 52//52
f 52//52 38//38 54//54
f 55//55 48//48 52//52
f 49//49 48//48 56//56
f 56//56 48//48 55//55
f 56//56 57//57 49//49
f 57//57 53//53 50//50
f 57//57 50//50 49//49
f 45//45 51//51 58//58
f 45//45 58//58 54//54
f 55//55 52//52 59//59
f 51//51 60//60 58//58
f 52//52 54//54 61//61
f 61//61 54//54 62//62
f 59//59 52//52 61//61
f 63//63 55//55 59//59
f 56//56 55//55 63//63
f 58//58 60//60 64//64
f 54//54 58//58 62//62
f 62//62 58//58 64//64
f 65//65 66//66 60//60
f 60//60 66//66 64//64
f 67//67 61//61 68//68
f 68//68 61//61 62//62
f 67//67 59//59 61//61
f 63//63 59//59 67//67
f 69//69 62//62 64//64
f 69//69 70//70 68//68
f 69//69 68//68 62//62
f 67//67 68//68 70//70
f 66//66 71//71 64//64
f 71//71 69//69 64//64
f 3//3 2//2 72//72
f 73//73 6//6 74//74
f 75//75 72//72 2//2
f 76//76 72//72 75//75
f 6//6 5//5 74//74
f 7//7 74//74 5//5
f 14//14 77//77 9//9
f 77//77 14//14 78//78
f 13//13 79//79 78//78
f 13//13 78//78 14//14
f 10//10 80//80 81//81
f 3//3 80//80 10//10
f 82//82 10//10 81//81
f 1//1 10//10 83//83
f 83//83 84//84 1//1
f 75//75 2//2 1//1
f 75//75 1//1 85//85
f 85//85 1//1 84//84
f 9//9 16//16 14//14
f 13//13 15//15 20//20
f 20//20 21//21 86//86
f 23//23 11//11 87//87
f 21//21 88//88 86//86
f 89//89 23//23 87//87
f 27//27 32//32 25//25
f 90//90 21//21 32//32
f 88//88 21//21 90//90
f 23//23 89//89 28//28
f 91//91 32//32 27//27
f 35//35 91//91 27//27
f 28//28 89//89 42//42
f 35//35 36//36 91//91
f 92//92 91//91 36//36
f 37//37 28//28 42//42
f 36//36 44//44 92//92
f 43//43 42//42 93//93
f 44//44 47//47 94//94
f 43//43 95//95 51//51
f 46//46 53//53 96//96
f 96//96 47//47 46//46
f 95//95 97//97 51//51
f 98//98 57//57 56//56
f 57//57 99//99 100//100
f 57//57 100//100 53//53
f 60//60 51//51 97//97
f 63//63 98//98 56//56
f 53//53 100//100 101//101
f 60//60 97//97 102//102
f 63//63 103//103 104//104
f 98//98 63//63 104//104
f 60//60 102//102 65//65
f 105//105 103//103 67//67
f 63//63 67//67 103//103
f 67//67 70//70 105//105
f 66//66 106//106 71//71
f 70//70 69//69 107//107
f 71//71 106//106 108//108
f 108//108 69//69 71//71
f 69//69 108//108 107//107
f 109//109 110//110 111//111
f 111//111 110//110 112//112
f 111//111 113//113 109//109
f 110//110 109//109 114//114
f 113//113 115//115 109//109
f 114//114 116//116 110//110
f 114//114 109//109 117//117
f 117//117 109//109 118//118
f 109//109 119//119 118//118
f 120//120 114//114 117//117
f 121//121 122//122 123//123
f 124//124 118//118 119//119
f 120//120 117//117 125//125
f 123//123 122//122 120//120
f 126//126 121//121 123//123
f 118//118 124//124 127//127
f 117//117 118//118 76//76
f 123//123 120//120 125//125
f 128//128 121//121 126//126
f 124//124 129//129 130//130
f 127//127 124//124 130//130
f 118//118 127//127 131//131
f 76//76 118//118 131//131
f 125//125 117//117 76//76
f 132//132 128//128 133//133
f 133//133 128//128 126//126
f 127//127 130//130 131//131
f 134//134 123//123 125//125
f 126//126 123//123 134//134
f 135//135 126//126 134//134
f 133//133 126//126 135//135
f 136//136 77//77 137//137
f 137//137 77//77 138//138
f 138//138 139//139 140//140
f 140//140 139//139 141//141
f 125//125 76//76 142//142
f 133//133 135//135 143//143
f 144//144 132//132 133//133
f 144//144 133//133 143//143
f 139//139 138//138 78//78
f 130//130 129//129 80//80
f 131//131 130//130 72//72
f 72//72 76//76 131//131
f 134//134 125//125 142//142
f 145//145 134//134 142//142
f 135//135 134//134 145//145
f 143//143 135//135 145//145
f 144//144 143//143 146//146
f 147//147 73//73 148//148
f 149//149 73//73 74//74
f 136//136 149//149 74//74
f 74//74 77//77 136//136
f 78//78 138//138 77//77
f 79//79 139//139 78//78
f 150//150 139//139 79//79
f 141//141 139//139 150//150
f 129//129 141//141 150//150
f 80//80 129//129 150//150
f 130//130 80//80 3//3
f 72//72 130//130 3//3
f 143//143 145//145 151//151
f 152//152 146//146 151//151
f 151//151 146//146 143//143
f 74//74 7//7 77//77
f 77//77 7//7 9//9
f 80//80 150//150 81//81
f 75//75 153//153 76//76
f 142//142 76//76 153//153
f 154//154 142//142 153//153
f 155//155 142//142 154//154
f 145//145 142//142 155//155
f 156//156 145//145 155//155
f 157//157 151//151 156//156
f 156//156 151//151 145//145
f 152//152 151//151 157//157
f 147//147 158//158 6//6
f 150//150 79//79 159//159
f 159//159 79//79 13//13
f 160//160 150//150 159//159
f 81//81 150//150 82//82
f 82//82 150//150 160//160
f 75//75 85//85 153//153
f 154//154 153//153 85//85
f 161//161 155//155 154//154
f 156//156 155//155 161//161
f 158//158 162//162 163//163
f 6//6 158//158 163//163
f 6//6 163//163 11//11
f 73//73 147//147 6//6
f 20//20 159//159 13//13
f 160//160 159//159 164//164
f 82//82 165//165 10//10
f 82//82 160//160 165//165
f 165//165 83//83 10//10
f 154//154 85//85 166//166
f 166//166 85//85 84//84
f 161//161 154//154 166//166
f 156//156 161//161 167//167
f 168//168 156//156 167//167
f 162//162 169//169 87//87
f 163//163 162//162 87//87
f 20//20 86//86 159//159
f 164//164 159//159 86//86
f 160//160 164//164 170//170
f 165//165 160//160 170//170
f 83//83 165//165 171//171
f 163//163 87//87 11//11
f 170//170 164//164 86//86
f 171//171 165//165 170//170
f 172//172 84//84 83//83
f 166//166 84//84 172//172
f 173//173 166//166 172//172
f 161//161 166//166 173//173
f 167//167 161//161 173//173
f 169//169 174//174 175//175
f 176//176 86//86 88//88
f 170//170 86//86 176//176
f 177//177 170//170 176//176
f 171//171 170//170 177//177
f 178//178 83//83 171//171
f 172//172 83//83 178//178
f 179//179 172//172 178//178
f 173//173 172//172 179//179
f 87//87 169//169 180//180
f 169//169 175//175 180//180
f 87//87 180//180 89//89
f 32//32 91//91 90//90
f 181//181 175//175 182//182
f 183//183 175//175 181//181
f 180//180 175//175 183//183
f 90//90 91//91 92//92
f 89//89 180//180 42//42
f 184//184 90//90 92//92
f 94//94 184//184 92//92
f 44//44 94//94 92//92
f 185//185 181//181 182//182
f 183//183 181//181 93//93
f 93//93 180//180 183//183
f 42//42 180//180 93//93
f 185//185 186//186 181//181
f 181//181 186//186 95//95
f 93//93 181//181 95//95
f 43//43 93//93 95//95
f 96//96 53//53 187//187
f 97//97 186//186 188//188
f 95//95 186//186 97//97
f 98//98 99//99 57//57
f 98//98 189//189 99//99
f 189//189 190//190 99//99
f 101//101 100//100 99//99
f 187//187 53//53 101//101
f 98//98 104//104 189//189
f 188//188 191//191 97//97
f 97//97 191//191 102//102
f 105//105 70//70 192//192
f 103//103 105//105 192//192
f 102//102 191//191 193//193
f 65//65 102//102 193//193
f 66//66 65//65 193//193
f 107//107 192//192 70//70
f 107//107 194//194 192//192
f 193//193 195//195 66//66
f 66//66 195//195 106//106
f 196//196 108//108 106//106
f 197//197 107//107 108//108
f 194//194 107//107 197//197
f 198//198 199//199 200//200
f 198//198 200//200 201//201
f 111//111 202//202 203//203
f 204//204 111//111 112//112
f 112//112 116//116 204//204
f 200//200 204//204 116//116
f 201//201 200//200 116//116
f 205//205 198//198 201//201
f 203//203 206//206 113//113
f 111//111 203//203 113//113
f 110//110 116//116 112//112
f 207//207 198//198 205//205
f 207//207 205//205 208//208
f 206//206 209//209 115//115
f 113//113 206//206 115//115
f 201//201 116//116 122//122
f 210//210 201//201 122//122
f 205//205 201//201 210//210
f 208//208 205//205 210//210
f 211//211 207//207 208//208
f 122//122 116//116 120//120
f 208//208 210//210 212//212
f 114//114 120//120 116//116
f 121//121 210//210 122//122
f 212//212 210//210 121//121
f 208//208 212//212 213//213
f 214//214 215//215 213//213
f 213//213 215//215 208//208
f 215//215 211//211 208//208
f 115//115 209//209 216//216
f 119//119 115//115 216//216
f 109//109 115//115 119//119
f 212//212 214//214 213//213
f 212//212 121//121 128//128
f 217//217 214//214 212//212
f 128//128 217//217 212//212
f 119//119 216//216 124//124
f 216//216 218//218 129//129
f 124//124 216//216 129//129
f 219//219 128//128 132//132
f 219//219 217//217 128//128
f 137//137 138//138 220//220
f 218//218 140//140 141//141
f 129//129 218//218 141//141
f 132//132 221//221 222//222
f 140//140 220//220 138//138
f 221//221 144//144 223//223
f 223//223 144//144 224//224
f 223//223 224//224 225//225
f 136//136 137//137 149//149
f 132//132 144//144 221//221
f 148//148 73//73 149//149
f 146//146 224//224 144//144
f 158//158 147//147 226//226
f 156//156 227//227 157//157
f 168//168 227//227 156//156
f 152//152 157//157 227//227
f 158//158 228//228 229//229
f 162//162 158//158 229//229
f 162//162 229//229 169//169
f 174//174 229//229 230//230
f 169//169 229//229 174//174
f 173//173 231//231 167//167
f 174//174 230//230 175//175
f 231//231 173//173 179//179
f 175//175 232//232 182//182
f 175//175 230//230 232//232
f 88//88 90//90 233//233
f 88//88 233//233 176//176
f 171//171 177//177 234//234
f 235//235 171//171 234//234
f 178//178 171//171 235//235
f 236//236 178//178 235//235
f 179//179 178//178 236//236
f 185//185 182//182 232//232
f 94//94 47//47 237//237
f 186//186 185//185 238//238
f 47//47 96//96 237//237
f 237//237 96//96 239//239
f 187//187 240//240 96//96
f 240//240 239//239 96//96
f 241//241 188//188 186//186
f 187//187 101//101 242//242
f 242//242 240//240 187//187
f 190//190 243//243 99//99
f 101//101 99//99 243//243
f 104//104 244//244 189//189
f 189//189 244//244 190//190
f 191//191 188//188 245//245
f 244//244 104//104 103//103
f 246//246 244//244 103//103
f 246//246 103//103 192//192
f 192//192 194//194 246//246
f 246//246 194//194 247//247
f 106//106 195//195 196//196
f 197//197 108//108 248//248
f 196//196 248//248 108//108
f 249//249 199//199 250//250
f 199//199 251//251 252//252
f 250//250 199//199 252//252
f 253//253 202//202 254//254
f 202//202 255//255 254//254
f 249//249 254//254 255//255
f 249//249 255//255 199//199
f 256//256 257//257 258//258
f 257//257 256//256 259//259
f 259//259 256//256 260//260
f 260//260 256//256 261//261
f 262//262 260//260 261//261
f 255//255 202//202 111//111
f 204//204 255//255 111//111
f 200//200 255//255 204//204
f 199//199 255//255 200//200
f 251//251 199//199 198//198
f 258//258 251//251 198//198
f 258//258 263//263 256//256
f 256//256 263//263 264//264
f 261//261 256//256 264//264
f 206//206 203//203 265//265
f 265//265 203//203 253//253
f 253//253 203//203 202//202
f 207//207 258//258 198//198
f 263//263 258//258 207//207
f 261//261 264//264 266//266
f 263//263 207//207 211//211
f 264//264 263//263 211//211
f 267//267 264//264 211//211
f 266//266 264//264 267//267
f 268//268 261//261 266//266
f 269//269 209//209 206//206
f 270//270 268//268 266//266
f 267//267 211//211 271//271
f 267//267 272//272 266//266
f 270//270 266//266 272//272
f 209//209 269//269 216//216
f 211//211 215//215 273//273
f 273//273 271//271 211//211
f 274//274 275//275 218//218
f 216//216 274//274 218//218
f 273//273 215//215 214//214
f 276//276 220//220 277//277
f 275//275 277//277 220//220
f 218//218 275//275 220//220
f 219//219 214//214 217//217
f 273//273 214//214 219//219
f 218//218 220//220 140//140
f 132//132 222//222 219//219
f 220//220 276//276 137//137
f 137//137 278//278 148//148
f 278//278 137//137 276//276
f 137//137 148//148 149//149
f 224//224 279//279 225//225
f 279//279 280//280 225//225
f 146//146 279//279 224//224
f 148//148 281//281 147//147
f 146//146 152//152 282//282
f 146//146 282//282 279//279
f 280//280 279//279 283//283
f 284//284 226//226 285//285
f 147//147 281//281 226//226
f 283//283 279//279 282//282
f 226//226 284//284 228//228
f 158//158 226//226 228//228
f 152//152 227//227 282//282
f 286//286 229//229 284//284
f 228//228 284//284 229//229
f 167//167 287//287 168//168
f 287//287 227//227 168//168
f 288//288 227//227 287//287
f 229//229 286//286 230//230
f 167//167 231//231 289//289
f 167//167 289//289 287//287
f 230//230 290//290 232//232
f 230//230 286//286 290//290
f 291//291 231//231 179//179
f 289//289 231//231 291//291
f 177//177 292//292 234//234
f 176//176 292//292 177//177
f 291//291 179//179 236//236
f 292//292 176//176 233//233
f 90//90 184//184 233//233
f 232//232 290//290 185//185
f 290//290 293//293 185//185
f 184//184 94//94 294//294
f 293//293 238//238 185//185
f 94//94 237//237 294//294
f 237//237 239//239 295//295
f 238//238 296//296 186//186
f 241//241 186//186 296//296
f 101//101 297//297 242//242
f 101//101 243//243 297//297
f 190//190 244//244 243//243
f 188//188 241//241 245//245
f 244//244 246//246 298//298
f 299//299 193//193 191//191
f 298//298 246//246 247//247
f 195//195 193//193 299//299
f 194//194 197//197 247//247
f 196//196 195//195 300//300
f 300//300 248//248 196//196
f 301//301 302//302 303//303
f 302//302 304//304 305//305
f 304//304 306//306 307//307
f 305//305 304//304 307//307
f 308//308 250//250 309//309
f 250//250 252//252 309//309
f 309//309 252//252 301//301
f 304//304 302//302 301//301
f 306//306 304//304 259//259
f 310//310 311//311 312//312
f 313//313 254//254 314//314
f 249//249 308//308 314//314
f 250//250 308//308 249//249
f 304//304 301//301 252//252
f 257//257 304//304 252//252
f 259//259 304//304 257//257
f 306//306 259//259 260//260
f 260//260 310//310 306//306
f 311//311 310//310 260//260
f 312//312 311//311 315//315
f 316//316 253//253 313//313
f 254//254 313//313 253//253
f 249//249 314//314 254//254
f 258//258 252//252 251//251
f 257//257 252//252 258//258
f 311//311 260//260 262//262
f 317//317 311//311 262//262
f 315//315 311//311 318//318
f 318//318 311//311 317//317
f 265//265 316//316 319//319
f 316//316 265//265 253//253
f 320//320 265//265 319//319
f 321//321 320//320 319//319
f 262//262 261//261 268//268
f 322//322 262//262 268//268
f 317//317 262//262 322//322
f 318//318 317//317 323//323
f 265//265 320//320 324//324
f 206//206 265//265 324//324
f 323//323 317//317 325//325
f 325//325 317//317 322//322
f 326//326 274//274 320//320
f 324//324 320//320 274//274
f 269//269 324//324 274//274
f 324//324 269//269 206//206
f 322//322 268//268 327//327
f 325//325 322//322 327//327
f 271//271 328//328 267//267
f 328//328 272//272 267//267
f 327//327 268//268 329//329
f 330//330 323//323 325//325
f 331//331 332//332 333//333
f 277//277 333//333 332//332
f 274//274 326//326 277//277
f 269//269 274//274 216//216
f 329//329 268//268 270//270
f 325//325 327//327 330//330
f 274//274 277//277 275//275
f 273//273 334//334 271//271
f 328//328 271//271 334//334
f 335//335 328//328 334//334
f 272//272 328//328 336//336
f 336//336 328//328 335//335
f 270//270 272//272 336//336
f 330//330 327//327 337//337
f 277//277 332//332 276//276
f 273//273 338//338 334//334
f 327//327 329//329 337//337
f 339//339 340//340 337//337
f 330//330 337//337 340//340
f 341//341 330//330 340//340
f 219//219 338//338 273//273
f 334//334 338//338 342//342
f 343//343 334//334 342//342
f 335//335 334//334 343//343
f 270//270 336//336 344//344
f 344//344 336//336 345//345
f 329//329 270//270 344//344
f 346//346 347//347 278//278
f 332//332 346//346 278//278
f 276//276 332//332 278//278
f 338//338 219//219 222//222
f 222//222 223//223 338//338
f 342//342 338//338 223//223
f 345//345 336//336 335//335
f 222//222 221//221 223//223
f 343//343 342//342 223//223
f 225//225 343//343 223//223
f 348//348 335//335 343//343
f 343//343 225//225 280//280
f 348//348 343//343 280//280
f 345//345 335//335 348//348
f 344//344 345//345 349//349
f 349//349 345//345 350//350
f 349//349 329//329 344//344
f 148//148 347//347 351//351
f 278//278 347//347 148//148
f 350//350 345//345 348//348
f 352//352 329//329 349//349
f 353//353 354//354 285//285
f 148//148 351//351 281//281
f 355//355 280//280 283//283
f 348//348 280//280 355//355
f 350//350 348//348 355//355
f 353//353 285//285 281//281
f 356//356 352//352 349//349
f 357//357 284//284 358//358
f 358//358 284//284 285//285
f 281//281 285//285 226//226
f 282//282 359//359 283//283
f 355//355 283//283 360//360
f 360//360 283//283 359//359
f 350//350 355//355 360//360
f 356//356 349//349 361//361
f 361//361 349//349 350//350
f 282//282 227//227 288//288
f 288//288 362//362 282//282
f 359//359 282//282 362//362
f 360//360 359//359 363//363
f 364//364 360//360 363//363
f 350//350 360//360 364//364
f 361//361 350//350 364//364
f 357//357 365//365 286//286
f 357//357 286//286 284//284
f 363//363 359//359 362//362
f 364//364 363//363 366//366
f 365//365 367//367 286//286
f 288//288 287//287 368//368
f 286//286 367//367 290//290
f 289//289 369//369 287//287
f 370//370 290//290 367//367
f 371//371 290//290 370//370
f 234//234 372//372 235//235
f 372//372 373//373 235//235
f 235//235 374//374 236//236
f 373//373 374//374 235//235
f 236//236 375//375 291//291
f 374//374 375//375 236//236
f 290//290 371//371 293//293
f 292//292 372//372 234//234
f 233//233 376//376 292//292
f 292//292 376//376 377//377
f 372//372 292//292 377//377
f 233//233 184//184 294//294
f 294//294 378//378 233//233
f 376//376 233//233 378//378
f 295//295 378//378 294//294
f 293//293 379//379 238//238
f 294//294 237//237 295//295
f 295//295 239//239 380//380
f 296//296 238//238 379//379
f 380//380 239//239 240//240
f 242//242 297//297 381//381
f 243//243 382//382 297//297
f 383//383 241//241 296//296
f 244//244 384//384 382//382
f 243//243 244//244 382//382
f 385//385 241//241 383//383
f 241//241 385//385 245//245
f 298//298 386//386 384//384
f 244//244 298//298 384//384
f 385//385 387//387 245//245
f 245//245 387//387 191//191
f 191//191 387//387 299//299
f 247//247 388//388 298//298
f 388//388 386//386 298//298
f 247//247 197//197 388//388
f 195//195 299//299 389//389
f 197//197 248//248 390//390
f 197//197 390//390 388//388
f 300//300 195//195 389//389
f 300//300 391//391 248//248
f 248//248 391//391 390//390
f 392//392 393//393 305//305
f 394//394 395//395 303//303
f 396//396 309//309 303//303
f 303//303 302//302 394//394
f 305//305 394//394 302//302
f 310//310 307//307 306//306
f 310//310 397//397 307//307
f 398//398 314//314 399//399
f 314//314 396//396 399//399
f 308//308 396//396 314//314
f 396//396 308//308 309//309
f 303//303 309//309 301//301
f 397//397 310//310 312//312
f 313//313 398//398 400//400
f 314//314 398//398 313//313
f 313//313 401//401 316//316
f 319//319 316//316 402//402
f 315//315 318//318 403//403
f 403//403 318//318 404//404
f 321//321 405//405 406//406
f 321//321 406//406 320//320
f 318//318 323//323 404//404
f 407//407 408//408 323//323
f 333//333 326//326 406//406
f 320//320 406//406 326//326
f 323//323 330//330 407//407
f 409//409 408//408 407//407
f 326//326 333//333 277//277
f 407//407 330//330 341//341
f 410//410 346//346 331//331
f 331//331 346//346 332//332
f 346//346 410//410 411//411
f 412//412 341//341 340//340
f 337//337 329//329 339//339
f 339//339 413//413 340//340
f 413//413 412//412 340//340
f 411//411 351//351 347//347
f 346//346 411//411 347//347
f 414//414 412//412 413//413
f 339//339 329//329 352//352
f 413//413 339//339 352//352
f 415//415 414//414 413//413
f 416//416 353//353 281//281
f 417//417 413//413 352//352
f 417//417 415//415 413//413
f 285//285 354//354 358//358
f 352//352 356//356 418//418
f 419//419 417//417 418//418
f 418//418 417//417 352//352
f 415//415 417//417 419//419
f 357//357 420//420 421//421
f 358//358 420//420 357//357
f 357//357 421//421 422//422
f 361//361 423//423 356//356
f 423//423 418//418 356//356
f 357//357 422//422 365//365
f 362//362 288//288 368//368
f 363//363 362//362 424//424
f 363//363 424//424 425//425
f 363//363 425//425 366//366
f 366//366 426//426 364//364
f 364//364 426//426 361//361
f 423//423 361//361 426//426
f 367//367 365//365 427//427
f 369//369 368//368 287//287
f 426//426 366//366 425//425
f 427//427 370//370 367//367
f 428//428 369//369 289//289
f 291//291 375//375 429//429
f 428//428 289//289 291//291
f 428//428 291//291 429//429
f 373//373 372//372 430//430
f 373//373 430//430 431//431
f 374//374 373//373 432//432
f 373//373 431//431 432//432
f 374//374 432//432 375//375
f 371//371 433//433 293//293
f 377//377 376//376 378//378
f 379//379 293//293 433//433
f 434//434 379//379 433//433
f 295//295 380//380 435//435
f 240//240 436//436 380//380
f 436//436 240//240 242//242
f 381//381 436//436 242//242
f 297//297 382//382 381//381
f 384//384 386//386 437//437
f 438//438 387//387 385//385
f 388//388 390//390 439//439
f 300//300 389//389 440//440
f 300//300 440//440 391//391
f 390//390 391//391 441//441
f 392//392 442//442 393//393
f 392//392 443//443 444//444
f 393//393 445//445 394//394
f 305//305 393//393 394//394
f 303//303 395//395 446//446
f 392//392 305//305 307//307
f 392//392 397//397 443//443
f 392//392 307//307 397//397
f 399//399 396//396 447//447
f 303//303 446//446 396//396
f 397//397 312//312 448//448
f 449//449 312//312 403//403
f 315//315 403//403 312//312
f 450//450 316//316 401//401
f 313//313 400//400 401//401
f 316//316 450//450 402//402
f 402//402 450//450 451//451
f 403//403 404//404 452//452
f 321//321 402//402 405//405
f 405//405 402//402 453//453
f 319//319 402//402 321//321
f 404//404 323//323 408//408
f 406//406 454//454 455//455
f 454//454 406//406 405//405
f 406//406 455//455 333//333
f 456//456 331//331 333//333
f 456//456 333//333 455//455
f 409//409 407//407 457//457
f 456//456 410//410 331//331
f 407//407 341//341 412//412
f 412//412 457//457 407//407
f 458//458 412//412 459//459
f 457//457 412//412 458//458
f 416//416 410//410 460//460
f 416//416 411//411 410//410
f 416//416 351//351 411//411
f 459//459 412//412 414//414
f 461//461 462//462 414//414
f 416//416 460//460 353//353
f 461//461 414//414 463//463
f 463//463 414//414 415//415
f 354//354 353//353 460//460
f 351//351 416//416 281//281
f 464//464 358//358 354//354
f 418//418 423//423 465//465
f 418//418 465//465 466//466
f 418//418 466//466 419//419
f 362//362 368//368 467//467
f 424//424 362//362 467//467
f 425//425 424//424 468//468
f 426//426 425//425 468//468
f 368//368 369//369 428//428
f 370//370 427//427 469//469
f 375//375 470//470 429//429
f 371//371 370//370 433//433
f 372//372 471//471 430//430
f 432//432 470//470 375//375
f 433//433 370//370 472//472
f 473//473 471//471 377//377
f 471//471 372//372 377//377
f 377//377 378//378 473//473
f 378//378 474//474 473//473
f 378//378 295//295 474//474
f 474//474 295//295 435//435
f 380//380 436//436 435//435
f 379//379 475//475 296//296
f 476//476 436//436 381//381
f 477//477 296//296 475//475
f 382//382 478//478 479//479
f 479//479 381//381 382//382
f 296//296 477//477 383//383
f 382//382 437//437 478//478
f 384//384 437//437 382//382
f 385//385 383//383 438//438
f 480//480 386//386 388//388
f 480//480 437//437 386//386
f 387//387 438//438 481//481
f 299//299 387//387 481//481
f 388//388 439//439 480//480
f 299//299 481//481 389//389
f 391//391 440//440 482//482
f 391//391 482//482 441//441
f 483//483 442//442 484//484
f 442//442 444//444 484//484
f 483//483 445//445 442//442
f 393//393 442//442 445//445
f 444//444 442//442 392//392
f 444//444 443//443 485//485
f 485//485 443//443 486//486
f 395//395 487//487 488//488
f 445//445 487//487 395//395
f 395//395 394//394 445//445
f 486//486 443//443 448//448
f 488//488 446//446 395//395
f 448//448 443//443 397//397
f 447//447 489//489 399//399
f 447//447 396//396 490//490
f 446//446 490//490 396//396
f 312//312 449//449 448//448
f 399//399 491//491 398//398
f 400//400 398//398 491//491
f 401//401 492//492 450//450
f 400//400 492//492 401//401
f 403//403 452//452 493//493
f 402//402 451//451 453//453
f 453//453 451//451 494//494
f 452//452 404//404 495//495
f 404//404 408//408 495//495
f 405//405 496//496 454//454
f 408//408 409//409 495//495
f 455//455 454//454 497//497
f 456//456 455//455 497//497
f 457//457 498//498 409//409
f 499//499 410//410 456//456
f 499//499 456//456 500//500
f 498//498 457//457 458//458
f 501//501 460//460 410//410
f 499//499 501//501 410//410
f 462//462 502//502 459//459
f 461//461 503//503 462//462
f 504//504 503//503 461//461
f 459//459 414//414 462//462
f 501//501 505//505 460//460
f 506//506 504//504 461//461
f 461//461 507//507 506//506
f 464//464 354//354 505//505
f 505//505 354//354 460//460
f 461//461 463//463 507//507
f 464//464 508//508 358//358
f 509//509 510//510 507//507
f 463//463 509//509 507//507
f 420//420 358//358 511//511
f 509//509 463//463 512//512
f 512//512 463//463 415//415
f 419//419 466//466 513//513
f 419//419 513//513 415//415
f 415//415 513//513 512//512
f 422//422 421//421 514//514
f 365//365 422//422 427//427
f 422//422 515//515 427//427
f 424//424 467//467 516//516
f 424//424 516//516 468//468
f 468//468 517//517 426//426
f 426//426 517//517 423//423
f 423//423 517//517 518//518
f 465//465 423//423 518//518
f 468//468 516//516 519//519
f 517//517 468//468 519//519
f 520//520 429//429 470//470
f 469//469 472//472 370//370
f 431//431 430//430 521//521
f 432//432 431//431 521//521
f 432//432 521//521 522//522
f 470//470 432//432 522//522
f 434//434 433//433 472//472
f 435//435 523//523 474//474
f 476//476 524//524 436//436
f 524//524 435//435 436//436
f 434//434 525//525 475//475
f 475//475 379//379 434//434
f 479//479 476//476 381//381
f 480//480 526//526 437//437
f 383//383 527//527 438//438
f 526//526 480//480 528//528
f 439//439 529//529 480//480
f 481//481 530//530 389//389
f 389//389 530//530 531//531
f 389//389 531//531 440//440
f 440//440 531//531 482//482
f 441//441 482//482 532//532
f 390//390 441//441 532//532
f 529//529 390//390 532//532
f 439//439 390//390 529//529
f 484//484 533//533 483//483
f 445//445 534//534 487//487
f 534//534 445//445 483//483
f 446//446 488//488 490//490
f 535//535 486//486 448//448
f 399//399 489//489 491//491
f 449//449 403//403 536//536
f 400//400 537//537 492//492
f 403//403 493//493 536//536
f 450//450 492//492 451//451
f 452//452 538//538 493//493
f 452//452 495//495 538//538
f 538//538 495//495 539//539
f 405//405 453//453 496//496
f 409//409 498//498 540//540
f 409//409 540//540 495//495
f 454//454 541//541 497//497
f 497//497 541//541 542//542
f 541//541 454//454 496//496
f 456//456 497//497 500//500
f 500//500 543//543 544//544
f 499//499 500//500 544//544
f 545//545 546//546 458//458
f 499//499 544//544 547//547
f 501//501 499//499 547//547
f 502//502 545//545 459//459
f 459//459 545//545 458//458
f 548//548 549//549 550//550
f 551//551 550//550 549//549
f 503//503 504//504 552//552
f 553//553 502//502 462//462
f 553//553 462//462 503//503
f 553//553 503//503 554//554
f 547//547 505//505 501//501
f 555//555 505//505 547//547
f 552//552 504//504 506//506
f 552//552 554//554 503//503
f 554//554 506//506 507//507
f 507//507 510//510 556//556
f 507//507 556//556 554//554
f 508//508 464//464 505//505
f 509//509 512//512 510//510
f 420//420 557//557 421//421
f 513//513 558//558 559//559
f 513//513 466//466 558//558
f 422//422 514//514 515//515
f 466//466 465//465 560//560
f 466//466 560//560 558//558
f 560//560 465//465 518//518
f 427//427 515//515 561//561
f 368//368 428//428 562//562
f 368//368 562//562 563//563
f 467//467 368//368 563//563
f 564//564 467//467 563//563
f 516//516 467//467 564//564
f 565//565 516//516 564//564
f 519//519 516//516 565//565
f 517//517 519//519 566//566
f 517//517 566//566 518//518
f 427//427 561//561 469//469
f 428//428 429//429 562//562
f 430//430 567//567 521//521
f 568//568 473//473 523//523
f 473//473 474//474 523//523
f 435//435 569//569 523//523
f 570//570 525//525 434//434
f 435//435 524//524 569//569
f 476//476 571//571 572//572
f 476//476 479//479 571//571
f 526//526 479//479 478//478
f 573//573 527//527 477//477
f 527//527 383//383 477//477
f 478//478 437//437 526//526
f 528//528 480//480 529//529
f 530//530 574//574 531//531
f 482//482 531//531 575//575
f 576//576 482//482 575//575
f 576//576 532//532 482//482
f 444//444 485//485 484//484
f 487//487 534//534 577//577
f 485//485 486//486 578//578
f 488//488 487//487 577//577
f 577//577 490//490 488//488
f 448//448 449//449 535//535
f 536//536 535//535 449//449
f 579//579 400//400 491//491
f 538//538 536//536 493//493
f 492//492 580//580 451//451
f 451//451 580//580 494//494
f 494//494 580//580 581//581
f 495//495 540//540 539//539
f 496//496 494//494 541//541
f 494//494 496//496 453//453
f 498//498 546//546 540//540
f 542//542 500//500 497//497
f 542//542 543//543 500//500
f 498//498 458//458 546//546
f 543//543 582//582 544//544
f 583//583 584//584 585//585
f 585//585 586//586 583//583
f 583//583 586//586 587//587
f 588//588 547//547 544//544
f 589//589 548//548 550//550
f 549//549 548//548 590//590
f 549//549 590//590 591//591
f 590//590 592//592 584//584
f 592//592 591//591 590//590
f 592//592 583//583 584//584
f 592//592 593//593 583//583
f 583//583 593//593 504//504
f 504//504 583//583 502//502
f 587//587 502//502 583//583
f 545//545 502//502 587//587
f 551//551 589//589 550//550
f 551//551 549//549 594//594
f 549//549 591//591 594//594
f 594//594 591//591 595//595
f 592//592 595//595 591//591
f 593//593 595//595 592//592
f 593//593 552//552 504//504
f 504//504 502//502 552//552
f 552//552 502//502 553//553
f 596//596 589//589 551//551
f 594//594 597//597 551//551
f 597//597 596//596 551//551
f 595//595 598//598 594//594
f 598//598 597//597 594//594
f 593//593 506//506 595//595
f 552//552 506//506 593//593
f 599//599 596//596 597//597
f 506//506 554//554 595//595
f 554//554 552//552 553//553
f 596//596 600//600 599//599
f 599//599 597//597 600//600
f 597//597 601//601 600//600
f 598//598 601//601 597//597
f 595//595 556//556 598//598
f 556//556 601//601 598//598
f 554//554 556//556 595//595
f 358//358 508//508 511//511
f 556//556 602//602 601//601
f 556//556 510//510 602//602
f 510//510 512//512 603//603
f 602//602 510//510 603//603
f 420//420 511//511 557//557
f 604//604 601//601 602//602
f 603//603 604//604 602//602
f 604//604 603//603 605//605
f 603//603 513//513 605//605
f 513//513 603//603 512//512
f 559//559 558//558 606//606
f 606//606 560//560 607//607
f 606//606 558//558 560//560
f 607//607 560//560 608//608
f 608//608 560//560 518//518
f 561//561 515//515 609//609
f 519//519 565//565 610//610
f 469//469 561//561 611//611
f 470//470 522//522 520//520
f 469//469 611//611 472//472
f 473//473 612//612 471//471
f 430//430 471//471 613//613
f 567//567 430//430 613//613
f 612//612 473//473 568//568
f 472//472 570//570 434//434
f 524//524 476//476 572//572
f 525//525 614//614 475//475
f 475//475 573//573 477//477
f 479//479 526//526 615//615
f 528//528 616//616 526//526
f 438//438 527//527 617//617
f 617//617 481//481 438//438
f 617//617 530//530 481//481
f 618//618 530//530 617//617
f 530//530 618//618 574//574
f 532//532 619//619 620//620
f 620//620 529//529 532//532
f 531//531 574//574 575//575
f 619//619 532//532 576//576
f 483//483 621//621 534//534
f 533//533 622//622 483//483
f 484//484 623//623 533//533
f 486//486 624//624 578//578
f 486//486 535//535 624//624
f 625//625 489//489 447//447
f 490//490 626//626 447//447
f 400//400 579//579 537//537
f 491//491 627//627 579//579
f 537//537 628//628 492//492
f 536//536 538//538 629//629
f 628//628 580//580 492//492
f 538//538 539//539 630//630
f 631//631 581//581 580//580
f 494//494 581//581 632//632
f 540//540 633//633 539//539
f 633//633 634//634 539//539
f 541//541 494//494 635//635
f 635//635 494//494 632//632
f 540//540 636//636 633//633
f 635//635 542//542 541//541
f 581//581 637//637 632//632
f 546//546 638//638 636//636
f 546//546 636//636 540//540
f 546//546 639//639 640//640
f 638//638 546//546 640//640
f 582//582 543//543 641//641
f 642//642 641//641 543//543
f 542//542 642//642 543//543
f 587//587 643//643 639//639
f 639//639 546//546 545//545
f 639//639 545//545 587//587
f 582//582 641//641 644//644
f 586//586 585//585 643//643
f 643//643 587//587 586//586
f 544//544 645//645 588//588
f 582//582 645//645 544//544
f 644//644 646//646 582//582
f 548//548 590//590 584//584
f 588//588 647//647 547//547
f 547//547 647//647 555//555
f 548//548 589//589 596//596
f 596//596 648//648 548//548
f 548//548 648//648 649//649
f 650//650 555//555 647//647
f 648//648 596//596 599//599
f 555//555 651//651 508//508
f 505//505 555//555 508//508
f 600//600 648//648 599//599
f 648//648 600//600 652//652
f 601//601 652//652 600//600
f 653//653 652//652 601//601
f 652//652 653//653 654//654
f 655//655 557//557 511//511
f 604//604 653//653 601//601
f 654//654 653//653 604//604
f 605//605 654//654 604//604
f 605//605 656//656 654//654
f 421//421 557//557 514//514
f 657//657 658//658 659//659
f 659//659 660//660 657//657
f 605//605 513//513 559//559
f 605//605 559//559 656//656
f 656//656 559//559 606//606
f 657//657 661//661 658//658
f 660//660 661//661 657//657
f 609//609 515//515 514//514
f 564//564 563//563 662//662
f 663//663 565//565 564//564
f 566//566 519//519 664//664
f 519//519 610//610 664//664
f 608//608 518//518 566//566
f 562//562 429//429 665//665
f 563//563 562//562 665//665
f 665//665 429//429 520//520
f 522//522 521//521 666//666
f 612//612 613//613 471//471
f 570//570 472//472 611//611
f 667//667 570//570 611//611
f 668//668 569//569 524//524
f 668//668 524//524 669//669
f 669//669 524//524 572//572
f 572//572 571//571 670//670
f 479//479 671//671 571//571
f 615//615 671//671 479//479
f 614//614 573//573 475//475
f 672//672 527//527 573//573
f 616//616 528//528 673//673
f 620//620 673//673 529//529
f 673//673 528//528 529//529
f 618//618 674//674 675//675
f 574//574 618//618 675//675
f 575//575 574//574 676//676
f 483//483 622//622 621//621
f 485//485 677//677 484//484
f 484//484 677//677 623//623
f 485//485 578//578 677//677
f 678//678 577//577 534//534
f 624//624 535//535 536//536
f 629//629 624//624 536//536
f 491//491 489//489 627//627
f 629//629 538//538 679//679
f 679//679 538//538 630//630
f 680//680 628//628 537//537
f 630//630 539//539 681//681
f 682//682 631//631 580//580
f 681//681 539//539 634//634
f 683//683 634//634 636//636
f 633//633 636//636 634//634
f 542//542 635//635 684//684
f 635//635 632//632 637//637
f 637//637 581//581 685//685
f 686//686 685//685 581//581
f 687//687 642//642 688//688
f 688//688 642//642 542//542
f 688//688 542//542 684//684
f 643//643 689//689 639//639
f 639//639 689//689 640//640
f 641//641 690//690 644//644
f 691//691 641//641 642//642
f 642//642 687//687 691//691
f 584//584 692//692 585//585
f 585//585 692//692 643//643
f 692//692 693//693 643//643
f 694//694 689//689 643//643
f 694//694 643//643 693//693
f 695//695 696//696 697//697
f 697//697 698//698 699//699
f 695//695 697//697 699//699
f 699//699 698//698 700//700
f 701//701 588//588 702//702
f 702//702 588//588 645//645
f 646//646 703//703 645//645
f 646//646 645//645 582//582
f 690//690 704//704 644//644
f 646//646 644//644 704//704
f 691//691 687//687 705//705
f 548//548 706//706 584//584
f 707//707 708//708 692//692
f 707//707 692//692 706//706
f 706//706 692//692 584//584
f 708//708 709//709 692//692
f 709//709 694//694 693//693
f 709//709 693//693 692//692
f 697//697 696//696 710//710
f 698//698 697//697 710//710
f 711//711 698//698 710//710
f 700//700 698//698 711//711
f 588//588 701//701 647//647
f 712//712 703//703 646//646
f 646//646 704//704 712//712
f 706//706 548//548 649//649
f 713//713 707//707 706//706
f 713//713 706//706 714//714
f 714//714 706//706 649//649
f 708//708 713//713 714//714
f 708//708 714//714 709//709
f 709//709 714//714 715//715
f 712//712 704//704 716//716
f 715//715 717//717 709//709
f 555//555 650//650 651//651
f 648//648 714//714 649//649
f 648//648 718//718 714//714
f 715//715 714//714 718//718
f 717//717 715//715 719//719
f 511//511 508//508 651//651
f 648//648 652//652 718//718
f 719//719 715//715 718//718
f 718//718 652//652 654//654
f 656//656 718//718 654//654
f 656//656 719//719 718//718
f 720//720 719//719 656//656
f 720//720 656//656 721//721
f 721//721 722//722 720//720
f 659//659 658//658 723//723
f 659//659 723//723 660//660
f 656//656 606//606 721//721
f 722//722 721//721 606//606
f 658//658 661//661 723//723
f 660//660 723//723 661//661
f 607//607 724//724 606//606
f 724//724 722//722 606//606
f 725//725 609//609 514//514
f 561//561 609//609 726//726
f 662//662 563//563 727//727
f 728//728 663//663 564//564
f 662//662 728//728 564//564
f 565//565 663//663 610//610
f 610//610 663//663 729//729
f 608//608 566//566 664//664
f 665//665 727//727 563//563
f 561//561 726//726 611//611
f 522//522 666//666 520//520
f 521//521 567//567 730//730
f 521//521 730//730 666//666
f 568//568 569//569 731//731
f 568//568 523//523 569//569
f 611//611 732//732 667//667
f 667//667 733//733 570//570
f 572//572 734//734 669//669
f 570//570 733//733 525//525
f 572//572 670//670 734//734
f 525//525 733//733 614//614
f 671//671 670//670 571//571
f 526//526 616//616 615//615
f 616//616 735//735 615//615
f 673//673 735//735 616//616
f 617//617 736//736 618//618
f 574//574 737//737 676//676
f 574//574 675//675 737//737
f 619//619 576//576 676//676
f 576//576 575//575 676//676
f 533//533 623//623 622//622
f 534//534 621//621 678//678
f 577//577 738//738 490//490
f 577//577 678//678 738//738
f 629//629 739//739 624//624
f 447//447 626//626 625//625
f 739//739 629//629 740//740
f 489//489 625//625 627//627
f 679//679 630//630 741//741
f 681//681 741//741 630//630
f 580//580 742//742 743//743
f 580//580 628//628 742//742
f 744//744 745//745 746//746
f 747//747 745//745 744//744
f 746//746 748//748 749//749
f 745//745 748//748 746//746
f 741//741 749//749 748//748
f 681//681 749//749 741//741
f 743//743 682//682 580//580
f 750//750 747//747 744//744
f 749//749 634//634 746//746
f 681//681 634//634 749//749
f 631//631 686//686 581//581
f 686//686 631//631 751//751
f 631//631 682//682 751//751
f 750//750 744//744 752//752
f 746//746 683//683 744//744
f 634//634 683//683 746//746
f 753//753 754//754 755//755
f 756//756 752//752 744//744
f 683//683 756//756 744//744
f 757//757 684//684 635//635
f 757//757 635//635 637//637
f 755//755 758//758 753//753
f 758//758 759//759 753//753
f 755//755 752//752 758//758
f 638//638 756//756 683//683
f 636//636 638//638 683//683
f 759//759 760//760 753//753
f 756//756 761//761 752//752
f 761//761 758//758 752//752
f 638//638 640//640 756//756
f 762//762 687//687 688//688
f 759//759 763//763 760//760
f 758//758 763//763 759//759
f 764//764 763//763 758//758
f 689//689 764//764 761//761
f 761//761 764//764 758//758
f 640//640 689//689 761//761
f 640//640 761//761 756//756
f 691//691 690//690 641//641
f 762//762 765//765 687//687
f 766//766 767//767 768//768
f 768//768 769//769 766//766
f 760//760 770//770 771//771
f 763//763 770//770 760//760
f 689//689 694//694 764//764
f 695//695 772//772 696//696
f 695//695 699//699 773//773
f 772//772 695//695 773//773
f 699//699 700//700 773//773
f 701//701 702//702 774//774
f 645//645 775//775 702//702
f 703//703 775//775 645//645
f 776//776 777//777 704//704
f 776//776 704//704 690//690
f 690//690 691//691 705//705
f 690//690 705//705 765//765
f 690//690 765//765 776//776
f 705//705 687//687 765//765
f 766//766 778//778 767//767
f 769//769 778//778 766//766
f 770//770 707//707 779//779
f 763//763 707//707 770//770
f 763//763 708//708 707//707
f 708//708 763//763 780//780
f 694//694 709//709 780//780
f 694//694 780//780 764//764
f 764//764 780//780 763//763
f 696//696 772//772 710//710
f 711//711 710//710 772//772
f 773//773 711//711 772//772
f 700//700 711//711 773//773
f 781//781 701//701 774//774
f 702//702 775//775 774//774
f 782//782 704//704 777//777
f 783//783 779//779 707//707
f 784//784 785//785 783//783
f 713//713 784//784 783//783
f 713//713 783//783 707//707
f 713//713 708//708 780//780
f 713//713 780//780 784//784
f 784//784 780//780 717//717
f 709//709 717//717 780//780
f 647//647 786//786 650//650
f 786//786 647//647 701//701
f 775//775 781//781 774//774
f 787//787 703//703 716//716
f 703//703 712//712 716//716
f 716//716 704//704 787//787
f 784//784 788//788 785//785
f 789//789 790//790 791//791
f 791//791 792//792 789//789
f 793//793 794//794 795//795
f 795//795 796//796 793//793
f 717//717 797//797 784//784
f 797//797 788//788 784//784
f 797//797 717//717 719//719
f 511//511 798//798 799//799
f 511//511 651//651 798//798
f 789//789 800//800 790//790
f 792//792 800//800 789//789
f 793//793 801//801 794//794
f 796//796 801//801 793//793
f 797//797 802//802 788//788
f 511//511 799//799 655//655
f 803//803 804//804 805//805
f 805//805 806//806 803//803
f 802//802 797//797 807//807
f 808//808 807//807 797//797
f 797//797 719//719 720//720
f 797//797 720//720 808//808
f 557//557 809//809 810//810
f 655//655 809//809 557//557
f 803//803 811//811 804//804
f 806//806 811//811 803//803
f 808//808 720//720 722//722
f 722//722 807//807 808//808
f 810//810 514//514 557//557
f 812//812 813//813 814//814
f 814//814 815//815 812//812
f 816//816 817//817 818//818
f 818//818 819//819 816//816
f 820//820 821//821 822//822
f 822//822 823//823 820//820
f 824//824 825//825 826//826
f 826//826 827//827 824//824
f 828//828 829//829 830//830
f 830//830 831//831 828//828
f 802//802 807//807 722//722
f 514//514 832//832 725//725
f 810//810 832//832 514//514
f 812//812 833//833 813//813
f 815//815 833//833 812//812
f 816//816 834//834 817//817
f 819//819 834//834 816//816
f 820//820 835//835 821//821
f 823//823 835//835 820//820
f 824//824 836//836 825//825
f 827//827 836//836 824//824
f 828//828 837//837 829//829
f 831//831 837//837 828//828
f 838//838 839//839 840//840
f 840//840 841//841 838//838
f 842//842 843//843 844//844
f 844//844 845//845 842//842
f 838//838 846//846 839//839
f 841//841 846//846 838//838
f 842//842 847//847 843//843
f 845//845 847//847 842//842
f 848//848 849//849 850//850
f 850//850 851//851 848//848
f 664//664 610//610 729//729
f 664//664 729//729 852//852
f 664//664 852//852 608//608
f 848//848 853//853 849//849
f 851//851 853//853 848//848
f 730//730 567//567 854//854
f 568//568 855//855 612//612
f 569//569 668//668 731//731
f 856//856 731//731 668//668
f 669//669 734//734 856//856
f 856//856 668//668 669//669
f 670//670 857//857 734//734
f 733//733 858//858 614//614
f 671//671 615//615 859//859
f 614//614 858//858 573//573
f 527//527 672//672 736//736
f 617//617 527//527 736//736
f 618//618 736//736 674//674
f 860//860 675//675 674//674
f 620//620 861//861 862//862
f 862//862 673//673 620//620
f 623//623 677//677 863//863
f 864//864 623//623 863//863
f 863//863 677//677 865//865
f 578//578 865//865 677//677
f 865//865 578//578 624//624
f 624//624 739//739 865//865
f 738//738 626//626 490//490
f 627//627 625//625 866//866
f 629//629 679//679 867//867
f 629//629 867//867 740//740
f 867//867 679//679 868//868
f 579//579 680//680 537//537
f 679//679 741//741 868//868
f 628//628 680//680 869//869
f 870//870 871//871 741//741
f 868//868 741//741 871//871
f 869//869 742//742 628//628
f 747//747 872//872 745//745
f 741//741 748//748 870//870
f 873//873 682//682 743//743
f 873//873 743//743 874//874
f 874//874 743//743 742//742
f 747//747 875//875 876//876
f 747//747 750//750 875//875
f 877//877 872//872 876//876
f 876//876 872//872 747//747
f 877//877 878//878 872//872
f 872//872 879//879 745//745
f 748//748 745//745 879//879
f 682//682 873//873 751//751
f 880//880 881//881 754//754
f 754//754 881//881 882//882
f 755//755 754//754 882//882
f 755//755 750//750 752//752
f 755//755 882//882 750//750
f 882//882 875//875 750//750
f 754//754 753//753 880//880
f 637//637 685//685 883//883
f 757//757 637//637 883//883
f 884//884 685//685 686//686
f 751//751 884//884 686//686
f 883//883 885//885 757//757
f 753//753 760//760 880//880
f 760//760 771//771 886//886
f 776//776 765//765 762//762
f 768//768 887//887 888//888
f 767//767 887//887 768//768
f 888//888 769//769 768//768
f 889//889 769//769 888//888
f 771//771 770//770 890//890
f 767//767 891//891 887//887
f 778//778 891//891 767//767
f 889//889 778//778 769//769
f 891//891 778//778 889//889
f 770//770 892//892 890//890
f 770//770 779//779 892//892
f 779//779 893//893 892//892
f 779//779 783//783 893//893
f 893//893 783//783 785//785
f 781//781 786//786 701//701
f 894//894 781//781 775//775
f 782//782 894//894 787//787
f 703//703 787//787 775//775
f 775//775 787//787 894//894
f 704//704 782//782 787//787
f 791//791 895//895 896//896
f 790//790 895//895 791//791
f 896//896 792//792 791//791
f 897//897 792//792 896//896
f 795//795 898//898 899//899
f 794//794 898//898 795//795
f 899//899 796//796 795//795
f 900//900 796//796 899//899
f 788//788 785//785 901//901
f 799//799 798//798 655//655
f 790//790 902//902 895//895
f 800//800 902//902 790//790
f 897//897 800//800 792//792
f 902//902 800//800 897//897
f 794//794 903//903 898//898
f 801//801 903//903 794//794
f 900//900 801//801 796//796
f 903//903 801//801 900//900
f 788//788 901//901 904//904
f 805//805 905//905 906//906
f 804//804 905//905 805//805
f 906//906 806//806 805//805
f 907//907 806//806 906//906
f 904//904 909//909 908//908
f 904//904 908//908 788//788
f 788//788 802//802 908//908
f 804//804 910//910 905//905
f 811//811 910//910 804//804
f 907//907 811//811 806//806
f 910//910 811//811 907//907
f 814//814 813//813 911//911
f 814//814 911//911 815//815
f 818//818 912//912 913//913
f 817//817 912//912 818//818
f 913//913 819//819 818//818
f 914//914 819//819 913//913
f 822//822 915//915 916//916
f 821//821 915//915 822//822
f 916//916 823//823 822//822
f 917//917 823//823 916//916
f 826//826 918//918 919//919
f 825//825 918//918 826//826
f 919//919 827//827 826//826
f 920//920 827//827 919//919
f 830//830 829//829 921//921
f 830//830 921//921 831//831
f 802//802 922//922 909//909
f 923//923 802//802 909//909
f 802//802 722//722 922//922
f 813//813 833//833 911//911
f 815//815 911//911 833//833
f 817//817 924//924 912//912
f 834//834 924//924 817//817
f 914//914 834//834 819//819
f 924//924 834//834 914//914
f 821//821 925//925 915//915
f 835//835 925//925 821//821
f 917//917 835//835 823//823
f 925//925 835//835 917//917
f 825//825 926//926 918//918
f 836//836 926//926 825//825
f 920//920 836//836 827//827
f 926//926 836//836 920//920
f 829//829 837//837 921//921
f 831//831 921//921 837//837
f 909//909 922//922 927//927
f 722//722 724//724 922//922
f 840//840 928//928 929//929
f 839//839 928//928 840//840
f 929//929 841//841 840//840
f 930//930 841//841 929//929
f 844//844 843//843 931//931
f 844//844 931//931 845//845
f 724//724 607//607 922//922
f 932//932 609//609 725//725
f 839//839 933//933 928//928
f 846//846 933//933 839//839
f 930//930 846//846 841//841
f 933//933 846//846 930//930
f 843//843 847//847 931//931
f 845//845 931//931 847//847
f 934//934 663//663 935//935
f 935//935 663//663 728//728
f 729//729 663//663 936//936
f 663//663 934//934 936//936
f 922//922 937//937 927//927
f 922//922 607//607 937//937
f 932//932 726//726 609//609
f 938//938 939//939 940//940
f 940//940 941//941 938//938
f 850//850 942//942 943//943
f 849//849 942//942 850//850
f 943//943 851//851 850//850
f 944//944 851//851 943//943
f 727//727 945//945 662//662
f 728//728 662//662 935//935
f 937//937 608//608 852//852
f 607//607 608//608 937//937
f 849//849 946//946 942//942
f 853//853 946//946 849//849
f 944//944 853//853 851//851
f 946//946 853//853 944//944
f 727//727 665//665 947//947
f 948//948 611//611 726//726
f 520//520 666//666 665//665
f 611//611 948//948 732//732
f 949//949 613//613 612//612
f 613//613 949//949 950//950
f 854//854 567//567 613//613
f 568//568 731//731 855//855
f 733//733 667//667 951//951
f 951//951 667//667 732//732
f 856//856 734//734 952//952
f 673//673 862//862 735//735
f 675//675 860//860 953//953
f 860//860 954//954 953//953
f 675//675 953//953 737//737
f 620//620 955//955 861//861
f 676//676 737//737 956//956
f 619//619 676//676 956//956
f 955//955 620//620 619//619
f 957//957 623//623 864//864
f 621//621 622//622 958//958
f 623//623 957//957 622//622
f 621//621 958//958 678//678
f 627//627 866//866 579//579
f 680//680 579//579 959//959
f 680//680 959//959 869//869
f 742//742 960//960 874//874
f 870//870 748//748 961//961
f 961//961 871//871 870//870
f 879//879 961//961 748//748
f 879//879 962//962 961//961
f 880//880 963//963 881//881
f 881//881 963//963 964//964
f 882//882 881//881 965//965
f 965//965 875//875 882//882
f 877//877 876//876 966//966
f 878//878 877//877 966//966
f 872//872 878//878 967//967
f 872//872 967//967 879//879
f 962//962 879//879 967//967
f 873//873 968//968 751//751
f 963//963 880//880 969//969
f 965//965 963//963 970//970
f 875//875 965//965 971//971
f 971//971 965//965 970//970
f 878//878 877//877 972//972
f 973//973 974//974 975//975
f 974//974 973//973 976//976
f 885//885 883//883 977//977
f 883//883 685//685 977//977
f 977//977 685//685 968//968
f 884//884 968//968 685//685
f 884//884 751//751 968//968
f 978//978 970//970 969//969
f 969//969 970//970 963//963
f 973//973 975//975 979//979
f 976//976 973//973 979//979
f 684//684 757//757 980//980
f 980//980 757//757 885//885
f 880//880 760//760 969//969
f 886//886 969//969 760//760
f 771//771 890//890 981//981
f 886//886 771//771 981//981
f 886//886 981//981 978//978
f 886//886 978//978 969//969
f 890//890 982//982 983//983
f 981//981 890//890 983//983
f 983//983 982//982 984//984
f 688//688 985//985 762//762
f 986//986 985//985 684//684
f 985//985 688//688 684//684
f 776//776 762//762 987//987
f 987//987 762//762 988//988
f 888//888 887//887 989//989
f 888//888 989//989 889//889
f 982//982 890//890 892//892
f 990//990 982//982 892//892
f 991//991 984//984 982//982
f 991//991 982//982 990//990
f 777//777 987//987 992//992
f 777//777 776//776 987//987
f 887//887 891//891 989//989
f 889//889 989//989 891//891
f 993//993 990//990 892//892
f 781//781 994//994 786//786
f 894//894 777//777 992//992
f 996//996 995//995 785//785
f 893//893 785//785 996//996
f 893//893 996//996 993//993
f 893//893 993//993 892//892
f 998//998 997//997 995//995
f 998//998 995//995 996//996
f 998//998 999//999 997//997
f 650//650 786//786 1000//1000
f 781//781 894//894 994//994
f 782//782 777//777 894//894
f 995//995 901//901 785//785
f 995//995 997//997 1001//1001
f 1001//1001 997//997 999//999
f 1002//1002 999//999 1001//1001
f 1000//1000 651//651 650//650
f 896//896 895//895 1003//1003
f 896//896 1003//1003 897//897
f 899//899 898//898 1004//1004
f 899//899 1004//1004 900//900
f 995//995 1005//1005 901//901
f 1005//1005 995//995 1001//1001
f 1006//1006 1002//1002 1001//1001
f 1006//1006 1001//1001 1007//1007
f 1006//1006 1007//1007 1008//1008
f 655//655 798//798 1009//1009
f 798//798 651//651 1009//1009
f 895//895 902//902 1003//1003
f 897//897 1003//1003 902//902
f 898//898 903//903 1004//1004
f 900//900 1004//1004 903//903
f 901//901 1005//1005 904//904
f 1005//1005 909//909 904//904
f 1007//1007 1001//1001 1005//1005
f 809//809 655//655 1009//1009
f 906//906 905//905 1010//1010
f 906//906 1010//1010 907//907
f 1005//1005 909//909 1011//1011
f 1012//1012 1005//1005 1011//1011
f 1007//1007 1005//1005 1012//1012
f 1008//1008 1007//1007 1013//1013
f 1007//1007 1012//1012 1013//1013
f 809//809 1014//1014 810//810
f 905//905 910//910 1010//1010
f 907//907 1010//1010 910//910
f 908//908 1011//1011 909//909
f 802//802 1011//1011 908//908
f 1015//1015 1008//1008 1013//1013
f 913//913 912//912 1016//1016
f 913//913 1016//1016 914//914
f 916//916 915//915 1017//1017
f 916//916 1017//1017 917//917
f 919//919 918//918 1018//1018
f 919//919 1018//1018 920//920
f 908//908 909//909 923//923
f 923//923 1011//1011 802//802
f 1012//1012 1011//1011 1019//1019
f 1019//1019 1011//1011 923//923
f 1015//1015 1013//1013 1019//1019
f 1019//1019 1013//1013 1012//1012
f 912//912 924//924 1016//1016
f 914//914 1016//1016 924//924
f 915//915 925//925 1017//1017
f 917//917 1017//1017 925//925
f 918//918 926//926 1018//1018
f 920//920 1018//1018 926//926
f 927//927 923//923 909//909
f 1019//1019 923//923 927//927
f 1015//1015 1019//1019 1020//1020
f 929//929 928//928 1021//1021
f 929//929 1021//1021 930//930
f 1022//1022 1019//1019 927//927
f 928//928 933//933 1021//1021
f 930//930 1021//1021 933//933
f 729//729 936//936 1023//1023
f 1022//1022 927//927 937//937
f 940//940 939//939 1024//1024
f 940//940 1024//1024 941//941
f 943//943 942//942 1025//1025
f 943//943 1025//1025 944//944
f 945//945 935//935 662//662
f 852//852 729//729 1023//1023
f 939//939 938//938 1024//1024
f 941//941 1024//1024 938//938
f 942//942 946//946 1025//1025
f 944//944 1025//1025 946//946
f 950//950 854//854 613//613
f 855//855 1026//1026 612//612
f 1026//1026 949//949 612//612
f 731//731 856//856 952//952
f 1027//1027 670//670 671//671
f 733//733 1028//1028 858//858
f 1029//1029 671//671 859//859
f 615//615 735//735 859//859
f 573//573 858//858 1030//1030
f 1030//1030 672//672 573//573
f 672//672 1030//1030 736//736
f 1031//1031 735//735 862//862
f 736//736 1032//1032 1033//1033
f 674//674 736//736 1033//1033
f 674//674 1033//1033 1034//1034
f 674//674 1034//1034 860//860
f 860//860 1034//1034 1035//1035
f 860//860 1035//1035 954//954
f 619//619 956//956 955//955
f 957//957 864//864 1036//1036
f 864//864 863//863 1037//1037
f 865//865 1038//1038 863//863
f 1038//1038 865//865 1039//1039
f 1036//1036 622//622 957//957
f 865//865 739//739 1039//1039
f 678//678 958//958 1040//1040
f 959//959 1041//1041 869//869
f 874//874 960//960 1042//1042
f 869//869 960//960 742//742
f 1043//1043 1044//1044 1045//1045
f 1045//1045 1046//1046 1043//1043
f 1047//1047 1048//1048 1049//1049
f 1049//1049 1050//1050 1047//1047
f 1043//1043 1051//1051 1044//1044
f 1046//1046 1051//1051 1043//1043
f 1047//1047 1052//1052 1048//1048
f 1050//1050 1052//1052 1047//1047
f 871//871 961//961 1053//1053
f 881//881 964//964 965//965
f 971//971 876//876 875//875
f 971//971 966//966 876//876
f 878//878 966//966 967//967
f 962//962 1053//1053 961//961
f 963//963 1055//1055 1054//1054
f 963//963 1054//1054 965//965
f 1054//1054 971//971 965//965
f 974//974 1056//1056 975//975
f 974//974 976//976 1056//1056
f 968//968 1057//1057 977//977
f 1054//1054 978//978 1055//1055
f 1054//1054 970//970 978//978
f 971//971 970//970 1054//1054
f 975//975 1056//1056 979//979
f 976//976 979//979 1056//1056
f 980//980 986//986 684//684
f 1058//1058 980//980 885//885
f 977//977 1058//1058 885//885
f 981//981 1059//1059 1055//1055
f 981//981 1055//1055 978//978
f 1059//1059 981//981 983//983
f 762//762 985//985 988//988
f 983//983 984//984 1060//1060
f 1061//1061 987//987 988//988
f 1060//1060 1062//1062 1063//1063
f 1060//1060 984//984 1062//1062
f 984//984 991//991 1062//1062
f 992//992 987//987 1064//1064
f 1062//1062 1065//1065 1063//1063
f 1062//1062 993//993 1065//1065
f 1062//1062 990//990 993//993
f 991//991 990//990 1062//1062
f 1064//1064 1066//1066 992//992
f 1065//1065 1067//1067 996//996
f 996//996 1065//1065 993//993
f 998//998 996//996 1067//1067
f 994//994 894//894 992//992
f 999//999 1002//1002 998//998
f 1068//1068 1069//1069 1070//1070
f 1070//1070 1071//1071 1068//1068
f 1072//1072 1067//1067 998//998
f 1002//1002 1072//1072 998//998
f 1002//1002 1006//1006 1072//1072
f 1006//1006 1073//1073 1072//1072
f 1006//1006 1008//1008 1074//1074
f 1073//1073 1006//1006 1074//1074
f 651//651 1075//1075 1009//1009
f 1068//1068 1076//1076 1069//1069
f 1071//1071 1076//1076 1068//1068
f 1077//1077 1078//1078 1079//1079
f 1079//1079 1080//1080 1077//1077
f 1081//1081 1073//1073 1074//1074
f 809//809 1009//1009 1082//1082
f 1077//1077 1083//1083 1078//1078
f 1080//1080 1083//1083 1077//1077
f 1084//1084 1074//1074 1008//1008
f 1082//1082 1014//1014 809//809
f 1084//1084 1008//1008 1015//1015
f 832//832 810//810 1014//1014
f 1085//1085 1086//1086 1087//1087
f 1087//1087 1088//1088 1085//1085
f 725//725 832//832 1089//1089
f 1085//1085 1090//1090 1086//1086
f 1088//1088 1090//1090 1085//1085
f 1091//1091 1015//1015 1020//1020
f 932//932 725//725 1089//1089
f 1020//1020 1019//1019 1022//1022
f 852//852 1023//1023 1092//1092
f 1023//1023 936//936 1092//1092
f 1093//1093 1022//1022 937//937
f 1093//1093 937//937 1092//1092
f 1092//1092 937//937 852//852
f 1094//1094 1095//1095 1096//1096
f 1096//1096 1097//1097 1094//1094
f 1094//1094 1098//1098 1095//1095
f 1097//1097 1098//1098 1094//1094
f 730//730 854//854 666//666
f 855//855 731//731 952//952
f 734//734 857//857 1099//1099
f 952//952 734//734 1099//1099
f 1027//1027 857//857 670//670
f 951//951 1028//1028 733//733
f 1100//1100 1027//1027 671//671
f 671//671 1029//1029 1101//1101
f 735//735 1102//1102 859//859
f 735//735 1031//1031 1102//1102
f 737//737 953//953 1103//1103
f 953//953 954//954 1103//1103
f 737//737 1103//1103 956//956
f 1031//1031 862//862 861//861
f 864//864 1104//1104 1036//1036
f 1037//1037 863//863 1038//1038
f 622//622 1036//1036 958//958
f 740//740 1105//1105 739//739
f 738//738 1106//1106 626//626
f 1106//1106 738//738 1107//1107
f 1040//1040 738//738 678//678
f 1105//1105 740//740 867//867
f 579//579 866//866 1108//1108
f 867//867 868//868 1109//1109
f 1108//1108 959//959 579//579
f 1109//1109 868//868 1110//1110
f 1110//1110 868//868 1111//1111
f 1111//1111 871//871 1112//1112
f 868//868 871//871 1111//1111
f 1111//1111 1113//1113 1110//1110
f 1045//1045 1044//1044 1046//1046
f 1049//1049 1048//1048 1050//1050
f 1113//1113 1111//1111 1114//1114
f 1046//1046 1044//1044 1051//1051
f 1050//1050 1048//1048 1052//1052
f 871//871 1053//1053 1112//1112
f 1115//1115 1112//1112 1053//1053
f 1115//1115 1111//1111 1112//1112
f 968//968 873//873 1116//1116
f 1116//1116 873//873 1042//1042
f 874//874 1042//1042 873//873
f 964//964 971//971 965//965
f 971//971 1117//1117 966//966
f 966//966 1117//1117 967//967
f 1117//1117 1118//1118 967//967
f 967//967 1118//1118 962//962
f 962//962 1118//1118 1053//1053
f 1118//1118 1119//1119 1053//1053
f 1115//1115 1053//1053 1119//1119
f 1057//1057 968//968 1116//1116
f 1055//1055 964//964 963//963
f 971//971 1055//1055 1054//1054
f 971//971 964//964 1055//1055
f 1120//1120 1117//1117 1121//1121
f 1118//1118 1117//1117 1120//1120
f 1122//1122 1118//1118 1120//1120
f 1119//1119 1118//1118 1122//1122
f 1054//1054 1055//1055 1123//1123
f 1054//1054 1123//1123 971//971
f 1123//1123 1124//1124 971//971
f 1117//1117 971//971 1125//1125
f 1125//1125 971//971 1124//1124
f 972//972 1117//1117 1121//1121
f 1117//1117 1125//1125 1121//1121
f 1120//1120 1121//1121 1126//1126
f 1127//1127 1120//1120 1126//1126
f 1120//1120 1127//1127 1122//1122
f 980//980 1128//1128 986//986
f 1128//1128 980//980 1129//1129
f 1058//1058 1129//1129 980//980
f 983//983 1123//1123 1059//1059
f 1123//1123 1055//1055 1059//1059
f 983//983 1124//1124 1123//1123
f 1126//1126 1121//1121 1125//1125
f 1122//1122 1127//1127 1130//1130
f 1119//1119 1122//1122 1131//1131
f 1132//1132 1119//1119 1131//1131
f 1133//1133 1061//1061 1134//1134
f 1061//1061 988//988 1134//1134
f 985//985 1135//1135 988//988
f 988//988 1135//1135 1134//1134
f 985//985 986//986 1135//1135
f 1060//1060 1124//1124 983//983
f 1060//1060 1136//1136 1124//1124
f 1125//1125 1124//1124 1136//1136
f 1127//1127 1126//1126 1130//1130
f 1132//1132 1131//1131 1137//1137
f 1137//1137 1138//1138 1132//1132
f 1139//1139 987//987 1133//1133
f 1061//1061 1133//1133 987//987
f 1140//1140 1141//1141 1142//1142
f 1142//1142 1143//1143 1140//1140
f 1063//1063 1136//1136 1060//1060
f 1144//1144 1125//1125 1136//1136
f 1126//1126 1125//1125 1144//1144
f 1145//1145 1130//1130 1126//1126
f 1145//1145 1126//1126 1144//1144
f 1130//1130 1146//1146 1147//1147
f 1131//1131 1130//1130 1147//1147
f 1130//1130 1131//1131 1122//1122
f 1148//1148 1149//1149 1139//1139
f 1139//1139 1064//1064 987//987
f 1064//1064 1139//1139 1149//1149
f 1140//1140 1150//1150 1141//1141
f 1143//1143 1150//1150 1140//1140
f 1063//1063 1065//1065 1151//1151
f 1063//1063 1151//1151 1136//1136
f 1131//1131 1147//1147 1137//1137
f 786//786 994//994 1152//1152
f 994//994 1149//1149 1148//1148
f 994//994 1148//1148 1152//1152
f 1066//1066 1064//1064 1149//1149
f 992//992 1066//1066 1149//1149
f 1065//1065 1067//1067 1151//1151
f 1067//1067 1153//1153 1154//1154
f 1151//1151 1067//1067 1154//1154
f 1137//1137 1147//1147 1155//1155
f 1155//1155 1156//1156 1137//1137
f 786//786 1152//1152 1000//1000
f 1149//1149 994//994 992//992
f 1153//1153 1067//1067 1157//1157
f 1158//1158 1153//1153 1159//1159
f 1160//1160 1158//1158 1159//1159
f 1146//1146 1158//1158 1160//1160
f 1147//1147 1146//1146 1155//1155
f 1155//1155 1146//1146 1160//1160
f 1161//1161 1156//1156 1155//1155
f 1000//1000 1162//1162 651//651
f 1070//1070 1163//1163 1164//1164
f 1069//1069 1163//1163 1070//1070
f 1164//1164 1071//1071 1070//1070
f 1165//1165 1071//1071 1164//1164
f 1072//1072 1157//1157 1067//1067
f 1073//1073 1157//1157 1072//1072
f 1153//1153 1157//1157 1073//1073
f 1073//1073 1081//1081 1153//1153
f 1153//1153 1159//1159 1081//1081
f 1166//1166 1161//1161 1155//1155
f 1009//1009 1167//1167 1082//1082
f 1009//1009 1075//1075 1167//1167
f 1075//1075 651//651 1162//1162
f 1069//1069 1168//1168 1163//1163
f 1076//1076 1168//1168 1069//1069
f 1165//1165 1076//1076 1071//1071
f 1168//1168 1076//1076 1165//1165
f 1079//1079 1078//1078 1169//1169
f 1079//1079 1169//1169 1080//1080
f 1081//1081 1159//1159 1074//1074
f 1155//1155 1160//1160 1166//1166
f 1166//1166 1160//1160 1159//1159
f 1078//1078 1083//1083 1169//1169
f 1080//1080 1169//1169 1083//1083
f 1084//1084 1081//1081 1074//1074
f 1074//1074 1084//1084 1159//1159
f 1170//1170 1161//1161 1166//1166
f 1170//1170 1166//1166 1084//1084
f 1084//1084 1166//1166 1159//1159
f 1014//1014 1171//1171 1172//1172
f 1171//1171 1014//1014 1082//1082
f 1015//1015 1091//1091 1084//1084
f 1170//1170 1084//1084 1091//1091
f 1172//1172 832//832 1014//1014
f 1087//1087 1173//1173 1174//1174
f 1086//1086 1173//1173 1087//1087
f 1174//1174 1088//1088 1087//1087
f 1175//1175 1088//1088 1174//1174
f 1086//1086 1176//1176 1173//1173
f 1090//1090 1176//1176 1086//1086
f 1175//1175 1090//1090 1088//1088
f 1176//1176 1090//1090 1175//1175
f 1177//1177 932//932 1089//1089
f 934//934 1178//1178 1179//1179
f 934//934 1179//1179 1180//1180
f 934//934 1180//1180 936//936
f 936//936 1181//1181 1092//1092
f 1092//1092 1181//1181 1093//1093
f 1020//1020 1022//1022 1093//1093
f 935//935 945//945 1182//1182
f 1178//1178 934//934 935//935
f 948//948 726//726 1183//1183
f 726//726 932//932 1183//1183
f 1096//1096 1095//1095 1098//1098
f 1096//1096 1098//1098 1097//1097
f 945//945 727//727 1184//1184
f 727//727 947//947 1184//1184
f 666//666 1185//1185 947//947
f 947//947 665//665 666//666
f 854//854 1186//1186 666//666
f 1187//1187 732//732 1188//1188
f 732//732 948//948 1188//1188
f 854//854 950//950 1186//1186
f 1189//1189 1026//1026 855//855
f 952//952 1099//1099 1190//1190
f 952//952 1190//1190 1189//1189
f 952//952 1189//1189 855//855
f 1027//1027 1191//1191 1192//1192
f 1191//1191 1027//1027 1100//1100
f 857//857 1027//1027 1192//1192
f 1099//1099 857//857 1192//1192
f 1100//1100 671//671 1101//1101
f 736//736 1193//1193 1032//1032
f 736//736 1030//1030 1193//1193
f 861//861 955//955 1194//1194
f 861//861 1195//1195 1031//1031
f 1194//1194 1195//1195 861//861
f 1033//1033 1032//1032 1034//1034
f 956//956 1103//1103 955//955
f 1037//1037 1196//1196 864//864
f 1038//1038 1197//1197 1037//1037
f 1039//1039 1198//1198 1038//1038
f 739//739 1105//1105 1199//1199
f 739//739 1199//1199 1039//1039
f 1107//1107 738//738 1040//1040
f 1105//1105 867//867 1109//1109
f 866//866 625//625 1200//1200
f 626//626 1106//1106 625//625
f 625//625 1106//1106 1200//1200
f 866//866 1201//1201 1108//1108
f 1202//1202 1109//1109 1110//1110
f 1108//1108 1041//1041 959//959
f 1203//1203 960//960 1204//1204
f 869//869 1204//1204 960//960
f 1041//1041 1204//1204 869//869
f 1205//1205 1042//1042 960//960
f 1042//1042 1206//1206 1116//1116
f 1115//1115 1114//1114 1111//1111
f 1115//1115 1132//1132 1114//1114
f 1057//1057 1207//1207 977//977
f 1132//1132 1115//1115 1119//1119
f 1132//1132 1208//1208 1114//1114
f 1128//1128 1129//1129 1207//1207
f 1058//1058 1207//1207 1129//1129
f 1058//1058 977//977 1207//1207
f 1209//1209 1208//1208 1132//1132
f 1210//1210 1133//1133 1211//1211
f 1133//1133 1134//1134 1211//1211
f 1128//1128 1135//1135 986//986
f 1132//1132 1138//1138 1209//1209
f 1133//1133 1210//1210 1139//1139
f 1142//1142 1141//1141 1150//1150
f 1142//1142 1150//1150 1143//1143
f 1130//1130 1145//1145 1146//1146
f 1138//1138 1212//1212 1209//1209
f 1148//1148 1210//1210 1213//1213
f 1210//1210 1148//1148 1139//1139
f 1151//1151 1154//1154 1136//1136
f 1136//1136 1154//1154 1144//1144
f 1138//1138 1137//1137 1156//1156
f 1156//1156 1212//1212 1138//1138
f 1214//1214 1152//1152 1213//1213
f 1213//1213 1152//1152 1148//1148
f 1144//1144 1158//1158 1145//1145
f 1144//1144 1154//1154 1158//1158
f 1145//1145 1158//1158 1146//1146
f 1212//1212 1156//1156 1215//1215
f 1000//1000 1216//1216 1162//1162
f 1214//1214 1216//1216 1152//1152
f 1216//1216 1000//1000 1152//1152
f 1158//1158 1154//1154 1153//1153
f 1156//1156 1161//1161 1217//1217
f 1164//1164 1163//1163 1218//1218
f 1164//1164 1218//1218 1165//1165
f 1075//1075 1219//1219 1167//1167
f 1167//1167 1219//1219 1220//1220
f 1163//1163 1168//1168 1218//1218
f 1165//1165 1218//1218 1168//1168
f 1167//1167 1221//1221 1082//1082
f 1222//1222 1172//1172 1223//1223
f 1224//1224 1223//1223 1171//1171
f 1171//1171 1223//1223 1172//1172
f 1171//1171 1082//1082 1224//1224
f 1082//1082 1221//1221 1224//1224
f 832//832 1225//1225 1089//1089
f 1172//1172 1226//1226 832//832
f 832//832 1226//1226 1225//1225
f 1222//1222 1226//1226 1172//1172
f 1174//1174 1173//1173 1227//1227
f 1174//1174 1227//1227 1175//1175
f 1228//1228 1170//1170 1091//1091
f 1173//1173 1176//1176 1227//1227
f 1175//1175 1227//1227 1176//1176
f 1091//1091 1020//1020 1228//1228
f 932//932 1177//1177 1183//1183
f 1180//1180 1181//1181 936//936
f 1229//1229 1093//1093 1181//1181
f 1229//1229 1020//1020 1093//1093
f 1228//1228 1020//1020 1229//1229
f 1178//1178 935//935 1182//1182
f 666//666 1186//1186 1230//1230
f 1185//1185 666//666 1230//1230
f 950//950 1231//1231 1186//1186
f 1026//1026 1189//1189 1231//1231
f 949//949 1026//1026 1231//1231
f 950//950 949//949 1231//1231
f 1187//1187 951//951 732//732
f 1192//1192 1191//1191 1232//1232
f 1192//1192 1232//1232 1099//1099
f 1233//1233 1028//1028 951//951
f 1234//1234 858//858 1028//1028
f 1103//1103 1235//1235 955//955
f 954//954 1035//1035 1103//1103
f 1236//1236 1037//1037 1197//1197
f 864//864 1196//1196 1104//1104
f 958//958 1036//1036 1237//1237
f 1036//1036 1104//1104 1237//1237
f 1040//1040 1238//1238 1107//1107
f 1105//1105 1109//1109 1239//1239
f 1240//1240 1202//1202 1110//1110
f 1113//1113 1240//1240 1110//1110
f 1042//1042 1205//1205 1206//1206
f 1113//1113 1241//1241 1240//1240
f 1242//1242 1241//1241 1113//1113
f 1113//1113 1114//1114 1242//1242
f 1208//1208 1242//1242 1114//1114
f 1116//1116 1243//1243 1057//1057
f 1244//1244 1128//1128 1207//1207
f 1210//1210 1211//1211 1245//1245
f 1246//1246 1247//1247 1248//1248
f 1248//1248 1249//1249 1246//1246
f 1250//1250 1209//1209 1212//1212
f 1251//1251 1250//1250 1212//1212
f 1213//1213 1210//1210 1252//1252
f 1246//1246 1253//1253 1247//1247
f 1249//1249 1253//1253 1246//1246
f 1254//1254 1255//1255 1256//1256
f 1256//1256 1257//1257 1254//1254
f 1258//1258 1259//1259 1260//1260
f 1260//1260 1261//1261 1258//1258
f 1262//1262 1263//1263 1264//1264
f 1264//1264 1265//1265 1262//1262
f 1254//1254 1266//1266 1255//1255
f 1257//1257 1266//1266 1254//1254
f 1251//1251 1212//1212 1215//1215
f 1258//1258 1267//1267 1259//1259
f 1261//1261 1267//1267 1258//1258
f 1262//1262 1268//1268 1263//1263
f 1265//1265 1268//1268 1262//1262
f 1156//1156 1217//1217 1215//1215
f 1162//1162 1219//1219 1075//1075
f 1269//1269 1270//1270 1271//1271
f 1271//1271 1272//1272 1269//1269
f 1215//1215 1217//1217 1273//1273
f 1220//1220 1219//1219 1274//1274
f 1269//1269 1275//1275 1270//1270
f 1272//1272 1275//1275 1269//1269
f 1161//1161 1273//1273 1217//1217
f 1221//1221 1167//1167 1220//1220
f 1170//1170 1276//1276 1161//1161
f 1276//1276 1273//1273 1161//1161
f 1222//1222 1223//1223 1277//1277
f 1224//1224 1277//1277 1223//1223
f 1224//1224 1221//1221 1277//1277
f 1170//1170 1228//1228 1276//1276
f 1179//1179 1178//1178 1278//1278
f 1228//1228 1229//1229 1279//1279
f 945//945 1184//1184 1182//1182
f 1180//1180 1280//1280 1181//1181
f 1181//1181 1280//1280 1229//1229
f 948//948 1183//1183 1188//1188
f 947//947 1281//1281 1184//1184
f 947//947 1185//1185 1281//1281
f 1186//1186 1231//1231 1282//1282
f 1190//1190 1099//1099 1283//1283
f 1191//1191 1100//1100 1284//1284
f 1285//1285 1100//1100 1101//1101
f 1234//1234 1028//1028 1233//1233
f 858//858 1286//1286 1030//1030
f 1030//1030 1287//1287 1193//1193
f 1031//1031 1195//1195 1288//1288
f 1034//1034 1032//1032 1289//1289
f 1032//1032 1290//1290 1289//1289
f 1034//1034 1289//1289 1035//1035
f 1035//1035 1291//1291 1103//1103
f 1196//1196 1037//1037 1236//1236
f 1197//1197 1198//1198 1292//1292
f 1293//1293 1104//1104 1196//1196
f 1197//1197 1038//1038 1198//1198
f 1292//1292 1198//1198 1294//1294
f 958//958 1237//1237 1295//1295
f 1296//1296 1237//1237 1104//1104
f 1039//1039 1199//1199 1198//1198
f 1294//1294 1198//1198 1297//1297
f 1297//1297 1198//1198 1199//1199
f 1238//1238 1040//1040 1295//1295
f 1295//1295 1040//1040 958//958
f 1105//1105 1297//1297 1199//1199
f 1298//1298 1106//1106 1107//1107
f 866//866 1200//1200 1201//1201
f 1298//1298 1200//1200 1106//1106
f 1204//1204 1041//1041 1299//1299
f 1300//1300 1299//1299 1041//1041
f 1205//1205 960//960 1203//1203
f 1301//1301 1206//1206 1205//1205
f 1206//1206 1301//1301 1302//1302
f 1206//1206 1302//1302 1243//1243
f 1206//1206 1243//1243 1116//1116
f 1208//1208 1303//1303 1242//1242
f 1304//1304 1244//1244 1243//1243
f 1243//1243 1207//1207 1057//1057
f 1305//1305 1135//1135 1306//1306
f 1304//1304 1306//1306 1244//1244
f 1243//1243 1244//1244 1207//1207
f 1303//1303 1208//1208 1250//1250
f 1305//1305 1307//1307 1135//1135
f 1128//1128 1306//1306 1135//1135
f 1244//1244 1306//1306 1128//1128
f 1208//1208 1209//1209 1250//1250
f 1308//1308 1303//1303 1250//1250
f 1309//1309 1245//1245 1211//1211
f 1307//1307 1211//1211 1134//1134
f 1135//1135 1307//1307 1134//1134
f 1248//1248 1247//1247 1253//1253
f 1248//1248 1253//1253 1249//1249
f 1213//1213 1252//1252 1214//1214
f 1245//1245 1252//1252 1210//1210
f 1256//1256 1255//1255 1310//1310
f 1256//1256 1310//1310 1257//1257
f 1260//1260 1311//1311 1312//1312
f 1259//1259 1311//1311 1260//1260
f 1312//1312 1261//1261 1260//1260
f 1264//1264 1263//1263 1313//1313
f 1264//1264 1313//1313 1265//1265
f 1255//1255 1266//1266 1310//1310
f 1257//1257 1310//1310 1266//1266
f 1215//1215 1273//1273 1251//1251
f 1162//1162 1216//1216 1314//1314
f 1259//1259 1315//1315 1311//1311
f 1267//1267 1315//1315 1259//1259
f 1315//1315 1267//1267 1261//1261
f 1263//1263 1268//1268 1313//1313
f 1265//1265 1313//1313 1268//1268
f 1271//1271 1316//1316 1317//1317
f 1270//1270 1316//1316 1271//1271
f 1317//1317 1272//1272 1271//1271
f 1221//1221 1318//1318 1277//1277
f 1221//1221 1220//1220 1318//1318
f 1318//1318 1220//1220 1274//1274
f 1270//1270 1319//1319 1316//1316
f 1275//1275 1319//1319 1270//1270
f 1319//1319 1275//1275 1272//1272
f 1222//1222 1318//1318 1226//1226
f 1222//1222 1277//1277 1318//1318
f 1228//1228 1320//1320 1276//1276
f 1225//1225 1177//1177 1089//1089
f 1321//1321 1320//1320 1228//1228
f 1177//1177 1322//1322 1183//1183
f 1178//1178 1182//1182 1278//1278
f 1180//1180 1179//1179 1323//1323
f 1280//1280 1180//1180 1323//1323
f 1279//1279 1321//1321 1228//1228
f 1324//1324 1281//1281 1185//1185
f 1230//1230 1325//1325 1185//1185
f 1282//1282 1230//1230 1186//1186
f 1282//1282 1325//1325 1230//1230
f 1231//1231 1326//1326 1282//1282
f 1189//1189 1326//1326 1231//1231
f 1190//1190 1283//1283 1327//1327
f 1326//1326 1189//1189 1190//1190
f 1327//1327 1326//1326 1190//1190
f 1187//1187 1328//1328 951//951
f 1329//1329 1232//1232 1191//1191
f 1232//1232 1283//1283 1099//1099
f 1328//1328 1233//1233 951//951
f 1284//1284 1329//1329 1191//1191
f 1234//1234 1286//1286 858//858
f 1286//1286 1287//1287 1030//1030
f 1288//1288 1102//1102 1031//1031
f 955//955 1235//1235 1194//1194
f 1035//1035 1289//1289 1291//1291
f 1103//1103 1291//1291 1235//1235
f 1297//1297 1105//1105 1239//1239
f 1239//1239 1330//1330 1297//1297
f 1107//1107 1331//1331 1298//1298
f 1238//1238 1331//1331 1107//1107
f 1109//1109 1202//1202 1239//1239
f 1202//1202 1330//1330 1239//1239
f 1202//1202 1332//1332 1333//1333
f 1300//1300 1041//1041 1108//1108
f 1202//1202 1240//1240 1332//1332
f 1204//1204 1299//1299 1203//1203
f 1240//1240 1241//1241 1332//1332
f 1203//1203 1334//1334 1205//1205
f 1241//1241 1242//1242 1335//1335
f 1242//1242 1303//1303 1335//1335
f 1304//1304 1243//1243 1302//1302
f 1336//1336 1211//1211 1307//1307
f 1211//1211 1337//1337 1309//1309
f 1338//1338 1252//1252 1309//1309
f 1245//1245 1309//1309 1252//1252
f 1250//1250 1251//1251 1339//1339
f 1308//1308 1250//1250 1339//1339
f 1314//1314 1216//1216 1338//1338
f 1338//1338 1216//1216 1252//1252
f 1252//1252 1216//1216 1214//1214
f 1312//1312 1311//1311 1340//1340
f 1312//1312 1340//1340 1261//1261
f 1219//1219 1162//1162 1314//1314
f 1311//1311 1315//1315 1340//1340
f 1261//1261 1340//1340 1315//1315
f 1251//1251 1273//1273 1339//1339
f 1274//1274 1219//1219 1314//1314
f 1317//1317 1316//1316 1341//1341
f 1317//1317 1341//1341 1272//1272
f 1342//1342 1318//1318 1274//1274
f 1316//1316 1319//1319 1341//1341
f 1272//1272 1341//1341 1319//1319
f 1343//1343 1339//1339 1273//1273
f 1226//1226 1342//1342 1225//1225
f 1318//1318 1342//1342 1226//1226
f 1273//1273 1276//1276 1343//1343
f 1320//1320 1343//1343 1276//1276
f 1322//1322 1177//1177 1225//1225
f 1183//1183 1322//1322 1344//1344
f 1278//1278 1182//1182 1345//1345
f 1183//1183 1344//1344 1346//1346
f 1229//1229 1280//1280 1279//1279
f 1183//1183 1346//1346 1188//1188
f 1347//1347 1182//1182 1184//1184
f 1347//1347 1184//1184 1281//1281
f 1232//1232 1329//1329 1348//1348
f 1284//1284 1100//1100 1285//1285
f 1101//1101 1029//1029 1285//1285
f 1234//1234 1233//1233 1349//1349
f 1350//1350 1286//1286 1234//1234
f 1102//1102 1288//1288 1351//1351
f 1286//1286 1352//1352 1287//1287
f 1352//1352 1193//1193 1287//1287
f 1194//1194 1353//1353 1195//1195
f 1354//1354 1193//1193 1352//1352
f 1193//1193 1354//1354 1032//1032
f 1032//1032 1354//1354 1290//1290
f 1235//1235 1291//1291 1355//1355
f 1293//1293 1236//1236 1356//1356
f 1293//1293 1196//1196 1236//1236
f 1357//1357 1236//1236 1197//1197
f 1197//1197 1292//1292 1357//1357
f 1296//1296 1104//1104 1293//1293
f 1294//1294 1358//1358 1292//1292
f 1237//1237 1359//1359 1295//1295
f 1360//1360 1238//1238 1295//1295
f 1298//1298 1361//1361 1200//1200
f 1201//1201 1300//1300 1108//1108
f 1362//1362 1299//1299 1300//1300
f 1332//1332 1241//1241 1335//1335
f 1301//1301 1334//1334 1363//1363
f 1334//1334 1301//1301 1205//1205
f 1364//1364 1302//1302 1301//1301
f 1303//1303 1365//1365 1335//1335
f 1307//1307 1366//1366 1336//1336
f 1305//1305 1306//1306 1367//1367
f 1365//1365 1303//1303 1368//1368
f 1303//1303 1308//1308 1368//1368
f 1337//1337 1369//1369 1370//1370
f 1336//1336 1337//1337 1211//1211
f 1369//1369 1337//1337 1336//1336
f 1371//1371 1342//1342 1274//1274
f 1342//1342 1372//1372 1322//1322
f 1225//1225 1342//1342 1322//1322
f 1373//1373 1343//1343 1320//1320
f 1320//1320 1321//1321 1374//1374
f 1323//1323 1179//1179 1375//1375
f 1280//1280 1323//1323 1375//1375
f 1321//1321 1279//1279 1374//1374
f 1279//1279 1376//1376 1374//1374
f 1377//1377 1345//1345 1182//1182
f 1279//1279 1280//1280 1376//1376
f 1346//1346 1378//1378 1188//1188
f 1347//1347 1379//1379 1377//1377
f 1182//1182 1347//1347 1377//1377
f 1185//1185 1380//1380 1324//1324
f 1281//1281 1324//1324 1379//1379
f 1347//1347 1281//1281 1379//1379
f 1188//1188 1378//1378 1381//1381
f 1185//1185 1325//1325 1380//1380
f 1188//1188 1381//1381 1187//1187
f 1187//1187 1381//1381 1328//1328
f 1382//1382 1348//1348 1329//1329
f 1328//1328 1383//1383 1233//1233
f 1285//1285 1384//1384 1284//1284
f 859//859 1351//1351 1385//1385
f 1102//1102 1351//1351 859//859
f 859//859 1385//1385 1029//1029
f 1288//1288 1386//1386 1351//1351
f 1350//1350 1352//1352 1286//1286
f 1235//1235 1355//1355 1387//1387
f 1387//1387 1194//1194 1235//1235
f 1291//1291 1289//1289 1355//1355
f 1236//1236 1357//1357 1356//1356
f 1293//1293 1388//1388 1296//1296
f 1292//1292 1358//1358 1357//1357
f 1237//1237 1296//1296 1359//1359
f 1295//1295 1359//1359 1389//1389
f 1294//1294 1297//1297 1390//1390
f 1390//1390 1297//1297 1391//1391
f 1389//1389 1360//1360 1295//1295
f 1391//1391 1297//1297 1330//1330
f 1360//1360 1392//1392 1331//1331
f 1238//1238 1360//1360 1331//1331
f 1361//1361 1298//1298 1393//1393
f 1393//1393 1298//1298 1394//1394
f 1202//1202 1333//1333 1330//1330
f 1200//1200 1395//1395 1201//1201
f 1361//1361 1395//1395 1200//1200
f 1201//1201 1396//1396 1300//1300
f 1203//1203 1397//1397 1334//1334
f 1363//1363 1398//1398 1301//1301
f 1335//1335 1365//1365 1399//1399
f 1398//1398 1364//1364 1301//1301
f 1400//1400 1305//1305 1367//1367
f 1304//1304 1367//1367 1306//1306
f 1364//1364 1304//1304 1302//1302
f 1367//1367 1304//1304 1364//1364
f 1366//1366 1401//1401 1336//1336
f 1307//1307 1305//1305 1400//1400
f 1336//1336 1401//1401 1369//1369
f 1368//1368 1308//1308 1402//1402
f 1309//1309 1337//1337 1403//1403
f 1337//1337 1370//1370 1403//1403
f 1404//1404 1405//1405 1406//1406
f 1406//1406 1407//1407 1404//1404
f 1408//1408 1338//1338 1403//1403
f 1309//1309 1403//1403 1338//1338
f 1409//1409 1308//1308 1339//1339
f 1338//1338 1408//1408 1314//1314
f 1274//1274 1314//1314 1371//1371
f 1343//1343 1410//1410 1339//1339
f 1342//1342 1371//1371 1372//1372
f 1372//1372 1344//1344 1322//1322
f 1320//1320 1374//1374 1373//1373
f 1411//1411 1278//1278 1345//1345
f 1179//1179 1278//1278 1411//1411
f 1280//1280 1412//1412 1376//1376
f 1413//1413 1374//1374 1376//1376
f 1414//1414 1415//1415 1377//1377
f 1415//1415 1345//1345 1377//1377
f 1414//1414 1377//1377 1379//1379
f 1416//1416 1380//1380 1325//1325
f 1282//1282 1416//1416 1325//1325
f 1282//1282 1417//1417 1416//1416
f 1417//1417 1282//1282 1326//1326
f 1327//1327 1418//1418 1326//1326
f 1348//1348 1419//1419 1232//1232
f 1283//1283 1232//1232 1419//1419
f 1327//1327 1283//1283 1419//1419
f 1284//1284 1382//1382 1329//1329
f 1383//1383 1349//1349 1233//1233
f 1234//1234 1349//1349 1350//1350
f 1386//1386 1288//1288 1195//1195
f 1195//1195 1353//1353 1386//1386
f 1420//1420 1354//1354 1352//1352
f 1355//1355 1421//1421 1387//1387
f 1354//1354 1420//1420 1290//1290
f 1289//1289 1290//1290 1422//1422
f 1422//1422 1355//1355 1289//1289
f 1293//1293 1356//1356 1388//1388
f 1357//1357 1423//1423 1356//1356
f 1357//1357 1424//1424 1423//1423
f 1358//1358 1424//1424 1357//1357
f 1425//1425 1424//1424 1358//1358
f 1426//1426 1296//1296 1388//1388
f 1426//1426 1359//1359 1296//1296
f 1358//1358 1390//1390 1425//1425
f 1294//1294 1390//1390 1358//1358
f 1389//1389 1427//1427 1360//1360
f 1333//1333 1428//1428 1330//1330
f 1395//1395 1396//1396 1201//1201
f 1429//1429 1428//1428 1333//1333
f 1333//1333 1332//1332 1429//1429
f 1299//1299 1397//1397 1203//1203
f 1332//1332 1335//1335 1429//1429
f 1429//1429 1335//1335 1430//1430
f 1335//1335 1399//1399 1430//1430
f 1400//1400 1366//1366 1307//1307
f 1365//1365 1368//1368 1431//1431
f 1432//1432 1433//1433 1370//1370
f 1432//1432 1370//1370 1434//1434
f 1369//1369 1434//1434 1370//1370
f 1369//1369 1435//1435 1434//1434
f 1369//1369 1401//1401 1435//1435
f 1403//1403 1370//1370 1433//1433
f 1406//1406 1405//1405 1436//1436
f 1406//1406 1436//1436 1407//1407
f 1403//1403 1437//1437 1408//1408
f 1405//1405 1404//1404 1436//1436
f 1407//1407 1436//1436 1404//1404
f 1402//1402 1308//1308 1409//1409
f 1314//1314 1408//1408 1371//1371
f 1371//1371 1408//1408 1438//1438
f 1439//1439 1371//1371 1438//1438
f 1371//1371 1439//1439 1372//1372
f 1343//1343 1373//1373 1440//1440
f 1372//1372 1441//1441 1344//1344
f 1376//1376 1412//1412 1413//1413
f 1344//1344 1442//1442 1346//1346
f 1324//1324 1380//1380 1443//1443
f 1324//1324 1444//1444 1379//1379
f 1445//1445 1380//1380 1416//1416
f 1446//1446 1381//1381 1378//1378
f 1381//1381 1447//1447 1328//1328
f 1327//1327 1419//1419 1418//1418
f 1447//1447 1383//1383 1328//1328
f 1384//1384 1382//1382 1284//1284
f 1385//1385 1351//1351 1448//1448
f 1449//1449 1351//1351 1386//1386
f 1350//1350 1450//1450 1352//1352
f 1450//1450 1420//1420 1352//1352
f 1450//1450 1451//1451 1420//1420
f 1422//1422 1421//1421 1355//1355
f 1290//1290 1420//1420 1452//1452
f 1290//1290 1452//1452 1422//1422
f 1356//1356 1453//1453 1388//1388
f 1356//1356 1423//1423 1453//1453
f 1426//1426 1454//1454 1359//1359
f 1390//1390 1391//1391 1455//1455
f 1391//1391 1330//1330 1456//1456
f 1456//1456 1330//1330 1457//1457
f 1427//1427 1392//1392 1360//1360
f 1361//1361 1393//1393 1458//1458
f 1392//1392 1298//1298 1331//1331
f 1394//1394 1298//1298 1392//1392
f 1330//1330 1428//1428 1457//1457
f 1395//1395 1459//1459 1396//1396
f 1395//1395 1361//1361 1459//1459
f 1396//1396 1460//1460 1300//1300
f 1460//1460 1362//1362 1300//1300
f 1299//1299 1461//1461 1397//1397
f 1397//1397 1462//1462 1334//1334
f 1363//1363 1463//1463 1398//1398
f 1462//1462 1463//1463 1334//1334
f 1463//1463 1363//1363 1334//1334
f 1399//1399 1365//1365 1464//1464
f 1465//1465 1364//1364 1398//1398
f 1365//1365 1466//1466 1464//1464
f 1364//1364 1465//1465 1367//1367
f 1365//1365 1431//1431 1466//1466
f 1435//1435 1401//1401 1467//1467
f 1432//1432 1468//1468 1433//1433
f 1432//1432 1434//1434 1468//1468
f 1469//1469 1470//1470 1471//1471
f 1471//1471 1472//1472 1469//1469
f 1433//1433 1437//1437 1403//1403
f 1409//1409 1339//1339 1410//1410
f 1473//1473 1474//1474 1475//1475
f 1475//1475 1476//1476 1473//1473
f 1477//1477 1373//1373 1374//1374
f 1478//1478 1477//1477 1374//1374
f 1473//1473 1479//1479 1474//1474
f 1476//1476 1479//1479 1473//1473
f 1411//1411 1480//1480 1481//1481
f 1179//1179 1411//1411 1482//1482
f 1375//1375 1179//1179 1483//1483
f 1345//1345 1415//1415 1480//1480
f 1480//1480 1411//1411 1345//1345
f 1483//1483 1280//1280 1375//1375
f 1444//1444 1484//1484 1414//1414
f 1414//1414 1484//1484 1415//1415
f 1445//1445 1443//1443 1380//1380
f 1444//1444 1414//1414 1379//1379
f 1346//1346 1446//1446 1378//1378
f 1381//1381 1446//1446 1447//1447
f 1418//1418 1417//1417 1326//1326
f 1485//1485 1348//1348 1382//1382
f 1485//1485 1382//1382 1384//1384
f 1385//1385 1285//1285 1029//1029
f 1386//1386 1486//1486 1449//1449
f 1349//1349 1487//1487 1350//1350
f 1450//1450 1350//1350 1487//1487
f 1488//1488 1353//1353 1387//1387
f 1353//1353 1194//1194 1387//1387
f 1450//1450 1487//1487 1451//1451
f 1422//1422 1489//1489 1421//1421
f 1426//1426 1388//1388 1453//1453
f 1490//1490 1424//1424 1425//1425
f 1359//1359 1454//1454 1389//1389
f 1425//1425 1390//1390 1455//1455
f 1455//1455 1391//1391 1456//1456
f 1361//1361 1458//1458 1459//1459
f 1491//1491 1457//1457 1428//1428
f 1299//1299 1362//1362 1461//1461
f 1399//1399 1464//1464 1430//1430
f 1398//1398 1463//1463 1492//1492
f 1366//1366 1467//1467 1401//1401
f 1493//1493 1435//1435 1467//1467
f 1368//1368 1402//1402 1431//1431
f 1468//1468 1434//1434 1493//1493
f 1435//1435 1493//1493 1434//1434
f 1471//1471 1470//1470 1494//1494
f 1471//1471 1494//1494 1472//1472
f 1470//1470 1469//1469 1494//1494
f 1472//1472 1494//1494 1469//1469
f 1410//1410 1343//1343 1440//1440
f 1372//1372 1495//1495 1441//1441
f 1373//1373 1477//1477 1440//1440
f 1475//1475 1474//1474 1496//1496
f 1475//1475 1496//1496 1476//1476
f 1497//1497 1478//1478 1374//1374
f 1474//1474 1479//1479 1496//1496
f 1476//1476 1496//1496 1479//1479
f 1415//1415 1498//1498 1480//1480
f 1480//1480 1499//1499 1481//1481
f 1411//1411 1481//1481 1482//1482
f 1179//1179 1482//1482 1483//1483
f 1280//1280 1483//1483 1412//1412
f 1374//1374 1413//1413 1497//1497
f 1441//1441 1442//1442 1344//1344
f 1413//1413 1412//1412 1500//1500
f 1498//1498 1415//1415 1484//1484
f 1442//1442 1501//1501 1346//1346
f 1444//1444 1324//1324 1443//1443
f 1502//1502 1346//1346 1501//1501
f 1445//1445 1503//1503 1504//1504
f 1346//1346 1502//1502 1446//1446
f 1503//1503 1445//1445 1416//1416
f 1418//1418 1505//1505 1417//1417
f 1419//1419 1505//1505 1418//1418
f 1446//1446 1383//1383 1447//1447
f 1506//1506 1383//1383 1446//1446
f 1383//1383 1507//1507 1349//1349
f 1507//1507 1508//1508 1349//1349
f 1509//1509 1448//1448 1449//1449
f 1351//1351 1449//1449 1448//1448
f 1449//1449 1486//1486 1509//1509
f 1349//1349 1508//1508 1487//1487
f 1488//1488 1510//1510 1353//1353
f 1510//1510 1511//1511 1353//1353
f 1386//1386 1353//1353 1511//1511
f 1486//1486 1386//1386 1511//1511
f 1421//1421 1488//1488 1387//1387
f 1451//1451 1512//1512 1420//1420
f 1420//1420 1512//1512 1452//1452
f 1489//1489 1422//1422 1452//1452
f 1453//1453 1423//1423 1513//1513
f 1514//1514 1423//1423 1424//1424
f 1426//1426 1515//1515 1454//1454
f 1427//1427 1516//1516 1392//1392
f 1457//1457 1491//1491 1456//1456
f 1428//1428 1517//1517 1491//1491
f 1396//1396 1459//1459 1460//1460
f 1460//1460 1518//1518 1362//1362
f 1428//1428 1429//1429 1517//1517
f 1429//1429 1430//1430 1517//1517
f 1398//1398 1492//1492 1465//1465
f 1367//1367 1519//1519 1400//1400
f 1400//1400 1519//1519 1520//1520
f 1367//1367 1521//1521 1519//1519
f 1521//1521 1367//1367 1465//1465
f 1522//1522 1466//1466 1431//1431
f 1523//1523 1467//1467 1366//1366
f 1493//1493 1467//1467 1523//1523
f 1431//1431 1402//1402 1524//1524
f 1433//1433 1525//1525 1437//1437
f 1433//1433 1468//1468 1525//1525
f 1402//1402 1409//1409 1524//1524
f 1408//1408 1526//1526 1438//1438
f 1409//1409 1410//1410 1524//1524
f 1527//1527 1410//1410 1440//1440
f 1372//1372 1439//1439 1495//1495
f 1480//1480 1498//1498 1528//1528
f 1528//1528 1499//1499 1480//1480
f 1412//1412 1483//1483 1529//1529
f 1445//1445 1530//1530 1443//1443
f 1443//1443 1530//1530 1444//1444
f 1419//1419 1348//1348 1505//1505
f 1348//1348 1485//1485 1505//1505
f 1507//1507 1383//1383 1506//1506
f 1384//1384 1285//1285 1531//1531
f 1531//1531 1285//1285 1385//1385
f 1532//1532 1385//1385 1448//1448
f 1510//1510 1533//1533 1511//1511
f 1487//1487 1534//1534 1451//1451
f 1488//1488 1421//1421 1535//1535
f 1451//1451 1534//1534 1512//1512
f 1512//1512 1536//1536 1452//1452
f 1536//1536 1489//1489 1452//1452
f 1426//1426 1453//1453 1537//1537
f 1423//1423 1514//1514 1513//1513
f 1537//1537 1515//1515 1426//1426
f 1424//1424 1538//1538 1514//1514
f 1424//1424 1490//1490 1538//1538
f 1515//1515 1389//1389 1454//1454
f 1425//1425 1539//1539 1490//1490
f 1539//1539 1425//1425 1455//1455
f 1455//1455 1540//1540 1539//1539
f 1540//1540 1455//1455 1456//1456
f 1541//1541 1394//1394 1542//1542
f 1392//1392 1516//1516 1394//1394
f 1491//1491 1543//1543 1456//1456
f 1459//1459 1458//1458 1544//1544
f 1393//1393 1541//1541 1458//1458
f 1394//1394 1541//1541 1393//1393
f 1518//1518 1461//1461 1362//1362
f 1517//1517 1430//1430 1545//1545
f 1461//1461 1546//1546 1397//1397
f 1430//1430 1547//1547 1545//1545
f 1430//1430 1464//1464 1547//1547
f 1548//1548 1463//1463 1462//1462
f 1463//1463 1549//1549 1492//1492
f 1521//1521 1465//1465 1492//1492
f 1466//1466 1522//1522 1464//1464
f 1400//1400 1550//1550 1366//1366
f 1550//1550 1523//1523 1366//1366
f 1520//1520 1550//1550 1400//1400
f 1523//1523 1551//1551 1493//1493
f 1468//1468 1493//1493 1525//1525
f 1552//1552 1408//1408 1437//1437
f 1526//1526 1408//1408 1552//1552
f 1524//1524 1410//1410 1553//1553
f 1553//1553 1410//1410 1527//1527
f 1527//1527 1440//1440 1477//1477
f 1554//1554 1497//1497 1413//1413
f 1441//1441 1555//1555 1442//1442
f 1483//1483 1482//1482 1529//1529
f 1412//1412 1529//1529 1500//1500
f 1413//1413 1500//1500 1554//1554
f 1556//1556 1498//1498 1484//1484
f 1530//1530 1504//1504 1557//1557
f 1445//1445 1504//1504 1530//1530
f 1502//1502 1501//1501 1558//1558
f 1559//1559 1417//1417 1505//1505
f 1446//1446 1502//1502 1506//1506
f 1448//1448 1509//1509 1560//1560
f 1508//1508 1561//1561 1487//1487
f 1488//1488 1535//1535 1562//1562
f 1562//1562 1510//1510 1488//1488
f 1535//1535 1421//1421 1563//1563
f 1512//1512 1534//1534 1564//1564
f 1564//1564 1536//1536 1512//1512
f 1489//1489 1536//1536 1565//1565
f 1513//1513 1537//1537 1453//1453
f 1515//1515 1566//1566 1389//1389
f 1389//1389 1566//1566 1427//1427
f 1516//1516 1567//1567 1394//1394
f 1394//1394 1567//1567 1542//1542
f 1491//1491 1517//1517 1543//1543
f 1460//1460 1568//1568 1518//1518
f 1544//1544 1460//1460 1459//1459
f 1569//1569 1461//1461 1518//1518
f 1397//1397 1546//1546 1462//1462
f 1461//1461 1569//1569 1546//1546
f 1463//1463 1570//1570 1549//1549
f 1463//1463 1548//1548 1570//1570
f 1571//1571 1519//1519 1521//1521
f 1571//1571 1521//1521 1492//1492
f 1572//1572 1492//1492 1549//1549
f 1551//1551 1523//1523 1550//1550
f 1522//1522 1431//1431 1573//1573
f 1431//1431 1524//1524 1573//1573
f 1525//1525 1493//1493 1551//1551
f 1574//1574 1575//1575 1576//1576
f 1576//1576 1577//1577 1574//1574
f 1525//1525 1578//1578 1437//1437
f 1574//1574 1579//1579 1575//1575
f 1577//1577 1579//1579 1574//1574
f 1438//1438 1526//1526 1580//1580
f 1580//1580 1439//1439 1438//1438
f 1477//1477 1478//1478 1581//1581
f 1582//1582 1441//1441 1495//1495
f 1478//1478 1497//1497 1581//1581
f 1583//1583 1528//1528 1584//1584
f 1499//1499 1585//1585 1481//1481
f 1585//1585 1482//1482 1481//1481
f 1556//1556 1584//1584 1498//1498
f 1528//1528 1498//1498 1584//1584
f 1500//1500 1529//1529 1586//1586
f 1554//1554 1500//1500 1586//1586
f 1587//1587 1588//1588 1589//1589
f 1587//1587 1589//1589 1590//1590
f 1590//1590 1589//1589 1591//1591
f 1442//1442 1555//1555 1501//1501
f 1589//1589 1588//1588 1591//1591
f 1556//1556 1444//1444 1530//1530
f 1484//1484 1444//1444 1556//1556
f 1504//1504 1592//1592 1557//1557
f 1504//1504 1503//1503 1592//1592
f 1417//1417 1559//1559 1593//1593
f 1416//1416 1417//1417 1503//1503
f 1417//1417 1593//1593 1503//1503
f 1506//1506 1502//1502 1594//1594
f 1505//1505 1485//1485 1595//1595
f 1595//1595 1559//1559 1505//1505
f 1596//1596 1384//1384 1531//1531
f 1532//1532 1531//1531 1385//1385
f 1532//1532 1448//1448 1560//1560
f 1562//1562 1533//1533 1510//1510
f 1562//1562 1597//1597 1533//1533
f 1486//1486 1598//1598 1509//1509
f 1561//1561 1534//1534 1487//1487
f 1565//1565 1563//1563 1489//1489
f 1421//1421 1489//1489 1563//1563
f 1537//1537 1599//1599 1515//1515
f 1513//1513 1600//1600 1537//1537
f 1537//1537 1600//1600 1599//1599
f 1601//1601 1600//1600 1513//1513
f 1514//1514 1601//1601 1513//1513
f 1515//1515 1602//1602 1566//1566
f 1427//1427 1566//1566 1603//1603
f 1603//1603 1516//1516 1427//1427
f 1542//1542 1604//1604 1541//1541
f 1458//1458 1605//1605 1544//1544
f 1458//1458 1541//1541 1605//1605
f 1568//1568 1460//1460 1544//1544
f 1606//1606 1548//1548 1607//1607
f 1462//1462 1607//1607 1548//1548
f 1549//1549 1570//1570 1572//1572
f 1572//1572 1571//1571 1492//1492
f 1608//1608 1464//1464 1522//1522
f 1551//1551 1550//1550 1609//1609
f 1610//1610 1525//1525 1551//1551
f 1578//1578 1525//1525 1610//1610
f 1576//1576 1575//1575 1579//1579
f 1576//1576 1579//1579 1577//1577
f 1573//1573 1524//1524 1611//1611
f 1437//1437 1578//1578 1552//1552
f 1524//1524 1553//1553 1611//1611
f 1612//1612 1553//1553 1527//1527
f 1477//1477 1613//1613 1527//1527
f 1580//1580 1495//1495 1439//1439
f 1614//1614 1495//1495 1580//1580
f 1477//1477 1581//1581 1613//1613
f 1554//1554 1615//1615 1497//1497
f 1497//1497 1615//1615 1581//1581
f 1499//1499 1528//1528 1585//1585
f 1482//1482 1585//1585 1586//1586
f 1529//1529 1482//1482 1586//1586
f 1556//1556 1616//1616 1584//1584
f 1556//1556 1530//1530 1616//1616
f 1555//1555 1617//1617 1501//1501
f 1557//1557 1616//1616 1530//1530
f 1558//1558 1594//1594 1502//1502
f 1595//1595 1618//1618 1559//1559
f 1594//1594 1619//1619 1506//1506
f 1384//1384 1620//1620 1485//1485
f 1620//1620 1384//1384 1596//1596
f 1506//1506 1621//1621 1507//1507
f 1507//1507 1622//1622 1508//1508
f 1596//1596 1531//1531 1532//1532
f 1532//1532 1560//1560 1623//1623
f 1508//1508 1622//1622 1561//1561
f 1509//1509 1624//1624 1560//1560
f 1509//1509 1598//1598 1624//1624
f 1535//1535 1625//1625 1562//1562
f 1511//1511 1533//1533 1626//1626
f 1533//1533 1627//1627 1626//1626
f 1486//1486 1511//1511 1626//1626
f 1626//1626 1598//1598 1486//1486
f 1536//1536 1628//1628 1565//1565
f 1629//1629 1628//1628 1536//1536
f 1563//1563 1565//1565 1625//1625
f 1565//1565 1628//1628 1625//1625
f 1625//1625 1535//1535 1563//1563
f 1536//1536 1564//1564 1629//1629
f 1514//1514 1538//1538 1601//1601
f 1490//1490 1630//1630 1538//1538
f 1539//1539 1631//1631 1490//1490
f 1490//1490 1631//1631 1630//1630
f 1567//1567 1632//1632 1542//1542
f 1516//1516 1633//1633 1567//1567
f 1516//1516 1603//1603 1633//1633
f 1540//1540 1456//1456 1634//1634
f 1456//1456 1543//1543 1634//1634
f 1517//1517 1635//1635 1543//1543
f 1518//1518 1568//1568 1636//1636
f 1637//1637 1568//1568 1544//1544
f 1518//1518 1636//1636 1569//1569
f 1517//1517 1545//1545 1635//1635
f 1462//1462 1546//1546 1607//1607
f 1548//1548 1606//1606 1570//1570
f 1572//1572 1570//1570 1638//1638
f 1639//1639 1519//1519 1640//1640
f 1638//1638 1640//1640 1571//1571
f 1572//1572 1638//1638 1571//1571
f 1639//1639 1520//1520 1519//1519
f 1571//1571 1640//1640 1519//1519
f 1608//1608 1522//1522 1641//1641
f 1609//1609 1550//1550 1642//1642
f 1522//1522 1573//1573 1641//1641
f 1609//1609 1610//1610 1551//1551
f 1573//1573 1611//1611 1643//1643
f 1578//1578 1644//1644 1552//1552
f 1645//1645 1580//1580 1526//1526
f 1527//1527 1613//1613 1612//1612
f 1646//1646 1647//1647 1648//1648
f 1495//1495 1614//1614 1582//1582
f 1649//1649 1650//1650 1554//1554
f 1650//1650 1615//1615 1554//1554
f 1647//1647 1646//1646 1651//1651
f 1648//1648 1647//1647 1651//1651
f 1441//1441 1582//1582 1555//1555
f 1584//1584 1652//1652 1583//1583
f 1554//1554 1586//1586 1649//1649
f 1588//1588 1587//1587 1590//1590
f 1584//1584 1616//1616 1652//1652
f 1591//1591 1588//1588 1590//1590
f 1592//1592 1653//1653 1557//1557
f 1485//1485 1620//1620 1654//1654
f 1485//1485 1654//1654 1595//1595
f 1619//1619 1655//1655 1506//1506
f 1506//1506 1655//1655 1621//1621
f 1621//1621 1622//1622 1507//1507
f 1596//1596 1532//1532 1623//1623
f 1597//1597 1627//1627 1533//1533
f 1656//1656 1534//1534 1657//1657
f 1656//1656 1564//1564 1534//1534
f 1562//1562 1625//1625 1658//1658
f 1597//1597 1562//1562 1658//1658
f 1564//1564 1656//1656 1629//1629
f 1599//1599 1602//1602 1515//1515
f 1566//1566 1633//1633 1603//1603
f 1633//1633 1566//1566 1602//1602
f 1539//1539 1540//1540 1631//1631
f 1604//1604 1542//1542 1632//1632
f 1543//1543 1635//1635 1634//1634
f 1659//1659 1606//1606 1607//1607
f 1660//1660 1547//1547 1464//1464
f 1570//1570 1661//1661 1638//1638
f 1661//1661 1570//1570 1606//1606
f 1660//1660 1464//1464 1608//1608
f 1662//1662 1639//1639 1640//1640
f 1638//1638 1662//1662 1640//1640
f 1550//1550 1520//1520 1642//1642
f 1639//1639 1663//1663 1520//1520
f 1520//1520 1663//1663 1642//1642
f 1664//1664 1610//1610 1609//1609
f 1526//1526 1552//1552 1645//1645
f 1553//1553 1612//1612 1611//1611
f 1665//1665 1613//1613 1581//1581
f 1615//1615 1665//1665 1581//1581
f 1646//1646 1648//1648 1666//1666
f 1646//1646 1666//1666 1651//1651
f 1648//1648 1651//1651 1666//1666
f 1528//1528 1583//1583 1667//1667
f 1585//1585 1528//1528 1667//1667
f 1668//1668 1586//1586 1585//1585
f 1649//1649 1586//1586 1668//1668
f 1652//1652 1616//1616 1669//1669
f 1670//1670 1617//1617 1555//1555
f 1557//1557 1653//1653 1616//1616
f 1501//1501 1671//1671 1558//1558
f 1671//1671 1501//1501 1617//1617
f 1593//1593 1592//1592 1503//1503
f 1672//1672 1593//1593 1559//1559
f 1672//1672 1559//1559 1618//1618
f 1654//1654 1618//1618 1595//1595
f 1620//1620 1673//1673 1654//1654
f 1596//1596 1674//1674 1620//1620
f 1622//1622 1675//1675 1561//1561
f 1560//1560 1624//1624 1676//1676
f 1561//1561 1675//1675 1657//1657
f 1534//1534 1561//1561 1657//1657
f 1625//1625 1677//1677 1658//1658
f 1597//1597 1658//1658 1627//1627
f 1625//1625 1628//1628 1677//1677
f 1600//1600 1601//1601 1678//1678
f 1538//1538 1679//1679 1601//1601
f 1601//1601 1679//1679 1680//1680
f 1602//1602 1681//1681 1633//1633
f 1681//1681 1682//1682 1633//1633
f 1631//1631 1540//1540 1634//1634
f 1632//1632 1683//1683 1604//1604
f 1633//1633 1632//1632 1567//1567
f 1544//1544 1684//1684 1637//1637
f 1544//1544 1605//1605 1685//1685
f 1605//1605 1541//1541 1685//1685
f 1636//1636 1686//1686 1569//1569
f 1546//1546 1687//1687 1607//1607
f 1606//1606 1659//1659 1661//1661
f 1661//1661 1662//1662 1638//1638
f 1662//1662 1663//1663 1639//1639
f 1609//1609 1642//1642 1688//1688
f 1641//1641 1573//1573 1643//1643
f 1644//1644 1578//1578 1610//1610
f 1643//1643 1611//1611 1689//1689
f 1645//1645 1690//1690 1580//1580
f 1691//1691 1692//1692 1667//1667
f 1650//1650 1649//1649 1668//1668
f 1583//1583 1652//1652 1691//1691
f 1691//1691 1667//1667 1583//1583
f 1582//1582 1670//1670 1555//1555
f 1671//1671 1693//1693 1558//1558
f 1693//1693 1594//1594 1558//1558
f 1618//1618 1654//1654 1694//1694
f 1654//1654 1695//1695 1694//1694
f 1654//1654 1673//1673 1695//1695
f 1622//1622 1621//1621 1675//1675
f 1674//1674 1596//1596 1623//1623
f 1560//1560 1676//1676 1623//1623
f 1629//1629 1656//1656 1628//1628
f 1656//1656 1696//1696 1628//1628
f 1677//1677 1628//1628 1696//1696
f 1677//1677 1697//1697 1658//1658
f 1678//1678 1599//1599 1600//1600
f 1599//1599 1698//1698 1602//1602
f 1602//1602 1698//1698 1681//1681
f 1678//1678 1698//1698 1599//1599
f 1538//1538 1630//1630 1679//1679
f 1633//1633 1699//1699 1632//1632
f 1699//1699 1633//1633 1682//1682
f 1700//1700 1631//1631 1634//1634
f 1604//1604 1701//1701 1541//1541
f 1544//1544 1685//1685 1684//1684
f 1541//1541 1701//1701 1685//1685
f 1545//1545 1547//1547 1660//1660
f 1569//1569 1687//1687 1546//1546
f 1660//1660 1608//1608 1702//1702
f 1661//1661 1703//1703 1662//1662
f 1662//1662 1703//1703 1663//1663
f 1704//1704 1705//1705 1706//1706
f 1705//1705 1704//1704 1707//1707
f 1663//1663 1708//1708 1642//1642
f 1709//1709 1704//1704 1706//1706
f 1710//1710 1709//1709 1706//1706
f 1711//1711 1707//1707 1704//1704
f 1709//1709 1711//1711 1704//1704
f 1712//1712 1713//1713 1714//1714
f 1713//1713 1712//1712 1715//1715
f 1709//1709 1710//1710 1716//1716
f 1711//1711 1709//1709 1716//1716
f 1715//1715 1712//1712 1714//1714
f 1688//1688 1664//1664 1609//1609
f 1664//1664 1644//1644 1610//1610
f 1611//1611 1717//1717 1718//1718
f 1718//1718 1689//1689 1611//1611
f 1645//1645 1552//1552 1719//1719
f 1720//1720 1719//1719 1552//1552
f 1612//1612 1717//1717 1611//1611
f 1690//1690 1645//1645 1719//1719
f 1721//1721 1613//1613 1722//1722
f 1612//1612 1613//1613 1721//1721
f 1665//1665 1615//1615 1723//1723
f 1723//1723 1722//1722 1665//1665
f 1580//1580 1724//1724 1614//1614
f 1650//1650 1668//1668 1725//1725
f 1650//1650 1725//1725 1723//1723
f 1613//1613 1665//1665 1722//1722
f 1582//1582 1614//1614 1726//1726
f 1726//1726 1614//1614 1724//1724
f 1615//1615 1650//1650 1723//1723
f 1585//1585 1667//1667 1727//1727
f 1727//1727 1728//1728 1668//1668
f 1727//1727 1668//1668 1585//1585
f 1582//1582 1726//1726 1670//1670
f 1652//1652 1729//1729 1691//1691
f 1652//1652 1669//1669 1729//1729
f 1653//1653 1730//1730 1669//1669
f 1669//1669 1616//1616 1653//1653
f 1592//1592 1731//1731 1653//1653
f 1592//1592 1593//1593 1731//1731
f 1594//1594 1693//1693 1619//1619
f 1693//1693 1655//1655 1619//1619
f 1673//1673 1674//1674 1732//1732
f 1620//1620 1674//1674 1673//1673
f 1624//1624 1733//1733 1676//1676
f 1657//1657 1734//1734 1735//1735
f 1657//1657 1675//1675 1734//1734
f 1598//1598 1626//1626 1733//1733
f 1733//1733 1624//1624 1598//1598
f 1657//1657 1735//1735 1656//1656
f 1656//1656 1735//1735 1696//1696
f 1677//1677 1696//1696 1697//1697
f 1627//1627 1658//1658 1736//1736
f 1627//1627 1736//1736 1737//1737
f 1626//1626 1627//1627 1737//1737
f 1738//1738 1626//1626 1737//1737
f 1681//1681 1698//1698 1739//1739
f 1699//1699 1682//1682 1681//1681
f 1631//1631 1700//1700 1740//1740
f 1741//1741 1700//1700 1634//1634
f 1701//1701 1604//1604 1683//1683
f 1741//1741 1634//1634 1635//1635
f 1742//1742 1637//1637 1684//1684
f 1742//1742 1636//1636 1568//1568
f 1637//1637 1742//1742 1568//1568
f 1743//1743 1635//1635 1545//1545
f 1742//1742 1686//1686 1636//1636
f 1743//1743 1545//1545 1744//1744
f 1545//1545 1660//1660 1744//1744
f 1607//1607 1745//1745 1659//1659
f 1661//1661 1659//1659 1703//1703
f 1663//1663 1703//1703 1708//1708
f 1608//1608 1641//1641 1702//1702
f 1702//1702 1641//1641 1746//1746
f 1705//1705 1747//1747 1706//1706
f 1705//1705 1707//1707 1747//1747
f 1747//1747 1748//1748 1710//1710
f 1706//1706 1747//1747 1710//1710
f 1707//1707 1711//1711 1748//1748
f 1747//1747 1707//1707 1748//1748
f 1713//1713 1749//1749 1714//1714
f 1713//1713 1715//1715 1749//1749
f 1708//1708 1688//1688 1642//1642
f 1710//1710 1748//1748 1716//1716
f 1711//1711 1716//1716 1748//1748
f 1715//1715 1714//1714 1749//1749
f 1750//1750 1644//1644 1751//1751
f 1664//1664 1751//1751 1644//1644
f 1644//1644 1720//1720 1552//1552
f 1750//1750 1720//1720 1644//1644
f 1721//1721 1717//1717 1612//1612
f 1580//1580 1690//1690 1724//1724
f 1725//1725 1668//1668 1728//1728
f 1667//1667 1692//1692 1727//1727
f 1669//1669 1752//1752 1729//1729
f 1753//1753 1730//1730 1653//1653
f 1593//1593 1672//1672 1731//1731
f 1693//1693 1754//1754 1655//1655
f 1674//1674 1755//1755 1732//1732
f 1674//1674 1623//1623 1755//1755
f 1621//1621 1756//1756 1675//1675
f 1735//1735 1734//1734 1757//1757
f 1626//1626 1738//1738 1733//1733
f 1697//1697 1696//1696 1758//1758
f 1696//1696 1759//1759 1758//1758
f 1697//1697 1758//1758 1658//1658
f 1658//1658 1758//1758 1736//1736
f 1630//1630 1740//1740 1760//1760
f 1631//1631 1740//1740 1630//1630
f 1699//1699 1683//1683 1632//1632
f 1761//1761 1701//1701 1683//1683
f 1741//1741 1635//1635 1743//1743
f 1687//1687 1569//1569 1686//1686
f 1607//1607 1687//1687 1745//1745
f 1660//1660 1702//1702 1762//1762
f 1659//1659 1763//1763 1703//1703
f 1703//1703 1764//1764 1708//1708
f 1765//1765 1766//1766 1767//1767
f 1766//1766 1765//1765 1768//1768
f 1769//1769 1770//1770 1771//1771
f 1765//1765 1767//1767 1772//1772
f 1768//1768 1765//1765 1772//1772
f 1708//1708 1773//1773 1688//1688
f 1688//1688 1773//1773 1774//1774
f 1664//1664 1688//1688 1774//1774
f 1751//1751 1664//1664 1774//1774
f 1690//1690 1775//1775 1724//1724
f 1776//1776 1777//1777 1723//1723
f 1722//1722 1723//1723 1777//1777
f 1728//1728 1778//1778 1725//1725
f 1723//1723 1725//1725 1776//1776
f 1728//1728 1727//1727 1778//1778
f 1779//1779 1727//1727 1692//1692
f 1670//1670 1726//1726 1780//1780
f 1670//1670 1781//1781 1617//1617
f 1780//1780 1781//1781 1670//1670
f 1669//1669 1782//1782 1752//1752
f 1669//1669 1730//1730 1782//1782
f 1653//1653 1731//1731 1753//1753
f 1783//1783 1731//1731 1672//1672
f 1695//1695 1673//1673 1732//1732
f 1732//1732 1755//1755 1784//1784
f 1655//1655 1754//1754 1621//1621
f 1754//1754 1756//1756 1621//1621
f 1623//1623 1785//1785 1755//1755
f 1675//1675 1756//1756 1734//1734
f 1734//1734 1786//1786 1757//1757
f 1735//1735 1757//1757 1787//1787
f 1696//1696 1735//1735 1759//1759
f 1735//1735 1787//1787 1759//1759
f 1758//1758 1759//1759 1788//1788
f 1601//1601 1680//1680 1678//1678
f 1679//1679 1789//1789 1680//1680
f 1630//1630 1760//1760 1679//1679
f 1679//1679 1760//1760 1789//1789
f 1700//1700 1741//1741 1790//1790
f 1700//1700 1790//1790 1740//1740
f 1701//1701 1791//1791 1792//1792
f 1741//1741 1743//1743 1793//1793
f 1701//1701 1792//1792 1685//1685
f 1793//1793 1743//1743 1794//1794
f 1795//1795 1686//1686 1742//1742
f 1744//1744 1660//1660 1762//1762
f 1659//1659 1745//1745 1763//1763
f 1796//1796 1762//1762 1702//1702
f 1797//1797 1703//1703 1763//1763
f 1703//1703 1797//1797 1764//1764
f 1764//1764 1773//1773 1708//1708
f 1798//1798 1799//1799 1800//1800
f 1769//1769 1801//1801 1802//1802
f 1771//1771 1801//1801 1769//1769
f 1771//1771 1803//1803 1801//1801
f 1766//1766 1804//1804 1767//1767
f 1766//1766 1768//1768 1804//1804
f 1746//1746 1641//1641 1643//1643
f 1770//1770 1805//1805 1771//1771
f 1805//1805 1803//1803 1771//1771
f 1767//1767 1804//1804 1772//1772
f 1768//1768 1772//1772 1804//1804
f 1750//1750 1806//1806 1720//1720
f 1721//1721 1722//1722 1807//1807
f 1719//1719 1775//1775 1690//1690
f 1808//1808 1777//1777 1776//1776
f 1722//1722 1777//1777 1809//1809
f 1724//1724 1775//1775 1810//1810
f 1811//1811 1726//1726 1724//1724
f 1727//1727 1779//1779 1778//1778
f 1812//1812 1692//1692 1691//1691
f 1812//1812 1813//1813 1692//1692
f 1779//1779 1692//1692 1813//1813
f 1726//1726 1811//1811 1780//1780
f 1812//1812 1691//1691 1729//1729
f 1814//1814 1815//1815 1816//1816
f 1815//1815 1814//1814 1817//1817
f 1814//1814 1816//1816 1818//1818
f 1817//1817 1814//1814 1818//1818
f 1671//1671 1617//1617 1781//1781
f 1672//1672 1819//1819 1783//1783
f 1819//1819 1672//1672 1618//1618
f 1819//1819 1618//1618 1694//1694
f 1693//1693 1820//1820 1754//1754
f 1695//1695 1732//1732 1821//1821
f 1756//1756 1822//1822 1734//1734
f 1785//1785 1623//1623 1676//1676
f 1734//1734 1823//1823 1786//1786
f 1676//1676 1733//1733 1824//1824
f 1757//1757 1786//1786 1825//1825
f 1757//1757 1825//1825 1787//1787
f 1826//1826 1736//1736 1758//1758
f 1738//1738 1737//1737 1736//1736
f 1788//1788 1759//1759 1787//1787
f 1758//1758 1788//1788 1827//1827
f 1758//1758 1827//1827 1826//1826
f 1739//1739 1828//1828 1681//1681
f 1680//1680 1789//1789 1678//1678
f 1760//1760 1740//1740 1829//1829
f 1701//1701 1761//1761 1791//1791
f 1699//1699 1761//1761 1683//1683
f 1685//1685 1792//1792 1684//1684
f 1743//1743 1744//1744 1794//1794
f 1830//1830 1794//1794 1744//1744
f 1686//1686 1795//1795 1687//1687
f 1830//1830 1744//1744 1762//1762
f 1763//1763 1831//1831 1797//1797
f 1832//1832 1799//1799 1798//1798
f 1702//1702 1746//1746 1796//1796
f 1769//1769 1802//1802 1833//1833
f 1834//1834 1798//1798 1800//1800
f 1833//1833 1835//1835 1769//1769
f 1805//1805 1802//1802 1801//1801
f 1805//1805 1836//1836 1802//1802
f 1837//1837 1805//1805 1801//1801
f 1837//1837 1801//1801 1803//1803
f 1835//1835 1770//1770 1769//1769
f 1836//1836 1770//1770 1835//1835
f 1805//1805 1770//1770 1836//1836
f 1805//1805 1837//1837 1803//1803
f 1643//1643 1689//1689 1838//1838
f 1774//1774 1839//1839 1751//1751
f 1689//1689 1718//1718 1840//1840
f 1840//1840 1838//1838 1689//1689
f 1807//1807 1717//1717 1721//1721
f 1809//1809 1807//1807 1722//1722
f 1720//1720 1775//1775 1719//1719
f 1725//1725 1778//1778 1808//1808
f 1776//1776 1725//1725 1808//1808
f 1724//1724 1810//1810 1811//1811
f 1815//1815 1841//1841 1816//1816
f 1815//1815 1817//1817 1841//1841
f 1780//1780 1811//1811 1842//1842
f 1843//1843 1844//1844 1845//1845
f 1816//1816 1841//1841 1818//1818
f 1843//1843 1846//1846 1844//1844
f 1817//1817 1818//1818 1841//1841
f 1843//1843 1845//1845 1846//1846
f 1731//1731 1783//1783 1847//1847
f 1847//1847 1753//1753 1731//1731
f 1848//1848 1671//1671 1781//1781
f 1671//1671 1849//1849 1693//1693
f 1694//1694 1695//1695 1850//1850
f 1822//1822 1754//1754 1851//1851
f 1785//1785 1784//1784 1755//1755
f 1756//1756 1754//1754 1822//1822
f 1734//1734 1822//1822 1823//1823
f 1823//1823 1852//1852 1825//1825
f 1825//1825 1786//1786 1823//1823
f 1824//1824 1733//1733 1738//1738
f 1736//1736 1826//1826 1853//1853
f 1738//1738 1736//1736 1854//1854
f 1698//1698 1855//1855 1739//1739
f 1678//1678 1855//1855 1698//1698
f 1760//1760 1829//1829 1789//1789
f 1699//1699 1856//1856 1761//1761
f 1699//1699 1681//1681 1856//1856
f 1740//1740 1857//1857 1829//1829
f 1740//1740 1790//1790 1857//1857
f 1741//1741 1793//1793 1858//1858
f 1790//1790 1741//1741 1858//1858
f 1684//1684 1859//1859 1742//1742
f 1742//1742 1859//1859 1795//1795
f 1860//1860 1687//1687 1795//1795
f 1745//1745 1861//1861 1763//1763
f 1797//1797 1831//1831 1862//1862
f 1832//1832 1863//1863 1799//1799
f 1864//1864 1832//1832 1798//1798
f 1862//1862 1764//1764 1797//1797
f 1865//1865 1834//1834 1866//1866
f 1865//1865 1864//1864 1834//1834
f 1864//1864 1798//1798 1834//1834
f 1866//1866 1833//1833 1802//1802
f 1866//1866 1802//1802 1865//1865
f 1867//1867 1773//1773 1764//1764
f 1764//1764 1862//1862 1867//1867
f 1868//1868 1869//1869 1870//1870
f 1800//1800 1869//1869 1868//1868
f 1800//1800 1799//1799 1869//1869
f 1800//1800 1866//1866 1834//1834
f 1800//1800 1868//1868 1866//1866
f 1868//1868 1833//1833 1866//1866
f 1802//1802 1836//1836 1871//1871
f 1746//1746 1643//1643 1872//1872
f 1868//1868 1870//1870 1873//1873
f 1833//1833 1868//1868 1873//1873
f 1833//1833 1873//1873 1835//1835
f 1773//1773 1874//1874 1774//1774
f 1643//1643 1838//1838 1872//1872
f 1870//1870 1875//1875 1873//1873
f 1875//1875 1876//1876 1873//1873
f 1876//1876 1877//1877 1873//1873
f 1873//1873 1877//1877 1835//1835
f 1877//1877 1836//1836 1835//1835
f 1750//1750 1751//1751 1839//1839
f 1878//1878 1717//1717 1807//1807
f 1806//1806 1879//1879 1720//1720
f 1879//1879 1775//1775 1720//1720
f 1880//1880 1810//1810 1775//1775
f 1881//1881 1808//1808 1778//1778
f 1778//1778 1779//1779 1882//1882
f 1811//1811 1810//1810 1883//1883
f 1811//1811 1883//1883 1842//1842
f 1812//1812 1752//1752 1884//1884
f 1729//1729 1752//1752 1812//1812
f 1844//1844 1885//1885 1845//1845
f 1846//1846 1885//1885 1844//1844
f 1885//1885 1846//1846 1845//1845
f 1780//1780 1842//1842 1781//1781
f 1730//1730 1753//1753 1886//1886
f 1782//1782 1730//1730 1886//1886
f 1887//1887 1753//1753 1847//1847
f 1848//1848 1849//1849 1671//1671
f 1694//1694 1850//1850 1819//1819
f 1850//1850 1695//1695 1821//1821
f 1820//1820 1851//1851 1754//1754
f 1888//1888 1784//1784 1785//1785
f 1823//1823 1822//1822 1889//1889
f 1824//1824 1785//1785 1676//1676
f 1787//1787 1825//1825 1890//1890
f 1736//1736 1853//1853 1854//1854
f 1787//1787 1890//1890 1891//1891
f 1788//1788 1787//1787 1891//1891
f 1788//1788 1891//1891 1892//1892
f 1788//1788 1892//1892 1827//1827
f 1826//1826 1827//1827 1893//1893
f 1681//1681 1828//1828 1856//1856
f 1739//1739 1855//1855 1828//1828
f 1678//1678 1789//1789 1855//1855
f 1792//1792 1894//1894 1684//1684
f 1861//1861 1745//1745 1895//1895
f 1687//1687 1895//1895 1745//1745
f 1860//1860 1895//1895 1687//1687
f 1896//1896 1762//1762 1796//1796
f 1799//1799 1863//1863 1897//1897
f 1832//1832 1864//1864 1863//1863
f 1796//1796 1746//1746 1898//1898
f 1898//1898 1746//1746 1872//1872
f 1897//1897 1869//1869 1799//1799
f 1897//1897 1899//1899 1869//1869
f 1900//1900 1864//1864 1865//1865
f 1900//1900 1901//1901 1864//1864
f 1865//1865 1871//1871 1900//1900
f 1865//1865 1802//1802 1871//1871
f 1902//1902 1870//1870 1899//1899
f 1869//1869 1899//1899 1870//1870
f 1900//1900 1903//1903 1901//1901
f 1773//1773 1867//1867 1874//1874
f 1870//1870 1902//1902 1875//1875
f 1877//1877 1876//1876 1904//1904
f 1877//1877 1904//1904 1836//1836
f 1905//1905 1839//1839 1774//1774
f 1874//1874 1905//1905 1774//1774
f 1906//1906 1907//1907 1875//1875
f 1876//1876 1875//1875 1907//1907
f 1908//1908 1909//1909 1910//1910
f 1910//1910 1911//1911 1908//1908
f 1718//1718 1878//1878 1840//1840
f 1910//1910 1909//1909 1912//1912
f 1911//1911 1910//1910 1912//1912
f 1913//1913 1750//1750 1839//1839
f 1717//1717 1878//1878 1718//1718
f 1807//1807 1809//1809 1914//1914
f 1775//1775 1879//1879 1880//1880
f 1777//1777 1808//1808 1915//1915
f 1809//1809 1777//1777 1915//1915
f 1778//1778 1882//1882 1881//1881
f 1883//1883 1810//1810 1916//1916
f 1917//1917 1813//1813 1812//1812
f 1917//1917 1812//1812 1884//1884
f 1918//1918 1842//1842 1883//1883
f 1884//1884 1752//1752 1919//1919
f 1919//1919 1752//1752 1782//1782
f 1753//1753 1887//1887 1886//1886
f 1842//1842 1920//1920 1781//1781
f 1920//1920 1848//1848 1781//1781
f 1848//1848 1921//1921 1849//1849
f 1922//1922 1850//1850 1821//1821
f 1693//1693 1849//1849 1820//1820
f 1923//1923 1821//1821 1732//1732
f 1924//1924 1923//1923 1732//1732
f 1784//1784 1925//1925 1924//1924
f 1784//1784 1924//1924 1732//1732
f 1926//1926 1851//1851 1820//1820
f 1889//1889 1852//1852 1823//1823
f 1854//1854 1824//1824 1738//1738
f 1890//1890 1825//1825 1927//1927
f 1854//1854 1853//1853 1928//1928
f 1853//1853 1826//1826 1929//1929
f 1929//1929 1826//1826 1893//1893
f 1789//1789 1930//1930 1855//1855
f 1829//1829 1930//1930 1789//1789
f 1761//1761 1856//1856 1931//1931
f 1790//1790 1858//1858 1857//1857
f 1792//1792 1791//1791 1894//1894
f 1795//1795 1859//1859 1932//1932
f 1830//1830 1933//1933 1794//1794
f 1830//1830 1762//1762 1896//1896
f 1861//1861 1934//1934 1763//1763
f 1896//1896 1796//1796 1898//1898
f 1831//1831 1935//1935 1862//1862
f 1935//1935 1831//1831 1763//1763
f 1864//1864 1936//1936 1863//1863
f 1937//1937 1936//1936 1864//1864
f 1899//1899 1938//1938 1901//1901
f 1897//1897 1938//1938 1899//1899
f 1897//1897 1863//1863 1938//1938
f 1938//1938 1937//1937 1901//1901
f 1901//1901 1937//1937 1864//1864
f 1899//1899 1939//1939 1902//1902
f 1899//1899 1940//1940 1939//1939
f 1899//1899 1901//1901 1940//1940
f 1903//1903 1941//1941 1940//1940
f 1903//1903 1940//1940 1901//1901
f 1900//1900 1871//1871 1903//1903
f 1942//1942 1871//1871 1836//1836
f 1906//1906 1902//1902 1939//1939
f 1943//1943 1941//1941 1903//1903
f 1943//1943 1944//1944 1941//1941
f 1944//1944 1945//1945 1941//1941
f 1944//1944 1943//1943 1942//1942
f 1944//1944 1942//1942 1904//1904
f 1904//1904 1942//1942 1836//1836
f 1902//1902 1906//1906 1875//1875
f 1904//1904 1876//1876 1945//1945
f 1876//1876 1907//1907 1945//1945
f 1944//1944 1904//1904 1945//1945
f 1908//1908 1946//1946 1909//1909
f 1908//1908 1911//1911 1946//1946
f 1839//1839 1905//1905 1913//1913
f 1909//1909 1946//1946 1912//1912
f 1911//1911 1912//1912 1946//1946
f 1750//1750 1913//1913 1947//1947
f 1878//1878 1914//1914 1948//1948
f 1914//1914 1878//1878 1807//1807
f 1810//1810 1880//1880 1949//1949
f 1808//1808 1881//1881 1950//1950
f 1810//1810 1949//1949 1916//1916
f 1813//1813 1951//1951 1779//1779
f 1916//1916 1952//1952 1953//1953
f 1917//1917 1954//1954 1813//1813
f 1954//1954 1951//1951 1813//1813
f 1883//1883 1916//1916 1953//1953
f 1884//1884 1955//1955 1917//1917
f 1953//1953 1918//1918 1883//1883
f 1842//1842 1918//1918 1920//1920
f 1919//1919 1782//1782 1886//1886
f 1920//1920 1956//1956 1848//1848
f 1848//1848 1956//1956 1921//1921
f 1821//1821 1923//1923 1922//1922
f 1851//1851 1889//1889 1822//1822
f 1925//1925 1784//1784 1888//1888
f 1888//1888 1785//1785 1957//1957
f 1785//1785 1824//1824 1958//1958
f 1958//1958 1957//1957 1785//1785
f 1825//1825 1852//1852 1959//1959
f 1928//1928 1824//1824 1854//1854
f 1927//1927 1825//1825 1959//1959
f 1928//1928 1853//1853 1929//1929
f 1891//1891 1890//1890 1960//1960
f 1891//1891 1961//1961 1892//1892
f 1827//1827 1892//1892 1962//1962
f 1827//1827 1962//1962 1963//1963
f 1893//1893 1827//1827 1963//1963
f 1855//1855 1964//1964 1828//1828
f 1930//1930 1964//1964 1855//1855
f 1829//1829 1965//1965 1930//1930
f 1965//1965 1829//1829 1857//1857
f 1857//1857 1966//1966 1965//1965
f 1857//1857 1858//1858 1966//1966
f 1761//1761 1931//1931 1791//1791
f 1967//1967 1858//1858 1793//1793
f 1793//1793 1794//1794 1933//1933
f 1684//1684 1968//1968 1859//1859
f 1859//1859 1968//1968 1932//1932
f 1932//1932 1860//1860 1795//1795
f 1934//1934 1935//1935 1763//1763
f 1969//1969 1863//1863 1936//1936
f 1970//1970 1936//1936 1937//1937
f 1935//1935 1971//1971 1862//1862
f 1972//1972 1969//1969 1973//1973
f 1938//1938 1969//1969 1972//1972
f 1938//1938 1863//1863 1969//1969
f 1972//1972 1937//1937 1938//1938
f 1862//1862 1971//1971 1867//1867
f 1940//1940 1972//1972 1973//1973
f 1940//1940 1973//1973 1939//1939
f 1939//1939 1973//1973 1974//1974
f 1941//1941 1972//1972 1940//1940
f 1941//1941 1975//1975 1972//1972
f 1975//1975 1937//1937 1972//1972
f 1871//1871 1975//1975 1903//1903
f 1871//1871 1970//1970 1975//1975
f 1970//1970 1937//1937 1975//1975
f 1942//1942 1976//1976 1977//1977
f 1871//1871 1942//1942 1977//1977
f 1871//1871 1977//1977 1970//1970
f 1867//1867 1978//1978 1905//1905
f 1939//1939 1974//1974 1906//1906
f 1975//1975 1979//1979 1980//1980
f 1975//1975 1941//1941 1979//1979
f 1941//1941 1945//1945 1979//1979
f 1943//1943 1980//1980 1981//1981
f 1943//1943 1975//1975 1980//1980
f 1943//1943 1903//1903 1975//1975
f 1942//1942 1943//1943 1981//1981
f 1942//1942 1981//1981 1976//1976
f 1874//1874 1867//1867 1905//1905
f 1982//1982 1907//1907 1974//1974
f 1974//1974 1907//1907 1906//1906
f 1907//1907 1982//1982 1979//1979
f 1907//1907 1979//1979 1945//1945
f 1983//1983 1984//1984 1985//1985
f 1985//1985 1986//1986 1983//1983
f 1985//1985 1984//1984 1987//1987
f 1986//1986 1985//1985 1987//1987
f 1947//1947 1806//1806 1750//1750
f 1879//1879 1806//1806 1988//1988
f 1950//1950 1915//1915 1808//1808
f 1882//1882 1779//1779 1951//1951
f 1989//1989 1990//1990 1991//1991
f 1990//1990 1989//1989 1992//1992
f 1992//1992 1989//1989 1993//1993
f 1989//1989 1991//1991 1994//1994
f 1995//1995 1989//1989 1994//1994
f 1993//1993 1989//1989 1995//1995
f 1955//1955 1884//1884 1919//1919
f 1887//1887 1996//1996 1886//1886
f 1887//1887 1847//1847 1996//1996
f 1997//1997 1998//1998 1999//1999
f 1998//1998 1997//1997 2000//2000
f 1997//1997 1999//1999 2001//2001
f 2000//2000 1997//1997 2001//2001
f 2002//2002 1819//1819 1850//1850
f 2003//2003 1850//1850 1922//1922
f 1921//1921 1926//1926 1849//1849
f 1849//1849 1926//1926 1820//1820
f 1851//1851 1926//1926 2004//2004
f 2004//2004 1889//1889 1851//1851
f 1888//1888 2005//2005 1925//1925
f 1888//1888 1957//1957 2005//2005
f 1889//1889 2006//2006 1852//1852
f 1852//1852 2006//2006 1959//1959
f 1958//1958 1824//1824 1928//1928
f 1960//1960 1890//1890 1927//1927
f 1929//1929 1893//1893 2007//2007
f 1928//1928 1929//1929 2007//2007
f 1891//1891 1960//1960 1961//1961
f 1892//1892 1961//1961 2008//2008
f 1892//1892 2008//2008 1962//1962
f 1791//1791 2009//2009 1894//1894
f 1967//1967 1793//1793 1933//1933
f 1684//1684 1894//1894 1968//1968
f 1830//1830 1896//1896 1933//1933
f 1860//1860 1932//1932 1895//1895
f 1898//1898 1872//1872 2010//2010
f 1969//1969 2011//2011 1973//1973
f 2011//2011 1936//1936 2012//2012
f 1970//1970 2012//2012 1936//1936
f 2012//2012 1970//1970 1977//1977
f 1867//1867 1971//1971 1978//1978
f 1872//1872 1838//1838 2010//2010
f 2011//2011 1974//1974 1973//1973
f 2011//2011 2012//2012 1974//1974
f 2012//2012 1982//1982 1974//1974
f 2013//2013 1982//1982 2012//2012
f 1976//1976 2013//2013 1977//1977
f 1977//1977 2013//2013 2012//2012
f 1980//1980 1979//1979 1982//1982
f 1981//1981 1982//1982 2013//2013
f 1980//1980 1982//1982 1981//1981
f 1981//1981 2013//2013 1976//1976
f 2014//2014 2015//2015 2016//2016
f 2015//2015 2014//2014 2017//2017
f 2018//2018 2019//2019 2020//2020
f 2019//2019 2018//2018 2021//2021
f 2022//2022 2023//2023 2024//2024
f 2023//2023 2022//2022 2025//2025
f 2026//2026 1905//1905 1978//1978
f 2014//2014 2016//2016 2027//2027
f 2017//2017 2014//2014 2027//2027
f 2018//2018 2020//2020 2028//2028
f 2021//2021 2018//2018 2028//2028
f 2022//2022 2024//2024 2029//2029
f 2025//2025 2022//2022 2029//2029
f 1983//1983 2030//2030 1984//1984
f 1983//1983 1986//1986 2030//2030
f 1913//1913 2031//2031 2032//2032
f 2031//2031 1913//1913 1905//1905
f 1984//1984 2030//2030 1987//1987
f 1986//1986 1987//1987 2030//2030
f 1913//1913 2032//2032 1947//1947
f 2033//2033 1914//1914 2034//2034
f 1948//1948 1914//1914 2033//2033
f 1914//1914 1809//1809 2034//2034
f 1806//1806 1947//1947 1988//1988
f 1809//1809 1915//1915 2034//2034
f 1949//1949 1880//1880 2035//2035
f 1880//1880 1879//1879 2035//2035
f 1882//1882 2036//2036 1881//1881
f 1952//1952 1916//1916 1949//1949
f 1952//1952 2037//2037 1953//1953
f 1990//1990 2038//2038 1991//1991
f 1990//1990 1992//1992 2039//2039
f 2038//2038 1990//1990 2039//2039
f 1992//1992 1993//1993 2039//2039
f 1954//1954 1917//1917 1955//1955
f 1991//1991 2038//2038 1994//1994
f 1995//1995 1994//1994 2038//2038
f 2039//2039 1995//1995 2038//2038
f 1993//1993 1995//1995 2039//2039
f 1919//1919 1886//1886 1996//1996
f 1998//1998 2040//2040 1999//1999
f 1998//1998 2000//2000 2040//2040
f 1956//1956 1920//1920 2041//2041
f 1783//1783 2042//2042 2043//2043
f 1999//1999 2040//2040 2001//2001
f 2000//2000 2001//2001 2040//2040
f 1783//1783 1819//1819 2042//2042
f 1956//1956 2041//2041 1921//1921
f 2041//2041 2044//2044 1921//1921
f 2045//2045 2046//2046 2047//2047
f 2046//2046 2045//2045 2048//2048
f 2002//2002 1850//1850 2003//2003
f 2045//2045 2047//2047 2049//2049
f 2048//2048 2045//2045 2049//2049
f 1921//1921 2044//2044 1926//1926
f 2050//2050 2003//2003 1922//1922
f 2044//2044 2051//2051 1926//1926
f 2051//2051 2004//2004 1926//1926
f 2005//2005 1924//1924 1925//1925
f 1889//1889 2004//2004 2006//2006
f 2052//2052 2006//2006 2053//2053
f 2052//2052 1959//1959 2006//2006
f 2054//2054 1957//1957 1958//1958
f 1928//1928 2055//2055 1958//1958
f 1959//1959 2056//2056 1927//1927
f 2052//2052 2056//2056 1959//1959
f 1927//1927 2057//2057 1960//1960
f 2007//2007 2058//2058 1928//1928
f 1963//1963 1962//1962 2059//2059
f 2059//2059 1962//1962 2008//2008
f 1828//1828 2060//2060 1856//1856
f 1828//1828 1964//1964 2060//2060
f 1965//1965 2061//2061 1930//1930
f 2009//2009 1791//1791 1931//1931
f 1894//1894 2009//2009 2062//2062
f 1933//1933 2063//2063 1967//1967
f 1894//1894 2062//2062 1968//1968
f 1933//1933 1896//1896 2064//2064
f 1932//1932 2065//2065 1895//1895
f 1895//1895 2065//2065 2066//2066
f 1896//1896 1898//1898 2064//2064
f 1936//1936 2011//2011 1969//1969
f 2067//2067 1971//1971 1935//1935
f 2068//2068 1978//1978 2067//2067
f 2067//2067 1978//1978 1971//1971
f 2010//2010 1838//1838 2069//2069
f 1978//1978 2068//2068 2026//2026
f 2069//2069 1838//1838 1840//1840
f 2015//2015 2070//2070 2016//2016
f 2015//2015 2017//2017 2070//2070
f 2020//2020 2019//2019 2071//2071
f 2072//2072 2019//2019 2021//2021
f 2023//2023 2073//2073 2024//2024
f 2023//2023 2025//2025 2073//2073
f 2074//2074 1840//1840 1878//1878
f 2016//2016 2070//2070 2027//2027
f 2017//2017 2027//2027 2070//2070
f 2020//2020 2071//2071 2075//2075
f 2028//2028 2020//2020 2075//2075
f 2072//2072 2021//2021 2028//2028
f 2075//2075 2072//2072 2028//2028
f 2024//2024 2073//2073 2029//2029
f 2025//2025 2029//2029 2073//2073
f 1905//1905 2026//2026 2031//2031
f 1878//1878 1948//1948 2074//2074
f 1949//1949 2035//2035 1952//1952
f 1951//1951 2076//2076 1882//1882
f 1953//1953 2037//2037 2077//2077
f 1918//1918 1953//1953 2077//2077
f 1918//1918 2077//2077 1920//1920
f 2078//2078 1919//1919 1996//1996
f 2041//2041 1920//1920 2079//2079
f 1847//1847 2080//2080 1996//1996
f 2043//2043 1847//1847 1783//1783
f 2002//2002 2042//2042 1819//1819
f 2046//2046 2081//2081 2047//2047
f 2046//2046 2048//2048 2081//2081
f 2002//2002 2003//2003 2082//2082
f 2047//2047 2081//2081 2049//2049
f 2048//2048 2049//2049 2081//2081
f 2051//2051 2044//2044 2083//2083
f 2050//2050 1922//1922 1923//1923
f 1924//1924 2084//2084 1923//1923
f 2004//2004 2085//2085 2006//2006
f 1958//1958 2055//2055 2054//2054
f 1928//1928 2058//2058 2055//2055
f 2086//2086 1961//1961 1960//1960
f 1893//1893 1963//1963 2007//2007
f 1963//1963 2087//2087 2007//2007
f 1961//1961 2086//2086 2088//2088
f 1961//1961 2088//2088 2008//2008
f 1963//1963 2059//2059 2089//2089
f 1964//1964 2090//2090 2060//2060
f 1964//1964 1930//1930 2090//2090
f 2090//2090 1930//1930 2091//2091
f 1930//1930 2061//2061 2091//2091
f 1856//1856 2092//2092 1931//1931
f 2093//2093 2061//2061 1965//1965
f 2093//2093 1965//1965 1966//1966
f 1931//1931 2094//2094 2009//2009
f 1966//1966 1858//1858 2095//2095
f 1933//1933 2096//2096 2063//2063
f 1933//1933 2064//2064 2096//2096
f 1895//1895 2097//2097 1861//1861
f 2066//2066 2097//2097 1895//1895
f 1935//1935 1934//1934 2098//2098
f 1898//1898 2010//2010 2099//2099
f 1840//1840 2074//2074 2069//2069
f 2100//2100 2101//2101 2102//2102
f 2101//2101 2100//2100 2103//2103
f 2071//2071 2019//2019 2104//2104
f 2105//2105 2019//2019 2072//2072
f 1948//1948 2033//2033 2074//2074
f 2100//2100 2102//2102 2106//2106
f 2103//2103 2100//2100 2106//2106
f 2071//2071 2104//2104 2107//2107
f 2075//2075 2071//2071 2107//2107
f 2105//2105 2072//2072 2075//2075
f 2107//2107 2105//2105 2075//2075
f 2034//2034 2108//2108 2033//2033
f 2109//2109 1947//1947 2032//2032
f 1881//1881 2036//2036 2110//2110
f 1881//1881 2110//2110 1950//1950
f 2111//2111 2036//2036 1882//1882
f 2076//2076 2111//2111 1882//1882
f 1952//1952 2112//2112 2037//2037
f 2113//2113 1954//1954 1955//1955
f 2079//2079 1920//1920 2077//2077
f 1919//1919 2078//2078 2113//2113
f 1955//1955 1919//1919 2113//2113
f 2114//2114 2115//2115 2116//2116
f 2115//2115 2114//2114 2117//2117
f 2118//2118 2114//2114 2116//2116
f 2119//2119 2118//2118 2116//2116
f 2120//2120 2117//2117 2114//2114
f 2118//2118 2120//2120 2114//2114
f 2118//2118 2119//2119 2121//2121
f 2120//2120 2118//2118 2121//2121
f 2122//2122 2123//2123 2124//2124
f 2123//2123 2122//2122 2125//2125
f 2003//2003 2050//2050 2082//2082
f 2050//2050 2126//2126 2082//2082
f 2122//2122 2124//2124 2127//2127
f 2125//2125 2122//2122 2127//2127
f 2050//2050 2084//2084 2128//2128
f 1923//1923 2084//2084 2050//2050
f 2004//2004 2051//2051 2085//2085
f 2085//2085 2051//2051 2083//2083
f 2084//2084 1924//1924 2005//2005
f 2129//2129 2084//2084 2005//2005
f 2006//2006 2085//2085 2053//2053
f 2130//2130 2005//2005 1957//1957
f 2054//2054 2131//2131 1957//1957
f 2055//2055 2132//2132 2054//2054
f 2056//2056 2052//2052 2133//2133
f 2133//2133 1927//1927 2056//2056
f 1927//1927 2133//2133 2057//2057
f 2086//2086 1960//1960 2057//2057
f 1963//1963 2089//2089 2087//2087
f 2134//2134 2008//2008 2088//2088
f 2134//2134 2059//2059 2008//2008
f 2061//2061 2093//2093 2135//2135
f 1856//1856 2060//2060 2092//2092
f 1966//1966 2095//2095 2093//2093
f 2092//2092 2094//2094 1931//1931
f 1858//1858 1967//1967 2136//2136
f 1858//1858 2136//2136 2095//2095
f 2136//2136 1967//1967 2063//2063
f 2137//2137 2063//2063 2096//2096
f 2137//2137 2096//2096 2138//2138
f 1932//1932 1968//1968 2139//2139
f 2096//2096 2064//2064 2138//2138
f 2138//2138 2064//2064 2140//2140
f 1932//1932 2139//2139 2065//2065
f 2064//2064 1898//1898 2140//2140
f 2140//2140 1898//1898 2099//2099
f 2097//2097 1934//1934 1861//1861
f 2098//2098 2067//2067 1935//1935
f 2010//2010 2069//2069 2099//2099
f 2141//2141 2142//2142 2143//2143
f 2142//2142 2141//2141 2144//2144
f 2074//2074 2145//2145 2069//2069
f 2101//2101 2141//2141 2143//2143
f 2101//2101 2143//2143 2102//2102
f 2102//2102 2143//2143 2146//2146
f 2141//2141 2101//2101 2103//2103
f 2141//2141 2103//2103 2144//2144
f 2144//2144 2103//2103 2147//2147
f 2019//2019 2148//2148 2104//2104
f 2019//2019 2105//2105 2148//2148
f 2026//2026 2068//2068 2149//2149
f 2074//2074 2033//2033 2150//2150
f 2102//2102 2146//2146 2151//2151
f 2106//2106 2102//2102 2151//2151
f 2147//2147 2103//2103 2106//2106
f 2151//2151 2147//2147 2106//2106
f 2104//2104 2148//2148 2107//2107
f 2105//2105 2107//2107 2148//2148
f 2031//2031 2026//2026 2152//2152
f 2031//2031 2153//2153 2032//2032
f 1988//1988 1947//1947 2109//2109
f 1879//1879 2154//2154 2035//2035
f 1952//1952 2035//2035 2112//2112
f 2155//2155 2076//2076 1951//1951
f 1951//1951 1954//1954 2155//2155
f 1954//1954 2156//2156 2155//2155
f 1954//1954 2113//2113 2156//2156
f 2157//2157 2079//2079 2077//2077
f 1996//1996 2080//2080 2078//2078
f 1847//1847 2043//2043 2080//2080
f 2115//2115 2158//2158 2116//2116
f 2115//2115 2117//2117 2158//2158
f 2158//2158 2159//2159 2119//2119
f 2116//2116 2158//2158 2119//2119
f 2117//2117 2120//2120 2159//2159
f 2158//2158 2117//2117 2159//2159
f 2044//2044 2041//2041 2160//2160
f 2159//2159 2121//2121 2119//2119
f 2121//2121 2159//2159 2120//2120
f 2161//2161 2162//2162 2163//2163
f 2163//2163 2162//2162 2164//2164
f 2162//2162 2165//2165 2164//2164
f 2162//2162 2166//2166 2165//2165
f 2123//2123 2167//2167 2124//2124
f 2123//2123 2125//2125 2167//2167
f 2168//2168 2166//2166 2162//2162
f 2124//2124 2167//2167 2127//2127
f 2125//2125 2127//2127 2167//2167
f 2128//2128 2126//2126 2050//2050
f 2161//2161 2169//2169 2170//2170
f 2162//2162 2161//2161 2170//2170
f 2168//2168 2162//2162 2170//2170
f 2084//2084 2171//2171 2128//2128
f 2005//2005 2130//2130 2129//2129
f 2172//2172 2130//2130 1957//1957
f 1957//1957 2131//2131 2172//2172
f 2173//2173 2052//2052 2053//2053
f 2052//2052 2173//2173 2133//2133
f 2131//2131 2054//2054 2174//2174
f 2174//2174 2054//2054 2132//2132
f 2133//2133 2173//2173 2175//2175
f 2132//2132 2058//2058 2176//2176
f 2055//2055 2058//2058 2132//2132
f 2177//2177 2133//2133 2175//2175
f 2133//2133 2177//2177 2057//2057
f 2087//2087 2089//2089 2176//2176
f 2007//2007 2087//2087 2058//2058
f 2087//2087 2176//2176 2058//2058
f 2178//2178 2057//2057 2177//2177
f 2086//2086 2178//2178 2179//2179
f 2086//2086 2057//2057 2178//2178
f 2086//2086 2179//2179 2088//2088
f 2134//2134 2089//2089 2059//2059
f 2088//2088 2179//2179 2180//2180
f 2088//2088 2180//2180 2181//2181
f 2088//2088 2181//2181 2134//2134
f 2061//2061 2135//2135 2091//2091
f 2136//2136 2063//2063 2137//2137
f 2136//2136 2137//2137 2182//2182
f 2009//2009 2183//2183 2062//2062
f 1968//1968 2062//2062 2184//2184
f 2137//2137 2138//2138 2185//2185
f 2066//2066 2186//2186 2097//2097
f 2099//2099 2187//2187 2188//2188
f 2069//2069 2187//2187 2099//2099
f 2069//2069 2145//2145 2187//2187
f 2068//2068 2067//2067 2189//2189
f 2142//2142 2190//2190 2143//2143
f 2142//2142 2144//2144 2190//2190
f 2074//2074 2150//2150 2145//2145
f 2190//2190 2191//2191 2146//2146
f 2143//2143 2190//2190 2146//2146
f 2144//2144 2147//2147 2191//2191
f 2190//2190 2144//2144 2191//2191
f 2033//2033 2108//2108 2150//2150
f 2146//2146 2191//2191 2151//2151
f 2147//2147 2151//2151 2191//2191
f 2026//2026 2149//2149 2152//2152
f 2034//2034 2192//2192 2108//2108
f 2153//2153 2109//2109 2032//2032
f 2192//2192 2034//2034 1915//1915
f 2036//2036 2193//2193 2110//2110
f 1915//1915 1950//1950 2110//2110
f 1879//1879 1988//1988 2194//2194
f 1879//1879 2194//2194 2154//2154
f 2076//2076 2195//2195 2111//2111
f 2035//2035 2154//2154 2112//2112
f 2155//2155 2195//2195 2076//2076
f 2112//2112 2196//2196 2037//2037
f 2037//2037 2196//2196 2077//2077
f 2157//2157 2077//2077 2197//2197
f 2197//2197 2077//2077 2196//2196
f 2113//2113 2198//2198 2199//2199
f 2199//2199 2156//2156 2113//2113
f 2113//2113 2078//2078 2198//2198
f 2200//2200 2041//2041 2079//2079
f 2080//2080 2043//2043 2201//2201
f 2200//2200 2160//2160 2041//2041
f 2002//2002 2082//2082 2202//2202
f 2002//2002 2202//2202 2042//2042
f 2163//2163 2203//2203 2161//2161
f 2164//2164 2203//2203 2163//2163
f 2164//2164 2204//2204 2203//2203
f 2203//2203 2204//2204 2205//2205
f 2164//2164 2165//2165 2204//2204
f 2083//2083 2044//2044 2160//2160
f 2166//2166 2206//2206 2207//2207
f 2166//2166 2168//2168 2206//2206
f 2083//2083 2208//2208 2085//2085
f 2084//2084 2209//2209 2171//2171
f 2209//2209 2084//2084 2129//2129
f 2053//2053 2085//2085 2173//2173
f 2210//2210 2172//2172 2131//2131
f 2211//2211 2132//2132 2176//2176
f 2175//2175 2212//2212 2177//2177
f 2089//2089 2213//2213 2176//2176
f 2213//2213 2089//2089 2134//2134
f 2134//2134 2181//2181 2214//2214
f 2213//2213 2134//2134 2214//2214
f 2060//2060 2215//2215 2092//2092
f 2090//2090 2215//2215 2060//2060
f 2090//2090 2216//2216 2215//2215
f 2091//2091 2216//2216 2090//2090
f 2091//2091 2217//2217 2216//2216
f 2091//2091 2218//2218 2217//2217
f 2135//2135 2218//2218 2091//2091
f 2093//2093 2095//2095 2219//2219
f 2220//2220 2009//2009 2094//2094
f 2220//2220 2183//2183 2009//2009
f 2182//2182 2137//2137 2185//2185
f 2138//2138 2221//2221 2185//2185
f 1968//1968 2184//2184 2139//2139
f 2138//2138 2140//2140 2221//2221
f 2221//2221 2140//2140 2188//2188
f 2186//2186 2066//2066 2065//2065
f 2099//2099 2188//2188 2140//2140
f 2098//2098 1934//1934 2097//2097
f 2068//2068 2189//2189 2149//2149
f 2192//2192 2222//2222 2108//2108
f 2223//2223 2108//2108 2222//2222
f 1915//1915 2110//2110 2192//2192
f 2109//2109 2224//2224 1988//1988
f 2111//2111 2193//2193 2036//2036
f 2196//2196 2112//2112 2225//2225
f 2156//2156 2226//2226 2155//2155
f 2157//2157 2200//2200 2079//2079
f 2078//2078 2080//2080 2201//2201
f 2042//2042 2227//2227 2201//2201
f 2201//2201 2043//2043 2042//2042
f 2203//2203 2205//2205 2228//2228
f 2203//2203 2228//2228 2161//2161
f 2205//2205 2204//2204 2229//2229
f 2229//2229 2204//2204 2230//2230
f 2161//2161 2228//2228 2169//2169
f 2228//2228 2231//2231 2169//2169
f 2166//2166 2207//2207 2165//2165
f 2165//2165 2207//2207 2204//2204
f 2083//2083 2160//2160 2208//2208
f 2169//2169 2231//2231 2232//2232
f 2170//2170 2169//2169 2232//2232
f 2170//2170 2232//2232 2168//2168
f 2232//2232 2206//2206 2168//2168
f 2233//2233 2234//2234 2235//2235
f 2234//2234 2233//2233 2236//2236
f 2237//2237 2238//2238 2239//2239
f 2238//2238 2237//2237 2240//2240
f 2241//2241 2242//2242 2243//2243
f 2242//2242 2241//2241 2244//2244
f 2233//2233 2235//2235 2245//2245
f 2236//2236 2233//2233 2245//2245
f 2237//2237 2239//2239 2246//2246
f 2240//2240 2237//2237 2246//2246
f 2241//2241 2243//2243 2247//2247
f 2244//2244 2241//2241 2247//2247
f 2208//2208 2248//2248 2085//2085
f 2085//2085 2248//2248 2173//2173
f 2129//2129 2130//2130 2249//2249
f 2172//2172 2210//2210 2250//2250
f 2173//2173 2251//2251 2175//2175
f 2252//2252 2132//2132 2211//2211
f 2175//2175 2253//2253 2212//2212
f 2177//2177 2212//2212 2254//2254
f 2254//2254 2178//2178 2177//2177
f 2255//2255 2176//2176 2213//2213
f 2178//2178 2254//2254 2179//2179
f 2217//2217 2256//2256 2216//2216
f 2093//2093 2219//2219 2135//2135
f 2095//2095 2257//2257 2219//2219
f 2136//2136 2257//2257 2095//2095
f 2257//2257 2136//2136 2258//2258
f 2136//2136 2182//2182 2258//2258
f 2062//2062 2183//2183 2259//2259
f 2182//2182 2185//2185 2260//2260
f 2062//2062 2259//2259 2184//2184
f 2185//2185 2221//2221 2261//2261
f 2188//2188 2262//2262 2221//2221
f 2187//2187 2263//2263 2188//2188
f 2264//2264 2098//2098 2097//2097
f 2265//2265 2263//2263 2187//2187
f 2098//2098 2266//2266 2067//2067
f 2145//2145 2265//2265 2187//2187
f 2067//2067 2266//2266 2189//2189
f 2189//2189 2266//2266 2267//2267
f 2145//2145 2268//2268 2265//2265
f 2268//2268 2145//2145 2150//2150
f 2189//2189 2269//2269 2149//2149
f 2150//2150 2270//2270 2268//2268
f 2270//2270 2108//2108 2223//2223
f 2150//2150 2108//2108 2270//2270
f 2152//2152 2271//2271 2272//2272
f 2149//2149 2271//2271 2152//2152
f 2153//2153 2031//2031 2152//2152
f 2153//2153 2152//2152 2272//2272
f 2109//2109 2153//2153 2224//2224
f 2192//2192 2110//2110 2273//2273
f 2274//2274 2111//2111 2195//2195
f 2154//2154 2275//2275 2112//2112
f 2226//2226 2156//2156 2276//2276
f 2277//2277 2197//2197 2196//2196
f 2276//2276 2156//2156 2199//2199
f 2157//2157 2197//2197 2278//2278
f 2157//2157 2279//2279 2200//2200
f 2201//2201 2198//2198 2078//2078
f 2205//2205 2229//2229 2228//2228
f 2229//2229 2280//2280 2228//2228
f 2280//2280 2229//2229 2230//2230
f 2281//2281 2280//2280 2230//2230
f 2281//2281 2231//2231 2280//2280
f 2231//2231 2228//2228 2280//2280
f 2204//2204 2207//2207 2230//2230
f 2282//2282 2283//2283 2284//2284
f 2283//2283 2282//2282 2285//2285
f 2126//2126 2286//2286 2287//2287
f 2287//2287 2082//2082 2126//2126
f 2288//2288 2207//2207 2206//2206
f 2282//2282 2284//2284 2289//2289
f 2285//2285 2282//2282 2289//2289
f 2128//2128 2290//2290 2286//2286
f 2286//2286 2126//2126 2128//2128
f 2232//2232 2231//2231 2281//2281
f 2232//2232 2281//2281 2288//2288
f 2234//2234 2291//2291 2235//2235
f 2234//2234 2236//2236 2291//2291
f 2238//2238 2292//2292 2239//2239
f 2238//2238 2240//2240 2292//2292
f 2242//2242 2293//2293 2294//2294
f 2243//2243 2242//2242 2294//2294
f 2293//2293 2242//2242 2244//2244
f 2295//2295 2293//2293 2244//2244
f 2128//2128 2171//2171 2290//2290
f 2206//2206 2232//2232 2288//2288
f 2235//2235 2291//2291 2245//2245
f 2236//2236 2245//2245 2291//2291
f 2239//2239 2292//2292 2246//2246
f 2240//2240 2246//2246 2292//2292
f 2243//2243 2294//2294 2296//2296
f 2247//2247 2243//2243 2296//2296
f 2295//2295 2244//2244 2247//2247
f 2296//2296 2295//2295 2247//2247
f 2171//2171 2209//2209 2297//2297
f 2129//2129 2298//2298 2209//2209
f 2172//2172 2249//2249 2130//2130
f 2129//2129 2249//2249 2298//2298
f 2299//2299 2251//2251 2173//2173
f 2251//2251 2300//2300 2175//2175
f 2175//2175 2300//2300 2253//2253
f 2174//2174 2132//2132 2252//2252
f 2176//2176 2301//2301 2211//2211
f 2301//2301 2176//2176 2255//2255
f 2254//2254 2302//2302 2303//2303
f 2179//2179 2254//2254 2303//2303
f 2180//2180 2179//2179 2303//2303
f 2180//2180 2303//2303 2181//2181
f 2213//2213 2214//2214 2255//2255
f 2092//2092 2304//2304 2305//2305
f 2092//2092 2215//2215 2304//2304
f 2218//2218 2306//2306 2217//2217
f 2135//2135 2307//2307 2218//2218
f 2219//2219 2257//2257 2308//2308
f 2258//2258 2182//2182 2260//2260
f 2260//2260 2185//2185 2261//2261
f 2221//2221 2262//2262 2309//2309
f 2309//2309 2261//2261 2221//2221
f 2263//2263 2262//2262 2188//2188
f 2186//2186 2310//2310 2311//2311
f 2311//2311 2097//2097 2186//2186
f 2264//2264 2097//2097 2311//2311
f 2098//2098 2264//2264 2266//2266
f 2189//2189 2312//2312 2269//2269
f 2271//2271 2149//2149 2269//2269
f 2153//2153 2313//2313 2224//2224
f 1988//1988 2314//2314 2194//2194
f 2111//2111 2274//2274 2193//2193
f 2315//2315 2154//2154 2194//2194
f 2196//2196 2225//2225 2277//2277
f 2155//2155 2226//2226 2195//2195
f 2278//2278 2279//2279 2157//2157
f 2198//2198 2201//2201 2316//2316
f 2202//2202 2227//2227 2042//2042
f 2202//2202 2082//2082 2287//2287
f 2202//2202 2287//2287 2317//2317
f 2230//2230 2288//2288 2281//2281
f 2230//2230 2207//2207 2288//2288
f 2283//2283 2318//2318 2284//2284
f 2283//2283 2285//2285 2318//2318
f 2284//2284 2318//2318 2289//2289
f 2285//2285 2289//2289 2318//2318
f 2293//2293 2319//2319 2294//2294
f 2293//2293 2295//2295 2319//2319
f 2294//2294 2319//2319 2296//2296
f 2295//2295 2296//2296 2319//2319
f 2297//2297 2290//2290 2171//2171
f 2173//2173 2248//2248 2299//2299
f 2298//2298 2297//2297 2209//2209
f 2172//2172 2250//2250 2249//2249
f 2131//2131 2320//2320 2210//2210
f 2320//2320 2131//2131 2174//2174
f 2253//2253 2321//2321 2212//2212
f 2212//2212 2321//2321 2302//2302
f 2254//2254 2212//2212 2302//2302
f 2181//2181 2303//2303 2322//2322
f 2181//2181 2322//2322 2214//2214
f 2215//2215 2216//2216 2323//2323
f 2256//2256 2324//2324 2216//2216
f 2256//2256 2217//2217 2306//2306
f 2218//2218 2307//2307 2306//2306
f 2219//2219 2307//2307 2135//2135
f 2307//2307 2219//2219 2308//2308
f 2305//2305 2094//2094 2092//2092
f 2094//2094 2325//2325 2220//2220
f 2326//2326 2266//2266 2327//2327
f 2266//2266 2326//2326 2267//2267
f 2265//2265 2268//2268 2328//2328
f 2270//2270 2329//2329 2328//2328
f 2270//2270 2328//2328 2268//2268
f 2269//2269 2312//2312 2330//2330
f 2267//2267 2312//2312 2189//2189
f 2269//2269 2330//2330 2271//2271
f 2330//2330 2331//2331 2271//2271
f 2313//2313 2153//2153 2272//2272
f 2332//2332 2222//2222 2192//2192
f 2224//2224 2313//2313 2333//2333
f 2334//2334 2193//2193 2274//2274
f 2315//2315 2275//2275 2154//2154
f 2275//2275 2225//2225 2112//2112
f 2226//2226 2335//2335 2195//2195
f 2335//2335 2274//2274 2195//2195
f 2197//2197 2277//2277 2278//2278
f 2316//2316 2336//2336 2198//2198
f 2199//2199 2198//2198 2336//2336
f 2336//2336 2276//2276 2199//2199
f 2227//2227 2316//2316 2201//2201
f 2337//2337 2338//2338 2339//2339
f 2338//2338 2337//2337 2340//2340
f 2337//2337 2339//2339 2341//2341
f 2340//2340 2337//2337 2341//2341
f 2160//2160 2200//2200 2208//2208
f 2342//2342 2343//2343 2344//2344
f 2343//2343 2342//2342 2345//2345
f 2346//2346 2347//2347 2348//2348
f 2347//2347 2346//2346 2349//2349
f 2342//2342 2344//2344 2350//2350
f 2345//2345 2342//2342 2350//2350
f 2346//2346 2348//2348 2351//2351
f 2349//2349 2346//2346 2351//2351
f 2352//2352 2290//2290 2297//2297
f 2297//2297 2353//2353 2352//2352
f 2249//2249 2353//2353 2298//2298
f 2353//2353 2297//2297 2298//2298
f 2210//2210 2320//2320 2354//2354
f 2354//2354 2250//2250 2210//2210
f 2301//2301 2255//2255 2355//2355
f 2324//2324 2323//2323 2216//2216
f 2256//2256 2306//2306 2356//2356
f 2094//2094 2305//2305 2325//2325
f 2257//2257 2357//2357 2358//2358
f 2257//2257 2358//2358 2308//2308
f 2257//2257 2258//2258 2357//2357
f 2220//2220 2325//2325 2183//2183
f 2357//2357 2258//2258 2359//2359
f 2183//2183 2325//2325 2259//2259
f 2258//2258 2261//2261 2359//2359
f 2258//2258 2260//2260 2261//2261
f 2359//2359 2309//2309 2360//2360
f 2261//2261 2309//2309 2359//2359
f 2360//2360 2309//2309 2262//2262
f 2065//2065 2361//2361 2186//2186
f 2186//2186 2361//2361 2310//2310
f 2361//2361 2065//2065 2139//2139
f 2263//2263 2362//2362 2262//2262
f 2327//2327 2266//2266 2264//2264
f 2329//2329 2363//2363 2328//2328
f 2329//2329 2270//2270 2223//2223
f 2329//2329 2223//2223 2222//2222
f 2331//2331 2272//2272 2271//2271
f 2364//2364 2313//2313 2272//2272
f 2273//2273 2332//2332 2192//2192
f 2334//2334 2273//2273 2193//2193
f 2110//2110 2193//2193 2273//2273
f 1988//1988 2333//2333 2314//2314
f 2333//2333 1988//1988 2224//2224
f 2334//2334 2274//2274 2365//2365
f 2226//2226 2276//2276 2335//2335
f 2316//2316 2366//2366 2336//2336
f 2279//2279 2367//2367 2200//2200
f 2338//2338 2368//2368 2339//2339
f 2338//2338 2340//2340 2368//2368
f 2339//2339 2368//2368 2341//2341
f 2340//2340 2341//2341 2368//2368
f 2369//2369 2370//2370 2371//2371
f 2370//2370 2369//2369 2372//2372
f 2202//2202 2317//2317 2373//2373
f 2369//2369 2371//2371 2374//2374
f 2372//2372 2369//2369 2374//2374
f 2375//2375 2376//2376 2377//2377
f 2376//2376 2375//2375 2378//2378
f 2343//2343 2379//2379 2344//2344
f 2343//2343 2345//2345 2379//2379
f 2347//2347 2380//2380 2348//2348
f 2347//2347 2349//2349 2380//2380
f 2208//2208 2381//2381 2248//2248
f 2287//2287 2286//2286 2382//2382
f 2375//2375 2377//2377 2383//2383
f 2378//2378 2375//2375 2383//2383
f 2344//2344 2379//2379 2350//2350
f 2345//2345 2350//2350 2379//2379
f 2348//2348 2380//2380 2351//2351
f 2349//2349 2351//2351 2380//2380
f 2250//2250 2384//2384 2249//2249
f 2384//2384 2385//2385 2249//2249
f 2385//2385 2353//2353 2249//2249
f 2251//2251 2386//2386 2300//2300
f 2300//2300 2387//2387 2253//2253
f 2174//2174 2252//2252 2388//2388
f 2253//2253 2387//2387 2321//2321
f 2211//2211 2389//2389 2252//2252
f 2390//2390 2389//2389 2301//2301
f 2389//2389 2211//2211 2301//2301
f 2391//2391 2321//2321 2392//2392
f 2391//2391 2302//2302 2321//2321
f 2302//2302 2393//2393 2303//2303
f 2303//2303 2393//2393 2322//2322
f 2393//2393 2394//2394 2322//2322
f 2394//2394 2355//2355 2255//2255
f 2390//2390 2301//2301 2355//2355
f 2214//2214 2322//2322 2394//2394
f 2255//2255 2214//2214 2394//2394
f 2395//2395 2256//2256 2396//2396
f 2215//2215 2397//2397 2304//2304
f 2215//2215 2323//2323 2397//2397
f 2398//2398 2323//2323 2399//2399
f 2324//2324 2399//2399 2323//2323
f 2256//2256 2395//2395 2324//2324
f 2400//2400 2305//2305 2304//2304
f 2356//2356 2306//2306 2401//2401
f 2306//2306 2307//2307 2401//2401
f 2401//2401 2307//2307 2308//2308
f 2402//2402 2358//2358 2357//2357
f 2357//2357 2359//2359 2402//2402
f 2402//2402 2359//2359 2403//2403
f 2403//2403 2359//2359 2404//2404
f 2404//2404 2359//2359 2360//2360
f 2184//2184 2405//2405 2361//2361
f 2184//2184 2406//2406 2405//2405
f 2406//2406 2184//2184 2259//2259
f 2262//2262 2362//2362 2360//2360
f 2184//2184 2361//2361 2139//2139
f 2362//2362 2407//2407 2408//2408
f 2263//2263 2407//2407 2362//2362
f 2263//2263 2265//2265 2407//2407
f 2264//2264 2311//2311 2409//2409
f 2264//2264 2409//2409 2327//2327
f 2265//2265 2328//2328 2407//2407
f 2312//2312 2267//2267 2410//2410
f 2411//2411 2329//2329 2412//2412
f 2330//2330 2413//2413 2331//2331
f 2412//2412 2329//2329 2222//2222
f 2272//2272 2331//2331 2414//2414
f 2414//2414 2364//2364 2272//2272
f 2333//2333 2313//2313 2364//2364
f 2415//2415 2334//2334 2365//2365
f 2416//2416 2194//2194 2314//2314
f 2416//2416 2315//2315 2194//2194
f 2274//2274 2417//2417 2365//2365
f 2274//2274 2335//2335 2417//2417
f 2279//2279 2278//2278 2367//2367
f 2200//2200 2418//2418 2208//2208
f 2418//2418 2381//2381 2208//2208
f 2202//2202 2373//2373 2227//2227
f 2370//2370 2419//2419 2371//2371
f 2370//2370 2372//2372 2419//2419
f 2371//2371 2419//2419 2374//2374
f 2372//2372 2374//2374 2419//2419
f 2287//2287 2382//2382 2317//2317
f 2420//2420 2421//2421 2422//2422
f 2421//2421 2420//2420 2423//2423
f 2421//2421 2423//2423 2424//2424
f 2424//2424 2423//2423 2425//2425
f 2376//2376 2426//2426 2377//2377
f 2376//2376 2378//2378 2426//2426
f 2381//2381 2427//2427 2248//2248
f 2382//2382 2286//2286 2290//2290
f 2377//2377 2426//2426 2383//2383
f 2378//2378 2383//2383 2426//2426
f 2352//2352 2428//2428 2290//2290
f 2429//2429 2428//2428 2352//2352
f 2427//2427 2299//2299 2248//2248
f 2430//2430 2299//2299 2427//2427
f 2353//2353 2429//2429 2352//2352
f 2250//2250 2431//2431 2384//2384
f 2250//2250 2354//2354 2431//2431
f 2386//2386 2387//2387 2300//2300
f 2320//2320 2174//2174 2388//2388
f 2432//2432 2392//2392 2321//2321
f 2432//2432 2321//2321 2387//2387
f 2388//2388 2252//2252 2389//2389
f 2433//2433 2302//2302 2391//2391
f 2302//2302 2433//2433 2393//2393
f 2324//2324 2395//2395 2399//2399
f 2400//2400 2304//2304 2397//2397
f 2397//2397 2323//2323 2398//2398
f 2396//2396 2256//2256 2356//2356
f 2356//2356 2401//2401 2434//2434
f 2308//2308 2358//2358 2401//2401
f 2401//2401 2435//2435 2434//2434
f 2401//2401 2358//2358 2402//2402
f 2259//2259 2325//2325 2406//2406
f 2404//2404 2360//2360 2436//2436
f 2360//2360 2362//2362 2408//2408
f 2310//2310 2437//2437 2311//2311
f 2438//2438 2409//2409 2311//2311
f 2407//2407 2328//2328 2363//2363
f 2327//2327 2439//2439 2326//2326
f 2267//2267 2326//2326 2440//2440
f 2410//2410 2267//2267 2440//2440
f 2363//2363 2329//2329 2411//2411
f 2330//2330 2410//2410 2441//2441
f 2442//2442 2330//2330 2441//2441
f 2410//2410 2330//2330 2312//2312
f 2332//2332 2412//2412 2222//2222
f 2443//2443 2364//2364 2414//2414
f 2331//2331 2413//2413 2414//2414
f 2442//2442 2413//2413 2330//2330
f 2364//2364 2444//2444 2333//2333
f 2333//2333 2445//2445 2314//2314
f 2446//2446 2225//2225 2275//2275
f 2447//2447 2225//2225 2446//2446
f 2276//2276 2336//2336 2448//2448
f 2448//2448 2335//2335 2276//2276
f 2278//2278 2449//2449 2367//2367
f 2316//2316 2227//2227 2450//2450
f 2450//2450 2366//2366 2316//2316
f 2227//2227 2451//2451 2452//2452
f 2227//2227 2373//2373 2451//2451
f 2317//2317 2453//2453 2373//2373
f 2421//2421 2424//2424 2422//2422
f 2454//2454 2455//2455 2425//2425
f 2455//2455 2424//2424 2425//2425
f 2290//2290 2428//2428 2382//2382
f 2454//2454 2425//2425 2456//2456
f 2425//2425 2423//2423 2456//2456
f 2457//2457 2423//2423 2420//2420
f 2457//2457 2420//2420 2422//2422
f 2423//2423 2457//2457 2456//2456
f 2458//2458 2429//2429 2353//2353
f 2430//2430 2386//2386 2299//2299
f 2299//2299 2386//2386 2251//2251
f 2459//2459 2392//2392 2432//2432
f 2392//2392 2459//2459 2391//2391
f 2460//2460 2390//2390 2355//2355
f 2394//2394 2393//2393 2461//2461
f 2460//2460 2355//2355 2394//2394
f 2356//2356 2434//2434 2396//2396
f 2401//2401 2402//2402 2462//2462
f 2400//2400 2325//2325 2305//2305
f 2462//2462 2403//2403 2463//2463
f 2402//2402 2403//2403 2462//2462
f 2463//2463 2464//2464 2462//2462
f 2465//2465 2406//2406 2325//2325
f 2360//2360 2408//2408 2436//2436
f 2438//2438 2311//2311 2437//2437
f 2327//2327 2409//2409 2439//2439
f 2363//2363 2466//2466 2407//2407
f 2467//2467 2466//2466 2363//2363
f 2440//2440 2326//2326 2439//2439
f 2363//2363 2411//2411 2467//2467
f 2410//2410 2440//2440 2468//2468
f 2468//2468 2441//2441 2410//2410
f 2364//2364 2443//2443 2444//2444
f 2469//2469 2443//2443 2414//2414
f 2413//2413 2469//2469 2414//2414
f 2442//2442 2469//2469 2413//2413
f 2333//2333 2444//2444 2470//2470
f 2334//2334 2471//2471 2472//2472
f 2472//2472 2332//2332 2273//2273
f 2273//2273 2334//2334 2472//2472
f 2445//2445 2333//2333 2470//2470
f 2315//2315 2446//2446 2275//2275
f 2225//2225 2447//2447 2473//2473
f 2277//2277 2225//2225 2473//2473
f 2278//2278 2277//2277 2449//2449
f 2366//2366 2474//2474 2336//2336
f 2200//2200 2367//2367 2418//2418
f 2227//2227 2452//2452 2450//2450
f 2475//2475 2476//2476 2477//2477
f 2476//2476 2475//2475 2478//2478
f 2424//2424 2455//2455 2479//2479
f 2475//2475 2477//2477 2480//2480
f 2478//2478 2475//2475 2480//2480
f 2453//2453 2317//2317 2382//2382
f 2454//2454 2481//2481 2455//2455
f 2482//2482 2483//2483 2484//2484
f 2483//2483 2482//2482 2485//2485
f 2486//2486 2487//2487 2488//2488
f 2487//2487 2486//2486 2489//2489
f 2490//2490 2382//2382 2428//2428
f 2454//2454 2456//2456 2481//2481
f 2456//2456 2457//2457 2481//2481
f 2482//2482 2484//2484 2491//2491
f 2485//2485 2482//2482 2491//2491
f 2486//2486 2488//2488 2492//2492
f 2489//2489 2486//2486 2492//2492
f 2422//2422 2493//2493 2457//2457
f 2494//2494 2495//2495 2496//2496
f 2495//2495 2494//2494 2497//2497
f 2494//2494 2496//2496 2498//2498
f 2497//2497 2494//2494 2498//2498
f 2384//2384 2458//2458 2385//2385
f 2385//2385 2458//2458 2353//2353
f 2354//2354 2499//2499 2431//2431
f 2499//2499 2384//2384 2431//2431
f 2386//2386 2500//2500 2387//2387
f 2500//2500 2432//2432 2387//2387
f 2432//2432 2501//2501 2459//2459
f 2460//2460 2502//2502 2390//2390
f 2391//2391 2459//2459 2433//2433
f 2461//2461 2460//2460 2394//2394
f 2461//2461 2393//2393 2433//2433
f 2395//2395 2503//2503 2399//2399
f 2395//2395 2396//2396 2503//2503
f 2397//2397 2398//2398 2504//2504
f 2399//2399 2504//2504 2398//2398
f 2434//2434 2435//2435 2396//2396
f 2397//2397 2504//2504 2400//2400
f 2401//2401 2462//2462 2435//2435
f 2505//2505 2325//2325 2400//2400
f 2403//2403 2404//2404 2463//2463
f 2463//2463 2404//2404 2506//2506
f 2361//2361 2405//2405 2507//2507
f 2405//2405 2406//2406 2508//2508
f 2408//2408 2509//2509 2436//2436
f 2506//2506 2404//2404 2436//2436
f 2310//2310 2361//2361 2507//2507
f 2407//2407 2466//2466 2408//2408
f 2409//2409 2510//2510 2439//2439
f 2439//2439 2468//2468 2440//2440
f 2442//2442 2441//2441 2469//2469
f 2511//2511 2412//2412 2332//2332
f 2444//2444 2443//2443 2512//2512
f 2513//2513 2443//2443 2469//2469
f 2514//2514 2445//2445 2470//2470
f 2334//2334 2415//2415 2515//2515
f 2277//2277 2516//2516 2449//2449
f 2516//2516 2277//2277 2473//2473
f 2517//2517 2335//2335 2448//2448
f 2336//2336 2474//2474 2448//2448
f 2450//2450 2452//2452 2366//2366
f 2381//2381 2418//2418 2518//2518
f 2476//2476 2519//2519 2477//2477
f 2476//2476 2478//2478 2519//2519
f 2520//2520 2373//2373 2453//2453
f 2479//2479 2493//2493 2424//2424
f 2424//2424 2493//2493 2422//2422
f 2481//2481 2479//2479 2455//2455
f 2477//2477 2519//2519 2480//2480
f 2478//2478 2480//2480 2519//2519
f 2427//2427 2381//2381 2518//2518
f 2483//2483 2521//2521 2484//2484
f 2483//2483 2485//2485 2521//2521
f 2487//2487 2522//2522 2488//2488
f 2487//2487 2489//2489 2522//2522
f 2457//2457 2493//2493 2481//2481
f 2484//2484 2521//2521 2491//2491
f 2485//2485 2491//2491 2521//2521
f 2488//2488 2522//2522 2492//2492
f 2489//2489 2492//2492 2522//2522
f 2495//2495 2523//2523 2496//2496
f 2495//2495 2497//2497 2523//2523
f 2458//2458 2524//2524 2429//2429
f 2496//2496 2523//2523 2498//2498
f 2497//2497 2498//2498 2523//2523
f 2430//2430 2525//2525 2386//2386
f 2354//2354 2526//2526 2499//2499
f 2320//2320 2526//2526 2354//2354
f 2500//2500 2527//2527 2432//2432
f 2528//2528 2320//2320 2388//2388
f 2432//2432 2527//2527 2501//2501
f 2502//2502 2388//2388 2389//2389
f 2502//2502 2389//2389 2390//2390
f 2461//2461 2433//2433 2529//2529
f 2399//2399 2503//2503 2530//2530
f 2396//2396 2435//2435 2531//2531
f 2435//2435 2462//2462 2532//2532
f 2508//2508 2406//2406 2533//2533
f 2405//2405 2508//2508 2507//2507
f 2436//2436 2509//2509 2534//2534
f 2534//2534 2506//2506 2436//2436
f 2437//2437 2535//2535 2438//2438
f 2409//2409 2438//2438 2510//2510
f 2468//2468 2536//2536 2537//2537
f 2536//2536 2468//2468 2439//2439
f 2441//2441 2537//2537 2513//2513
f 2537//2537 2441//2441 2468//2468
f 2513//2513 2469//2469 2441//2441
f 2443//2443 2513//2513 2512//2512
f 2332//2332 2472//2472 2511//2511
f 2512//2512 2470//2470 2444//2444
f 2515//2515 2471//2471 2334//2334
f 2314//2314 2445//2445 2514//2514
f 2415//2415 2365//2365 2538//2538
f 2446//2446 2315//2315 2539//2539
f 2539//2539 2315//2315 2416//2416
f 2517//2517 2417//2417 2335//2335
f 2540//2540 2517//2517 2448//2448
f 2474//2474 2541//2541 2448//2448
f 2367//2367 2449//2449 2418//2418
f 2452//2452 2474//2474 2366//2366
f 2479//2479 2542//2542 2493//2493
f 2542//2542 2479//2479 2481//2481
f 2382//2382 2490//2490 2543//2543
f 2543//2543 2453//2453 2382//2382
f 2481//2481 2493//2493 2542//2542
f 2524//2524 2544//2544 2428//2428
f 2544//2544 2490//2490 2428//2428
f 2430//2430 2427//2427 2525//2525
f 2428//2428 2429//2429 2524//2524
f 2458//2458 2384//2384 2545//2545
f 2525//2525 2500//2500 2386//2386
f 2528//2528 2526//2526 2320//2320
f 2546//2546 2527//2527 2500//2500
f 2460//2460 2461//2461 2547//2547
f 2396//2396 2548//2548 2503//2503
f 2548//2548 2396//2396 2531//2531
f 2530//2530 2549//2549 2504//2504
f 2399//2399 2530//2530 2504//2504
f 2435//2435 2532//2532 2531//2531
f 2400//2400 2549//2549 2550//2550
f 2549//2549 2400//2400 2504//2504
f 2462//2462 2551//2551 2532//2532
f 2550//2550 2505//2505 2400//2400
f 2462//2462 2464//2464 2551//2551
f 2551//2551 2464//2464 2552//2552
f 2325//2325 2505//2505 2465//2465
f 2463//2463 2506//2506 2552//2552
f 2552//2552 2464//2464 2463//2463
f 2533//2533 2406//2406 2465//2465
f 2553//2553 2534//2534 2509//2509
f 2507//2507 2554//2554 2310//2310
f 2553//2553 2509//2509 2408//2408
f 2310//2310 2535//2535 2437//2437
f 2553//2553 2466//2466 2555//2555
f 2553//2553 2408//2408 2466//2466
f 2467//2467 2556//2556 2466//2466
f 2467//2467 2411//2411 2557//2557
f 2513//2513 2537//2537 2558//2558
f 2411//2411 2412//2412 2557//2557
f 2558//2558 2512//2512 2513//2513
f 2511//2511 2472//2472 2471//2471
f 2559//2559 2470//2470 2512//2512
f 2470//2470 2559//2559 2514//2514
f 2314//2314 2560//2560 2416//2416
f 2538//2538 2515//2515 2415//2415
f 2365//2365 2417//2417 2538//2538
f 2561//2561 2417//2417 2517//2517
f 2473//2473 2447//2447 2516//2516
f 2448//2448 2541//2541 2540//2540
f 2562//2562 2541//2541 2452//2452
f 2541//2541 2474//2474 2452//2452
f 2520//2520 2563//2563 2451//2451
f 2563//2563 2562//2562 2451//2451
f 2452//2452 2451//2451 2562//2562
f 2520//2520 2451//2451 2373//2373
f 2490//2490 2544//2544 2543//2543
f 2564//2564 2565//2565 2566//2566
f 2565//2565 2564//2564 2567//2567
f 2518//2518 2525//2525 2427//2427
f 2564//2564 2566//2566 2568//2568
f 2567//2567 2564//2564 2568//2568
f 2569//2569 2570//2570 2499//2499
f 2570//2570 2545//2545 2499//2499
f 2384//2384 2499//2499 2545//2545
f 2500//2500 2525//2525 2571//2571
f 2569//2569 2499//2499 2526//2526
f 2500//2500 2571//2571 2546//2546
f 2388//2388 2572//2572 2528//2528
f 2546//2546 2573//2573 2527//2527
f 2388//2388 2502//2502 2572//2572
f 2573//2573 2501//2501 2527//2527
f 2574//2574 2433//2433 2459//2459
f 2575//2575 2433//2433 2574//2574
f 2547//2547 2576//2576 2460//2460
f 2433//2433 2575//2575 2529//2529
f 2503//2503 2577//2577 2530//2530
f 2578//2578 2548//2548 2531//2531
f 2532//2532 2579//2579 2578//2578
f 2532//2532 2578//2578 2531//2531
f 2532//2532 2551//2551 2579//2579
f 2508//2508 2533//2533 2580//2580
f 2552//2552 2506//2506 2581//2581
f 2581//2581 2506//2506 2534//2534
f 2507//2507 2508//2508 2582//2582
f 2553//2553 2555//2555 2534//2534
f 2507//2507 2582//2582 2554//2554
f 2554//2554 2535//2535 2310//2310
f 2466//2466 2556//2556 2555//2555
f 2438//2438 2535//2535 2510//2510
f 2467//2467 2583//2583 2556//2556
f 2439//2439 2510//2510 2584//2584
f 2467//2467 2557//2557 2583//2583
f 2439//2439 2584//2584 2536//2536
f 2537//2537 2536//2536 2585//2585
f 2511//2511 2557//2557 2412//2412
f 2537//2537 2585//2585 2558//2558
f 2559//2559 2512//2512 2558//2558
f 2511//2511 2471//2471 2586//2586
f 2559//2559 2587//2587 2514//2514
f 2586//2586 2471//2471 2515//2515
f 2416//2416 2560//2560 2539//2539
f 2417//2417 2561//2561 2538//2538
f 2446//2446 2588//2588 2447//2447
f 2516//2516 2447//2447 2589//2589
f 2517//2517 2540//2540 2590//2590
f 2449//2449 2591//2591 2418//2418
f 2418//2418 2591//2591 2592//2592
f 2418//2418 2592//2592 2518//2518
f 2543//2543 2544//2544 2593//2593
f 2565//2565 2594//2594 2566//2566
f 2565//2565 2567//2567 2594//2594
f 2566//2566 2594//2594 2568//2568
f 2567//2567 2568//2568 2594//2594
f 2518//2518 2595//2595 2525//2525
f 2525//2525 2595//2595 2596//2596
f 2458//2458 2545//2545 2524//2524
f 2525//2525 2596//2596 2571//2571
f 2569//2569 2526//2526 2528//2528
f 2597//2597 2569//2569 2528//2528
f 2528//2528 2572//2572 2597//2597
f 2598//2598 2572//2572 2502//2502
f 2501//2501 2599//2599 2459//2459
f 2502//2502 2576//2576 2598//2598
f 2502//2502 2460//2460 2576//2576
f 2575//2575 2461//2461 2529//2529
f 2530//2530 2577//2577 2600//2600
f 2503//2503 2548//2548 2577//2577
f 2601//2601 2579//2579 2551//2551
f 2505//2505 2550//2550 2602//2602
f 2551//2551 2552//2552 2601//2601
f 2465//2465 2602//2602 2533//2533
f 2602//2602 2465//2465 2505//2505
f 2508//2508 2580//2580 2603//2603
f 2534//2534 2604//2604 2581//2581
f 2582//2582 2508//2508 2603//2603
f 2534//2534 2555//2555 2604//2604
f 2510//2510 2535//2535 2605//2605
f 2510//2510 2605//2605 2584//2584
f 2558//2558 2585//2585 2606//2606
f 2607//2607 2557//2557 2511//2511
f 2559//2559 2606//2606 2587//2587
f 2606//2606 2559//2559 2558//2558
f 2514//2514 2608//2608 2314//2314
f 2608//2608 2514//2514 2587//2587
f 2539//2539 2560//2560 2609//2609
f 2538//2538 2610//2610 2515//2515
f 2446//2446 2539//2539 2588//2588
f 2611//2611 2589//2589 2447//2447
f 2590//2590 2561//2561 2517//2517
f 2449//2449 2516//2516 2591//2591
f 2612//2612 2541//2541 2562//2562
f 2592//2592 2591//2591 2613//2613
f 2562//2562 2563//2563 2614//2614
f 2520//2520 2615//2615 2563//2563
f 2453//2453 2543//2543 2615//2615
f 2615//2615 2520//2520 2453//2453
f 2592//2592 2595//2595 2518//2518
f 2524//2524 2616//2616 2544//2544
f 2617//2617 2545//2545 2618//2618
f 2545//2545 2617//2617 2524//2524
f 2571//2571 2619//2619 2546//2546
f 2619//2619 2573//2573 2546//2546
f 2573//2573 2599//2599 2501//2501
f 2599//2599 2574//2574 2459//2459
f 2576//2576 2620//2620 2598//2598
f 2547//2547 2461//2461 2621//2621
f 2620//2620 2576//2576 2547//2547
f 2548//2548 2622//2622 2577//2577
f 2578//2578 2623//2623 2548//2548
f 2530//2530 2600//2600 2549//2549
f 2578//2578 2624//2624 2623//2623
f 2579//2579 2625//2625 2624//2624
f 2578//2578 2579//2579 2624//2624
f 2550//2550 2626//2626 2602//2602
f 2627//2627 2533//2533 2602//2602
f 2552//2552 2581//2581 2628//2628
f 2601//2601 2552//2552 2628//2628
f 2604//2604 2628//2628 2581//2581
f 2555//2555 2629//2629 2630//2630
f 2630//2630 2604//2604 2555//2555
f 2555//2555 2556//2556 2629//2629
f 2583//2583 2557//2557 2631//2631
f 2585//2585 2536//2536 2632//2632
f 2606//2606 2585//2585 2633//2633
f 2607//2607 2511//2511 2634//2634
f 2634//2634 2511//2511 2586//2586
f 2608//2608 2560//2560 2314//2314
f 2515//2515 2610//2610 2586//2586
f 2609//2609 2588//2588 2539//2539
f 2610//2610 2538//2538 2561//2561
f 2588//2588 2635//2635 2447//2447
f 2561//2561 2590//2590 2636//2636
f 2540//2540 2541//2541 2612//2612
f 2637//2637 2516//2516 2589//2589
f 2516//2516 2637//2637 2591//2591
f 2612//2612 2562//2562 2614//2614
f 2591//2591 2637//2637 2613//2613
f 2617//2617 2616//2616 2524//2524
f 2596//2596 2638//2638 2571//2571
f 2545//2545 2570//2570 2618//2618
f 2597//2597 2639//2639 2569//2569
f 2597//2597 2572//2572 2640//2640
f 2572//2572 2598//2598 2640//2640
f 2641//2641 2598//2598 2620//2620
f 2574//2574 2642//2642 2575//2575
f 2642//2642 2643//2643 2575//2575
f 2643//2643 2621//2621 2461//2461
f 2621//2621 2620//2620 2547//2547
f 2461//2461 2575//2575 2643//2643
f 2622//2622 2548//2548 2623//2623
f 2644//2644 2549//2549 2645//2645
f 2549//2549 2646//2646 2645//2645
f 2646//2646 2549//2549 2600//2600
f 2644//2644 2550//2550 2549//2549
f 2647//2647 2625//2625 2579//2579
f 2579//2579 2601//2601 2647//2647
f 2648//2648 2647//2647 2601//2601
f 2628//2628 2648//2648 2601//2601
f 2628//2628 2604//2604 2649//2649
f 2603//2603 2580//2580 2533//2533
f 2649//2649 2604//2604 2630//2630
f 2554//2554 2582//2582 2650//2650
f 2629//2629 2556//2556 2651//2651
f 2652//2652 2584//2584 2605//2605
f 2607//2607 2631//2631 2557//2557
f 2633//2633 2585//2585 2632//2632
f 2586//2586 2653//2653 2634//2634
f 2654//2654 2587//2587 2606//2606
f 2655//2655 2608//2608 2587//2587
f 2588//2588 2609//2609 2635//2635
f 2636//2636 2610//2610 2561//2561
f 2635//2635 2611//2611 2447//2447
f 2656//2656 2589//2589 2611//2611
f 2657//2657 2590//2590 2658//2658
f 2658//2658 2590//2590 2540//2540
f 2659//2659 2614//2614 2563//2563
f 2592//2592 2660//2660 2595//2595
f 2660//2660 2592//2592 2613//2613
f 2543//2543 2661//2661 2615//2615
f 2544//2544 2662//2662 2593//2593
f 2593//2593 2662//2662 2661//2661
f 2543//2543 2593//2593 2661//2661
f 2662//2662 2544//2544 2616//2616
f 2595//2595 2638//2638 2596//2596
f 2638//2638 2663//2663 2571//2571
f 2570//2570 2569//2569 2664//2664
f 2664//2664 2618//2618 2570//2570
f 2639//2639 2664//2664 2569//2569
f 2571//2571 2663//2663 2619//2619
f 2597//2597 2665//2665 2639//2639
f 2597//2597 2640//2640 2665//2665
f 2641//2641 2640//2640 2598//2598
f 2599//2599 2666//2666 2574//2574
f 2574//2574 2667//2667 2642//2642
f 2577//2577 2668//2668 2600//2600
f 2577//2577 2622//2622 2668//2668
f 2624//2624 2625//2625 2669//2669
f 2624//2624 2669//2669 2623//2623
f 2670//2670 2625//2625 2647//2647
f 2671//2671 2626//2626 2550//2550
f 2672//2672 2670//2670 2647//2647
f 2672//2672 2647//2647 2648//2648
f 2627//2627 2673//2673 2533//2533
f 2648//2648 2628//2628 2649//2649
f 2673//2673 2603//2603 2533//2533
f 2629//2629 2651//2651 2630//2630
f 2649//2649 2630//2630 2674//2674
f 2556//2556 2583//2583 2651//2651
f 2650//2650 2535//2535 2554//2554
f 2583//2583 2631//2631 2675//2675
f 2584//2584 2652//2652 2676//2676
f 2536//2536 2676//2676 2632//2632
f 2676//2676 2536//2536 2584//2584
f 2607//2607 2634//2634 2677//2677
f 2606//2606 2633//2633 2678//2678
f 2606//2606 2678//2678 2654//2654
f 2587//2587 2654//2654 2655//2655
f 2636//2636 2590//2590 2657//2657
f 2589//2589 2656//2656 2679//2679
f 2540//2540 2612//2612 2658//2658
f 2679//2679 2637//2637 2589//2589
f 2680//2680 2637//2637 2679//2679
f 2680//2680 2613//2613 2637//2637
f 2659//2659 2563//2563 2615//2615
f 2595//2595 2681//2681 2638//2638
f 2619//2619 2682//2682 2573//2573
f 2682//2682 2599//2599 2573//2573
f 2682//2682 2666//2666 2599//2599
f 2574//2574 2666//2666 2667//2667
f 2683//2683 2641//2641 2620//2620
f 2600//2600 2668//2668 2646//2646
f 2646//2646 2668//2668 2684//2684
f 2622//2622 2685//2685 2668//2668
f 2623//2623 2685//2685 2622//2622
f 2644//2644 2671//2671 2550//2550
f 2602//2602 2686//2686 2627//2627
f 2687//2687 2673//2673 2627//2627
f 2648//2648 2649//2649 2674//2674
f 2582//2582 2603//2603 2688//2688
f 2689//2689 2674//2674 2630//2630
f 2689//2689 2630//2630 2651//2651
f 2583//2583 2675//2675 2651//2651
f 2535//2535 2652//2652 2605//2605
f 2535//2535 2650//2650 2652//2652
f 2652//2652 2690//2690 2676//2676
f 2675//2675 2631//2631 2607//2607
f 2677//2677 2634//2634 2691//2691
f 2633//2633 2692//2692 2678//2678
f 2678//2678 2693//2693 2654//2654
f 2693//2693 2678//2678 2692//2692
f 2634//2634 2653//2653 2691//2691
f 2654//2654 2694//2694 2655//2655
f 2695//2695 2653//2653 2586//2586
f 2695//2695 2586//2586 2696//2696
f 2560//2560 2697//2697 2609//2609
f 2586//2586 2610//2610 2696//2696
f 2698//2698 2610//2610 2636//2636
f 2636//2636 2657//2657 2699//2699
f 2658//2658 2612//2612 2700//2700
f 2612//2612 2614//2614 2700//2700
f 2701//2701 2613//2613 2680//2680
f 2662//2662 2702//2702 2661//2661
f 2595//2595 2660//2660 2681//2681
f 2616//2616 2617//2617 2703//2703
f 2681//2681 2704//2704 2638//2638
f 2617//2617 2618//2618 2705//2705
f 2618//2618 2664//2664 2706//2706
f 2638//2638 2704//2704 2663//2663
f 2639//2639 2707//2707 2664//2664
f 2639//2639 2708//2708 2707//2707
f 2663//2663 2709//2709 2619//2619
f 2709//2709 2682//2682 2619//2619
f 2639//2639 2665//2665 2708//2708
f 2665//2665 2710//2710 2708//2708
f 2640//2640 2711//2711 2665//2665
f 2620//2620 2712//2712 2683//2683
f 2667//2667 2713//2713 2642//2642
f 2642//2642 2713//2713 2643//2643
f 2643//2643 2713//2713 2714//2714
f 2621//2621 2643//2643 2712//2712
f 2643//2643 2714//2714 2712//2712
f 2712//2712 2620//2620 2621//2621
f 2668//2668 2715//2715 2684//2684
f 2668//2668 2685//2685 2715//2715
f 2645//2645 2646//2646 2684//2684
f 2623//2623 2716//2716 2685//2685
f 2669//2669 2716//2716 2623//2623
f 2625//2625 2670//2670 2717//2717
f 2625//2625 2717//2717 2669//2669
f 2602//2602 2626//2626 2686//2686
f 2670//2670 2672//2672 2717//2717
f 2627//2627 2686//2686 2687//2687
f 2648//2648 2718//2718 2672//2672
f 2689//2689 2718//2718 2674//2674
f 2674//2674 2718//2718 2648//2648
f 2675//2675 2689//2689 2651//2651
f 2688//2688 2650//2650 2582//2582
f 2652//2652 2650//2650 2719//2719
f 2675//2675 2607//2607 2720//2720
f 2721//2721 2677//2677 2691//2691
f 2691//2691 2653//2653 2722//2722
f 2654//2654 2693//2693 2694//2694
f 2653//2653 2695//2695 2722//2722
f 2697//2697 2608//2608 2655//2655
f 2697//2697 2560//2560 2608//2608
f 2610//2610 2698//2698 2696//2696
f 2635//2635 2609//2609 2723//2723
f 2698//2698 2636//2636 2724//2724
f 2725//2725 2611//2611 2635//2635
f 2699//2699 2724//2724 2636//2636
f 2611//2611 2725//2725 2656//2656
f 2657//2657 2726//2726 2699//2699
f 2726//2726 2657//2657 2658//2658
f 2680//2680 2679//2679 2727//2727
f 2614//2614 2728//2728 2729//2729
f 2614//2614 2659//2659 2728//2728
f 2701//2701 2660//2660 2613//2613
f 2730//2730 2659//2659 2615//2615
f 2730//2730 2615//2615 2661//2661
f 2730//2730 2661//2661 2702//2702
f 2703//2703 2662//2662 2616//2616
f 2706//2706 2705//2705 2618//2618
f 2706//2706 2664//2664 2707//2707
f 2711//2711 2640//2640 2641//2641
f 2666//2666 2731//2731 2667//2667
f 2645//2645 2732//2732 2644//2644
f 2684//2684 2732//2732 2645//2645
f 2685//2685 2716//2716 2715//2715
f 2669//2669 2733//2733 2716//2716
f 2626//2626 2671//2671 2734//2734
f 2671//2671 2735//2735 2734//2734
f 2669//2669 2717//2717 2733//2733
f 2736//2736 2673//2673 2687//2687
f 2603//2603 2673//2673 2737//2737
f 2737//2737 2688//2688 2603//2603
f 2689//2689 2675//2675 2738//2738
f 2650//2650 2688//2688 2719//2719
f 2690//2690 2652//2652 2719//2719
f 2720//2720 2607//2607 2721//2721
f 2676//2676 2739//2739 2632//2632
f 2721//2721 2740//2740 2741//2741
f 2607//2607 2677//2677 2721//2721
f 2721//2721 2691//2691 2740//2740
f 2633//2633 2632//2632 2742//2742
f 2691//2691 2722//2722 2740//2740
f 2633//2633 2742//2742 2692//2692
f 2694//2694 2743//2743 2655//2655
f 2695//2695 2696//2696 2744//2744
f 2723//2723 2609//2609 2697//2697
f 2635//2635 2723//2723 2725//2725
f 2745//2745 2679//2679 2656//2656
f 2745//2745 2727//2727 2679//2679
f 2726//2726 2658//2658 2700//2700
f 2700//2700 2729//2729 2746//2746
f 2680//2680 2727//2727 2701//2701
f 2729//2729 2700//2700 2614//2614
f 2662//2662 2703//2703 2702//2702
f 2617//2617 2705//2705 2747//2747
f 2617//2617 2747//2747 2703//2703
f 2704//2704 2748//2748 2663//2663
f 2663//2663 2748//2748 2709//2709
f 2665//2665 2711//2711 2710//2710
f 2749//2749 2666//2666 2682//2682
f 2749//2749 2731//2731 2666//2666
f 2711//2711 2641//2641 2683//2683
f 2731//2731 2713//2713 2667//2667
f 2644//2644 2732//2732 2735//2735
f 2735//2735 2732//2732 2750//2750
f 2732//2732 2684//2684 2750//2750
f 2715//2715 2751//2751 2684//2684
f 2715//2715 2716//2716 2751//2751
f 2735//2735 2671//2671 2644//2644
f 2717//2717 2752//2752 2733//2733
f 2626//2626 2753//2753 2686//2686
f 2626//2626 2734//2734 2753//2753
f 2752//2752 2717//2717 2672//2672
f 2752//2752 2672//2672 2754//2754
f 2736//2736 2687//2687 2686//2686
f 2672//2672 2718//2718 2754//2754
f 2718//2718 2689//2689 2754//2754
f 2689//2689 2738//2738 2754//2754
f 2673//2673 2736//2736 2737//2737
f 2719//2719 2688//2688 2755//2755
f 2720//2720 2756//2756 2675//2675
f 2740//2740 2757//2757 2758//2758
f 2692//2692 2759//2759 2693//2693
f 2759//2759 2692//2692 2742//2742
f 2757//2757 2740//2740 2722//2722
f 2693//2693 2760//2760 2694//2694
f 2695//2695 2757//2757 2722//2722
f 2655//2655 2743//2743 2761//2761
f 2696//2696 2698//2698 2744//2744
f 2762//2762 2725//2725 2723//2723
f 2727//2727 2763//2763 2701//2701
f 2660//2660 2701//2701 2764//2764
f 2660//2660 2764//2764 2681//2681
f 2681//2681 2765//2765 2704//2704
f 2681//2681 2764//2764 2765//2765
f 2748//2748 2704//2704 2765//2765
f 2707//2707 2766//2766 2706//2706
f 2766//2766 2707//2707 2708//2708
f 2767//2767 2682//2682 2709//2709
f 2749//2749 2768//2768 2731//2731
f 2731//2731 2769//2769 2713//2713
f 2713//2713 2769//2769 2714//2714
f 2714//2714 2770//2770 2712//2712
f 2769//2769 2770//2770 2714//2714
f 2683//2683 2712//2712 2771//2771
f 2684//2684 2751//2751 2750//2750
f 2751//2751 2716//2716 2733//2733
f 2772//2772 2751//2751 2733//2733
f 2734//2734 2735//2735 2773//2773
f 2774//2774 2772//2772 2733//2733
f 2733//2733 2752//2752 2774//2774
f 2752//2752 2775//2775 2774//2774
f 2752//2752 2754//2754 2775//2775
f 2736//2736 2686//2686 2776//2776
f 2738//2738 2777//2777 2754//2754
f 2777//2777 2738//2738 2756//2756
f 2756//2756 2738//2738 2675//2675
f 2719//2719 2755//2755 2778//2778
f 2779//2779 2756//2756 2720//2720
f 2719//2719 2778//2778 2690//2690
f 2779//2779 2721//2721 2780//2780
f 2779//2779 2720//2720 2721//2721
f 2690//2690 2781//2781 2676//2676
f 2690//2690 2778//2778 2781//2781
f 2721//2721 2741//2741 2780//2780
f 2782//2782 2739//2739 2676//2676
f 2741//2741 2740//2740 2783//2783
f 2742//2742 2739//2739 2784//2784
f 2739//2739 2742//2742 2632//2632
f 2694//2694 2760//2760 2743//2743
f 2760//2760 2693//2693 2759//2759
f 2655//2655 2761//2761 2697//2697
f 2744//2744 2785//2785 2695//2695
f 2723//2723 2697//2697 2786//2786
f 2787//2787 2698//2698 2724//2724
f 2786//2786 2762//2762 2723//2723
f 2787//2787 2724//2724 2699//2699
f 2726//2726 2700//2700 2746//2746
f 2745//2745 2763//2763 2727//2727
f 2788//2788 2729//2729 2728//2728
f 2728//2728 2659//2659 2788//2788
f 2789//2789 2764//2764 2701//2701
f 2730//2730 2790//2790 2659//2659
f 2730//2730 2702//2702 2790//2790
f 2791//2791 2702//2702 2703//2703
f 2747//2747 2705//2705 2792//2792
f 2705//2705 2706//2706 2792//2792
f 2748//2748 2793//2793 2709//2709
f 2793//2793 2767//2767 2709//2709
f 2766//2766 2708//2708 2794//2794
f 2708//2708 2710//2710 2795//2795
f 2711//2711 2683//2683 2771//2771
f 2770//2770 2771//2771 2712//2712
f 2750//2750 2796//2796 2735//2735
f 2750//2750 2797//2797 2796//2796
f 2772//2772 2798//2798 2797//2797
f 2772//2772 2797//2797 2751//2751
f 2751//2751 2797//2797 2750//2750
f 2753//2753 2776//2776 2686//2686
f 2775//2775 2754//2754 2777//2777
f 2776//2776 2799//2799 2736//2736
f 2736//2736 2799//2799 2737//2737
f 2756//2756 2800//2800 2777//2777
f 2801//2801 2688//2688 2802//2802
f 2737//2737 2799//2799 2688//2688
f 2803//2803 2778//2778 2755//2755
f 2688//2688 2801//2801 2755//2755
f 2781//2781 2782//2782 2676//2676
f 2783//2783 2740//2740 2758//2758
f 2784//2784 2759//2759 2742//2742
f 2743//2743 2804//2804 2761//2761
f 2695//2695 2785//2785 2757//2757
f 2697//2697 2761//2761 2805//2805
f 2697//2697 2805//2805 2786//2786
f 2656//2656 2725//2725 2806//2806
f 2806//2806 2745//2745 2656//2656
f 2807//2807 2763//2763 2745//2745
f 2808//2808 2746//2746 2729//2729
f 2763//2763 2809//2809 2789//2789
f 2701//2701 2763//2763 2789//2789
f 2810//2810 2659//2659 2790//2790
f 2790//2790 2702//2702 2811//2811
f 2702//2702 2791//2791 2811//2811
f 2703//2703 2747//2747 2791//2791
f 2765//2765 2793//2793 2748//2748
f 2706//2706 2766//2766 2812//2812
f 2767//2767 2813//2813 2682//2682
f 2794//2794 2708//2708 2795//2795
f 2682//2682 2813//2813 2749//2749
f 2814//2814 2731//2731 2768//2768
f 2815//2815 2711//2711 2771//2771
f 2814//2814 2769//2769 2731//2731
f 2814//2814 2816//2816 2769//2769
f 2771//2771 2770//2770 2817//2817
f 2815//2815 2771//2771 2817//2817
f 2770//2770 2769//2769 2818//2818
f 2735//2735 2819//2819 2773//2773
f 2735//2735 2820//2820 2819//2819
f 2796//2796 2820//2820 2735//2735
f 2797//2797 2821//2821 2796//2796
f 2798//2798 2821//2821 2797//2797
f 2798//2798 2772//2772 2822//2822
f 2822//2822 2772//2772 2774//2774
f 2773//2773 2753//2753 2734//2734
f 2773//2773 2823//2823 2753//2753
f 2824//2824 2825//2825 2826//2826
f 2824//2824 2822//2822 2825//2825
f 2774//2774 2825//2825 2822//2822
f 2776//2776 2753//2753 2823//2823
f 2825//2825 2827//2827 2826//2826
f 2774//2774 2775//2775 2825//2825
f 2825//2825 2775//2775 2827//2827
f 2799//2799 2776//2776 2828//2828
f 2827//2827 2829//2829 2830//2830
f 2800//2800 2829//2829 2827//2827
f 2775//2775 2777//2777 2800//2800
f 2827//2827 2775//2775 2800//2800
f 2688//2688 2799//2799 2802//2802
f 2800//2800 2779//2779 2829//2829
f 2779//2779 2780//2780 2829//2829
f 2800//2800 2756//2756 2779//2779
f 2781//2781 2778//2778 2803//2803
f 2831//2831 2780//2780 2741//2741
f 2741//2741 2783//2783 2831//2831
f 2783//2783 2758//2758 2832//2832
f 2833//2833 2784//2784 2739//2739
f 2759//2759 2784//2784 2834//2834
f 2758//2758 2757//2757 2832//2832
f 2759//2759 2835//2835 2760//2760
f 2759//2759 2834//2834 2835//2835
f 2832//2832 2757//2757 2836//2836
f 2785//2785 2836//2836 2757//2757
f 2837//2837 2785//2785 2744//2744
f 2787//2787 2838//2838 2698//2698
f 2744//2744 2698//2698 2837//2837
f 2725//2725 2839//2839 2806//2806
f 2840//2840 2787//2787 2699//2699
f 2745//2745 2806//2806 2807//2807
f 2840//2840 2726//2726 2746//2746
f 2699//2699 2726//2726 2840//2840
f 2763//2763 2841//2841 2809//2809
f 2788//2788 2808//2808 2729//2729
f 2788//2788 2810//2810 2842//2842
f 2659//2659 2810//2810 2788//2788
f 2764//2764 2843//2843 2765//2765
f 2764//2764 2789//2789 2843//2843
f 2747//2747 2792//2792 2844//2844
f 2747//2747 2844//2844 2791//2791
f 2845//2845 2765//2765 2846//2846
f 2765//2765 2845//2845 2793//2793
f 2706//2706 2812//2812 2792//2792
f 2710//2710 2711//2711 2847//2847
f 2818//2818 2817//2817 2770//2770
f 2816//2816 2818//2818 2769//2769
f 2796//2796 2821//2821 2820//2820
f 2773//2773 2848//2848 2823//2823
f 2819//2819 2848//2848 2773//2773
f 2849//2849 2826//2826 2830//2830
f 2826//2826 2827//2827 2830//2830
f 2850//2850 2849//2849 2830//2830
f 2829//2829 2850//2850 2830//2830
f 2755//2755 2851//2851 2803//2803
f 2755//2755 2801//2801 2851//2851
f 2782//2782 2781//2781 2803//2803
f 2782//2782 2852//2852 2739//2739
f 2783//2783 2853//2853 2831//2831
f 2739//2739 2852//2852 2833//2833
f 2783//2783 2832//2832 2853//2853
f 2853//2853 2832//2832 2854//2854
f 2832//2832 2836//2836 2855//2855
f 2856//2856 2836//2836 2785//2785
f 2786//2786 2805//2805 2857//2857
f 2838//2838 2837//2837 2698//2698
f 2838//2838 2787//2787 2858//2858
f 2762//2762 2786//2786 2859//2859
f 2808//2808 2860//2860 2746//2746
f 2841//2841 2763//2763 2807//2807
f 2842//2842 2808//2808 2788//2788
f 2809//2809 2861//2861 2789//2789
f 2843//2843 2789//2789 2861//2861
f 2843//2843 2846//2846 2765//2765
f 2793//2793 2813//2813 2767//2767
f 2710//2710 2847//2847 2795//2795
f 2711//2711 2815//2815 2847//2847
f 2815//2815 2817//2817 2862//2862
f 2820//2820 2863//2863 2819//2819
f 2820//2820 2821//2821 2863//2863
f 2864//2864 2865//2865 2798//2798
f 2798//2798 2865//2865 2821//2821
f 2798//2798 2822//2822 2864//2864
f 2824//2824 2864//2864 2822//2822
f 2848//2848 2866//2866 2823//2823
f 2867//2867 2824//2824 2826//2826
f 2867//2867 2826//2826 2849//2849
f 2776//2776 2823//2823 2828//2828
f 2828//2828 2823//2823 2868//2868
f 2828//2828 2868//2868 2799//2799
f 2782//2782 2869//2869 2852//2852
f 2869//2869 2782//2782 2803//2803
f 2832//2832 2855//2855 2854//2854
f 2835//2835 2743//2743 2760//2760
f 2870//2870 2804//2804 2743//2743
f 2804//2804 2805//2805 2761//2761
f 2837//2837 2856//2856 2785//2785
f 2857//2857 2871//2871 2786//2786
f 2786//2786 2871//2871 2859//2859
f 2872//2872 2858//2858 2787//2787
f 2787//2787 2840//2840 2872//2872
f 2859//2859 2725//2725 2762//2762
f 2839//2839 2725//2725 2859//2859
f 2860//2860 2840//2840 2746//2746
f 2860//2860 2873//2873 2840//2840
f 2807//2807 2806//2806 2841//2841
f 2860//2860 2808//2808 2874//2874
f 2875//2875 2861//2861 2809//2809
f 2876//2876 2790//2790 2811//2811
f 2791//2791 2877//2877 2876//2876
f 2877//2877 2791//2791 2844//2844
f 2878//2878 2845//2845 2846//2846
f 2812//2812 2879//2879 2844//2844
f 2844//2844 2792//2792 2812//2812
f 2845//2845 2880//2880 2793//2793
f 2813//2813 2793//2793 2880//2880
f 2749//2749 2813//2813 2881//2881
f 2749//2749 2881//2881 2768//2768
f 2814//2814 2768//2768 2881//2881
f 2847//2847 2815//2815 2882//2882
f 2818//2818 2816//2816 2883//2883
f 2817//2817 2818//2818 2862//2862
f 2882//2882 2815//2815 2862//2862
f 2863//2863 2821//2821 2865//2865
f 2884//2884 2848//2848 2819//2819
f 2863//2863 2885//2885 2819//2819
f 2824//2824 2886//2886 2864//2864
f 2884//2884 2866//2866 2848//2848
f 2824//2824 2867//2867 2886//2886
f 2823//2823 2866//2866 2868//2868
f 2868//2868 2866//2866 2887//2887
f 2868//2868 2802//2802 2799//2799
f 2801//2801 2888//2888 2851//2851
f 2850//2850 2780//2780 2889//2889
f 2850//2850 2829//2829 2780//2780
f 2851//2851 2869//2869 2803//2803
f 2780//2780 2831//2831 2889//2889
f 2890//2890 2784//2784 2833//2833
f 2784//2784 2891//2891 2834//2834
f 2836//2836 2856//2856 2855//2855
f 2743//2743 2835//2835 2870//2870
f 2871//2871 2805//2805 2892//2892
f 2805//2805 2871//2871 2857//2857
f 2893//2893 2838//2838 2858//2858
f 2873//2873 2860//2860 2874//2874
f 2809//2809 2894//2894 2875//2875
f 2841//2841 2894//2894 2809//2809
f 2861//2861 2895//2895 2843//2843
f 2810//2810 2790//2790 2896//2896
f 2843//2843 2895//2895 2846//2846
f 2790//2790 2876//2876 2897//2897
f 2811//2811 2791//2791 2876//2876
f 2898//2898 2877//2877 2844//2844
f 2845//2845 2878//2878 2880//2880
f 2766//2766 2879//2879 2812//2812
f 2795//2795 2899//2899 2794//2794
f 2814//2814 2883//2883 2816//2816
f 2819//2819 2885//2885 2884//2884
f 2865//2865 2900//2900 2863//2863
f 2886//2886 2865//2865 2864//2864
f 2866//2866 2884//2884 2901//2901
f 2902//2902 2867//2867 2849//2849
f 2902//2902 2849//2849 2889//2889
f 2889//2889 2849//2849 2850//2850
f 2868//2868 2903//2903 2802//2802
f 2802//2802 2888//2888 2801//2801
f 2889//2889 2831//2831 2904//2904
f 2831//2831 2905//2905 2904//2904
f 2906//2906 2852//2852 2869//2869
f 2890//2890 2833//2833 2852//2852
f 2854//2854 2855//2855 2907//2907
f 2907//2907 2853//2853 2854//2854
f 2784//2784 2890//2890 2891//2891
f 2908//2908 2907//2907 2855//2855
f 2856//2856 2908//2908 2855//2855
f 2892//2892 2804//2804 2870//2870
f 2892//2892 2805//2805 2804//2804
f 2858//2858 2909//2909 2893//2893
f 2910//2910 2837//2837 2838//2838
f 2858//2858 2911//2911 2909//2909
f 2911//2911 2858//2858 2872//2872
f 2806//2806 2912//2912 2841//2841
f 2913//2913 2873//2873 2874//2874
f 2808//2808 2842//2842 2914//2914
f 2914//2914 2874//2874 2808//2808
f 2894//2894 2915//2915 2875//2875
f 2810//2810 2896//2896 2842//2842
f 2861//2861 2875//2875 2916//2916
f 2861//2861 2916//2916 2895//2895
f 2897//2897 2896//2896 2790//2790
f 2878//2878 2846//2846 2917//2917
f 2766//2766 2794//2794 2918//2918
f 2880//2880 2919//2919 2813//2813
f 2881//2881 2813//2813 2919//2919
f 2920//2920 2881//2881 2919//2919
f 2920//2920 2921//2921 2881//2881
f 2881//2881 2921//2921 2814//2814
f 2882//2882 2862//2862 2922//2922
f 2883//2883 2923//2923 2818//2818
f 2862//2862 2818//2818 2924//2924
f 2818//2818 2923//2923 2924//2924
f 2863//2863 2900//2900 2885//2885
f 2900//2900 2865//2865 2886//2886
f 2925//2925 2900//2900 2886//2886
f 2886//2886 2867//2867 2925//2925
f 2887//2887 2926//2926 2927//2927
f 2866//2866 2926//2926 2887//2887
f 2925//2925 2867//2867 2928//2928
f 2928//2928 2867//2867 2902//2902
f 2927//2927 2868//2868 2887//2887
f 2929//2929 2888//2888 2802//2802
f 2831//2831 2853//2853 2905//2905
f 2930//2930 2852//2852 2906//2906
f 2930//2930 2890//2890 2852//2852
f 2856//2856 2931//2931 2908//2908
f 2835//2835 2932//2932 2870//2870
f 2931//2931 2837//2837 2933//2933
f 2856//2856 2837//2837 2931//2931
f 2892//2892 2934//2934 2871//2871
f 2871//2871 2934//2934 2935//2935
f 2910//2910 2893//2893 2909//2909
f 2910//2910 2838//2838 2893//2893
f 2871//2871 2935//2935 2936//2936
f 2936//2936 2859//2859 2871//2871
f 2806//2806 2839//2839 2912//2912
f 2912//2912 2937//2937 2894//2894
f 2841//2841 2912//2912 2894//2894
f 2874//2874 2914//2914 2938//2938
f 2913//2913 2874//2874 2938//2938
f 2875//2875 2915//2915 2916//2916
f 2898//2898 2879//2879 2939//2939
f 2844//2844 2879//2879 2898//2898
f 2766//2766 2918//2918 2879//2879
f 2878//2878 2919//2919 2880//2880
f 2899//2899 2918//2918 2794//2794
f 2940//2940 2795//2795 2847//2847
f 2940//2940 2847//2847 2922//2922
f 2922//2922 2847//2847 2882//2882
f 2814//2814 2921//2921 2883//2883
f 2941//2941 2883//2883 2921//2921
f 2883//2883 2941//2941 2923//2923
f 2885//2885 2900//2900 2942//2942
f 2943//2943 2901//2901 2884//2884
f 2885//2885 2944//2944 2884//2884
f 2942//2942 2944//2944 2885//2885
f 2901//2901 2926//2926 2866//2866
f 2900//2900 2945//2945 2942//2942
f 2946//2946 2945//2945 2900//2900
f 2946//2946 2900//2900 2947//2947
f 2900//2900 2925//2925 2947//2947
f 2868//2868 2927//2927 2903//2903
f 2947//2947 2925//2925 2928//2928
f 2802//2802 2903//2903 2929//2929
f 2948//2948 2928//2928 2902//2902
f 2948//2948 2902//2902 2949//2949
f 2949//2949 2902//2902 2889//2889
f 2904//2904 2949//2949 2889//2889
f 2851//2851 2950//2950 2869//2869
f 2851//2851 2951//2951 2950//2950
f 2952//2952 2949//2949 2904//2904
f 2904//2904 2905//2905 2952//2952
f 2953//2953 2930//2930 2906//2906
f 2907//2907 2905//2905 2853//2853
f 2907//2907 2908//2908 2954//2954
f 2835//2835 2834//2834 2955//2955
f 2834//2834 2891//2891 2955//2955
f 2956//2956 2932//2932 2835//2835
f 2956//2956 2835//2835 2955//2955
f 2870//2870 2957//2957 2892//2892
f 2909//2909 2958//2958 2959//2959
f 2959//2959 2910//2910 2909//2909
f 2837//2837 2910//2910 2933//2933
f 2911//2911 2958//2958 2909//2909
f 2960//2960 2958//2958 2911//2911
f 2840//2840 2960//2960 2872//2872
f 2960//2960 2911//2911 2872//2872
f 2961//2961 2839//2839 2859//2859
f 2961//2961 2859//2859 2936//2936
f 2960//2960 2873//2873 2962//2962
f 2840//2840 2873//2873 2960//2960
f 2961//2961 2912//2912 2839//2839
f 2914//2914 2963//2963 2938//2938
f 2894//2894 2937//2937 2915//2915
f 2896//2896 2897//2897 2964//2964
f 2965//2965 2897//2897 2876//2876
f 2895//2895 2917//2917 2846//2846
f 2877//2877 2898//2898 2966//2966
f 2941//2941 2967//2967 2923//2923
f 2924//2924 2923//2923 2967//2967
f 2943//2943 2884//2884 2944//2944
f 2945//2945 2944//2944 2942//2942
f 2947//2947 2928//2928 2946//2946
f 2888//2888 2951//2951 2851//2851
f 2949//2949 2968//2968 2948//2948
f 2949//2949 2952//2952 2968//2968
f 2869//2869 2969//2969 2906//2906
f 2950//2950 2969//2969 2869//2869
f 2953//2953 2906//2906 2969//2969
f 2954//2954 2970//2970 2907//2907
f 2971//2971 2890//2890 2930//2930
f 2890//2890 2972//2972 2973//2973
f 2891//2891 2890//2890 2973//2973
f 2954//2954 2931//2931 2974//2974
f 2908//2908 2931//2931 2954//2954
f 2891//2891 2973//2973 2955//2955
f 2870//2870 2975//2975 2957//2957
f 2870//2870 2932//2932 2975//2975
f 2910//2910 2976//2976 2933//2933
f 2960//2960 2977//2977 2958//2958
f 2960//2960 2962//2962 2977//2977
f 2873//2873 2913//2913 2962//2962
f 2961//2961 2978//2978 2912//2912
f 2913//2913 2938//2938 2979//2979
f 2937//2937 2980//2980 2915//2915
f 2981//2981 2915//2915 2980//2980
f 2896//2896 2914//2914 2842//2842
f 2915//2915 2981//2981 2916//2916
f 2896//2896 2964//2964 2982//2982
f 2965//2965 2964//2964 2897//2897
f 2876//2876 2877//2877 2965//2965
f 2917//2917 2895//2895 2983//2983
f 2939//2939 2966//2966 2898//2898
f 2878//2878 2920//2920 2919//2919
f 2795//2795 2940//2940 2984//2984
f 2984//2984 2899//2899 2795//2795
f 2921//2921 2920//2920 2985//2985
f 2941//2941 2921//2921 2985//2985
f 2922//2922 2862//2862 2986//2986
f 2862//2862 2924//2924 2987//2987
f 2924//2924 2967//2967 2987//2987
f 2905//2905 2907//2907 2970//2970
f 2930//2930 2953//2953 2971//2971
f 2890//2890 2971//2971 2972//2972
f 2892//2892 2988//2988 2934//2934
f 2988//2988 2892//2892 2957//2957
f 2958//2958 2989//2989 2959//2959
f 2910//2910 2959//2959 2990//2990
f 2990//2990 2976//2976 2910//2910
f 2991//2991 2935//2935 2934//2934
f 2977//2977 2989//2989 2958//2958
f 2935//2935 2991//2991 2936//2936
f 2962//2962 2992//2992 2977//2977
f 2979//2979 2962//2962 2913//2913
f 2912//2912 2978//2978 2937//2937
f 2993//2993 2979//2979 2938//2938
f 2937//2937 2994//2994 2980//2980
f 2938//2938 2963//2963 2995//2995
f 2914//2914 2896//2896 2996//2996
f 2896//2896 2982//2982 2996//2996
f 2916//2916 2997//2997 2895//2895
f 2998//2998 2879//2879 2918//2918
f 2999//2999 2920//2920 2878//2878
f 2984//2984 3000//3000 2899//2899
f 3000//3000 2918//2918 2899//2899
f 2986//2986 2940//2940 2922//2922
f 2986//2986 2862//2862 2987//2987
f 2927//2927 2926//2926 3001//3001
f 2901//2901 3002//3002 2926//2926
f 2901//2901 2943//2943 3002//3002
f 2944//2944 3003//3003 2943//2943
f 2944//2944 2945//2945 3003//3003
f 3004//3004 2945//2945 2946//2946
f 2929//2929 2903//2903 3005//3005
f 2927//2927 3001//3001 2903//2903
f 2946//2946 2928//2928 3006//3006
f 2928//2928 2948//2948 3006//3006
f 2948//2948 2968//2968 3007//3007
f 3006//3006 2948//2948 3007//3007
f 2888//2888 3008//3008 2951//2951
f 3005//3005 2888//2888 2929//2929
f 2950//2950 2951//2951 3009//3009
f 3010//3010 2970//2970 2954//2954
f 2973//2973 2972//2972 3011//3011
f 2973//2973 3011//3011 3012//3012
f 3012//3012 2955//2955 2973//2973
f 3013//3013 2932//2932 2956//2956
f 2990//2990 3014//3014 2976//2976
f 2934//2934 2988//2988 2991//2991
f 2962//2962 2979//2979 2992//2992
f 3015//3015 2978//2978 2961//2961
f 2993//2993 3016//3016 2979//2979
f 2937//2937 3017//3017 2994//2994
f 2937//2937 2978//2978 3017//3017
f 2938//2938 2995//2995 2993//2993
f 2914//2914 2996//2996 3018//3018
f 2914//2914 3018//3018 2963//2963
f 2981//2981 2997//2997 2916//2916
f 2997//2997 2983//2983 2895//2895
f 2877//2877 2966//2966 3019//3019
f 2983//2983 3020//3020 2917//2917
f 2939//2939 2879//2879 2998//2998
f 3020//3020 3021//3021 2917//2917
f 2917//2917 3021//3021 2878//2878
f 2878//2878 3021//3021 2999//2999
f 2999//2999 3022//3022 2920//2920
f 2920//2920 3022//3022 2985//2985
f 3023//3023 2985//2985 3022//3022
f 2940//2940 2986//2986 3024//3024
f 3024//3024 2984//2984 2940//2940
f 2985//2985 3023//3023 2941//2941
f 2941//2941 3023//3023 3025//3025
f 2941//2941 3026//3026 2967//2967
f 3025//3025 3026//3026 2941//2941
f 3026//3026 2987//2987 2967//2967
f 2926//2926 3002//3002 3001//3001
f 3003//3003 2945//2945 3004//3004
f 2903//2903 3001//3001 3005//3005
f 3006//3006 3004//3004 2946//2946
f 2951//2951 3008//3008 3027//3027
f 3008//3008 2888//2888 3005//3005
f 2905//2905 3028//3028 2952//2952
f 3028//3028 2968//2968 2952//2952
f 3028//3028 2905//2905 2970//2970
f 3010//3010 2954//2954 2974//2974
f 2931//2931 3029//3029 2974//2974
f 2955//2955 3012//3012 2956//2956
f 3030//3030 3029//3029 2931//2931
f 3030//3030 2931//2931 2933//2933
f 2988//2988 2957//2957 2975//2975
f 2959//2959 3031//3031 2990//2990
f 2959//2959 2989//2989 3031//3031
f 2989//2989 3032//3032 3031//3031
f 2936//2936 2991//2991 2961//2961
f 2980//2980 2994//2994 3033//3033
f 2963//2963 3034//3034 2995//2995
f 2980//2980 3033//3033 2981//2981
f 2964//2964 3035//3035 3036//3036
f 2964//2964 3036//3036 2982//2982
f 2877//2877 3019//3019 2965//2965
f 3035//3035 2964//2964 2965//2965
f 2998//2998 3037//3037 2939//2939
f 3037//3037 2966//2966 2939//2939
f 3038//3038 3025//3025 3023//3023
f 3038//3038 3023//3023 3022//3022
f 2986//2986 3039//3039 3024//3024
f 2943//2943 3040//3040 3002//3002
f 2943//2943 3003//3003 3040//3040
f 3041//3041 3003//3003 3004//3004
f 3001//3001 3042//3042 3005//3005
f 3005//3005 3042//3042 3043//3043
f 3005//3005 3043//3043 3008//3008
f 3044//3044 3006//3006 3007//3007
f 3045//3045 3044//3044 3007//3007
f 3007//3007 3046//3046 3045//3045
f 3046//3046 3007//3007 2968//2968
f 3009//3009 2969//2969 2950//2950
f 3046//3046 2968//2968 3028//3028
f 3047//3047 2953//2953 2969//2969
f 2970//2970 3010//3010 3048//3048
f 3048//3048 3028//3028 2970//2970
f 3049//3049 3010//3010 2974//2974
f 2956//2956 3012//3012 3013//3013
f 2975//2975 2932//2932 3013//3013
f 2933//2933 3014//3014 3030//3030
f 2976//2976 3014//3014 2933//2933
f 2977//2977 3050//3050 3051//3051
f 2989//2989 2977//2977 3051//3051
f 3051//3051 3032//3032 2989//2989
f 3050//3050 2977//2977 2992//2992
f 3052//3052 2961//2961 2991//2991
f 2961//2961 3052//3052 3015//3015
f 2978//2978 3015//3015 3017//3017
f 3053//3053 3016//3016 2993//2993
f 2963//2963 3018//3018 3034//3034
f 2981//2981 3054//3054 2997//2997
f 3055//3055 2996//2996 2982//2982
f 2997//2997 3056//3056 2983//2983
f 2983//2983 3056//3056 3020//3020
f 3021//3021 3020//3020 3056//3056
f 2998//2998 3057//3057 3037//3037
f 3058//3058 3038//3038 3022//3022
f 3025//3025 3059//3059 3060//3060
f 3038//3038 3059//3059 3025//3025
f 2986//2986 3060//3060 3039//3039
f 3060//3060 3026//3026 3025//3025
f 3026//3026 3060//3060 2987//2987
f 3060//3060 2986//2986 2987//2987
f 3061//3061 3042//3042 3001//3001
f 3001//3001 3002//3002 3061//3061
f 3041//3041 3040//3040 3003//3003
f 3006//3006 3062//3062 3004//3004
f 3006//3006 3044//3044 3062//3062
f 2974//2974 3029//3029 3049//3049
f 3031//3031 3014//3014 2990//2990
f 3063//3063 2991//2991 2988//2988
f 2992//2992 3064//3064 3050//3050
f 3064//3064 2992//2992 2979//2979
f 3064//3064 2979//2979 3016//3016
f 3017//3017 3065//3065 2994//2994
f 3066//3066 2993//2993 2995//2995
f 3053//3053 2993//2993 3066//3066
f 3066//3066 2995//2995 3034//3034
f 3019//3019 3035//3035 2965//2965
f 3019//3019 3037//3037 3067//3067
f 2966//2966 3037//3037 3019//3019
f 2918//2918 3000//3000 3068//3068
f 3068//3068 2998//2998 2918//2918
f 3021//3021 3069//3069 2999//2999
f 3058//3058 3022//3022 2999//2999
f 3024//3024 3039//3039 3070//3070
f 3002//3002 3071//3071 3061//3061
f 3002//3002 3040//3040 3071//3071
f 3042//3042 3072//3072 3043//3043
f 3041//3041 3004//3004 3062//3062
f 3043//3043 3073//3073 3008//3008
f 2951//2951 3027//3027 3074//3074
f 3008//3008 3075//3075 3027//3027
f 3074//3074 3009//3009 2951//2951
f 3046//3046 3028//3028 3076//3076
f 3048//3048 3076//3076 3028//3028
f 2972//2972 2971//2971 2953//2953
f 3010//3010 3077//3077 3048//3048
f 3077//3077 3010//3010 3049//3049
f 3078//3078 3029//3029 3030//3030
f 2975//2975 3079//3079 2988//2988
f 3063//3063 3052//3052 2991//2991
f 3016//3016 3053//3053 3064//3064
f 3065//3065 3017//3017 3080//3080
f 2994//2994 3065//3065 3033//3033
f 3055//3055 2982//2982 3036//3036
f 3081//3081 3035//3035 3019//3019
f 2997//2997 3082//3082 3056//3056
f 3054//3054 3082//3082 2997//2997
f 3056//3056 3083//3083 3021//3021
f 2998//2998 3068//3068 3057//3057
f 3083//3083 3069//3069 3021//3021
f 3069//3069 3058//3058 2999//2999
f 3058//3058 3069//3069 3084//3084
f 2984//2984 3085//3085 3000//3000
f 3084//3084 3086//3086 3058//3058
f 2984//2984 3024//3024 3085//3085
f 3058//3058 3086//3086 3038//3038
f 3038//3038 3086//3086 3059//3059
f 3039//3039 3060//3060 3087//3087
f 3040//3040 3041//3041 3088//3088
f 3043//3043 3072//3072 3073//3073
f 3072//3072 3042//3042 3061//3061
f 3008//3008 3073//3073 3075//3075
f 3044//3044 3045//3045 3089//3089
f 3089//3089 3045//3045 3076//3076
f 3076//3076 3045//3045 3046//3046
f 3048//3048 3090//3090 3076//3076
f 2953//2953 3047//3047 2972//2972
f 3048//3048 3077//3077 3090//3090
f 2972//2972 3091//3091 3011//3011
f 3049//3049 3029//3029 3092//3092
f 3032//3032 3093//3093 3031//3031
f 3093//3093 3014//3014 3031//3031
f 2988//2988 3094//3094 3063//3063
f 3095//3095 3015//3015 3052//3052
f 3015//3015 3095//3095 3017//3017
f 3095//3095 3080//3080 3017//3017
f 3034//3034 3096//3096 3066//3066
f 3097//3097 3033//3033 3065//3065
f 2996//2996 3055//3055 3098//3098
f 2981//2981 3097//3097 3054//3054
f 2981//2981 3033//3033 3097//3097
f 3037//3037 3099//3099 3067//3067
f 3037//3037 3057//3057 3099//3099
f 3024//3024 3070//3070 3085//3085
f 3059//3059 3086//3086 3100//3100
f 3059//3059 3101//3101 3060//3060
f 3100//3100 3101//3101 3059//3059
f 3101//3101 3087//3087 3060//3060
f 3039//3039 3087//3087 3070//3070
f 3071//3071 3040//3040 3088//3088
f 3061//3061 3102//3102 3072//3072
f 3071//3071 3102//3102 3061//3061
f 3103//3103 3041//3041 3062//3062
f 3072//3072 3102//3102 3073//3073
f 2969//2969 3009//3009 3047//3047
f 3049//3049 3104//3104 3077//3077
f 3105//3105 3011//3011 3091//3091
f 3104//3104 3049//3049 3092//3092
f 3092//3092 3029//3029 3078//3078
f 3013//3013 3106//3106 2975//2975
f 3093//3093 3107//3107 3014//3014
f 3014//3014 3107//3107 3030//3030
f 2988//2988 3079//3079 3094//3094
f 3051//3051 3108//3108 3032//3032
f 3109//3109 3052//3052 3063//3063
f 3110//3110 3053//3053 3066//3066
f 3018//3018 3096//3096 3034//3034
f 3018//3018 3098//3098 3111//3111
f 2996//2996 3098//3098 3018//3018
f 3111//3111 3096//3096 3018//3018
f 3082//3082 3083//3083 3056//3056
f 3057//3057 3068//3068 3112//3112
f 3057//3057 3112//3112 3099//3099
f 3069//3069 3083//3083 3113//3113
f 3000//3000 3114//3114 3068//3068
f 3084//3084 3069//3069 3113//3113
f 3085//3085 3114//3114 3000//3000
f 3084//3084 3115//3115 3086//3086
f 3100//3100 3086//3086 3115//3115
f 3100//3100 3116//3116 3101//3101
f 3117//3117 3070//3070 3087//3087
f 3088//3088 3118//3118 3071//3071
f 3041//3041 3119//3119 3088//3088
f 3119//3119 3041//3041 3103//3103
f 3102//3102 3120//3120 3073//3073
f 3103//3103 3062//3062 3044//3044
f 3075//3075 3121//3121 3027//3027
f 3122//3122 3009//3009 3074//3074
f 3123//3123 3089//3089 3076//3076
f 3076//3076 3090//3090 3123//3123
f 3077//3077 3124//3124 3090//3090
f 3011//3011 3105//3105 3125//3125
f 3125//3125 3012//3012 3011//3011
f 3126//3126 3092//3092 3078//3078
f 3125//3125 3106//3106 3012//3012
f 3078//3078 3030//3030 3126//3126
f 2975//2975 3106//3106 3079//3079
f 3107//3107 3093//3093 3108//3108
f 3108//3108 3093//3093 3032//3032
f 3094//3094 3127//3127 3063//3063
f 3108//3108 3051//3051 3050//3050
f 3127//3127 3109//3109 3063//3063
f 3052//3052 3109//3109 3095//3095
f 3110//3110 3128//3128 3053//3053
f 3096//3096 3110//3110 3066//3066
f 3065//3065 3129//3129 3097//3097
f 3082//3082 3130//3130 3083//3083
f 3113//3113 3115//3115 3084//3084
f 3100//3100 3115//3115 3116//3116
f 3131//3131 3085//3085 3070//3070
f 3117//3117 3131//3131 3070//3070
f 3101//3101 3117//3117 3087//3087
f 3120//3120 3075//3075 3073//3073
f 3044//3044 3132//3132 3103//3103
f 3132//3132 3044//3044 3089//3089
f 3047//3047 3009//3009 3122//3122
f 3090//3090 3133//3133 3123//3123
f 2972//2972 3047//3047 3134//3134
f 3077//3077 3104//3104 3124//3124
f 3107//3107 3126//3126 3030//3030
f 3106//3106 3013//3013 3012//3012
f 3079//3079 3135//3135 3094//3094
f 3095//3095 3109//3109 3136//3136
f 3064//3064 3053//3053 3137//3137
f 3136//3136 3080//3080 3095//3095
f 3138//3138 3080//3080 3136//3136
f 3080//3080 3138//3138 3065//3065
f 3055//3055 3139//3139 3098//3098
f 3035//3035 3081//3081 3140//3140
f 3140//3140 3036//3036 3035//3035
f 3139//3139 3055//3055 3036//3036
f 3081//3081 3019//3019 3141//3141
f 3097//3097 3142//3142 3054//3054
f 3143//3143 3019//3019 3067//3067
f 3067//3067 3099//3099 3144//3144
f 3068//3068 3114//3114 3112//3112
f 3145//3145 3083//3083 3130//3130
f 3113//3113 3083//3083 3145//3145
f 3113//3113 3145//3145 3115//3115
f 3116//3116 3146//3146 3101//3101
f 3146//3146 3147//3147 3101//3101
f 3117//3117 3101//3101 3147//3147
f 3088//3088 3119//3119 3118//3118
f 3102//3102 3148//3148 3120//3120
f 3118//3118 3102//3102 3071//3071
f 3118//3118 3148//3148 3102//3102
f 3027//3027 3149//3149 3074//3074
f 3027//3027 3121//3121 3149//3149
f 3119//3119 3103//3103 3150//3150
f 3151//3151 3132//3132 3089//3089
f 3151//3151 3089//3089 3123//3123
f 3152//3152 3047//3047 3122//3122
f 3123//3123 3133//3133 3151//3151
f 3133//3133 3090//3090 3153//3153
f 3152//3152 3134//3134 3047//3047
f 3124//3124 3153//3153 3090//3090
f 2972//2972 3134//3134 3091//3091
f 3091//3091 3134//3134 3154//3154
f 3124//3124 3104//3104 3155//3155
f 3155//3155 3092//3092 3126//3126
f 3104//3104 3092//3092 3155//3155
f 3156//3156 3126//3126 3107//3107
f 3107//3107 3157//3157 3156//3156
f 3135//3135 3079//3079 3106//3106
f 3107//3107 3108//3108 3157//3157
f 3135//3135 3127//3127 3094//3094
f 3108//3108 3050//3050 3158//3158
f 3053//3053 3128//3128 3137//3137
f 3159//3159 3128//3128 3110//3110
f 3160//3160 3159//3159 3110//3110
f 3138//3138 3129//3129 3065//3065
f 3161//3161 3160//3160 3111//3111
f 3096//3096 3111//3111 3160//3160
f 3110//3110 3096//3096 3160//3160
f 3111//3111 3098//3098 3139//3139
f 3140//3140 3139//3139 3036//3036
f 3019//3019 3143//3143 3141//3141
f 3081//3081 3141//3141 3140//3140
f 3067//3067 3144//3144 3143//3143
f 3114//3114 3162//3162 3112//3112
f 3163//3163 3145//3145 3164//3164
f 3085//3085 3165//3165 3114//3114
f 3145//3145 3163//3163 3115//3115
f 3166//3166 3167//3167 3163//3163
f 3167//3167 3115//3115 3163//3163
f 3166//3166 3168//3168 3167//3167
f 3131//3131 3165//3165 3085//3085
f 3146//3146 3115//3115 3167//3167
f 3168//3168 3146//3146 3167//3167
f 3146//3146 3169//3169 3147//3147
f 3168//3168 3169//3169 3146//3146
f 3147//3147 3131//3131 3117//3117
f 3115//3115 3146//3146 3116//3116
f 3121//3121 3170//3170 3149//3149
f 3075//3075 3170//3170 3121//3121
f 3091//3091 3154//3154 3105//3105
f 3171//3171 3155//3155 3126//3126
f 3172//3172 3135//3135 3106//3106
f 3135//3135 3173//3173 3127//3127
f 3158//3158 3157//3157 3108//3108
f 3158//3158 3050//3050 3174//3174
f 3109//3109 3127//3127 3175//3175
f 3064//3064 3137//3137 3050//3050
f 3176//3176 3109//3109 3175//3175
f 3136//3136 3109//3109 3176//3176
f 3128//3128 3159//3159 3177//3177
f 3159//3159 3160//3160 3177//3177
f 3138//3138 3178//3178 3129//3129
f 3111//3111 3179//3179 3161//3161
f 3111//3111 3139//3139 3179//3179
f 3129//3129 3180//3180 3142//3142
f 3129//3129 3142//3142 3097//3097
f 3054//3054 3142//3142 3082//3082
f 3142//3142 3130//3130 3082//3082
f 3130//3130 3164//3164 3145//3145
f 3181//3181 3112//3112 3162//3162
f 3182//3182 3163//3163 3164//3164
f 3182//3182 3166//3166 3163//3163
f 3131//3131 3147//3147 3183//3183
f 3148//3148 3170//3170 3120//3120
f 3150//3150 3118//3118 3119//3119
f 3074//3074 3149//3149 3184//3184
f 3170//3170 3075//3075 3120//3120
f 3103//3103 3185//3185 3150//3150
f 3185//3185 3103//3103 3132//3132
f 3132//3132 3151//3151 3185//3185
f 3151//3151 3133//3133 3186//3186
f 3124//3124 3187//3187 3153//3153
f 3124//3124 3155//3155 3187//3187
f 3171//3171 3126//3126 3156//3156
f 3125//3125 3188//3188 3106//3106
f 3135//3135 3172//3172 3173//3173
f 3127//3127 3173//3173 3189//3189
f 3175//3175 3127//3127 3189//3189
f 3174//3174 3050//3050 3137//3137
f 3176//3176 3190//3190 3136//3136
f 3128//3128 3191//3191 3137//3137
f 3190//3190 3138//3138 3136//3136
f 3139//3139 3192//3192 3193//3193
f 3179//3179 3139//3139 3193//3193
f 3140//3140 3141//3141 3192//3192
f 3139//3139 3140//3140 3192//3192
f 3142//3142 3180//3180 3130//3130
f 3194//3194 3130//3130 3180//3180
f 3181//3181 3144//3144 3099//3099
f 3164//3164 3130//3130 3194//3194
f 3181//3181 3162//3162 3195//3195
f 3099//3099 3112//3112 3181//3181
f 3182//3182 3164//3164 3196//3196
f 3162//3162 3114//3114 3165//3165
f 3169//3169 3197//3197 3183//3183
f 3183//3183 3165//3165 3131//3131
f 3183//3183 3147//3147 3169//3169
f 3170//3170 3148//3148 3198//3198
f 3118//3118 3199//3199 3148//3148
f 3148//3148 3199//3199 3198//3198
f 3118//3118 3150//3150 3199//3199
f 3184//3184 3122//3122 3074//3074
f 3200//3200 3122//3122 3184//3184
f 3151//3151 3186//3186 3201//3201
f 3151//3151 3201//3201 3185//3185
f 3186//3186 3153//3153 3202//3202
f 3133//3133 3153//3153 3186//3186
f 3203//3203 3202//3202 3187//3187
f 3202//3202 3153//3153 3187//3187
f 3187//3187 3171//3171 3204//3204
f 3187//3187 3155//3155 3171//3171
f 3105//3105 3188//3188 3125//3125
f 3106//3106 3188//3188 3205//3205
f 3206//3206 3156//3156 3157//3157
f 3172//3172 3106//3106 3205//3205
f 3173//3173 3207//3207 3189//3189
f 3175//3175 3190//3190 3176//3176
f 3191//3191 3128//3128 3208//3208
f 3209//3209 3177//3177 3160//3160
f 3209//3209 3210//3210 3177//3177
f 3193//3193 3209//3209 3161//3161
f 3160//3160 3161//3161 3209//3209
f 3161//3161 3179//3179 3193//3193
f 3211//3211 3192//3192 3141//3141
f 3129//3129 3212//3212 3180//3180
f 3143//3143 3213//3213 3141//3141
f 3143//3143 3144//3144 3213//3213
f 3194//3194 3196//3196 3164//3164
f 3181//3181 3195//3195 3214//3214
f 3215//3215 3195//3195 3162//3162
f 3216//3216 3182//3182 3196//3196
f 3182//3182 3216//3216 3166//3166
f 3166//3166 3216//3216 3168//3168
f 3169//3169 3168//3168 3216//3216
f 3169//3169 3217//3217 3197//3197
f 3216//3216 3217//3217 3169//3169
f 3218//3218 3219//3219 3183//3183
f 3215//3215 3183//3183 3219//3219
f 3215//3215 3165//3165 3183//3183
f 3162//3162 3165//3165 3215//3215
f 3218//3218 3183//3183 3197//3197
f 3170//3170 3220//3220 3149//3149
f 3170//3170 3198//3198 3220//3220
f 3199//3199 3221//3221 3198//3198
f 3150//3150 3222//3222 3199//3199
f 3150//3150 3185//3185 3222//3222
f 3202//3202 3201//3201 3186//3186
f 3122//3122 3200//3200 3152//3152
f 3223//3223 3154//3154 3134//3134
f 3187//3187 3224//3224 3203//3203
f 3154//3154 3225//3225 3105//3105
f 3224//3224 3187//3187 3204//3204
f 3171//3171 3206//3206 3204//3204
f 3171//3171 3156//3156 3206//3206
f 3157//3157 3226//3226 3206//3206
f 3158//3158 3226//3226 3157//3157
f 3173//3173 3172//3172 3207//3207
f 3174//3174 3226//3226 3158//3158
f 3189//3189 3227//3227 3175//3175
f 3174//3174 3137//3137 3191//3191
f 3228//3228 3208//3208 3128//3128
f 3228//3228 3128//3128 3177//3177
f 3209//3209 3229//3229 3210//3210
f 3228//3228 3177//3177 3210//3210
f 3190//3190 3230//3230 3138//3138
f 3138//3138 3230//3230 3178//3178
f 3193//3193 3192//3192 3231//3231
f 3231//3231 3192//3192 3211//3211
f 3129//3129 3178//3178 3212//3212
f 3232//3232 3211//3211 3141//3141
f 3232//3232 3141//3141 3213//3213
f 3180//3180 3233//3233 3194//3194
f 3180//3180 3212//3212 3233//3233
f 3214//3214 3144//3144 3181//3181
f 3215//3215 3234//3234 3195//3195
f 3220//3220 3235//3235 3149//3149
f 3198//3198 3236//3236 3220//3220
f 3198//3198 3221//3221 3236//3236
f 3199//3199 3222//3222 3221//3221
f 3222//3222 3185//3185 3201//3201
f 3237//3237 3222//3222 3201//3201
f 3184//3184 3238//3238 3200//3200
f 3237//3237 3239//3239 3240//3240
f 3237//3237 3201//3201 3239//3239
f 3201//3201 3202//3202 3239//3239
f 3239//3239 3202//3202 3203//3203
f 3105//3105 3225//3225 3188//3188
f 3241//3241 3204//3204 3206//3206
f 3241//3241 3206//3206 3226//3226
f 3242//3242 3172//3172 3205//3205
f 3243//3243 3207//3207 3172//3172
f 3226//3226 3174//3174 3244//3244
f 3207//3207 3227//3227 3189//3189
f 3175//3175 3227//3227 3245//3245
f 3246//3246 3191//3191 3208//3208
f 3228//3228 3210//3210 3247//3247
f 3228//3228 3247//3247 3208//3208
f 3175//3175 3245//3245 3190//3190
f 3209//3209 3248//3248 3229//3229
f 3209//3209 3193//3193 3248//3248
f 3231//3231 3211//3211 3249//3249
f 3193//3193 3231//3231 3248//3248
f 3230//3230 3250//3250 3178//3178
f 3178//3178 3250//3250 3212//3212
f 3233//3233 3212//3212 3250//3250
f 3251//3251 3232//3232 3213//3213
f 3252//3252 3194//3194 3233//3233
f 3252//3252 3253//3253 3194//3194
f 3214//3214 3254//3254 3144//3144
f 3254//3254 3213//3213 3144//3144
f 3194//3194 3253//3253 3196//3196
f 3255//3255 3196//3196 3253//3253
f 3256//3256 3257//3257 3195//3195
f 3195//3195 3234//3234 3256//3256
f 3214//3214 3195//3195 3257//3257
f 3255//3255 3217//3217 3196//3196
f 3258//3258 3217//3217 3255//3255
f 3218//3218 3259//3259 3260//3260
f 3261//3261 3259//3259 3218//3218
f 3234//3234 3219//3219 3260//3260
f 3215//3215 3219//3219 3234//3234
f 3196//3196 3217//3217 3216//3216
f 3261//3261 3217//3217 3258//3258
f 3219//3219 3218//3218 3260//3260
f 3261//3261 3197//3197 3217//3217
f 3218//3218 3197//3197 3261//3261
f 3262//3262 3184//3184 3149//3149
f 3149//3149 3235//3235 3262//3262
f 3200//3200 3238//3238 3263//3263
f 3184//3184 3262//3262 3238//3238
f 3264//3264 3152//3152 3200//3200
f 3239//3239 3203//3203 3265//3265
f 3240//3240 3239//3239 3265//3265
f 3152//3152 3264//3264 3134//3134
f 3264//3264 3223//3223 3134//3134
f 3203//3203 3224//3224 3265//3265
f 3154//3154 3223//3223 3225//3225
f 3204//3204 3266//3266 3224//3224
f 3204//3204 3267//3267 3266//3266
f 3267//3267 3204//3204 3241//3241
f 3172//3172 3242//3242 3243//3243
f 3207//3207 3268//3268 3227//3227
f 3191//3191 3269//3269 3174//3174
f 3270//3270 3245//3245 3227//3227
f 3210//3210 3229//3229 3271//3271
f 3247//3247 3210//3210 3271//3271
f 3272//3272 3190//3190 3245//3245
f 3230//3230 3190//3190 3273//3273
f 3273//3273 3190//3190 3272//3272
f 3232//3232 3249//3249 3211//3211
f 3249//3249 3232//3232 3251//3251
f 3250//3250 3252//3252 3233//3233
f 3213//3213 3254//3254 3251//3251
f 3274//3274 3275//3275 3253//3253
f 3252//3252 3274//3274 3253//3253
f 3214//3214 3257//3257 3254//3254
f 3275//3275 3258//3258 3255//3255
f 3253//3253 3275//3275 3255//3255
f 3259//3259 3275//3275 3276//3276
f 3259//3259 3258//3258 3275//3275
f 3260//3260 3256//3256 3234//3234
f 3259//3259 3261//3261 3258//3258
f 3235//3235 3220//3220 3236//3236
f 3236//3236 3221//3221 3277//3277
f 3277//3277 3221//3221 3222//3222
f 3236//3236 3278//3278 3235//3235
f 3222//3222 3279//3279 3277//3277
f 3237//3237 3240//3240 3279//3279
f 3237//3237 3279//3279 3222//3222
f 3200//3200 3263//3263 3264//3264
f 3265//3265 3224//3224 3266//3266
f 3280//3280 3265//3265 3266//3266
f 3223//3223 3281//3281 3225//3225
f 3188//3188 3282//3282 3205//3205
f 3205//3205 3282//3282 3242//3242
f 3241//3241 3283//3283 3267//3267
f 3242//3242 3284//3284 3243//3243
f 3241//3241 3244//3244 3285//3285
f 3226//3226 3244//3244 3241//3241
f 3207//3207 3243//3243 3268//3268
f 3227//3227 3268//3268 3270//3270
f 3244//3244 3174//3174 3269//3269
f 3208//3208 3247//3247 3246//3246
f 3269//3269 3191//3191 3246//3246
f 3286//3286 3269//3269 3246//3246
f 3270//3270 3272//3272 3245//3245
f 3287//3287 3247//3247 3271//3271
f 3248//3248 3231//3231 3271//3271
f 3271//3271 3229//3229 3248//3248
f 3230//3230 3273//3273 3250//3250
f 3276//3276 3275//3275 3274//3274
f 3288//3288 3254//3254 3257//3257
f 3259//3259 3289//3289 3260//3260
f 3276//3276 3289//3289 3259//3259
f 3256//3256 3260//3260 3290//3290
f 3260//3260 3289//3289 3290//3290
f 3290//3290 3291//3291 3256//3256
f 3257//3257 3256//3256 3291//3291
f 3235//3235 3278//3278 3262//3262
f 3236//3236 3292//3292 3278//3278
f 3293//3293 3292//3292 3277//3277
f 3277//3277 3292//3292 3236//3236
f 3277//3277 3279//3279 3294//3294
f 3293//3293 3277//3277 3294//3294
f 3295//3295 3292//3292 3293//3293
f 3295//3295 3294//3294 3296//3296
f 3295//3295 3293//3293 3294//3294
f 3279//3279 3297//3297 3294//3294
f 3279//3279 3240//3240 3297//3297
f 3296//3296 3297//3297 3298//3298
f 3296//3296 3294//3294 3297//3297
f 3240//3240 3265//3265 3297//3297
f 3280//3280 3298//3298 3297//3297
f 3265//3265 3280//3280 3297//3297
f 3267//3267 3299//3299 3280//3280
f 3280//3280 3266//3266 3267//3267
f 3282//3282 3188//3188 3225//3225
f 3241//3241 3285//3285 3283//3283
f 3300//3300 3244//3244 3269//3269
f 3247//3247 3301//3301 3246//3246
f 3270//3270 3302//3302 3272//3272
f 3287//3287 3303//3303 3247//3247
f 3247//3247 3303//3303 3301//3301
f 3272//3272 3304//3304 3273//3273
f 3272//3272 3305//3305 3304//3304
f 3306//3306 3231//3231 3249//3249
f 3304//3304 3307//3307 3273//3273
f 3249//3249 3251//3251 3306//3306
f 3307//3307 3308//3308 3250//3250
f 3273//3273 3307//3307 3250//3250
f 3251//3251 3288//3288 3309//3309
f 3252//3252 3250//3250 3308//3308
f 3252//3252 3308//3308 3274//3274
f 3310//3310 3274//3274 3308//3308
f 3291//3291 3311//3311 3288//3288
f 3310//3310 3312//3312 3274//3274
f 3312//3312 3276//3276 3274//3274
f 3251//3251 3254//3254 3288//3288
f 3289//3289 3276//3276 3312//3312
f 3288//3288 3257//3257 3291//3291
f 3238//3238 3313//3313 3263//3263
f 3238//3238 3262//3262 3313//3313
f 3264//3264 3263//3263 3314//3314
f 3299//3299 3298//3298 3280//3280
f 3281//3281 3223//3223 3264//3264
f 3315//3315 3225//3225 3281//3281
f 3316//3316 3299//3299 3267//3267
f 3225//3225 3317//3317 3282//3282
f 3316//3316 3267//3267 3283//3283
f 3282//3282 3318//3318 3242//3242
f 3282//3282 3317//3317 3318//3318
f 3318//3318 3284//3284 3242//3242
f 3243//3243 3284//3284 3319//3319
f 3319//3319 3268//3268 3243//3243
f 3300//3300 3285//3285 3244//3244
f 3268//3268 3320//3320 3270//3270
f 3270//3270 3321//3321 3302//3302
f 3270//3270 3320//3320 3321//3321
f 3269//3269 3286//3286 3322//3322
f 3302//3302 3323//3323 3272//3272
f 3324//3324 3287//3287 3271//3271
f 3272//3272 3323//3323 3305//3305
f 3231//3231 3306//3306 3271//3271
f 3309//3309 3306//3306 3251//3251
f 3325//3325 3308//3308 3307//3307
f 3309//3309 3288//3288 3326//3326
f 3325//3325 3310//3310 3308//3308
f 3288//3288 3311//3311 3326//3326
f 3327//3327 3328//3328 3325//3325
f 3328//3328 3310//3310 3325//3325
f 3329//3329 3330//3330 3291//3291
f 3291//3291 3330//3330 3311//3311
f 3328//3328 3312//3312 3310//3310
f 3328//3328 3329//3329 3290//3290
f 3329//3329 3291//3291 3290//3290
f 3328//3328 3289//3289 3312//3312
f 3290//3290 3289//3289 3328//3328
f 3262//3262 3331//3331 3313//3313
f 3262//3262 3278//3278 3331//3331
f 3292//3292 3332//3332 3278//3278
f 3313//3313 3333//3333 3263//3263
f 3292//3292 3295//3295 3332//3332
f 3296//3296 3334//3334 3335//3335
f 3296//3296 3335//3335 3295//3295
f 3296//3296 3298//3298 3334//3334
f 3281//3281 3264//3264 3314//3314
f 3298//3298 3336//3336 3334//3334
f 3336//3336 3298//3298 3299//3299
f 3285//3285 3337//3337 3283//3283
f 3338//3338 3285//3285 3300//3300
f 3319//3319 3320//3320 3268//3268
f 3300//3300 3269//3269 3322//3322
f 3287//3287 3339//3339 3303//3303
f 3340//3340 3323//3323 3302//3302
f 3287//3287 3324//3324 3339//3339
f 3271//3271 3341//3341 3324//3324
f 3305//3305 3342//3342 3304//3304
f 3305//3305 3323//3323 3342//3342
f 3271//3271 3306//3306 3341//3341
f 3342//3342 3343//3343 3304//3304
f 3307//3307 3304//3304 3343//3343
f 3307//3307 3343//3343 3344//3344
f 3325//3325 3307//3307 3344//3344
f 3327//3327 3325//3325 3344//3344
f 3328//3328 3327//3327 3329//3329
f 3331//3331 3278//3278 3332//3332
f 3295//3295 3345//3345 3332//3332
f 3333//3333 3314//3314 3263//3263
f 3333//3333 3346//3346 3314//3314
f 3335//3335 3345//3345 3295//3295
f 3336//3336 3347//3347 3334//3334
f 3336//3336 3348//3348 3347//3347
f 3299//3299 3316//3316 3336//3336
f 3317//3317 3225//3225 3315//3315
f 3348//3348 3336//3336 3316//3316
f 3316//3316 3283//3283 3349//3349
f 3348//3348 3316//3316 3349//3349
f 3318//3318 3350//3350 3284//3284
f 3283//3283 3337//3337 3349//3349
f 3351//3351 3319//3319 3352//3352
f 3352//3352 3319//3319 3284//3284
f 3285//3285 3338//3338 3353//3353
f 3285//3285 3353//3353 3337//3337
f 3319//3319 3351//3351 3320//3320
f 3320//3320 3351//3351 3354//3354
f 3355//3355 3354//3354 3351//3351
f 3321//3321 3320//3320 3354//3354
f 3354//3354 3356//3356 3321//3321
f 3303//3303 3357//3357 3301//3301
f 3246//3246 3301//3301 3286//3286
f 3302//3302 3321//3321 3340//3340
f 3340//3340 3321//3321 3356//3356
f 3303//3303 3339//3339 3357//3357
f 3323//3323 3340//3340 3356//3356
f 3342//3342 3323//3323 3356//3356
f 3358//3358 3343//3343 3342//3342
f 3358//3358 3342//3342 3356//3356
f 3359//3359 3341//3341 3306//3306
f 3358//3358 3360//3360 3343//3343
f 3360//3360 3344//3344 3343//3343
f 3306//3306 3309//3309 3359//3359
f 3358//3358 3361//3361 3360//3360
f 3309//3309 3326//3326 3359//3359
f 3359//3359 3326//3326 3362//3362
f 3360//3360 3363//3363 3344//3344
f 3363//3363 3327//3327 3344//3344
f 3361//3361 3363//3363 3360//3360
f 3362//3362 3311//3311 3364//3364
f 3326//3326 3311//3311 3362//3362
f 3330//3330 3363//3363 3361//3361
f 3311//3311 3330//3330 3361//3361
f 3364//3364 3311//3311 3361//3361
f 3363//3363 3329//3329 3327//3327
f 3330//3330 3329//3329 3363//3363
f 3313//3313 3365//3365 3333//3333
f 3313//3313 3331//3331 3365//3365
f 3332//3332 3366//3366 3331//3331
f 3332//3332 3345//3345 3366//3366
f 3314//3314 3346//3346 3281//3281
f 3281//3281 3346//3346 3367//3367
f 3315//3315 3368//3368 3317//3317
f 3318//3318 3317//3317 3369//3369
f 3369//3369 3350//3350 3318//3318
f 3352//3352 3284//3284 3350//3350
f 3351//3351 3370//3370 3355//3355
f 3338//3338 3300//3300 3322//3322
f 3286//3286 3371//3371 3322//3322
f 3372//3372 3356//3356 3354//3354
f 3373//3373 3356//3356 3372//3372
f 3374//3374 3375//3375 3324//3324
f 3374//3374 3341//3341 3376//3376
f 3324//3324 3341//3341 3374//3374
f 3356//3356 3373//3373 3358//3358
f 3377//3377 3358//3358 3373//3373
f 3373//3373 3378//3378 3377//3377
f 3362//3362 3379//3379 3380//3380
f 3378//3378 3379//3379 3362//3362
f 3341//3341 3359//3359 3376//3376
f 3378//3378 3364//3364 3377//3377
f 3362//3362 3364//3364 3378//3378
f 3359//3359 3362//3362 3380//3380
f 3377//3377 3361//3361 3358//3358
f 3364//3364 3361//3361 3377//3377
f 3381//3381 3365//3365 3331//3331
f 3331//3331 3366//3366 3381//3381
f 3333//3333 3382//3382 3346//3346
f 3365//3365 3382//3382 3333//3333
f 3346//3346 3382//3382 3367//3367
f 3334//3334 3383//3383 3335//3335
f 3383//3383 3334//3334 3347//3347
f 3367//3367 3315//3315 3281//3281
f 3367//3367 3384//3384 3315//3315
f 3368//3368 3315//3315 3384//3384
f 3317//3317 3368//3368 3369//3369
f 3348//3348 3349//3349 3385//3385
f 3369//3369 3386//3386 3350//3350
f 3349//3349 3337//3337 3385//3385
f 3386//3386 3352//3352 3350//3350
f 3355//3355 3372//3372 3354//3354
f 3372//3372 3355//3355 3387//3387
f 3373//3373 3372//3372 3388//3388
f 3387//3387 3388//3388 3372//3372
f 3388//3388 3387//3387 3389//3389
f 3339//3339 3375//3375 3357//3357
f 3389//3389 3379//3379 3388//3388
f 3379//3379 3389//3389 3390//3390
f 3376//3376 3391//3391 3374//3374
f 3375//3375 3339//3339 3324//3324
f 3388//3388 3378//3378 3373//3373
f 3379//3379 3378//3378 3388//3388
f 3390//3390 3380//3380 3379//3379
f 3376//3376 3359//3359 3392//3392
f 3359//3359 3380//3380 3392//3392
f 3391//3391 3376//3376 3392//3392
f 3345//3345 3393//3393 3366//3366
f 3393//3393 3345//3345 3335//3335
f 3383//3383 3347//3347 3394//3394
f 3394//3394 3347//3347 3348//3348
f 3394//3394 3348//3348 3395//3395
f 3368//3368 3396//3396 3369//3369
f 3385//3385 3395//3395 3348//3348
f 3385//3385 3337//3337 3397//3397
f 3352//3352 3370//3370 3351//3351
f 3370//3370 3352//3352 3398//3398
f 3353//3353 3397//3397 3337//3337
f 3398//3398 3399//3399 3370//3370
f 3355//3355 3370//3370 3400//3400
f 3400//3400 3370//3370 3399//3399
f 3355//3355 3400//3400 3387//3387
f 3322//3322 3401//3401 3338//3338
f 3338//3338 3401//3401 3353//3353
f 3400//3400 3402//3402 3387//3387
f 3402//3402 3400//3400 3403//3403
f 3402//3402 3389//3389 3387//3387
f 3404//3404 3402//3402 3403//3403
f 3389//3389 3402//3402 3404//3404
f 3405//3405 3375//3375 3406//3406
f 3301//3301 3357//3357 3371//3371
f 3357//3357 3405//3405 3371//3371
f 3371//3371 3286//3286 3301//3301
f 3404//3404 3390//3390 3389//3389
f 3375//3375 3405//3405 3357//3357
f 3392//3392 3407//3407 3391//3391
f 3375//3375 3374//3374 3408//3408
f 3374//3374 3391//3391 3408//3408
f 3392//3392 3380//3380 3390//3390
f 3409//3409 3382//3382 3365//3365
f 3365//3365 3410//3410 3409//3409
f 3381//3381 3410//3410 3365//3365
f 3411//3411 3367//3367 3382//3382
f 3382//3382 3412//3412 3411//3411
f 3409//3409 3412//3412 3382//3382
f 3335//3335 3413//3413 3393//3393
f 3413//3413 3335//3335 3383//3383
f 3367//3367 3411//3411 3384//3384
f 3394//3394 3413//3413 3383//3383
f 3368//3368 3384//3384 3396//3396
f 3369//3369 3414//3414 3386//3386
f 3369//3369 3396//3396 3414//3414
f 3397//3397 3415//3415 3385//3385
f 3386//3386 3398//3398 3352//3352
f 3401//3401 3397//3397 3353//3353
f 3399//3399 3403//3403 3400//3400
f 3371//3371 3416//3416 3322//3322
f 3390//3390 3417//3417 3407//3407
f 3404//3404 3417//3417 3390//3390
f 3407//3407 3418//3418 3408//3408
f 3375//3375 3408//3408 3419//3419
f 3419//3419 3406//3406 3375//3375
f 3390//3390 3407//3407 3392//3392
f 3408//3408 3391//3391 3407//3407
f 3366//3366 3420//3420 3381//3381
f 3381//3381 3420//3420 3410//3410
f 3393//3393 3420//3420 3366//3366
f 3393//3393 3413//3413 3420//3420
f 3421//3421 3384//3384 3411//3411
f 3421//3421 3396//3396 3384//3384
f 3395//3395 3415//3415 3394//3394
f 3395//3395 3385//3385 3415//3415
f 3386//3386 3414//3414 3398//3398
f 3422//3422 3397//3397 3401//3401
f 3399//3399 3423//3423 3403//3403
f 3424//3424 3403//3403 3423//3423
f 3404//3404 3403//3403 3417//3417
f 3417//3417 3403//3403 3424//3424
f 3425//3425 3401//3401 3322//3322
f 3416//3416 3425//3425 3322//3322
f 3406//3406 3419//3419 3426//3426
f 3405//3405 3406//3406 3426//3426
f 3416//3416 3405//3405 3426//3426
f 3371//3371 3405//3405 3416//3416
f 3418//3418 3407//3407 3417//3417
f 3408//3408 3418//3418 3427//3427
f 3427//3427 3419//3419 3408//3408
f 3412//3412 3409//3409 3410//3410
f 3420//3420 3428//3428 3410//3410
f 3420//3420 3413//3413 3429//3429
f 3421//3421 3411//3411 3412//3412
f 3430//3430 3431//3431 3412//3412
f 3410//3410 3430//3430 3412//3412
f 3428//3428 3430//3430 3410//3410
f 3429//3429 3428//3428 3420//3420
f 3429//3429 3413//3413 3432//3432
f 3396//3396 3421//3421 3433//3433
f 3412//3412 3431//3431 3421//3421
f 3432//3432 3413//3413 3434//3434
f 3413//3413 3394//3394 3434//3434
f 3414//3414 3396//3396 3435//3435
f 3435//3435 3396//3396 3433//3433
f 3431//3431 3433//3433 3421//3421
f 3394//3394 3415//3415 3436//3436
f 3434//3434 3394//3394 3436//3436
f 3437//3437 3398//3398 3414//3414
f 3435//3435 3437//3437 3414//3414
f 3415//3415 3422//3422 3436//3436
f 3438//3438 3398//3398 3437//3437
f 3422//3422 3415//3415 3397//3397
f 3399//3399 3398//3398 3438//3438
f 3438//3438 3423//3423 3399//3399
f 3401//3401 3425//3425 3422//3422
f 3438//3438 3439//3439 3423//3423
f 3424//3424 3423//3423 3439//3439
f 3440//3440 3441//3441 3439//3439
f 3426//3426 3427//3427 3442//3442
f 3442//3442 3443//3443 3426//3426
f 3439//3439 3417//3417 3424//3424
f 3441//3441 3417//3417 3439//3439
f 3443//3443 3416//3416 3426//3426
f 3425//3425 3416//3416 3443//3443
f 3441//3441 3418//3418 3417//3417
f 3440//3440 3418//3418 3441//3441
f 3444//3444 3427//3427 3440//3440
f 3427//3427 3418//3418 3440//3440
f 3426//3426 3419//3419 3427//3427
f 3429//3429 3445//3445 3428//3428
f 3429//3429 3432//3432 3445//3445
f 3430//3430 3433//3433 3431//3431
f 3446//3446 3445//3445 3447//3447
f 3432//3432 3447//3447 3445//3445
f 3434//3434 3436//3436 3447//3447
f 3432//3432 3434//3434 3447//3447
f 3448//3448 3446//3446 3447//3447
f 3436//3436 3422//3422 3448//3448
f 3436//3436 3448//3448 3447//3447
f 3438//3438 3437//3437 3449//3449
f 3448//3448 3450//3450 3451//3451
f 3448//3448 3422//3422 3450//3450
f 3452//3452 3451//3451 3450//3450
f 3422//3422 3425//3425 3450//3450
f 3453//3453 3440//3440 3439//3439
f 3438//3438 3453//3453 3439//3439
f 3454//3454 3452//3452 3442//3442
f 3455//3455 3440//3440 3453//3453
f 3455//3455 3456//3456 3444//3444
f 3456//3456 3454//3454 3444//3444
f 3454//3454 3442//3442 3427//3427
f 3443//3443 3442//3442 3452//3452
f 3443//3443 3452//3452 3450//3450
f 3444//3444 3440//3440 3455//3455
f 3454//3454 3427//3427 3444//3444
f 3425//3425 3443//3443 3450//3450
f 3430//3430 3428//3428 3457//3457
f 3457//3457 3428//3428 3445//3445
f 3433//3433 3430//3430 3458//3458
f 3430//3430 3457//3457 3459//3459
f 3433//3433 3460//3460 3435//3435
f 3433//3433 3458//3458 3460//3460
f 3459//3459 3458//3458 3430//3430
f 3461//3461 3459//3459 3462//3462
f 3459//3459 3457//3457 3462//3462
f 3445//3445 3462//3462 3457//3457
f 3446//3446 3462//3462 3445//3445
f 3437//3437 3435//3435 3460//3460
f 3463//3463 3461//3461 3462//3462
f 3446//3446 3463//3463 3462//3462
f 3464//3464 3449//3449 3460//3460
f 3449//3449 3437//3437 3460//3460
f 3448//3448 3463//3463 3446//3446
f 3449//3449 3453//3453 3438//3438
f 3465//3465 3453//3453 3449//3449
f 3465//3465 3449//3449 3464//3464
f 3463//3463 3451//3451 3466//3466
f 3448//3448 3451//3451 3463//3463
f 3465//3465 3467//3467 3453//3453
f 3456//3456 3466//3466 3451//3451
f 3467//3467 3455//3455 3453//3453
f 3456//3456 3467//3467 3465//3465
f 3452//3452 3454//3454 3456//3456
f 3451//3451 3452//3452 3456//3456
f 3467//3467 3456//3456 3455//3455
f 3458//3458 3459//3459 3461//3461
f 3460//3460 3458//3458 3464//3464
f 3464//3464 3458//3458 3468//3468
f 3461//3461 3468//3468 3458//3458
f 3468//3468 3465//3465 3464//3464
f 3461//3461 3463//3463 3468//3468
f 3468//3468 3466//3466 3465//3465
f 3463//3463 3466//3466 3468//3468
f 3466//3466 3456//3456 3465//3465
