# Generated by Visualization Toolkit
v -90.58088684082031 -59.01125717163086 36.43093490600586
v -87.85054016113281 -59.54804611206055 36.06529998779297
v -89.72666931152344 -61.57664108276367 36.107460021972656
v -87.83287048339844 -61.752071380615234 35.982730865478516
v -64.96330261230469 -52.42010498046875 37.584171295166016
v -63.24284362792969 -50.657230377197266 38.73785400390625
v -61.662750244140625 -52.512203216552734 38.39689254760742
v -68.34104919433594 -51.002899169921875 38.02538299560547
v -70.13703918457031 -52.3866081237793 37.538856506347656
v -81.08869934082031 -54.30091094970703 37.911842346191406
v -78.71180725097656 -51.52743911743164 38.71381378173828
v -87.57844543457031 -50.8978385925293 38.31706619262695
v -86.04563903808594 -52.553958892822266 37.80859375
v -89.87309265136719 -53.04850387573242 37.512393951416016
v -91.50181579589844 -52.00689697265625 38.143150329589844
v -61.37568664550781 -55.44632339477539 38.00273132324219
v -66.46006774902344 -54.630699157714844 37.061485290527344
v -70.29618835449219 -55.16453170776367 36.904598236083984
v -83.82170104980469 -57.42293167114258 37.03811264038086
v -82.61747741699219 -51.763362884521484 38.578758239746094
v -80.01322937011719 -56.87881088256836 37.32539367675781
v -95.88710021972656 -58.57697677612305 37.98374557495117
v -65.47712707519531 -60.29502487182617 37.17675018310547
v -78.72700500488281 -59.05949020385742 37.1458740234375
v -93.90605163574219 -61.742122650146484 36.99516677856445
v -101.75382995605469 -58.65365982055664 38.013179779052734
v -97.13523864746094 -57.41109848022461 38.384559631347656
v -51.31842041015625 -57.82151412963867 38.06208038330078
v -49.808074951171875 -60.79610824584961 38.06638717651367
v -52.236907958984375 -61.9974250793457 37.17890930175781
v -54.176910400390625 -58.58499526977539 37.53229522705078
v -60.7100830078125 -59.90030288696289 37.4603385925293
v -69.85551452636719 -64.13227844238281 37.05261993408203
v -82.95799255371094 -60.4165153503418 36.898277282714844
v -101.32975769042969 -61.85606002807617 37.40831756591797
v -55.29022216796875 -62.37051010131836 36.85029220581055
v -81.42692565917969 -65.09172058105469 37.260135650634766
v -96.23915100097656 -63.663448333740234 37.29670333862305
v -104.28102111816406 -61.6836051940918 37.755859375
v -49.791900634765625 -64.41651916503906 38.51203536987305
v -64.48175048828125 -63.934879302978516 37.0846061706543
v -87.28611755371094 -64.99533081054688 36.492313385009766
v -103.70445251464844 -64.8760986328125 37.52873611450195
v -52.28399658203125 -67.55110168457031 37.93387222290039
v -53.72227478027344 -66.1375732421875 37.21323013305664
v -57.49351501464844 -65.16741943359375 36.80945587158203
v -91.05854797363281 -67.125732421875 36.68634033203125
v -100.05714416503906 -66.6473388671875 37.303184509277344
v -68.57029724121094 -67.90875244140625 37.30225372314453
v -96.31553649902344 -68.16354370117188 37.45945739746094
v -107.79142761230469 -66.89556884765625 38.42782211303711
v -111.67829895019531 -66.90670776367188 38.228851318359375
v -108.87303161621094 -64.5623779296875 38.78484344482422
v -56.575897216796875 -68.10488891601562 37.368865966796875
v -88.04353332519531 -68.57150268554688 36.46435546875
v -94.17231750488281 -70.16111755371094 37.078006744384766
v -61.690887451171875 -71.21603393554688 38.00157165527344
v -76.56358337402344 -71.62696838378906 37.14592361450195
v -81.28269958496094 -71.34030151367188 36.94902038574219
v -102.22380065917969 -72.02947998046875 37.637916564941406
v -107.81251525878906 -71.49307250976562 38.96692657470703
v -114.56480407714844 -67.14900207519531 38.16530227661133
v -113.90446472167969 -69.23257446289062 37.83890151977539
v -54.85874938964844 -70.77615356445312 39.005287170410156
v -67.98152160644531 -70.35630798339844 37.787132263183594
v -71.45722961425781 -71.7181396484375 37.899932861328125
v -85.55516052246094 -71.54997253417969 36.60972213745117
v -88.30796813964844 -72.75540161132812 36.078033447265625
v -90.88029479980469 -72.18144226074219 35.93296432495117
v -95.94664001464844 -72.45053100585938 37.70045471191406
v -98.47105407714844 -72.60293579101562 37.86224365234375
v -106.69532775878906 -72.80183410644531 38.70357131958008
v -118.32795715332031 -70.96134948730469 37.876319885253906
v -114.43647766113281 -76.29733276367188 37.9980354309082
v -121.55955505371094 -71.51347351074219 38.594661712646484
v -119.81434631347656 -68.47817993164062 38.876983642578125
v -119.40684509277344 -73.14768981933594 38.143489837646484
v -76.71052551269531 -73.96339416503906 37.810081481933594
v -85.51139831542969 -74.32621765136719 37.21579360961914
v -89.29786682128906 -74.01142883300781 36.21366500854492
v -91.53141784667969 -73.98617553710938 36.50163650512695
v -103.38746643066406 -76.057861328125 38.56360626220703
v -105.81047058105469 -76.88693237304688 38.95003128051758
v -82.19200134277344 -75.15382385253906 37.945838928222656
v -95.95832824707031 -75.84060668945312 38.984962463378906
v -97.99418640136719 -75.12223815917969 38.7165641784668
v -70.73118591308594 -74.04302978515625 39.3745002746582
v -76.82179260253906 -75.65586853027344 39.20872116088867
v -87.49525451660156 -76.33810424804688 38.36394500732422
v -92.91206359863281 -76.7152099609375 38.568294525146484
v -116.09465026855469 -78.49017333984375 38.367164611816406
v -117.23582458496094 -75.270263671875 38.323997497558594
v -101.21009826660156 -78.31951904296875 40.07893371582031
v -112.83824157714844 -80.45460510253906 38.93927001953125
v -111.51036071777344 -77.91975402832031 38.23003005981445
v -114.42774963378906 -79.45338439941406 39.059261322021484
v -108.49342346191406 -79.47320556640625 39.28753662109375
v -109.91923522949219 -82.17274475097656 40.102664947509766
v -80.18086242675781 -49.26191329956055 39.97230529785156
v -86.12901306152344 -49.233924865722656 39.716407775878906
v -89.68452453613281 -49.55992126464844 39.93767547607422
v -87.59925842285156 -48.26896286010742 41.35195541381836
v -58.33970642089844 -52.369930267333984 39.505577087402344
v -57.1148681640625 -49.457088470458984 41.28964614868164
v -65.97142028808594 -49.38869094848633 39.28189468383789
v -73.81626892089844 -49.38129806518555 39.739097595214844
v -93.77107238769531 -51.43625259399414 40.848846435546875
v -49.12638854980469 -50.69021987915039 40.944950103759766
v -49.418212890625 -52.946434020996094 39.85635757446289
v -56.44218444824219 -53.44357681274414 39.360652923583984
v -96.90180969238281 -54.549072265625 40.09797668457031
v -95.81202697753906 -55.295108795166016 38.93693542480469
v -45.64781188964844 -54.92904281616211 40.62249755859375
v -48.74000549316406 -58.18040084838867 38.90229034423828
v -99.43461608886719 -55.5694694519043 39.958396911621094
v -102.53016662597656 -55.85904312133789 39.89375305175781
v -106.81092834472656 -56.367008209228516 40.43524932861328
v -103.25724792480469 -54.23806381225586 41.83148956298828
v -105.91914367675781 -57.58809280395508 39.47663497924805
v -109.01747131347656 -62.66696548461914 39.418174743652344
v -45.12986755371094 -59.709041595458984 40.99007797241211
v -110.19697570800781 -60.80635452270508 40.84722900390625
v -111.93501281738281 -63.17905807495117 40.31403350830078
v -115.02989196777344 -66.22488403320312 38.721343994140625
v -49.80987548828125 -68.08033752441406 39.942420959472656
v -118.41981506347656 -65.48710632324219 41.15683364868164
v -109.60984802246094 -69.76011657714844 38.61538314819336
v -122.88224792480469 -68.23857116699219 41.3839111328125
v -123.51866149902344 -70.48773193359375 40.825103759765625
v -59.80158996582031 -73.49778747558594 39.78104019165039
v -67.43510437011719 -72.45893859863281 38.531490325927734
v -109.84147644042969 -73.34965515136719 38.722347259521484
v -124.03028869628906 -72.57859802246094 40.963157653808594
v -65.77256774902344 -74.83882141113281 39.96510696411133
v -121.70518493652344 -74.46223449707031 39.010101318359375
v -107.75221252441406 -75.71827697753906 38.77519226074219
v -118.87104797363281 -76.13902282714844 39.299774169921875
v -124.02507019042969 -75.88348388671875 41.7893180847168
v -82.51383972167969 -76.56462097167969 39.90717697143555
v -79.51939392089844 -76.85002136230469 40.66206741333008
v -88.86195373535156 -77.73622131347656 40.885475158691406
v -93.45103454589844 -78.51162719726562 41.81953430175781
v -95.25172424316406 -78.86659240722656 42.23468780517578
v -98.08726501464844 -79.45535278320312 42.21811294555664
v -116.18898010253906 -78.74754333496094 39.046234130859375
v -119.35392761230469 -79.00912475585938 41.726295471191406
v -57.12223815917969 -45.47517013549805 44.300941467285156
v -47.327117919921875 -47.777740478515625 43.20651626586914
v -54.18586730957031 -47.29083251953125 43.154457092285156
v -74.51481628417969 -47.25455093383789 41.67610168457031
v -83.82563781738281 -47.716121673583984 41.30809783935547
v -42.972930908203125 -50.98185348510742 42.24897003173828
v -89.53370666503906 -48.21345520019531 44.015724182128906
v -42.10331726074219 -52.870872497558594 42.167667388916016
v -96.81288146972656 -53.56346130371094 41.80596160888672
v -99.00971984863281 -54.206600189208984 42.34527587890625
v -106.39851379394531 -55.04966354370117 42.38323974609375
v -106.08067321777344 -53.71721649169922 45.182891845703125
v -108.81495666503906 -56.599422454833984 42.720924377441406
v -45.35301208496094 -63.88041305541992 41.717987060546875
v -114.91191101074219 -62.438167572021484 43.26774978637695
v -122.63975524902344 -66.33187866210938 42.92115020751953
v -49.87574768066406 -71.20428466796875 42.00052261352539
v -124.95259094238281 -68.83076477050781 42.21553421020508
v -127.53227233886719 -71.99601745605469 42.137718200683594
v -55.34281921386719 -74.40446472167969 42.09956359863281
v -125.27421569824219 -73.85997009277344 41.68589401245117
v -129.84275817871094 -75.09455871582031 42.75530242919922
v -63.06794738769531 -76.55636596679688 41.85810470581055
v -71.37757873535156 -75.97395324707031 41.16935729980469
v -60.22198486328125 -77.15383911132812 43.521339416503906
v -66.57917785644531 -77.84529113769531 44.06547927856445
v -74.33033752441406 -77.33103942871094 43.298484802246094
v -83.08552551269531 -77.62773132324219 43.42488098144531
v -123.26005554199219 -78.62872314453125 43.333003997802734
v -92.65382385253906 -79.20960998535156 44.327796936035156
v -105.49742126464844 -82.75502014160156 40.96977233886719
v -103.41130065917969 -84.01188659667969 42.230384826660156
v -110.36750793457031 -84.21743774414062 41.76432800292969
v -114.15541076660156 -83.16055297851562 42.87335205078125
v -112.57688903808594 -83.49282836914062 41.72028350830078
v -106.66581726074219 -84.78326416015625 42.00582504272461
v -64.29058837890625 -42.751007080078125 45.85325241088867
v -65.05339050292969 -43.89094161987305 44.21501159667969
v -69.56504821777344 -43.66545104980469 45.27076721191406
v -72.41722106933594 -45.11602783203125 44.059608459472656
v -62.13002014160156 -43.913143157958984 44.428367614746094
v -79.60328674316406 -46.03083419799805 43.90715026855469
v -74.63639831542969 -44.381839752197266 46.609840393066406
v -85.30656433105469 -46.605224609375 43.74858093261719
v -43.43577575683594 -48.182655334472656 43.77537536621094
v -40.79811096191406 -49.746543884277344 43.96073913574219
v -39.00086975097656 -52.587928771972656 44.25012969970703
v -39.29876708984375 -55.5667610168457 43.75646209716797
v -97.50715637207031 -53.12184143066406 46.19097137451172
v -103.51814270019531 -52.7232666015625 47.706825256347656
v -109.83293151855469 -55.42362594604492 46.594234466552734
v -111.14588928222656 -56.828121185302734 46.04681396484375
v -112.05006408691406 -60.9833869934082 42.30816650390625
v -113.62898254394531 -60.39860916137695 44.669090270996094
v -38.92958068847656 -57.4122428894043 44.33329391479492
v -117.00785827636719 -61.36014938354492 47.370323181152344
v -40.626251220703125 -62.97321701049805 44.86406707763672
v -42.744110107421875 -67.75724792480469 45.20801544189453
v -120.98640441894531 -64.58123779296875 44.210968017578125
v -128.02894592285156 -66.46107482910156 45.05656433105469
v -129.7439422607422 -68.72364807128906 44.11494445800781
v -45.89079284667969 -71.44314575195312 45.49201202392578
v -130.64015197753906 -73.41510009765625 43.01791000366211
v -132.0902862548828 -72.31405639648438 43.98857116699219
v -131.26332092285156 -68.98638916015625 45.153564453125
v -52.05656433105469 -74.16877746582031 44.047054290771484
v -127.77006530761719 -76.08226013183594 42.87192153930664
v -131.36326599121094 -75.34904479980469 42.832401275634766
v -56.06451416015625 -76.73725891113281 45.12266540527344
v -63.5762939453125 -78.09034729003906 44.447444915771484
v -70.77037048339844 -77.74298095703125 44.64023208618164
v -79.54087829589844 -77.87010192871094 44.584991455078125
v -125.53996276855469 -78.64492797851562 44.235801696777344
v -129.46751403808594 -77.701416015625 43.796600341796875
v -133.6558380126953 -78.32048034667969 45.018890380859375
v -58.92192077636719 -78.45591735839844 47.368896484375
v -96.68302917480469 -80.80772399902344 44.25892639160156
v -132.52748107910156 -80.71826171875 46.07120895385742
v -130.34217834472656 -80.72785949707031 45.784645080566406
v -99.03932189941406 -83.38945007324219 45.77824401855469
v -101.52824401855469 -84.83082580566406 44.644996643066406
v -117.84941101074219 -82.79249572753906 46.08502960205078
v -106.00965881347656 -86.11595153808594 44.01740264892578
v -109.09468078613281 -85.66424560546875 43.59091567993164
v -112.61042785644531 -85.49240112304688 44.98724365234375
v -101.98707580566406 -85.53855895996094 45.873451232910156
v -59.954010009765625 -42.176666259765625 47.18547058105469
v -51.598175048828125 -44.36140823364258 46.63946533203125
v -42.05229187011719 -46.018123626708984 46.55656814575195
v -44.81251525878906 -44.5029182434082 47.41310119628906
v -80.94364929199219 -45.02677536010742 48.043025970458984
v -87.08360290527344 -46.40898895263672 48.486854553222656
v -36.35191345214844 -50.73035430908203 46.84480285644531
v -38.956085205078125 -47.19822311401367 46.87824249267578
v -95.42594909667969 -50.93436813354492 50.02716827392578
v -114.25636291503906 -58.02229690551758 49.97107696533203
v -34.771514892578125 -57.11024856567383 48.22601318359375
v -119.63032531738281 -59.930477142333984 51.96454620361328
v -127.64955139160156 -64.51023864746094 47.42388153076172
v -132.8427276611328 -70.20237731933594 45.993656158447266
v -45.44783020019531 -73.6141357421875 49.59209442138672
v -134.05921936035156 -75.03701782226562 45.20476531982422
v -64.49089050292969 -78.69053649902344 46.613502502441406
v -86.12409973144531 -78.54939270019531 48.24127197265625
v -125.05116271972656 -81.43049621582031 46.405147552490234
v -95.97694396972656 -81.71917724609375 46.97049331665039
v -121.31779479980469 -83.32212829589844 47.595794677734375
v -119.46141052246094 -83.35179138183594 47.36530303955078
v -116.47319030761719 -84.09732055664062 47.756046295166016
v -102.78569030761719 -85.96122741699219 47.2283935546875
v -108.75578308105469 -86.20912170410156 46.430458068847656
v -112.45591735839844 -85.63980102539062 47.65400695800781
v -60.84846496582031 -40.67816162109375 49.953643798828125
v -65.78242492675781 -41.73106384277344 48.3570556640625
v -72.18360900878906 -43.40983581542969 47.723175048828125
v -41.39045715332031 -43.668190002441406 48.61170959472656
v -46.84925842285156 -42.61094284057617 49.29924392700195
v -82.01316833496094 -45.0741081237793 49.78508758544922
v -37.42848205566406 -46.025699615478516 48.00129699707031
v -34.63337707519531 -48.830875396728516 48.41600036621094
v -34.51014709472656 -53.7776985168457 48.04942321777344
v -100.52149963378906 -52.24043273925781 50.69526672363281
v -105.31523132324219 -52.653663635253906 49.50377655029297
v -107.64292907714844 -53.16347122192383 52.238182067871094
v -34.48963928222656 -61.76093673706055 50.486663818359375
v -116.04585266113281 -58.689815521240234 51.29771423339844
v -121.84654235839844 -61.1206169128418 51.11972427368164
v -38.83856201171875 -67.57904052734375 49.04132843017578
v -130.90235900878906 -66.21380615234375 47.87675476074219
v -132.54344177246094 -67.17803955078125 49.459930419921875
v -133.9695281982422 -69.16227722167969 49.89609909057617
v -134.23631286621094 -71.27880859375 48.0328254699707
v -41.86567687988281 -71.29751586914062 49.32079315185547
v -136.08116149902344 -76.21475219726562 49.36095428466797
v -53.67359924316406 -76.70094299316406 47.98685073852539
v -71.79969787597656 -78.37681579589844 47.60403060913086
v -81.32533264160156 -79.1888427734375 53.253204345703125
v -135.43772888183594 -78.91197204589844 47.592716217041016
v -88.36613464355469 -79.50328063964844 50.94442367553711
v -91.42082214355469 -79.71461486816406 47.51502227783203
v -134.0163116455078 -79.89625549316406 46.41353988647461
v -135.4545440673828 -82.03218078613281 47.976158142089844
v -98.47630310058594 -83.20048522949219 48.95567321777344
v -123.37428283691406 -83.75912475585938 47.82865905761719
v -126.16114807128906 -83.35836791992188 47.05738067626953
v -129.89646911621094 -83.17100524902344 46.473175048828125
v -133.12452697753906 -83.47901916503906 46.83894348144531
v -119.04695129394531 -85.24612426757812 49.2110595703125
v -122.70726013183594 -86.31790161132812 48.22319793701172
v -127.02323913574219 -86.00479125976562 46.854644775390625
v -129.20164489746094 -87.91912841796875 46.09965515136719
v -131.83531188964844 -86.54188537597656 46.29234313964844
v -135.44984436035156 -88.75936889648438 48.30685043334961
v -120.29649353027344 -88.02622985839844 48.784034729003906
v -133.3333282470703 -89.05177307128906 47.047698974609375
v -123.86915588378906 -90.19027709960938 47.33258819580078
v -127.19160461425781 -88.98680114746094 46.42549133300781
v -130.82545471191406 -93.71183776855469 46.87869644165039
v -119.53050231933594 -92.75506591796875 48.179100036621094
v -128.4223175048828 -91.69355773925781 46.21086883544922
v -125.69837951660156 -92.8502197265625 46.87049865722656
v -133.66908264160156 -93.98542785644531 48.11271667480469
v -120.31736755371094 -95.30023193359375 47.75578308105469
v -127.81291198730469 -94.66639709472656 46.81709289550781
v -122.51313781738281 -97.49166870117188 47.53058624267578
v -131.0574188232422 -97.36747741699219 47.928306579589844
v -126.82710266113281 -99.52227783203125 47.577537536621094
v -123.17689514160156 -99.32884216308594 48.02574157714844
v -116.82341003417969 -96.17924499511719 49.06966781616211
v -32.434234619140625 -42.87764358520508 50.36211395263672
v -34.36900329589844 -43.4646110534668 49.50651550292969
v -35.81703186035156 -41.29742431640625 50.41212463378906
v -43.690887451171875 -42.23128128051758 49.55912399291992
v -45.42308044433594 -40.3439826965332 51.59211730957031
v -51.6126708984375 -40.83607864379883 51.27918243408203
v -56.340789794921875 -40.39744567871094 50.84471893310547
v -63.29481506347656 -40.50093078613281 51.021446228027344
v -70.16041564941406 -42.577980041503906 49.81062316894531
v -68.48606872558594 -41.80941390991211 51.15510559082031
v -76.56336975097656 -44.13026428222656 51.07622528076172
v -75.64094543457031 -43.896549224853516 54.08625793457031
v -31.972625732421875 -45.99073791503906 50.13345718383789
v -92.33283996582031 -48.11094284057617 56.85883712768555
v -29.832229614257812 -54.59630584716797 51.807044982910156
v -98.17137145996094 -51.87373733520508 50.7207145690918
v -30.597259521484375 -57.59786605834961 52.09137725830078
v -126.88334655761719 -63.05649185180664 50.05509567260742
v -130.7082061767578 -64.75767517089844 50.68659210205078
v -37.25323486328125 -69.11114501953125 51.595733642578125
v -39.35589599609375 -72.34848022460938 52.832759857177734
v -49.713104248046875 -75.72021484375 51.302001953125
v -56.122833251953125 -78.32290649414062 50.913753509521484
v -136.9598846435547 -79.80131530761719 49.85615539550781
v -59.477813720703125 -78.86970520019531 51.942047119140625
v -62.93620300292969 -78.84300231933594 50.97905731201172
v -70.14494323730469 -78.36320495605469 50.11223602294922
v -89.57640075683594 -80.93585205078125 55.49620819091797
v -96.43449401855469 -82.47312927246094 50.340721130371094
v -138.19825744628906 -84.64491271972656 50.700740814208984
v -102.07157897949219 -84.13859558105469 52.53790283203125
v -115.04838562011719 -84.58218383789062 49.610511779785156
v -116.99800109863281 -85.08024597167969 50.361846923828125
v -111.51707458496094 -84.61563110351562 51.04502868652344
v -108.29060363769531 -84.67974853515625 52.31459426879883
v -104.11122131347656 -85.7158203125 49.063446044921875
v -117.13246154785156 -86.78720092773438 50.993736267089844
v -117.33540344238281 -88.392822265625 50.721195220947266
v -139.15757751464844 -88.64996337890625 52.448211669921875
v -117.63456726074219 -90.91162109375 49.636070251464844
v -137.10142517089844 -92.42694091796875 51.01715087890625
v -115.28077697753906 -94.53192138671875 49.71923828125
v -115.88386535644531 -90.8477783203125 51.224143981933594
v -113.18894958496094 -94.28013610839844 50.76646423339844
v -134.5463409423828 -96.73318481445312 49.93400955200195
v -113.09989929199219 -96.21110534667969 51.811729431152344
v -114.46168518066406 -96.63778686523438 50.194862365722656
v -135.7414093017578 -96.43753051757812 51.40519332885742
v -131.8753204345703 -99.3067626953125 49.19361114501953
v -116.67475891113281 -98.56230163574219 50.601009368896484
v -133.53639221191406 -100.70474243164062 51.83928680419922
v -123.85810852050781 -100.42779541015625 48.82122802734375
v -118.01115417480469 -99.98779296875 51.20081329345703
v -126.75965881347656 -100.94435119628906 48.29859161376953
v -124.87010192871094 -102.04383850097656 50.77808380126953
v -129.6952667236328 -102.20191955566406 50.53864288330078
v -30.447067260742188 -40.89669418334961 53.21736145019531
v -33.92616271972656 -40.1859130859375 51.92987060546875
v -33.69261169433594 -38.92829895019531 53.70063400268555
v -40.57452392578125 -38.43598556518555 51.997406005859375
v -41.84062194824219 -37.77276611328125 53.21320343017578
v -59.41075134277344 -39.48804473876953 53.666778564453125
v -56.778564453125 -39.01969528198242 53.99412536621094
v -30.210403442382812 -42.75882339477539 51.87416458129883
v -49.447174072265625 -40.01462173461914 52.85847473144531
v -71.24311828613281 -42.68705749511719 52.62163543701172
v -67.55729675292969 -41.453651428222656 54.38306427001953
v -29.286636352539062 -53.11793899536133 52.413246154785156
v -86.60038757324219 -45.93537139892578 56.45808029174805
v -101.10420227050781 -51.73474884033203 54.37757873535156
v -104.22080993652344 -52.07966232299805 53.124168395996094
v -113.49848937988281 -56.419254302978516 53.27783203125
v -127.03297424316406 -62.329837799072266 52.620235443115234
v -133.28089904785156 -66.60133361816406 53.39360809326172
v -135.8308868408203 -71.23736572265625 54.148284912109375
v -39.70832824707031 -74.16061401367188 55.58099365234375
v -44.85032653808594 -74.66255187988281 52.95500946044922
v -136.9484100341797 -74.44776916503906 53.20399475097656
v -51.30763244628906 -76.6751708984375 54.11127853393555
v -67.89851379394531 -78.09303283691406 52.12334442138672
v -72.93705749511719 -78.21563720703125 52.905792236328125
v -78.65614318847656 -79.14830017089844 55.89704132080078
v -138.4488983154297 -77.8734130859375 53.86450958251953
v -138.99363708496094 -81.57823181152344 52.56734848022461
v -97.11424255371094 -82.49197387695312 54.279144287109375
v -98.89268493652344 -82.807373046875 52.787689208984375
v -112.68797302246094 -84.46571350097656 52.39268493652344
v -140.1692352294922 -84.15711975097656 54.104644775390625
v -106.56947326660156 -84.17201232910156 54.32314682006836
v -115.83909606933594 -85.17149353027344 51.89167785644531
v -113.94300842285156 -90.33927917480469 54.513343811035156
v -113.26106262207031 -93.45661926269531 52.001792907714844
v -112.30970764160156 -94.87652587890625 54.14021301269531
v -113.51197814941406 -97.41642761230469 52.28864669799805
v -115.83686828613281 -99.49955749511719 52.694061279296875
v -121.38111877441406 -101.76289367675781 53.102500915527344
v -122.29560852050781 -102.26881408691406 53.858741760253906
v -127.51210021972656 -103.14500427246094 54.104400634765625
v -130.86341857910156 -102.85774230957031 53.744468688964844
v -41.20664978027344 -37.16755294799805 55.274024963378906
v -37.40911865234375 -37.50994873046875 55.199134826660156
v -58.14662170410156 -38.90522766113281 56.14101028442383
v -46.515289306640625 -38.69513702392578 54.39118957519531
v -51.08613586425781 -38.75022506713867 55.823909759521484
v -64.64830017089844 -40.45832443237305 53.85955047607422
v -28.9200439453125 -42.653282165527344 53.72245788574219
v -26.382537841796875 -52.476478576660156 55.804908752441406
v -98.94581604003906 -51.37504577636719 55.589847564697266
v -96.52003479003906 -50.47500228881836 56.801597595214844
v -111.00697326660156 -54.67959976196289 55.44645690917969
v -114.24702453613281 -56.21213912963867 56.748531341552734
v -116.71699523925781 -57.59235763549805 55.10483932495117
v -120.09809875488281 -58.66732406616211 55.448116302490234
v -124.00273132324219 -60.8476448059082 54.39155578613281
v -30.417861938476562 -64.53245544433594 57.22313690185547
v -129.64793395996094 -63.43356704711914 55.816993713378906
v -132.0072479248047 -65.15164184570312 55.621238708496094
v -37.09303283691406 -71.28941345214844 54.059600830078125
v -49.169403076171875 -76.43034362792969 57.06095504760742
v -55.89251708984375 -78.13130187988281 54.468711853027344
v -70.74137878417969 -76.7025146484375 56.60193634033203
v -61.888427734375 -78.42167663574219 54.57537841796875
v -84.21217346191406 -80.26396179199219 57.52801513671875
v -140.1073760986328 -80.28578186035156 56.16614532470703
v -109.69813537597656 -84.75900268554688 54.56728744506836
v -113.01432800292969 -86.54254150390625 55.316993713378906
v -112.37629699707031 -96.78269958496094 55.54212188720703
v -114.31327819824219 -98.89154052734375 54.52159881591797
v -136.14662170410156 -99.21316528320312 55.145362854003906
v -117.32194519042969 -100.51554870605469 53.83802795410156
v -132.43629455566406 -102.54896545410156 54.893917083740234
v -39.99383544921875 -36.880699157714844 57.88700866699219
v -46.118133544921875 -37.220584869384766 57.69208908081055
v -32.00018310546875 -38.671146392822266 56.39280319213867
v -52.75901794433594 -38.2945556640625 58.003875732421875
v -27.566131591796875 -40.65212631225586 58.7833366394043
v -25.907119750976562 -42.3272705078125 59.034149169921875
v -64.84727478027344 -40.808494567871094 57.63514709472656
v -26.464126586914062 -43.51365280151367 57.115684509277344
v -70.85484313964844 -42.82845687866211 56.16179656982422
v -77.40007019042969 -44.43819046020508 59.78549575805664
v -89.23908996582031 -46.569759368896484 59.230255126953125
v -24.34442138671875 -48.407955169677734 58.69737243652344
v -105.11805725097656 -52.33361053466797 58.968746185302734
v -109.12471008300781 -53.742366790771484 57.27760314941406
v -25.683563232421875 -56.4299201965332 58.149330139160156
v -26.644393920898438 -58.57560348510742 57.761474609375
v -120.96806335449219 -58.616512298583984 59.11179733276367
v -124.79695129394531 -60.905155181884766 58.336158752441406
v -134.9629364013672 -68.40708923339844 58.691524505615234
v -32.966094970703125 -69.51600646972656 57.68049621582031
v -136.7003936767578 -70.77815246582031 58.593963623046875
v -36.48890686035156 -73.23239135742188 57.031070709228516
v -44.301483154296875 -75.72584533691406 57.065406799316406
v -39.79066467285156 -75.5067138671875 58.4246826171875
v -138.40016174316406 -74.00080871582031 58.15560531616211
v -54.25874328613281 -77.40943908691406 57.92573928833008
v -56.8153076171875 -77.7821044921875 57.52610397338867
v -61.896820068359375 -76.73377990722656 60.936492919921875
v -67.61219787597656 -76.28936767578125 58.424591064453125
v -73.12086486816406 -77.20747375488281 57.668251037597656
v -76.97422790527344 -78.67715454101562 58.40763854980469
v -89.89680480957031 -81.67343139648438 59.329742431640625
v -99.34205627441406 -82.21293640136719 56.647117614746094
v -93.95307922363281 -82.73524475097656 59.50343704223633
v -103.75849914550781 -83.75086975097656 56.35292434692383
v -142.20872497558594 -86.70339965820312 59.32536315917969
v -111.20564270019531 -85.67494201660156 55.91636276245117
v -141.7503204345703 -88.40594482421875 57.49543762207031
v -113.94319152832031 -88.14234924316406 55.026187896728516
v -141.87892150878906 -92.81021118164062 58.530052185058594
v -111.45060729980469 -93.9088134765625 57.18998336791992
v -111.35789489746094 -95.06024169921875 57.69783020019531
v -139.3918914794922 -97.35723876953125 58.768463134765625
v -141.72596740722656 -95.44761657714844 60.33982467651367
v -112.75123596191406 -97.77313232421875 57.87548065185547
v -116.77406311035156 -100.39712524414062 56.469573974609375
v -120.12580871582031 -101.46342468261719 56.84389114379883
v -135.5216522216797 -100.91294860839844 57.76643371582031
v -125.74507141113281 -102.85600280761719 58.59454345703125
v -131.10240173339844 -103.15193176269531 58.54331588745117
v -35.49993896484375 -37.592918395996094 58.120277404785156
v -42.93629455566406 -36.72133255004883 58.643497467041016
v -55.52781677246094 -38.64918899536133 61.95198059082031
v -68.65763854980469 -42.901123046875 60.30216979980469
v -71.41542053222656 -43.53245544433594 59.75566482543945
v -23.368728637695312 -51.85359573364258 60.9525146484375
v -98.08647155761719 -51.08182907104492 61.31269073486328
v -100.17961120605469 -51.65207290649414 60.750579833984375
v -114.33296203613281 -56.04905319213867 59.708160400390625
v 36.09185791015625 -57.32505416870117 56.809242248535156
v 32.60284423828125 -57.91872024536133 58.99137878417969
v 33.49249267578125 -56.7712287902832 59.04249572753906
v 37.87872314453125 -56.61440658569336 57.60927200317383
v 38.96852111816406 -58.25905227661133 58.25255584716797
v 34.029815673828125 -59.818416595458984 58.07930374145508
v 36.88789367675781 -58.887447357177734 57.520721435546875
v 38.9461669921875 -60.48410415649414 58.81895065307617
v 37.208892822265625 -60.37765884399414 58.6544303894043
v 31.468765258789062 -59.51762008666992 60.271202087402344
v 32.712005615234375 -61.03193283081055 60.1136474609375
v -34.19941711425781 -72.81556701660156 59.97203063964844
v -37.085906982421875 -75.12998962402344 60.0571403503418
v -46.456085205078125 -76.70223999023438 60.60527038574219
v -51.996917724609375 -77.025390625 61.24934005737305
v -58.19267272949219 -76.93833923339844 61.68449020385742
v -140.35816955566406 -76.27128601074219 61.60124588012695
v -104.27577209472656 -83.97111511230469 59.64067077636719
v -141.5849151611328 -82.40550231933594 60.04667663574219
v -106.99351501464844 -85.44596862792969 61.148109436035156
v -110.14018249511719 -87.07400512695312 59.98418426513672
v -111.64372253417969 -88.9906005859375 59.89177703857422
v -111.88203430175781 -90.9373779296875 59.244049072265625
v -143.20082092285156 -90.40386962890625 60.65726852416992
v -110.98289489746094 -93.43696594238281 60.57053756713867
v -116.34800720214844 -99.53106689453125 60.859214782714844
v -137.9741973876953 -99.5679931640625 60.40412521362305
v -119.44328308105469 -100.77273559570312 60.893489837646484
v -133.9697723388672 -102.31874084472656 59.52196502685547
v -50.75421142578125 -37.30957794189453 60.61964797973633
v -30.4805908203125 -38.903385162353516 60.34850311279297
v -53.70039367675781 -38.2010383605957 59.91944122314453
v -24.053314208984375 -44.24586486816406 60.77363967895508
v -73.10441589355469 -44.052127838134766 62.423988342285156
v -22.905548095703125 -45.509830474853516 62.18976974487305
v -92.32322692871094 -47.87802505493164 63.84856414794922
v -96.94319152832031 -50.67825698852539 62.38812255859375
v -111.84837341308594 -55.325496673583984 62.0459098815918
v 41.753936767578125 -55.89078903198242 60.594940185546875
v 41.32212829589844 -54.68560028076172 60.01722717285156
v 42.9385986328125 -55.16361618041992 60.18678665161133
v 43.46086120605469 -53.97502899169922 59.914955139160156
v 40.630706787109375 -55.7980842590332 60.45037841796875
v 39.35807800292969 -55.6763801574707 59.02555847167969
v 37.91743469238281 -54.58893585205078 59.64109420776367
v 46.046875 -57.83150863647461 60.920135498046875
v 43.869781494140625 -57.30160903930664 60.48439025878906
v 43.98039245605469 -56.54533004760742 61.1420783996582
v 42.23341369628906 -58.12770462036133 59.828712463378906
v 40.7420654296875 -56.66169357299805 59.392494201660156
v 34.14776611328125 -55.65571212768555 60.25972366333008
v 37.0394287109375 -54.774818420410156 60.4678840637207
v 32.725433349609375 -55.23228073120117 60.31391143798828
v 31.950775146484375 -56.4974479675293 60.809349060058594
v -118.56044006347656 -57.56765365600586 62.94301223754883
v 45.323211669921875 -59.45280075073242 60.44580078125
v 44.65379333496094 -58.80910873413086 60.61937713623047
v 44.37550354003906 -58.44639205932617 61.30215072631836
v 51.11370849609375 -60.10951614379883 60.22618103027344
v 51.11370849609375 -60.10951614379883 60.22618103027344
v 51.11370849609375 -60.10951614379883 60.22618103027344
v 51.11369323730469 -60.10951614379883 60.22618103027344
v 40.92315673828125 -59.68051528930664 59.79016876220703
v 51.11370849609375 -60.10951614379883 60.22618103027344
v 42.810577392578125 -59.93973159790039 61.066978454589844
v 38.78202819824219 -61.32517623901367 60.31959915161133
v 35.64732360839844 -61.310001373291016 59.97986602783203
v 34.47874450683594 -60.920162200927734 60.111572265625
v 32.52769470214844 -60.584659576416016 60.99521255493164
v -121.48200988769531 -58.96242141723633 62.79498291015625
v 44.337249755859375 -63.121273040771484 60.22618103027344
v 44.337249755859375 -63.121273040771484 60.22618103027344
v 44.337249755859375 -63.12126541137695 60.22618103027344
v 44.33726501464844 -63.121273040771484 60.2261848449707
v 44.33726501464844 -63.121273040771484 60.2261962890625
v -26.641983032226562 -63.60835647583008 62.34126663208008
v 44.337249755859375 -63.121273040771484 60.2261962890625
v 45.090179443359375 -66.13302612304688 60.22618103027344
v 45.090179443359375 -66.13302612304688 60.22618103027344
v 45.090179443359375 -66.13302612304688 60.22618103027344
v 45.09019470214844 -66.13302612304688 60.22618103027344
v -130.3889923095703 -64.38777160644531 63.13400650024414
v -133.1484832763672 -66.46080017089844 63.253150939941406
v 45.090179443359375 -66.13302612304688 60.22618103027344
v -28.71112060546875 -67.03450012207031 62.60622024536133
v 43.58430480957031 -69.144775390625 60.22618103027344
v 43.58430480957031 -69.144775390625 60.22618103027344
v 43.58428955078125 -69.144775390625 60.22618103027344
v 43.58430480957031 -69.144775390625 60.22618103027344
v 43.58430480957031 -69.144775390625 60.22618103027344
v 45.090179443359375 -72.15653991699219 60.22618103027344
v 45.090179443359375 -72.15652465820312 60.22618103027344
v 45.090179443359375 -72.15653991699219 60.22618103027344
v 45.09019470214844 -72.15653991699219 60.22618103027344
v 45.090179443359375 -72.15653991699219 60.22618103027344
v -39.06721496582031 -76.84512329101562 62.52138137817383
v -69.87788391113281 -76.16474914550781 60.65665054321289
v -72.04063415527344 -76.70648193359375 62.37921142578125
v -77.46427917480469 -78.75938415527344 65.74862670898438
v -81.93785095214844 -80.0906982421875 60.88363265991211
v -85.05955505371094 -81.05905151367188 61.71773147583008
v -91.34443664550781 -82.24166870117188 62.54069900512695
v -99.65257263183594 -82.74072265625 63.95522689819336
v -111.43217468261719 -90.85380554199219 62.264427185058594
v -143.2478485107422 -94.29025268554688 62.487953186035156
v -113.26606750488281 -96.78717041015625 62.27994918823242
v -113.89619445800781 -97.63911437988281 61.55231475830078
v -123.36604309082031 -101.72138977050781 60.87065887451172
v -136.18406677246094 -101.09199523925781 62.316471099853516
v -37.8670654296875 -37.187538146972656 63.95489501953125
v -33.82362365722656 -37.95973205566406 64.07675170898438
v -42.24644470214844 -36.742637634277344 65.08811950683594
v -49.6407470703125 -36.88591766357422 63.797359466552734
v -31.706649780273438 -38.61356735229492 63.760684967041016
v -28.401611328125 -39.1818733215332 63.6866569519043
v -25.858840942382812 -39.8450927734375 65.25665283203125
v -23.240188598632812 -42.433082580566406 64.57894897460938
v -60.76512145996094 -40.86495590209961 64.36555480957031
v -67.25221252441406 -43.79717254638672 66.14085388183594
v -85.57331848144531 -45.72256088256836 65.17840576171875
v -89.68620300292969 -46.717559814453125 64.64373779296875
v 39.44187927246094 -55.49563217163086 61.2895622253418
v -21.7637939453125 -54.7574462890625 65.94282531738281
v 44.542755126953125 -57.13542556762695 63.475135803222656
v 42.714874267578125 -56.44621658325195 61.85304641723633
v 40.412445068359375 -56.5830192565918 61.8082160949707
v 37.90472412109375 -57.17448043823242 64.36631774902344
v 37.14314270019531 -56.53371047973633 64.2928466796875
v 34.56956481933594 -56.116031646728516 63.47970962524414
v 32.66632080078125 -55.941646575927734 61.60564422607422
v 41.823272705078125 -57.40567398071289 62.3453254699707
v 42.178192138671875 -58.55697250366211 62.58208084106445
v 38.71064758300781 -58.12991714477539 64.02096557617188
v 31.625518798828125 -58.073665618896484 64.11041259765625
v 51.11370849609375 -60.10951614379883 60.2261962890625
v 43.161773681640625 -57.631343841552734 63.2554931640625
v 39.046905517578125 -61.12308883666992 61.685829162597656
v 36.826812744140625 -61.019412994384766 61.5755615234375
v 31.93341064453125 -59.47957992553711 63.255897521972656
v -123.89302062988281 -60.831478118896484 67.0670166015625
v 44.337249755859375 -63.12126541137695 60.22618103027344
v 45.090179443359375 -66.13302612304688 60.2261962890625
v -135.49192810058594 -68.60955810546875 62.061492919921875
v 43.58430480957031 -69.144775390625 60.2261962890625
v -29.021652221679688 -70.38200378417969 67.07368469238281
v 45.090179443359375 -72.15653991699219 60.2261962890625
v -41.81147766113281 -78.19462585449219 65.50617980957031
v -61.71397399902344 -76.14938354492188 65.3182144165039
v -66.80924987792969 -75.91493225097656 63.48371124267578
v -47.52105712890625 -77.22914123535156 63.85163879394531
v -99.45429992675781 -82.6280517578125 68.19749450683594
v -102.32731628417969 -83.611328125 64.93122100830078
v -142.6227264404297 -84.42774963378906 64.38613891601562
v -109.24931335449219 -87.67910766601562 63.58015823364258
v -110.83607482910156 -89.38198852539062 63.14039993286133
v -111.62132263183594 -91.32197570800781 64.22528076171875
v -142.6890411376953 -97.00482177734375 64.52293395996094
v -127.56785583496094 -102.52064514160156 62.026893615722656
v -133.4487762451172 -102.19691467285156 63.12480545043945
v -130.94834899902344 -102.34568786621094 63.611724853515625
v -44.564666748046875 -36.597007751464844 68.86207580566406
v -51.876434326171875 -37.60279083251953 66.98602294921875
v -56.111236572265625 -39.34064865112305 66.06609344482422
v -24.710830688476562 -40.82847213745117 64.73008728027344
v -63.55683898925781 -43.48436737060547 68.85755157470703
v -21.377334594726562 -47.94880676269531 65.1273193359375
v -104.21458435058594 -53.30999755859375 66.08502197265625
v 44.293670654296875 -56.985591888427734 65.36885070800781
v 43.26017761230469 -57.14907455444336 64.69671630859375
v 32.364715576171875 -57.24698257446289 65.08375549316406
v 37.71507263183594 -57.441287994384766 65.76753997802734
v 37.031951904296875 -58.33475112915039 64.8240966796875
v 35.83576965332031 -59.8482551574707 63.58836364746094
v 32.65521240234375 -58.86081314086914 65.08328247070312
v -23.018051147460938 -61.04861068725586 67.42134094238281
v 41.096527099609375 -59.49911880493164 63.150394439697266
v 38.60845947265625 -59.6287727355957 65.21646881103516
v 37.969635009765625 -59.38778305053711 64.6016845703125
v 38.890655517578125 -60.4323616027832 64.66273498535156
v -139.0496368408203 -70.5931396484375 69.71502685546875
v -32.54850769042969 -74.24577331542969 66.92581176757812
v -140.1831512451172 -73.11184692382812 66.38565826416016
v -35.04255676269531 -76.24493408203125 66.62872314453125
v -70.42835998535156 -76.44976806640625 64.852294921875
v -140.93943786621094 -74.84211730957031 67.71011352539062
v -89.94099426269531 -82.15817260742188 67.98733520507812
v -94.68159484863281 -82.73200988769531 67.50672912597656
v -97.17604064941406 -82.65921020507812 68.40322875976562
v -107.44645690917969 -86.63668823242188 66.44776916503906
v -144.0045928955078 -88.37857055664062 65.00834655761719
v -144.2140655517578 -90.96345520019531 64.19026947021484
v -112.33607482910156 -92.19935607910156 65.63520812988281
v -116.31507873535156 -97.44325256347656 64.86068725585938
v -119.71702575683594 -99.3385009765625 64.7587890625
v -140.21482849121094 -99.32652282714844 65.52166748046875
v -127.39277648925781 -101.178466796875 65.57290649414062
v -137.0487823486328 -100.68310546875 67.93379211425781
v -35.21873474121094 -37.035179138183594 67.52938079833984
v -27.557220458984375 -38.38905334472656 69.55668640136719
v -30.3558349609375 -38.22627639770508 67.31243896484375
v -21.135025024414062 -44.477806091308594 68.01618957519531
v -72.00386047363281 -44.17155456542969 66.09251403808594
v -81.39164733886719 -44.777427673339844 70.0339126586914
v -20.295166015625 -52.210060119628906 68.71867370605469
v -98.86741638183594 -52.33603286743164 69.3556900024414
v 45.090179443359375 -54.08600616455078 66.24969482421875
v 45.090179443359375 -54.08599853515625 66.24971008300781
v 45.090179443359375 -54.08600616455078 66.24971008300781
v 45.09019470214844 -54.08600616455078 66.24971008300781
v -104.12074279785156 -53.60136413574219 68.89665222167969
v 40.07695007324219 -57.00284194946289 66.41168212890625
v 39.283111572265625 -57.02815628051758 66.36944580078125
v 33.97468566894531 -57.30062484741211 65.79541778564453
v -112.59916687011719 -55.97043991088867 68.31687927246094
v -128.37950134277344 -63.15497970581055 67.99813842773438
v -124.33457946777344 -61.19721603393555 72.46847534179688
v -131.11524963378906 -64.63284301757812 67.1097412109375
v -22.576553344726562 -65.38426208496094 72.08601379394531
v -134.5334930419922 -66.79989624023438 69.09494018554688
v -56.554229736328125 -76.12504577636719 68.771728515625
v -65.23112487792969 -76.39410400390625 71.1033935546875
v -44.67669677734375 -78.43882751464844 67.69330596923828
v -48.085174560546875 -77.44668579101562 67.05340576171875
v -51.779571533203125 -76.88006591796875 66.12222290039062
v -85.97267150878906 -81.57469177246094 69.54395294189453
v -144.38893127441406 -86.67886352539062 67.82230377197266
v -110.50392150878906 -89.06355285644531 66.74579620361328
v -145.7996063232422 -93.09019470214844 68.4632568359375
v -145.66197204589844 -94.58291625976562 69.15966796875
v -113.74848937988281 -93.09364318847656 67.32252502441406
v -39.43511962890625 -36.48341751098633 68.29193878173828
v -25.652297973632812 -38.41729736328125 70.31470489501953
v -23.026107788085938 -39.697242736816406 69.65052032470703
v -21.582977294921875 -41.204429626464844 70.24406433105469
v -58.89085388183594 -41.254547119140625 68.9473648071289
v -65.18894958496094 -44.05883026123047 70.843994140625
v -67.93132019042969 -44.31972122192383 71.7652359008789
v -77.11723327636719 -44.34632873535156 72.88221740722656
v -90.23219299316406 -47.525577545166016 71.547119140625
v -19.777084350585938 -49.95441436767578 70.92996215820312
v 45.090179443359375 -54.08600616455078 66.24969482421875
v -118.59431457519531 -58.179141998291016 69.54631042480469
v -23.944488525390625 -67.91902160644531 72.79977416992188
v -62.474212646484375 -76.02934265136719 69.60567474365234
v -67.55528259277344 -76.82231140136719 71.27867126464844
v -36.39561462402344 -78.52503967285156 71.1336669921875
v -70.16059875488281 -77.63479614257812 72.89531707763672
v -39.99559020996094 -79.223388671875 71.76118469238281
v -80.46665954589844 -80.11701965332031 70.43852233886719
v -142.25755310058594 -79.64692687988281 70.83482360839844
v -141.5237274169922 -75.7509765625 71.75196838378906
v -143.28831481933594 -82.4013671875 70.79632568359375
v -101.80332946777344 -83.14213562011719 70.76364135742188
v -111.60740661621094 -89.84555053710938 69.02778625488281
v -146.66297912597656 -88.89651489257812 71.28738403320312
v -113.22929382324219 -90.94630432128906 70.25690460205078
v -146.4813690185547 -91.59306335449219 70.07384490966797
v -145.52268981933594 -96.08456420898438 70.87928009033203
v -117.92469787597656 -95.52239990234375 68.85415649414062
v -120.38154602050781 -97.05931091308594 68.930908203125
v -143.6251983642578 -97.36688232421875 68.40088653564453
v -125.52293395996094 -97.97041320800781 70.15130615234375
v -128.71885681152344 -100.22831726074219 68.46650695800781
v -133.7457733154297 -100.02105712890625 72.99942016601562
v -29.71942138671875 -36.60163879394531 72.69622802734375
v -33.701171875 -35.815433502197266 72.70793151855469
v -46.427978515625 -36.726314544677734 72.17031860351562
v -48.36256408691406 -37.33099365234375 74.76924896240234
v -23.421127319335938 -38.316734313964844 73.02379608154297
v -59.70353698730469 -42.43425369262695 72.74609375
v -86.06013488769531 -46.0213508605957 73.99269104003906
v -93.52613830566406 -50.303428649902344 75.17848205566406
v -95.73725891113281 -51.51006317138672 76.22459411621094
v -19.069107055664062 -56.23200607299805 71.98806762695312
v -110.07188415527344 -55.15518569946289 70.12811279296875
v -103.22764587402344 -53.49104309082031 74.17204284667969
v -117.02659606933594 -57.61246871948242 72.48930358886719
v -19.899581909179688 -59.93954086303711 72.49678039550781
v -139.85121154785156 -71.55860900878906 70.58232116699219
v -50.086944580078125 -76.809814453125 71.92184448242188
v -52.119842529296875 -75.94746398925781 76.41551208496094
v -45.53639221191406 -78.32925415039062 71.87638854980469
v -73.46592712402344 -78.68499755859375 73.70448303222656
v -94.88783264160156 -83.16201782226562 71.79315185546875
v -93.02622985839844 -83.12434387207031 71.92430114746094
v -96.57585144042969 -82.91758728027344 72.03759765625
v -104.17420959472656 -84.58607482910156 73.13676452636719
v -110.24687194824219 -88.06370544433594 72.86827850341797
v -120.29414367675781 -95.4088134765625 72.07026672363281
v -147.49476623535156 -94.06398010253906 74.10963439941406
v -144.42359924316406 -97.79954528808594 72.82322692871094
v -142.21055603027344 -98.93299865722656 72.89048767089844
v -136.7284698486328 -100.15301513671875 72.726806640625
v -141.0265655517578 -99.22930908203125 76.43551635742188
v -36.860809326171875 -35.35808181762695 73.92604064941406
v -42.88240051269531 -35.84609603881836 73.66474914550781
v -25.761276245117188 -36.574134826660156 74.98887634277344
v -19.144821166992188 -43.61000442504883 75.87322998046875
v -62.418975830078125 -43.565128326416016 73.9676513671875
v -81.61756896972656 -45.07351303100586 75.70448303222656
v -18.1103515625 -53.0291862487793 74.67059326171875
v -98.41581726074219 -52.24264907836914 73.29940795898438
v -121.15190124511719 -59.84061813354492 74.91522216796875
v -30.930938720703125 -75.16603088378906 72.06341552734375
v -140.44422912597656 -72.49012756347656 74.94439697265625
v -32.05145263671875 -77.27978515625 74.66966247558594
v -55.46710205078125 -75.65020751953125 76.3865966796875
v -60.04508972167969 -75.67796325683594 75.46731567382812
v -141.94798278808594 -77.41845703125 74.85858917236328
v -38.619140625 -79.84298706054688 74.73444366455078
v -41.52812194824219 -79.18930053710938 74.09842681884766
v -85.01335144042969 -82.01776123046875 73.08563995361328
v -99.01753234863281 -82.07650756835938 73.73609161376953
v -100.42997741699219 -81.64459228515625 76.09760284423828
v -144.7428436279297 -83.25852966308594 73.114501953125
v -108.79969787597656 -87.23457336425781 74.81861877441406
v -147.69117736816406 -85.73947143554688 75.96383666992188
v -113.05210876464844 -89.81393432617188 72.78764343261719
v -117.77168273925781 -92.114501953125 75.18914794921875
v -125.00386047363281 -96.74879455566406 73.22261047363281
v -128.9528045654297 -97.78376770019531 74.56307983398438
v -131.0792999267578 -99.48670959472656 72.53678894042969
v -31.988113403320312 -35.4131965637207 76.2831039428711
v -52.12416076660156 -39.51416778564453 77.98747253417969
v -20.370834350585938 -40.26904296875 75.53945922851562
v -63.979400634765625 -43.85431671142578 75.87306213378906
v -89.60807800292969 -48.541744232177734 79.86016845703125
v -17.050567626953125 -57.26558303833008 77.78126525878906
v -107.02574157714844 -54.335899353027344 77.22825622558594
v -112.97828674316406 -55.58278274536133 76.93736267089844
v -18.374771118164062 -59.64908981323242 75.59187316894531
v -130.9971466064453 -63.15791702270508 78.90199279785156
v -20.376663208007812 -64.59294128417969 76.68939208984375
v -134.13710021972656 -65.4052734375 75.96846008300781
v -26.295455932617188 -71.61015319824219 75.810791015625
v -138.8075714111328 -70.10360717773438 77.97797393798828
v -29.978302001953125 -75.50514221191406 75.35954284667969
v -64.40873718261719 -76.13638305664062 76.59574127197266
v -48.843475341796875 -76.45307922363281 76.75996398925781
v -73.31007385253906 -78.941162109375 76.11810302734375
v -33.23542785644531 -78.19381713867188 77.55841064453125
v -36.328857421875 -78.97662353515625 74.96626281738281
v -39.60858154296875 -79.81257629394531 74.94354248046875
v -76.45710754394531 -80.19775390625 74.97451782226562
v -142.62416076660156 -78.77897644042969 76.33474731445312
v -81.78858947753906 -81.54978942871094 73.82087707519531
v -143.7828826904297 -80.5601806640625 76.2498550415039
v -95.08958435058594 -84.17620849609375 75.2894515991211
v -97.42112731933594 -82.84620666503906 75.12403106689453
v -101.84403991699219 -82.376953125 75.76689147949219
v -149.0454864501953 -82.7042236328125 82.26673126220703
v -115.70442199707031 -89.97848510742188 77.51225280761719
v -149.2668914794922 -88.80720520019531 78.19538879394531
v -149.0290985107422 -92.30519104003906 77.68840026855469
v -121.91389465332031 -94.939697265625 75.27799987792969
v -138.5643768310547 -99.18113708496094 78.9988784790039
v -28.850799560546875 -35.3416862487793 78.80133056640625
v -36.94633483886719 -35.137027740478516 76.99934387207031
v -40.35227966308594 -35.399837493896484 77.13316345214844
v -43.47456359863281 -36.04389953613281 78.77566528320312
v -24.228195190429688 -36.625144958496094 77.18965148925781
v -18.595199584960938 -39.8244514465332 80.92909240722656
v -57.43684387207031 -41.73701477050781 78.58561706542969
v -70.39628601074219 -44.30607604980469 79.01590728759766
v -75.47209167480469 -44.72406005859375 80.12852478027344
v -17.801559448242188 -47.755950927734375 79.19729614257812
v -99.72712707519531 -52.929203033447266 76.1502685546875
v -109.21128845214844 -54.754878997802734 78.07564544677734
v -115.59410095214844 -56.595821380615234 78.81007385253906
v -124.17945861816406 -60.803348541259766 81.16173553466797
v -22.6173095703125 -67.95790100097656 76.9052734375
v -20.57391357421875 -65.66703796386719 78.80865478515625
v -42.595428466796875 -78.55673217773438 76.94039916992188
v -68.79295349121094 -77.18017578125 77.5972900390625
v -78.31660461425781 -82.58625793457031 78.45757293701172
v -80.97624206542969 -83.8865966796875 80.30979919433594
v -98.43055725097656 -81.834716796875 77.95513153076172
v -87.35765075683594 -84.09576416015625 78.37985229492188
v -92.16746520996094 -84.548583984375 77.41985321044922
v -104.90830993652344 -85.10971069335938 78.29476928710938
v -106.96754455566406 -86.40028381347656 79.62150573730469
v -147.93309020996094 -96.35427856445312 79.99887084960938
v -127.10511779785156 -96.37251281738281 77.37284851074219
v -146.00401306152344 -97.715576171875 78.62698364257812
v -133.57533264160156 -98.9630126953125 77.45097351074219
v -144.18885803222656 -98.47859191894531 78.25570678710938
v -24.224075317382812 -35.34855270385742 84.46986389160156
v -47.31854248046875 -37.613136291503906 82.29898071289062
v -19.731536865234375 -39.05426788330078 79.37644958496094
v -20.820938110351562 -37.47785568237305 81.03982543945312
v -52.804168701171875 -40.10523223876953 81.077880859375
v -59.57963562011719 -42.212120056152344 80.75870513916016
v -17.991348266601562 -41.86417770385742 80.02488708496094
v -16.48028564453125 -41.93971633911133 84.35601806640625
v -78.58409118652344 -45.64512634277344 83.08123779296875
v -84.88435363769531 -47.014007568359375 81.65628051757812
v -16.445449829101562 -53.80576705932617 80.23983764648438
v -105.48780822753906 -54.33850860595703 78.06364440917969
v -121.49546813964844 -59.59695816040039 82.0087890625
v -17.919052124023438 -60.88882064819336 79.19725036621094
v -135.2423553466797 -66.17160034179688 80.58915710449219
v -140.12525939941406 -72.52099609375 80.45689392089844
v -30.595260620117188 -76.66850280761719 78.77362060546875
v -25.848480224609375 -71.72917175292969 78.99501037597656
v -62.31536865234375 -75.43653869628906 79.25996398925781
v -141.1474151611328 -74.9532470703125 81.74286651611328
v -71.00944519042969 -77.88705444335938 79.31773376464844
v -36.96287536621094 -78.6673583984375 79.41281127929688
v -72.92060852050781 -79.03945922851562 78.60928344726562
v -76.57798767089844 -82.27690124511719 79.75474548339844
v -99.43568420410156 -80.64666748046875 80.36654663085938
v -100.94868469238281 -80.9573974609375 79.2996826171875
v -95.50193786621094 -84.51644897460938 80.0003662109375
v -103.27149963378906 -83.04818725585938 79.64924621582031
v -93.34812927246094 -85.064697265625 80.47427368164062
v -150.42369079589844 -91.27285766601562 83.09068298339844
v -122.88066101074219 -93.83833312988281 81.64728546142578
v -123.14857482910156 -94.46591186523438 78.90921020507812
v -149.18955993652344 -94.30125427246094 80.18971252441406
v -132.32276916503906 -98.11776733398438 80.32620239257812
v -136.33900451660156 -98.92718505859375 80.60530090332031
v -34.11903381347656 -35.07026672363281 81.58354187011719
v -21.782424926757812 -36.25634765625 84.26448059082031
v -64.31257629394531 -42.76612854003906 84.02546691894531
v -92.78993225097656 -50.280128479003906 81.38288879394531
v -95.28871154785156 -51.911346435546875 81.13482666015625
v -98.34172058105469 -53.365211486816406 79.39055633544922
v -102.19847106933594 -54.42958068847656 79.57528686523438
v -105.28169250488281 -55.11561965942383 81.9909439086914
v -16.050277709960938 -55.16142654418945 82.2015380859375
v -16.557022094726562 -58.65585708618164 83.11225891113281
v -131.40773010253906 -63.28512954711914 82.05657958984375
v -133.3534393310547 -64.60118103027344 83.50321960449219
v -21.2593994140625 -67.0404052734375 81.96204376220703
v -137.06593322753906 -68.41957092285156 87.86712646484375
v -27.565719604492188 -73.51654052734375 81.35337829589844
v -54.69866943359375 -74.51847839355469 84.99415588378906
v -60.02082824707031 -74.91471862792969 81.44140625
v -67.51197814941406 -75.64151000976562 84.10783386230469
v -31.212203979492188 -76.50338745117188 82.83893585205078
v -34.362457275390625 -76.92953491210938 84.74100494384766
v -142.5066680908203 -77.01953125 82.88316345214844
v -40.12559509277344 -77.59710693359375 82.21746826171875
v -143.3708038330078 -77.82878112792969 83.16616821289062
v -73.29188537597656 -79.35858154296875 81.85505676269531
v -75.11293029785156 -81.227783203125 81.25968933105469
v -147.43211364746094 -80.62631225585938 83.16685485839844
v -102.14961242675781 -80.66075134277344 84.71949768066406
v -79.83485412597656 -83.87266540527344 82.02225494384766
v -83.10993957519531 -84.18829345703125 80.95582580566406
v -95.97773742675781 -83.95072937011719 84.68699645996094
v -86.37348937988281 -84.45341491699219 81.62622833251953
v -104.35273742675781 -84.70986938476562 79.381591796875
v -103.83808898925781 -82.61802673339844 82.19517517089844
v -149.53660583496094 -85.21742248535156 81.35458374023438
v -105.97819519042969 -84.67979431152344 81.28325653076172
v -112.10603332519531 -87.8424072265625 82.60587310791016
v -150.9396514892578 -88.27017211914062 84.8436279296875
v -120.36997985839844 -92.36276245117188 82.08999633789062
v -144.30946350097656 -98.3822021484375 86.34361267089844
v -31.220565795898438 -34.740169525146484 83.97267150878906
v -38.441802978515625 -35.521366119384766 85.9437255859375
v -44.25859069824219 -36.634437561035156 85.90214538574219
v -16.522048950195312 -40.81757736206055 85.44786071777344
v -53.29780578613281 -40.301841735839844 84.88389587402344
v -66.38862609863281 -43.044952392578125 86.16007995605469
v -71.48670959472656 -44.39729690551758 83.24397277832031
v -85.26881408691406 -47.3951530456543 85.36731719970703
v -90.31019592285156 -48.99382400512695 85.94384765625
v -16.98712158203125 -47.749305725097656 82.8799057006836
v -96.80668640136719 -53.426246643066406 82.72557067871094
v -98.63056945800781 -55.618106842041016 83.7631607055664
v -101.41984558105469 -55.98220443725586 83.67076110839844
v -107.32713317871094 -55.225040435791016 84.8924560546875
v -109.28907775878906 -55.13992691040039 83.9667739868164
v -111.97117614746094 -55.549564361572266 85.64453887939453
v -116.47111511230469 -56.99137496948242 84.63429260253906
v -18.159149169921875 -61.955928802490234 82.22306823730469
v -23.687713623046875 -69.66064453125 83.41168212890625
v -46.16169738769531 -74.6048583984375 87.63056945800781
v -51.17103576660156 -74.12545776367188 87.135009765625
v -100.40098571777344 -79.73455810546875 86.61743927001953
v -103.09745788574219 -81.12164306640625 85.39112854003906
v -77.13172912597656 -82.72138977050781 83.53611755371094
v -82.49452209472656 -84.19657897949219 82.41758728027344
v -104.78233337402344 -83.73355102539062 81.21791076660156
v -105.22248840332031 -81.61857604980469 83.46124267578125
v -91.18067932128906 -84.93025207519531 83.2862319946289
v -93.99922180175781 -84.98744201660156 83.50006103515625
v -110.31214904785156 -86.65322875976562 84.17847442626953
v -115.17134094238281 -89.01535034179688 86.37962341308594
v -121.95887756347656 -93.2265625 84.46807861328125
v -149.53248596191406 -94.65664672851562 83.61779022216797
v -146.26966857910156 -97.82620239257812 85.31842041015625
v -27.721221923828125 -34.37084197998047 87.28227233886719
v -34.719940185546875 -34.93105697631836 86.55366516113281
v -18.753982543945312 -38.23506546020508 84.34716033935547
v -78.78288269042969 -45.89959716796875 86.52577209472656
v -93.01988220214844 -50.29227828979492 86.73896789550781
v -16.01190185546875 -47.027915954589844 89.42613220214844
v -95.72041320800781 -52.64540481567383 85.62117004394531
v -102.69032287597656 -56.56757736206055 86.77295684814453
v -15.93023681640625 -55.02511978149414 86.56227111816406
v -18.476226806640625 -62.110774993896484 86.45013427734375
v -20.515869140625 -65.74398803710938 85.32357788085938
v -127.97093200683594 -62.31404495239258 88.66719055175781
v -25.569961547851562 -71.16874694824219 85.3734359741211
v -28.078262329101562 -73.30674743652344 85.02687072753906
v -139.6005401611328 -71.25799560546875 85.86820983886719
v -63.86158752441406 -73.523193359375 89.48455810546875
v -66.12730407714844 -73.70375061035156 90.8545913696289
v -70.65986633300781 -76.70913696289062 86.63734436035156
v -141.5643768310547 -72.91473388671875 88.40570068359375
v -37.69309997558594 -76.66264343261719 86.40276336669922
v -73.61079406738281 -79.16773986816406 86.24425506591797
v -98.26142883300781 -80.55445861816406 85.962890625
v -99.34422302246094 -79.59649658203125 86.29135131835938
v -75.40531921386719 -81.04400634765625 85.35676574707031
v -104.49299621582031 -81.73333740234375 83.95877075195312
v -105.40043640136719 -80.39254760742188 84.01571655273438
v -105.68916320800781 -80.17904663085938 85.28541564941406
v -100.97987365722656 -82.69767761230469 84.32022857666016
v -100.97987365722656 -82.69767761230469 84.32022857666016
v -100.97987365722656 -82.69767761230469 84.32022094726562
v -100.97990417480469 -82.69767761230469 84.32022857666016
v -106.52546691894531 -83.02676391601562 84.53146362304688
v -149.00099182128906 -81.44001770019531 85.06505584716797
v -79.26481628417969 -83.03509521484375 85.2508773803711
v -81.81803894042969 -83.6668701171875 84.68333435058594
v -100.97987365722656 -82.69767761230469 84.32022857666016
v -103.99165344238281 -84.20355224609375 84.32022857666016
v -103.99165344238281 -84.20355224609375 84.32022857666016
v -103.99165344238281 -84.20355224609375 84.32022094726562
v -103.99165344238281 -84.20355224609375 84.32022857666016
v -86.89717102050781 -83.87606811523438 85.23616027832031
v -103.99165344238281 -84.20355224609375 84.32022857666016
v -109.16963195800781 -85.04396057128906 86.5008773803711
v -149.54066467285156 -94.89462280273438 88.65730285644531
v -148.18211364746094 -96.59263610839844 87.70755004882812
v -136.3677520751953 -98.15386962890625 89.30604553222656
v -133.2857208251953 -97.75511169433594 87.396484375
v -141.33396911621094 -98.45875549316406 90.15235900878906
v -19.251754760742188 -37.16252899169922 88.90522003173828
v -17.845108032226562 -38.192832946777344 89.72450256347656
v -46.450103759765625 -36.862220764160156 91.59912872314453
v -55.68458557128906 -40.61711502075195 88.70912170410156
v -73.66200256347656 -45.1378059387207 89.3611068725586
v -86.22868347167969 -47.42066955566406 89.00456237792969
v -98.49787902832031 -56.47367477416992 88.36097717285156
v -99.57658386230469 -56.85466384887695 87.19667053222656
v -105.08552551269531 -55.759578704833984 86.71871948242188
v -16.424911499023438 -57.52204513549805 87.09214782714844
v -119.73890686035156 -58.432552337646484 91.15719604492188
v -22.491622924804688 -67.44732666015625 89.42396545410156
v -29.163803100585938 -73.10223388671875 87.72102355957031
v -49.29203796386719 -73.71795654296875 89.04861450195312
v -32.82963562011719 -75.77217102050781 86.41236114501953
v -42.03082275390625 -75.11541748046875 89.33345031738281
v -146.27442932128906 -77.31050109863281 88.37667846679688
v -104.11869812011719 -80.67271423339844 88.26728820800781
v -76.60890197753906 -80.70953369140625 88.6212158203125
v -96.64994812011719 -82.07275390625 90.31486511230469
v -100.97987365722656 -82.69767761230469 84.32022094726562
v -106.91789245605469 -81.97109985351562 87.80624389648438
v -103.99165344238281 -84.20355224609375 84.32022094726562
v -92.96318054199219 -84.5101318359375 86.83892822265625
v -150.9755096435547 -83.82484436035156 88.77467346191406
v -110.86192321777344 -85.84291076660156 88.37518310546875
v -151.1063995361328 -89.52752685546875 88.17731475830078
v -150.77894592285156 -91.55131530761719 89.89723205566406
v -130.3527374267578 -96.40885925292969 90.15708923339844
v -31.222183227539062 -33.82139587402344 91.80411529541016
v -35.30577087402344 -34.02877426147461 94.87718200683594
v -41.12031555175781 -35.842464447021484 91.4751205444336
v -48.96156311035156 -37.77248001098633 90.61505126953125
v -52.33709716796875 -39.294395446777344 90.16632843017578
v -16.803192138671875 -39.44711685180664 93.63064575195312
v -61.90284729003906 -41.46875762939453 92.07992553710938
v -79.41127014160156 -45.91374206542969 89.4915771484375
v -15.822006225585938 -47.86991882324219 91.76634216308594
v -95.02372741699219 -51.707401275634766 89.72789001464844
v -97.39573669433594 -55.13492965698242 89.95701599121094
v -101.00328063964844 -57.05276870727539 90.48257446289062
v -130.8672332763672 -63.904483795166016 91.08575439453125
v -134.8522186279297 -66.74415588378906 91.64525604248047
v -138.20802307128906 -69.18476867675781 92.68952941894531
v -140.1428985595703 -70.78414916992188 91.29705047607422
v -24.71478271484375 -68.21340942382812 92.52119445800781
v -58.81523132324219 -73.05119323730469 91.9403076171875
v -36.04362487792969 -75.35661315917969 89.1681900024414
v -73.84367370605469 -78.36396789550781 90.83967590332031
v -98.53623962402344 -78.6947021484375 89.3660888671875
v -99.71376037597656 -75.66175842285156 90.67161560058594
v -99.53642272949219 -77.83261108398438 89.22408294677734
v -100.75877380371094 -78.10267639160156 89.5648193359375
v -105.48728942871094 -78.15510559082031 88.90280151367188
v -147.9581756591797 -77.54124450683594 91.34613800048828
v -102.52815246582031 -79.07420349121094 88.52236938476562
v -78.67198181152344 -80.5560302734375 91.04866027832031
v -84.37336730957031 -81.44474792480469 89.85466766357422
v -81.01292419433594 -81.09396362304688 90.49116516113281
v -92.64265441894531 -81.13563537597656 95.00340270996094
v -95.38371276855469 -82.99862670898438 90.3191146850586
v -151.3317108154297 -84.76260375976562 91.59268188476562
v -118.76506042480469 -91.59159851074219 89.51559448242188
v -121.40666198730469 -92.93991088867188 89.71357727050781
v -145.6685333251953 -97.71174621582031 91.7437744140625
v -146.9457550048828 -97.16043090820312 91.14705657958984
v -28.32855224609375 -33.67672348022461 95.422119140625
v -22.7242431640625 -34.81036376953125 98.17875671386719
v -61.187164306640625 -40.77363204956055 95.39352416992188
v -15.556777954101562 -43.277198791503906 96.46058654785156
v -89.26173400878906 -47.884037017822266 94.19575500488281
v -16.412139892578125 -54.591617584228516 91.48823547363281
v -107.51203918457031 -55.203060150146484 94.604248046875
v -111.22254943847656 -55.191226959228516 94.66770935058594
v -18.012664794921875 -57.45158004760742 93.54280090332031
v -99.44868469238281 -57.05442428588867 90.89816284179688
v -28.0384521484375 -69.52467346191406 93.99969482421875
v -30.754440307617188 -71.88815307617188 91.79623413085938
v -46.35896301269531 -72.12338256835938 95.33914184570312
v -35.92042541503906 -72.97319030761719 93.35981750488281
v -145.66563415527344 -74.86116027832031 91.99969482421875
v -40.38029479980469 -74.45272827148438 91.59901428222656
v -66.85337829589844 -73.82835388183594 92.74334716796875
v -75.99678039550781 -78.91557312011719 93.35295104980469
v -97.68312072753906 -80.42997741699219 90.41624450683594
v -102.16276550292969 -75.92950439453125 91.85708618164062
v -104.10316467285156 -78.47370910644531 90.2757568359375
v -105.75886535644531 -78.76898193359375 91.20008850097656
v -149.4845733642578 -78.3223876953125 94.63536071777344
v -150.87147521972656 -80.97746276855469 94.30807495117188
v -107.48841857910156 -82.52218627929688 91.65190124511719
v -109.20115661621094 -84.42868041992188 91.50755310058594
v -115.13768005371094 -88.99375915527344 90.26676940917969
v -148.29185485839844 -95.61390686035156 93.66548156738281
v -134.39353942871094 -97.39607238769531 92.13519287109375
v -24.724960327148438 -34.1449089050293 97.37548828125
v -16.065887451171875 -41.0664176940918 97.29109191894531
v -69.93397521972656 -43.5078239440918 93.70118713378906
v -76.73008728027344 -44.463260650634766 96.92491149902344
v -85.55433654785156 -46.58706283569336 93.95968627929688
v -92.85194396972656 -49.62211990356445 93.19749450683594
v -16.040496826171875 -47.55270004272461 94.95065307617188
v -94.60945129394531 -50.737667083740234 96.63719177246094
v -17.180068969726562 -53.109107971191406 96.99505615234375
v -99.23490905761719 -56.63838577270508 93.54261779785156
v -102.49317932128906 -57.143070220947266 96.48342895507812
v -105.02128601074219 -56.104862213134766 95.68449401855469
v -20.283538818359375 -60.56730270385742 95.17440795898438
v -126.29887390136719 -61.47349166870117 94.09881591796875
v -133.1149139404297 -66.00215148925781 97.03727722167969
v -48.680694580078125 -71.86732482910156 95.48878479003906
v -55.246368408203125 -72.04579162597656 94.36865234375
v -60.71905517578125 -72.80950927734375 94.58261108398438
v -145.66127014160156 -73.42048645019531 96.61593627929688
v -99.89497375488281 -74.35652160644531 91.4617919921875
v -102.08110046386719 -74.10801696777344 93.96299743652344
v -71.42167663574219 -76.28538513183594 97.48907470703125
v -99.49815368652344 -74.34635925292969 90.99254608154297
v -98.47474670410156 -77.11033630371094 92.97673034667969
v -103.80848693847656 -77.02975463867188 92.84707641601562
v -105.16719055175781 -77.61851501464844 93.37306213378906
v -97.88270568847656 -79.29258728027344 95.07322692871094
v -97.46369934082031 -80.61965942382812 93.75520324707031
v -87.03202819824219 -80.14173889160156 94.05433654785156
v -105.94688415527344 -80.68853759765625 94.72727966308594
v -111.84144592285156 -86.89356994628906 94.16020202636719
v -116.13484191894531 -90.911376953125 94.73023986816406
v -119.96009826660156 -92.98507690429688 95.05091857910156
v -123.62535095214844 -93.79335021972656 92.13095092773438
v -126.83433532714844 -95.1859130859375 97.96363830566406
v -140.89353942871094 -97.52789306640625 97.3056640625
v -143.5602569580078 -97.92103576660156 94.13604736328125
v -32.07804870605469 -33.544677734375 97.24296569824219
v -20.74700927734375 -35.91204833984375 100.26014709472656
v -68.22877502441406 -42.69540786743164 96.88278198242188
v -66.59861755371094 -42.10818099975586 100.43655395507812
v -80.69383239746094 -45.53302764892578 95.25163269042969
v -95.58375549316406 -51.9542350769043 98.37643432617188
v -97.37757873535156 -54.899166107177734 96.89033508300781
v -100.84107971191406 -57.13247299194336 96.03480529785156
v -116.20719909667969 -57.395877838134766 94.85002136230469
v -120.36335754394531 -58.9895133972168 95.18310546875
v -22.707870483398438 -63.271488189697266 96.7908935546875
v -126.31065368652344 -61.75204086303711 97.39285278320312
v -99.47401428222656 -70.65065002441406 94.35939025878906
v -99.47401428222656 -70.65065002441406 94.35940551757812
v -99.47401428222656 -70.65065002441406 94.35940551757812
v -99.47401428222656 -70.65065002441406 94.35940551757812
v -99.47401428222656 -70.65065002441406 94.35940551757812
v -39.72221374511719 -71.57255554199219 97.66645812988281
v -43.49005126953125 -72.03477478027344 96.54238891601562
v -58.573333740234375 -71.90130615234375 97.53974914550781
v -62.255035400390625 -72.93434143066406 96.88079833984375
v -99.74967956542969 -74.8126220703125 94.97596740722656
v -101.11155700683594 -73.6424560546875 94.73451232910156
v -102.36293029785156 -72.81649780273438 96.6107177734375
v -105.49751281738281 -73.66241455078125 94.35939025878906
v -105.49754333496094 -73.66241455078125 94.35940551757812
v -105.49751281738281 -73.66241455078125 94.35940551757812
v -105.49754333496094 -73.66241455078125 94.35940551757812
v -102.77732849121094 -75.64701843261719 95.26751708984375
v -105.49751281738281 -73.66241455078125 94.35940551757812
v -103.21498107910156 -76.95254516601562 95.75126647949219
v -74.42323303222656 -77.71345520019531 96.78361511230469
v -79.81477355957031 -79.26249694824219 95.98724365234375
v -95.56849670410156 -80.54104614257812 96.27618408203125
v -108.28565979003906 -84.56236267089844 96.8106689453125
v -151.3751983642578 -83.08424377441406 98.36708068847656
v -151.0488739013672 -86.21054077148438 98.76724243164062
v -150.1371307373047 -90.74522399902344 96.48878479003906
v -149.24583435058594 -93.36251831054688 97.12356567382812
v -148.1101837158203 -95.14128112792969 99.54647827148438
v -133.8943328857422 -96.93809509277344 95.73394775390625
v -42.29838562011719 -35.04692840576172 100.15553283691406
v -48.03495788574219 -35.87485122680664 102.45372009277344
v -51.60145568847656 -37.1557731628418 100.31864929199219
v -54.93641662597656 -38.509376525878906 98.5689697265625
v -85.80479431152344 -46.51650619506836 97.75064086914062
v -92.31065368652344 -49.19197082519531 99.02589416503906
v -108.33256530761719 -55.462894439697266 98.50868225097656
v -18.265533447265625 -55.96229934692383 98.53044128417969
v -99.03047180175781 -56.76706314086914 96.24516296386719
v -104.05332946777344 -56.660282135009766 98.55215454101562
v -111.20600891113281 -55.69742965698242 97.9954833984375
v -115.32737731933594 -58.29288101196289 99.91378784179688
v -136.0148162841797 -67.87428283691406 100.6256103515625
v -99.47401428222656 -70.65065002441406 94.35940551757812
v -140.6305389404297 -70.32286071777344 98.42739868164062
v -35.64268493652344 -70.14315795898438 99.31462097167969
v -49.5928955078125 -71.10214233398438 98.54533386230469
v -145.5290069580078 -72.69496154785156 100.83419799804688
v -101.57154846191406 -74.2774658203125 96.19039916992188
v -105.49751281738281 -73.66241455078125 94.35940551757812
v -62.91313171386719 -73.33099365234375 100.37863159179688
v -70.94279479980469 -76.26287841796875 101.37185668945312
v -147.7273406982422 -75.2711181640625 96.83705139160156
v -99.30491638183594 -77.62345886230469 96.64213562011719
v -99.51475524902344 -77.21319580078125 97.68898010253906
v -101.71421813964844 -77.47987365722656 96.96626281738281
v -100.45436096191406 -76.33013916015625 96.69285583496094
v -73.46620178222656 -77.02589416503906 100.1846923828125
v -98.53935241699219 -78.49980163574219 96.56419372558594
v -104.97511291503906 -80.01051330566406 96.60688781738281
v -80.26802062988281 -78.40602111816406 99.63954162597656
v -99.62272644042969 -78.03477478027344 97.8023681640625
v -101.07502746582031 -78.17135620117188 97.52725219726562
v -103.24296569824219 -78.81394958496094 98.11541748046875
v -92.75321960449219 -79.39886474609375 100.05389404296875
v -110.56340026855469 -86.85066223144531 97.44256591796875
v -115.68888854980469 -91.99575805664062 99.00033569335938
v -129.6547393798828 -95.77690124511719 104.38456726074219
v -144.2024383544922 -97.29586791992188 98.03712463378906
v -18.41650390625 -37.76256561279297 102.40431213378906
v -61.38755798339844 -40.155487060546875 101.25062561035156
v -75.27162170410156 -43.365203857421875 100.58833312988281
v -16.202011108398438 -43.96146774291992 100.41444396972656
v -16.892425537109375 -46.480430603027344 100.4993896484375
v -81.32020568847656 -46.02554702758789 101.37457275390625
v -79.93898010253906 -45.335777282714844 99.02902221679688
v -99.52894592285156 -58.05875015258789 98.11940002441406
v -106.00859069824219 -56.52436447143555 98.9910888671875
v -20.1025390625 -58.442508697509766 100.20899963378906
v -103.42475891113281 -58.205509185791016 101.2734375
v -101.40544128417969 -59.62357711791992 103.77847290039062
v -120.78114318847656 -60.44858169555664 101.24072265625
v -22.719512939453125 -60.67172622680664 102.15493774414062
v -129.60472106933594 -64.60975646972656 101.910400390625
v -24.943389892578125 -64.37489318847656 99.10173034667969
v -28.643310546875 -65.26937866210938 102.5704345703125
v -34.20269775390625 -67.21565246582031 104.642578125
v -53.843902587890625 -71.17738342285156 99.86758422851562
v -59.9608154296875 -72.12568664550781 99.63369750976562
v -149.8250274658203 -77.00466918945312 101.33467102050781
v -150.7262420654297 -79.00364685058594 100.54339599609375
v -76.72349548339844 -77.69993591308594 101.555419921875
v -91.61335754394531 -77.954345703125 105.5032958984375
v -97.82426452636719 -78.63906860351562 98.76519775390625
v -100.22993469238281 -77.85733032226562 99.36636352539062
v -95.89057922363281 -79.38212585449219 99.41073608398438
v -105.34956359863281 -82.5472412109375 103.72781372070312
v -106.69560241699219 -84.03715515136719 100.14912414550781
v -151.38624572753906 -84.74409484863281 101.11080932617188
v -108.62306213378906 -86.86555480957031 100.15203857421875
v -113.10011291503906 -90.68788146972656 99.87150573730469
v -117.10694885253906 -93.0684814453125 100.24693298339844
v -119.85456848144531 -93.95053100585938 100.64404296875
v -146.4539031982422 -96.47457885742188 99.52674865722656
v -143.15818786621094 -97.31912231445312 99.87394714355469
v -38.86946105957031 -34.05343246459961 104.98876953125
v -55.793914794921875 -38.28409957885742 103.41282653808594
v -17.00592041015625 -39.69111633300781 105.90470886230469
v -16.14654541015625 -41.904720306396484 101.25648498535156
v -73.49134826660156 -42.7747688293457 103.66505432128906
v -86.95729064941406 -47.30808639526367 101.11802673339844
v -17.435333251953125 -51.70115661621094 102.01881408691406
v -18.181472778320312 -54.15943145751953 106.09928894042969
v -98.26545715332031 -58.47988510131836 103.9368896484375
v -97.35157775878906 -56.91910934448242 104.21440124511719
v -112.99598693847656 -57.711483001708984 101.56797790527344
v -118.17359924316406 -59.65712356567383 103.06277465820312
v -40.1275634765625 -70.15542602539062 101.6243896484375
v -99.47401428222656 -73.66241455078125 100.38290405273438
v -99.47401428222656 -73.66241455078125 100.38290405273438
v -99.47401428222656 -73.66241455078125 100.38290405273438
v -99.47401428222656 -73.66241455078125 100.38290405273438
v -99.47401428222656 -73.66241455078125 100.38290405273438
v -148.13133239746094 -74.57582092285156 103.91999816894531
v -81.41398620605469 -77.82427978515625 103.26223754882812
v -86.92771911621094 -77.73124694824219 104.27877807617188
v -99.22312927246094 -77.69003295898438 99.9730224609375
v -105.49751281738281 -76.67416381835938 100.38290405273438
v -105.49751281738281 -76.67416381835938 100.38290405273438
v -105.49754333496094 -76.67416381835938 100.38290405273438
v -105.49754333496094 -76.67416381835938 100.38290405273438
v -98.53169250488281 -77.87861633300781 102.76597595214844
v -102.83314514160156 -79.23336791992188 99.74128723144531
v -151.65650939941406 -81.75375366210938 105.72108459472656
v -124.41728210449219 -94.87590026855469 101.43669128417969
v -133.5299530029297 -96.27749633789062 105.15168762207031
v -78.60643005371094 -45.199214935302734 102.7886962890625
v -76.07606506347656 -43.625404357910156 103.08320617675781
v -16.392608642578125 -43.139278411865234 107.91119384765625
v -93.74516296386719 -51.09721374511719 107.15093994140625
v -86.52473449707031 -48.129146575927734 105.15132141113281
v -94.74415588378906 -51.46634292602539 104.42031860351562
v -95.51725769042969 -52.995872497558594 106.96929931640625
v -110.59962463378906 -57.73081588745117 102.38037109375
v -106.97721862792969 -58.07235336303711 102.45294189453125
v -99.49320983886719 -59.16756820678711 102.86871337890625
v -112.33833312988281 -57.98171615600586 104.38357543945312
v -24.65478515625 -61.585079193115234 104.25103759765625
v -125.91044616699219 -62.98405075073242 102.96841430664062
v -27.288604736328125 -63.49312210083008 104.29237365722656
v -128.6988067626953 -64.52537536621094 107.41859436035156
v -42.151702880859375 -69.54084777832031 104.64530944824219
v -44.95701599121094 -69.43252563476562 106.17475891113281
v -52.73298645019531 -70.41487121582031 104.69483947753906
v -56.78596496582031 -71.38789367675781 103.65626525878906
v -144.7039337158203 -71.77716064453125 107.43789672851562
v -99.47401428222656 -73.66241455078125 100.38290405273438
v -65.51304626464844 -75.27195739746094 105.92692565917969
v -105.49751281738281 -76.67416381835938 100.38290405273438
v -74.52769470214844 -77.37809753417969 105.579833984375
v -100.59376525878906 -78.09385681152344 104.72731018066406
v -96.02314758300781 -77.97361755371094 105.40409851074219
v -101.53291320800781 -78.78276062011719 101.84684753417969
v -101.82945251464844 -79.5328369140625 103.8115234375
v -104.82194519042969 -82.09556579589844 102.52992248535156
v -103.70179748535156 -81.80302429199219 103.22799682617188
v -105.45198059082031 -83.7265625 102.55349731445312
v -105.97526550292969 -86.00489807128906 102.84738159179688
v -103.45140075683594 -84.44415283203125 105.11053466796875
v -105.63465881347656 -88.49549865722656 104.68026733398438
v -107.44160461425781 -89.87611389160156 105.19126892089844
v -143.69761657714844 -96.92182922363281 108.52326965332031
v -25.187637329101562 -34.061946868896484 108.70735168457031
v -28.32611083984375 -33.66810989379883 109.95585632324219
v -22.3690185546875 -35.14292526245117 109.36508178710938
v -65.80027770996094 -41.486412048339844 108.82888793945312
v -70.15785217285156 -42.188232421875 112.62973022460938
v -79.37510681152344 -46.92517852783203 106.89897155761719
v -77.60926818847656 -45.08244323730469 106.50169372558594
v -81.49287414550781 -47.77879333496094 107.25779724121094
v -84.41523742675781 -49.56837844848633 104.39859008789062
v -84.41523742675781 -49.56837844848633 104.39859008789062
v -84.41523742675781 -49.56837463378906 104.39859008789062
v -84.41523742675781 -49.56837844848633 104.39859008789062
v -84.41523742675781 -49.568382263183594 104.39859008789062
v -17.564956665039062 -51.889434814453125 106.95945739746094
v -19.88934326171875 -56.455814361572266 107.64785766601562
v -22.059371948242188 -58.48359298706055 108.10049438476562
v -107.23146057128906 -58.7857780456543 104.51681518554688
v -114.71354675292969 -58.558231353759766 106.78984069824219
v -99.33900451660156 -60.74043655395508 105.87052917480469
v -103.03257751464844 -59.57481002807617 104.18040466308594
v -105.57594299316406 -59.247310638427734 104.31446838378906
v -121.47804260253906 -61.642276763916016 106.42491149902344
v -124.16090393066406 -63.05843734741211 105.737548828125
v -123.63090515136719 -63.210941314697266 106.26203918457031
v -126.87663269042969 -63.85665512084961 106.20176696777344
v -38.3101806640625 -68.66542053222656 105.39158630371094
v -138.1583709716797 -69.12117004394531 105.32444763183594
v -133.25184631347656 -66.47427368164062 108.03831481933594
v -146.42860412597656 -72.41139221191406 112.73371887207031
v -69.78996276855469 -76.86746215820312 109.47482299804688
v -79.79466247558594 -77.41191101074219 109.45878601074219
v -84.31440734863281 -76.77706909179688 108.4671630859375
v -102.34501647949219 -80.74247741699219 104.38142395019531
v -152.0376434326172 -84.39578247070312 106.10273742675781
v -150.50440979003906 -89.05885314941406 107.91888427734375
v -108.95805358886719 -91.67826843261719 106.88941955566406
v -111.78123474121094 -93.62661743164062 108.0909423828125
v -149.1598663330078 -93.32575988769531 107.73788452148438
v -114.24476623535156 -94.76164245605469 109.33299255371094
v -117.00224304199219 -95.00724792480469 108.78781127929688
v -147.97007751464844 -95.1724853515625 107.50758361816406
v -146.33628845214844 -96.41157531738281 106.53352355957031
v -36.53742980957031 -33.757781982421875 112.44827270507812
v -49.4573974609375 -36.140602111816406 107.45634460449219
v -16.597137451171875 -41.71106719970703 110.7718505859375
v -16.641128540039062 -45.647422790527344 114.48786926269531
v -84.41523742675781 -49.56837844848633 104.39859008789062
v -90.10820007324219 -50.30603790283203 108.73634338378906
v -94.61927795410156 -52.12316131591797 110.16714477539062
v -18.53460693359375 -54.01171875 112.18341064453125
v -107.85838317871094 -58.780887603759766 107.22601318359375
v -110.10316467285156 -57.78947830200195 111.26560974121094
v -99.50447082519531 -60.070186614990234 106.14897155761719
v -98.39610290527344 -59.159236907958984 107.07823181152344
v -101.27580261230469 -60.646602630615234 107.69178771972656
v -122.90843200683594 -62.230525970458984 109.2935791015625
v -28.3345947265625 -62.63322830200195 108.16825866699219
v -32.3367919921875 -64.85240173339844 108.16571044921875
v -42.12373352050781 -68.85554504394531 109.16793823242188
v -46.0679931640625 -69.30604553222656 107.28749084472656
v -48.43882751464844 -69.69973754882812 108.30174255371094
v -54.08404541015625 -70.69355773925781 109.01997375488281
v -60.64900207519531 -72.96894836425781 108.56483459472656
v -75.82945251464844 -77.49577331542969 112.27182006835938
v -82.15623474121094 -77.27252197265625 107.44068908691406
v -99.37147521972656 -77.222900390625 106.83491516113281
v -95.44398498535156 -77.72911071777344 107.68824768066406
v -105.49751281738281 -79.6859130859375 106.40641784667969
v -105.49754333496094 -79.6859130859375 106.40641784667969
v -105.49751281738281 -79.6859130859375 106.40641784667969
v -105.49754333496094 -79.6859130859375 106.40641784667969
v -105.49751281738281 -79.6859130859375 106.40641784667969
v -101.60847473144531 -82.72505187988281 107.49217224121094
v -104.60401916503906 -87.22793579101562 105.78410339355469
v -102.45103454589844 -86.17822265625 108.09098815917969
v -105.72801208496094 -89.13748168945312 106.62493896484375
v -124.79393005371094 -95.31207275390625 107.36003112792969
v -138.0973663330078 -96.25567626953125 110.27180480957031
v -42.12281799316406 -34.59769821166992 112.09315490722656
v -19.297592163085938 -37.7164421081543 111.70603942871094
v -53.6322021484375 -37.687713623046875 113.50619506835938
v -61.36915588378906 -40.22663497924805 113.23863220214844
v -76.95338439941406 -44.487709045410156 108.94866943359375
v -77.69038391113281 -46.67961502075195 109.5606689453125
v -78.66893005371094 -47.387542724609375 108.69091796875
v -86.81022644042969 -49.32816696166992 109.04508972167969
v -91.79454040527344 -50.878116607666016 109.92364501953125
v -72.36824035644531 -52.58012390136719 109.41816711425781
v -72.36820983886719 -52.58012390136719 109.41816711425781
v -72.36824035644531 -52.58012390136719 109.41816711425781
v -72.36824035644531 -52.58012771606445 109.41816711425781
v -84.41523742675781 -52.58012390136719 109.41816711425781
v -84.41523742675781 -52.58012390136719 109.41816711425781
v -84.41523742675781 -52.58012390136719 109.41816711425781
v -84.41523742675781 -52.58012771606445 109.41816711425781
v -87.42698669433594 -52.58012390136719 109.41816711425781
v -87.42698669433594 -52.58012390136719 109.41816711425781
v -87.42698669433594 -52.58012390136719 109.41816711425781
v -87.42698669433594 -52.58012771606445 109.41816711425781
v -72.36824035644531 -52.58013153076172 109.41816711425781
v -84.41523742675781 -52.58013153076172 109.41816711425781
v -87.42698669433594 -52.58013153076172 109.41816711425781
v -97.62861633300781 -58.300289154052734 109.14772033691406
v -113.13941955566406 -57.93076705932617 109.9920654296875
v -99.00614929199219 -60.61421585083008 107.24205017089844
v -99.85951232910156 -61.13107681274414 107.51573181152344
v -105.66999816894531 -60.09615707397461 109.25160217285156
v -24.621063232421875 -60.132999420166016 109.64387512207031
v -99.35066223144531 -62.95999526977539 109.414306640625
v -103.35533142089844 -60.49489974975586 110.94197082519531
v -100.99253845214844 -61.386287689208984 111.11825561523438
v -118.93336486816406 -60.90797805786133 110.70712280273438
v -116.36662292480469 -59.84861373901367 110.26069641113281
v -38.586456298828125 -67.72311401367188 109.32638549804688
v -139.0082550048828 -69.20649719238281 110.28276062011719
v -59.246734619140625 -72.58241271972656 114.30836486816406
v -65.29679870605469 -75.32856750488281 110.30654907226562
v -87.75785827636719 -75.33537292480469 112.36862182617188
v -90.02760314941406 -76.36058044433594 109.49992370605469
v -147.9788360595703 -73.85331726074219 113.60028076171875
v -92.95710754394531 -77.38803100585938 108.88351440429688
v -97.26982116699219 -77.65650939941406 110.21202087402344
v -99.29512023925781 -77.85824584960938 109.61256408691406
v -100.50666809082031 -79.71177673339844 108.29188537597656
v -105.49751281738281 -79.6859130859375 106.40643310546875
v -149.75315856933594 -76.61839294433594 113.09965515136719
v -101.25651550292969 -84.50799560546875 109.18971252441406
v -151.96400451660156 -82.45635986328125 113.1519775390625
v -102.73893737792969 -87.675537109375 110.7227783203125
v -104.07411193847656 -88.94184875488281 109.41203308105469
v -132.3745574951172 -96.22378540039062 113.25904846191406
v -145.7978057861328 -96.27293395996094 110.98452758789062
v -39.69316101074219 -34.08757781982422 112.60397338867188
v -17.606338500976562 -40.00997543334961 113.7125244140625
v -73.49446105957031 -42.57011032104492 113.22557067871094
v -66.34471130371094 -46.55662536621094 110.42208862304688
v -66.34471130371094 -46.55662536621094 110.42208862304688
v -66.34471130371094 -46.556617736816406 110.42208862304688
v -66.34471130371094 -46.55662536621094 110.42208862304688
v -77.66847229003906 -45.247257232666016 113.21138000488281
v -66.34471130371094 -46.556610107421875 110.42208862304688
v -77.84413146972656 -48.44322204589844 109.99363708496094
v -78.42384338378906 -48.924381256103516 110.07548522949219
v -79.75944519042969 -48.08185577392578 110.2864990234375
v -80.45042419433594 -48.85161590576172 110.40815734863281
v -17.220504760742188 -49.801055908203125 114.70683288574219
v -82.28340148925781 -49.26637268066406 110.30787658691406
v -79.71638488769531 -49.220638275146484 110.28669738769531
v -90.23912048339844 -50.860595703125 111.0015869140625
v -87.77085876464844 -50.05365753173828 111.68780517578125
v -90.44285583496094 -51.31813049316406 110.41473388671875
v -72.36820983886719 -52.58012771606445 109.41816711425781
v -72.36824035644531 -52.58012390136719 109.41816711425781
v -72.36824035644531 -52.58012390136719 109.41816711425781
v -84.41523742675781 -52.58012771606445 109.41816711425781
v -84.41523742675781 -52.58012390136719 109.41816711425781
v -84.41523742675781 -52.58012390136719 109.41816711425781
v -87.42698669433594 -52.58012771606445 109.41816711425781
v -87.42698669433594 -52.58012390136719 109.41816711425781
v -87.42698669433594 -52.58012390136719 109.41816711425781
v -95.71611022949219 -53.544830322265625 112.16542053222656
v -72.36824035644531 -52.58013153076172 109.41816711425781
v -84.41523742675781 -52.58013153076172 109.41816711425781
v -87.42698669433594 -52.58013153076172 109.41816711425781
v -98.76176452636719 -61.0966911315918 113.07286071777344
v -100.16926574707031 -61.931514739990234 109.87387084960938
v -104.88221740722656 -60.30709457397461 110.97479248046875
v -105.48219299316406 -61.12006759643555 110.414794921875
v -106.70100402832031 -59.182682037353516 111.90415954589844
v -28.6231689453125 -62.08909225463867 111.54228210449219
v -122.78053283691406 -62.16043472290039 111.60493469238281
v -99.43629455566406 -63.6799201965332 109.83921813964844
v -127.41191101074219 -63.37411880493164 113.92079162597656
v -102.48576354980469 -64.62715148925781 110.42208862304688
v -102.48576354980469 -64.62715148925781 110.42208862304688
v -102.48576354980469 -64.62713623046875 110.42208862304688
v -102.48576354980469 -64.62715148925781 110.42208862304688
v -102.48576354980469 -64.62715148925781 110.42208862304688
v -45.888031005859375 -69.38253784179688 111.76283264160156
v -143.8092498779297 -70.70271301269531 114.87553405761719
v -61.31231689453125 -73.24989318847656 113.35649108886719
v -72.45558166503906 -77.28173828125 113.25154113769531
v -94.14134216308594 -77.69223022460938 110.87870788574219
v -99.53800964355469 -78.37158203125 111.31877136230469
v -151.17002868652344 -79.6748046875 113.009033203125
v -100.73374938964844 -82.27958679199219 111.29898071289062
v -101.45173645019531 -83.748046875 109.97468566894531
v -101.64921569824219 -84.68206787109375 109.51130676269531
v -152.04185485839844 -84.38554382324219 111.02108764648438
v -107.20195007324219 -92.03472900390625 112.87672424316406
v -110.32176208496094 -93.52656555175781 111.21437072753906
v -116.84999084472656 -95.45779418945312 114.25492858886719
v -147.5934295654297 -94.50056457519531 115.35218811035156
v -24.176742553710938 -34.28187561035156 118.07289123535156
v -45.6484375 -35.617515563964844 116.91514587402344
v -74.69456481933594 -42.86773681640625 115.40982055664062
v -76.34632873535156 -43.68461608886719 115.805908203125
v -66.34471130371094 -46.55662536621094 110.42208862304688
v -79.09642028808594 -47.17316818237305 112.62910461425781
v -82.07875061035156 -49.102108001708984 112.75151062011719
v -81.69990539550781 -48.359317779541016 114.27536010742188
v -76.90031433105469 -49.52964401245117 110.03082275390625
v -89.47370910644531 -50.525508880615234 114.11457824707031
v -92.70320129394531 -51.131004333496094 112.74252319335938
v -17.931121826171875 -51.73737335205078 118.35505676269531
v -72.36824035644531 -52.58012390136719 109.41816711425781
v -84.41523742675781 -52.58012390136719 109.41816711425781
v -87.42698669433594 -52.58012390136719 109.41816711425781
v -94.19801330566406 -51.785343170166016 114.09197998046875
v -19.984756469726562 -55.8764762878418 114.03219604492188
v -23.379074096679688 -58.13851547241211 118.50865173339844
v -108.10890197753906 -58.55815505981445 113.52519226074219
v -111.09562683105469 -58.09346389770508 113.71104431152344
v -109.94841003417969 -58.0013313293457 115.61544799804688
v -112.37593078613281 -58.44943618774414 113.6517333984375
v -114.22807312011719 -59.22548294067383 112.2586669921875
v -104.46516418457031 -59.257198333740234 114.40446472167969
v -102.43037414550781 -60.7164421081543 115.00485229492188
v -119.85234069824219 -62.252140045166016 114.07099914550781
v -117.57398986816406 -62.17361831665039 114.2158203125
v -99.59480285644531 -62.5400276184082 111.88681030273438
v -122.69136047363281 -62.58637619018555 114.11418151855469
v -125.52925109863281 -62.97349166870117 114.18812561035156
v -102.48576354980469 -64.62715148925781 110.42208862304688
v -47.24128723144531 -69.16093444824219 118.20106506347656
v -49.071136474609375 -70.05743408203125 114.36799621582031
v -136.9123077392578 -66.63345336914062 119.17280578613281
v -99.47401428222656 -73.66241455078125 112.429931640625
v -99.47401428222656 -73.66241455078125 112.429931640625
v -99.47401428222656 -73.66241455078125 112.429931640625
v -99.47401428222656 -73.66241455078125 112.429931640625
v -64.45927429199219 -74.35490417480469 115.43310546875
v -99.47401428222656 -73.66241455078125 112.429931640625
v -70.36186218261719 -76.8448486328125 113.64990234375
v -86.35356140136719 -75.05848693847656 115.09080505371094
v -89.25013732910156 -75.2833251953125 113.49406433105469
v -93.05513000488281 -77.446533203125 112.84312438964844
v -96.49534606933594 -78.37837219238281 112.30439758300781
v -98.16716003417969 -77.77320861816406 113.66947937011719
v -98.91459655761719 -77.46141052246094 113.12933349609375
v -95.24613952636719 -78.68634033203125 112.906494140625
v -100.14344787597656 -80.67901611328125 114.24307250976562
v -101.04689025878906 -82.78231811523438 113.27781677246094
v -102.64576721191406 -80.77870178222656 115.65478515625
v -102.13731384277344 -85.94868469238281 112.1680908203125
v -102.05863952636719 -82.83106994628906 114.07369995117188
v -103.89448547363281 -89.80439758300781 115.06002807617188
v -149.55665588378906 -90.58314514160156 115.90286254882812
v -148.63819885253906 -92.80023193359375 116.89060974121094
v -126.26472473144531 -95.73428344726562 116.24417114257812
v -138.01295471191406 -95.78994750976562 116.56932067871094
v -143.9068145751953 -96.04292297363281 115.41877746582031
v -26.511825561523438 -33.71247482299805 119.97509765625
v -29.37481689453125 -33.517189025878906 118.57579040527344
v -22.542892456054688 -35.17136001586914 117.74066162109375
v -56.380157470703125 -38.50569152832031 119.28077697753906
v -78.51679992675781 -45.59965515136719 115.51704406738281
v -83.09846496582031 -50.096343994140625 115.5616455078125
v -84.78083801269531 -50.207706451416016 114.19171142578125
v -88.42091369628906 -50.60956954956055 117.72395324707031
v -78.39173889160156 -52.58012390136719 114.43775939941406
v -78.39173889160156 -52.58012390136719 114.43775939941406
v -78.39173889160156 -52.58013153076172 114.43775939941406
v -78.39173889160156 -52.58012390136719 114.43775939941406
v -78.39173889160156 -52.580135345458984 114.43775939941406
v -96.80189514160156 -54.973690032958984 116.12895202636719
v -107.08934020996094 -58.33183670043945 114.19287109375
v -112.71095275878906 -58.942562103271484 116.81880187988281
v -113.31123352050781 -59.47781753540039 117.19938659667969
v -100.83293151855469 -61.07094955444336 114.08462524414062
v -114.33940124511719 -60.66013717651367 114.78831481933594
v -26.638290405273438 -60.342891693115234 117.80897521972656
v -115.63731384277344 -62.187984466552734 114.71661376953125
v -33.397796630859375 -63.6275520324707 116.39286804199219
v -114.84489440917969 -63.76179885864258 116.45944213867188
v -39.29057312011719 -65.64363098144531 119.29417419433594
v -42.33271789550781 -67.6339111328125 117.19609069824219
v -99.47401428222656 -73.66241455078125 112.429931640625
v -102.48576354980469 -73.66241455078125 114.43775939941406
v -102.48576354980469 -73.66241455078125 114.43775939941406
v -102.48576354980469 -73.66241455078125 114.43775939941406
v -102.48576354980469 -73.66241455078125 114.43775939941406
v -102.48576354980469 -73.66241455078125 114.43775939941406
v -81.84477233886719 -76.15374755859375 116.63656616210938
v -90.06050109863281 -75.60446166992188 116.3248291015625
v -99.71766662597656 -77.45259094238281 115.58006286621094
v -94.01463317871094 -78.6884765625 114.56939697265625
v -95.89338684082031 -82.10093688964844 116.95584106445312
v -96.48826599121094 -79.69151306152344 113.85939025878906
v -97.85481262207031 -79.10598754882812 114.79046630859375
v -99.94734191894531 -82.337890625 116.44371032714844
v -101.19624328613281 -83.53480529785156 115.03610229492188
v -102.57087707519531 -83.2779541015625 115.8665771484375
v -102.54566955566406 -87.43031311035156 114.60337829589844
v -102.20063781738281 -85.93275451660156 115.25660705566406
v -111.68235778808594 -94.32402038574219 114.96244812011719
v -115.10002136230469 -95.22647094726562 117.90957641601562
v -123.42134094238281 -95.80738830566406 121.45687866210938
v -146.73426818847656 -95.10920715332031 117.18666076660156
v -20.558670043945312 -36.981658935546875 120.05552673339844
v -51.67735290527344 -37.21352767944336 119.43414306640625
v -17.25225830078125 -41.38671112060547 120.7330322265625
v -63.921112060546875 -40.791893005371094 119.43653869628906
v -16.65350341796875 -43.54471206665039 121.28410339355469
v -69.51899719238281 -41.900909423828125 121.86247253417969
v -80.23039245605469 -46.510154724121094 117.56217956542969
v -82.33497619628906 -49.1917839050293 116.61807250976562
v -82.11302185058594 -50.70694351196289 117.72770690917969
v -82.26618957519531 -48.98280715942383 118.35115051269531
v -84.26026916503906 -51.024654388427734 116.02276611328125
v -86.00593566894531 -50.62826156616211 117.34370422363281
v -90.65226745605469 -50.633888244628906 118.77809143066406
v -93.63609313964844 -51.356727600097656 122.51646423339844
v -78.39173889160156 -52.58012390136719 114.43775939941406
v -83.17677307128906 -53.593292236328125 116.85797119140625
v -96.10356140136719 -53.19890594482422 120.32681274414062
v -20.074234008789062 -54.778289794921875 118.97921752929688
v -107.18849182128906 -58.206539154052734 119.36140441894531
v -110.92811584472656 -58.88376235961914 118.8192138671875
v -97.79905700683594 -56.22659683227539 118.33573913574219
v -99.41697692871094 -60.0150032043457 117.70849609375
v -101.87608337402344 -59.77847671508789 117.28318786621094
v -99.46958923339844 -60.98649215698242 116.65144348144531
v -103.64170837402344 -58.9200325012207 118.27061462402344
v -108.59065246582031 -59.23990249633789 116.39453125
v -111.92405700683594 -59.8244514465332 116.96888732910156
v -111.66151428222656 -59.935726165771484 117.77142333984375
v -113.40397644042969 -61.7331428527832 117.58236694335938
v -119.83207702636719 -64.34730529785156 118.48509216308594
v -119.14967346191406 -64.25398254394531 118.58477783203125
v -123.38722229003906 -63.45670700073242 117.93678283691406
v -124.77436828613281 -63.06796646118164 117.32064819335938
v -37.724578857421875 -64.41932678222656 122.04066467285156
v -127.40083312988281 -62.93570327758789 119.13072204589844
v -115.23149108886719 -64.27908325195312 118.00749206542969
v -99.47401428222656 -70.65065002441406 116.44560241699219
v -99.47401428222656 -70.65065002441406 116.44560241699219
v -99.47401428222656 -70.65065002441406 116.44560241699219
v -99.47401428222656 -70.65065002441406 116.44560241699219
v -102.48576354980469 -70.65065002441406 116.44560241699219
v -102.48576354980469 -70.65065002441406 116.44560241699219
v -102.48576354980469 -70.65065002441406 116.44560241699219
v -102.48576354980469 -70.65065002441406 116.44560241699219
v -55.08201599121094 -71.76107788085938 118.59243774414062
v -99.47401428222656 -70.65065002441406 116.44560241699219
v -102.48576354980469 -70.65065002441406 116.44560241699219
v -143.3288116455078 -69.41180419921875 121.96412658691406
v -102.48576354980469 -73.66241455078125 114.43775939941406
v -146.5063018798828 -71.68093872070312 121.98146057128906
v -87.99836730957031 -75.07319641113281 117.75802612304688
v -70.96253967285156 -75.97868347167969 120.09736633300781
v -99.44389343261719 -76.04376220703125 116.97299194335938
v -79.03440856933594 -76.45843505859375 118.54042053222656
v -91.98985290527344 -77.28556823730469 116.91600036621094
v -99.40672302246094 -77.35964965820312 116.91436767578125
v -98.65254211425781 -80.34523010253906 116.52070617675781
v -99.80039978027344 -78.66148376464844 116.04669189453125
v -151.17384338378906 -78.92559814453125 119.1661376953125
v -95.19947814941406 -83.56013488769531 120.11318969726562
v -152.03907775878906 -81.99513244628906 116.55207824707031
v -97.32182312011719 -82.81707763671875 117.48504638671875
v -99.65708923339844 -84.33233642578125 117.72122192382812
v -101.61695861816406 -84.88713073730469 115.96774291992188
v -100.78791809082031 -86.47004699707031 118.12364196777344
v -151.2334747314453 -84.33644104003906 120.85569763183594
v -103.93904113769531 -90.578125 120.73262023925781
v -132.1707000732422 -96.50981140136719 120.1015625
v -142.8322296142578 -95.97306823730469 117.7091064453125
v -25.410812377929688 -34.20983123779297 122.42587280273438
v -38.185150146484375 -33.59010314941406 124.66552734375
v -18.54144287109375 -39.42616653442383 122.99598693847656
v -17.0772705078125 -46.34779357910156 120.9503173828125
v -84.14939880371094 -51.614707946777344 117.80978393554688
v -87.56733703613281 -50.83763885498047 118.35398864746094
v -82.85295104980469 -51.73481750488281 118.24179077148438
v -99.39927673339844 -57.607295989990234 120.94059753417969
v -99.42936706542969 -58.2215461730957 120.67933654785156
v -101.42198181152344 -58.29806137084961 120.74116516113281
v -110.07798767089844 -58.44594955444336 122.66920471191406
v -112.92201232910156 -58.71445083618164 119.39822387695312
v -105.47877502441406 -58.69675827026367 119.88873291015625
v -109.13325500488281 -58.32925796508789 119.35870361328125
v -111.95671081542969 -59.3220100402832 118.37181091308594
v -113.02561950683594 -60.6093864440918 118.86505126953125
v -111.74928283691406 -61.99722671508789 117.76600646972656
v -112.42076110839844 -61.59743118286133 118.20147705078125
v -112.48765563964844 -61.12410354614258 119.43341064453125
v -30.568603515625 -61.70296096801758 120.8614501953125
v -113.68656921386719 -62.52897262573242 118.83000183105469
v -119.12983703613281 -63.9915657043457 118.72793579101562
v -117.34687805175781 -64.40090942382812 120.05256652832031
v -133.3387908935547 -64.84626770019531 122.68522644042969
v -50.1051025390625 -69.85810852050781 119.56413269042969
v -55.164398193359375 -71.253662109375 123.83479309082031
v -99.47401428222656 -70.65065002441406 116.44558715820312
v -102.48576354980469 -70.65065002441406 116.44558715820312
v -64.87159729003906 -74.19320678710938 120.46621704101562
v -85.37174987792969 -75.17330932617188 118.84170532226562
v -74.54862976074219 -76.48725891113281 119.94721984863281
v -82.72673034667969 -75.87678527832031 119.72665405273438
v -90.49446105957031 -77.33595275878906 120.09303283691406
v -101.30836486816406 -76.68955993652344 117.39752197265625
v -149.3435821533203 -75.17115783691406 122.39341735839844
v -99.44227600097656 -74.98893737792969 118.59951782226562
v -92.89186096191406 -81.78521728515625 122.18667602539062
v -99.21549987792969 -81.55636596679688 117.34164428710938
v -102.31700134277344 -78.39472961425781 116.60000610351562
v -151.69325256347656 -81.301025390625 119.0750732421875
v -96.93351745605469 -84.24305725097656 118.5582275390625
v -98.51533508300781 -82.69683837890625 118.17353820800781
v -99.23774719238281 -83.31216430664062 118.74794006347656
v -98.16978454589844 -85.05303955078125 117.9305419921875
v -99.34562683105469 -85.112548828125 118.40342712402344
v -149.96192932128906 -89.28878784179688 120.28526306152344
v -105.49751281738281 -88.72117614746094 118.45343017578125
v -105.49754333496094 -88.72117614746094 118.45343017578125
v -105.49751281738281 -88.72117614746094 118.45343017578125
v -105.49754333496094 -88.72117614746094 118.45343017578125
v -101.18205261230469 -88.27401733398438 121.80038452148438
v -105.49751281738281 -88.72119140625 118.45343017578125
v -109.72230529785156 -93.25834655761719 123.72862243652344
v -113.66078186035156 -94.55560302734375 121.31710815429688
v -147.6842803955078 -94.67591857910156 121.08198547363281
v -137.05641174316406 -96.08488464355469 120.19570922851562
v -145.5729217529297 -95.763427734375 119.5020751953125
v -42.07566833496094 -34.13174057006836 125.64743041992188
v -23.021957397460938 -35.75715255737305 123.41908264160156
v -72.93571472167969 -42.79789352416992 123.47882080078125
v -74.69367980957031 -43.68019104003906 123.89714050292969
v -80.17127990722656 -46.64915466308594 119.8563232421875
v -82.79579162597656 -48.88851547241211 122.41511535644531
v -82.98478698730469 -49.57144546508789 120.19181823730469
v -88.51435852050781 -50.42677688598633 121.74357604980469
v -85.16252136230469 -50.404666900634766 119.79873657226562
v -84.02043151855469 -49.91936492919922 120.79646301269531
v -104.26667785644531 -58.21211624145508 121.40858459472656
v -111.46418762207031 -59.4438591003418 120.42338562011719
v -112.88423156738281 -59.44253158569336 120.5994873046875
v -27.9537353515625 -59.54487991333008 123.88250732421875
v -108.50929260253906 -61.61539077758789 121.46519470214844
v -108.50929260253906 -61.61539840698242 121.46519470214844
v -108.50926208496094 -61.61539077758789 121.46519470214844
v -108.50926208496094 -61.61539077758789 121.46519470214844
v -111.80345153808594 -60.71397018432617 120.45376586914062
v -113.24684143066406 -61.254756927490234 120.31709289550781
v -34.64335632324219 -62.73868942260742 124.53401184082031
v -108.50926208496094 -61.61539077758789 121.46519470214844
v -114.76072692871094 -63.56791305541992 121.11929321289062
v -116.10990905761719 -64.00921630859375 121.35404968261719
v -127.22450256347656 -62.9841423034668 124.24085998535156
v -118.85719299316406 -64.03271484375 120.24758911132812
v -42.93852233886719 -66.15309143066406 122.82473754882812
v -59.66667175292969 -72.9141845703125 125.17633056640625
v -77.36967468261719 -76.45660400390625 122.07424926757812
v -88.04103088378906 -76.12919616699219 121.27223205566406
v -99.38615417480469 -83.34814453125 121.29559326171875
v -96.91587829589844 -84.552001953125 120.54542541503906
v -99.34721374511719 -85.73893737792969 120.44015502929688
v -105.49751281738281 -88.72117614746094 118.45343017578125
v -106.42118835449219 -91.94374084472656 125.03424072265625
v -111.43281555175781 -93.69775390625 124.718505859375
v -122.06593322753906 -95.64459228515625 125.19071960449219
v -126.87303161621094 -96.48928833007812 125.35833740234375
v -143.1282196044922 -96.41131591796875 121.28274536132812
v -32.94035339355469 -33.66032409667969 123.97303771972656
v -19.65673828125 -38.6748046875 125.47270202636719
v -51.67893981933594 -37.157379150390625 132.25233459472656
v -56.60847473144531 -38.21473693847656 127.02874755859375
v -67.61134338378906 -41.2342529296875 128.37637329101562
v -17.788360595703125 -41.542877197265625 125.44194030761719
v -77.65299987792969 -46.37742614746094 126.18313598632812
v -82.78077697753906 -48.92615509033203 124.332763671875
v -80.61415100097656 -48.091102600097656 125.80625915527344
v -18.336593627929688 -47.70075607299805 124.5887451171875
v -84.78971862792969 -49.50004196166992 124.2432861328125
v -20.540252685546875 -52.385345458984375 123.8720703125
v -95.87690734863281 -53.116825103759766 124.83563232421875
v -22.470672607421875 -55.23786544799805 123.54339599609375
v -25.405593872070312 -58.00898361206055 123.61726379394531
v -99.33830261230469 -56.8967170715332 123.15969848632812
v -98.55580139160156 -55.927616119384766 125.17996215820312
v -99.55271911621094 -57.685237884521484 122.87158203125
v -100.41377258300781 -57.36885452270508 122.75096130371094
v -102.60719299316406 -57.28702926635742 124.49783325195312
v -99.48939514160156 -57.86227035522461 126.00608825683594
v -103.80110168457031 -57.08040237426758 125.29481506347656
v -104.83363342285156 -57.72018814086914 127.46986389160156
v -106.63203430175781 -58.292232513427734 123.798095703125
v -105.52207946777344 -59.48359298706055 122.37190246582031
v -107.20484924316406 -57.450077056884766 129.80340576171875
v -111.74150085449219 -60.173404693603516 121.16262817382812
v -108.50926208496094 -61.61539077758789 121.46517944335938
v -108.50926208496094 -61.61539077758789 121.46517944335938
v -108.50926208496094 -61.61539840698242 121.46517944335938
v -113.14384460449219 -60.22903060913086 122.25213623046875
v -113.93528747558594 -60.24587631225586 125.099365234375
v -123.15547180175781 -64.00016784667969 121.8980712890625
v -117.49324035644531 -63.476924896240234 124.83795166015625
v -122.16722106933594 -63.78813552856445 125.43757629394531
v -129.7014923095703 -63.26311111450195 125.83552551269531
v -48.889373779296875 -67.00418090820312 126.36360168457031
v -139.66236877441406 -67.28736877441406 126.08494567871094
v -54.141143798828125 -70.16239929199219 126.19432067871094
v -144.01429748535156 -69.58404541015625 125.4593505859375
v -147.6708526611328 -72.88288879394531 126.24710083007812
v -68.69099426269531 -75.60748291015625 124.03376770019531
v -72.81028747558594 -76.35195922851562 123.63961791992188
v -82.83702087402344 -76.24053955078125 122.40739440917969
v -86.03419494628906 -76.46139526367188 123.11221313476562
v -150.71510314941406 -78.0816650390625 123.45741271972656
v -94.25871276855469 -82.913818359375 121.935791015625
v -97.81440734863281 -84.75343322753906 122.41496276855469
v -99.88615417480469 -85.88009643554688 122.85762023925781
v -101.71543884277344 -88.62379455566406 122.41790771484375
v -144.8682098388672 -96.97550964355469 124.40652465820312
v -146.17372131347656 -96.92671203613281 125.81791687011719
v -134.13243103027344 -97.46240234375 125.83352661132812
v -31.647140502929688 -34.24187088012695 126.47828674316406
v -21.953994750976562 -37.406280517578125 126.41972351074219
v -60.936920166015625 -39.17255783081055 129.61090087890625
v -17.924560546875 -43.6382942199707 126.51675415039062
v -75.68965148925781 -44.57044219970703 125.80424499511719
v -87.86100769042969 -50.42448425292969 126.55160522460938
v -93.74443054199219 -51.850555419921875 125.25953674316406
v -105.72166442871094 -58.452632904052734 125.76554870605469
v -110.83403015136719 -58.3498649597168 127.24934387207031
v -112.19688415527344 -59.72099685668945 123.79170227050781
v -116.01548767089844 -62.4305305480957 125.01933288574219
v -117.40840148925781 -61.612186431884766 130.66668701171875
v -119.25346374511719 -62.765445709228516 124.70750427246094
v -40.9425048828125 -64.50340270996094 126.48831176757812
v -51.0628662109375 -67.84544372558594 127.21139526367188
v -64.45101928710938 -74.57266235351562 126.41546630859375
v -77.84107971191406 -76.82536315917969 124.45423889160156
v -83.05238342285156 -76.90962219238281 124.79731750488281
v -89.10276794433594 -80.05879211425781 125.60507202148438
v -92.60270690917969 -82.96778869628906 125.71505737304688
v -95.18916320800781 -83.72306823730469 124.46835327148438
v -99.32304382324219 -84.19735717773438 124.05006408691406
v -98.97480773925781 -83.91648864746094 125.43424987792969
v -99.37696838378906 -82.9212646484375 126.39871215820312
v -151.2615203857422 -82.86152648925781 126.45672607421875
v -98.09068298339844 -84.64523315429688 124.72207641601562
v -149.21458435058594 -93.48197937011719 127.18922424316406
v -105.49751281738281 -88.72117614746094 124.47694396972656
v -105.49751281738281 -88.72119140625 124.47694396972656
v -105.49754333496094 -88.72117614746094 124.47694396972656
v -105.49754333496094 -88.72117614746094 124.47694396972656
v -103.88203430175781 -89.51992797851562 128.63409423828125
v -104.85743713378906 -90.19635009765625 130.53073120117188
v -114.93199157714844 -94.21247863769531 125.19999694824219
v -147.6411590576172 -95.83610534667969 125.54998779296875
v -119.99211120605469 -95.03395080566406 127.46772766113281
v -142.5390167236328 -97.48588562011719 124.97445678710938
v -34.72029113769531 -34.08957290649414 129.1643829345703
v -39.23158264160156 -33.763038635253906 129.20864868164062
v -24.45916748046875 -36.4519157409668 126.60530090332031
v -30.050460815429688 -35.27998733520508 127.97126770019531
v -47.55519104003906 -35.952640533447266 134.3875274658203
v -20.839096069335938 -38.83204650878906 128.33755493164062
v -19.520401000976562 -40.2282829284668 128.72817993164062
v -75.31028747558594 -44.332176208496094 130.23455810546875
v -83.07908630371094 -49.32899475097656 129.7667999267578
v -95.08457946777344 -53.83919906616211 130.6890106201172
v -98.38108825683594 -56.64811325073242 128.1515350341797
v -99.92457580566406 -56.656864166259766 125.47622680664062
v -100.91914367675781 -57.47965621948242 127.8184814453125
v -109.12388610839844 -57.51240158081055 128.8500518798828
v -115.52330017089844 -59.47538375854492 129.691650390625
v -120.61164855957031 -61.42360305786133 129.1026153564453
v -126.01200866699219 -63.52324295043945 129.85206604003906
v -117.99272155761719 -61.86861801147461 129.52401733398438
v -123.68074035644531 -64.08540344238281 130.7371368408203
v -135.6394500732422 -65.86808776855469 129.6641387939453
v -123.50990295410156 -63.82175827026367 130.73817443847656
v -58.63990783691406 -72.13531494140625 130.53631591796875
v -145.00196838378906 -70.47747802734375 130.5446014404297
v -62.22264099121094 -73.88607788085938 129.28155517578125
v -148.5714569091797 -75.96376037597656 134.51161193847656
v -73.83619689941406 -78.63615417480469 131.35731506347656
v -76.96513366699219 -77.75144958496094 127.35978698730469
v -86.64485168457031 -79.40837097167969 127.45835876464844
v -83.55961608886719 -79.02790832519531 128.9950714111328
v -150.74925231933594 -79.92893981933594 128.09686279296875
v -88.07322692871094 -80.95088195800781 129.24935913085938
v -98.92274475097656 -84.13189697265625 127.476318359375
v -96.02342224121094 -83.68885803222656 126.10499572753906
v -98.39176940917969 -83.72193908691406 128.6315460205078
v -99.84574890136719 -85.15640258789062 126.72984313964844
v -97.96815490722656 -87.21530151367188 126.48478698730469
v -97.96812438964844 -87.21530151367188 126.48478698730469
v -97.96815490722656 -87.21530151367188 126.48478698730469
v -97.96812438964844 -87.21530151367188 126.48478698730469
v -100.57005310058594 -85.99960327148438 128.66307067871094
v -149.33628845214844 -92.57600402832031 130.6477813720703
v -97.96815490722656 -87.21530151367188 126.48478698730469
v -103.03205871582031 -88.55743408203125 126.94378662109375
v -102.13154602050781 -87.76765441894531 126.12472534179688
v -105.49751281738281 -88.72117614746094 124.47694396972656
v -131.0516815185547 -97.71867370605469 128.25852966308594
v -141.12049865722656 -98.51307678222656 127.4224853515625
v -134.7843475341797 -98.2869873046875 128.0394744873047
v -144.3256072998047 -98.60537719726562 128.10195922851562
v -42.41078186035156 -34.29475402832031 131.1677703857422
v -29.079605102539062 -37.38619613647461 131.16786193847656
v -72.79121398925781 -42.793487548828125 128.8268585205078
v -21.312255859375 -45.09571838378906 133.01026916503906
v -20.967681884765625 -42.885372161865234 133.76344299316406
v -81.24595642089844 -48.38800811767578 131.08935546875
v -86.54817199707031 -50.53145217895508 131.2012481689453
v -93.22343444824219 -52.851829528808594 130.44784545898438
v -26.832305908203125 -54.85171890258789 132.71641540527344
v -99.75874328613281 -57.08955001831055 126.58192443847656
v -103.63395690917969 -57.45175552368164 130.69371032714844
v -98.22428894042969 -57.36665725708008 131.03530883789062
v -100.71034240722656 -58.062747955322266 131.50521850585938
v -105.22691345214844 -57.01699447631836 133.81118774414062
v -112.68684387207031 -57.40122604370117 131.3353729248047
v -119.10008239746094 -61.131526947021484 128.4624481201172
v -35.506561279296875 -60.5136604309082 131.4243927001953
v -40.53997802734375 -63.6396369934082 128.43560791015625
v -46.13018798828125 -64.59715270996094 132.21896362304688
v -49.63043212890625 -66.01744079589844 131.95877075195312
v -141.86134338378906 -68.34161376953125 130.080322265625
v -67.52723693847656 -76.8795166015625 131.29368591308594
v -71.05061340332031 -78.10469055175781 132.12120056152344
v -149.4163360595703 -77.81887817382812 133.735107421875
v -150.67283630371094 -81.95329284667969 131.16024780273438
v -91.84062194824219 -83.23915100097656 129.6607208251953
v -96.92936706542969 -83.26139831542969 127.98648071289062
v -98.74995422363281 -81.9349365234375 129.62960815429688
v -98.67057800292969 -82.58525085449219 128.03280639648438
v -97.18315124511719 -82.85404968261719 130.3846435546875
v -99.29127502441406 -81.14544677734375 129.20826721191406
v -99.48951721191406 -83.91619873046875 128.48472595214844
v -93.47377014160156 -83.53656005859375 128.9303741455078
v -98.67143249511719 -83.7120361328125 130.74740600585938
v -97.96815490722656 -87.21530151367188 126.48478698730469
v -150.6822967529297 -84.91596984863281 130.42662048339844
v -101.64149475097656 -86.92889404296875 128.41725158691406
v -102.42741394042969 -86.12232971191406 127.87094116210938
v -102.39268493652344 -86.68882751464844 128.781494140625
v -105.54695129394531 -90.38717651367188 131.76821899414062
v -108.05073547363281 -91.61029052734375 131.59152221679688
v -107.00337219238281 -93.23881530761719 128.49261474609375
v -107.00340270996094 -93.23881530761719 128.49261474609375
v -107.00337219238281 -93.23881530761719 128.49261474609375
v -107.00340270996094 -93.23881530761719 128.49261474609375
v -109.34809875488281 -92.55299377441406 130.1217498779297
v -107.00337219238281 -93.23881530761719 128.49261474609375
v -110.79426574707031 -92.43865966796875 130.3479461669922
v -114.65242004394531 -92.64137268066406 131.59181213378906
v -127.06300354003906 -96.92678833007812 130.19642639160156
v -145.93052673339844 -98.71249389648438 130.2964630126953
v -147.01905822753906 -97.09513854980469 129.10256958007812
v -142.22752380371094 -100.01663208007812 129.37403869628906
v -30.909210205078125 -36.95305633544922 133.18423461914062
v -33.29673767089844 -35.389488220214844 132.82972717285156
v -24.5418701171875 -38.82498550415039 131.5520782470703
v -22.657379150390625 -40.54340362548828 133.9326171875
v -19.91644287109375 -41.423500061035156 131.01295471191406
v -77.13584899902344 -45.457332611083984 134.39932250976562
v -89.05726623535156 -51.61048126220703 131.38845825195312
v -96.35337829589844 -54.94334030151367 131.25086975097656
v -29.677627563476562 -56.87919235229492 133.33689880371094
v -34.67694091796875 -58.46212387084961 136.25094604492188
v -98.92668151855469 -58.213741302490234 133.4276123046875
v -99.47401428222656 -61.61539840698242 130.50045776367188
v -99.47401428222656 -61.61539840698242 130.50045776367188
v -99.47401428222656 -61.61539840698242 130.50045776367188
v -99.47401428222656 -61.61539840698242 130.50045776367188
v -122.17243957519531 -62.017086029052734 133.12149047851562
v -99.47401428222656 -61.61539077758789 130.50045776367188
v -129.5144500732422 -63.899967193603516 132.02999877929688
v -52.54920959472656 -67.19622802734375 134.73092651367188
v -55.575592041015625 -69.404296875 136.06985473632812
v -146.17164611816406 -72.92236328125 139.390625
v -79.16688537597656 -79.52098083496094 131.60240173339844
v -84.82627868652344 -80.45964050292969 132.62277221679688
v -88.46910095214844 -81.75933837890625 133.38656616210938
v -99.23484802246094 -83.118896484375 130.38101196289062
v -94.26142883300781 -83.14179992675781 133.50717163085938
v -99.33961486816406 -83.95100402832031 132.62258911132812
v -102.25856018066406 -86.80703735351562 132.5166015625
v -102.36247253417969 -87.583251953125 131.91293334960938
v -102.37495422363281 -87.5684814453125 130.1024169921875
v -105.46672058105469 -89.9918212890625 131.8187713623047
v -107.00337219238281 -93.23881530761719 128.49261474609375
v -118.94364929199219 -94.27047729492188 131.3887939453125
v -147.44300842285156 -96.98655700683594 131.62942504882812
v -135.28590393066406 -99.52024841308594 129.841796875
v -132.44309997558594 -99.07630920410156 130.66758728027344
v -144.8470916748047 -100.30818176269531 130.86920166015625
v -38.951416015625 -34.66493606567383 139.19491577148438
v -35.81666564941406 -34.978271484375 137.04627990722656
v -27.54351806640625 -38.73958969116211 133.75440979003906
v -58.43171691894531 -38.382015228271484 137.25904846191406
v -62.40547180175781 -39.36299514770508 137.91465759277344
v -85.62995910644531 -49.71519470214844 134.36151123046875
v -25.729400634765625 -51.6012077331543 134.74212646484375
v -91.00614929199219 -52.19928741455078 134.94869995117188
v -93.26280212402344 -53.04538345336914 133.70474243164062
v -95.55122375488281 -54.191619873046875 134.082275390625
v -102.05024719238281 -57.62406539916992 133.6785125732422
v -107.05625915527344 -56.43508529663086 135.19174194335938
v -110.01268005371094 -56.50553512573242 135.28562927246094
v -113.01774597167969 -57.1638298034668 134.1196746826172
v -43.61322021484375 -61.48527908325195 136.10011291503906
v -99.47401428222656 -61.61539840698242 130.50045776367188
v -116.91957092285156 -60.0758171081543 133.3712615966797
v -118.80342102050781 -61.02540969848633 132.986572265625
v -124.17317199707031 -63.000057220458984 132.617919921875
v -125.29084777832031 -62.73395919799805 135.28390502929688
v -137.5991668701172 -66.78915405273438 139.10223388671875
v -139.8382110595703 -67.72991943359375 141.87786865234375
v -141.6117706298828 -68.86991882324219 142.54383850097656
v -66.19371032714844 -76.1353759765625 134.8037567138672
v -81.51441955566406 -79.8385009765625 132.41209411621094
v -149.5143585205078 -79.74302673339844 138.114501953125
v -98.55198669433594 -83.34977722167969 132.36924743652344
v -101.43989562988281 -86.45628356933594 133.804443359375
v -104.20030212402344 -89.98695373535156 133.9221954345703
v -107.32423400878906 -91.39637756347656 134.08753967285156
v -105.92146301269531 -90.84661865234375 135.46530151367188
v -109.94303894042969 -91.42253112792969 132.72337341308594
v -112.62992858886719 -91.36598205566406 133.23861694335938
v -112.93458557128906 -90.95840454101562 136.69741821289062
v -126.28642272949219 -96.87278747558594 132.90740966796875
v -147.7987823486328 -96.57794189453125 134.331787109375
v -130.41664123535156 -98.65792846679688 132.59548950195312
v -145.8274383544922 -100.68418884277344 132.9628143310547
v -134.3759307861328 -101.56362915039062 132.70765686035156
v -140.13072204589844 -102.87150573730469 132.18115234375
v -143.03965759277344 -104.37112426757812 133.06297302246094
v -144.61219787597656 -103.79191589355469 133.68392944335938
v -139.80235290527344 -103.50390625 133.4796905517578
v -43.441680908203125 -35.006900787353516 138.76211547851562
v -32.877410888671875 -36.031795501708984 136.58187866210938
v -49.96112060546875 -36.482181549072266 137.90292358398438
v -25.704635620117188 -40.208309173583984 137.5230712890625
v -22.482452392578125 -41.80133819580078 135.601806640625
v -79.34062194824219 -46.154136657714844 139.08741760253906
v -28.68048095703125 -54.81275939941406 135.8788604736328
v -97.96043395996094 -56.41908645629883 135.0926971435547
v -33.532867431640625 -57.35255813598633 137.31997680664062
v -116.59638977050781 -59.08249282836914 136.7370147705078
v -120.06398010253906 -60.95869827270508 135.10157775878906
v -128.6244354248047 -63.73696517944336 135.48208618164062
v -48.97700500488281 -64.505126953125 136.71177673339844
v -51.9501953125 -66.04121398925781 138.06788635253906
v -132.3856658935547 -65.15773010253906 137.9424285888672
v -62.778656005859375 -74.05091857910156 135.97683715820312
v -68.30348205566406 -77.17860412597656 134.9974822998047
v -76.17033386230469 -79.641845703125 134.65611267089844
v -82.93449401855469 -80.25230407714844 135.4097900390625
v -97.64689636230469 -83.27220153808594 135.01698303222656
v -99.06813049316406 -83.34695434570312 135.27362060546875
v -93.33757019042969 -83.18801879882812 136.79315185546875
v -102.35203552246094 -86.91656494140625 134.46697998046875
v -103.56401062011719 -88.77000427246094 137.3627166748047
v -105.16346740722656 -89.66885375976562 136.2437744140625
v -109.06303405761719 -91.59376525878906 135.01437377929688
v -111.40962219238281 -89.76686096191406 134.279296875
v -148.69325256347656 -92.91400146484375 136.18081665039062
v -127.67524719238281 -97.45890808105469 137.78878784179688
v -129.34642028808594 -98.45648193359375 135.03578186035156
v -146.58058166503906 -100.83937072753906 135.76539611816406
v -134.21324157714844 -101.681396484375 133.9625244140625
v -145.81727600097656 -103.19633483886719 134.58380126953125
v -137.6049346923828 -102.80033874511719 134.85426330566406
v -140.6367950439453 -104.10226440429688 135.1485137939453
v -143.26145935058594 -104.55450439453125 134.43260192871094
v -24.157424926757812 -41.41701126098633 137.96453857421875
v -24.138763427734375 -44.82640838623047 138.39344787597656
v -74.34172058105469 -43.88495635986328 139.9576873779297
v -25.72271728515625 -47.26361083984375 138.5229034423828
v -82.11347961425781 -47.303977966308594 138.81117248535156
v -95.45158386230469 -53.40306854248047 137.29916381835938
v -99.65861511230469 -56.45693588256836 136.7220916748047
v -101.58717346191406 -56.434322357177734 137.36537170410156
v -41.65852355957031 -59.19124984741211 141.64517211914062
v -123.74705505371094 -61.6571159362793 139.75514221191406
v -143.71788024902344 -70.66542053222656 142.3124237060547
v -61.002532958984375 -72.28732299804688 145.0236053466797
v -73.44358825683594 -78.45256042480469 138.1803436279297
v -76.58424377441406 -79.75787353515625 137.0123291015625
v -98.21913146972656 -83.29629516601562 137.76258850097656
v -100.36903381347656 -82.84103393554688 139.9226837158203
v -149.12681579589844 -81.46163940429688 143.50582885742188
v -96.58055114746094 -84.41262817382812 141.24171447753906
v -101.84861755371094 -85.12081909179688 137.88424682617188
v -102.73231506347656 -86.55372619628906 138.47833251953125
v -104.44059753417969 -89.60957336425781 136.75790405273438
v -111.05882263183594 -91.41099548339844 139.14083862304688
v -111.44367980957031 -89.32891845703125 134.1709747314453
v -106.19923400878906 -92.5262451171875 140.4155731201172
v -121.91130065917969 -95.02912902832031 137.21694946289062
v -113.97990417480469 -91.14335632324219 139.9619903564453
v -107.94190979003906 -93.29953002929688 140.6583251953125
v -148.0511016845703 -96.99417114257812 140.41098022460938
v -133.91481018066406 -101.12773132324219 137.74122619628906
v -147.66053771972656 -103.76185607910156 137.4606170654297
v -143.6121368408203 -104.91159057617188 136.0240020751953
v -146.7656707763672 -105.5162353515625 137.76895141601562
v -147.7220001220703 -105.23149108886719 137.47166442871094
v -150.03099060058594 -106.89517211914062 137.7857208251953
v -148.6454315185547 -106.507568359375 138.54820251464844
v -150.0288543701172 -107.57601928710938 138.34344482421875
v -28.020660400390625 -39.462440490722656 140.60507202148438
v -68.56623840332031 -41.546974182128906 141.21246337890625
v -23.317596435546875 -43.04349899291992 137.50401306152344
v -91.33763122558594 -50.1458625793457 142.345703125
v -30.680572509765625 -53.62415313720703 139.25436401367188
v -99.14469909667969 -53.602046966552734 142.16770935058594
v -32.78276062011719 -55.509891510009766 139.18687438964844
v -104.40827941894531 -55.0288200378418 142.15069580078125
v -107.72138977050781 -56.01717758178711 139.00259399414062
v -115.21482849121094 -57.878841400146484 141.54666137695312
v -121.68760681152344 -60.37953567504883 143.8303985595703
v -147.6768341064453 -75.35061645507812 140.8458709716797
v -68.28700256347656 -75.95463562011719 140.94390869140625
v -71.78285217285156 -77.16279602050781 140.83531188964844
v -87.59120178222656 -81.42697143554688 139.49270629882812
v -99.48612976074219 -82.65193176269531 139.20509338378906
v -149.1365203857422 -83.51663208007812 143.3925018310547
v -100.97987365722656 -87.21530151367188 139.5357208251953
v -100.97990417480469 -87.21530151367188 139.5357208251953
v -100.97990417480469 -87.21530151367188 139.5357208251953
v -100.97990417480469 -87.21530151367188 139.5357208251953
v -100.97987365722656 -87.21530151367188 139.5357208251953
v -104.33634948730469 -90.83779907226562 140.23744201660156
v -112.15565490722656 -90.87590026855469 138.29298400878906
v -109.53050231933594 -92.83590698242188 140.302001953125
v -148.28404235839844 -93.69664001464844 139.5542755126953
v -148.0359344482422 -98.93128967285156 140.8567352294922
v -131.84925842285156 -99.91107177734375 141.78880310058594
v -147.4615020751953 -101.2049560546875 138.29656982421875
v -138.2162322998047 -102.20347595214844 140.88990783691406
v -148.7140655517578 -103.33796691894531 139.47036743164062
v -142.70616149902344 -104.31584167480469 140.49388122558594
v -146.01426696777344 -105.69096374511719 140.61183166503906
v -34.108154296875 -35.37726593017578 142.47959899902344
v -33.01768493652344 -35.928531646728516 145.0357208251953
v -38.027587890625 -34.729488372802734 141.44114685058594
v -24.953887939453125 -42.82402038574219 141.53700256347656
v -76.05155944824219 -44.47721862792969 146.59600830078125
v -31.076156616210938 -50.61323928833008 141.92433166503906
v -28.574325561523438 -47.74040222167969 141.9678955078125
v -87.05039978027344 -48.20684814453125 143.71652221679688
v -105.95527648925781 -54.974552154541016 144.25477600097656
v -109.93745422363281 -56.28140640258789 141.63467407226562
v -39.98423767089844 -57.912479400634766 142.7270965576172
v -47.701446533203125 -61.69607162475586 142.60089111328125
v -57.32670593261719 -69.39237976074219 143.56158447265625
v -64.80712890625 -74.51055908203125 141.27792358398438
v -148.48353576660156 -77.98869323730469 144.82676696777344
v -75.55842590332031 -78.55995178222656 143.3504638671875
v -78.44636535644531 -79.35533142089844 143.29034423828125
v -82.49760437011719 -79.97406005859375 140.37220764160156
v -92.74409484863281 -83.01187133789062 139.66558837890625
v -98.71153259277344 -82.91842651367188 139.7494354248047
v -102.51567077636719 -83.17556762695312 140.72398376464844
v -101.18824768066406 -83.10993957519531 141.30023193359375
v -103.20008850097656 -86.73956298828125 143.04991149902344
v -100.97987365722656 -87.21530151367188 139.5357208251953
v -100.97990417480469 -87.21530151367188 139.5357208251953
v -100.97990417480469 -87.21530151367188 139.5357208251953
v -100.97990417480469 -87.21530151367188 139.5357208251953
v -112.18836975097656 -90.6712646484375 142.13787841796875
v -117.46833801269531 -92.32321166992188 142.2575225830078
v -121.22499084472656 -93.82986450195312 141.6482391357422
v -124.41139221191406 -95.18612670898438 141.01571655273438
v -127.35591125488281 -96.65315246582031 140.98565673828125
v -129.4114532470703 -98.13998413085938 141.39984130859375
v -148.2632293701172 -94.59695434570312 142.00726318359375
v -137.74192810058594 -101.24392700195312 147.31317138671875
v -148.62367248535156 -106.8470458984375 141.20223999023438
v -150.30467224121094 -105.2869873046875 140.7115936279297
v -151.5900115966797 -108.30784606933594 140.1713104248047
v -153.6855926513672 -112.81520080566406 140.53964233398438
v -153.6855926513672 -112.81521606445312 140.53964233398438
v -153.6855926513672 -112.81520080566406 140.53964233398438
v -153.6855926513672 -112.81520080566406 140.53964233398438
v -153.6855926513672 -112.81521606445312 140.53964233398438
v -36.94647216796875 -34.51580047607422 144.8389892578125
v -45.60893249511719 -35.39390563964844 142.93519592285156
v -47.69004821777344 -35.45012664794922 151.21096801757812
v -57.75050354003906 -37.50194549560547 146.2864227294922
v -26.772552490234375 -41.18486022949219 143.15402221679688
v -30.53924560546875 -37.992191314697266 144.60707092285156
v -60.84742736816406 -38.35611343383789 150.66188049316406
v -27.056060791015625 -42.1716423034668 145.26991271972656
v -26.472976684570312 -44.738616943359375 143.29087829589844
v -28.46014404296875 -44.982906341552734 145.8817901611328
v -33.679840087890625 -50.855796813964844 144.34478759765625
v -99.26277160644531 -52.50413513183594 145.2470245361328
v -38.23663330078125 -56.5134162902832 142.78614807128906
v -43.595916748046875 -59.11618423461914 144.9954071044922
v -128.4636993408203 -63.343318939208984 146.99844360351562
v -53.56842041015625 -65.3419189453125 145.4170684814453
v -59.973846435546875 -70.88340759277344 148.4195556640625
v -81.42451477050781 -79.83042907714844 144.94122314453125
v -93.41975402832031 -82.40908813476562 150.17083740234375
v -99.56358337402344 -80.95921325683594 142.0064239501953
v -98.57701110839844 -83.56643676757812 143.32891845703125
v -100.26481628417969 -82.457275390625 144.08755493164062
v -96.33650207519531 -84.46612548828125 143.86595153808594
v -97.81620788574219 -84.61653137207031 143.06222534179688
v -102.54142761230469 -84.550537109375 145.36782836914062
v -105.49751281738281 -85.70942687988281 143.5513916015625
v -105.49751281738281 -85.70942687988281 143.5513916015625
v -105.49751281738281 -85.70942687988281 143.5513916015625
v -105.49754333496094 -85.70942687988281 143.5513916015625
v -100.97987365722656 -87.21530151367188 139.5357208251953
v -105.49754333496094 -85.70942687988281 143.5513916015625
v -104.67610168457031 -90.73448181152344 141.57192993164062
v -111.71351623535156 -90.34529113769531 143.46592712402344
v -110.05754089355469 -92.75210571289062 143.09776306152344
v -112.35649108886719 -90.60066223144531 144.68630981445312
v -114.65324401855469 -90.86729431152344 142.91494750976562
v -107.24238586425781 -93.33001708984375 144.53106689453125
v -148.31117248535156 -89.91459655761719 146.93621826171875
v -148.5906219482422 -95.35505676269531 145.20074462890625
v -130.2949981689453 -98.32208251953125 144.5829315185547
v -134.41746520996094 -100.864990234375 142.79689025878906
v -149.26307678222656 -101.74942016601562 143.22271728515625
v -140.28746032714844 -103.01412963867188 143.33560180664062
v -146.5434112548828 -105.9520263671875 145.51133728027344
v -150.43043518066406 -107.37284851074219 142.0550994873047
v -153.6855926513672 -112.81520080566406 140.53964233398438
v -82.22190856933594 -46.50950241088867 148.92791748046875
v -92.58396911621094 -50.0437126159668 148.14207458496094
v -96.13731384277344 -51.250343322753906 146.07778930664062
v -101.13615417480469 -52.74871826171875 147.63108825683594
v -36.67912292480469 -52.88602828979492 145.2169189453125
v -40.14567565917969 -56.34275436401367 145.4779052734375
v -106.06578063964844 -54.61393737792969 148.74530029296875
v -118.86274719238281 -58.57417678833008 148.61045837402344
v -45.700927734375 -59.35916519165039 148.78289794921875
v -50.96907043457031 -62.74202346801758 148.838623046875
v -134.7305145263672 -65.296630859375 151.61305236816406
v -66.27955627441406 -74.07119750976562 152.81321716308594
v -146.53477478027344 -74.15924072265625 147.2941436767578
v -85.86430358886719 -81.26370239257812 147.54660034179688
v -99.47874450683594 -82.82025146484375 145.05224609375
v -97.74317932128906 -84.64317321777344 145.72821044921875
v -105.49751281738281 -85.70942687988281 143.5513916015625
v -105.49754333496094 -85.70942687988281 143.5513916015625
v -105.49754333496094 -85.70942687988281 143.5513916015625
v -108.50929260253906 -85.70942687988281 145.55923461914062
v -108.50929260253906 -85.70942687988281 145.55923461914062
v -108.50926208496094 -85.70942687988281 145.55923461914062
v -108.50926208496094 -85.70942687988281 145.55923461914062
v -105.49751281738281 -85.70942687988281 143.5513916015625
v -108.50926208496094 -85.70942687988281 145.55923461914062
v -104.48988342285156 -88.192138671875 144.70022583007812
v -106.35606384277344 -91.62873840332031 144.31564331054688
v -108.87416076660156 -92.95294189453125 144.42678833007812
v -107.62382507324219 -92.23539733886719 145.11007690429688
v -109.34526062011719 -91.65147399902344 146.17428588867188
v -125.52156066894531 -92.93205261230469 147.51332092285156
v -126.67698669433594 -93.16267395019531 148.28787231445312
v -128.78858947753906 -95.33908081054688 146.54830932617188
v -150.11241149902344 -103.14653015136719 145.802978515625
v -131.5065155029297 -99.72390747070312 146.40939331054688
v -133.7622528076172 -100.64964294433594 145.2823944091797
v -142.42408752441406 -104.41500854492188 147.41526794433594
v -150.8367156982422 -106.50518798828125 143.49598693847656
v -152.17970275878906 -108.29759216308594 144.55531311035156
v -152.1797637939453 -108.29759216308594 144.55531311035156
v -152.1797637939453 -108.29757690429688 144.55531311035156
v -152.17970275878906 -108.29759216308594 144.55531311035156
v -152.1797637939453 -108.29759216308594 144.55531311035156
v -36.24754333496094 -35.37568283081055 149.400634765625
v -30.866455078125 -38.390872955322266 147.24806213378906
v -29.233200073242188 -40.60803985595703 147.72129821777344
v -27.673980712890625 -43.129615783691406 146.73980712890625
v -33.67658996582031 -46.2606315612793 150.14845275878906
v -38.346710205078125 -52.510231018066406 148.34315490722656
v -111.11732482910156 -56.26401138305664 149.7135009765625
v -41.65022277832031 -56.0411491394043 149.0425567626953
v -42.84307861328125 -57.78831100463867 147.5270233154297
v -70.21830749511719 -75.97032165527344 150.43797302246094
v -82.16117858886719 -80.03329467773438 151.25164794921875
v -148.8134002685547 -81.1214599609375 149.23240661621094
v -99.84538269042969 -83.8026123046875 149.3761749267578
v -148.85935974121094 -83.52348327636719 148.06472778320312
v -101.81034851074219 -84.25822448730469 148.50148010253906
v -97.02482604980469 -84.92991638183594 149.0052032470703
v -105.49751281738281 -85.70942687988281 143.5513916015625
v -108.50929260253906 -85.70942687988281 145.55923461914062
v -108.50926208496094 -85.70942687988281 145.55923461914062
v -108.50926208496094 -85.70942687988281 145.55923461914062
v -100.97987365722656 -87.21530151367188 146.56314086914062
v -100.97987365722656 -87.21530151367188 146.56314086914062
v -100.97987365722656 -87.21530151367188 146.56314086914062
v -100.97990417480469 -87.21530151367188 146.56314086914062
v -103.10014343261719 -85.66313171386719 148.05291748046875
v -108.50926208496094 -85.70942687988281 145.55923461914062
v -100.97987365722656 -87.21530151367188 146.56314086914062
v -105.76795959472656 -89.86712646484375 146.2379608154297
v -105.16365051269531 -87.53443908691406 147.9862823486328
v -116.86875915527344 -89.97782897949219 149.96266174316406
v -114.36970520019531 -90.00926208496094 146.40966796875
v -107.12495422363281 -90.95849609375 146.19073486328125
v -108.33287048339844 -90.86705017089844 145.78384399414062
v -110.51246643066406 -92.08096313476562 145.9442901611328
v -112.30671691894531 -90.35675048828125 146.68130493164062
v -118.52214050292969 -90.95460510253906 148.2995147705078
v -123.03746032714844 -91.83782958984375 148.602783203125
v -130.6731414794922 -98.14822387695312 150.8177032470703
v -135.9911651611328 -100.4854736328125 147.90774536132812
v -150.26206970214844 -104.76832580566406 146.72634887695312
v -147.4816436767578 -105.52461242675781 150.07528686523438
v -152.1797637939453 -108.29759216308594 144.55531311035156
v -35.56925964355469 -35.876708984375 150.53968811035156
v -33.08827209472656 -37.48858642578125 149.82395935058594
v -57.15605163574219 -37.277687072753906 152.2325439453125
v -29.1488037109375 -41.8153076171875 148.44212341308594
v -71.92848205566406 -43.15579605102539 157.92913818359375
v -90.09214782714844 -49.24968338012695 148.33831787109375
v -36.54071044921875 -49.5843620300293 149.9686279296875
v -48.41130065917969 -60.26466751098633 154.006103515625
v -123.75721740722656 -61.16579818725586 154.0724639892578
v -126.83036804199219 -62.44782638549805 153.42840576171875
v -56.486663818359375 -67.12539672851562 149.7814483642578
v -144.9721221923828 -72.83050537109375 152.2685089111328
v -75.77531433105469 -78.35447692871094 150.04844665527344
v -148.48216247558594 -79.86772155761719 154.20755004882812
v -95.71922302246094 -83.80320739746094 148.91970825195312
v -98.10655212402344 -85.67236328125 150.45797729492188
v -108.50929260253906 -85.70942687988281 145.55921936035156
v -100.97987365722656 -87.21530151367188 146.56314086914062
v -103.75389099121094 -86.4732666015625 151.1554412841797
v -104.63975524902344 -87.43429565429688 148.25100708007812
v -105.59339904785156 -89.22325134277344 148.7588348388672
v -112.66456604003906 -89.15486145019531 148.96588134765625
v -111.43205261230469 -89.37702941894531 148.48255920410156
v -111.64900207519531 -87.2996826171875 149.3083038330078
v -113.97233581542969 -88.21040344238281 152.5921173095703
v -106.68965148925781 -90.28115844726562 148.98309326171875
v -109.66029357910156 -90.33673095703125 148.06240844726562
v -110.85252380371094 -88.6116943359375 149.95413208007812
v -148.47544860839844 -87.92454528808594 155.5848388671875
v -148.87571716308594 -90.63671875 158.01345825195312
v -129.1665802001953 -95.39613342285156 150.1005401611328
v -131.7214813232422 -98.85792541503906 151.2167510986328
v -134.7483367919922 -99.42698669433594 151.62860107421875
v -138.40162658691406 -101.25558471679688 150.45663452148438
v -150.07798767089844 -100.64784240722656 151.78091430664062
v -149.86293029785156 -102.5765380859375 151.31631469726562
v -143.2836456298828 -104.78518676757812 152.1967315673828
v -149.72251892089844 -105.96923828125 147.43038940429688
v -41.65611267089844 -35.68403244018555 155.89077758789062
v -45.56224060058594 -35.42816162109375 154.99749755859375
v -33.88969421386719 -39.033226013183594 152.91226196289062
v -33.46202087402344 -41.78664779663086 153.56761169433594
v -32.15211486816406 -42.99188995361328 151.62411499023438
v -34.037811279296875 -44.348304748535156 152.95895385742188
v -84.43507385253906 -47.39382553100586 151.2913055419922
v -38.83174133300781 -50.537593841552734 153.32147216796875
v -97.34181213378906 -51.42052459716797 151.85179138183594
v -101.14823913574219 -52.700050354003906 152.36624145507812
v -41.02171325683594 -51.114112854003906 159.00137329101562
v -51.76661682128906 -62.94888687133789 155.3651885986328
v -137.09938049316406 -66.36715698242188 158.63992309570312
v -58.775360107421875 -68.91227722167969 154.1612091064453
v -61.33967590332031 -70.75433349609375 155.84567260742188
v -147.37501525878906 -76.65696716308594 154.2210235595703
v -88.23332214355469 -81.24298095703125 152.91647338867188
v -92.27571105957031 -81.77272033691406 152.84580993652344
v -95.43251037597656 -82.76597595214844 153.49337768554688
v -96.69255065917969 -84.32530212402344 152.27511596679688
v -99.75636291503906 -84.49505615234375 151.6265411376953
v -101.51454162597656 -84.0911865234375 151.47970581054688
v -102.48634338378906 -84.41302490234375 152.03660583496094
v -98.06651306152344 -86.25973510742188 152.71337890625
v -100.97987365722656 -87.21530151367188 150.5788116455078
v -100.97987365722656 -87.21530151367188 150.5788116455078
v -100.97987365722656 -87.21530151367188 150.5788116455078
v -100.97990417480469 -87.21530151367188 150.5788116455078
v -148.7983856201172 -83.9656982421875 153.5194549560547
v -100.97987365722656 -87.21530151367188 150.5788116455078
v -111.95350646972656 -87.68362426757812 150.752197265625
v -105.08790588378906 -89.2967529296875 151.9410400390625
v -106.66331481933594 -90.81268310546875 151.11920166015625
v -108.52980041503906 -90.00732421875 150.31661987304688
v -107.87434387207031 -90.01863098144531 152.225341796875
v -119.95979309082031 -90.22958374023438 152.49305725097656
v -122.51167297363281 -91.11231994628906 152.65184020996094
v -127.61705017089844 -93.73417663574219 150.39605712890625
v -149.8755645751953 -97.67146301269531 152.410888671875
v -136.56016540527344 -99.90380859375 152.85736083984375
v -145.58226013183594 -105.31025695800781 151.99754333496094
v -148.40003967285156 -104.63883972167969 152.03622436523438
v -149.5294952392578 -103.954345703125 150.72457885742188
v -36.98014831542969 -38.283077239990234 156.66017150878906
v -89.00578308105469 -49.68632888793945 157.29620361328125
v -45.09739685058594 -57.3740119934082 154.7266387939453
v -107.63877868652344 -55.3517951965332 154.078369140625
v -114.25343322753906 -57.0190544128418 157.73544311523438
v -119.13377380371094 -58.79531478881836 153.9261474609375
v -131.3437042236328 -63.53428268432617 158.79913330078125
v -139.9447479248047 -68.45796203613281 158.1156005859375
v -63.61805725097656 -71.55906677246094 159.67587280273438
v -85.78755187988281 -80.46366882324219 154.54783630371094
v -148.8605499267578 -81.31730651855469 153.49774169921875
v -99.72206115722656 -84.03094482421875 154.45188903808594
v -100.97987365722656 -87.21530151367188 150.5788116455078
v -111.96293640136719 -87.44712829589844 155.02293395996094
v -109.29682922363281 -88.61436462402344 154.31912231445312
v -124.43769836425781 -91.951416015625 154.12831115722656
v -140.99684143066406 -103.27439880371094 154.85459899902344
v -148.9653778076172 -102.31365966796875 157.6037139892578
v -38.02055358886719 -36.34592056274414 154.306640625
v -35.122161865234375 -40.87407302856445 155.84933471679688
v -62.794677734375 -39.2125129699707 161.75686645507812
v -80.44578552246094 -46.083717346191406 159.2170867919922
v -35.92329406738281 -44.08348846435547 156.5223388671875
v -44.55133056640625 -53.257537841796875 164.4331817626953
v -133.70069885253906 -64.45967102050781 159.03836059570312
v -77.58674621582031 -78.28804016113281 156.9215087890625
v -82.71775817871094 -79.77586364746094 155.76913452148438
v -96.76179504394531 -83.0723876953125 155.41653442382812
v -101.31614685058594 -83.24647521972656 154.87835693359375
v -102.37583923339844 -83.32142639160156 155.61289978027344
v -104.05561828613281 -85.4896240234375 155.02784729003906
v -106.31074523925781 -86.74296569824219 157.58399963378906
v -105.74143981933594 -87.97807312011719 154.4969024658203
v -115.90357971191406 -88.79473876953125 155.1058349609375
v -120.66450500488281 -89.75346374511719 157.0581817626953
v -126.86912536621094 -94.03268432617188 156.80438232421875
v -129.4738006591797 -96.85951232910156 154.61175537109375
v -133.62440490722656 -99.50877380371094 158.92347717285156
v -129.48435974121094 -97.06556701660156 158.46678161621094
v -149.6944122314453 -99.978515625 158.7117462158203
v -142.8499298095703 -104.313232421875 156.03089904785156
v -144.7289581298828 -104.57179260253906 156.79859924316406
v -146.0698699951172 -104.68766784667969 155.85023498535156
v -39.010528564453125 -37.439613342285156 158.21469116210938
v -57.19789123535156 -37.585819244384766 165.03021240234375
v -51.633331298828125 -36.60862731933594 162.4395751953125
v -59.22627258300781 -38.042423248291016 162.66500854492188
v -37.91050720214844 -41.21147918701172 161.20233154296875
v -37.70574951171875 -45.18661117553711 159.22235107421875
v -97.98063659667969 -52.24925994873047 166.9369354248047
v -105.58497619628906 -55.271663665771484 162.10150146484375
v -115.88102722167969 -57.73598098754883 159.7355499267578
v -46.54273986816406 -57.58126449584961 159.3107452392578
v -58.57957458496094 -68.69462585449219 157.43582153320312
v -143.83274841308594 -72.43025207519531 157.2669219970703
v -74.93260192871094 -76.42446899414062 161.5832061767578
v -147.8872528076172 -79.07206726074219 157.42637634277344
v -93.71546936035156 -81.06549072265625 158.03121948242188
v -98.32746887207031 -82.811279296875 157.5287322998047
v -100.92182922363281 -82.39973449707031 158.03616333007812
v -98.06410217285156 -83.82234191894531 155.5741729736328
v -104.70579528808594 -84.48873901367188 159.03921508789062
v -108.07283020019531 -87.61805725097656 157.80694580078125
v -110.64900207519531 -87.77091979980469 157.5434112548828
v -115.91886901855469 -88.9420166015625 158.8077392578125
v -112.91786193847656 -87.95103454589844 158.4016876220703
v -119.25920104980469 -89.43832397460938 157.99851989746094
v -149.5664520263672 -94.13581848144531 160.36474609375
v -149.93101501464844 -97.41397094726562 158.062744140625
v -131.8426055908203 -98.55516052246094 159.70912170410156
v -137.0494842529297 -100.65185546875 158.0013885498047
v -146.74827575683594 -103.87741088867188 158.90618896484375
v -46.67457580566406 -36.37877655029297 163.01724243164062
v -40.58271789550781 -37.51054382324219 161.5307159423828
v -43.291107177734375 -36.48965072631836 161.07244873046875
v -37.935699462890625 -42.802711486816406 161.51846313476562
v -87.81541442871094 -49.34793472290039 160.5044403076172
v -49.18122863769531 -60.3723258972168 160.28404235839844
v -121.91767883300781 -60.6656608581543 159.61512756347656
v -126.40556335449219 -62.30342483520508 160.0244903564453
v -56.34515380859375 -67.17349243164062 161.41976928710938
v -139.3714141845703 -68.98460388183594 162.79196166992188
v -63.231842041015625 -70.92369079589844 163.1971893310547
v -145.5734405517578 -76.58645629882812 162.66505432128906
v -91.21257019042969 -79.83905029296875 160.688720703125
v -97.56758117675781 -82.33145141601562 159.95567321777344
v -102.62709045410156 -82.99919128417969 159.38037109375
v -148.33872985839844 -86.98419189453125 160.35025024414062
v -108.28157043457031 -87.17437744140625 161.405517578125
v -122.80049133300781 -91.07843017578125 160.35861206054688
v -127.67945861816406 -94.87680053710938 160.1743621826172
v -148.00645446777344 -102.87237548828125 159.74050903320312
v -143.7563018798828 -104.27835083007812 164.8614501953125
v -38.6317138671875 -39.621681213378906 161.62913513183594
v -40.34796142578125 -39.36421203613281 165.50131225585938
v -83.22059631347656 -47.23927307128906 162.51588439941406
v -40.553009033203125 -47.97195053100586 163.62474060058594
v -94.15287780761719 -51.14790344238281 166.71788024902344
v -51.7420654296875 -63.096065521240234 164.35154724121094
v -131.1892852783203 -63.605960845947266 164.5783233642578
v -58.20011901855469 -68.1497802734375 165.0373992919922
v -143.10804748535156 -73.53567504882812 163.404296875
v -70.03407287597656 -73.67398071289062 163.95323181152344
v -78.87538146972656 -77.47100830078125 164.59579467773438
v -145.8170623779297 -77.90196228027344 165.697021484375
v -84.70460510253906 -79.056884765625 162.2417755126953
v -96.22315979003906 -81.96453857421875 161.3268585205078
v -104.31886291503906 -84.4725341796875 161.34341430664062
v -106.65504455566406 -86.45130920410156 160.4806671142578
v -110.46220397949219 -87.94000244140625 161.69297790527344
v -120.71174621582031 -90.61782836914062 164.63526916503906
v -125.47807312011719 -92.7789306640625 162.82400512695312
v -149.30467224121094 -99.37486267089844 165.0548858642578
v -135.6091766357422 -99.9481201171875 160.81883239746094
v -137.3136749267578 -100.68806457519531 161.99154663085938
v -148.27711486816406 -101.77787780761719 164.9453125
v -141.42958068847656 -103.60029602050781 163.704345703125
v -42.291351318359375 -37.38234329223633 164.70343017578125
v -73.20915222167969 -43.464683532714844 166.88658142089844
v -39.79058837890625 -44.05643844604492 166.04183959960938
v -79.14421081542969 -45.47370529174805 164.59921264648438
v -111.44493103027344 -57.00578689575195 165.849853515625
v -47.13212585449219 -56.747737884521484 164.830810546875
v -119.73408508300781 -60.46189498901367 165.8275146484375
v -134.26487731933594 -65.04734802246094 165.43582153320312
v -136.08946228027344 -66.51380920410156 165.7118682861328
v -87.68272399902344 -79.0997314453125 166.03794860839844
v -91.67256164550781 -79.98924255371094 163.95120239257812
v -146.52452087402344 -79.47149658203125 166.4739990234375
v -147.36424255371094 -82.43977355957031 166.07887268066406
v -95.73970031738281 -82.11196899414062 163.4010009765625
v -100.61888122558594 -82.84561157226562 161.6858367919922
v -103.13157653808594 -84.31880187988281 163.119873046875
v -105.87467956542969 -86.32221984863281 163.9834747314453
v -114.71006774902344 -89.69961547851562 164.48919677734375
v -116.55610656738281 -90.85090637207031 169.06605529785156
v -127.51210021972656 -94.05303955078125 164.3496856689453
v -129.7389678955078 -95.67352294921875 163.89723205566406
v -149.4392852783203 -97.99516296386719 167.813720703125
v -145.4701385498047 -103.90597534179688 167.25912475585938
v -45.02445983886719 -36.786521911621094 166.638671875
v -41.36439514160156 -38.92719650268555 168.1899871826172
v -40.01542663574219 -41.2325439453125 167.19801330566406
v -64.88838195800781 -39.866600036621094 166.7071533203125
v -60.929779052734375 -38.38298416137695 167.928466796875
v -82.86448669433594 -46.63259506225586 166.5936737060547
v -88.88410949707031 -49.5507698059082 166.38687133789062
v -43.54399108886719 -49.781494140625 168.68312072753906
v -105.50483703613281 -55.26443862915039 165.31427001953125
v -114.95652770996094 -58.25901412963867 167.13034057617188
v -50.928924560546875 -61.496334075927734 168.97618103027344
v -126.49467468261719 -62.79336166381836 168.91720581054688
v -54.00007629394531 -65.07380676269531 165.48294067382812
v -138.7024688720703 -69.483154296875 167.01007080078125
v -143.03138732910156 -74.21917724609375 167.7473602294922
v -144.7601776123047 -76.27313232421875 167.0079803466797
v -85.15956115722656 -78.72689819335938 165.94744873046875
v -92.31227111816406 -80.82856750488281 167.6546630859375
v -97.42140197753906 -84.17411804199219 168.48680114746094
v -101.70411682128906 -84.98175048828125 166.48231506347656
v -147.68678283691406 -89.06283569335938 168.69284057617188
v -111.17979431152344 -89.10261535644531 167.71395874023438
v -124.35887145996094 -92.32635498046875 167.06495666503906
v -134.9623565673828 -98.22343444824219 165.17503356933594
v -140.4094696044922 -102.13746643066406 168.6890869140625
v -47.507781982421875 -36.51644515991211 169.0777130126953
v -53.92323303222656 -36.89988708496094 168.1504364013672
v -42.86033630371094 -37.93075942993164 169.9447784423828
v -41.29154968261719 -45.515560150146484 169.0577392578125
v -122.23081970214844 -61.66964340209961 169.29808044433594
v -130.72227478027344 -63.71010971069336 169.68063354492188
v -133.39414978027344 -64.69061279296875 171.31495666503906
v -56.78477478027344 -66.43931579589844 169.09999084472656
v -87.81645202636719 -79.46755981445312 168.43484497070312
v -103.61070251464844 -86.19355773925781 169.09405517578125
v -149.04136657714844 -94.35017395019531 167.2768096923828
v -128.72642517089844 -94.39054870605469 169.480224609375
v -131.26734924316406 -95.57569885253906 167.7445831298828
v -135.53330993652344 -97.80905151367188 169.72964477539062
v -146.7602996826172 -103.00715637207031 169.3900146484375
v -143.49839782714844 -103.97251892089844 167.77589416503906
v -44.5020751953125 -37.165164947509766 171.0638885498047
v -41.064849853515625 -40.593013763427734 171.13966369628906
v -72.78678894042969 -42.69045639038086 175.17112731933594
v -41.471710205078125 -42.71291732788086 172.4561767578125
v -42.86390686035156 -44.7194938659668 174.69664001464844
v -90.70744323730469 -49.691837310791016 172.08802795410156
v -45.6220703125 -51.057979583740234 173.98487854003906
v -47.67573547363281 -55.317684173583984 171.49623107910156
v -114.15141296386719 -57.90848922729492 170.88238525390625
v -118.43281555175781 -60.2440071105957 171.3343963623047
v -53.99540710449219 -64.01422119140625 170.5197296142578
v -135.6683807373047 -66.4412841796875 171.3658447265625
v -62.188995361328125 -69.05613708496094 172.77474975585938
v -67.03932189941406 -71.69723510742188 173.00506591796875
v -73.67726135253906 -74.29490661621094 173.48434448242188
v -139.85997009277344 -71.16978454589844 170.36361694335938
v -77.97709655761719 -76.25100708007812 173.56678771972656
v -81.31874084472656 -77.763671875 169.53607177734375
v -146.9993438720703 -81.58395385742188 170.27984619140625
v -121.33345031738281 -91.64161682128906 168.63739013671875
v -148.96730041503906 -100.45584106445312 169.74656677246094
v -139.1209259033203 -100.62742614746094 171.2080841064453
v -50.79344177246094 -36.223907470703125 175.6571807861328
v -41.92753601074219 -38.97754669189453 172.56671142578125
v -75.45472717285156 -43.788352966308594 174.28598022460938
v -84.75111389160156 -46.5387077331543 172.14190673828125
v -81.90907287597656 -45.421607971191406 174.46231079101562
v -100.59529113769531 -53.12270736694336 174.031982421875
v -146.0671844482422 -78.25787353515625 173.38206481933594
v -81.91239929199219 -77.95480346679688 172.2763671875
v -84.82200622558594 -79.16447448730469 171.02330017089844
v -87.53880310058594 -80.56315612792969 172.09141540527344
v -94.33952331542969 -83.5830078125 171.68939208984375
v -98.01579284667969 -85.64192199707031 174.28680419921875
v -115.74937438964844 -91.31172180175781 172.14794921875
v -148.1717987060547 -90.12306213378906 172.79312133789062
v -126.60203552246094 -94.29338073730469 172.37379455566406
v -149.05125427246094 -96.04672241210938 172.76251220703125
v -132.61695861816406 -96.23060607910156 170.9364471435547
v -137.7318572998047 -99.58134460449219 173.97975158691406
v -143.0727081298828 -102.81076049804688 170.92298889160156
v -144.97056579589844 -103.05120849609375 171.7821044921875
v -146.52830505371094 -103.05763244628906 171.5415802001953
v -49.21913146972656 -36.212989807128906 173.44189453125
v -58.38243103027344 -37.16007614135742 176.38214111328125
v -65.82090759277344 -39.327144622802734 175.95362854003906
v -41.43205261230469 -40.3360710144043 173.7830810546875
v -94.33946228027344 -51.026329040527344 174.28759765625
v -110.36949157714844 -56.047054290771484 175.3865509033203
v -53.30360412597656 -60.71652603149414 177.22610473632812
v -123.31437683105469 -61.971927642822266 176.42636108398438
v -129.1696014404297 -63.0538444519043 177.94134521484375
v -142.9457550048828 -74.13970947265625 175.52774047851562
v -144.2772979736328 -75.60942077636719 176.3123016357422
v -88.80189514160156 -82.11180114746094 175.943603515625
v -90.35652160644531 -82.6995849609375 174.31748962402344
v -92.69471740722656 -83.91975402832031 174.95851135253906
v -104.36097717285156 -86.72933959960938 173.2230682373047
v -111.81349182128906 -89.77586364746094 173.08526611328125
v -120.64207458496094 -93.466796875 174.84268188476562
v -148.8122100830078 -99.79414367675781 171.63368225097656
v -141.16709899902344 -101.65110778808594 172.66993713378906
v -143.4555206298828 -102.57125854492188 174.13232421875
v -147.4366912841797 -102.13841247558594 173.28396606445312
v -44.10987854003906 -37.44454574584961 179.9102020263672
v -46.27201843261719 -36.49045944213867 178.78201293945312
v -81.18821716308594 -45.025150299072266 180.35198974609375
v -85.96000671386719 -46.78120040893555 175.84437561035156
v -48.288543701171875 -53.8092041015625 178.1184844970703
v -113.37779235839844 -57.104251861572266 176.56524658203125
v -51.55226135253906 -58.5534782409668 177.1045379638672
v -121.07148742675781 -61.31142044067383 181.4958953857422
v -55.28533935546875 -62.35892868041992 177.43524169921875
v -135.24549865722656 -65.99281311035156 177.8605499267578
v -66.16142272949219 -70.32069396972656 176.86383056640625
v -139.05577087402344 -70.21170043945312 179.71009826660156
v -83.18714904785156 -78.56172180175781 176.25843811035156
v -87.39921569824219 -81.27348327636719 178.20745849609375
v -147.13624572753906 -81.98797607421875 177.45166015625
v -147.74082946777344 -85.07647705078125 177.18191528320312
v -96.41841125488281 -85.09376525878906 175.86492919921875
v -116.58738708496094 -92.13067626953125 175.5545654296875
v -119.65214538574219 -93.46646118164062 176.96592712402344
v -130.4448699951172 -96.05329895019531 175.74468994140625
v -134.63804626464844 -98.125244140625 178.25161743164062
v -148.9474639892578 -96.330078125 176.5824432373047
v -140.4274139404297 -101.35604858398438 178.0322723388672
v -147.6272735595703 -101.40614318847656 177.59100341796875
v -43.05885314941406 -38.60443878173828 179.92771911621094
v -61.48701477050781 -37.92924880981445 179.6063232421875
v -42.19746398925781 -39.789703369140625 178.11831665039062
v -42.28125 -41.17621994018555 178.84254455566406
v -43.17216491699219 -41.906593322753906 181.76417541503906
v -90.97886657714844 -49.68411636352539 176.9217529296875
v -86.50120544433594 -47.12805938720703 180.2051239013672
v -102.91462707519531 -53.668556213378906 180.91159057617188
v -115.56318664550781 -58.06748580932617 179.939208984375
v -132.48402404785156 -64.22006225585938 178.1979217529297
v -62.25019836425781 -66.2974853515625 181.1103515625
v -73.29417419433594 -73.16975402832031 178.1954803466797
v -81.79637145996094 -77.48854064941406 179.48974609375
v -146.1752471923828 -79.47760009765625 179.32542419433594
v -93.68553161621094 -84.27275085449219 178.079833984375
v -99.03651428222656 -85.48471069335938 178.33270263671875
v -102.99568176269531 -86.3184814453125 178.7056884765625
v -105.78440856933594 -86.97651672363281 179.3672332763672
v -110.52693176269531 -89.05227661132812 178.40982055664062
v -114.49986267089844 -91.09878540039062 177.5737762451172
v -148.34043884277344 -98.47402954101562 179.60885620117188
v -143.0059356689453 -102.37205505371094 179.167724609375
v -143.9394073486328 -102.34230041503906 180.1267852783203
v -51.20097351074219 -36.01714324951172 181.99559020996094
v -67.28215026855469 -39.83708953857422 179.68905639648438
v -76.44847106933594 -43.91584014892578 181.1721954345703
v -73.39216613769531 -42.89162826538086 182.26937866210938
v -45.22016906738281 -46.85760498046875 180.66058349609375
v -46.74446105957031 -50.95448303222656 180.24993896484375
v -97.07292175292969 -52.0068244934082 180.89309692382812
v -93.62501525878906 -51.04927062988281 183.6494903564453
v -112.83595275878906 -56.91169357299805 180.5618896484375
v -107.14808654785156 -55.23031234741211 182.06085205078125
v -118.69807434082031 -60.1489143371582 182.96180725097656
v -68.51341247558594 -70.52082824707031 179.6541748046875
v -71.74531555175781 -71.32554626464844 181.30760192871094
v -78.06083679199219 -74.98956298828125 181.14205932617188
v -81.23255920410156 -76.4306640625 183.4864501953125
v -144.6554718017578 -77.35298156738281 181.12802124023438
v -90.55201721191406 -82.87254333496094 179.07159423828125
v -147.76170349121094 -87.10505676269531 182.0402069091797
v -119.43309020996094 -93.35708618164062 179.4551544189453
v -148.4330596923828 -93.41847229003906 182.1907196044922
v -127.87290954589844 -95.82302856445312 180.26605224609375
v -130.0511932373047 -96.310302734375 179.01602172851562
v -133.24842834472656 -97.47077941894531 180.0564422607422
v -145.7667999267578 -101.93775939941406 179.60177612304688
v -48.73002624511719 -35.92288589477539 183.24244689941406
v -43.76350402832031 -43.04214859008789 183.00701904296875
v -83.06867980957031 -45.71443176269531 189.138916015625
v -52.69221496582031 -59.11062240600586 180.9735107421875
v -55.41261291503906 -60.856990814208984 183.53236389160156
v -58.19596862792969 -62.687252044677734 182.942138671875
v -125.29893493652344 -62.76424789428711 185.73971557617188
v -132.2202911376953 -64.46200561523438 182.7190704345703
v -129.57032775878906 -63.63533401489258 183.93032836914062
v -64.20774841308594 -66.20274353027344 184.7318878173828
v -78.17216491699219 -73.89697265625 184.0112762451172
v -140.2096710205078 -72.67930603027344 186.63233947753906
v -84.34083557128906 -77.97642517089844 186.5077362060547
v -88.61878967285156 -80.22422790527344 186.50033569335938
v -146.9752655029297 -83.55584716796875 182.61097717285156
v -91.62269592285156 -82.94078063964844 180.96778869628906
v -105.89283752441406 -86.2879638671875 183.0326690673828
v -112.91188049316406 -89.62187194824219 181.21185302734375
v -122.79600524902344 -94.08436584472656 181.72071838378906
v -131.87989807128906 -96.68710327148438 184.06076049804688
v -147.4781036376953 -100.05439758300781 180.92127990722656
v -147.97035217285156 -96.96430969238281 183.31137084960938
v -138.0352325439453 -99.83891296386719 184.5990753173828
v -46.01676940917969 -36.857913970947266 183.75701904296875
v -52.68763732910156 -36.29813766479492 186.66879272460938
v -58.81929016113281 -37.606685638427734 189.43309020996094
v -65.65812683105469 -39.66352462768555 188.625732421875
v -68.38493347167969 -40.686927795410156 189.843505859375
v -46.01458740234375 -48.42363739013672 185.32611083984375
v -47.49391174316406 -51.47288131713867 186.0493621826172
v -134.6752471923828 -66.37019348144531 183.9635467529297
v -68.29261779785156 -67.91009521484375 185.2378387451172
v -138.24769592285156 -69.88145446777344 184.16099548339844
v -75.14283752441406 -72.27398681640625 183.07980346679688
v -145.89598083496094 -80.77751159667969 183.3638153076172
v -90.94026184082031 -81.27525329589844 185.87734985351562
v -94.09495544433594 -81.84664916992188 187.6287384033203
v -101.41844177246094 -84.11648559570312 185.40652465820312
v -141.03956604003906 -100.89158630371094 183.79107666015625
v -145.3594207763672 -100.46554565429688 183.89974975585938
v -143.5345001220703 -101.09417724609375 183.69891357421875
v -45.06916809082031 -37.88662338256836 186.29225158691406
v -48.955810546875 -36.3050422668457 186.8358612060547
v -46.455535888671875 -37.16164016723633 189.09707641601562
v -44.55497741699219 -39.268123626708984 188.19444274902344
v -44.15696716308594 -40.407440185546875 187.8788604736328
v -43.936676025390625 -41.62361145019531 187.02577209472656
v -44.35502624511719 -43.90321731567383 187.73744201660156
v -89.93775939941406 -49.499046325683594 191.06007385253906
v -100.58280944824219 -52.626094818115234 188.9102783203125
v -104.62556457519531 -54.270957946777344 185.3663787841797
v -52.4228515625 -58.18191909790039 186.42446899414062
v -114.74583435058594 -58.633541107177734 189.3516082763672
v -113.20613098144531 -58.08100509643555 190.96046447753906
v -54.3326416015625 -59.31877517700195 189.1118927001953
v -121.57392883300781 -61.85526657104492 188.22836303710938
v -131.5883026123047 -64.90867614746094 186.21743774414062
v -136.81532287597656 -69.38166809082031 187.77505493164062
v -147.0976104736328 -87.540771484375 186.3211669921875
v -111.68412780761719 -87.61912536621094 187.4919891357422
v -115.72508239746094 -89.79823303222656 186.2332000732422
v -147.7141571044922 -91.53683471679688 185.42018127441406
v -121.14256286621094 -92.12754821777344 187.5536346435547
v -126.24943542480469 -94.59407043457031 186.7360382080078
v -136.57350158691406 -98.72392272949219 185.9521026611328
v -146.5758819580078 -96.82948303222656 185.8345489501953
v -142.01942443847656 -100.56295776367188 185.20458984375
v -56.7816162109375 -37.24502182006836 194.4254608154297
v -80.12672424316406 -44.93886184692383 195.7289581298828
v -88.04292297363281 -48.63777542114258 191.60057067871094
v -92.50086975097656 -50.37568664550781 191.2740020751953
v -58.17060852050781 -61.51125717163086 187.22457885742188
v -61.68501281738281 -62.9150505065918 188.59234619140625
v -74.45213317871094 -67.82794189453125 191.037841796875
v -75.33442687988281 -69.26887512207031 188.53466796875
v -78.05244445800781 -70.91497802734375 188.59698486328125
v -80.86973571777344 -74.86572265625 186.7068634033203
v -140.4741973876953 -74.02351379394531 189.2028045654297
v -140.8559112548828 -76.65794372558594 192.73878479003906
v -143.7098846435547 -80.88648986816406 190.3185272216797
v -146.18309020996094 -84.10565185546875 186.78953552246094
v -107.41831970214844 -85.72947692871094 188.0494384765625
v -146.5124053955078 -90.9561767578125 188.89234924316406
v -146.2461395263672 -94.42213439941406 188.3118133544922
v -144.75282287597656 -97.90202331542969 187.18417358398438
v -141.62107849121094 -97.9813232421875 189.7841033935547
v -138.2705841064453 -98.57296752929688 189.07017517089844
v -73.84684753417969 -43.439979553222656 190.98902893066406
v -101.62480163574219 -52.93049240112305 192.0328369140625
v -47.8143310546875 -50.90552520751953 191.40785217285156
v -108.02864074707031 -56.066890716552734 190.76303100585938
v -56.62481689453125 -60.12162399291992 191.33946228027344
v -66.47856140136719 -65.62483215332031 189.153076171875
v -125.10939025878906 -63.81564712524414 192.54734802246094
v -127.77525329589844 -65.28901672363281 193.4166259765625
v -132.27394104003906 -67.69427490234375 192.9633331298828
v -79.66331481933594 -70.95323181152344 191.97703552246094
v -84.82420349121094 -76.7698974609375 191.9267578125
v -86.48426818847656 -78.04679870605469 191.77279663085938
v -97.77052307128906 -82.08824157714844 191.4167938232422
v -103.37501525878906 -84.08038330078125 188.8157196044922
v -146.0797576904297 -87.26686096191406 189.2349090576172
v -134.2853240966797 -96.89820861816406 190.7451171875
v -139.78273010253906 -98.41401672363281 189.68568420410156
v -50.44465637207031 -36.781307220458984 196.7314910888672
v -54.250946044921875 -36.99934005737305 196.9062957763672
v -45.179962158203125 -38.90220260620117 195.5924072265625
v -44.00468444824219 -42.000858306884766 191.30352783203125
v -43.78904724121094 -43.05079650878906 194.8925018310547
v -52.069671630859375 -56.25606918334961 192.4674835205078
v -60.71002197265625 -61.447452545166016 191.55551147460938
v -121.14567565917969 -62.43105697631836 195.0691375732422
v -72.13847351074219 -65.82386779785156 194.79464721679688
v -77.41966247558594 -68.70941162109375 192.76904296875
v -138.30970764160156 -73.12403869628906 193.6795196533203
v -142.3562774658203 -83.26078796386719 195.5832977294922
v -113.53981018066406 -87.21635437011719 196.82586669921875
v -144.96754455566406 -93.2296142578125 190.70956420898438
v -128.6992950439453 -94.827880859375 194.1827850341797
v -143.22471618652344 -95.37080383300781 191.25640869140625
v -141.5994415283203 -96.33259582519531 191.844482421875
v -46.619537353515625 -37.5980224609375 195.76039123535156
v -48.660736083984375 -37.109458923339844 197.78811645507812
v -44.13255310058594 -40.57635498046875 194.04722595214844
v -83.38844299316406 -46.34503173828125 198.29681396484375
v -45.12248229980469 -46.25098419189453 194.5096435546875
v -95.69926452636719 -51.21450424194336 194.79861450195312
v -104.61161804199219 -54.6024284362793 199.42813110351562
v -54.23097229003906 -57.308223724365234 195.0962677001953
v -55.93772888183594 -58.72513961791992 194.75732421875
v -116.56932067871094 -59.798336029052734 193.07774353027344
v -68.21122741699219 -62.9966926574707 196.89344787597656
v -134.9651641845703 -70.42140197753906 195.71011352539062
v -82.85523986816406 -72.18795776367188 198.0186004638672
v -95.16572570800781 -80.58326721191406 194.72877502441406
v -142.8399200439453 -84.86788940429688 195.06344604492188
v -116.26612854003906 -89.3001708984375 193.40835571289062
v -122.25688171386719 -91.39033508300781 196.69522094726562
v -126.41322326660156 -93.52059936523438 196.46534729003906
v -141.89903259277344 -92.04463195800781 194.84446716308594
v -133.2212371826172 -95.99822998046875 194.38047790527344
v -136.93443298339844 -96.88082885742188 193.00033569335938
v -65.23454284667969 -39.43360137939453 199.09495544433594
v -43.75274658203125 -41.44840621948242 195.07496643066406
v -77.19517517089844 -44.19103240966797 200.98252868652344
v -73.83976745605469 -43.0276985168457 202.13966369628906
v -45.316864013671875 -45.67900085449219 198.3285675048828
v -89.66941833496094 -49.71220397949219 197.56454467773438
v -75.21504211425781 -65.93841552734375 198.48912048339844
v -79.50306701660156 -69.18450927734375 196.9842987060547
v -135.9516143798828 -71.97697448730469 196.9559326171875
v -87.48243713378906 -75.54364013671875 198.80377197265625
v -139.5057830810547 -80.00637817382812 200.50929260253906
v -92.84916687011719 -78.94557189941406 197.48057556152344
v -106.65702819824219 -84.41958618164062 195.6807403564453
v -142.22569274902344 -87.06631469726562 196.2727813720703
v -140.0850067138672 -93.97329711914062 195.36904907226562
v -138.81007385253906 -95.53945922851562 194.72042846679688
v -135.42872619628906 -96.05790710449219 195.16563415527344
v -69.03166198730469 -40.747535705566406 199.3855438232422
v -86.49217224121094 -48.587520599365234 201.44017028808594
v -46.96337890625 -48.033042907714844 197.8583526611328
v -49.56178283691406 -51.123287200927734 196.9296875
v -108.21455383300781 -56.167240142822266 203.62046813964844
v -115.56935119628906 -59.28288650512695 201.5370635986328
v -118.91133117675781 -61.45524215698242 198.11709594726562
v -123.19105529785156 -64.02751159667969 197.72877502441406
v -129.61280822753906 -68.57087707519531 201.7842254638672
v -84.66203308105469 -73.92227172851562 197.87918090820312
v -91.32420349121094 -77.36720275878906 199.86195373535156
v -103.69242858886719 -82.88470458984375 199.20571899414062
v -113.15776062011719 -86.36285400390625 200.62939453125
v -140.5670623779297 -89.41270446777344 198.14138793945312
v -130.5303497314453 -94.80094909667969 197.00985717773438
v -135.99143981933594 -93.84446716308594 198.5533905029297
v -138.2639617919922 -92.34835815429688 198.44468688964844
v -133.5883331298828 -95.29835510253906 196.49267578125
v -46.971435546875 -38.930843353271484 200.1854248046875
v -46.29188537597656 -45.571720123291016 201.0478973388672
v -99.17140197753906 -52.626644134521484 202.64341735839844
v -52.98890686035156 -52.66724395751953 202.5516357421875
v -59.281890869140625 -57.80393600463867 202.66712951660156
v -112.91798400878906 -57.91057205200195 200.31503295898438
v -62.056671142578125 -59.9423713684082 199.87637329101562
v -67.26695251464844 -61.646854400634766 199.7061004638672
v -77.96778869628906 -66.95355224609375 201.5708465576172
v -134.84022521972656 -76.08244323730469 206.2822723388672
v -107.09266662597656 -83.49800109863281 203.22445678710938
v -140.1616973876953 -84.38587951660156 201.29855346679688
v -117.48106384277344 -87.85786437988281 202.4928436279297
v -140.1625213623047 -87.19169616699219 200.56063842773438
v -128.1118621826172 -93.27375793457031 200.32962036132812
v -134.8838653564453 -94.53909301757812 197.9930877685547
v -49.18376159667969 -38.95149612426758 202.784423828125
v -53.863616943359375 -39.057891845703125 206.3848114013672
v -62.69915771484375 -39.16767501831055 203.66172790527344
v -45.54649353027344 -41.484580993652344 200.9976806640625
v -46.69114685058594 -40.237552642822266 201.83493041992188
v -45.34063720703125 -43.123714447021484 200.9901123046875
v -80.31358337402344 -45.21188735961914 204.51673889160156
v -48.50199890136719 -46.80611801147461 204.10336303710938
v -113.84797668457031 -58.662166595458984 205.1549835205078
v -69.90632629394531 -61.69460678100586 204.30966186523438
v -72.74153137207031 -63.231327056884766 202.74900817871094
v -120.82981872558594 -63.42551803588867 202.9277801513672
v -82.41038513183594 -70.207763671875 204.4388885498047
v -85.72337341308594 -72.93655395507812 203.1048583984375
v -98.46846008300781 -79.72518920898438 205.41053771972656
v -138.76866149902344 -82.94102478027344 204.14036560058594
v -122.58250427246094 -89.55241394042969 205.28045654296875
v -125.71260070800781 -91.18191528320312 204.02627563476562
v -136.1827850341797 -91.38330078125 201.9728240966797
v -130.23582458496094 -93.0382080078125 202.01937866210938
v -131.6260223388672 -91.31529235839844 205.26260375976562
v -49.428497314453125 -40.313941955566406 205.42564392089844
v -68.22648620605469 -40.7461051940918 206.02491760253906
v -74.96614074707031 -43.66497802734375 206.58624267578125
v -87.18812561035156 -49.299381256103516 210.7779998779297
v -89.47340393066406 -50.08928298950195 209.94293212890625
v -99.72282409667969 -53.15605926513672 211.57806396484375
v -64.67071533203125 -59.95261001586914 204.90016174316406
v -75.38587951660156 -64.61541748046875 203.58726501464844
v -125.19651794433594 -67.16703796386719 207.03236389160156
v -84.70817565917969 -71.27476501464844 207.11761474609375
v -95.59989929199219 -78.25836181640625 205.87026977539062
v -137.43617248535156 -79.706787109375 204.95187377929688
v -102.47932434082031 -80.29580688476562 209.52137756347656
v -104.39753723144531 -81.1004638671875 209.93319702148438
v -113.85993957519531 -86.04861450195312 207.44613647460938
v -137.3423309326172 -85.19493103027344 206.39373779296875
v -137.6892852783203 -88.06944274902344 204.0106658935547
v -60.2830810546875 -39.40867233276367 208.755126953125
v -48.351898193359375 -42.31864929199219 206.11541748046875
v -47.73905944824219 -43.17930221557617 205.40728759765625
v -48.71632385253906 -44.659488677978516 207.2036895751953
v -59.604644775390625 -55.44119644165039 209.19984436035156
v -62.68879699707031 -58.607845306396484 206.73609924316406
v -116.25691223144531 -60.165531158447266 205.41847229003906
v -77.07264709472656 -65.24806213378906 208.9849395751953
v -127.75581359863281 -71.62229919433594 213.4388885498047
v -92.13154602050781 -75.57861328125 206.96031188964844
v -131.6376495361328 -73.66162109375 209.2338409423828
v -119.16828918457031 -88.08464050292969 206.71395874023438
v -135.37806701660156 -88.62237548828125 206.3887939453125
v -127.84336853027344 -90.55677795410156 206.7826690673828
v -133.1825714111328 -89.1500244140625 207.35523986816406
v -56.795166015625 -39.34214782714844 208.71829223632812
v -50.77882385253906 -42.088443756103516 209.71432495117188
v -82.56486511230469 -47.01919937133789 215.98069763183594
v -51.776336669921875 -48.64345932006836 208.9478759765625
v -50.30650329589844 -46.444122314453125 209.47755432128906
v -54.088775634765625 -49.660099029541016 211.75254821777344
v -62.52191162109375 -57.00815200805664 211.68601989746094
v -107.08866882324219 -56.51387405395508 212.14158630371094
v -68.19526672363281 -60.50680160522461 211.25975036621094
v -74.72416687011719 -63.71757888793945 208.150634765625
v -80.28874206542969 -67.91929626464844 210.3969268798828
v -88.46022033691406 -72.80735778808594 209.28639221191406
v -135.39988708496094 -79.46420288085938 208.65460205078125
v -99.90623474121094 -78.93717956542969 211.32569885253906
v -136.7628631591797 -82.20758056640625 207.39564514160156
v -108.13645935058594 -83.56329345703125 207.32276916503906
v -53.49800109863281 -40.828948974609375 211.06045532226562
v -95.22529602050781 -51.577186584472656 212.81954956054688
v -103.31907653808594 -54.805381774902344 213.0665740966797
v -113.67491149902344 -61.2465934753418 219.90542602539062
v -70.39289855957031 -61.28145217895508 216.51783752441406
v -117.19560241699219 -62.62723159790039 214.44334411621094
v -82.48832702636719 -69.29241943359375 212.96994018554688
v -122.54118347167969 -66.55848693847656 211.8449249267578
v -122.94709777832031 -67.681884765625 214.2594757080078
v -131.1233673095703 -75.00697326660156 212.0659942626953
v -97.39921569824219 -77.78260803222656 210.55601501464844
v -110.65870666503906 -84.30323791503906 213.67300415039062
v -116.64878845214844 -86.67138671875 210.18374633789062
v -134.6458282470703 -85.96771240234375 208.71124267578125
v -121.25318908691406 -88.04801940917969 210.01004028320312
v -125.16374206542969 -89.1309814453125 208.98526000976562
v -127.83558654785156 -88.52848815917969 209.90162658691406
v -57.43873596191406 -40.64576721191406 214.58460998535156
v -61.24928283691406 -40.49595260620117 215.10157775878906
v -65.46864318847656 -40.9830322265625 214.14703369140625
v -51.24406433105469 -45.12013626098633 212.86801147460938
v -71.67930603027344 -43.15875244140625 214.3634033203125
v -54.1029052734375 -47.74544906616211 216.24685668945312
v -58.25860595703125 -52.42597198486328 212.96678161621094
v -65.50352478027344 -58.6172981262207 214.03099060058594
v -85.95466613769531 -71.19863891601562 211.1978759765625
v -94.73347473144531 -75.18812561035156 212.64210510253906
v -133.67454528808594 -78.47758483886719 210.38699340820312
v -131.24916076660156 -77.38783264160156 213.3039093017578
v -132.1320343017578 -80.02406311035156 212.45147705078125
v -133.9121856689453 -84.13623046875 209.95538330078125
v -131.5878448486328 -83.14344787597656 212.19692993164062
v -131.4451141357422 -86.868896484375 210.069580078125
v -124.14076232910156 -87.21635437011719 212.9652862548828
v -129.2869110107422 -86.27822875976562 211.8032684326172
v -54.73066711425781 -42.28025436401367 216.03933715820312
v -52.73277282714844 -43.605751037597656 214.7507781982422
v -79.29685974121094 -45.63846969604492 217.39166259765625
v -52.31147766113281 -45.848480224609375 214.66392517089844
v -78.74784851074219 -66.89772033691406 214.1812286376953
v -92.22288513183594 -73.02346801757812 215.44937133789062
v -98.51066589355469 -77.41915893554688 215.1328125
v -100.80354309082031 -78.91780090332031 215.1284637451172
v -106.16239929199219 -81.90606689453125 215.9120635986328
v -128.7773895263672 -79.79859924316406 216.34617614746094
v -126.23228454589844 -85.61639404296875 214.57803344726562
v -127.07841491699219 -82.49201965332031 216.62692260742188
v -119.03944396972656 -86.61099243164062 212.73988342285156
v -121.80122375488281 -86.96113586425781 213.17417907714844
v -56.57695007324219 -42.00395584106445 217.62741088867188
v -67.73072814941406 -59.792842864990234 217.12347412109375
v -72.48085021972656 -63.446537017822266 223.04006958007812
v -78.02171325683594 -66.50042724609375 219.4429168701172
v -83.81141662597656 -69.6236572265625 217.31912231445312
v -123.16258239746094 -69.33807373046875 217.21092224121094
v -128.55039978027344 -74.04161071777344 215.652587890625
v -94.67518615722656 -74.19830322265625 217.2532958984375
v -102.63902282714844 -79.77510070800781 220.42398071289062
v -128.0052947998047 -80.71705627441406 216.8076934814453
v -108.08482360839844 -82.53431701660156 218.17404174804688
v -113.96055603027344 -84.74163818359375 217.2973175048828
v -120.23609924316406 -85.74221801757812 215.54400634765625
v -62.4246826171875 -42.53184509277344 220.84706115722656
v -69.09693908691406 -43.095069885253906 218.85902404785156
v -54.45013427734375 -45.063961029052734 217.9737548828125
v -74.74385070800781 -44.60663604736328 221.30239868164062
v -54.34126281738281 -46.34163284301758 217.69349670410156
v -86.30003356933594 -48.98942947387695 220.52093505859375
v -58.883026123046875 -51.10447692871094 218.3206024169922
v -88.58015441894531 -49.855918884277344 223.04551696777344
v -93.98921203613281 -51.2567138671875 221.1172637939453
v -97.16694641113281 -52.4515266418457 222.58547973632812
v -61.64924621582031 -52.853355407714844 220.72732543945312
v -100.03150939941406 -53.93874740600586 222.70330810546875
v -63.59153747558594 -55.85287857055664 218.67205810546875
v -110.51814270019531 -59.60377883911133 220.693115234375
v -115.78633117675781 -63.303653717041016 221.02210998535156
v -119.79069519042969 -66.57098388671875 218.81202697753906
v -90.39933776855469 -71.23428344726562 223.46505737304688
v -127.44657897949219 -74.86917114257812 217.66390991210938
v -127.54249572753906 -76.63755798339844 217.95053100585938
v -124.46458435058594 -83.884765625 216.90771484375
v -116.46623229980469 -84.80569458007812 218.30133056640625
v -117.58140563964844 -84.09100341796875 220.25018310546875
v -122.03456115722656 -84.84855651855469 216.60243225097656
v -55.075042724609375 -43.82686996459961 218.25669860839844
v -57.4986572265625 -48.72311019897461 219.95697021484375
v -65.65257263183594 -57.98324966430664 219.5045928955078
v -67.36952209472656 -59.755069732666016 221.18577575683594
v -81.08451843261719 -67.84144592285156 220.5629119873047
v -122.54072570800781 -70.50685119628906 219.61090087890625
v -125.89149475097656 -79.71672058105469 218.64356994628906
v -100.25993347167969 -78.18441772460938 223.09608459472656
v -105.52436828613281 -81.01509094238281 222.41818237304688
v -122.80262756347656 -82.09236145019531 219.04244995117188
v -112.51692199707031 -83.73127746582031 220.33897399902344
v -118.92329406738281 -83.53770446777344 220.17929077148438
v -120.92787170410156 -82.77861022949219 219.56004333496094
v -115.53608703613281 -84.21722412109375 220.9124298095703
v -60.28004455566406 -42.83978271484375 220.7452392578125
v -66.05091857910156 -43.091224670410156 221.62998962402344
v -58.60322570800781 -43.75806427001953 221.0360565185547
v -61.07171630859375 -44.019107818603516 223.78118896484375
v -57.818267822265625 -44.92496109008789 221.2918701171875
v -57.560394287109375 -46.480613708496094 221.47935485839844
v -81.78596496582031 -47.197696685791016 221.1518096923828
v -58.944183349609375 -47.821922302246094 223.6658935546875
v -62.10224914550781 -51.768218994140625 224.23500061035156
v -64.29443359375 -56.10903549194336 221.9502716064453
v -122.78309631347656 -71.86447143554688 220.47024536132812
v -123.66142272949219 -74.36561584472656 220.6520233154297
v -93.45738220214844 -72.57292175292969 228.43504333496094
v -123.10682678222656 -76.88377380371094 220.9799041748047
v -123.16102600097656 -79.45651245117188 220.2368621826172
v -120.47547912597656 -80.600830078125 221.6454315185547
v -108.91554260253906 -81.49853515625 226.0618438720703
v -64.30430603027344 -43.6937255859375 224.7265167236328
v -59.7349853515625 -45.44784164428711 224.94345092773438
v -70.25074768066406 -44.85399627685547 227.35031127929688
v -75.61601257324219 -45.28778839111328 223.38671875
v -79.83091735839844 -47.501182556152344 225.40017700195312
v -83.76487731933594 -48.59327697753906 224.88693237304688
v -67.89192199707031 -61.0949821472168 229.92483520507812
v -105.04277038574219 -57.67831039428711 225.56248474121094
v -68.70851135253906 -61.40171432495117 225.8661651611328
v -112.30790710449219 -61.50167465209961 223.34173583984375
v -74.59101867675781 -64.6812744140625 224.85452270507812
v -115.31272888183594 -64.77490234375 224.06503295898438
v -81.51753234863281 -67.43814086914062 224.8855438232422
v -86.86064147949219 -69.18354797363281 226.26449584960938
v -119.49894714355469 -70.14085388183594 223.3450469970703
v -121.00080871582031 -73.76087951660156 223.10250854492188
v -118.30830383300781 -78.2525634765625 224.98208618164062
v -98.67204284667969 -76.72531127929688 225.72412109375
v -118.51039123535156 -80.60076904296875 223.76097106933594
v -104.21348571777344 -79.88636779785156 225.9091339111328
v -112.44862365722656 -82.67695617675781 224.77114868164062
v -114.27720642089844 -83.10490417480469 223.51565551757812
v -66.44712829589844 -44.42604064941406 227.6138153076172
v -90.06752014160156 -50.755828857421875 227.08859252929688
v -64.04527282714844 -54.119384765625 226.21990966796875
v -97.11268615722656 -53.85588455200195 228.48248291015625
v -65.18949890136719 -57.189693450927734 225.45578002929688
v -115.86161804199219 -81.32810974121094 226.0040740966797
v -114.82023620605469 -82.12631225585938 225.5978546142578
v -62.850799560546875 -45.5169792175293 228.88905334472656
v -64.44181823730469 -45.06797409057617 229.47027587890625
v -61.47990417480469 -46.93413543701172 228.03448486328125
v -71.62861633300781 -45.95735168457031 229.50157165527344
v -76.29399108886719 -48.30272674560547 230.94088745117188
v -61.8812255859375 -49.42792892456055 227.0738983154297
v -64.22587585449219 -51.455589294433594 229.72373962402344
v -93.68479919433594 -52.38822555541992 228.81890869140625
v -99.28150939941406 -55.61177444458008 229.6558380126953
v -105.08992004394531 -58.90375900268555 228.66146850585938
v -66.07890319824219 -58.6518669128418 227.63308715820312
v -110.07090759277344 -62.44401931762695 227.79209899902344
v -72.43464660644531 -63.86476516723633 231.39382934570312
v -80.07188415527344 -66.80043029785156 228.97735595703125
v -111.15806579589844 -66.20494079589844 230.17352294921875
v -115.56611633300781 -68.20878601074219 226.4709930419922
v -115.94935607910156 -71.02536010742188 227.21156311035156
v -116.31547546386719 -75.23200988769531 227.26759338378906
v -104.42851257324219 -79.47853088378906 228.16566467285156
v -113.38868713378906 -79.160888671875 230.30894470214844
v -113.97544860839844 -80.20967102050781 229.40182495117188
v -110.78144836425781 -81.44236755371094 228.26840209960938
v -63.47257995605469 -48.730743408203125 230.2733154296875
v -86.41746520996094 -50.79433059692383 231.62991333007812
v -65.07929992675781 -54.641998291015625 230.55752563476562
v -65.75798034667969 -57.480472564697266 232.1839599609375
v -66.64421081542969 -59.76113510131836 232.47467041015625
v -68.96522521972656 -62.97111892700195 240.38943481445312
v -86.07841491699219 -68.66993713378906 232.6885528564453
v -90.11515808105469 -69.76411437988281 233.78518676757812
v -98.42683410644531 -75.40426635742188 231.8666534423828
v -99.82347106933594 -76.37985229492188 230.7388916015625
v -112.29319763183594 -80.91810607910156 229.9121551513672
v -67.93083190917969 -45.413421630859375 229.87890625
v -64.98597717285156 -51.07122802734375 231.58123779296875
v -105.83518981933594 -61.835018157958984 231.65072631835938
v -77.22410583496094 -65.67092895507812 237.50709533691406
v -109.70890808105469 -68.0860595703125 231.95089721679688
v -93.38468933105469 -71.53350830078125 233.3035888671875
v -111.60755920410156 -74.43087768554688 231.49501037597656
v -96.84715270996094 -73.85577392578125 233.6652069091797
v -103.64552307128906 -77.89259338378906 231.21249389648438
v -106.53999328613281 -79.09584045410156 230.95506286621094
v -65.71287536621094 -49.17281723022461 232.5761260986328
v -66.75056457519531 -48.08496856689453 232.81739807128906
v -69.76383972167969 -47.97652816772461 233.4125213623047
v -73.85899353027344 -49.02259063720703 234.20166015625
v -66.84754943847656 -50.094505310058594 234.64727783203125
v -68.66920471191406 -48.98701858520508 234.72308349609375
v -81.16575622558594 -50.82771682739258 235.4503173828125
v -88.52497863769531 -52.49301528930664 234.39158630371094
v -65.50581359863281 -53.45832443237305 233.56153869628906
v -94.61509704589844 -55.6682243347168 235.10678100585938
v -65.54093933105469 -56.113407135009766 235.4202117919922
v -97.97434997558594 -57.72307205200195 235.1010284423828
v -103.68971252441406 -62.53361892700195 234.09823608398438
v -82.69862365722656 -67.87184143066406 236.19285583496094
v -106.49037170410156 -72.22105407714844 234.2847900390625
v -106.10630798339844 -74.2349853515625 234.5004119873047
v -101.94392395019531 -76.23924255371094 233.73880004882812
v -105.85591125488281 -75.5650634765625 234.2754364013672
v -108.74726867675781 -78.37120056152344 232.619140625
v -105.43128967285156 -76.60842895507812 233.61849975585938
v -108.32170104980469 -78.69735717773438 232.17510986328125
v -110.15635681152344 -78.647216796875 231.82870483398438
v -65.94856262207031 -53.107666015625 235.75418090820312
v -88.14744567871094 -54.86284255981445 238.9090576171875
v -99.22453308105469 -59.740787506103516 236.02316284179688
v -104.83140563964844 -65.13400268554688 234.1741943359375
v -74.91960144042969 -65.00950622558594 237.8642120361328
v -101.99330139160156 -72.19113159179688 237.161376953125
v -100.04338073730469 -75.09434509277344 234.63511657714844
v -103.65571594238281 -75.04827880859375 236.0825653076172
v -72.61662292480469 -50.677581787109375 237.93043518066406
v -66.82072448730469 -52.54887390136719 238.27110290527344
v -68.32737731933594 -51.25788116455078 238.06031799316406
v -78.41920471191406 -51.975189208984375 239.5655517578125
v -66.10664367675781 -59.98391342163086 241.57318115234375
v -67.62596130371094 -61.653690338134766 237.2323760986328
v -99.96946716308594 -62.952754974365234 236.91880798339844
v -70.28132629394531 -63.70144271850586 240.58119201660156
v -101.76255798339844 -67.65098571777344 236.40792846679688
v -99.44416809082031 -67.60171508789062 237.48867797851562
v -86.48963928222656 -68.48097229003906 235.95657348632812
v -88.57743835449219 -67.99986267089844 238.4181365966797
v -92.23863220214844 -69.43528747558594 236.38406372070312
v -94.03843688964844 -69.06246948242188 237.45716857910156
v -95.46147155761719 -70.94142150878906 236.60411071777344
v -98.37840270996094 -73.42205810546875 236.3921356201172
v -97.48423767089844 -71.62071228027344 237.326416015625
v -102.58903503417969 -73.70832824707031 236.6765594482422
v -101.90077209472656 -74.82942199707031 235.81114196777344
v -70.07221984863281 -51.33417892456055 239.16162109375
v -81.32945251464844 -53.516048431396484 241.13206481933594
v -65.58824157714844 -56.40803909301758 240.09906005859375
v -91.41917419433594 -56.87173843383789 239.08407592773438
v -65.63111877441406 -58.78818130493164 244.07095336914062
v -95.69416809082031 -59.22584915161133 237.8763427734375
v -91.89418029785156 -59.09590530395508 240.5597686767578
v -96.14335632324219 -62.33302688598633 238.56629943847656
v -92.75877380371094 -64.4727783203125 239.725341796875
v -93.41526794433594 -62.04292678833008 239.93478393554688
v -94.95671081542969 -65.85067749023438 238.59410095214844
v -80.28117370605469 -66.38270568847656 240.52369689941406
v -84.08619689941406 -67.75810241699219 239.21017456054688
v -91.53968811035156 -67.09938049316406 238.8770751953125
v -95.96943664550781 -68.77069091796875 237.80447387695312
v -68.08827209472656 -53.68382263183594 243.45123291015625
v -66.83345031738281 -54.326805114746094 242.9716339111328
v -66.07847595214844 -55.347713470458984 242.41815185546875
v -86.72776794433594 -56.418392181396484 241.89796447753906
v -67.78312683105469 -61.95176315307617 243.5102996826172
v -73.39323425292969 -64.66035461425781 241.68270874023438
v -89.49897766113281 -62.413448333740234 242.42892456054688
v -76.92317199707031 -65.28752136230469 240.74847412109375
v -88.86399841308594 -65.98007202148438 241.20106506347656
v -85.46925354003906 -67.01106262207031 241.0861053466797
v -87.04090881347656 -65.63278198242188 242.6046142578125
v -70.11827087402344 -53.80608367919922 244.70046997070312
v -72.65644836425781 -54.06617736816406 245.21246337890625
v -79.72813415527344 -54.96232223510742 243.68597412109375
v -65.60984802246094 -57.831417083740234 245.0475311279297
v -87.80598449707031 -59.70133590698242 243.16900634765625
v -87.14616394042969 -57.991641998291016 242.82333374023438
v -66.23066711425781 -59.85286331176758 246.3063201904297
v -69.89100646972656 -63.35880661010742 244.34385681152344
v -78.52201843261719 -65.18650817871094 242.38888549804688
v -81.34245300292969 -65.91909790039062 242.5542755126953
v -66.71620178222656 -56.4278450012207 246.85430908203125
v -73.32994079589844 -55.495121002197266 247.2066192626953
v -77.29408264160156 -55.70289993286133 245.87176513671875
v -82.33149719238281 -57.69050216674805 244.47109985351562
v -82.73420715332031 -61.46320724487305 245.06491088867188
v -80.29341125488281 -59.51584243774414 246.01730346679688
v -81.45381164550781 -63.347347259521484 244.82020568847656
v -79.33128356933594 -61.55864334106445 246.20147705078125
v -86.11946105957031 -62.05488204956055 244.0179443359375
v -85.36430358886719 -64.27262878417969 243.8449249267578
v -71.83570861816406 -63.41594314575195 245.79971313476562
v -73.79515075683594 -64.23825073242188 243.9895782470703
v -75.74745178222656 -63.7548713684082 245.32679748535156
v -80.10066223144531 -64.60369873046875 243.89993286132812
v -82.93360900878906 -65.23312377929688 243.5442657470703
v -68.06864929199219 -55.99173355102539 247.90264892578125
v -69.53501892089844 -55.581668853759766 247.8805694580078
v -78.22023010253906 -58.00972366333008 246.9582061767578
v -75.57942199707031 -61.594791412353516 247.83871459960938
v -75.91123962402344 -60.10459518432617 248.31044006347656
v -68.12373352050781 -61.1534538269043 248.94798278808594
v -70.18449401855469 -62.1494255065918 247.71353149414062
v -71.97413635253906 -61.386104583740234 248.9088897705078
v -76.83934020996094 -62.96120834350586 246.21072387695312
v -66.70353698730469 -58.10963821411133 247.7579803466797
v -69.91520690917969 -57.184566497802734 249.31944274902344
v -72.57688903808594 -57.541255950927734 249.66342163085938
v -74.63380432128906 -57.71076583862305 248.5828399658203
v -73.89018249511719 -60.02585220336914 249.36988830566406
v -68.43299865722656 -58.78902816772461 249.24383544921875
v -70.49681091308594 -59.28154373168945 249.9550323486328
vn -0.1987561732530594 0.143188014626503 -0.9695324897766113
vn 0.0517868846654892 0.140883669257164 -0.988670825958252
vn -0.11155317723751068 -0.025150815024971962 -0.9934402108192444
vn 0.06227258965373039 -0.052975449711084366 -0.9966523051261902
vn 0.13156454265117645 0.2773101031780243 -0.951729953289032
vn 0.17516988515853882 0.5066143274307251 -0.8441904187202454
vn 0.26909875869750977 0.3006427586078644 -0.9149861931800842
vn -0.004606732167303562 0.5036786794662476 -0.8638788461685181
vn -0.036383260041475296 0.29519176483154297 -0.9547450542449951
vn -0.029005493968725204 0.25528764724731445 -0.9664300084114075
vn -0.04403649643063545 0.43202003836631775 -0.9007882475852966
vn -0.0056382231414318085 0.5094819664955139 -0.8604628443717957
vn 0.09164469689130783 0.28511694073677063 -0.9541014432907104
vn -0.0677429661154747 0.2751290500164032 -0.9590176939964294
vn -0.3325336277484894 0.4664832353591919 -0.8196431398391724
vn 0.18724404275417328 0.14855754375457764 -0.9710150957107544
vn 0.08912600576877594 0.10945319384336472 -0.9899881482124329
vn -0.018523812294006348 0.09283677488565445 -0.9955090284347534
vn 0.08174886554479599 0.1813337802886963 -0.9800180196762085
vn 0.07772606611251831 0.3207298219203949 -0.9439762234687805
vn 0.0007327217026613653 0.12907598912715912 -0.9916344285011292
vn -0.1493564397096634 0.20937606692314148 -0.966361403465271
vn 0.0629800483584404 0.03001519851386547 -0.997563362121582
vn 0.0024515341501682997 0.01357602421194315 -0.9999048709869385
vn -0.19600889086723328 0.03759988769888878 -0.9798809885978699
vn -0.09600864350795746 0.38010090589523315 -0.9199487566947937
vn -0.10723139345645905 0.3996177017688751 -0.9103884696960449
vn 0.23341117799282074 0.2021428644657135 -0.9511348605155945
vn 0.41678231954574585 0.031177857890725136 -0.9084714651107788
vn 0.24903105199337006 0.007449451833963394 -0.9684668779373169
vn 0.04606202617287636 0.24974963068962097 -0.9672142863273621
vn 0.030644889920949936 0.16007520258426666 -0.986629068851471
vn 0.009617190808057785 -0.01613415591418743 -0.9998235702514648
vn 0.12483575940132141 0.013945226557552814 -0.9920794367790222
vn -0.046134352684020996 0.09403003752231598 -0.9944998621940613
vn 0.03096800670027733 0.06842286139726639 -0.9971756935119629
vn 0.06765275448560715 0.0026325122453272343 -0.9977054595947266
vn -0.06218598037958145 0.04547698050737381 -0.9970279932022095
vn -0.2415078729391098 0.15546096861362457 -0.957865297794342
vn 0.5117353796958923 -0.186828151345253 -0.8385834097862244
vn -0.008880757726728916 0.028340794146060944 -0.9995588660240173
vn 0.056783802807331085 -0.07105014473199844 -0.9958551526069641
vn -0.14612442255020142 -0.02087128534913063 -0.989046037197113
vn 0.364638090133667 -0.34437838196754456 -0.865125834941864
vn 0.15540127456188202 -0.14439129829406738 -0.9772419333457947
vn 0.016570409759879112 -0.07720793038606644 -0.9968773126602173
vn -0.11610148102045059 0.02201114408671856 -0.9929934740066528
vn -0.022005625069141388 -0.022293610498309135 -0.9995092749595642
vn 0.02501164935529232 -0.1440221071243286 -0.9892584085464478
vn -0.07687899470329285 -0.04736994951963425 -0.9959145188331604
vn -0.07538030296564102 -0.015171613544225693 -0.9970394372940063
vn 0.05839092284440994 0.0922565907239914 -0.9940217733383179
vn -0.16816073656082153 0.2970084846019745 -0.9399510025978088
vn 0.09437018632888794 -0.2928818464279175 -0.9514801502227783
vn 0.06611813604831696 0.05902458727359772 -0.9960645437240601
vn -0.24458201229572296 0.021189063787460327 -0.9693970680236816
vn 0.06361742317676544 -0.3993014693260193 -0.9146098494529724
vn 0.07611729204654694 -0.18249377608299255 -0.980256199836731
vn 0.04683592543005943 -0.10507245361804962 -0.9933611154556274
vn -0.09664563834667206 -0.10206639766693115 -0.9900717735290527
vn -0.07220734655857086 -0.028388017788529396 -0.9969856142997742
vn -0.09923414885997772 0.2819616198539734 -0.9542799592018127
vn 0.08550321310758591 0.031384747475385666 -0.9958435297012329
vn 0.24973034858703613 -0.54499351978302 -0.8003854751586914
vn 0.03133324906229973 -0.257237046957016 -0.965840220451355
vn 0.1107357069849968 -0.3419281542301178 -0.9331788420677185
vn 0.1394956409931183 -0.049403682351112366 -0.9889895915985107
vn 0.15265683829784393 -0.08923237025737762 -0.9842426180839539
vn -0.13495439291000366 -0.028956156224012375 -0.990428626537323
vn -0.19569416344165802 -0.19392764568328857 -0.9612990617752075
vn 0.00899008009582758 -0.20876939594745636 -0.977923572063446
vn -0.08500932902097702 -0.0018588363891467452 -0.9963784217834473
vn -0.13206353783607483 0.04951053112745285 -0.9900040030479431
vn -0.051594045013189316 -0.1624145656824112 -0.98537278175354
vn -0.49783509969711304 0.134547621011734 -0.8567714095115662
vn -0.3612094223499298 0.4748132526874542 -0.8025460839271545
vn -0.1973293572664261 -0.20590060949325562 -0.9584707617759705
vn 0.12182016670703888 -0.4301706552505493 -0.8944904208183289
vn 0.1374378651380539 -0.36103513836860657 -0.9223690032958984
vn 0.032599713653326035 -0.43101245164871216 -0.9017569422721863
vn -0.23654361069202423 -0.3718118667602539 -0.8976653814315796
vn 0.0410456657409668 -0.28029173612594604 -0.9590368866920471
vn -0.082227423787117 -0.08758878707885742 -0.9927572011947632
vn 0.0913577526807785 -0.6659371256828308 -0.740392804145813
vn -0.1504640430212021 -0.5598018169403076 -0.8148512244224548
vn 0.05370480194687843 -0.45871517062187195 -0.8869589567184448
vn 0.10898247361183167 -0.592850387096405 -0.7979043126106262
vn 0.12772057950496674 -0.7550409436225891 -0.6431179046630859
vn 0.08642660826444626 -0.7502996921539307 -0.6554241180419922
vn -0.07158930599689484 -0.7537045478820801 -0.6533027291297913
vn -0.3697059750556946 -0.4865340292453766 -0.7915821075439453
vn -0.35037145018577576 -0.24211890995502472 -0.9047752618789673
vn 0.2547491490840912 -0.4753558337688446 -0.8421043753623962
vn -0.21526940166950226 -0.5170415639877319 -0.8284486532211304
vn 0.12974710762500763 -0.15368209779262543 -0.9795649647712708
vn -0.24481865763664246 -0.612390398979187 -0.7516926527023315
vn 0.07950592786073685 -0.22718125581741333 -0.9706016778945923
vn 0.07531915605068207 -0.4724733233451843 -0.8781207799911499
vn 0.02135320194065571 0.5766708850860596 -0.8166974782943726
vn -0.05480240657925606 0.7315758466720581 -0.6795539855957031
vn -0.28110408782958984 0.7967951893806458 -0.5348812937736511
vn -0.22066627442836761 0.8670461177825928 -0.4466962218284607
vn 0.22420060634613037 0.34449219703674316 -0.911624550819397
vn 0.14528235793113708 0.518345832824707 -0.8427399396896362
vn 0.04753212630748749 0.6364437341690063 -0.7698572874069214
vn -0.04166369512677193 0.6106946468353271 -0.7907693982124329
vn -0.5415407419204712 0.7777469158172607 -0.31912925839424133
vn 0.11830206215381622 0.4847968518733978 -0.8665890693664551
vn 0.18679678440093994 0.3042852282524109 -0.9340865015983582
vn 0.08167020976543427 0.356785386800766 -0.9306095838546753
vn -0.42999693751335144 0.7125982046127319 -0.5543522238731384
vn -0.29207444190979004 0.43194881081581116 -0.8532952666282654
vn 0.36350736021995544 0.10895094275474548 -0.9251984357833862
vn 0.3974553048610687 0.12731677293777466 -0.9087462425231934
vn -0.14265088737010956 0.6937421560287476 -0.7059550881385803
vn -0.11957667022943497 0.6225089430809021 -0.7734235525131226
vn -0.4463600218296051 0.5709152817726135 -0.6890707612037659
vn -0.12672573328018188 0.8740506172180176 -0.4690161645412445
vn -0.28913700580596924 0.38023433089256287 -0.8785338401794434
vn -0.396756649017334 0.3044945299625397 -0.8659487962722778
vn 0.5086295008659363 -0.07923253625631332 -0.8573320508003235
vn -0.5001910924911499 0.4227462708950043 -0.7557079792022705
vn -0.3714599609375 0.5628767013549805 -0.738368034362793
vn -0.23322753608226776 0.5675200819969177 -0.7896365523338318
vn 0.5550088286399841 -0.35942110419273376 -0.7501878142356873
vn -0.3587930500507355 0.7406174540519714 -0.5681138038635254
vn 0.12785159051418304 -0.059862032532691956 -0.9899851083755493
vn -0.5137411952018738 0.45619508624076843 -0.7266058921813965
vn -0.6065296530723572 0.23136045038700104 -0.7606537938117981
vn 0.1681983917951584 -0.61691814661026 -0.7688441276550293
vn 0.03297125920653343 -0.43870609998703003 -0.8980255126953125
vn 0.10516319423913956 0.025793850421905518 -0.9941204190254211
vn -0.5412124395370483 -0.027662796899676323 -0.8404307961463928
vn 0.04282118007540703 -0.6083515286445618 -0.7925117015838623
vn -0.44073134660720825 -0.3706619143486023 -0.8175362944602966
vn 0.08323142677545547 -0.06373359262943268 -0.9944901466369629
vn -0.3305753469467163 -0.43686771392822266 -0.8365803360939026
vn -0.3938782513141632 -0.39036840200424194 -0.8321493268013
vn 0.07988207042217255 -0.886580228805542 -0.4556252658367157
vn 0.05817904695868492 -0.9239353537559509 -0.37809890508651733
vn 0.10300888866186142 -0.9391735792160034 -0.32763129472732544
vn 0.08352545648813248 -0.9175025224685669 -0.3888608515262604
vn 0.14296285808086395 -0.8371983170509338 -0.5278832316398621
vn 0.26673582196235657 -0.6377684473991394 -0.7225673198699951
vn -0.5126848816871643 -0.6017720699310303 -0.6123926043510437
vn -0.40320539474487305 -0.6578441858291626 -0.6361339688301086
vn 0.1580730378627777 0.659184455871582 -0.7351794838905334
vn 0.11346963047981262 0.6753724813461304 -0.7286951541900635
vn 0.08165416121482849 0.6660279631614685 -0.7414441704750061
vn -0.04687371477484703 0.730887234210968 -0.6808866858482361
vn -0.05472976714372635 0.8042246699333191 -0.5918000340461731
vn 0.313311368227005 0.3427041172981262 -0.8856579065322876
vn -0.4348493814468384 0.8789880871772766 -0.195668026804924
vn 0.46310749650001526 0.11844176054000854 -0.8783524036407471
vn -0.47794580459594727 0.8282285928726196 -0.2925838530063629
vn -0.13487505912780762 0.9350445866584778 -0.3278723657131195
vn -0.43464043736457825 0.80849289894104 -0.396770715713501
vn -0.3247835338115692 0.9112040996551514 -0.2534220814704895
vn -0.6112815141677856 0.6551738977432251 -0.4439392387866974
vn 0.566628098487854 -0.23364412784576416 -0.7901538014411926
vn -0.4778711795806885 0.7038541436195374 -0.5255744457244873
vn -0.38543927669525146 0.6467684507369995 -0.6581239700317383
vn 0.455941766500473 -0.5869942903518677 -0.6689953804016113
vn -0.4009978771209717 0.3880838453769684 -0.8298142552375793
vn -0.3116435408592224 0.10601545125246048 -0.9442664384841919
vn 0.30036237835884094 -0.7157161235809326 -0.6305021047592163
vn -0.25017809867858887 -0.20586712658405304 -0.946060061454773
vn -0.14517563581466675 -0.084635891020298 -0.9857792854309082
vn 0.09378963708877563 -0.7787280678749084 -0.6203113198280334
vn 0.06011053919792175 -0.8082180619239807 -0.5858073830604553
vn 0.20397210121154785 -0.8477835655212402 -0.4895491898059845
vn -0.02945713698863983 -0.9210137724876404 -0.3884146809577942
vn 0.02550550177693367 -0.9384168386459351 -0.34456250071525574
vn 0.0393960066139698 -0.976531445980072 -0.21174120903015137
vn -0.28173828125 -0.6551803946495056 -0.7009723782539368
vn 0.24403735995292664 -0.9254704713821411 -0.2897416949272156
vn 0.170366108417511 -0.4294542670249939 -0.8868734836578369
vn 0.32107654213905334 -0.6159654259681702 -0.7193723320960999
vn -0.15043894946575165 -0.7422376275062561 -0.6530325412750244
vn -0.4591352641582489 -0.7206366658210754 -0.5194974541664124
vn -0.38515931367874146 -0.7193369269371033 -0.5781062245368958
vn 0.05672255530953407 -0.6972137093544006 -0.7146157026290894
vn -0.030598198994994164 0.8705025911331177 -0.49121180176734924
vn -0.02494783140718937 0.7697715163230896 -0.6378318667411804
vn -0.16395203769207 0.8738362193107605 -0.4577444791793823
vn -0.13497258722782135 0.8290686011314392 -0.5426118969917297
vn 0.12416540086269379 0.7167817950248718 -0.6861536502838135
vn -0.09185867756605148 0.9023332595825195 -0.4211374521255493
vn -0.19279079139232635 0.9378001093864441 -0.2887261211872101
vn -0.21380740404129028 0.9379042983055115 -0.2731702923774719
vn 0.2649703621864319 0.5798623561859131 -0.7704222202301025
vn 0.4667242765426636 0.4248599410057068 -0.7756690382957458
vn 0.5840787887573242 0.16699540615081787 -0.7943328022956848
vn 0.5941480398178101 -0.01224625762552023 -0.8042625188827515
vn -0.3559550940990448 0.9083089828491211 -0.2197062224149704
vn -0.05651218071579933 0.9786970019340515 -0.19737933576107025
vn -0.553540825843811 0.7863463163375854 -0.27432122826576233
vn -0.6507372856140137 0.6673865914344788 -0.3621271848678589
vn -0.5830481052398682 0.5445389747619629 -0.6029363870620728
vn -0.5999178886413574 0.6638731360435486 -0.44650983810424805
vn 0.6101261973381042 -0.17369143664836884 -0.7730312347412109
vn -0.41923412680625916 0.789202094078064 -0.4487793445587158
vn 0.630201518535614 -0.29699578881263733 -0.7173838019371033
vn 0.5895983576774597 -0.441966712474823 -0.6760468482971191
vn -0.289749413728714 0.805066704750061 -0.5176030993461609
vn -0.38217055797576904 0.6584720015525818 -0.6483519673347473
vn -0.4205440878868103 0.41416439414024353 -0.8072240352630615
vn 0.5199745297431946 -0.6471839547157288 -0.5574759840965271
vn -0.3075331449508667 0.1893787384033203 -0.9325015544891357
vn -0.5786595344543457 0.2920486032962799 -0.7614858746528625
vn -0.6166812777519226 0.5329375863075256 -0.579380452632904
vn 0.4137299656867981 -0.756671130657196 -0.5062374472618103
vn -0.11781182885169983 -0.3788261413574219 -0.9179385900497437
vn -0.31879928708076477 -0.09806513786315918 -0.9427355527877808
vn 0.3388611078262329 -0.8479840159416199 -0.407549113035202
vn 0.05803379788994789 -0.9227887988090515 -0.38091060519218445
vn -0.03013102151453495 -0.969556450843811 -0.243007093667984
vn 0.010457376018166542 -0.9744322299957275 -0.22443823516368866
vn -0.17544803023338318 -0.5732685327529907 -0.8003631830215454
vn -0.0870276466012001 -0.5120518803596497 -0.854534387588501
vn -0.5358652472496033 -0.3448364734649658 -0.770672619342804
vn 0.1696605384349823 -0.9618359804153442 -0.2146785855293274
vn 0.4567144811153412 -0.7369852066040039 -0.4982617497444153
vn -0.3032808005809784 -0.3842734396457672 -0.8719832301139832
vn -0.04437122493982315 -0.3769740164279938 -0.9251604080200195
vn 0.5629015564918518 -0.7976226806640625 -0.21665635704994202
vn 0.46169382333755493 -0.7495965957641602 -0.4742823839187622
vn -0.3161509037017822 -0.7957873344421387 -0.5164989829063416
vn 0.1046745553612709 -0.9379910230636597 -0.3304786682128906
vn -0.12473408132791519 -0.8807133436203003 -0.4569305181503296
vn -0.29825541377067566 -0.9072836637496948 -0.2964457869529724
vn 0.4512058198451996 -0.87672358751297 -0.16664035618305206
vn 0.1054871678352356 0.8147807717323303 -0.5700919032096863
vn 0.10721608251333237 0.7512325644493103 -0.651271402835846
vn 0.24997130036354065 0.6530541777610779 -0.7148668766021729
vn 0.09303989261388779 0.7049370408058167 -0.7031411528587341
vn -0.15363512933254242 0.9736223816871643 -0.16868826746940613
vn -0.3283860683441162 0.9399785399436951 -0.092752605676651
vn 0.5673423409461975 0.22120699286460876 -0.7932150959968567
vn 0.3575602173805237 0.4975043535232544 -0.790341854095459
vn -0.45036375522613525 0.8785784244537354 -0.15897300839424133
vn -0.5892180800437927 0.7435838580131531 -0.31607767939567566
vn 0.6559150218963623 -0.21491636335849762 -0.7235927581787109
vn -0.34538033604621887 0.8491600155830383 -0.3995493948459625
vn -0.351352334022522 0.8186378479003906 -0.4542946219444275
vn -0.7739151120185852 0.4141503572463989 -0.47909802198410034
vn 0.3910925090312958 -0.8342792391777039 -0.38861924409866333
vn -0.8112133145332336 0.1311090588569641 -0.5698626041412354
vn -0.022678880020976067 -0.9880748987197876 -0.15229493379592896
vn 0.12672069668769836 -0.9758437275886536 -0.17796330153942108
vn -0.005849557463079691 -0.5184919834136963 -0.8550624847412109
vn 0.4294387400150299 -0.8621629476547241 -0.2688075006008148
vn -0.008817151188850403 -0.5413040518760681 -0.8407806754112244
vn -0.056148458272218704 -0.7717225551605225 -0.6334758400917053
vn -0.2771090865135193 -0.9136017560958862 -0.29756075143814087
vn 0.25636380910873413 -0.9619219899177551 0.09478263556957245
vn -0.05545492842793465 -0.9955660700798035 0.07598019391298294
vn -0.20942379534244537 -0.966956615447998 0.1453848034143448
vn -0.023022186011075974 0.9236786961555481 -0.3824757933616638
vn -0.1731029450893402 0.9376897215843201 -0.30128639936447144
vn -0.24350503087043762 0.9438920617103577 -0.22309912741184235
vn 0.12316318601369858 0.5632272958755493 -0.8170714974403381
vn 0.0036664875224232674 0.7609058618545532 -0.6488519310951233
vn -0.2059704065322876 0.9761370420455933 -0.06879450380802155
vn 0.2602706253528595 0.3684520423412323 -0.8924698233604431
vn 0.44561767578125 0.15664485096931458 -0.881412148475647
vn 0.6272469162940979 -0.0038570044562220573 -0.778810977935791
vn -0.06736330687999725 0.9784113764762878 -0.1953800767660141
vn -0.23422373831272125 0.9619753360748291 -0.1405087262392044
vn -0.40159082412719727 0.9118980169296265 -0.08465740829706192
vn 0.6807956099510193 -0.3456271290779114 -0.6458012461662292
vn -0.44739919900894165 0.8118342161178589 -0.37517884373664856
vn -0.2816595733165741 0.8872758150100708 -0.3652527332305908
vn 0.6329759359359741 -0.4399735927581787 -0.6369966864585876
vn -0.5782489776611328 0.6800388097763062 -0.45074981451034546
vn -0.7416048645973206 0.5803207755088806 -0.3365265429019928
vn -0.8522760272026062 0.4475646913051605 -0.27076104283332825
vn -0.8896453380584717 0.31823429465293884 -0.327502965927124
vn 0.5279570817947388 -0.6300193071365356 -0.5695059299468994
vn -0.895110547542572 0.1961691528558731 -0.400368332862854
vn 0.3623441457748413 -0.9019380211830139 -0.23497775197029114
vn 0.018100043758749962 -0.9971746206283569 -0.07290585339069366
vn 0.05092025548219681 -0.9885408282279968 -0.14210614562034607
vn -0.8121508955955505 -0.06365281343460083 -0.5799649357795715
vn 0.25199800729751587 -0.940945565700531 -0.22609394788742065
vn 0.3794301152229309 -0.8887639045715332 -0.25716081261634827
vn -0.5780264139175415 -0.3402754068374634 -0.7416859865188599
vn -0.6235446929931641 -0.09503214806318283 -0.7759903073310852
vn 0.4125177264213562 -0.9099363088607788 0.0429542176425457
vn 0.09758578985929489 -0.30234038829803467 -0.9481916427612305
vn 0.20876607298851013 -0.17824485898017883 -0.9615848660469055
vn 0.05244681239128113 -0.08668901771306992 -0.9948539733886719
vn -0.32726752758026123 -0.08887520432472229 -0.9407429099082947
vn 0.3572249114513397 -0.36903709173202515 -0.8580222129821777
vn 0.25355544686317444 -0.02715814858675003 -0.9669395685195923
vn 0.24590349197387695 0.07137404382228851 -0.9666629433631897
vn 0.043318234384059906 0.024564556777477264 -0.9987592697143555
vn -0.20105989277362823 -0.007435666397213936 -0.9795507192611694
vn -0.6382443904876709 -0.11907418817281723 -0.7605692148208618
vn 0.4626392126083374 0.14231936633586884 -0.8750486969947815
vn -0.4270268380641937 -0.09371434897184372 -0.8993696570396423
vn 0.2633756995201111 0.08999981731176376 -0.9604859948158264
vn 0.24799519777297974 0.05678911507129669 -0.9670953154563904
vn -0.21870087087154388 -0.16851821541786194 -0.9611303806304932
vn 0.3213243782520294 0.11995887011289597 -0.9393404722213745
vn 0.05181415379047394 -0.09645843505859375 -0.9939874410629272
vn 0.17870356142520905 -0.046026501804590225 -0.9828258752822876
vn -0.5060908794403076 -0.24219326674938202 -0.8277768492698669
vn 0.2656373381614685 -0.006301845423877239 -0.9640524387359619
vn 0.030652977526187897 -0.15506823360919952 -0.9874281287193298
vn 0.1759139746427536 -0.18930236995220184 -0.9660325646400452
vn -0.34068751335144043 -0.3162766396999359 -0.8853819370269775
vn -0.07963809370994568 -0.32096800208091736 -0.9437358379364014
vn 0.2616082727909088 -0.4980565011501312 -0.826741099357605
vn 0.3520412743091583 -0.2655133008956909 -0.8975353240966797
vn 0.39135417342185974 0.3988281190395355 -0.8293238878250122
vn 0.24691009521484375 0.3234865665435791 -0.9134505391120911
vn 0.15032286942005157 0.5313833355903625 -0.8336874842643738
vn -0.02916649729013443 0.6543689370155334 -0.7556127905845642
vn -0.16315682232379913 0.769458532333374 -0.6175058484077454
vn 0.0837111845612526 0.8482640981674194 -0.5229154825210571
vn 0.04346705973148346 0.9043903350830078 -0.4244864284992218
vn -0.19577521085739136 0.9608455300331116 -0.19608145952224731
vn -0.27118125557899475 0.9557973146438599 -0.11363229155540466
vn -0.28211358189582825 0.9522910714149475 -0.11642024666070938
vn -0.21040406823158264 0.9759396314620972 -0.0572018027305603
vn -0.2444085329771042 0.9691617488861084 0.031464722007513046
vn 0.5842443704605103 0.06905258446931839 -0.808634877204895
vn -0.4637325704097748 0.8822314739227295 -0.08136182278394699
vn 0.7200725674629211 -0.12609492242336273 -0.6823456883430481
vn -0.22709539532661438 0.9524568319320679 -0.20311011373996735
vn 0.6951457262039185 -0.3254851996898651 -0.6409617066383362
vn -0.3518080711364746 0.8776410222053528 -0.3255417048931122
vn -0.5659633874893188 0.7908892631530762 -0.2327655553817749
vn 0.6510018110275269 -0.4825960099697113 -0.5859161615371704
vn 0.5132994651794434 -0.6890575289726257 -0.5115891098976135
vn 0.33571311831474304 -0.9243749976158142 -0.18118399381637573
vn 0.287651002407074 -0.9538787603378296 -0.08586138486862183
vn -0.8371642827987671 0.11834792047739029 -0.533994197845459
vn 0.06799598038196564 -0.9960826635360718 0.056532617658376694
vn -0.041908763349056244 -0.9973034262657166 0.06024538353085518
vn -0.03745675086975098 -0.9965622425079346 0.07389643043279648
vn 0.28205087780952454 -0.9406049847602844 -0.18896998465061188
vn 0.26610416173934937 -0.9599175453186035 -0.08801699429750443
vn -0.7935625314712524 0.019753066822886467 -0.6081681251525879
vn 0.2726759612560272 -0.9337892532348633 0.23170123994350433
vn -0.04740212485194206 -0.99885493516922 -0.00646867835894227
vn 0.3302290141582489 -0.7946486473083496 -0.509394109249115
vn -0.09403595328330994 -0.9754027128219604 0.19936606287956238
vn -0.027150724083185196 -0.9846733808517456 0.17228242754936218
vn 0.06430777907371521 -0.9629945755004883 0.2617363929748535
vn 0.6867588758468628 -0.13205654919147491 -0.7147889733314514
vn 0.6686866283416748 0.19444236159324646 -0.7176700830459595
vn -0.8301666975021362 -0.105818971991539 -0.5473806858062744
vn 0.6173256635665894 0.3259132504463196 -0.7160235047340393
vn -0.7608901858329773 -0.2512265145778656 -0.598273754119873
vn 0.46580979228019714 0.17769457399845123 -0.8668597936630249
vn 0.6532518267631531 0.4332004189491272 -0.6209665536880493
vn 0.7888323664665222 0.1798296719789505 -0.58771151304245
vn -0.6824180483818054 -0.33485105633735657 -0.6497541069984436
vn 0.8836274147033691 -0.29002082347869873 -0.3675466477870941
vn 0.5666276812553406 -0.35493004322052 -0.7436113357543945
vn -0.7752113342285156 -0.39823687076568604 -0.49036192893981934
vn -0.4359678328037262 -0.468691885471344 -0.7682837843894958
vn 0.41816961765289307 -0.6326949596405029 -0.6517909169197083
vn -0.6186435222625732 -0.6544049382209778 -0.43478086590766907
vn 0.288994699716568 -0.7194557785987854 -0.6315580606460571
vn 0.3619112968444824 -0.8181747794151306 -0.44677767157554626
vn 0.010852152481675148 -0.6778447031974792 -0.7351250052452087
vn 0.19157356023788452 -0.9063348770141602 -0.37663865089416504
vn -0.20737554132938385 -0.8607998490333557 -0.4647783935070038
vn 0.5509342551231384 0.6595346331596375 -0.5113566517829895
vn 0.27861109375953674 0.6877433061599731 -0.6703618764877319
vn 0.2910093665122986 0.847103476524353 -0.44466760754585266
vn 0.047318994998931885 0.7724603414535522 -0.6332977414131165
vn -0.15532658994197845 0.8832629323005676 -0.44240280985832214
vn -0.11586843430995941 0.9653600454330444 -0.23378320038318634
vn -0.04951071739196777 0.9663199186325073 -0.25253620743751526
vn 0.6847912073135376 0.22751154005527496 -0.692314624786377
vn -0.04092581570148468 0.8579562306404114 -0.5120900273323059
vn -0.30899563431739807 0.9510184526443481 -0.009256127290427685
vn -0.318585067987442 0.9478920698165894 0.002057996578514576
vn 0.7253506183624268 0.019078657031059265 -0.6881152391433716
vn -0.21134550869464874 0.9773858785629272 -0.0070698801428079605
vn -0.12232097238302231 0.9905103445053101 -0.06266499310731888
vn -0.14889666438102722 0.9860761165618896 -0.07405195385217667
vn -0.4968123435974121 0.8488015532493591 -0.18086841702461243
vn -0.39720088243484497 0.9005848169326782 -0.17657403647899628
vn -0.7900951504707336 0.5953513979911804 -0.14596721529960632
vn -0.8715883493423462 0.44186386466026306 -0.2123444378376007
vn 0.3613940179347992 -0.8363363146781921 -0.4122328758239746
vn 0.2387331873178482 -0.932967483997345 -0.2694034278392792
vn -0.8931559920310974 0.33660995960235596 -0.2982719838619232
vn 0.2972441613674164 -0.9538999795913696 -0.041482843458652496
vn -0.06880560517311096 -0.9700173139572144 0.23309281468391418
vn 0.16632242500782013 -0.9753994941711426 0.14468152821063995
vn 0.1758621633052826 -0.9841816425323486 -0.02142692543566227
vn -0.8897063136100769 0.2913340628147125 -0.3514927327632904
vn -0.8729220628738403 0.19139330089092255 -0.44874897599220276
vn 0.02113899029791355 -0.9991698265075684 0.0348251536488533
vn 0.236811101436615 -0.9568536877632141 0.16837923228740692
vn 0.1671806126832962 -0.9608526825904846 -0.22093623876571655
vn -0.9089378714561462 0.08551619946956635 -0.40806737542152405
vn 0.10944806784391403 -0.9816080331802368 0.15641863644123077
vn 0.5502699017524719 -0.6138217449188232 -0.566061794757843
vn 0.8187980651855469 0.2709183692932129 -0.5061354041099548
vn 0.8498100638389587 0.4110478162765503 -0.32994332909584045
vn 0.9668985605239868 -0.008747534826397896 -0.2550109922885895
vn 0.6940261125564575 -0.6177026629447937 -0.3698260188102722
vn 0.5144813060760498 -0.7848196625709534 -0.3454955816268921
vn 0.3265403211116791 -0.9241687655448914 -0.19820065796375275
vn 0.2601515054702759 -0.9603302478790283 -0.10043453425168991
vn 0.04736056178808212 -0.9913705587387085 -0.12223491072654724
vn -0.253840833902359 -0.9434961080551147 -0.21302565932273865
vn 0.021972399204969406 0.9730491042137146 -0.22954891622066498
vn 0.16546739637851715 0.9587714076042175 -0.2310367077589035
vn -0.17337673902511597 0.9840115904808044 -0.04076433181762695
vn -0.22144435346126556 0.8530076146125793 -0.47258925437927246
vn -0.04598178341984749 0.9187164902687073 -0.3922317326068878
vn -0.2592003047466278 0.9642930030822754 -0.05435265600681305
vn 0.7881559729576111 0.2890555262565613 -0.5433756113052368
vn 0.8093631267547607 -0.03555481135845184 -0.5862313508987427
vn -0.25673040747642517 0.9644460678100586 -0.06271660327911377
vn -0.41574567556381226 0.908332884311676 -0.04568282887339592
vn -0.4413713216781616 0.8961314558982849 -0.04625740274786949
vn -0.39300641417503357 0.9115757942199707 -0.12072915583848953
vn -0.41140592098236084 0.8696393966674805 -0.2728966474533081
vn -0.3694609999656677 0.8925957083702087 -0.2584017217159271
vn -0.40184855461120605 0.8926323652267456 -0.204267680644989
vn 0.7362234592437744 -0.4246578812599182 -0.5269162654876709
vn -0.5233285427093506 0.8516202569007874 -0.029499245807528496
vn -0.6551421880722046 0.7552743554115295 -0.018696703016757965
vn 0.5924124717712402 -0.6243728399276733 -0.5091227889060974
vn 0.16533754765987396 -0.9772496223449707 -0.13284079730510712
vn 0.20223957300186157 -0.9757108092308044 0.08418844640254974
vn 0.12855195999145508 -0.969964325428009 0.20650358498096466
vn -0.06585043668746948 -0.9784852862358093 0.19552569091320038
vn 0.1738755702972412 -0.9712255597114563 -0.16275210678577423
vn -0.9251636266708374 0.23359771072864532 -0.29917290806770325
vn 0.17723298072814941 -0.9772213697433472 -0.11673443764448166
vn 0.627264142036438 -0.5539183020591736 -0.5474616885185242
vn 0.8843252062797546 -0.43122783303260803 -0.17891782522201538
vn 0.6198049187660217 -0.7754172682762146 -0.12070659548044205
vn -0.7421274185180664 -0.5656057000160217 -0.35963478684425354
vn 0.3856622278690338 -0.913405179977417 -0.13021402060985565
vn -0.4372152090072632 -0.882275402545929 -0.17445045709609985
vn 0.09778469800949097 0.9931275844573975 -0.06431072950363159
vn -0.15419326722621918 0.9503685832023621 -0.2702295482158661
vn 0.3370357155799866 0.9238327145576477 -0.18149428069591522
vn -0.12145118415355682 0.9750162363052368 -0.18599195778369904
vn 0.5792125463485718 0.7645222544670105 -0.28287550806999207
vn 0.7610272169113159 0.49882879853248596 -0.4147377610206604
vn -0.31145474314689636 0.9407899379730225 0.133829727768898
vn 0.8177056908607483 0.28436142206192017 -0.5004958510398865
vn -0.30260223150253296 0.9451780319213867 0.12276168912649155
vn -0.14987392723560333 0.9884763956069946 0.021266521885991096
vn -0.34755194187164307 0.937254786491394 -0.027590319514274597
vn 0.8561797142028809 0.08584024012088776 -0.5094975829124451
vn -0.2571137249469757 0.9640958905220032 0.0664200410246849
vn -0.40018096566200256 0.9160037636756897 0.02814902924001217
vn 0.8492943048477173 -0.2287682145833969 -0.47577759623527527
vn 0.7923323512077332 -0.33888718485832214 -0.5073115229606628
vn -0.4378832280635834 0.8975059986114502 -0.052357710897922516
vn -0.4873092770576477 0.8732114434242249 -0.005618036258965731
vn -0.774359405040741 0.6274368762969971 -0.08179551362991333
vn 0.7178181409835815 -0.5107214450836182 -0.47318151593208313
vn -0.8031046390533447 0.566909670829773 -0.18340246379375458
vn 0.5693514347076416 -0.6815885305404663 -0.4596478343009949
vn 0.1334894597530365 -0.9460666179656982 -0.29519233107566833
vn 0.2512362003326416 -0.8930544853210449 -0.37327492237091064
vn -0.8766510486602783 0.40435782074928284 -0.2607254683971405
vn 0.11620943993330002 -0.9902791380882263 0.07643714547157288
vn 0.07025035470724106 -0.9808542728424072 0.18163113296031952
vn -0.1350977122783661 -0.9678473472595215 0.2121797651052475
vn -0.061302922666072845 -0.9848350882530212 0.16230158507823944
vn 0.3196689784526825 -0.9428619146347046 0.09393198043107986
vn 0.29800382256507874 -0.9528855681419373 0.056594379246234894
vn 0.24058203399181366 -0.9638856649398804 -0.11421353369951248
vn 0.27562597393989563 -0.9605160355567932 0.037939053028821945
vn 0.08865640312433243 -0.9956716299057007 -0.027893859893083572
vn 0.23905782401561737 -0.9678955078125 0.07765073329210281
vn -0.9495178461074829 0.17086097598075867 -0.2631015181541443
vn 0.4114122986793518 -0.8380001187324524 -0.3584630787372589
vn -0.9122344851493835 0.004533318802714348 -0.40964338183403015
vn 0.8525267839431763 -0.08628814667463303 -0.5155119299888611
vn -0.832757830619812 -0.28798753023147583 -0.4728400409221649
vn 0.9607706069946289 0.14560158550739288 -0.23605085909366608
vn 0.9568998217582703 -0.2841421663761139 -0.060050252825021744
vn -0.7211340069770813 -0.5599506497383118 -0.4079473614692688
vn -0.7856225371360779 -0.4451211988925934 -0.42972588539123535
vn 0.711286187171936 -0.6974703073501587 0.08721926063299179
vn 0.4236253499984741 -0.9042414426803589 0.05374966189265251
vn 0.3053826093673706 -0.9508481025695801 0.051277242600917816
vn -0.6242533922195435 -0.7569440007209778 -0.1932445913553238
vn 0.17825369536876678 -0.9783353805541992 0.1052882969379425
vn -0.10519575327634811 -0.9933651685714722 0.04647102952003479
vn 0.21199171245098114 0.9762972593307495 -0.04362640157341957
vn -0.013368858955800533 0.9975796341896057 -0.06823622435331345
vn -0.2943512201309204 0.9539849162101746 0.0571850910782814
vn -0.3029111921787262 0.9293254613876343 0.21118509769439697
vn -0.1998908966779709 0.9714975953102112 0.12742061913013458
vn 0.8983790278434753 -0.1070999801158905 -0.4259633421897888
vn -0.3320164382457733 0.9422097206115723 0.04478757828474045
vn -0.2169162482023239 0.9738965630531311 0.0668797492980957
vn -0.36652541160583496 0.9303668141365051 -0.008765018545091152
vn -0.1340714544057846 0.30962562561035156 -0.9413590431213379
vn -0.6691429615020752 0.2146260142326355 -0.7114656567573547
vn -0.3013415038585663 0.6099501848220825 -0.7329079508781433
vn 0.3696677088737488 0.37791553139686584 -0.8488378524780273
vn 0.4448797106742859 -0.12788790464401245 -0.8864122629165649
vn -0.29497185349464417 -0.5776500701904297 -0.7611255049705505
vn 0.16686250269412994 -0.4290771782398224 -0.887721598148346
vn 0.3106957674026489 -0.5907458662986755 -0.7446392178535461
vn 0.01879933476448059 -0.7556385397911072 -0.6547189950942993
vn -0.9237382411956787 -0.2958016097545624 -0.243329256772995
vn -0.4003280699253082 -0.901463508605957 -0.16462384164333344
vn 0.6746498346328735 -0.649092972278595 -0.3514625132083893
vn 0.451347291469574 -0.8203584551811218 -0.3511376976966858
vn 0.02311079576611519 -0.9799338579177856 -0.19797879457473755
vn 0.0710456520318985 -0.9972676634788513 -0.020242787897586823
vn -0.02800273895263672 -0.9834177494049072 0.17918001115322113
vn -0.9243345856666565 0.3082314431667328 -0.22494231164455414
vn 0.3380005657672882 -0.9341440796852112 -0.11458804458379745
vn -0.9606472253799438 0.2081824094057083 -0.1838940680027008
vn 0.49239349365234375 -0.8361337780952454 -0.24172082543373108
vn 0.6351593136787415 -0.6862649917602539 -0.35441920161247253
vn 0.884635865688324 -0.3063008785247803 -0.35156673192977905
vn 0.9422909021377563 0.1940084993839264 -0.27285265922546387
vn -0.942563533782959 0.011887268163263798 -0.3338153064250946
vn 0.9941661953926086 -0.08109047263860703 0.07111915946006775
vn 0.45784783363342285 -0.8455198407173157 0.2747209966182709
vn -0.6260545253753662 -0.7414891719818115 -0.24134941399097443
vn 0.2927688658237457 -0.9278178811073303 0.23117174208164215
vn -0.42783939838409424 -0.9032885432243347 -0.03198966383934021
vn -0.198219433426857 0.9727754592895508 -0.12007110565900803
vn 0.22086477279663086 0.9752727150917053 -0.007872306741774082
vn -0.20195727050304413 0.9772970080375671 -0.06406177580356598
vn 0.8366391062736511 0.3156588077545166 -0.44765448570251465
vn -0.11962636560201645 0.9890937209129333 0.08592601120471954
vn 0.8893504738807678 0.23744095861911774 -0.3907398581504822
vn -0.4675047993659973 0.8838086128234863 0.017934029921889305
vn -0.466001033782959 0.8816511034965515 0.07439374178647995
vn -0.3373729884624481 0.9381735920906067 0.0775226429104805
vn -0.204475998878479 0.9785864949226379 -0.023623932152986526
vn 0.5564789175987244 0.4635496735572815 -0.6895309686660767
vn 0.2737102806568146 0.5154498815536499 -0.8120309114456177
vn 0.032029639929533005 -0.2361840158700943 -0.9711803197860718
vn 0.7121986746788025 0.7005309462547302 0.04504995420575142
vn 0.4698760509490967 0.4130938947200775 -0.7801089286804199
vn -0.042222440242767334 0.8731197118759155 -0.48567402362823486
vn 0.7856653332710266 0.23574542999267578 -0.571973979473114
vn 0.30648717284202576 0.02915659360587597 -0.9514281749725342
vn 0.5463295578956604 0.8333641290664673 -0.08383525907993317
vn 0.41896405816078186 0.03748922049999237 -0.9072285890579224
vn 0.3364672362804413 0.4981309771537781 -0.7991591095924377
vn -0.1329008936882019 0.9744499325752258 -0.18106558918952942
vn -0.06760591268539429 0.9521245956420898 0.29814136028289795
vn -0.4646124839782715 0.8077731728553772 -0.3628193140029907
vn -0.8944271802902222 0.44217976927757263 -0.06691094487905502
vn -0.36412525177001953 0.9309530258178711 0.02719002403318882
vn 0.7548604011535645 -0.5024151802062988 0.4216216504573822
vn 0.0019512010039761662 -0.04416574165225029 -0.9990223050117493
vn 0.5885165333747864 -0.7487917542457581 0.30489224195480347
vn 0 -0 0
vn 0 1 0
vn 0 -0 0
vn 0 -0 0
vn 0.4115596115589142 -0.5155441164970398 -0.7515537142753601
vn 0 -1 0
vn 0.38289108872413635 -0.9068474173545837 -0.1761312335729599
vn 0.1770530790090561 -0.9508695602416992 -0.2539669871330261
vn -0.13140854239463806 -0.9678507447242737 -0.21446865797042847
vn -0.13097351789474487 -0.9913042187690735 0.01272609829902649
vn -0.3079197406768799 -0.8963750600814819 0.3189000189304352
vn -0.4845960736274719 0.8730499148368835 0.054318565875291824
vn 1 0 0
vn -0.1714985966682434 0.7071068286895752 0.6859943866729736
vn 1 0 0
vn -0.7031027674674988 0.19066216051578522 0.6850507259368896
vn 0 -0 0
vn 0.7986865639686584 -0.41085273027420044 -0.43965888023376465
vn 0.8344398736953735 0.1859767585992813 -0.5187705159187317
vn 0 -0 0
vn 0 -1 0
vn 0 -0 0
vn 0 -0 0
vn -0.5319051146507263 0.8467304110527039 0.011162024922668934
vn -0.6390523910522461 0.767373263835907 -0.05244458466768265
vn 0 1 0
vn 0.7533114552497864 -0.5168675780296326 -0.4066568613052368
vn 0 -0 0
vn 0 -1 0
vn 0 -0 0
vn 0 -0 0
vn 0 1 0
vn 0 -0 1
vn 0.5061208009719849 -0.6983434557914734 0.5061208009719849
vn 1 0 0
vn -0.5502267479896545 0.2473212331533432 0.7975479960441589
vn 0 1 0
vn 0.2760236859321594 -0.9117010831832886 -0.30432233214378357
vn 0.1562020182609558 -0.9870493412017822 0.03653254732489586
vn 0.2879513204097748 -0.957439661026001 -0.019834330305457115
vn 0.31135648488998413 -0.9495294094085693 -0.038094036281108856
vn 0.2645638585090637 -0.9635204672813416 -0.040426116436719894
vn 0.20776642858982086 -0.9737646579742432 -0.0928201973438263
vn 0.17892931401729584 -0.9831556081771851 -0.03727451339364052
vn 0.3887062668800354 -0.9212945699691772 -0.011126602999866009
vn 0.9937484264373779 -0.06525932252407074 -0.0905831903219223
vn -0.8913556337356567 -0.2832278907299042 -0.35393089056015015
vn 0.7514963746070862 -0.5684815645217896 0.3347863256931305
vn 0.5643132328987122 -0.7617031931877136 0.31836920976638794
vn 0.24996620416641235 -0.9406604170799255 0.22951042652130127
vn -0.46154162287712097 -0.8854953050613403 -0.053641464561223984
vn 0.12435513734817505 0.9904423356056213 -0.05966414883732796
vn 0.2384341061115265 0.9671176075935364 -0.08850342035293579
vn 0.0485815592110157 0.9975208640098572 -0.05091167986392975
vn -0.1730547845363617 0.9849122166633606 -3.211297371308319e-05
vn 0.2244930863380432 0.9700859189033508 -0.09239158034324646
vn 0.26202523708343506 0.9564334750175476 -0.12875501811504364
vn 0.37882912158966064 0.8867252469062805 -0.26496589183807373
vn 0.7864194512367249 0.5099115967750549 -0.3486182987689972
vn -0.36275848746299744 0.9070148468017578 0.21384671330451965
vn -0.14464697241783142 0.9813550114631653 0.12656904757022858
vn -0.2107444554567337 0.9775412082672119 0.00015510992670897394
vn -0.3177933394908905 0.9477103352546692 0.02920031175017357
vn 0.3963431417942047 0.6680895090103149 0.6297369599342346
vn 0.8873850107192993 -0.19939574599266052 -0.41567912697792053
vn 0.6069701910018921 0.7419122457504272 0.2848745882511139
vn -0.14607109129428864 0.8104803562164307 0.5672609210014343
vn 0.22001951932907104 0.6448758244514465 0.7319334745407104
vn 0.8480227589607239 0.17370514571666718 0.5006835460662842
vn 0.3046720623970032 0.9217718243598938 0.2398158311843872
vn -0.10101001709699631 0.9504768252372742 0.2939232587814331
vn -0.33635538816452026 0.8875033855438232 0.3149649202823639
vn -0.33354896306991577 0.33256229758262634 0.8821266293525696
vn 0.13543300330638885 -0.005793990101665258 0.9907695651054382
vn 0.3658495843410492 0.35834506154060364 0.858919620513916
vn -0.9474024772644043 -0.03996148705482483 0.3175399899482727
vn 0 -0 0
vn -0.3031765818595886 -0.22281120717525482 0.9265199303627014
vn 0.1343342363834381 -0.9752350449562073 0.1757012903690338
vn -0.13860967755317688 -0.9531446695327759 0.26889148354530334
vn -0.7217581272125244 -0.6226221919059753 0.3023357689380646
vn -0.4775407016277313 0.8777490854263306 0.03887845575809479
vn -0.4857582747936249 -0.734873354434967 0.473286509513855
vn 0 -0 0
vn -0.7109653353691101 0.6954315900802612 -0.10441849380731583
vn 0 -0 0
vn 0.7160924673080444 -0.6069343686103821 -0.34473511576652527
vn 0.7975479960441589 0.2473212331533432 -0.5502267479896545
vn 0.03160381317138672 -0.9719510674476624 -0.23305027186870575
vn -0.05833232030272484 -0.9946224689483643 0.08557761460542679
vn 0.03602110967040062 -0.9993270039558411 -0.0069292159751057625
vn -0.07960322499275208 -0.9892140626907349 -0.12295927107334137
vn 0.1552533507347107 -0.9867035150527954 0.04809066653251648
vn 0.4322949945926666 -0.9015839695930481 -0.01635177619755268
vn -0.9446088075637817 0.2700129747390747 -0.18656668066978455
vn 0.6539986729621887 -0.7399900555610657 -0.1571638137102127
vn 0.8577144145965576 -0.4924409091472626 -0.14774325489997864
vn 0.9311320185661316 -0.3442617952823639 0.12032090127468109
vn -0.7296024560928345 -0.6139058470726013 -0.3013303875923157
vn 0.14005330204963684 -0.9611369967460632 0.2379094511270523
vn -0.20772936940193176 -0.9699298143386841 0.12682560086250305
vn 0.020976321771740913 -0.9722899794578552 0.23283535242080688
vn -0.05667373165488243 0.9962267875671387 -0.06572867184877396
vn -0.3429025411605835 0.9346099495887756 0.09445726126432419
vn -0.39925524592399597 0.9034820795059204 0.15593376755714417
vn 0.6095579266548157 0.7235739827156067 -0.3238515257835388
vn -0.32113999128341675 0.9308352470397949 0.17439883947372437
vn 0.9399793744087219 0.05278043448925018 -0.3371245861053467
vn -0.26419126987457275 0.9554474353790283 0.13161730766296387
vn 0.7059720158576965 0.6713322401046753 0.22564713656902313
vn -0.7026804089546204 0.5387066602706909 0.46479615569114685
vn -0.6213611364364624 0.5664123892784119 0.5413755178451538
vn 0.38205215334892273 -0.819011390209198 0.4280848205089569
vn 0.5568625330924988 -0.40167155861854553 0.7270241975784302
vn -0.05970470979809761 -0.7882459163665771 0.6124570965766907
vn -0.34885579347610474 -0.5907574892044067 0.7275336980819702
vn 0.8538335561752319 -0.30405500531196594 -0.42251500487327576
vn 0.5666300058364868 -0.21743635833263397 0.7947653532028198
vn 0.016312450170516968 0.08944282680749893 0.995858371257782
vn -0.33802589774131775 -0.13057759404182434 0.9320343732833862
vn 0.03212365135550499 -0.7772933840751648 0.628317654132843
vn -0.7244968414306641 0.6820578575134277 -0.09950549900531769
vn 0.6630774736404419 -0.6796032786369324 -0.31379568576812744
vn -0.8766452074050903 0.45047926902770996 -0.16900193691253662
vn 0.5388228297233582 -0.7860973477363586 -0.30285462737083435
vn 0.219051793217659 -0.9701423048973083 -0.10411690920591354
vn -0.9552609920501709 0.2786785364151001 -0.09906905144453049
vn 0.13567757606506348 -0.9872696995735168 -0.08300695568323135
vn 0.03021678701043129 -0.9985583424568176 -0.04436393827199936
vn -0.08512883633375168 -0.9963699579238892 2.970819696201943e-05
vn 0.5342705249786377 -0.8441177010536194 -0.044948678463697433
vn -0.9272270202636719 0.2416001558303833 -0.2861458957195282
vn -0.9410874247550964 0.0348365344107151 -0.33636409044265747
vn 0.819980263710022 -0.4838027060031891 0.30588775873184204
vn 0.49553966522216797 -0.7277047038078308 0.4742218255996704
vn 0.33018285036087036 -0.8391310572624207 0.43224820494651794
vn -0.5453345775604248 -0.8221888542175293 -0.16314348578453064
vn 0.24863947927951813 -0.8940046429634094 0.37273868918418884
vn -0.26806747913360596 -0.9615966081619263 0.058922260999679565
vn 0.16805517673492432 0.9614572525024414 -0.21761777997016907
vn 0.22663219273090363 0.9375022649765015 -0.26405954360961914
vn 0.22546324133872986 0.949454128742218 -0.21841073036193848
vn 0.9270020127296448 0.23894737660884857 -0.2890873849391937
vn -0.06674575060606003 0.9966985583305359 0.04622850567102432
vn -0.1749216616153717 0.9844939112663269 0.013200710527598858
vn 0.9377954006195068 -0.01839977502822876 -0.3467005491256714
vn -0.2997690737247467 0.9513412714004517 0.07133233547210693
vn 0.7385931611061096 0.2779560685157776 0.6141828298568726
vn 0 -0 0
vn 0 -0 0
vn 0 -0 0
vn -0.2622066140174866 0.9640371203422546 0.04336096718907356
vn -0.045825328677892685 0.9845486283302307 -0.1690095216035843
vn 0.6819635033607483 0.6037988662719727 0.4127381145954132
vn -0.20228742063045502 0.15201351046562195 0.9674563407897949
vn -0.31321293115615845 0.9496678113937378 0.005364609882235527
vn -0.4388766288757324 0.8973427414894104 -0.04651171714067459
vn -0.38208937644958496 0.9238767027854919 -0.02143806591629982
vn -0.5317527651786804 0.8424928188323975 -0.08628413081169128
vn 0.8097801208496094 -0.4530906081199646 -0.37278029322624207
vn -0.6128871440887451 0.7823946475982666 -0.11058072000741959
vn -0.06150338798761368 -0.9941704869270325 0.08855746686458588
vn 0.15454715490341187 -0.9845613837242126 -0.08218279480934143
vn -0.16383962333202362 -0.981257438659668 -0.10144145786762238
vn -0.22987841069698334 -0.9725664258003235 -0.03564295917749405
vn -0.09677333384752274 -0.9944410920143127 0.04149565100669861
vn 0.23643654584884644 -0.9670873880386353 -0.09402012825012207
vn -0.8568120002746582 0.3896791934967041 -0.33767351508140564
vn 0.7414032220840454 -0.6701047420501709 0.03579123318195343
vn -0.9297070503234863 -0.13822811841964722 -0.3413764238357544
vn -0.8885594010353088 -0.3324030339717865 -0.3161810636520386
vn 0.6539166569709778 -0.6136656999588013 0.4425014853477478
vn 0.04002651572227478 0.9861319661140442 -0.16106416285037994
vn 0.230777308344841 0.9161047339439392 -0.32786279916763306
vn 0.6307552456855774 0.7085260152816772 -0.3164471685886383
vn 0.8496025800704956 0.4338437020778656 -0.29992538690567017
vn -0.41153791546821594 0.8863794803619385 0.2120564877986908
vn -0.1562429964542389 0.986164391040802 0.05538906902074814
vn -0.055721599608659744 0.9981614351272583 0.023849712684750557
vn -0.06471967697143555 0.9974821209907532 0.028997136279940605
vn -0.4759085476398468 0.8723961710929871 0.1115167960524559
vn 0.9578086137771606 0.1074918732047081 -0.26654887199401855
vn -0.7385931611061096 -0.2779560685157776 -0.6141828298568726
vn -0.4180908799171448 0.906040608882904 0.06550149619579315
vn 0.7450529336929321 -0.5894849896430969 -0.312095582485199
vn 0.0685001090168953 -0.9976465702056885 0.003023250261321664
vn 0.17977271974086761 -0.9690554141998291 -0.1691550463438034
vn 0.31113719940185547 -0.9268174171447754 -0.21024546027183533
vn 0.25301751494407654 -0.9632686972618103 -0.08997498452663422
vn -0.028348350897431374 -0.9852370023727417 -0.16883258521556854
vn 0.2782863676548004 -0.9386622309684753 -0.2036416381597519
vn -0.9554351568222046 0.27381834387779236 -0.1103052943944931
vn -0.9639356732368469 0.2633470296859741 -0.03842431679368019
vn -0.8639601469039917 0.44491416215896606 -0.23584789037704468
vn 0.4210701882839203 -0.9029893279075623 0.08549980819225311
vn 0.7130205631256104 -0.6716204285621643 0.2013150155544281
vn -0.9094827771186829 0.20946718752384186 -0.3591163158416748
vn 0.621412456035614 -0.7043820023536682 0.3430635929107666
vn -0.9413738250732422 -0.01978193037211895 -0.33678489923477173
vn -0.7895849943161011 -0.5604458451271057 -0.24991202354431152
vn 0.5310361981391907 -0.7094762325286865 0.4632968306541443
vn 0.3731466829776764 -0.8131431937217712 0.44672104716300964
vn -0.6696779131889343 -0.7124142050743103 -0.20975588262081146
vn 0.31816110014915466 -0.8621863126754761 0.39421868324279785
vn 0.33724746108055115 -0.856609046459198 0.3904934525489807
vn 0.1325995773077011 -0.959963858127594 0.24675239622592926
vn 0.1990407258272171 0.9336979985237122 -0.29764220118522644
vn 0.11949124932289124 0.9681337475776672 -0.22008848190307617
vn -0.20139069855213165 0.9795019030570984 0.00422658072784543
vn -0.3112495243549347 0.9470171332359314 0.07926072925329208
vn 0.4993654489517212 0.8183466792106628 -0.284504771232605
vn -0.40075355768203735 0.9087400436401367 0.11656811833381653
vn -0.30402061343193054 0.9482492804527283 0.09162324666976929
vn -0.4987104535102844 0.8612471222877502 0.09767941385507584
vn -0.3922377824783325 0.9134587049484253 0.10836365818977356
vn 0.9076029658317566 -0.14762349426746368 -0.39301934838294983
vn -0.2363506704568863 0.971270740032196 -0.02777749113738537
vn -0.21282093226909637 0.9752755761146545 0.059538841247558594
vn -0.42581993341445923 0.9045137763023376 -0.023070180788636208
vn 0.8505948185920715 -0.3065434694290161 -0.4272230863571167
vn -0.8662132024765015 0.49691882729530334 -0.05240587890148163
vn -0.23932018876075745 -0.9676499366760254 0.07987149059772491
vn -0.11997047811746597 -0.9841476678848267 0.13061563670635223
vn -0.28298190236091614 -0.9573124051094055 0.05894244834780693
vn 0.30838069319725037 -0.9360737800598145 -0.169314444065094
vn -0.02678789384663105 -0.9801661372184753 -0.19635868072509766
vn 0.11426593363285065 -0.9674883484840393 -0.2256314754486084
vn -0.26756322383880615 -0.9570721387863159 -0.11145781725645065
vn 0.550929605960846 -0.8342627286911011 0.02196309342980385
vn 0.519773006439209 -0.8487598896026611 0.09717385470867157
vn 0.47293606400489807 -0.7940479516983032 0.38186290860176086
vn -0.9089404940605164 -0.302475243806839 -0.28694257140159607
vn -0.5645345449447632 -0.8134443163871765 -0.14003299176692963
vn -0.36711350083351135 -0.9295737147331238 -0.0334724485874176
vn -0.08195826411247253 -0.985521674156189 0.14842458069324493
vn -0.15979492664337158 -0.9856950640678406 0.053581442683935165
vn -0.012541019357740879 0.9916919469833374 -0.12802273035049438
vn -0.16052782535552979 0.9857059717178345 -0.05113289877772331
vn 0.24747377634048462 0.9366104006767273 -0.24802768230438232
vn 0.9271650314331055 0.2208956778049469 -0.3026055097579956
vn -0.28566282987594604 0.9582920670509338 0.008551941253244877
vn -0.18989385664463043 0.9758675694465637 0.10780943930149078
vn 0.9494215250015259 0.0938880667090416 -0.29963961243629456
vn -0.27188074588775635 0.9608363509178162 0.05361386016011238
vn -0.4317720830440521 0.9019824862480164 0.0006952086114324629
vn 0.6764063835144043 -0.6716428995132446 -0.302275151014328
vn -0.9169349670410156 0.3989883363246918 0.006218151189386845
vn 0.5616697072982788 -0.8024435043334961 -0.20152312517166138
vn -0.0436045378446579 -0.993314802646637 0.10688506811857224
vn 0.05047069117426872 -0.9954302310943604 0.08106457442045212
vn -0.9480161070823669 0.31746599078178406 -0.021928831934928894
vn 0.1644984483718872 -0.9854931235313416 -0.04175689071416855
vn -0.23555658757686615 -0.9718418717384338 -0.006042153108865023
vn 0.19330604374408722 -0.9423984885215759 -0.2729795277118683
vn -0.28381046652793884 -0.9550379514694214 0.085755854845047
vn 0.20286427438259125 -0.9612452387809753 0.18669167160987854
vn -0.7586001753807068 0.5551466345787048 -0.3410835564136505
vn 0.51114422082901 -0.8592892289161682 -0.018805425614118576
vn -0.886512041091919 0.29231593012809753 -0.3586752116680145
vn 0.5539920926094055 -0.7902606129646301 0.261879563331604
vn 0.5346069931983948 -0.8036500811576843 0.26142287254333496
vn 0.3211439549922943 -0.8948158025741577 0.31011489033699036
vn 0.362970769405365 -0.8977243900299072 0.24968606233596802
vn 0.330192506313324 -0.8922565579414368 0.3079792559146881
vn 0.08080274611711502 0.987503170967102 -0.13530869781970978
vn -0.4112274646759033 0.9049517512321472 0.10933615267276764
vn 0.7944422960281372 0.5334696769714355 -0.2902957499027252
vn -0.16404806077480316 0.9842270612716675 -0.06622283160686493
vn -0.4130171537399292 0.9063851833343506 0.0887850746512413
vn 0.9586870670318604 -0.1195882186293602 -0.2581040561199188
vn -0.09800455719232559 0.9912213087081909 0.08874381333589554
vn -0.3091171383857727 0.9508302211761475 -0.019198225811123848
vn 0.8861561417579651 -0.32866743206977844 -0.32665738463401794
vn -0.42158252000808716 0.9046194553375244 -0.06270419806241989
vn 0.83628249168396 -0.48717018961906433 -0.25158852338790894
vn -0.6013488173484802 0.79603111743927 -0.06865948438644409
vn 0.71977299451828 -0.6686805486679077 -0.1865292191505432
vn -0.8008453249931335 0.5988393425941467 0.006173186935484409
vn 0.6999880075454712 -0.6877490878105164 -0.19240054488182068
vn 0.18688558042049408 -0.9795199632644653 0.0749298483133316
vn -0.25786635279655457 -0.9469138383865356 0.19198721647262573
vn 0.4391200840473175 -0.8910612463951111 -0.11481942236423492
vn 0.33899855613708496 -0.9397963881492615 0.04316076636314392
vn 0.30473294854164124 -0.9524166584014893 -0.0063599469140172005
vn -0.15680746734142303 -0.9830745458602905 0.09474168717861176
vn 0.36870047450065613 -0.877911388874054 -0.3055022954940796
vn -0.8620524406433105 0.48644402623176575 -0.1422598510980606
vn 0.24425292015075684 -0.9065943956375122 -0.34413257241249084
vn -0.7201589941978455 0.6346527934074402 -0.28033363819122314
vn -0.18749350309371948 -0.9636085033416748 -0.19053831696510315
vn -0.544523298740387 -0.8384019732475281 -0.024012695997953415
vn 0.5995193123817444 -0.7867550253868103 0.14694638550281525
vn -0.8044598698616028 0.5007221698760986 -0.31956493854522705
vn 0.4972667992115021 -0.8527824878692627 0.15964888036251068
vn -0.9495437741279602 0.0884440541267395 -0.3009059727191925
vn -0.9524155259132385 -0.13052545487880707 -0.2754410207271576
vn 0.4228183627128601 -0.8572227358818054 0.2939282953739166
vn -0.010270046070218086 -0.9935853481292725 0.11261744797229767
vn 0.11080455034971237 0.983936607837677 -0.139968603849411
vn -0.02688816376030445 0.9993078112602234 -0.025710633024573326
vn -0.12086743116378784 0.9926222562789917 -0.00959996972233057
vn -0.24828369915485382 0.9678733944892883 0.039703041315078735
vn 0.39211633801460266 0.895607590675354 -0.2100759595632553
vn 0.8028371334075928 0.518805742263794 -0.2937571406364441
vn -0.33590447902679443 0.941856861114502 0.008597512729465961
vn -0.11546365171670914 0.992874801158905 -0.029459239915013313
vn -0.11865789443254471 0.9896043539047241 0.08126211911439896
vn 0.9603785276412964 0.11038481444120407 -0.2559068500995636
vn -0.24662984907627106 0.9510579109191895 0.18617913126945496
vn -0.18084287643432617 0.9833369851112366 0.01855636015534401
vn -0.41974368691444397 0.9073516726493835 -0.022984350100159645
vn -0.35557296872138977 0.9344342947006226 -0.020012443885207176
vn 0.7633945345878601 -0.6236038208007812 -0.16836602985858917
vn 0.8403541445732117 -0.5285322666168213 -0.12024375051259995
vn -0.29197630286216736 -0.9384968876838684 0.18431904911994934
vn 0.32372692227363586 -0.9431171417236328 0.07570318877696991
vn 0.3120897710323334 -0.898582398891449 -0.30846333503723145
vn 0.16907373070716858 -0.9607781767845154 -0.21981680393218994
vn -0.6485827565193176 -0.7539404630661011 0.10447105765342712
vn 0.11757688969373703 -0.9681082963943481 -0.22122827172279358
vn 0.08738366514444351 -0.977082371711731 -0.1940983384847641
vn 0.5928725004196167 -0.7902587056159973 0.15489836037158966
vn 0.5191637873649597 -0.8411856889724731 0.15124689042568207
vn -0.7547245621681213 -0.6440162658691406 -0.12503580749034882
vn 0.3627147972583771 -0.9070194363594055 0.21390141546726227
vn -0.5611929893493652 -0.8202545642852783 -0.11065732687711716
vn 0.2811536490917206 -0.9357924461364746 0.21270915865898132
vn -0.33224767446517944 -0.9425568580627441 -0.03461268171668053
vn 0.26523926854133606 0.9564293622970581 -0.1220293641090393
vn -0.37355661392211914 0.9271825551986694 0.02807142212986946
vn 0.7043014764785767 0.6554908752441406 -0.2725640833377838
vn 0.5889467000961304 0.7763649821281433 -0.22449781000614166
vn -0.3879638612270355 0.9206787943840027 0.04283292591571808
vn -0.23555800318717957 0.9679002165794373 -0.0876452699303627
vn 0.8828567862510681 0.326179176568985 -0.3378921449184418
vn 0.9745767116546631 0.08379673212766647 -0.20779408514499664
vn -0.19314052164554596 0.9757971167564392 0.10255173593759537
vn -0.2782902419567108 0.9531387686729431 0.11866375058889389
vn 0.9721260070800781 0.10431321710348129 -0.2099759578704834
vn -0.11787042766809464 0.9736175537109375 0.19538545608520508
vn -0.4419544041156769 0.8964238166809082 -0.033177223056554794
vn 0.9029548168182373 -0.39783063530921936 -0.16249127686023712
vn -0.6985363960266113 0.7155688405036926 -0.0028555209282785654
vn -0.9127594232559204 0.40832000970840454 0.012044248171150684
vn 0.6477726697921753 -0.7614104151725769 -0.025389520451426506
vn 0.7220853567123413 -0.6889301538467407 -0.062992163002491
vn 0.14967457950115204 -0.9738096594810486 0.1711501181125641
vn -0.8843547701835632 0.45548930764198303 -0.10220575332641602
vn 0.49751460552215576 -0.8659549355506897 0.05100344121456146
vn 0.0954941064119339 -0.972105085849762 0.21422544121742249
vn 0.6150479316711426 -0.7852673530578613 -0.07121314853429794
vn 0.5029703378677368 -0.8470810055732727 -0.17168165743350983
vn -0.22495441138744354 -0.9576257467269897 0.17985683679580688
vn 0.30072057247161865 -0.9345386624336243 0.1902751475572586
vn -0.42278680205345154 -0.9057859182357788 -0.028342872858047485
vn 0.714047372341156 -0.685310423374176 0.1431296169757843
vn -0.04229215532541275 -0.9967969059944153 -0.06787777692079544
vn -0.9760358333587646 -0.15860004723072052 -0.14899693429470062
vn 0.4430358409881592 -0.8900776505470276 0.1071498766541481
vn 0.43098726868629456 -0.8803383111953735 0.1981275975704193
vn -0.9159440398216248 -0.3473283052444458 -0.20102134346961975
vn 0.31549355387687683 -0.9401114583015442 0.1290515959262848
vn 0.13154156506061554 -0.9820247888565063 0.1353670060634613
vn -0.06031545251607895 0.9975237250328064 -0.03617314249277115
vn 0.4430448114871979 0.8867716789245605 -0.13170945644378662
vn -0.18975132703781128 0.9761059284210205 -0.10588506609201431
vn -0.4942643344402313 0.8691421747207642 0.017166273668408394
vn -0.5598097443580627 0.8234758973121643 0.09219828248023987
vn -0.4185517430305481 0.8654943704605103 0.27519798278808594
vn -0.12204647809267044 0.9394076466560364 0.3203403949737549
vn 0.08220196515321732 0.9778583645820618 0.19244730472564697
vn 0.994671642780304 -0.03099307417869568 -0.09832479804754257
vn 0.9527172446250916 -0.30192288756370544 -0.03424172103404999
vn -0.45566248893737793 0.8898695111274719 0.022452181205153465
vn -0.604778528213501 0.7947825789451599 0.05063271522521973
vn 0.7882661819458008 -0.6148272156715393 -0.02498176135122776
vn -0.697989821434021 0.7159591317176819 0.01458518486469984
vn 0.6786198616027832 -0.7303042411804199 0.07829916477203369
vn -0.030664414167404175 -0.986104428768158 0.1632719784975052
vn 0.0124391233548522 -0.9878584742546082 0.15485785901546478
vn 0.31970638036727905 -0.933962345123291 0.15969409048557281
vn 0.49245110154151917 -0.840015709400177 0.2277400940656662
vn 0.20075073838233948 -0.9325500130653381 0.300082802772522
vn -0.7902432680130005 0.5755040049552917 -0.21050146222114563
vn -0.18830661475658417 -0.9429020881652832 0.2747293710708618
vn -0.6615871787071228 0.6894658207893372 -0.29485464096069336
vn 0.6383229494094849 -0.7688577771186829 0.037436921149492264
vn 0.6686103940010071 -0.7431785464286804 0.025411924347281456
vn -0.6294032335281372 0.7104328274726868 -0.3148599863052368
vn 0.4979967474937439 -0.8303456902503967 0.250050812959671
vn 0.27131298184394836 -0.9623423218727112 -0.016927924007177353
vn 0.08421031385660172 -0.9915101528167725 -0.09907680004835129
vn -0.6365584135055542 -0.7644765377044678 0.10182900726795197
vn 0.09189581125974655 -0.9956321716308594 -0.016486361622810364
vn 0.5337521433830261 -0.797633707523346 0.28087231516838074
vn 0.4276556372642517 -0.8017150163650513 0.41756874322891235
vn -0.9342435002326965 0.22613149881362915 -0.27577826380729675
vn 0.6611058115959167 -0.6294457316398621 0.40833479166030884
vn 0.4118424952030182 -0.8992201685905457 0.14761047065258026
vn -0.9858349561691284 0.04499583691358566 -0.16157016158103943
vn 0.5213249325752258 -0.8481871485710144 0.09380297362804413
vn -0.19884605705738068 -0.9790725111961365 0.04332691431045532
vn -0.04928893968462944 0.9940913915634155 -0.09671049565076828
vn -0.14924579858779907 0.9887856245040894 0.005363273900002241
vn -0.24244795739650726 0.9701598882675171 0.0029732382390648127
vn 0.9037337899208069 0.4011465013027191 -0.1494879573583603
vn -0.33247441053390503 0.9400699734687805 -0.07569243758916855
vn -0.24864789843559265 0.9671134352684021 -0.053534358739852905
vn -0.187351793050766 0.9817677140235901 0.032117683440446854
vn -0.2785573899745941 0.9603691697120667 0.009842585772275925
vn -0.3854615390300751 0.9218267202377319 -0.040680237114429474
vn 0.9807536602020264 0.06440616399049759 -0.18432089686393738
vn -0.6760005354881287 0.714728593826294 0.17940570414066315
vn -0.4087453782558441 0.8608616590499878 0.3030584454536438
vn -0.0053347451612353325 0.955722451210022 0.294221431016922
vn 0.08477376401424408 0.9944286942481995 0.06265007704496384
vn -0.08359812200069427 0.9954589009284973 0.045530062168836594
vn -0.22345107793807983 0.9745845198631287 0.015956513583660126
vn -0.3739928603172302 0.9274272322654724 0.0028709713369607925
vn 0.8761564493179321 -0.4817025661468506 -0.017680730670690536
vn 0.7205541729927063 -0.691087007522583 0.056572407484054565
vn -0.1803603172302246 -0.9497475028038025 0.2558319568634033
vn -0.039627041667699814 -0.9683998823165894 0.24623441696166992
vn 0.19066445529460907 -0.9311521649360657 0.31081002950668335
vn 0.43037381768226624 -0.8437228202819824 0.32079628109931946
vn 0.48016905784606934 -0.8667201399803162 0.1350330263376236
vn 0.10882389545440674 -0.9902837872505188 0.08657579869031906
vn 0.21593783795833588 -0.8111920356750488 0.5434502959251404
vn 0.4646478295326233 -0.5613598823547363 0.6848192811012268
vn 0.09115641564130783 -0.9905596375465393 0.10238247364759445
vn -0.21349364519119263 -0.9713990688323975 0.10394398868083954
vn 0.4742027819156647 -0.8435400128364563 0.2521350681781769
vn 0.5308340191841125 -0.8465651869773865 0.03927745670080185
vn 0.4640693962574005 -0.8857148885726929 0.01219708938151598
vn -0.9077244400978088 -0.4127121567726135 -0.07553228735923767
vn -0.44134169816970825 -0.8973247408866882 0.005082231480628252
vn 0.10001945495605469 0.9899107217788696 -0.10036405175924301
vn -0.15136292576789856 0.986154317855835 -0.06774227321147919
vn 0.6690177321434021 0.7220466732978821 -0.1762496829032898
vn -0.20121049880981445 0.9794530868530273 0.013636493124067783
vn -0.5669522285461426 0.8231231570243835 -0.03214717656373978
vn 0.9929768443107605 0.050384655594825745 -0.10704397410154343
vn -0.7323259115219116 0.6800363659858704 0.03534672036767006
vn 0.21120503544807434 0.9717453122138977 0.10537293553352356
vn 0.9925566911697388 -0.11354304850101471 0.044036783277988434
vn 0.8683205246925354 -0.46984514594078064 0.15894977748394012
vn 0.8153294920921326 -0.5728821158409119 0.08392802625894547
vn -0.4116742014884949 0.9112761616706848 0.010011077858507633
vn 0.6452873945236206 -0.7457585334777832 0.16567584872245789
vn 0.6088109612464905 -0.7632342576980591 0.2163856476545334
vn -0.781893789768219 0.6182603240013123 -0.07997730374336243
vn 0.0818413496017456 -0.9850184917449951 0.15179137885570526
vn 0.25875183939933777 -0.9584828615188599 0.11982519924640656
vn 0.5174050331115723 -0.8466617465019226 0.12432244420051575
vn -0.6992269158363342 0.660280168056488 -0.27406543493270874
vn -0.019377849996089935 -0.9441083669662476 0.3290652930736542
vn 0.6553567051887512 -0.7471907138824463 0.11051595956087112
vn -0.752466082572937 -0.638396143913269 0.16200365126132965
vn -0.19986794888973236 -0.9015296697616577 0.38379305601119995
vn 0.5905731320381165 -0.7851281762123108 0.18654009699821472
vn -0.2562139928340912 -0.821103572845459 0.5100424289703369
vn -0.16907311975955963 -0.7617070078849792 0.625473141670227
vn 0.9018580317497253 -0.32916203141212463 0.2798295021057129
vn 0 -0 0
vn 0 -0 0
vn 0 -0 0
vn 0 -0 0
vn 0.8018648028373718 -0.4770599603652954 0.35975921154022217
vn -0.8063451647758484 0.5432404279708862 -0.23387479782104492
vn 0.25176048278808594 -0.929460883140564 0.2696647346019745
vn 0.10546820610761642 -0.9377580881118774 0.33088716864585876
vn 0 -0 0
vn 0 -0 0
vn 0 -0 0
vn 0 -0 0
vn 0 -0 0
vn 0.13493934273719788 -0.9472395777702332 0.29073795676231384
vn 0 -0 0
vn 0.6505980491638184 -0.7146337032318115 0.25694552063941956
vn -0.8608118891716003 -0.5063639283180237 0.05097608640789986
vn -0.6646040678024292 -0.7465282082557678 0.03157757222652435
vn 0.1469821184873581 -0.9831070899963379 0.1090717762708664
vn 0.254163920879364 -0.9611222147941589 0.1079111322760582
vn -0.005737007595598698 -0.9962935447692871 0.08582723140716553
vn 0.5453005433082581 0.8353002667427063 -0.07014806568622589
vn 0.7119688987731934 0.7003330588340759 -0.051322489976882935
vn -0.24887312948703766 0.963588535785675 -0.09777229279279709
vn -0.2528420686721802 0.9578638672828674 -0.13626374304294586
vn -0.20417004823684692 0.9780624508857727 -0.041333768516778946
vn -0.26319876313209534 0.9610848426818848 -0.08391940593719482
vn -0.6603137254714966 0.7488369345664978 0.056824635714292526
vn -0.15246933698654175 0.9762202501296997 0.15410110354423523
vn 0.24965187907218933 0.965829610824585 0.06962152570486069
vn 0.936682939529419 -0.31691452860832214 0.14896419644355774
vn -0.4007090628147125 0.9156846404075623 0.03088553249835968
vn 0.7547348737716675 -0.6150382161140442 0.22826159000396729
vn 0.48461219668388367 -0.7994115352630615 0.3550947606563568
vn -0.10510574281215668 -0.9492537975311279 0.29642874002456665
vn 0.3431742489337921 -0.8450457453727722 0.410035640001297
vn -0.16023722290992737 -0.9328784942626953 0.3225862383842468
vn -0.6211664080619812 0.6980292797088623 -0.3562406599521637
vn -0.2182367593050003 -0.847103476524353 0.48454976081848145
vn 0.3805306851863861 -0.8749157190322876 0.29953116178512573
vn -0.7424939274787903 -0.6571586728096008 0.12978984415531158
vn 0 -0 0
vn 0.8597908616065979 -0.49506133794784546 0.1251957267522812
vn 0 -0 0
vn 0.015578635968267918 -0.9645313620567322 0.26350823044776917
vn -0.9496256709098816 0.2636743485927582 -0.16937215626239777
vn 0.5459361672401428 -0.8278042078018188 0.1292048990726471
vn -0.9946340918540955 -0.10152233392000198 -0.019909771159291267
vn -0.9637840390205383 -0.2652132213115692 0.027968524023890495
vn 0.32824015617370605 -0.943117618560791 0.052797671407461166
vn -0.03387104347348213 0.9957262873649597 -0.08591856807470322
vn -0.16451995074748993 0.9820606708526611 -0.09214162081480026
vn -0.19894495606422424 0.9766089916229248 -0.08158326894044876
vn -0.3262615203857422 0.9312499761581421 -0.16225601732730865
vn -0.3481079638004303 0.9251930713653564 -0.15112434327602386
vn 0.8486258387565613 0.5289669632911682 -0.005310972221195698
vn -0.2389003336429596 0.9659711718559265 -0.09912838786840439
vn -0.1812656819820404 0.9789919257164001 -0.09336815774440765
vn 0.9996255040168762 -0.027323029935359955 -0.0015369747998192906
vn -0.7325906157493591 0.6792280673980713 -0.04427574574947357
vn -0.7830638885498047 0.6216824650764465 -0.01794385351240635
vn 0.06424326449632645 0.9977225065231323 0.020559677854180336
vn -0.49654704332351685 0.8647522926330566 0.07512995600700378
vn -0.5956243276596069 0.8020559549331665 0.04402195289731026
vn -0.5912650227546692 0.8050500154495239 -0.047960396856069565
vn -0.5881631374359131 0.7967889308929443 -0.13853377103805542
vn 0.5935863852500916 -0.7281085252761841 0.34280210733413696
vn 0.031219296157360077 -0.980217456817627 0.19544604420661926
vn 0.15878306329250336 -0.8902289867401123 0.4269430339336395
vn 0.5000638365745544 -0.8548046946525574 0.13872715830802917
vn -0.7065245509147644 -0.5349799990653992 0.463270366191864
vn 0.20392543077468872 -0.469140887260437 0.8592562675476074
vn -0.1485344022512436 -0.7182715535163879 0.6797231435775757
vn 0.1515728384256363 -0.7043529152870178 0.6934787034988403
vn 0.36822912096977234 -0.8628818392753601 0.34618255496025085
vn -0.7141055464744568 0.6455719470977783 -0.2707216441631317
vn 0.3234682083129883 -0.7376421689987183 0.5926655530929565
vn 0.2085898518562317 -0.9168016910552979 0.3405364155769348
vn 0.07713057100772858 -0.9197149872779846 0.38493549823760986
vn 0.07188497483730316 -0.9372037649154663 0.3412941098213196
vn 0.08968965709209442 -0.92747962474823 0.3629564046859741
vn -0.3314334750175476 -0.9010286331176758 0.27982038259506226
vn -0.9963361024856567 0.06804164499044418 -0.05181499198079109
vn 0.5166693329811096 -0.8517757654190063 -0.08678017556667328
vn 0.3813543915748596 -0.9236032366752625 -0.03906448185443878
vn -0.30529671907424927 -0.9483192563056946 0.08651375770568848
vn -0.5575712323188782 -0.826129674911499 0.08138897269964218
vn 0.07888195663690567 0.9960553646087646 -0.04063678905367851
vn 0.3980671763420105 0.9168788194656372 -0.029593365266919136
vn -0.2868698537349701 0.9481922388076782 -0.1365182101726532
vn 0.9994602203369141 0.0240060705691576 0.022429144009947777
vn -0.3662223219871521 0.9289469122886658 -0.054211147129535675
vn 0.9706488251686096 -0.18608658015727997 0.15235719084739685
vn 0.19760094583034515 0.9793113470077515 0.04362563416361809
vn -0.19094224274158478 0.9801177382469177 0.05394759029150009
vn 0.8805778622627258 -0.4277186393737793 0.20405736565589905
vn -0.26502183079719543 0.9638171195983887 -0.028635041788220406
vn 0.4380123019218445 -0.8033629059791565 0.40342697501182556
vn 0.3573513329029083 -0.8370348811149597 0.41433408856391907
vn -0.12415575981140137 -0.9508316516876221 0.28373345732688904
vn 0.2569847106933594 -0.8565141558647156 0.4475962817668915
vn -0.6547229290008545 0.7019994854927063 -0.28024038672447205
vn -0.03268154710531235 -0.9176197648048401 0.3961135745048523
vn 0.3934563994407654 -0.9193173050880432 0.0069172871299088
vn 0.3708727955818176 -0.9031124711036682 0.2164284735918045
vn -0.9128767251968384 -0.3991749882698059 0.08553022146224976
vn 0.5243234634399414 -0.6336031556129456 0.5688865780830383
vn 0.07139711081981659 -0.7733873128890991 0.6299004554748535
vn 0.9210838079452515 -0.3870043158531189 -0.042804524302482605
vn -0.8319002389907837 0.5260372757911682 -0.17671120166778564
vn -0.9491064548492432 0.2956308424472809 -0.10862524807453156
vn 0.8326147794723511 -0.5498107671737671 -0.06678985059261322
vn 0.6685004830360413 -0.7434613108634949 -0.019298264756798744
vn 0.6127252578735352 -0.7869517803192139 -0.0726272314786911
vn -0.7662029266357422 -0.6353459358215332 0.09627410024404526
vn 0.20662164688110352 -0.970588207244873 0.12355586886405945
vn 0.21434371173381805 0.9760282039642334 -0.03775898367166519
vn 0.9586576223373413 0.2838157117366791 0.02059750445187092
vn -0.24237534403800964 0.9614483118057251 -0.12988987565040588
vn -0.23440015316009521 0.9637184143066406 -0.12768472731113434
vn -0.252616286277771 0.9638216495513916 -0.08504651486873627
vn -0.5224887132644653 0.850952684879303 -0.05371372029185295
vn 0.9805898070335388 -0.14278016984462738 0.13437801599502563
vn -0.6724784970283508 0.740116536617279 -0.0005652711843140423
vn 0.9630886316299438 -0.22625121474266052 0.14584504067897797
vn -0.485994815826416 0.8736304640769958 -0.024059178307652473
vn 0.2717391550540924 0.9407674670219421 0.20276707410812378
vn 0.2942545413970947 0.9502231478691101 0.10242190212011337
vn 0.8066544532775879 -0.5324762463569641 0.25647154450416565
vn -0.4399358928203583 0.8970171213150024 0.04262328892946243
vn -0.5186601877212524 0.8505827188491821 0.086606964468956
vn -0.058898136019706726 -0.9645165801048279 0.2573690712451935
vn 0.06564392149448395 -0.9752572178840637 0.21110263466835022
vn 0.13841621577739716 -0.9830036163330078 0.12060221284627914
vn -0.6207575798034668 0.7634338140487671 -0.1784065067768097
vn 0.2510063648223877 -0.8629898428916931 0.43845683336257935
vn 0.6205508708953857 -0.7032299637794495 0.34696438908576965
vn 0.4344233572483063 -0.9003645181655884 0.024902058765292168
vn -0.33599987626075745 -0.7894948720932007 0.5136166214942932
vn -0.952464759349823 -0.2967833876609802 -0.06877914071083069
vn 0.5745250582695007 -0.80062335729599 0.17006805539131165
vn 0.7643621563911438 -0.6143923401832581 -0.19563394784927368
vn -0.792492151260376 -0.6032061576843262 0.08999241888523102
vn -0.7106462121009827 -0.6664807200431824 0.22535641491413116
vn 0.11363096535205841 -0.948776125907898 0.29480838775634766
vn 0.8601546287536621 -0.4744158089160919 -0.18725337088108063
vn 0.6389492750167847 -0.7486143708229065 -0.17697569727897644
vn 0.5729895830154419 -0.7858635783195496 -0.23259709775447845
vn 0.358755886554718 -0.9197791218757629 -0.15906186401844025
vn 0.3206108510494232 -0.9461535811424255 -0.044746287167072296
vn 0.2499796450138092 -0.9669020175933838 -0.05109560489654541
vn 0.04636428505182266 -0.9942178726196289 0.09685643762350082
vn -0.1144690066576004 -0.9873926639556885 0.10932803153991699
vn -0.04496363177895546 0.998650074005127 -0.026007335633039474
vn 0.5616998076438904 0.8273367285728455 0.002706316066905856
vn -0.18488644063472748 0.978976845741272 -0.08614730089902878
vn -0.2805062532424927 0.957098126411438 -0.0726604238152504
vn -0.2119773030281067 0.9758901000022888 -0.052002668380737305
vn -0.8235116600990295 0.5670498609542847 0.016826562583446503
vn -0.8248875737190247 0.5593351721763611 0.08188249170780182
vn -0.12531344592571259 0.9718409776687622 0.1995537430047989
vn -0.38481464982032776 0.9092960953712463 0.1584247499704361
vn -0.3588484525680542 0.9229382276535034 0.1393301784992218
vn 0.7235565781593323 -0.6056526899337769 0.3311355710029602
vn -0.44926828145980835 0.8810455203056335 0.14804336428642273
vn 0 -0 0
vn 0 -0 0
vn 0 -0 0
vn 0 -0 0
vn 0 -0 0
vn 0.10039733350276947 -0.9073019027709961 0.40831810235977173
vn -0.05962309241294861 -0.9342672824859619 0.35155338048934937
vn 0.17752182483673096 -0.9793040156364441 0.09720976650714874
vn 0.2420394867658615 -0.9700314402580261 0.021352777257561684
vn -0.5953150987625122 -0.712273359298706 -0.3718421757221222
vn -0.42602187395095825 -0.9028761982917786 -0.057619184255599976
vn 0.3142966628074646 -0.8173362612724304 -0.4828861951828003
vn 0 -0 0
vn 0 -0 0
vn 0 -0 0
vn 0 -0 0
vn 0.9052337408065796 -0.27079394459724426 -0.3274485170841217
vn 0 -0 0
vn 0.6594714522361755 -0.5988190174102783 -0.4544372260570526
vn 0.3062402904033661 -0.9416563510894775 0.1396435797214508
vn 0.15645912289619446 -0.9518122673034668 0.26376891136169434
vn -0.31219229102134705 -0.8881380558013916 0.3372637629508972
vn 0.7180928587913513 -0.6572465896606445 -0.22884410619735718
vn -0.9996083378791809 -0.005712295416742563 -0.027397071942687035
vn -0.9827157258987427 -0.18451398611068726 0.01498036552220583
vn -0.9426988363265991 -0.3066096901893616 0.13156558573246002
vn -0.9202255606651306 -0.3857678174972534 0.06609222292900085
vn -0.761279821395874 -0.6467666625976562 0.04632481560111046
vn 0.164678692817688 -0.9837331771850586 0.07176404446363449
vn -0.19462339580059052 0.9758636355400085 -0.0990552082657814
vn -0.23821718990802765 0.9686397910118103 -0.07063644379377365
vn -0.29906225204467773 0.9472991228103638 -0.11483131349086761
vn -0.304822713136673 0.9412858486175537 -0.1451348215341568
vn -0.27650922536849976 0.9599043726921082 0.04611082747578621
vn -0.4696264863014221 0.8812254071235657 0.0537848174571991
vn 0.11278852820396423 0.9489174485206604 0.29467692971229553
vn 0.9006102085113525 -0.41510769724845886 0.12878984212875366
vn -0.5817875862121582 0.779858410358429 0.23096317052841187
vn 0.3201574385166168 0.9145667552947998 0.247117280960083
vn -0.27961423993110657 0.9175103306770325 0.28282642364501953
vn -0.3632366359233856 0.9118964076042175 0.1910606175661087
vn -0.48276159167289734 0.8755471706390381 0.018935181200504303
vn 0 -0 0
vn -0.47543615102767944 0.8785685300827026 -0.04558394104242325
vn 0.24323530495166779 -0.8953456282615662 0.37308549880981445
vn 0.011368253268301487 -0.9774789214134216 0.210726797580719
vn -0.5443530678749084 0.8344285488128662 -0.08607442677021027
vn -0.06600337475538254 -0.3984661400318146 -0.9148051142692566
vn 0 -0 0
vn 0.3499974012374878 -0.93248051404953 -0.0893416777253151
vn 0.3054314851760864 -0.9485785961151123 -0.08312813192605972
vn -0.732293963432312 0.6577730178833008 -0.17629586160182953
vn -0.5525656938552856 -0.5662544965744019 -0.6115775108337402
vn -0.4354807436466217 -0.8926657438278198 -0.11620873957872391
vn 0.08975116163492203 -0.4782240092754364 -0.8736398220062256
vn 0.007253119722008705 -0.2518852651119232 -0.967729926109314
vn 0.2909126281738281 -0.9554570317268372 0.04971674457192421
vn -0.6306350827217102 -0.774627149105072 -0.047458406537771225
vn 0.6691875457763672 -0.6680983304977417 -0.3253193795681
vn 0.05788213014602661 -0.976042628288269 0.20973904430866241
vn -0.09554982930421829 -0.9710848927497864 0.21877922117710114
vn 0.12971681356430054 -0.9241117238998413 -0.3594316244125366
vn 0.4770517945289612 -0.7388604879379272 -0.47592729330062866
vn 0.008397686295211315 -0.9643547534942627 0.26447954773902893
vn 0.6303726434707642 -0.6971187591552734 -0.3415493071079254
vn 0.45932525396347046 -0.8269795775413513 -0.3242299556732178
vn 0.16208063066005707 -0.9867759943008423 0.0017544790171086788
vn -0.17903725802898407 -0.981012225151062 0.07456981390714645
vn 0.689909815788269 0.7231271266937256 0.03334216773509979
vn -0.31288251280784607 0.9469544291496277 -0.07336150109767914
vn -0.2917017340660095 0.9529176354408264 -0.08281362801790237
vn 0.9806618094444275 -0.16062897443771362 0.11180724948644638
vn 0.9850611686706543 -0.156560018658638 0.07171846181154251
vn -0.27645447850227356 0.9390281438827515 0.20444823801517487
vn -0.32847627997398376 0.9440068602561951 0.030893178656697273
vn -0.26975879073143005 0.9074399471282959 0.322153776884079
vn 0.2236270010471344 0.9086711406707764 0.352573037147522
vn 0.7841272354125977 -0.5982719659805298 0.1649700403213501
vn 0.24752895534038544 0.8865246772766113 0.39090076088905334
vn 0.16610802710056305 0.9595931768417358 0.22713227570056915
vn -0.3629481792449951 0.9084779024124146 0.207211434841156
vn 0.7034216523170471 -0.6664853096008301 0.24697226285934448
vn -0.4343717694282532 0.8932355642318726 0.11598031967878342
vn 0.6048071384429932 -0.7013506293296814 0.37724748253822327
vn 0.49370476603507996 -0.7741185426712036 0.3962273895740509
vn 0.3900136947631836 -0.8481015563011169 0.35862675309181213
vn 0.10893131047487259 -0.9875061511993408 0.11386673897504807
vn 0.30548304319381714 -0.9521546959877014 -0.009033224545419216
vn -0.8386532664299011 0.5395044684410095 -0.07480481266975403
vn -0.9223107695579529 0.38197675347328186 -0.058623041957616806
vn 0.14398275315761566 -0.9840347170829773 0.10461705178022385
vn 0.12511833012104034 -0.9613358378410339 0.24531355500221252
vn -0.5377625226974487 -0.8122431635856628 0.22599218785762787
vn 0.4712904691696167 -0.8818454742431641 0.015295198187232018
vn -0.2436337023973465 -0.9406490921974182 0.236266627907753
vn 0.6496345400810242 -0.5105742812156677 -0.5632839798927307
vn 0.8589772582054138 -0.34337010979652405 -0.3798093795776367
vn -0.995635986328125 -0.014600202441215515 -0.09217255562543869
vn 0.6383713483810425 -0.5972657799720764 -0.4855467677116394
vn 0.5754566192626953 -0.7105906009674072 -0.40485885739326477
vn 0.3298954963684082 -0.9096232056617737 -0.25249671936035156
vn 0.2093740999698639 -0.963655412197113 -0.1659240424633026
vn -0.48727351427078247 -0.8710859417915344 0.06143203005194664
vn -0.06671470403671265 -0.9971315860748291 0.03574550151824951
vn -0.1589592695236206 0.9868353605270386 -0.02979891560971737
vn -0.30797016620635986 0.9508296251296997 -0.03282446041703224
vn 0.8510048985481262 0.5220137238502502 0.057380277663469315
vn 0.9966149926185608 0.04874222353100777 0.06620270758867264
vn -0.1787104308605194 0.983025074005127 -0.0415249839425087
vn -0.3033105134963989 0.9382424354553223 0.1664450764656067
vn 0.9875499606132507 -0.14889712631702423 0.05074271932244301
vn 0.9365867376327515 -0.3433345556259155 0.07019054144620895
vn -0.8124106526374817 0.5728974938392639 0.10852394998073578
vn -0.887627363204956 0.45099544525146484 0.09338508546352386
vn -0.2307317852973938 0.9550332427024841 0.1862105429172516
vn -0.4037201702594757 0.9130231142044067 0.05829953774809837
vn 0.08572080731391907 -0.9465038180351257 0.3110990524291992
vn 0 -0 0
vn 0 -0 0
vn 0 -0 0
vn 0 -0 0
vn 0 -0 0
vn -0.7067432403564453 0.7031914591789246 -0.07769031822681427
vn -0.025113634765148163 -0.990309476852417 0.13658897578716278
vn 0.04385272040963173 -0.9683495163917542 0.2457154542207718
vn -0.13452641665935516 -0.987928569316864 -0.07681053131818771
vn 0 -0 0
vn 0 -0 0
vn -0.3756374716758728 0.6553230285644531 -0.6553230285644531
vn 0.3756374716758728 -0.6553230285644531 0.6553230285644531
vn -0.17466741800308228 -0.9780762195587158 0.11339396238327026
vn 0.5220490097999573 -0.8171624541282654 -0.24435709416866302
vn -0.9854114651679993 0.16308905184268951 -0.0486445277929306
vn 0.1402006447315216 -0.9871112704277039 -0.07716988027095795
vn 0.09038136154413223 -0.9950684309005737 0.04086678475141525
vn -0.5077020525932312 0.8457638621330261 0.16407980024814606
vn -0.5419192314147949 0.8394374847412109 0.04084452614188194
vn 0.9980992674827576 -0.055539797991514206 0.026706747710704803
vn -0.4138118624687195 0.9025799036026001 0.11878257989883423
vn -0.2524585723876953 0.934492290019989 0.2509758770465851
vn -0.7021106481552124 0.7077012658119202 0.07873746752738953
vn -0.8813671469688416 0.46950793266296387 0.05248227342963219
vn -0.0034963793586939573 0.9355923533439636 0.35306477546691895
vn 0.18224704265594482 0.8860133290290833 0.4263407588005066
vn -0.36915019154548645 0.8684749007225037 0.3308769762516022
vn 0.010602950118482113 0.9987530708312988 0.04878423735499382
vn 0.594132661819458 -0.7518268823623657 0.2859419584274292
vn -0.371539443731308 0.9065623879432678 0.20025776326656342
vn 0.5220270752906799 -0.7761451005935669 0.35367584228515625
vn -0.40492233633995056 0.9143453240394592 -0.0032588252797722816
vn 0.09632313251495361 -0.9754019975662231 0.19827468693256378
vn 0.09706981480121613 -0.9848799109458923 0.14348925650119781
vn 0.14706502854824066 -0.9860336184501648 0.07816402614116669
vn 0.18992340564727783 -0.9808136224746704 0.043974973261356354
vn -0.4361470639705658 0.897975742816925 -0.05844085291028023
vn 0 -0 0
vn 0.3660482168197632 -0.9264276623725891 -0.08798042684793472
vn 0 -0 0
vn 0.16560734808444977 -0.9858772158622742 -0.024908054620027542
vn 0.5259159207344055 -0.8487847447395325 -0.054561764001846313
vn -0.13383953273296356 -0.9815816283226013 0.13632529973983765
vn 0.6160335540771484 -0.7809951901435852 -0.10270972549915314
vn 0.787409782409668 -0.5657336115837097 -0.24480889737606049
vn 0.3532605469226837 -0.7262315154075623 -0.5897413492202759
vn 0.6873655319213867 -0.44710397720336914 -0.5723868012428284
vn 0.5666804909706116 0.006825296673923731 -0.8239094018936157
vn 0.7476347088813782 -0.33769679069519043 -0.5718420743942261
vn 0.7805647253990173 -0.36222705245018005 -0.5094215869903564
vn 0.7059475779533386 -0.566558837890625 -0.4250284433364868
vn 0.5318801403045654 -0.7525256872177124 -0.38834086060523987
vn -0.08360124379396439 -0.9937634468078613 0.07379038631916046
vn 0.252405047416687 0.9676177501678467 -0.0027565842028707266
vn 0.0649203509092331 0.9978766441345215 -0.0052552358247339725
vn 0.5076972842216492 0.861323356628418 0.019120514392852783
vn -0.25665032863616943 0.9662778377532959 -0.020923729985952377
vn -0.1495780348777771 0.9885725975036621 -0.01872832700610161
vn -0.42984095215797424 0.8545970320701599 0.29137733578681946
vn -0.7134510278701782 0.6715314388275146 0.20008288323879242
vn -0.2904241979122162 0.8959491848945618 0.3360489010810852
vn 0 -0 0
vn 0 -0 0
vn 0 -0 0
vn 0 -0 0
vn 0 -0 0
vn 0.9746807813644409 -0.22252386808395386 0.021922921761870384
vn 0.7276567816734314 -0.6755707263946533 0.11882733553647995
vn 0.6490353345870972 -0.7459504008293152 0.1493694931268692
vn 0.19178979098796844 0.9594277143478394 0.2066764235496521
vn -0.3374912440776825 0.9371439218521118 0.08866234123706818
vn -0.23694530129432678 0.9577561020851135 0.162973091006279
vn 0.12359553575515747 0.9379317164421082 0.32404983043670654
vn 0.23004107177257538 0.9376675486564636 0.2605007290840149
vn -0.5508424639701843 0.8346059918403625 -0.0023326179943978786
vn -0.10673945397138596 0.9910700917243958 0.07991757988929749
vn -0.22296790778636932 0.9748067259788513 0.006092330906540155
vn -0.33795878291130066 0.9411174654960632 0.0090493718162179
vn 0.25545063614845276 -0.9291327595710754 0.26731500029563904
vn -0.4356468617916107 0.899868369102478 -0.02118205465376377
vn -0.42059552669525146 0.904342770576477 -0.0725507065653801
vn -0.586331844329834 0.807013213634491 -0.0703185647726059
vn 0.2378307282924652 -0.9708511829376221 -0.02974115125834942
vn -0.10801725834608078 -0.9896296858787537 0.09468621760606766
vn -0.1500382274389267 -0.9739915132522583 0.16979140043258667
vn 0.8269892334938049 -0.38471317291259766 -0.40998128056526184
vn -0.9964260458946228 -0.061647869646549225 -0.05774750933051109
vn -0.952511727809906 -0.3043995797634125 0.007890929467976093
vn 0.5129224061965942 -0.8138300776481628 -0.27311402559280396
vn 0.39326146245002747 -0.8838279843330383 -0.25336456298828125
vn -0.900581955909729 -0.43284645676612854 0.03995126858353615
vn 0.23921799659729004 -0.961887001991272 -0.13246971368789673
vn 0.09946568310260773 -0.9879717826843262 -0.1183992251753807
vn -0.7029852867126465 -0.7088732123374939 0.057537976652383804
vn -0.39688315987586975 -0.9166873097419739 0.04656284675002098
vn -0.056969333440065384 0.9983064532279968 -0.011780143715441227
vn -0.2541566789150238 0.9671159982681274 0.009539990685880184
vn 0.967746913433075 0.24679473042488098 0.05057954043149948
vn 0.9930604696273804 -0.11739768832921982 0.006982733495533466
vn 0 -0 0
vn -0.3630673587322235 0.8971177339553833 0.2517179250717163
vn -0.7413077354431152 0.6689097881317139 0.054978158324956894
vn 0.8613420724868774 -0.49938589334487915 0.09329313784837723
vn 0.34501487016677856 0.9385666847229004 0.007574121467769146
vn 0.11083517223596573 0.9938143491744995 0.006974588148295879
vn -0.37407219409942627 0.8956842422485352 0.24045732617378235
vn -0.8334879279136658 0.5132919549942017 0.2045220583677292
vn 0.23237337172031403 0.9443994164466858 0.23262058198451996
vn -0.30546319484710693 0.9493184685707092 -0.07407290488481522
vn 0.44008350372314453 -0.8703777194023132 0.2208375185728073
vn 0.455966055393219 -0.8159211874008179 0.3554821312427521
vn 0.15170247852802277 -0.9871290922164917 0.050621695816516876
vn 0.12106478959321976 -0.9838025569915771 0.13219624757766724
vn 0.18702049553394318 -0.9804177284240723 0.06168103963136673
vn 0.21715402603149414 -0.9757636785507202 -0.02700660191476345
vn 0.41602709889411926 -0.908511221408844 -0.03910074010491371
vn 0.00581657188013196 -0.997719943523407 0.06723973900079727
vn -0.1633792519569397 -0.9805266261100769 0.10897153615951538
vn 0.18089209496974945 -0.9834456443786621 -0.010619541630148888
vn 0.029160577803850174 -0.9940699338912964 0.1047600582242012
vn 0 -0 0
vn 0 -0 0
vn 0 -0 0
vn 0 -0 0
vn 0 -0 0
vn 0.8576301336288452 -0.3307136595249176 -0.3938261866569519
vn 0.7732968330383301 -0.48236674070358276 -0.411502480506897
vn 0.8093261122703552 -0.3724874258041382 -0.45414140820503235
vn 0.6745486259460449 -0.6886806488037109 -0.26590049266815186
vn 0.07167660444974899 -0.9962206482887268 -0.049060653895139694
vn 0.04228634387254715 -0.9964184165000916 0.07322710752487183
vn -0.22903400659561157 0.9733478426933289 -0.011723410338163376
vn 0.7085133194923401 0.7039365172386169 0.04982289299368858
vn -0.29089751839637756 0.9566485285758972 0.014223095029592514
vn -0.29310300946235657 0.9560610055923462 -0.006159618962556124
vn -0.8321998119354248 0.5544278025627136 0.0073016672395169735
vn -0.9195378422737122 0.33364787697792053 0.20767614245414734
vn -0.4075958728790283 0.7077202796936035 0.5770594477653503
vn -0.2076239436864853 0.9470461010932922 0.24494099617004395
vn 0.010432562790811062 0.9997224807739258 0.02112206071615219
vn 0 -0 1
vn 0 -0 1
vn -0 0 -1
vn 0 -0 0
vn 0 -0 0
vn 0 -0 0
vn 0 -0 0
vn 0 -0 0
vn 0 -0 0
vn 0 -0 0
vn 0 -0 0
vn 0 -0 0
vn 0 -0 1
vn 0 -0 0
vn 0 -0 0
vn -0.9133797883987427 0.39741790294647217 0.08829754590988159
vn -0.31893444061279297 0.9410266280174255 0.11291447281837463
vn -0.8407949805259705 0.3494785726070404 0.4134351313114166
vn 0.4171105623245239 0.6681482791900635 0.6161142587661743
vn 0.2815411388874054 0.9378629922866821 0.20284877717494965
vn 0.5330106019973755 -0.8322178721427917 0.1526866853237152
vn -0.8162568211555481 0.48214665055274963 0.31821301579475403
vn 0.3141181170940399 0.9482830166816711 -0.04570789262652397
vn 0.392912358045578 0.9195683002471924 0.003762634238228202
vn -0.3181764483451843 0.930382251739502 0.18207861483097076
vn -0.38169434666633606 0.884279191493988 0.26899781823158264
vn 0.38199952244758606 -0.8912422060966492 0.24446623027324677
vn -0.4219677150249481 0.9010705947875977 -0.10007509589195251
vn 0.29014313220977783 -0.9563226103782654 -0.03555312007665634
vn 0.3831386864185333 -0.9229258298873901 0.03758661448955536
vn -0.0076288809068500996 -0.9761315584182739 0.21704606711864471
vn 0.17942114174365997 -0.9482520818710327 0.2619658410549164
vn -0.7780239582061768 0.6271594166755676 -0.036741726100444794
vn 0.2357439398765564 -0.9618445634841919 0.13885225355625153
vn -0.0786282867193222 -0.9937813878059387 -0.07884283363819122
vn 0.6832125186920166 -0.7188333868980408 -0.12844949960708618
vn 0.9137812852859497 -0.33348414301872253 -0.23193128407001495
vn 0 -0 0
vn -0.8831654191017151 0.46827253699302673 -0.027198471128940582
vn 0.9623178839683533 -0.26442691683769226 0.06342452764511108
vn -0.9816531538963318 0.18845027685165405 -0.02904585748910904
vn 0.8658466339111328 -0.49290546774864197 -0.08575449138879776
vn 0.6658715605735779 -0.6991576552391052 -0.2603723108768463
vn 0.04277185723185539 -0.9990437030792236 -0.00907088816165924
vn -0.4092070758342743 -0.907371997833252 0.09605022519826889
vn -0.15088647603988647 0.9883148670196533 -0.021612204611301422
vn 0.8493974208831787 0.5240298509597778 0.06258400529623032
vn -0.16488172113895416 0.9862281084060669 0.01297062635421753
vn 0 -0 0
vn 0 -0 0
vn 0 -0 0
vn 0 -0 0
vn -0.8290549516677856 0.529708206653595 -0.1791008710861206
vn 0 -0 0
vn -0.7898457646369934 0.5359793305397034 0.29811036586761475
vn 0.03810036554932594 0.7828434109687805 0.6210511922836304
vn -0.254609078168869 0.9592441320419312 0.12257616966962814
vn -0.7821184992790222 0.5759844779968262 0.23776590824127197
vn 0.982096791267395 -0.1830555647611618 0.044460050761699677
vn -0.16802260279655457 0.9093976616859436 0.3804791569709778
vn -0.23727597296237946 0.08554637432098389 0.967668354511261
vn -0.2732713520526886 0.9607412219047546 -0.047949180006980896
vn -0.195900097489357 0.9757623076438904 0.09752476960420609
vn -0.21571779251098633 0.9755510687828064 -0.04202316328883171
vn 0.2684773802757263 0.3644818365573883 -0.8916686177253723
vn 0.12403474003076553 0.9922779202461243 0
vn -1 -0 0
vn 1 0 0
vn 1 0 0
vn -1 -0 0
vn 1 0 0
vn 1 0 0
vn -1 -0 0
vn -0.8414734601974487 0.539452850818634 -0.030218258500099182
vn -0.7665954828262329 -0.5920904278755188 0.24851638078689575
vn 0 -0 0
vn 0 -0 0
vn -0.9042782783508301 0.406034916639328 -0.1319713294506073
vn 0.7086973786354065 0.7016306519508362 0.073908232152462
vn 0.04091859236359596 0.9782961010932922 -0.2031315714120865
vn 0.0014906346332281828 0.9916454553604126 -0.12898501753807068
vn 0.42516642808914185 0.8711605668067932 -0.24558675289154053
vn 0.46260130405426025 -0.8748481869697571 0.14366906881332397
vn -0.21206657588481903 0.9702306389808655 0.11696291714906693
vn -0.205328106880188 0.9650092124938965 0.16308781504631042
vn -0.3166346848011017 0.9468469619750977 -0.05677412077784538
vn 0 -0 0
vn -1 -0 0
vn 0 -0 0
vn 1 0 0
vn 0 -0 0
vn 0.03294435143470764 -0.9937568306922913 -0.10659287869930267
vn -0.4441906213760376 0.8886798024177551 -0.11376695334911346
vn 0.36600759625434875 -0.9298302531242371 0.03813501447439194
vn 0.12069816142320633 -0.9899914860725403 0.07313597947359085
vn 0.23707687854766846 -0.958451509475708 -0.15863582491874695
vn 0.8661875128746033 -0.49960654973983765 0.010609753429889679
vn -0.9413406848907471 0.3364846706390381 -0.025608958676457405
vn 0.9227069616317749 -0.3782118856906891 0.07461674511432648
vn 0.5967406034469604 -0.7518478035926819 0.28040263056755066
vn 0.9711520075798035 0.23842677474021912 0.0040639955550432205
vn -0.9839550852775574 -0.1759692132472992 0.029450472444295883
vn 0.5053331255912781 -0.8582146167755127 -0.09003428369760513
vn 0.42975470423698425 -0.8934777975082397 -0.13041584193706512
vn 0.08809299767017365 -0.9955655932426453 -0.03299707546830177
vn -0.6964468955993652 -0.7167795896530151 0.034478042274713516
vn 0.3964407444000244 0.9165135025978088 0.05327112227678299
vn -0.2786666750907898 0.9603750109672546 0.004979256074875593
vn -0.276984840631485 0.9606799483299255 0.019325921311974525
vn -0.5601727962493896 0.8283747434616089 -0.0013505369424819946
vn 0 -0 0
vn -0.49777844548225403 0.7811627388000488 -0.3768308460712433
vn -0.5709092617034912 0.8083162307739258 -0.14383170008659363
vn -0.7453950047492981 0.6496251225471497 -0.14957772195339203
vn 0.08830289542675018 0.14960218966007233 0.984795331954956
vn -0.16181692481040955 0.9868113398551941 -0.004325983114540577
vn -0.2232113927602768 0.9747200012207031 0.009878660552203655
vn 0.9111542701721191 -0.37534385919570923 0.17004409432411194
vn -0.7193178534507751 0.2628488838672638 -0.6430337429046631
vn 1 0 0
vn 1 0 0
vn -0.6099216938018799 0.7924391031265259 0.0059927827678620815
vn 0.7426987290382385 -0.6604901552200317 0.11023369431495667
vn 0.6178715229034424 -0.7647097706794739 0.18290339410305023
vn 0.12594078481197357 0.992024302482605 -0.0051653943955898285
vn -0.37845781445503235 0.9054086208343506 0.1923666000366211
vn 0.09481097012758255 0.9917244911193848 0.08656502515077591
vn -0.1751260608434677 0.9532910585403442 0.24610388278961182
vn -0.5736088156700134 0.7644994854927063 0.29413169622421265
vn 0.4087662696838379 0.8864817023277283 -0.21693414449691772
vn 0.3304838538169861 0.9195466637611389 -0.2126367688179016
vn -0.2357797920703888 0.9084262847900391 0.3452095091342926
vn 0.014775325544178486 0.8160476684570312 0.5777957439422607
vn 0.22771289944648743 0.9243935942649841 -0.3060120940208435
vn -0.06611847132444382 0.9829657673835754 0.1714840978384018
vn -0.12407766282558441 0.9910849928855896 0.0485316701233387
vn 0 -0 0
vn 0.3083101511001587 -0.9304550886154175 0.19798527657985687
vn 0.19026173651218414 -0.9802912473678589 -0.05319412797689438
vn -0.41992008686065674 0.9002501964569092 -0.11496413499116898
vn 0 -0 0
vn 0 -0 0
vn 0 -0 0
vn 0 -0 0
vn 0.34757545590400696 -0.9323502779006958 0.09957071393728256
vn 0 -0 0
vn 0.2788075804710388 -0.9550299644470215 0.10091649740934372
vn -0.11038457602262497 -0.9905762076377869 0.08108089119195938
vn 0.27968814969062805 -0.9581528902053833 0.06097191944718361
vn 0.5453382730484009 -0.8239408135414124 -0.15403808653354645
vn -0.2703038454055786 -0.8410706520080566 -0.46854668855667114
vn -0.6909351348876953 -0.6890993118286133 -0.21851946413516998
vn 0.3188879191875458 -0.937601625919342 0.13861358165740967
vn 0.3143143057823181 -0.8287093639373779 -0.46308454871177673
vn 0.9755711555480957 -0.1808563470840454 -0.12470750510692596
vn 0.6953907608985901 -0.7098638415336609 -0.111915722489357
vn -0.4387435019016266 -0.4335385262966156 0.7871140241622925
vn 0.9685850143432617 -0.07000268995761871 0.23862668871879578
vn 0.2564030587673187 -0.9620126485824585 0.09375017136335373
vn 0.7397909760475159 -0.6591005325317383 -0.1352621167898178
vn -0.945540189743042 -0.32254594564437866 0.04379468038678169
vn -0.8837600350379944 -0.46779966354370117 0.011478094384074211
vn 0.08706829696893692 -0.9947648644447327 -0.0534985177218914
vn -0.02227916195988655 -0.9997442960739136 -0.003870196407660842
vn -0.09330885857343674 -0.9935225248336792 0.0648573487997055
vn 0.13834333419799805 0.9885751008987427 0.059836238622665405
vn 0.019218072295188904 0.9997689723968506 0.009632159024477005
vn 0.5713909864425659 0.8181050419807434 0.06493476778268814
vn -0.27811166644096375 0.9598332047462463 -0.03706985339522362
vn -0.6802412867546082 0.7081282138824463 -0.18927863240242004
vn -0.6031572818756104 0.6879168748855591 0.40369755029678345
vn -0.1133108139038086 0.9714459180831909 0.20845524966716766
vn 0.02020375244319439 0.9969200491905212 0.07577750831842422
vn 0 -0 0
vn 0 -0 0
vn 0 -0 0
vn 0 -0 0
vn 0 -0 0
vn -0.889778196811676 0.4416080117225647 -0.11522696912288666
vn 0.18918867409229279 0.9629631638526917 -0.19211889803409576
vn 0.04920363053679466 0.9986976385116577 0.01349390484392643
vn -0.9128207564353943 0.3702774941921234 0.17220018804073334
vn 0.37951380014419556 0.9035394787788391 -0.19896157085895538
vn -0.8237770199775696 0.3988569378852844 0.4028705656528473
vn 0.4777365028858185 -0.8638893365859985 0.15957166254520416
vn -0.4376232922077179 0.6393833160400391 0.6321985125541687
vn 0.3634246587753296 -0.9241421818733215 0.11782921105623245
vn -0.4942983090877533 0.7411195635795593 0.4543248414993286
vn 0.3931153118610382 -0.8931815028190613 0.21837396919727325
vn 0.369507759809494 -0.899886429309845 0.2316644787788391
vn 0 -0 0
vn 0 -0 0
vn 0 -0 0
vn 0 -0 0
vn 0 -0 0
vn 0 -0 0
vn -0.214377298951149 -0.973223090171814 0.08294138312339783
vn 0.4930020868778229 -0.8543218970298767 -0.16456949710845947
vn 0.8990537524223328 -0.3565804064273834 0.2540723979473114
vn 0.6346008777618408 -0.6913661956787109 -0.34539034962654114
vn 0.3799808621406555 -0.7122137546539307 -0.5902254581451416
vn -0.2530009150505066 -0.7094603180885315 -0.6577664017677307
vn -0.7351887822151184 -0.45992401242256165 -0.4979632794857025
vn 0.901793897151947 -0.2407897412776947 -0.3588705360889435
vn 0.29963645339012146 -0.7288070917129517 -0.6156771183013916
vn -0.1419239491224289 -0.43837979435920715 -0.8875138163566589
vn 0.9337689876556396 -0.3243508040904999 -0.15123525261878967
vn 0.9303798079490662 -0.005492350086569786 -0.3665560483932495
vn 0.33477404713630676 -0.9422841668128967 0.0051867058500647545
vn 0.19609317183494568 -0.9797565340995789 0.04030689597129822
vn 0.08338220417499542 -0.9960458278656006 -0.03066204860806465
vn -0.45148757100105286 -0.8921926617622375 0.012300947681069374
vn 0.6564624905586243 0.7485018968582153 0.09381846338510513
vn -0.24911269545555115 0.9684478044509888 -0.007196615915745497
vn 0.9142007231712341 0.39774006605148315 0.07771646231412888
vn -0.2510983645915985 0.9672220349311829 -0.03783131763339043
vn 0.9946010112762451 0.02708575874567032 0.100176140666008
vn -0.20831231772899628 0.9779643416404724 -0.013851441442966461
vn -0.6302374005317688 0.7697132229804993 -0.10169751942157745
vn -0.9290745258331299 0.3112013638019562 0.1999359130859375
vn -0.9691845774650574 0.19692574441432953 -0.14799201488494873
vn -0.9630725383758545 0.23972073197364807 -0.12257785350084305
vn 0.33734679222106934 0.8013675808906555 0.49397096037864685
vn 0.16603901982307434 0.9836986660957336 0.06905116885900497
vn -0.12338079512119293 0.9923574924468994 0.0019663572311401367
vn -0.38165467977523804 0.9231297969818115 0.046595845371484756
vn 0 -0 0
vn -0.4938758909702301 0.8168662190437317 0.29802054166793823
vn -0.7500761151313782 0.6597378253936768 -0.04617133364081383
vn 0.7711203098297119 -0.5936588048934937 0.23009252548217773
vn 0.0400271899998188 0.9983635544776917 -0.04084167256951332
vn -0.5293980836868286 0.8475705981254578 -0.03690291568636894
vn -0.8520195484161377 0.48695439100265503 -0.19219304621219635
vn -0.6158493161201477 0.6608982682228088 -0.42888596653938293
vn 0.19004479050636292 0.8845943808555603 -0.42588236927986145
vn -0.18233004212379456 0.8892852663993835 -0.41943711042404175
vn 0.21637845039367676 0.9561547636985779 -0.19735383987426758
vn 0.16141559183597565 0.9867551326751709 -0.0161068607121706
vn -0.07020559161901474 0.944283127784729 0.32155951857566833
vn -0.6720097064971924 0.7394183874130249 0.040786731988191605
vn -0.804649829864502 0.5604043006896973 0.19617800414562225
vn 0.023955291137099266 0.9864977598190308 0.1620132029056549
vn -0.2861905097961426 0.8893205523490906 0.35665661096572876
vn 0.1313313990831375 0.9653937220573425 0.2253154069185257
vn 0.12907928228378296 0.988150417804718 0.08304993063211441
vn 0.3165934681892395 -0.9373885989189148 0.14515917003154755
vn -0.14820422232151031 0.988398551940918 -0.033223800361156464
vn -0.35002192854881287 0.9365413188934326 0.019365476444363594
vn 0 -0 0
vn 0 -0 0
vn 0 -0 0
vn 0 -0 0
vn 0 -0 0
vn 0 -0 0
vn 0 -0 0
vn 0 -0 0
vn 0.30159124732017517 -0.9523706436157227 0.04508815333247185
vn 0 -0 0
vn 0 -0 0
vn -0.49414384365081787 0.8647923469543457 -0.08919702470302582
vn 0 -0 0
vn -0.6623584032058716 0.7480290532112122 -0.0416409932076931
vn 0.16134119033813477 -0.9800375699996948 -0.11617026478052139
vn 0.22069299221038818 -0.9736471176147461 0.057497788220644
vn -0.2628561854362488 -0.8733031749725342 0.4101807773113251
vn -0.10345170646905899 -0.991320013999939 0.08113236725330353
vn 0.6966516971588135 -0.6646744012832642 -0.26997119188308716
vn -0.6461763381958008 0.1677224189043045 -0.7445302605628967
vn -0.36385202407836914 -0.42234551906585693 -0.8302024006843567
vn 0.8365281224250793 0.06654635816812515 -0.5438678860664368
vn -0.9423384666442871 0.33462968468666077 -0.004615699872374535
vn 0.6401086449623108 -0.7321476936340332 -0.2328534871339798
vn -0.9963592886924744 0.07342392206192017 0.04332568123936653
vn -0.15033964812755585 -0.5371877551078796 -0.8299562335014343
vn 0.6406806111335754 -0.2655779719352722 -0.7204142212867737
vn 0.43902358412742615 -0.2774588465690613 -0.8545612096786499
vn 0.7635228037834167 -0.47810783982276917 -0.43410348892211914
vn -0.9795011281967163 -0.19678230583667755 0.04306206852197647
vn 0.5943679809570312 -0.8041592836380005 0.007389502599835396
vn 0.005068439058959484 -0.9960002899169922 -0.08920716494321823
vn -0.023105183616280556 -0.9981914758682251 -0.055497363209724426
vn 0.3146292269229889 0.9212004542350769 0.22890639305114746
vn -0.06137651205062866 0.9981089234352112 0.003400781424716115
vn 0.8090400099754333 0.5764851570129395 0.11453896760940552
vn 0.9645535945892334 -0.20022355020046234 0.17189233005046844
vn 0.4616028368473053 0.8280102014541626 -0.3183111846446991
vn 0.030557390302419662 0.9993383884429932 0.019725820049643517
vn -0.3952808976173401 0.644509494304657 -0.6544925570487976
vn -0.7449245452880859 0.6000480651855469 -0.29159870743751526
vn -0.8451271653175354 0.3186069428920746 -0.42924320697784424
vn -0.03845161572098732 0.8972228169441223 -0.43990078568458557
vn -0.5337347984313965 0.8449673652648926 0.034021034836769104
vn -0.3408275842666626 0.9025514721870422 0.26313021779060364
vn 0.1517782211303711 0.9859133362770081 0.07027296721935272
vn -0.016823356971144676 0.9947856068611145 -0.10059154033660889
vn 0.41324448585510254 0.8872019052505493 -0.20518720149993896
vn -0.7143921256065369 0.6995916962623596 -0.014676098711788654
vn -0.6045606732368469 0.7273235321044922 0.32481837272644043
vn 0.002848540199920535 0.9979187250137329 -0.06442105770111084
vn -0.5432578921318054 0.8380281925201416 0.050790056586265564
vn 0.42226481437683105 -0.8873755931854248 0.1850866675376892
vn -0.7280319333076477 0.6837854385375977 -0.04906070977449417
vn -0.6809185147285461 0.4405657649040222 0.5850229263305664
vn -0.41417282819747925 -0.8049474358558655 0.4248771071434021
vn -0.36850887537002563 0.9278182983398438 -0.05791712552309036
vn 0.388507604598999 -0.8999535441398621 0.1978522539138794
vn 0.40598493814468384 -0.90485680103302 0.12810327112674713
vn 0 -0 0
vn 0 -0 0
vn 0.2960715591907501 -0.9550091624259949 -0.01729677803814411
vn -0.08305658400058746 -0.9865828156471252 -0.14055603742599487
vn 0.04273136705160141 -0.9965322017669678 0.07139785587787628
vn -0.15987823903560638 -0.986666738986969 -0.030459431931376457
vn 0.624647319316864 -0.6826257109642029 -0.3792598247528076
vn 0.9940676689147949 -0.0948684886097908 0.053193699568510056
vn -0.8651156425476074 0.501410961151123 0.012733339332044125
vn -0.8589228391647339 -0.31203269958496094 -0.40606310963630676
vn 0.6839893460273743 -0.6620858907699585 -0.3062692880630493
vn 0.43482279777526855 -0.5198877453804016 -0.7352862358093262
vn -0.9441994428634644 -0.0003820801211986691 0.329374223947525
vn -0.9924184679985046 0.09306805580854416 0.08027432858943939
vn 0.5035352110862732 -0.7160687446594238 -0.4834231436252594
vn -0.6168684363365173 -0.21398326754570007 -0.7574197053909302
vn 0.6201145648956299 0.30981653928756714 -0.7207438349723816
vn 0.1655527651309967 -0.6886811256408691 -0.7059111595153809
vn 0.2645725905895233 -0.792033314704895 -0.5501677989959717
vn -0.9569460153579712 -0.28900259733200073 -0.02705390565097332
vn 0 -0 0
vn 0 -0 0
vn 0 -0 0
vn 0 -0 0
vn 0.7692224383354187 -0.6389137506484985 0.009282399900257587
vn 0 -0 0
vn 0.35033169388771057 -0.9356383085250854 0.04299747571349144
vn 0.2332131415605545 -0.9666734933853149 0.10561265796422958
vn -0.7010895013809204 -0.7081902623176575 -0.0833074152469635
vn -0.023647721856832504 -0.9898804426193237 -0.1399199366569519
vn -0.3205036520957947 -0.9383452534675598 -0.12955960631370544
vn -0.22845113277435303 0.9735026359558105 -0.010135799646377563
vn 0.4995625913143158 0.8389829993247986 0.21574239432811737
vn -0.34976235032081604 0.9361663460731506 0.03547998145222664
vn -0.54991215467453 0.8327599763870239 0.06408975273370743
vn -0.5582668781280518 0.821783721446991 0.11406001448631287
vn -0.6586839556694031 0.7475942969322205 -0.08507774770259857
vn -0.7606123685836792 0.5216732621192932 -0.38642701506614685
vn -0.0980483815073967 0.9937662482261658 -0.0530591756105423
vn 0.03086649812757969 0.9685245752334595 -0.24699681997299194
vn -0.24792276322841644 0.8829742670059204 -0.3986110985279083
vn -0.34230175614356995 0.9262240529060364 -0.1579194813966751
vn -0.35708945989608765 0.8990179300308228 0.2534836232662201
vn -0.7041728496551514 0.6942856311798096 0.1486879140138626
vn 0.4705158770084381 -0.8398595452308655 0.2706488072872162
vn 0 -0 0
vn 0 -0 0
vn 0.1714985966682434 -0.6859943866729736 0.7071068286895752
vn -1 -0 0
vn -0.9017778038978577 0.4284206032752991 -0.0570320300757885
vn -0.8043544888496399 0.5811764597892761 -0.12348243594169617
vn 0.3696863651275635 -0.8926154375076294 0.25801098346710205
vn 0.4776385724544525 0.6117481589317322 -0.6305755972862244
vn -0.6594444513320923 0.7130615711212158 -0.2380675971508026
vn 0.771225094795227 0.5974665284156799 0.21964898705482483
vn 0.023592187091708183 0.9986989498138428 0.045208729803562164
vn -0.9101314544677734 -0.3905744254589081 0.13824763894081116
vn 0.3326495289802551 -0.9046683311462402 0.2663072347640991
vn 0.3235352337360382 -0.9461714625358582 0.009194263257086277
vn -0.026217062026262283 -0.9980425238609314 -0.05677834153175354
vn 0.3750179708003998 -0.8455291986465454 -0.38005518913269043
vn -0.9827015399932861 0.1540612429380417 -0.10277565568685532
vn 0.43986284732818604 -0.8970879912376404 -0.04187926650047302
vn 0.5925998091697693 -0.805495023727417 -0.001830577035434544
vn 0 -0 0
vn 0.44930869340896606 -0.8895254135131836 0.08286361396312714
vn 0.19322055578231812 -0.9728935956954956 0.1270587146282196
vn 0.15616030991077423 -0.9876754879951477 0.010542185045778751
vn 0.14354999363422394 -0.9845650792121887 -0.10012510418891907
vn -0.05509062856435776 -0.9759339690208435 -0.21099303662776947
vn 0.07265099883079529 0.9931144118309021 0.09190002083778381
vn 0.6520101428031921 0.726443886756897 0.21716824173927307
vn -0.23474234342575073 0.9718357920646667 -0.02076668292284012
vn -0.22627440094947815 0.9736892580986023 -0.02700263261795044
vn -0.2739516794681549 0.9610912203788757 -0.03541361540555954
vn 0.9234008193016052 0.3055333197116852 0.2323370724916458
vn -0.5890526175498962 0.8073112964630127 0.03557385131716728
vn -0.39484426379203796 0.9163764715194702 0.06597130000591278
vn -0.46358922123908997 0.8828305602073669 0.07546760141849518
vn 0.8844362497329712 -0.31946244835853577 0.3401709198951721
vn -0.2702418565750122 0.9614349603652954 -0.05110957473516464
vn 0.7871333956718445 -0.4903225004673004 0.3741723299026489
vn -0.6375797986984253 0.7603593468666077 0.12387840449810028
vn 0.6995231509208679 -0.6364182829856873 0.3250219225883484
vn 0.5784634947776794 -0.7626425623893738 0.28940701484680176
vn -0.5885976552963257 0.7481660842895508 -0.3062683343887329
vn -0.6140358448028564 0.7820873260498047 0.10629840940237045
vn -0.815318763256073 0.46311643719673157 -0.34753209352493286
vn -0.04366935417056084 0.9067459106445312 -0.4194103181362152
vn -0.09377878904342651 0.9903050661087036 -0.10247690975666046
vn -0.5549183487892151 0.6495692729949951 0.5197358727455139
vn -0.2478356510400772 0.9661386609077454 -0.07178860902786255
vn -0.43500685691833496 0.8919920921325684 -0.12295985221862793
vn 0.5474041700363159 0.8359552025794983 -0.039085060358047485
vn -0.040860336273908615 0.9976167678833008 -0.05559912323951721
vn 0.18839509785175323 0.9738477468490601 -0.12699560821056366
vn -0.36514535546302795 0.9191216826438904 0.1479330211877823
vn 1 0 0
vn -1 -0 0
vn 0 -0 0
vn -0.775467038154602 0.6298129558563232 -0.04457104206085205
vn -0.5885835289955139 0.7601639032363892 -0.27517327666282654
vn 0.14370213449001312 0.9886417388916016 0.044015124440193176
vn -0.11787356436252594 -0.9612654447555542 0.24914781749248505
vn -0.3537277579307556 0.9183304905891418 -0.17761142551898956
vn -0.2159302979707718 0.9754383563995361 0.04352238029241562
vn 0.35222119092941284 -0.8993058204650879 0.25920888781547546
vn -0.40146929025650024 0.9157101511955261 -0.01724390685558319
vn 0.5272901058197021 -0.8285238742828369 0.18844999372959137
vn -0.5699726343154907 0.8215633034706116 -0.012847142294049263
vn -0.781609833240509 0.6224815845489502 0.04003467783331871
vn 0.2585428059101105 -0.9538081884384155 -0.15298894047737122
vn 0.10331188142299652 -0.9843018651008606 -0.14309613406658173
vn -0.050112102180719376 -0.9759781360626221 -0.21202711760997772
vn 0.15000538527965546 -0.9112821221351624 -0.38348835706710815
vn -0.9411903619766235 0.32927507162094116 0.07575435936450958
vn 0.5685275793075562 -0.8107748627662659 -0.13935744762420654
vn 0.21059362590312958 -0.9721748232841492 0.10259892046451569
vn 0.8842876553535461 -0.45170098543167114 0.11832857877016068
vn 0.6835752725601196 -0.704338014125824 0.19139720499515533
vn -0.2297055721282959 -0.9293454885482788 -0.2890542447566986
vn -0.5065755248069763 -0.8307784795761108 -0.2306261509656906
vn 0.05786101147532463 -0.9617327451705933 -0.2678101658821106
vn 0.2449425607919693 0.9338903427124023 0.26048436760902405
vn 0.41967281699180603 0.8397930264472961 0.3444161117076874
vn -0.2576102912425995 0.9655615091323853 -0.03644058108329773
vn 0.9473035931587219 -0.07260362058877945 0.31200116872787476
vn -0.6681262254714966 0.7440128922462463 0.007233771961182356
vn -0.27284693717956543 0.9552577137947083 0.11418122798204422
vn -0.40922248363494873 0.8947403430938721 0.17882035672664642
vn 0.09321658313274384 0.9760288000106812 -0.1966685950756073
vn -0.39365842938423157 0.8983333706855774 -0.19501373171806335
vn -0.42103269696235657 0.9005051255226135 -0.10872910171747208
vn -0.6013323068618774 0.7031896710395813 -0.3793729841709137
vn -0.10949138551950455 -0.944999635219574 0.3082001805305481
vn -0.9934452772140503 0.06792275607585907 -0.0919402539730072
vn 0.32638058066368103 -0.9094499349594116 0.25763657689094543
vn 0.4890768826007843 -0.8427542448043823 0.22487576305866241
vn 0.341305673122406 -0.9337262511253357 -0.10800841450691223
vn 0.01070418581366539 -0.9711107611656189 -0.2383890151977539
vn 0.035423923283815384 -0.9375882744789124 -0.34593847393989563
vn 0.5792607069015503 -0.7091861963272095 -0.4018856883049011
vn 0.5116548538208008 -0.8266483545303345 -0.2342262715101242
vn 0.3338986039161682 -0.9425951838493347 -0.0051090591587126255
vn 0.3779042959213257 -0.8987176418304443 0.22247448563575745
vn -0.7664909958839417 -0.6302008032798767 0.12384920567274094
vn -0.5656482577323914 -0.5789071917533875 0.5872891545295715
vn -0.996218740940094 -0.04508443549275398 0.07426781952381134
vn -0.05778167396783829 -0.9866787195205688 0.15207383036613464
vn -0.9177998900413513 -0.39459359645843506 -0.04403727874159813
vn 0 -0 0
vn 0 -0 0
vn 0.3756374716758728 -0.6553230285644531 -0.6553230285644531
vn -0.3756374716758728 0.6553230285644531 0.6553230285644531
vn 0.7793357968330383 -0.622400164604187 0.07248276472091675
vn 0.6221492290496826 -0.7709767818450928 0.13610756397247314
vn 0.18764559924602509 -0.9636980891227722 0.1899346262216568
vn -0.7062323093414307 -0.6920402646064758 -0.1493861824274063
vn 0.2561303675174713 -0.9620941877365112 0.09365925937891006
vn -0.04565415158867836 -0.9389523863792419 -0.34100452065467834
vn 0.19654862582683563 0.9697016477584839 0.14507746696472168
vn -0.04700521007180214 0.9969677925109863 0.062014710158109665
vn 0.31018510460853577 0.8649152517318726 0.3945970833301544
vn 0.3497712314128876 0.859976053237915 0.3716199994087219
vn -0.280180960893631 0.9599463939666748 -0.001256765448488295
vn 0.5549951195716858 0.7572755217552185 0.34425899386405945
vn 0.7518561482429504 0.574883222579956 0.322833776473999
vn -0.5935679078102112 0.8047688603401184 0.0049270885065197945
vn -0.38103580474853516 0.9239688515663147 -0.033064525574445724
vn -0.5263983011245728 0.8436042666435242 0.10600347816944122
vn -0.8045083284378052 0.5123013257980347 0.3005222976207733
vn -0.2672314941883087 0.9556378126144409 0.12386981397867203
vn 0.18011632561683655 0.9073382019996643 0.379862517118454
vn -0.10127526521682739 0.9811537861824036 -0.16456183791160583
vn -0.6447277665138245 0.7318950295448303 -0.22058048844337463
vn -0.4662395417690277 0.8619942665100098 -0.19896367192268372
vn 0.08234972506761551 0.9876790046691895 -0.13307441771030426
vn -0.3949011266231537 -0.886099636554718 0.2426532506942749
vn -0.18861190974712372 0.8829013109207153 -0.4300127625465393
vn -0.33977437019348145 0.9397334456443787 0.03813872113823891
vn -0.42239707708358765 0.7630929946899414 -0.4891521632671356
vn 0.4760936498641968 -0.8753690719604492 0.08404717594385147
vn -0.6547055840492249 0.7536835074424744 0.057635512202978134
vn 0.4409492313861847 -0.8974428772926331 -0.012655011378228664
vn -0.8985185027122498 0.42991381883621216 0.08853577077388763
vn 0.17222633957862854 -0.9571487307548523 -0.23281842470169067
vn 0.06901311874389648 -0.9404852390289307 -0.33275333046913147
vn 0.40545040369033813 -0.8179730176925659 -0.4080809950828552
vn 0.15406587719917297 -0.9163357019424438 -0.3695843517780304
vn -0.9751039147377014 0.1978043168783188 0.10022906213998795
vn 0.4781935513019562 -0.8441724181175232 -0.24228887259960175
vn 0.026005467399954796 -0.9351803064346313 0.35321611166000366
vn 0.1879941076040268 -0.9599749445915222 0.20762069523334503
vn 0.1884528398513794 -0.7968904376029968 0.5739784836769104
vn 0.8239514827728271 -0.5525345802307129 0.1257362812757492
vn 0 -0 0
vn 0 -0 0
vn 0 -0 0
vn 0 -0 0
vn 0.7706326246261597 -0.6308375000953674 0.09038525819778442
vn -0.9653534293174744 -0.2568306028842926 0.04616211727261543
vn 0 -0 0
vn 0.9036437273025513 -0.4087824523448944 0.12776926159858704
vn 0.3783169984817505 -0.8116873502731323 0.4450167119503021
vn 0 -0 0
vn 0.23589058220386505 -0.9270039796829224 -0.29158079624176025
vn 0.02105080708861351 -0.8748652935028076 -0.48390868306159973
vn 0.11793757975101471 -0.8945471048355103 -0.4311336576938629
vn -0.2594168186187744 -0.8412508368492126 -0.47434163093566895
vn -0.21294847130775452 0.9762486815452576 0.0398944616317749
vn 0.3593795895576477 0.8634981513023376 0.35386064648628235
vn -0.41070878505706787 0.9116828441619873 0.012360972352325916
vn 0.8149706721305847 -0.38738828897476196 0.4309908151626587
vn 0.8835749626159668 -0.049167193472385406 0.46570146083831787
vn -0.4528485834598541 0.8865105509757996 -0.09501176327466965
vn -0.34418538212776184 0.9388863444328308 0.005373413674533367
vn -0.3587889075279236 0.9235248565673828 0.13554494082927704
vn 0.6850483417510986 -0.6225917339324951 0.37827011942863464
vn -0.19872748851776123 0.6110767722129822 0.7662197351455688
vn 0.07915578037500381 0.9968587160110474 -0.002660249825567007
vn -0.7819564342498779 0.6209695339202881 0.05423182249069214
vn 0.13766497373580933 0.989641547203064 0.04071830213069916
vn 0.05989246815443039 0.9836494326591492 -0.16984312236309052
vn -0.2924063205718994 0.9286758303642273 -0.22816607356071472
vn -0.7910338044166565 0.6106652021408081 -0.03679124638438225
vn 0.31817495822906494 -0.8901656866073608 0.32614371180534363
vn 0.35794004797935486 -0.8671842813491821 0.3462231457233429
vn 0.3776278793811798 -0.879436194896698 0.289808988571167
vn 0.4469149708747864 -0.870986819267273 0.2040807604789734
vn -0.5029433965682983 0.8639295101165771 0.02595660835504532
vn 0.3916880190372467 -0.9154649376869202 -0.09222035855054855
vn 0.27452799677848816 -0.9551320672035217 -0.11116297543048859
vn -0.9418535828590393 0.32085680961608887 0.09981390833854675
vn -0.9904694557189941 0.06973438709974289 0.11877468228340149
vn 0.28557077050209045 -0.9576343297958374 -0.03722739592194557
vn -0.1038479432463646 -0.8914479613304138 0.4410625994205475
vn -0.29647770524024963 -0.9270856380462646 -0.22937585413455963
vn -0.757793664932251 -0.3288328945636749 0.563575804233551
vn -0.051509372889995575 -0.9984875917434692 -0.01921931281685829
vn 0.21603190898895264 -0.9542262554168701 -0.20683929324150085
vn 0.9657877683639526 -0.23264124989509583 0.11459574103355408
vn -0.008977441117167473 -0.9966519474983215 0.08126702904701233
vn 0.5148677229881287 -0.8501378893852234 0.11034902930259705
vn 0 -0 0
vn -0.989584743976593 -0.09149348735809326 0.11113503575325012
vn 0.10912184417247772 -0.9936419129371643 -0.027717702090740204
vn -0.2526707947254181 -0.9568365216255188 0.14360156655311584
vn 0.003855416551232338 -0.8432468771934509 -0.5375127196311951
vn 0.6254794001579285 -0.7759857773780823 0.08137351274490356
vn 0.2611209750175476 -0.9577311277389526 0.12069346010684967
vn 0 -0 0
vn 0 -0 0
vn 0 -0 0
vn 0 -0 0
vn 0.20639321208000183 -0.9497928619384766 0.2351498156785965
vn 0 -0 0
vn 0.07431674003601074 -0.9237632155418396 0.3756842017173767
vn 0.2867526412010193 -0.9318397045135498 0.22236843407154083
vn 0.26964086294174194 -0.9587976932525635 -0.08944742381572723
vn -0.6486192345619202 -0.6882372498512268 -0.32499632239341736
vn -0.7132130265235901 -0.6838276386260986 -0.1539706289768219
vn -0.06676148623228073 -0.7275564670562744 -0.6827917098999023
vn 0.4721328020095825 0.8567255735397339 0.20763419568538666
vn 0.41361576318740845 0.8931872248649597 0.1764613687992096
vn 0.3011225163936615 0.8871346712112427 0.3497388958930969
vn 0.5379104018211365 0.7480623126029968 0.388658344745636
vn 0.8367918133735657 0.35967305302619934 0.412813276052475
vn -0.50410395860672 0.8626906871795654 -0.040544427931308746
vn -0.3473271131515503 0.9365129470825195 0.04803646355867386
vn -0.7231996655464172 0.6817286014556885 0.11058200150728226
vn 0.5226795077323914 -0.7771643400192261 0.35045942664146423
vn 0.3995899260044098 -0.8487555384635925 0.3463265001773834
vn -0.3120119869709015 0.9321102499961853 -0.1838996261358261
vn 0 -0 0
vn 1 0 0
vn 0 -0 0
vn -1 -0 0
vn -0.41221383213996887 0.8894044756889343 -0.197584331035614
vn 0 -0 0
vn -0.2069769650697708 0.9766120314598083 0.05821901932358742
vn 0.5768935680389404 -0.7977119088172913 0.1756405085325241
vn 0.6098939776420593 -0.780713677406311 0.13607200980186462
vn -0.768986165523529 0.6348845362663269 0.07471226900815964
vn 0.1049821600317955 -0.9634233713150024 -0.24656474590301514
vn 0.2812906503677368 -0.935509443283081 -0.21377032995224
vn 0.33449041843414307 -0.9409636855125427 -0.051996052265167236
vn 0.7691256403923035 -0.5075717568397522 -0.3883512616157532
vn -0.008814694359898567 -0.9999079704284668 0.01031129714101553
vn 0.7428814768791199 -0.6685469150543213 0.034237395972013474
vn -0.20902566611766815 -0.8967221975326538 0.3901250958442688
vn 0.74378502368927 -0.6599177122116089 0.1062660813331604
vn 0.6721814870834351 -0.7246893048286438 -0.15164943039417267
vn 0.9969660639762878 -0.04048864170908928 0.0664786547422409
vn 0 -0 0
vn 0.36413711309432983 -0.9272628426551819 0.08710814267396927
vn -0.8685141801834106 -0.48176562786102295 -0.1165551170706749
vn 0.17374445497989655 -0.7991371154785156 -0.5754934549331665
vn 0.3798696994781494 -0.8267375230789185 -0.41497495770454407
vn -0.5429438352584839 -0.6157441139221191 -0.5710264444351196
vn 0.08648145198822021 0.9962021708488464 0.010114691220223904
vn 0.23892882466316223 0.9701134562492371 0.042342428117990494
vn 0.36513474583625793 0.9073023796081543 0.20851653814315796
vn -0.223855659365654 0.9735878705978394 -0.04489249736070633
vn -0.2949608564376831 0.955054521560669 -0.029477452859282494
vn -0.38925155997276306 0.9049150347709656 -0.17208151519298553
vn 0.7601256966590881 -0.46810269355773926 0.4506537914276123
vn -0.38128283619880676 0.9142420887947083 -0.1370575726032257
vn -0.387818306684494 0.9212108254432678 -0.031106868758797646
vn -0.6391254663467407 0.7663731575012207 -0.0647369921207428
vn 0.13453233242034912 0.9678879380226135 -0.21235382556915283
vn 0.08724866807460785 0.9859883785247803 -0.1421780288219452
vn -0.11267700791358948 0.9884319305419922 -0.10152052342891693
vn -0.3808179795742035 0.921342670917511 -0.07813723385334015
vn 0.39938122034072876 -0.8639668226242065 0.30668556690216064
vn 0 -0 0
vn -0.5944867730140686 0.7935771346092224 -0.12969523668289185
vn -0.6107847690582275 -0.6879371404647827 0.39202600717544556
vn -0.13647064566612244 0.9429609179496765 -0.3036452531814575
vn -0.2708987593650818 0.9513368606567383 -0.1468743085861206
vn -0.34348106384277344 0.9391550421714783 0.0029290628153830767
vn -0.44385161995887756 0.8959802985191345 0.014666775241494179
vn -0.6035038828849792 0.7955542206764221 0.053633660078048706
vn 0.46110668778419495 -0.8836437463760376 0.08095906674861908
vn 0.11021798849105835 -0.9791829586029053 -0.1704488843679428
vn -0.974737286567688 0.1946154087781906 0.10959996283054352
vn 0.3904772102832794 -0.9115787744522095 -0.1286536157131195
vn 0.560026228427887 -0.7884531617164612 0.25438594818115234
vn 0.5435511469841003 -0.8377115726470947 0.05283323675394058
vn 0.3224089741706848 -0.935944139957428 -0.141636922955513
vn 0.7690674066543579 -0.5894875526428223 -0.24706220626831055
vn -0.21090717613697052 -0.9265329837799072 0.3115362226963043
vn 0.4757181406021118 -0.8138567805290222 0.33366069197654724
vn 0.5367165207862854 -0.8314959406852722 0.1433524340391159
vn 0.36823850870132446 -0.9293997287750244 -0.02483048290014267
vn -0.9620519876480103 -0.27239060401916504 -0.016104411333799362
vn 0.4639880061149597 -0.8614901304244995 -0.20627626776695251
vn -0.8094592094421387 -0.4324730634689331 -0.3971686363220215
vn 0.36887118220329285 -0.8571032285690308 -0.35959455370903015
vn 0.19390961527824402 -0.7607923746109009 -0.6193496584892273
vn -0.10747761279344559 -0.83377605676651 -0.5415405035018921
vn -0.5133016705513 -0.6682791113853455 -0.5384463667869568
vn 0.2925400137901306 -0.9242029786109924 -0.2454979121685028
vn -0.1669323742389679 0.985114574432373 0.041024524718523026
vn 0.46772342920303345 0.8829329609870911 0.04079538211226463
vn -0.2147751897573471 0.9758426547050476 -0.04003414884209633
vn 0.460824579000473 0.8500226736068726 0.25515130162239075
vn 0.7689468264579773 0.42649340629577637 0.476260781288147
vn -0.3738839328289032 0.9214325547218323 -0.10570205003023148
vn 0.621708333492279 -0.6168276071548462 0.4827033579349518
vn -0.6341915726661682 0.7221492528915405 -0.27622750401496887
vn 0.4836864769458771 -0.7478957176208496 0.454642117023468
vn -0.5291514992713928 0.8380961418151855 -0.13264049589633942
vn -0.29297345876693726 0.9498950242996216 -0.10893120616674423
vn -0.2997622489929199 0.953528642654419 -0.03042709268629551
vn 0.47989094257354736 -0.8368085026741028 0.2635456621646881
vn 0.5368090271949768 -0.8170068264007568 0.2105606198310852
vn -0.3247150480747223 0.9457834362983704 -0.007335187867283821
vn 0.47477036714553833 -0.8779364228248596 0.0618131197988987
vn 0.357395201921463 -0.928276002407074 0.10282190144062042
vn 0.20171546936035156 -0.9778015613555908 -0.056701406836509705
vn 0.17058229446411133 -0.9851623177528381 -0.018891245126724243
vn 0.011542944237589836 -0.9977689385414124 -0.0657566487789154
vn 0.18541879951953888 -0.9762306809425354 0.112220898270607
vn 0.19348600506782532 -0.980869710445404 -0.0213985126465559
vn 0.8273193836212158 -0.5492948293685913 0.1175493597984314
vn 0.8439713716506958 -0.5353251099586487 0.03375718370079994
vn 0.7804030776023865 0.3620755672454834 -0.5097768306732178
vn -0.30287623405456543 -0.9455467462539673 -0.11919493228197098
vn -0.1501043289899826 -0.8851219415664673 0.4404858946800232
vn -0.9758421182632446 -0.1962723731994629 0.09596557170152664
vn 0.4892425239086151 -0.8693923354148865 0.0692734569311142
vn 0.504589855670929 -0.8601964116096497 -0.07383205741643906
vn -0.9549279808998108 -0.13070166110992432 -0.26651397347450256
vn 0.46346089243888855 -0.8854002356529236 -0.035643238574266434
vn -0.8190264701843262 -0.18201850354671478 -0.5441184639930725
vn 0.3453931510448456 -0.9384101629257202 0.009482717141509056
vn 0.323569118976593 -0.9455392956733704 -0.0354740209877491
vn 0.027622615918517113 -0.971961259841919 -0.23351293802261353
vn 0.7331801652908325 0.5646499991416931 0.3789688050746918
vn 0.8412631154060364 -0.32117828726768494 0.4348803162574768
vn -0.4059061110019684 0.9138888120651245 0.0068934643641114235
vn 0.7154130935668945 -0.4996761083602905 0.4883727431297302
vn -0.37250563502311707 0.909574031829834 -0.18415948748588562
vn -0.4683578908443451 0.8493700623512268 -0.24333390593528748
vn -0.20271235704421997 0.8804479241371155 -0.4286247193813324
vn -0.04525061324238777 0.9371049404144287 -0.3461022675037384
vn 0.3683615028858185 -0.8787118196487427 0.3036039471626282
vn -0.3547336161136627 0.9308024048805237 -0.08815360814332962
vn -0.6879876255989075 0.7213683724403381 0.07937778532505035
vn 0.5266587734222412 -0.8432249426841736 0.10771413147449493
vn 0.36254650354385376 -0.9238724112510681 0.12255509197711945
vn 0.22712692618370056 -0.9716217517852783 0.06606517732143402
vn -0.33804866671562195 -0.9407359957695007 0.027183352038264275
vn 0.6072707772254944 -0.7632970213890076 0.22045409679412842
vn -0.9940800666809082 0.05942467972636223 0.0909590795636177
vn -0.07379990816116333 -0.9911538362503052 -0.11030727624893188
vn 0.6314201951026917 -0.6890385150909424 0.35571688413619995
vn 0.9283402562141418 -0.3423042297363281 0.14495594799518585
vn 0.842241644859314 -0.45608484745025635 -0.2874293625354767
vn -0.5866066813468933 -0.8056878447532654 -0.0822182223200798
vn 0.09482770413160324 -0.9948887228965759 0.03470062091946602
vn 0.5779234170913696 -0.8119856119155884 -0.08175578713417053
vn 0.39320963621139526 -0.906686544418335 0.15266196429729462
vn 0.260808527469635 -0.9617358446121216 0.08392380177974701
vn 0.0016266786260530353 -0.9896600842475891 -0.14342384040355682
vn -0.9906437397003174 -0.09480442851781845 -0.09816895425319672
vn 0.3176864981651306 -0.9425248503684998 0.10354825854301453
vn -0.7802873253822327 0.1661854088306427 -0.6029379963874817
vn 0.22046875953674316 -0.9727743864059448 -0.07143941521644592
vn 0.05437595024704933 -0.9256266951560974 -0.37451112270355225
vn -0.26169487833976746 -0.5373789072036743 -0.8017105460166931
vn -0.4639863073825836 -0.10178917646408081 -0.8799748420715332
vn 0.43109259009361267 -0.8064349889755249 -0.40474915504455566
vn 0.351197212934494 -0.886735200881958 -0.30060166120529175
vn 0.5619969367980957 0.817772626876831 0.12412702292203903
vn -0.37014687061309814 0.92894047498703 0.007809527218341827
vn 0.8748160600662231 0.10793562978506088 0.47227829694747925
vn -0.3614483177661896 0.9127352237701416 -0.19044579565525055
vn 0.5951966047286987 -0.5274127125740051 0.6062812209129333
vn -0.3675202429294586 0.8569530844688416 -0.36133140325546265
vn 0.5236004590988159 -0.6249778866767883 0.579003632068634
vn -0.15545758605003357 0.9563437700271606 -0.24746643006801605
vn -0.06801602989435196 0.9910074472427368 -0.11523038148880005
vn -0.36060449481010437 0.9304996728897095 -0.06430279463529587
vn -0.41160905361175537 0.906241238117218 -0.09646168351173401
vn -0.8770902752876282 0.4748345911502838 0.07242065668106079
vn 0.3716674745082855 -0.9199280142784119 0.12488257139921188
vn 0.3669254183769226 -0.9223926067352295 0.1206551045179367
vn 0.26484549045562744 -0.9642781019210815 0.004956667311489582
vn -0.08338700979948044 -0.953192412853241 0.29063865542411804
vn -0.9933502674102783 -0.07738640904426575 0.08524417877197266
vn 0 -0 0
vn 0 -0 0
vn 0 -0 0
vn 0 -0 0
vn 0 -0 0
vn 0.8386303782463074 -0.5443326830863953 0.02002483233809471
vn 0.049999985843896866 -0.9927855730056763 -0.10898121446371078
vn -0.4345283508300781 -0.8875238299369812 -0.1532531976699829
vn -0.9937363266944885 -0.10948023945093155 0.022410163655877113
vn -0.9661818146705627 0.09953223168849945 -0.23787817358970642
vn 0.49408695101737976 -0.8674612045288086 0.05821657553315163
vn -0.9162063598632812 0.20294708013534546 -0.3455117344856262
vn 0.3913521468639374 -0.9137991666793823 0.10869473963975906
vn -0.8280725479125977 0.4074156880378723 -0.38510823249816895
vn 0.3940538167953491 -0.9185099601745605 0.03257456049323082
vn 0.35171568393707275 -0.934283971786499 -0.05839276313781738
vn 0.35167044401168823 0.9361231923103333 0.0011344552040100098
vn 0.5144799947738647 0.84690922498703 0.134369358420372
vn 0.2716720402240753 0.9552384614944458 -0.11710616201162338
vn 0.9069963097572327 0.03032335638999939 0.4200454354286194
vn -0.3503209054470062 0.9364417791366577 -0.018763992935419083
vn 0.6031673550605774 -0.5339575409889221 0.5925188660621643
vn 0.6187713742256165 -0.6192050576210022 0.4834325909614563
vn -0.34113988280296326 0.9341174364089966 -0.10511043667793274
vn -0.2621249556541443 0.9563687443733215 -0.12903234362602234
vn -0.2520785331726074 0.9664511680603027 -0.0492800809442997
vn 0.4965895116329193 -0.7709484100341797 0.39879491925239563
vn 0.5141704082489014 -0.8307995796203613 0.21307498216629028
vn 0.6748119592666626 -0.7191518545150757 0.1656789928674698
vn 0.42100468277931213 -0.9009191393852234 0.10535606741905212
vn -0.9589423537254333 0.27448129653930664 0.07134125381708145
vn 0.3356357216835022 -0.9366937875747681 0.09976676851511002
vn 0.18168120086193085 -0.9822680354118347 0.04627659171819687
vn 0.20633037388324738 -0.9784440398216248 0.00866970606148243
vn 0.34223052859306335 -0.9394426941871643 0.018050022423267365
vn -0.6459685564041138 -0.7632704973220825 0.011950031854212284
vn 0.7024824023246765 -0.692147433757782 0.1656818836927414
vn 0.23268376290798187 -0.9237816333770752 0.3041147291660309
vn 0.9335291385650635 -0.34525641798973083 0.09654758125543594
vn 0 -0 0
vn 0 -0 0
vn 0 -0 0
vn 0 -0 0
vn 0.08251439779996872 -0.9924188852310181 0.09108321368694305
vn 0.36119601130485535 -0.9079705476760864 0.2124311625957489
vn 0.2968662679195404 -0.9138581156730652 0.27700865268707275
vn 0.3831557631492615 -0.8717405796051025 0.30538517236709595
vn 0.49964192509651184 -0.8243261575698853 0.2661658525466919
vn 0.648391842842102 -0.7382339239120483 0.18600745499134064
vn -0.9990378022193909 0.004878268111497164 -0.04358484968543053
vn 0.40760377049446106 -0.9082028865814209 0.095009446144104
vn 0.4084674119949341 -0.9125815629959106 -0.018690643832087517
vn -0.8969895243644714 0.3971811532974243 -0.1940540075302124
vn -0.7821326851844788 -0.6026232838630676 -0.1584729552268982
vn 0 -0 0
vn 0 -0 0
vn 0 -0 0
vn 0 -0 0
vn 0 -0 0
vn 0.18945781886577606 0.9816941022872925 0.019554974511265755
vn -0.15442761778831482 0.9879564642906189 -0.00970850232988596
vn -0.14417998492717743 0.9895422458648682 0.004270617850124836
vn -0.23755380511283875 0.9703817963600159 -0.043901700526475906
vn 0.6845771074295044 0.6775789260864258 0.2687770426273346
vn 0.6615502238273621 0.7307616472244263 0.16834141314029694
vn -0.3213856816291809 0.946923017501831 -0.006944057531654835
vn 0.8146827220916748 0.390186071395874 0.4290069043636322
vn 0.7568354606628418 -0.48597297072410583 0.43707019090652466
vn 0.6290630102157593 -0.598237156867981 0.4963790476322174
vn 0.594326913356781 -0.5963959097862244 0.5395252704620361
vn -0.3993268609046936 0.8836619257926941 -0.2442944496870041
vn 0.54623943567276 -0.6506871581077576 0.5274739265441895
vn 0.45242181420326233 -0.8559949994087219 0.25017422437667847
vn -0.3483958840370178 0.9363619089126587 -0.04297474026679993
vn 0.6140767335891724 -0.7703336477279663 0.17174352705478668
vn 0.6651180982589722 -0.7346004843711853 0.13409000635147095
vn 0.23647622764110565 -0.971465528011322 -0.01827058754861355
vn 0.3384557366371155 -0.9369417428970337 0.08710882067680359
vn -0.18257570266723633 -0.9828342795372009 0.02651326358318329
vn -0.7869733572006226 -0.601898729801178 -0.13561339676380157
vn 0.3506833016872406 -0.9271127581596375 -0.13222406804561615
vn 0.31830334663391113 -0.947978675365448 -0.004409882705658674
vn -0.4001517593860626 -0.9108544588088989 -0.1011078730225563
vn 0.8938973546028137 -0.44294965267181396 -0.06887100636959076
vn 0 -0 1
vn 0.7661845684051514 -0.4544013738632202 0.4544013738632202
vn 0 1 0
vn -0.5773502588272095 0.5773502588272095 0.5773502588272095
vn 0 -0 0
vn -0.5038314461708069 -0.7016463875770569 0.5038314461708069
vn 0.809721827507019 -0.5296366810798645 0.252657026052475
vn -0.3628580868244171 -0.9300270080566406 -0.058170489966869354
vn -0.5249596238136292 -0.8503658175468445 -0.035992130637168884
vn -0.23452270030975342 -0.9714126586914062 0.03683212026953697
vn 0.21777218580245972 -0.9556795954704285 0.1981208622455597
vn 0.3581128716468811 -0.8518229126930237 0.3822996914386749
vn -0.9980173707008362 -0.06101561337709427 0.015442467294633389
vn -0.9875369668006897 0.10523048788309097 -0.11703535914421082
vn 0.7930795550346375 -0.6031354665756226 0.08516165614128113
vn 0.2612490952014923 -0.9618521928787231 0.08117467164993286
vn -0.9144538044929504 0.3228367269039154 -0.2440301775932312
vn 0.4879108667373657 -0.8722773790359497 0.03279167786240578
vn 0.28573930263519287 -0.9575586915016174 0.03787451609969139
vn 0.08174286037683487 -0.9723784327507019 0.21862852573394775
vn 0 -0 0
vn -0.32311779260635376 0.9463380575180054 -0.006262313108891249
vn -0.288915753364563 0.9573543667793274 0.0006017418345436454
vn -0.3089660704135895 0.9465557932853699 -0.09258566051721573
vn -0.34019774198532104 0.9305357933044434 -0.13553130626678467
vn 0.6205675601959229 -0.6298854351043701 0.4670548439025879
vn 0.641909658908844 -0.6499449610710144 0.40684598684310913
vn -0.33087366819381714 0.9432687163352966 -0.027690503746271133
vn -0.37645936012268066 0.9261775016784668 -0.02176220715045929
vn 0.5391951203346252 -0.8209095597267151 0.18808558583259583
vn 0.5918189883232117 -0.7986001372337341 0.1094907894730568
vn -0.3810405135154724 0.923789381980896 -0.037701141089200974
vn 0.4112071394920349 -0.9034517407417297 0.12117642909288406
vn -0.8245561718940735 0.5612459778785706 0.07148575037717819
vn 0.21763546764850616 -0.9745405316352844 0.05390313267707825
vn -0.46488693356513977 -0.8142105340957642 -0.34776607155799866
vn -0.1719217747449875 -0.9792923927307129 -0.1069079339504242
vn 0.7071068286895752 0.7071068286895752 0
vn 0 1 0
vn -0.5392275452613831 -0.31979987025260925 -0.7790774703025818
vn -0 0 -1
vn 0 -0 0
vn 0 -0 0
vn -0 0 -1
vn 0.5038314461708069 -0.7016463875770569 -0.5038314461708069
vn -0 0 -1
vn 0.7767065763473511 -0.5828530788421631 0.23876601457595825
vn 0.6943475008010864 -0.5189483761787415 0.49857211112976074
vn -0.10110579431056976 -0.8605429530143738 0.4992429316043854
vn 0.2425120323896408 -0.5319011807441711 0.8113378286361694
vn 0.3324928283691406 -0.6581380367279053 0.6755019426345825
vn 0.326793909072876 -0.9065036177635193 0.26731443405151367
vn 0.5163464546203613 -0.8326574563980103 0.2001698613166809
vn 0.7166305780410767 -0.667405366897583 0.20251117646694183
vn -0.97744220495224 0.19321087002754211 -0.08530159294605255
vn 0.5180768370628357 -0.8485198616981506 0.10775185376405716
vn 0.24223816394805908 -0.964551568031311 0.1046949177980423
vn 0.5007120370864868 -0.8655269742012024 0.01227023359388113
vn -0.9481586217880249 -0.22176523506641388 0.22763019800186157
vn 0 -0 0
vn 0 -0 0
vn 0 -0 0
vn 0 -0 0
vn 0 -0 0
vn 0.27790960669517517 0.9386985301971436 0.2039887011051178
vn 0.6752186417579651 0.685952365398407 0.2711995542049408
vn 0.7471644282341003 0.47710344195365906 0.4627285599708557
vn 0.7808958292007446 -0.25551119446754456 0.5700138211250305
vn 0.615818202495575 -0.6080425381660461 0.5010512471199036
vn 0.7207891941070557 -0.6017587780952454 0.3440193831920624
vn -0.286805123090744 0.9577586650848389 -0.021006137132644653
vn 0.7005761861801147 -0.654518187046051 0.28425151109695435
vn 0.5902917981147766 -0.7517499923706055 0.2939857840538025
vn 0.37520831823349 -0.9233410954475403 0.08160927146673203
vn 0.2362154722213745 -0.970134973526001 0.055139657109975815
vn -0.9929056763648987 0.1164601668715477 0.02398819662630558
vn -0.3144323527812958 -0.9262716770172119 -0.20773330330848694
vn -0.9990757703781128 -0.031287387013435364 0.02947567217051983
vn 0.5523859262466431 -0.8298969268798828 -0.07836422324180603
vn 0.49906355142593384 -0.8639114499092102 -0.06776914745569229
vn -0 0 -1
vn 0.9925075769424438 -0.12218333780765533 0
vn 0 -1 0
vn -0.24253563582897186 -0 0.9701425433158875
vn 0 -0 0
vn 0 -0 0
vn 0 -0 0
vn 0 -0 0
vn 0.8037981390953064 -0.5927438139915466 0.05063004791736603
vn 0 0.7071068286895752 0.7071068286895752
vn 0 -0 0
vn 0.792714536190033 -0.5665435194969177 0.22501599788665771
vn 0.746453046798706 -0.659549355506897 -0.08833187073469162
vn 0.3220532536506653 -0.9217188358306885 0.2161390632390976
vn 0.03857036307454109 -0.9645688533782959 0.26099660992622375
vn 0.29927533864974976 -0.8269380927085876 0.47603335976600647
vn 0.11043564975261688 -0.8299120664596558 0.5468544363975525
vn -0.30912816524505615 -0.843735933303833 0.43880465626716614
vn -0.30670395493507385 -0.8803966045379639 0.36171063780784607
vn 0.2599531412124634 -0.9281139969825745 0.26651227474212646
vn 0.27131837606430054 -0.935553252696991 0.22611184418201447
vn 0.761728048324585 -0.647061288356781 0.032895270735025406
vn 0.28809887170791626 -0.9469087719917297 0.14269821345806122
vn -0.9841148257255554 -0.0931624174118042 0.15112508833408356
vn -0.08663594722747803 -0.974961519241333 0.2048032432794571
vn 0 -0 0
vn 0.46096327900886536 0.8313957452774048 0.3103128969669342
vn 0.6467376947402954 0.6635966300964355 0.3759920597076416
vn -0.23740625381469727 0.9713883996009827 0.006547785364091396
vn 0.7861661911010742 0.1551552265882492 0.5982221364974976
vn -0.35528895258903503 0.9347561001777649 -0.0009083777549676597
vn -0.32522788643836975 0.9445593953132629 0.04510486498475075
vn 0.6782259345054626 -0.60331791639328 0.4195438623428345
vn 0.6360278129577637 -0.763076901435852 0.11481455713510513
vn -0.42031213641166687 0.9072899222373962 0.012757625430822372
vn -0.3577190041542053 0.9335029125213623 -0.02468884550035
vn 0.6670093536376953 -0.7382156848907471 0.10067832469940186
vn -0.7404882907867432 0.6662124991416931 0.08853328227996826
vn 0.3240237236022949 -0.9441470503807068 0.05995901674032211
vn -0.9665855765342712 0.24803899228572845 0.06472248584032059
vn 0.6014006733894348 -0.79433274269104 0.08574850857257843
vn -0.329868346452713 -0.9174249768257141 -0.22252704203128815
vn 0 -0.030761858448386192 0.9995267391204834
vn 0 -0 0
vn 0.8477082252502441 -0.5274004340171814 0.05691855773329735
vn 0.7124996185302734 -0.6908548474311829 -0.12273529917001724
vn 0.7819831967353821 -0.5919917225837708 -0.19505947828292847
vn 0.307420015335083 -0.8199900984764099 0.4828137159347534
vn -0.2740098834037781 -0.6846526265144348 0.6754031777381897
vn -0.19711773097515106 -0.8192400336265564 0.5385076403617859
vn 0.33352652192115784 -0.9301573634147644 0.1535167694091797
vn 0.2860548794269562 -0.9570644497871399 0.046906907111406326
vn -0.05628448724746704 -0.8496814966201782 0.524283766746521
vn -0.6253189444541931 -0.7356749176979065 0.2603050768375397
vn -0.9990774393081665 0.03857291489839554 -0.018878906965255737
vn -0.985990047454834 0.1600312739610672 -0.04704871401190758
vn 0.8006541132926941 -0.5991200804710388 -0.002864277921617031
vn 0.4346885085105896 -0.8977968096733093 0.07075858116149902
vn 0.24368618428707123 -0.966698408126831 0.07817443460226059
vn 0.5235315561294556 -0.8493252992630005 0.06753760576248169
vn -0.9990866780281067 -0.021510502323508263 0.03691979870200157
vn -0.9516475200653076 -0.2584966719150543 0.16597141325473785
vn 0.36871981620788574 -0.9283995032310486 0.0460442379117012
vn -0.704296350479126 -0.6352323293685913 0.3169332444667816
vn 0.210727259516716 0.9545477032661438 0.21079090237617493
vn -0.034162722527980804 0.9954097270965576 0.08939968794584274
vn 0.7720643281936646 0.38924580812454224 0.5023987293243408
vn 0.7974972724914551 0.0038568866439163685 0.6033102869987488
vn 0.7206251621246338 -0.22469459474086761 0.6559053659439087
vn 0.7077733874320984 -0.4604724049568176 0.535744309425354
vn -0.3578372597694397 0.932437539100647 0.0501273050904274
vn 0.7990135550498962 -0.5210829973220825 0.3000831604003906
vn -0.296267569065094 0.9551048874855042 0.0004296687548048794
vn -0.3541620969772339 0.9347177743911743 0.02952888421714306
vn 0.7864460945129395 -0.5556912422180176 0.26964765787124634
vn 0.6560486555099487 -0.7544804811477661 0.018956659361720085
vn -0.537839949131012 0.8421655297279358 0.03854227066040039
vn 0.630432665348053 -0.7751054763793945 0.04202635586261749
vn 0.5590935945510864 -0.8239920139312744 0.09193243831396103
vn -0.8776312470436096 0.4652370512485504 0.11540339142084122
vn 0.16036175191402435 -0.9746432304382324 0.15606026351451874
vn 0.2263781875371933 -0.9613460898399353 0.15673768520355225
vn 0.4875771999359131 -0.8544688820838928 0.17930832505226135
vn 0.7354385256767273 -0.6609314680099487 0.14933133125305176
vn -0.5256289839744568 -0.8468585014343262 -0.08090081065893173
vn 0.025609435513615608 -0.9974426627159119 0.06672532111406326
vn 0.6314733028411865 -0.756398618221283 0.17059491574764252
vn 0.1339530348777771 -0.9645900130271912 0.22720633447170258
vn 0 -0 0
vn 0 -0 0
vn 0 -0 0
vn 0 -0 0
vn -0.9982475638389587 -0.054868798702955246 0.022162988781929016
vn 0 -0 0
vn 0.01046768669039011 -0.9954904913902283 0.09428233653306961
vn 0.7988126873970032 -0.5873982310295105 0.1298522800207138
vn 0.28735730051994324 -0.9373629689216614 0.1969173699617386
vn -0.36064812541007996 -0.9200249910354614 0.15325479209423065
vn -0.3939109742641449 -0.8784518837928772 0.27047446370124817
vn 0.2559037506580353 -0.9520514607429504 0.16766411066055298
vn 0.38285428285598755 -0.9188764095306396 0.09533487260341644
vn 0.5961838960647583 -0.8027428984642029 -0.012986820191144943
vn -0.9888699054718018 0.13959111273288727 -0.05148559436202049
vn 0.43946394324302673 -0.8980074524879456 0.02130914106965065
vn 0.09372885525226593 -0.9889571070671082 0.11479885876178741
vn -0.5357638597488403 -0.8050717115402222 0.254591166973114
vn -0.8424168825149536 -0.4746875762939453 0.25496187806129456
vn 0.6576768159866333 0.6259520053863525 0.4191005527973175
vn -0.32264673709869385 0.9450865387916565 0.0520629957318306
vn 0.6569534540176392 -0.7222650051116943 0.2162068486213684
vn -0.2908298373222351 0.9557726979255676 0.04377854987978935
vn -0.28166013956069946 0.958875298500061 0.03501192480325699
vn -0.4231667220592499 0.9048464894294739 0.046720948070287704
vn -0.3106304109096527 0.9502231478691101 -0.024183742702007294
vn -0.671691358089447 0.7331071496009827 0.10669884085655212
vn 0.4574317932128906 -0.8793061375617981 0.1325777918100357
vn 0.17102858424186707 -0.9749249219894409 0.14237484335899353
vn -0.9933284521102905 0.09580540657043457 0.06418684870004654
vn -0.3740764260292053 -0.8579282164573669 0.3521732687950134
vn 0 -0 0
vn 0.03741106390953064 -0.9992982745170593 -0.00184389459900558
vn -0.3928202688694 -0.899009108543396 0.19358445703983307
vn 0.5287885069847107 -0.8487516045570374 0.0018917591078206897
vn 0.5558182001113892 -0.8313034176826477 -0.0008805348770692945
vn -0.8407578468322754 -0.5178195834159851 0.1580796241760254
vn 0.3847929537296295 0.8602981567382812 0.33439719676971436
vn 0.8676294684410095 0.05481702461838722 0.49418044090270996
vn -0.3623236119747162 0.931943416595459 -0.014252521097660065
vn -0.3576222360134125 0.9338409304618835 0.006894123740494251
vn 0.8243726491928101 -0.35879626870155334 0.4378071427345276
vn 0.7760460376739502 -0.5875964164733887 0.22909189760684967
vn -0.4261285364627838 0.9046531915664673 0.0041283811442554
vn 0.328544944524765 -0.9370794892311096 0.11806915700435638
vn 0.20926281809806824 -0.9696143865585327 0.12671661376953125
vn 0.4901989698410034 -0.81235271692276 0.3158925771713257
vn 0.02202337048947811 -0.9557228684425354 0.2934431731700897
vn 0.4304192066192627 -0.8831130862236023 0.18668320775032043
vn 0.7819013595581055 -0.5497600436210632 0.2939290702342987
vn 0.6311745047569275 -0.7137422561645508 0.3036292791366577
vn 0.6333274841308594 -0.6419612169265747 0.43218302726745605
vn 0.26805055141448975 -0.9611098170280457 0.06645950675010681
vn 0.35895204544067383 -0.933078408241272 0.02276315912604332
vn 0.7125871181488037 -0.6994156837463379 -0.055112600326538086
vn 0.7946107983589172 -0.6020517945289612 -0.07827812433242798
vn 0.3340677320957184 -0.9414319396018982 0.04587828367948532
vn 0.6752944588661194 -0.7345188856124878 0.06677909940481186
vn -0.968407392501831 -0.23148506879806519 0.09274639189243317
vn 0.3091689348220825 -0.9496103525161743 0.0515253022313118
vn -0.03576219454407692 -0.9937525391578674 0.10572125762701035
vn -0.172312393784523 -0.9660623073577881 0.19243748486042023
vn 0.5497197508811951 0.7722344994544983 0.3185310959815979
vn -0.1988149881362915 0.9800102114677429 -0.007256160024553537
vn -0.10398988425731659 0.9937884211540222 0.03963172808289528
vn -0.2726781368255615 0.962102472782135 0.0023411971051245928
vn 0.8785973787307739 0.2417508065700531 0.4118534326553345
vn 0.8631077408790588 -0.3815300166606903 0.3308776319026947
vn -0.3221641182899475 0.9465265870094299 0.017255956307053566
vn -0.33362531661987305 0.9417837262153625 0.04168492183089256
vn -0.3761042356491089 0.9228523969650269 0.08300082385540009
vn 0.7392181158065796 -0.653727650642395 0.16185428202152252
vn 0.5577825307846069 -0.8295580148696899 0.02668779157102108
vn -0.7668848633766174 0.6205009818077087 0.16390903294086456
vn 0.3875982165336609 -0.911323070526123 0.13877297937870026
vn -0.9413332343101501 0.3071988523006439 0.1397162526845932
vn 0.3556345999240875 -0.9246077537536621 0.13647189736366272
vn -0.021631546318531036 -0.9361881017684937 0.3508334159851074
vn 0.1276797652244568 -0.9871102571487427 0.0964953601360321
vn 0.1186259463429451 -0.8191264271736145 0.5612128376960754
vn 0.6928983926773071 -0.7115711569786072 0.116440549492836
vn 0.13200147449970245 -0.9497055411338806 0.283963143825531
vn 0.018425635993480682 -0.9990235567092896 0.0401558056473732
vn 0.2564230263233185 -0.9631453156471252 -0.08123036473989487
vn 0.19054864346981049 -0.9736934900283813 -0.12494918704032898
vn 0.19126608967781067 -0.9797794818878174 -0.05873184651136398
vn -0.9880772233009338 0.14999014139175415 0.03473246842622757
vn -0.9994068741798401 -0.010200731456279755 0.03289138898253441
vn 0.4853042662143707 -0.85419762134552 0.1866181492805481
vn 0.4257793128490448 -0.9046733975410461 -0.016674356535077095
vn -0.3885110318660736 -0.9110759496688843 0.1378399133682251
vn 0.050456054508686066 0.9942368268966675 0.09459041804075241
vn 0.5050170421600342 0.8319585919380188 0.22978849709033966
vn 0.23468850553035736 0.9586641192436218 0.16088642179965973
vn 0.9155289530754089 -0.10641501098871231 0.38792091608047485
vn -0.3551979959011078 0.9347653985023499 -0.006935560144484043
vn 0.743107259273529 -0.6644418239593506 0.07942704111337662
vn -0.389786958694458 0.9174642562866211 0.07953280955553055
vn -0.2896270453929901 0.956551730632782 0.03354152292013168
vn 0.604551374912262 -0.7964015603065491 0.01619567535817623
vn -0.7179862260818481 0.6714510321617126 0.18343742191791534
vn 0.42041417956352234 -0.9020841717720032 0.09744787961244583
vn -0.8118862509727478 0.5650407075881958 0.1468663066625595
vn 0.21737612783908844 -0.968804121017456 0.11902204155921936
vn 0.16230815649032593 -0.9828094840049744 0.08798635751008987
vn 0.4469473361968994 -0.8901792764663696 -0.08842510730028152
vn -0.9952806830406189 0.07821579277515411 0.05743427574634552
vn 0.3287490904331207 -0.9443307518959045 -0.012784178368747234
vn 0.46658071875572205 -0.8829419016838074 -0.05211608111858368
vn 0.6621457934379578 -0.7427083253860474 0.09973648190498352
vn -0.673542857170105 -0.7266104221343994 0.1355629861354828
vn 0.11154856532812119 -0.9920379519462585 0.058460548520088196
vn 0.8035054802894592 0.48332011699676514 0.347535103559494
vn 0.7984566688537598 0.5413938760757446 0.2633620798587799
vn -0.39711999893188477 0.9160745739936829 -0.05570601299405098
vn 0.847832977771759 -0.44450098276138306 0.2891335189342499
vn -0.28190454840660095 0.959402322769165 -0.008776986040174961
vn 0.7059526443481445 -0.7073153257369995 0.03655097633600235
vn -0.31338709592819214 0.9490357637405396 0.033462703227996826
vn 0.5225683450698853 -0.8466637134552002 0.10041406750679016
vn -0.7578998804092407 0.6311418414115906 0.16506916284561157
vn 0.40774407982826233 -0.9039029479026794 0.12924490869045258
vn 0.26681530475616455 -0.9565742015838623 0.11736883223056793
vn -0.86854487657547 0.4877413809299469 0.08796694874763489
vn 0.15017306804656982 -0.9800286293029785 0.13035345077514648
vn 0.3438946306705475 -0.9324870705604553 -0.11047354340553284
vn 0.583991289138794 -0.7943562269210815 -0.1671898066997528
vn 0.5775964260101318 -0.8159098625183105 0.025951938703656197
vn 0.25291478633880615 -0.9603692293167114 -0.11715444922447205
vn 0.2790803909301758 -0.9495691061019897 -0.14294277131557465
vn 0.571603000164032 -0.8203039169311523 0.019275827333331108
vn -0.9692915081977844 -0.24221637845039368 0.042488954961299896
vn 0.4080910384654999 -0.8971741795539856 0.16893866658210754
vn 0.5778232216835022 -0.8077481389045715 0.11689011752605438
vn -0.8429217338562012 -0.5322628617286682 0.07860865443944931
vn 0.4771462678909302 -0.8769962787628174 0.05664832517504692
vn 0.43076813220977783 0.890464723110199 0.14666785299777985
vn -0.3548392653465271 0.9339297413825989 -0.04317764937877655
vn 0.923260509967804 -0.226309135556221 0.3104419410228729
vn -0.32376688718795776 0.9434000253677368 -0.07191291451454163
vn -0.27971747517585754 0.9588345289230347 0.0489342026412487
vn 0.8081288933753967 -0.5641092658042908 0.16943588852882385
vn -0.4044502079486847 0.9101632833480835 0.08957026153802872
vn -0.5320717096328735 0.8454565405845642 0.045858293771743774
vn -0.6614747047424316 0.7421624660491943 0.10791724175214767
vn 0.18047857284545898 -0.9833250045776367 -0.02234742045402527
vn 0.3617042005062103 -0.9272291660308838 -0.09703761339187622
vn -0.9409206509590149 0.33144116401672363 0.06939136236906052
vn -0.9825342893600464 0.15559184551239014 0.10206615179777145
vn 0.49251431226730347 -0.8557884693145752 -0.15829049050807953
vn 0.2350831925868988 -0.9520383477210999 -0.19585441052913666
vn 0.43357962369918823 -0.8527836203575134 -0.2911510169506073
vn 0.4636346995830536 -0.8694409132003784 -0.1706325262784958
vn 0.24881860613822937 -0.9542995095252991 -0.16553471982479095
vn 0.21152172982692719 -0.9569941759109497 -0.19854658842086792
vn 0.5380200147628784 -0.8335832953453064 0.1251937448978424
vn 0.5558344125747681 -0.8002864718437195 0.22492150962352753
vn -0.997153103351593 -0.0329100601375103 0.06784235686063766
vn -0.22298330068588257 -0.9671276807785034 0.1222396120429039
vn 0.19146887958049774 0.9784707427024841 0.07703740149736404
vn 0.7374318838119507 0.6521573662757874 0.17574115097522736
vn 0.9418379068374634 0.1512598842382431 0.3001030683517456
vn -0.37830230593681335 0.9235002994537354 -0.06351868808269501
vn -0.2867498993873596 0.9569433331489563 -0.04510020464658737
vn -0.40680840611457825 0.9047858119010925 -0.1259743571281433
vn -0.3707060217857361 0.9262014031410217 -0.06876037269830704
vn 0.8244481682777405 -0.49932894110679626 0.26637542247772217
vn -0.32436403632164 0.9455997347831726 -0.025082198902964592
vn -0.40017127990722656 0.9145235419273376 0.059242382645606995
vn 0.7615278363227844 -0.6232356429100037 0.17791219055652618
vn -0.22385995090007782 0.9745321273803711 0.013185392133891582
vn 0.6316807270050049 -0.7671255469322205 0.1117943525314331
vn -0.7320965528488159 0.670773983001709 0.1187305748462677
vn -0.7477117776870728 0.6602476835250854 0.07071217894554138
vn -0.8055943250656128 0.5906647443771362 0.04618418589234352
vn 0.19454325735569 -0.9806656837463379 0.021161586046218872
vn 0.42121952772140503 -0.8747282028198242 -0.23963461816310883
vn 0.39334800839424133 -0.8928718566894531 -0.2192196100950241
vn 0.3219185173511505 -0.904582142829895 -0.2794630825519562
vn -0.9870400428771973 0.15562625229358673 0.03914700448513031
vn 0.3352975845336914 -0.9337056875228882 -0.12557585537433624
vn 0.37806588411331177 -0.9173046946525574 -0.12497355043888092
vn 0.5022355914115906 -0.8347153067588806 0.22585348784923553
vn 0.5165272355079651 -0.8381801247596741 0.1750820428133011
vn 0.03701719269156456 0.9991864562034607 -0.016006872057914734
vn -0.11582984030246735 0.992770254611969 -0.031477782875299454
vn 0.5832911729812622 0.807386040687561 0.08887732028961182
vn 0.8941656947135925 -0.3381761610507965 0.29343608021736145
vn -0.3135090172290802 0.9487249255180359 0.04041295871138573
vn -0.28623610734939575 0.958149790763855 0.004236926790326834
vn -0.48022109270095825 0.8770439624786377 0.01347573846578598
vn 0.5662282109260559 -0.7932866811752319 0.22379007935523987
vn 0.2784123718738556 -0.9434908032417297 -0.17975465953350067
vn 0.32389137148857117 -0.9363919496536255 -0.13514626026153564
vn -0.9840584993362427 0.17373616993427277 0.03800848126411438
vn 0.4046774208545685 -0.9124413132667542 -0.06072179228067398
vn 0.4727061688899994 -0.874822199344635 0.10599542409181595
vn 0.5577735304832458 -0.8291709423065186 0.03693654015660286
vn -0.5108611583709717 -0.8543106317520142 0.09578269720077515
vn 0.16010475158691406 -0.9657608866691589 0.2041381448507309
vn 0.33206576108932495 0.9423190355300903 0.0420389324426651
vn 0.9478198885917664 0.2653884291648865 0.1766536384820938
vn -0.4074586033821106 0.9119078516960144 -0.04900747537612915
vn 0.9524590373039246 -0.20136414468288422 0.2286355197429657
vn 0.8867444396018982 -0.3958612382411957 0.23870113492012024
vn -0.411404013633728 0.9083232879638672 -0.07546959817409515
vn 0.8548018932342529 -0.47977781295776367 0.19780559837818146
vn 0.8226296901702881 -0.5313276052474976 0.20241399109363556
vn -0.3965415060520172 0.917205274105072 -0.03859297186136246
vn -0.4472842514514923 0.8943648934364319 0.006947671063244343
vn 0.6278326511383057 -0.7427808046340942 0.2326003909111023
vn -0.6923416256904602 0.7211236357688904 0.02537420019507408
vn 0.5147597789764404 -0.8312649726867676 0.20981165766716003
vn 0.4245494306087494 -0.8919227123260498 0.15566515922546387
vn 0.42032212018966675 -0.8966009616851807 0.13941356539726257
vn -0.7264685034751892 0.6865991950035095 0.02872496284544468
vn 0.39906051754951477 -0.9119305610656738 0.0955684706568718
vn 0.30588340759277344 -0.9520284533500671 -0.008784141391515732
vn -0.9825634956359863 0.18589431047439575 -0.0035035056062042713
vn 0.24852970242500305 -0.9376541972160339 -0.2429766058921814
vn -0.9117690324783325 -0.40424835681915283 0.0725296139717102
vn 0.5908457636833191 -0.7995766401290894 0.10760336369276047
vn -0.05819851532578468 0.9968698620796204 -0.05351104214787483
vn 0.8217888474464417 0.5620297789573669 0.09373229742050171
vn -0.2961103618144989 0.9543381333351135 -0.0394645556807518
vn -0.38519811630249023 0.9164503812789917 -0.10835704207420349
vn -0.29041239619255066 0.9553838968276978 -0.05387245863676071
vn -0.3104700744152069 0.9503786563873291 -0.019717007875442505
vn -0.9213703870773315 0.387980192899704 0.02340935543179512
vn 0.4176519215106964 -0.9082816243171692 0.024319924414157867
vn 0.3868367671966553 -0.9117624163627625 -0.138009712100029
vn 0.39043503999710083 -0.875827431678772 -0.28370213508605957
vn 0.3946964144706726 -0.8715635538101196 -0.290846586227417
vn 0.2639089524745941 -0.9624103307723999 -0.06417546421289444
vn 0.3304179012775421 -0.9314733147621155 -0.15225501358509064
vn -0.9866216778755188 0.15758556127548218 -0.04176666960120201
vn 0.2803975045681 -0.9332607388496399 -0.22450324892997742
vn -0.9978967308998108 0.05757204815745354 0.029792042449116707
vn 0.4317263662815094 -0.8993372917175293 -0.06931720674037933
vn 0.5290027260780334 -0.8483933210372925 -0.019619258120656013
vn 0.3380312919616699 -0.9209912419319153 0.19367504119873047
vn 0.07254499197006226 -0.9910951852798462 0.11165853589773178
vn -0.33782967925071716 -0.9364325404167175 0.09468486905097961
vn -0.020311880856752396 0.9986293315887451 -0.04823823645710945
vn -0.19945518672466278 0.9795827865600586 -0.025204241275787354
vn -0.34207388758659363 0.9382003545761108 -0.05258892849087715
vn 0.9813055992126465 0.13673651218414307 0.13543473184108734
vn -0.3296171724796295 0.944114625453949 -0.00035839853808283806
vn -0.3212098181247711 0.9465789198875427 -0.028506087139248848
vn 0.6695588827133179 -0.7055477499961853 0.2321494072675705
vn -0.2547602653503418 0.9668735265731812 0.015901517122983932
vn -0.25691360235214233 0.9660542011260986 0.027107635512948036
vn -0.7279012799263 0.6856711506843567 0.003862546058371663
vn -0.7999252080917358 0.5964827537536621 0.06578812748193741
vn 0.46892642974853516 -0.8797346353530884 -0.07858096063137054
vn 0.43337365984916687 -0.8741028308868408 -0.21938908100128174
vn 0.37077227234840393 -0.9247809648513794 -0.0854877233505249
vn 0.28978902101516724 -0.9570894837379456 -0.0014277745503932238
vn 0.3990819454193115 -0.9160778522491455 -0.03917844593524933
vn 0.2523786425590515 -0.9466764330863953 -0.20027191936969757
vn -0.9677290320396423 -0.23094867169857025 0.10081323981285095
vn 0.46233469247817993 -0.8816970586776733 0.09411200135946274
vn 0.2654498219490051 -0.9627124667167664 0.05216444283723831
vn -0.7739362716674805 -0.6271702647209167 0.08763650059700012
vn 0.5664514899253845 0.8209723830223083 0.07167401164770126
vn 0.23066820204257965 0.9730252623558044 0.003743717446923256
vn -0.2764216661453247 0.9610016942024231 -0.008174360729753971
vn -0.41536596417427063 0.9093337655067444 -0.02415008842945099
vn 0.8153642416000366 -0.5603735446929932 0.14547424018383026
vn -0.3910627067089081 0.9197565317153931 -0.033436015248298645
vn 0.7859864234924316 -0.5832175016403198 0.20514091849327087
vn -0.38102641701698303 0.9244533181190491 0.014315365813672543
vn 0.5975589752197266 -0.7497419714927673 0.28427162766456604
vn -0.6371387839317322 0.7689054608345032 0.05327906832098961
vn 0.4589580297470093 -0.8426413536071777 0.2816258668899536
vn -0.7321264743804932 0.6804293394088745 0.03172878175973892
vn 0.506751537322998 -0.8617120385169983 0.025598885491490364
vn 0.5044267177581787 -0.8577878475189209 0.0987609401345253
vn -0.9684975743293762 0.24328666925430298 0.05314115434885025
vn -0.9903976917266846 0.13797134160995483 0.008734771981835365
vn 0.26616784930229187 -0.9627655744552612 0.04729898273944855
vn 0.4002833068370819 -0.9151857495307922 -0.046993013471364975
vn 0.3071514368057251 -0.9503681659698486 -0.049582578241825104
vn 0.31742432713508606 -0.9399054646492004 -0.12577573955059052
vn 0.4643413722515106 -0.8841708302497864 -0.05127542465925217
vn -0.9977644681930542 -0.021659566089510918 0.0632212683558464
vn 0.43981242179870605 -0.8980860114097595 0.0025634884368628263
vn -0.7617852091789246 -0.6266477108001709 0.16430450975894928
vn 0.8476594090461731 0.5063472986221313 0.15838530659675598
vn -0.28224924206733704 0.9592010378837585 0.016393238678574562
vn 0.9660190343856812 0.1806550770998001 0.18485437333583832
vn 0.974526047706604 -0.07560791075229645 0.21114568412303925
vn 0.9532560706138611 -0.24569213390350342 0.17589302361011505
vn -0.4454123079776764 0.8952715396881104 0.009840128943324089
vn -0.4831570088863373 0.8749409317970276 0.03221350535750389
vn -0.3144458830356598 0.9492258429527283 -0.009697508066892624
vn -0.47032931447029114 0.8824437856674194 0.009131049737334251
vn -0.42292454838752747 0.9057832360267639 0.02629801072180271
vn 0.5441181063652039 -0.7898192405700684 0.28305673599243164
vn 0.42971816658973694 -0.8612123131752014 0.2713959515094757
vn 0.4879033863544464 -0.8672587275505066 0.09905863553285599
vn -0.9090966582298279 0.39776089787483215 0.12381309270858765
vn 0.2957867681980133 -0.9466840624809265 0.12766945362091064
vn 0.22336435317993164 -0.9593052268028259 0.1727479249238968
vn 0.23899151384830475 -0.9615515470504761 0.13528382778167725
vn 0.3153032958507538 -0.9426290988922119 0.10970087349414825
vn 0.40144237875938416 -0.9102242588996887 0.10166575759649277
vn 0.4419335722923279 -0.894006609916687 0.07380370795726776
vn -0.9648155570030212 -0.21908213198184967 0.1453752964735031
vn 0.2527827322483063 -0.9618526101112366 0.10459692031145096
vn -0.04346614331007004 -0.9787278771400452 0.2005058228969574
vn -0.09241229295730591 0.9957001209259033 -0.006422016769647598
vn -0.38073819875717163 0.9246332049369812 0.009586626663804054
vn -0.26409122347831726 0.9644867777824402 0.004593064077198505
vn -0.39290547370910645 0.9195303320884705 0.009447699412703514
vn 0.9151602983474731 -0.3865094780921936 0.11442059278488159
vn 0.8909140229225159 -0.4423885941505432 0.10278413444757462
vn -0.2790296673774719 0.9602072834968567 -0.012018239125609398
vn -0.32134491205215454 0.9469391107559204 -0.006619609426707029
vn -0.3573908805847168 0.9325804114341736 0.05065114051103592
vn -0.34118199348449707 0.9390181303024292 0.042892761528491974
vn -0.46250131726264954 0.885468602180481 0.04514482244849205
vn 0.41820740699768066 -0.8453028798103333 0.3325141966342926
vn 0.3840445876121521 -0.843216061592102 0.37616023421287537
vn 0.530467689037323 -0.8032089471817017 0.2710339426994324
vn 0.5551013350486755 -0.8056232929229736 0.20696301758289337
vn -0.8414411544799805 0.5037011504173279 0.19560673832893372
vn 0.42070725560188293 -0.8981730937957764 0.127634659409523
vn -0.9817527532577515 0.15082085132598877 0.11582157015800476
vn 0.3919440507888794 -0.911660373210907 0.12351202964782715
vn -0.9919858574867249 0.016132371500134468 0.12531490623950958
vn 0.2686748206615448 -0.9632284641265869 -0.0021794913336634636
vn 0.29019737243652344 -0.9561840295791626 -0.03869815915822983
vn 0.4154048562049866 -0.909521222114563 0.014490882866084576
vn -0.4344078004360199 -0.8612217307090759 0.2637934684753418
vn 0.10856727510690689 0.9934048056602478 0.03687776252627373
vn 0.9127963185310364 -0.39396291971206665 0.10768506675958633
vn -0.37788766622543335 0.9255220890045166 0.024693330749869347
vn 0.726319432258606 -0.6761561632156372 0.12358421087265015
vn 0.5280860066413879 -0.8328600525856018 0.16573894023895264
vn 0.5448119640350342 -0.7975742220878601 0.2589505612850189
vn -0.24965250492095947 0.9638950824737549 0.09262785315513611
vn -0.4503503143787384 0.8849671483039856 0.11839716881513596
vn -0.30796700716018677 0.9413849115371704 0.13766224682331085
vn 0.4831969439983368 -0.8133943676948547 0.3238987624645233
vn 0.5571752786636353 -0.744056224822998 0.36869511008262634
vn -0.7624044418334961 0.618714451789856 0.18955710530281067
vn 0.5258657336235046 -0.8342540860176086 0.16578727960586548
vn 0.40771669149398804 -0.889422595500946 0.2066267430782318
vn -0.9539440274238586 0.25266557931900024 0.16171260178089142
vn 0.347252756357193 -0.909500777721405 0.22852566838264465
vn 0.34771350026130676 -0.9167224168777466 0.19676199555397034
vn 0.41732436418533325 -0.8895444869995117 0.18587903678417206
vn 0.31484994292259216 -0.9413602948188782 0.12128638476133347
vn 0.34092018008232117 -0.9374693632125854 0.07017631828784943
vn -0.773516833782196 -0.5375634431838989 0.33570414781570435
vn -0.9192209243774414 -0.22060610353946686 0.3261377215385437
vn 0.4029998481273651 -0.9052873849868774 0.13433530926704407
vn 0.40469613671302795 0.9100666046142578 0.08944186568260193
vn -0.10298604518175125 0.9937269687652588 0.0435970202088356
vn -0.23887304961681366 0.9708072543144226 0.02174876071512699
vn -0.316218763589859 0.9484155178070068 0.02266574837267399
vn -0.39983224868774414 0.9165818691253662 0.0034560062922537327
vn 0.9244996905326843 -0.38048332929611206 0.023082643747329712
vn 0.8447535037994385 -0.529602587223053 0.0768945962190628
vn -0.6107271313667297 0.7691672444343567 0.18813326954841614
vn 0.3867994248867035 -0.8531612157821655 0.350003182888031
vn -0.7212198972702026 0.6810519695281982 0.12653157114982605
vn 0.47623226046562195 -0.7836071848869324 0.39895203709602356
vn -0.89081209897995 0.38961002230644226 0.23379026353359222
vn 0.35125595331192017 -0.9062870144844055 0.2350810319185257
vn 0.2593499720096588 -0.9379109740257263 0.23034903407096863
vn 0.27816247940063477 -0.9368810057640076 0.21184831857681274
vn 0.17090244591236115 -0.9481874108314514 0.2678302526473999
vn -0.4565151631832123 -0.7593926191329956 0.46359121799468994
vn -0.09312807768583298 -0.9239335060119629 0.3710445761680603
vn 0.7125517129898071 0.6905550360679626 0.1241123303771019
vn 0.16365119814872742 0.9831950068473816 0.08090655505657196
vn 0.46153512597084045 0.8836296796798706 0.07863868772983551
vn 0.9020598530769348 0.41994544863700867 0.09966851770877838
vn 0.9719921350479126 0.20955722033977509 0.10638216137886047
vn 0.9923310875892639 -0.06169509515166283 0.10711095482110977
vn 0.9628134965896606 -0.26920440793037415 0.022784918546676636
vn -0.3823679983615875 0.9238185882568359 0.018815690651535988
vn -0.29143232107162476 0.9562530517578125 -0.02544347569346428
vn -0.3843877613544464 0.9231659173965454 0.003287225030362606
vn 0.7437887191772461 -0.6572520732879639 0.1216471940279007
vn -0.4446602165699005 0.892375111579895 0.07709727436304092
vn -0.3902541697025299 0.9198818206787109 0.03897646814584732
vn 0.588870108127594 -0.7877042293548584 0.18098096549510956
vn -0.3627251088619232 0.9286169409751892 0.07810955494642258
vn -0.4511542320251465 0.8608840107917786 0.23524177074432373
vn -0.6637778282165527 0.7127729058265686 0.22661396861076355
vn -0.9571462273597717 0.14859893918037415 0.2485748827457428
vn 0.39859479665756226 -0.9003077745437622 0.1748376190662384
vn 0.43547558784484863 -0.8867778182029724 0.15487471222877502
vn -0.9689696431159973 0.0323633998632431 0.24505209922790527
vn 0.40189623832702637 -0.89903724193573 0.1738147884607315
vn 0.3629652261734009 -0.9251570105552673 0.11108927428722382
vn 0.42183515429496765 -0.8934916853904724 0.15403828024864197
vn -0.7384284734725952 -0.46291717886924744 0.4903377294540405
vn -0.11538506299257278 -0.8815869688987732 0.45770159363746643
vn -0.19613893330097198 0.9794355630874634 0.047281160950660706
vn -0.2608453333377838 0.9652947187423706 0.01287656370550394
vn -0.46457910537719727 0.8841743469238281 0.049010325223207474
vn -0.28262099623680115 0.9591949582099915 -0.008398318663239479
vn 0.42357081174850464 -0.8794564008712769 0.21712704002857208
vn 0.4689876437187195 -0.8272841572761536 0.30927586555480957
vn 0.3595808148384094 -0.873374342918396 0.32851025462150574
vn 0.43176519870758057 -0.8124367594718933 0.39182308316230774
vn 0.5781219601631165 -0.7226794362068176 0.37882643938064575
vn 0.6598939895629883 -0.6846877336502075 0.30942302942276
vn -0.8104620575904846 0.5314929485321045 0.24630579352378845
vn -0.8373334407806396 0.4597291052341461 0.29584115743637085
vn -0.8814181685447693 0.3485507369041443 0.3187702000141144
vn -0.9163826704025269 0.27497240900993347 0.2909175753593445
vn 0.37128621339797974 -0.9141237139701843 0.16286306083202362
vn -0.9035279750823975 -0.03233126178383827 0.4273078739643097
vn -0.7841715812683105 -0.3423447608947754 0.5175663828849792
vn -0.5497294664382935 -0.618393063545227 0.561593770980835
vn -0.29832348227500916 -0.7948945760726929 0.5283424258232117
vn 0.21743664145469666 -0.9245824217796326 0.31283971667289734
vn -0.3362811207771301 0.9417590498924255 0.0022518548648804426
vn -0.3656265437602997 0.9305598735809326 0.019379278644919395
vn 0.7926812171936035 -0.5900533199310303 0.15327610075473785
vn -0.40262818336486816 0.9150418639183044 0.0242684967815876
vn 0.40380844473838806 -0.8893092274665833 0.21463413536548615
vn 0.4302937686443329 -0.830865204334259 0.35286036133766174
vn -0.3701547384262085 0.9113193154335022 0.1802293062210083
vn -0.4445556104183197 0.8595501780509949 0.25207898020744324
vn -0.5274463891983032 0.8097718954086304 0.25704023241996765
vn 0.681523323059082 -0.6803629994392395 0.2695035934448242
vn 0.6152281165122986 -0.7343007326126099 0.2868744134902954
vn 0.45528271794319153 -0.8474874496459961 0.27291515469551086
vn 0.28807979822158813 -0.9446454644203186 0.1570192128419876
vn 0.31272920966148376 -0.938611626625061 0.14563198387622833
vn -0.9125397801399231 0.14561237394809723 0.38218873739242554
vn 0.2916801869869232 -0.9419681429862976 0.16618883609771729
vn -0.05455963313579559 -0.8884118795394897 0.45579347014427185
vn 0.025556543841958046 0.9879428148269653 0.15269535779953003
vn -0.11642179638147354 0.9883378744125366 0.09815409034490585
vn 0.7965988516807556 0.5807331204414368 0.16786710917949677
vn 0.9980716109275818 0.05025903508067131 -0.03642916679382324
vn 0.9753294587135315 -0.21224886178970337 0.06068672984838486
vn 0.723597526550293 -0.6508302688598633 0.22984041273593903
vn 0.35910263657569885 -0.8991712331771851 0.25007277727127075
vn -0.45656007528305054 0.8835920095443726 0.10401024669408798
vn 0.36642056703567505 -0.8722080588340759 0.3240201771259308
vn 0.5336730480194092 -0.8025279641151428 0.26672446727752686
vn -0.7503520846366882 0.5978988409042358 0.2819376289844513
vn -0.8967094421386719 0.17790885269641876 0.4052908420562744
vn 0.4346064329147339 -0.8891499042510986 0.1432822346687317
vn -0.7666699290275574 -0.26675689220428467 0.5840016603469849
vn 0.30940482020378113 -0.9396848082542419 0.1458120346069336
vn -0.6397209763526917 -0.4811576008796692 0.5993700623512268
vn -0.49062564969062805 -0.6400968432426453 0.5912382006645203
vn 0.5419078469276428 0.8219566941261292 0.17528031766414642
vn 0.2755317986011505 0.9380636215209961 0.21004492044448853
vn 0.9399661421775818 0.34122782945632935 0.005225073546171188
vn -0.48670312762260437 0.8718295097351074 0.055075790733098984
vn 0.881680428981781 -0.4664211571216583 0.07135120034217834
vn -0.271776407957077 0.9621932506561279 0.01793580874800682
vn -0.3870360851287842 0.9215575456619263 0.030574016273021698
vn 0.6181966662406921 -0.729415774345398 0.29289183020591736
vn 0.5213344097137451 -0.8089411854743958 0.2717069983482361
vn -0.47785651683807373 0.8775339126586914 0.03984236717224121
vn 0.41978326439857483 -0.8487148880958557 0.32166001200675964
vn -0.6138570308685303 0.7430312037467957 0.26661616563796997
vn 0.6612265706062317 -0.7103227376937866 0.2412906289100647
vn 0.335545152425766 -0.9185258746147156 0.20909258723258972
vn -0.8695308566093445 0.07085239887237549 0.4887699782848358
vn 0.4366568624973297 -0.8876112699508667 0.14655065536499023
vn 0.4138587713241577 -0.8944175243377686 0.16952387988567352
vn 0.38577699661254883 -0.9059786796569824 0.17429523169994354
vn -0.7197060585021973 -0.34236475825309753 0.6039947867393494
vn 0.17263145744800568 -0.9538923501968384 0.24553576111793518
vn 0.012807823717594147 -0.9218143224716187 0.387420117855072
vn -0.2847505509853363 0.9582718014717102 0.025145765393972397
vn 0.9688127636909485 0.21556925773620605 0.1221957802772522
vn -0.29396718740463257 0.9557533860206604 0.010900001041591167
vn -0.393071711063385 0.9194872975349426 0.006145125720649958
vn 0.8643026947975159 -0.4565211236476898 0.21111465990543365
vn -0.3374975323677063 0.9405509829521179 0.03820081055164337
vn 0.45909449458122253 -0.8496224880218506 0.25956496596336365
vn 0.6488500833511353 -0.7355554699897766 0.19481192529201508
vn -0.7122711539268494 0.6243728995323181 0.32066863775253296
vn 0.5208122134208679 -0.789860188961029 0.32384511828422546
vn -0.8759768009185791 0.3234790563583374 0.3578071594238281
vn 0.4148098826408386 -0.8777466416358948 0.23977835476398468
vn 0.3392519950866699 -0.9323542714118958 0.12499438971281052
vn -0.8626546859741211 -0.10357370227575302 0.4950750768184662
vn -0.5748218297958374 -0.5286048054695129 0.6246254444122314
vn -0.3353104591369629 -0.7518435120582581 0.56771320104599
vn -0.061664339154958725 -0.8991532921791077 0.433267742395401
vn -0.3749200999736786 0.926980197429657 0.01194489561021328
vn -0.4654998183250427 0.8834087252616882 0.05384248495101929
vn 0.742193341255188 -0.6213743686676025 0.2510835826396942
vn 0.7324603199958801 -0.6305696964263916 0.2566785216331482
vn -0.38284122943878174 0.9227613806724548 0.04409085214138031
vn -0.5214304327964783 0.8520082831382751 0.04682169482111931
vn -0.5439926981925964 0.83584064245224 0.0737723857164383
vn -0.47802111506462097 0.8570838570594788 0.19210200011730194
vn -0.5401148200035095 0.802327573299408 0.2540602684020996
vn 0.6005359292030334 -0.7417387366294861 0.2986307144165039
vn 0.4830636978149414 -0.8264235854148865 0.2892639935016632
vn 0.3479158878326416 -0.922710657119751 0.1660107672214508
vn 0.3868679106235504 -0.913884162902832 0.12308108061552048
vn -0.7632256746292114 -0.3817371129989624 0.5213092565536499
vn 0.2064945250749588 -0.942878246307373 0.26142042875289917
vn -0.34563902020454407 -0.7763293385505676 0.5271114110946655
vn -0.5715000033378601 -0.598741888999939 0.5611559152603149
vn 0.03622791916131973 -0.9214031100273132 0.38691580295562744
vn 0.5753946900367737 0.7373680472373962 0.35384929180145264
vn 0.8350340127944946 -0.41414201259613037 0.3622218668460846
vn -0.3377026915550232 0.9404370188713074 0.03918156027793884
vn 0.7073564529418945 -0.6465860605239868 0.28561052680015564
vn 0.5024577379226685 -0.8186626434326172 0.2780786156654358
vn -0.4085329473018646 0.9122931957244873 0.02867262437939644
vn 0.35397472977638245 -0.9121033549308777 0.20680783689022064
vn 0.3548557758331299 -0.9057139754295349 0.23186108469963074
vn 0.5927646160125732 -0.7888208627700806 0.1624554544687271
vn -0.7878033518791199 0.4934692084789276 0.3685838282108307
vn 0.41882872581481934 -0.9002140760421753 0.11915198713541031
vn -0.9095370769500732 0.02031249925494194 0.4151262640953064
vn 0.38648155331611633 -0.9105151295661926 0.14695005118846893
vn -0.8545865416526794 -0.24384626746177673 0.4584985077381134
vn 0.29101109504699707 -0.9113476276397705 0.2911323606967926
vn -0.1406126171350479 -0.8695141673088074 0.4734693169593811
vn 0.3764777183532715 0.8342866897583008 0.402778297662735
vn 0.2124696671962738 0.9252784848213196 0.3141918182373047
vn -0.1990971714258194 0.9751598834991455 0.09707514941692352
vn 0.8695158362388611 0.32021188735961914 0.3760407269001007
vn 0.7263761162757874 0.5446945428848267 0.41914862394332886
vn 0.9265979528427124 -0.07184605300426483 0.36912667751312256
vn -0.3441547751426697 0.9378591775894165 0.04447232186794281
vn 0.7650419473648071 -0.5669897794723511 0.3053414821624756
vn -0.4487273693084717 0.887525200843811 0.10460762679576874
vn 0.3685734272003174 -0.9227616190910339 0.11253723502159119
vn 0.44275039434432983 -0.8739960789680481 0.20025740563869476
vn -0.5746027231216431 0.8078126907348633 0.13141703605651855
vn 0.6079649925231934 -0.7826573848724365 0.1335144340991974
vn 0.5299695730209351 -0.8098554015159607 0.2515285015106201
vn 0.3751094341278076 -0.9050154685974121 0.20059925317764282
vn -0.8858928084373474 0.12181391566991806 0.44761067628860474
vn 0.3335542678833008 -0.9176323413848877 0.2160845547914505
vn 0.31082555651664734 -0.9019941687583923 0.29965656995773315
vn -0.48711395263671875 -0.7023816108703613 0.5190183520317078
vn 0.06652826815843582 -0.9200197458267212 0.38618358969688416
vn -0.18088580667972565 -0.8408660888671875 0.5101220607757568
vn 0.5325484275817871 0.7177238464355469 0.448625385761261
vn -0.3308153450489044 0.9404478669166565 0.0782245621085167
vn -0.3428526818752289 0.9377987384796143 0.05464138090610504
vn -0.39445847272872925 0.9185931086540222 0.024274615570902824
vn -0.2932545840740204 0.955889105796814 0.01666787825524807
vn -0.36563998460769653 0.9299870133399963 0.037837155163288116
vn 0.3642878234386444 -0.9183005094528198 0.15497957170009613
vn 0.5481752157211304 -0.8229578137397766 0.14914590120315552
vn -0.5373143553733826 0.8178113102912903 0.20610195398330688
vn 0.5350821018218994 -0.8220104575157166 0.19489970803260803
vn 0.47929513454437256 -0.8424347639083862 0.2461298704147339
vn -0.8485892415046692 0.321074515581131 0.42048487067222595
vn 0.37956127524375916 -0.9119482636451721 0.15583238005638123
vn 0.4571397602558136 -0.8842877149581909 0.09517610818147659
vn 0.3561013638973236 -0.9299628138542175 0.09143844246864319
vn -0.7826364636421204 -0.2075112909078598 0.586872398853302
vn -0.7190036177635193 -0.47035473585128784 0.5116642117500305
vn -0.09189043939113617 0.9834866523742676 0.15591736137866974
vn 0.7987179160118103 0.35055601596832275 0.4890400469303131
vn 0.8965445756912231 -0.024803586304187775 0.4422585368156433
vn 0.8824103474617004 -0.2873372435569763 0.37254446744918823
vn 0.6035991907119751 -0.7284114360809326 0.3241678476333618
vn 0.4748988151550293 -0.8553040623664856 0.2071860134601593
vn -0.5665956139564514 0.8141410946846008 0.1270577609539032
vn 0.5991911888122559 -0.8005062937736511 0.012635922059416771
vn -0.6792338490486145 0.6406804323196411 0.35800835490226746
vn 0.5090221166610718 -0.8174992799758911 0.26942816376686096
vn -0.7318084836006165 0.5754477977752686 0.3651248812675476
vn 0.32678845524787903 -0.9344176650047302 0.14167925715446472
vn -0.5845094919204712 -0.5360912680625916 0.6090607047080994
vn 0.09131883084774017 -0.8896768093109131 0.44736576080322266
vn -0.36382782459259033 -0.6660434603691101 0.6511646509170532
vn 0.04825201258063316 0.9749364256858826 0.21718813478946686
vn 0.6969134211540222 0.5613254308700562 0.44634684920310974
vn -0.4469852149486542 0.8926782011985779 0.05770573019981384
vn 0.7166673541069031 -0.6329727172851562 0.2928027808666229
vn 0.8284516334533691 -0.44471558928489685 0.34043508768081665
vn 0.6331828832626343 -0.7098695039749146 0.30848801136016846
vn 0.6286417245864868 -0.7341960668563843 0.256448358297348
vn -0.44291582703590393 0.8901528716087341 0.10702065378427505
vn 0.43976905941963196 -0.8924321532249451 0.10083670169115067
vn 0.4908115267753601 -0.8695074915885925 0.055324845016002655
vn 0.6061378717422485 -0.7948610782623291 0.028156019747257233
vn 0.4575335383415222 -0.8600614070892334 0.22573749721050262
vn -0.8008711338043213 0.2802457809448242 0.5292142629623413
vn 0.44060060381889343 -0.8785378336906433 0.1845058649778366
vn -0.7897031903266907 0.0600007064640522 0.6105479598045349
vn 0.509472131729126 -0.8558224439620972 0.08947664499282837
vn 0.4152807593345642 0.8381596803665161 0.3535962998867035
vn -0.2978982627391815 0.9544413685798645 0.017269691452383995
vn -0.4217645525932312 0.9041592478752136 0.06790248304605484
vn -0.5321626663208008 0.8240376710891724 0.1943316012620926
vn 0.5090084671974182 -0.8603505492210388 -0.026596572250127792
vn -0.6187472343444824 0.7657466530799866 0.1754535287618637
vn 0.4985772371292114 -0.8646538257598877 0.06160010024905205
vn -0.5854609608650208 0.7864241003990173 0.19690775871276855
vn -0.6490806341171265 0.6997863054275513 0.29831787943840027
vn -0.7734887599945068 0.43083101511001587 0.4648653566837311
vn 0.5183793902397156 -0.8184585571289062 0.24780726432800293
vn 0.38510724902153015 -0.9148615002632141 0.12132953852415085
vn 0.27789506316185 -0.944961428642273 0.1726914495229721
vn -0.5440150499343872 -0.40554365515708923 0.7345624566078186
vn 0.23213937878608704 -0.9350811839103699 0.2678331136703491
vn 0.129361093044281 -0.9123523235321045 0.3884314000606537
vn -0.18113015592098236 -0.7887706160545349 0.5873949527740479
vn 0.1682673692703247 0.9384750723838806 0.3015802502632141
vn -0.04281686246395111 0.9686266183853149 0.2448045164346695
vn -0.2267611175775528 0.9589253664016724 0.17041590809822083
vn 0.8885036110877991 0.043549928814172745 0.45679837465286255
vn -0.30289992690086365 0.9474990963935852 0.10245559364557266
vn 0.7268720865249634 -0.5633060336112976 0.3928655683994293
vn 0.6319303512573242 -0.7180444002151489 0.29167845845222473
vn 0.5834769010543823 -0.798385500907898 0.1487797647714615
vn 0.4355223774909973 -0.8890794515609741 0.14091834425926208
vn 0.5277879238128662 -0.8183073401451111 0.22762493789196014
vn -0.7673021554946899 0.2021283507347107 0.608597993850708
vn -0.7905851602554321 0.18719734251499176 0.5830371975898743
vn -0.7340760827064514 -0.06909971684217453 0.6755424737930298
vn -0.6239012479782104 -0.2391178011894226 0.7440228462219238
vn -0.6174532771110535 -0.3444922864437103 0.7071609497070312
vn -0.4177521765232086 -0.5315885543823242 0.736815333366394
vn -0.054007984697818756 -0.8559163212776184 0.5142863988876343
vn -0.44666096568107605 -0.6005169749259949 0.6632294654846191
vn 0.5807431936264038 0.6856921315193176 0.43882083892822266
vn 0.7945506572723389 0.33984386920928955 0.5031851530075073
vn -0.350527286529541 0.9323239922523499 0.08889655768871307
vn 0.8581843376159668 -0.1615106463432312 0.4872719943523407
vn 0.5516765713691711 -0.8336703777313232 -0.02542969025671482
vn 0.44666048884391785 -0.8783067464828491 0.1705041527748108
vn 0.5673816800117493 -0.8149265646934509 0.11820672452449799
vn 0.48660382628440857 -0.8704248070716858 0.07468260824680328
vn 0.4547728896141052 -0.887886106967926 0.06956879794597626
vn -0.6884284615516663 -0.1503269225358963 0.7095548510551453
vn -0.2970401644706726 -0.7059390544891357 0.6429752707481384
vn -0.48420003056526184 -0.48164525628089905 0.7304574847221375
vn 0.15639032423496246 -0.9446007609367371 0.28856801986694336
vn 0.08364728093147278 -0.902559757232666 0.4223612844944
vn 0.3481847941875458 0.8143903613090515 0.46425819396972656
vn 0.5574268102645874 -0.8296844959259033 0.02998516894876957
vn 0.5032521486282349 -0.8621398210525513 -0.05875622481107712
vn 0.44338005781173706 -0.8954199552536011 0.04046250134706497
vn 0.40920376777648926 -0.9039076566696167 0.12451218068599701
vn -0.6653022170066833 0.6282415986061096 0.40334293246269226
vn -0.7298683524131775 0.4808489680290222 0.48587700724601746
vn 0.543852686882019 -0.832205593585968 0.10797260701656342
vn 0.476979523897171 -0.8763017058372498 0.0677189752459526
vn -0.6162022352218628 -0.2811208665370941 0.7357077598571777
vn 0.3580305576324463 -0.9236739277839661 0.136530801653862
vn 0.20032204687595367 -0.960027813911438 0.19549334049224854
vn -0.07832399010658264 -0.905601978302002 0.4168337881565094
vn 0.05572546273469925 0.9372458457946777 0.34418725967407227
vn -0.23453672230243683 0.955256998538971 0.18021288514137268
vn 0.7798219919204712 0.1143658235669136 0.6154658198356628
vn -0.2532716989517212 0.9550994634628296 0.15374816954135895
vn 0.7775589823722839 -0.2645997405052185 0.5704288482666016
vn -0.3626108765602112 0.9303731322288513 0.05402933061122894
vn 0.6535810232162476 -0.6917762160301208 0.30704647302627563
vn -0.2845068871974945 0.9574086666107178 0.04923982173204422
vn -0.2962038218975067 0.9532179236412048 0.06032275781035423
vn -0.37970656156539917 0.9186769127845764 0.1088842824101448
vn 0.7278724908828735 -0.643542468547821 0.23675891757011414
vn -0.4684872031211853 0.8696742057800293 0.1555204838514328
vn 0.723358154296875 -0.673181414604187 0.15355715155601501
vn -0.49555161595344543 0.8466060161590576 0.19413131475448608
vn -0.6507834792137146 0.6978229284286499 0.29920563101768494
vn -0.6974054574966431 0.6066875457763672 0.3815179765224457
vn 0.4453393518924713 -0.8870882391929626 0.1214386522769928
vn -0.7024141550064087 0.30573543906211853 0.6427598595619202
vn -0.6803503632545471 0.005218300502747297 0.7328684329986572
vn -0.3182835280895233 -0.6291669607162476 0.7091153860092163
vn 0.016641560941934586 -0.9625841975212097 0.27047133445739746
vn -0.24752642214298248 -0.8722942471504211 0.4217030704021454
vn -0.1792275607585907 -0.7939093708992004 0.5810209512710571
vn 0.6396070718765259 0.47459936141967773 0.6046968698501587
vn 0.7449979782104492 -0.48842304944992065 0.45433565974235535
vn 0.7105304002761841 -0.7029726505279541 0.031243745237588882
vn 0.624500572681427 -0.7778041958808899 -0.07085060328245163
vn 0.4132210314273834 -0.9028009176254272 0.11915934830904007
vn -0.6851779222488403 0.5248768329620361 0.5050104856491089
vn -0.523842990398407 -0.2619148790836334 0.810548722743988
vn 0.5331715941429138 -0.8396536707878113 0.10348843038082123
vn 0.38539984822273254 -0.9145340919494629 0.12285929918289185
vn -0.43222111463546753 -0.48465806245803833 0.7604548335075378
vn 0.2406618297100067 -0.947414219379425 0.21092228591442108
vn -0.43029850721359253 -0.7083984613418579 0.5594773292541504
vn -0.38320061564445496 -0.6237383484840393 0.6812546253204346
vn 0.01912466064095497 -0.9514581561088562 0.30718350410461426
vn 0.241762176156044 0.8667412996292114 0.43624594807624817
vn -0.1361556053161621 0.9632059335708618 0.23172396421432495
vn 0.4841258227825165 0.6878993511199951 0.5407556295394897
vn 0.3459731936454773 0.8519164323806763 0.3931170105934143
vn 0.7130144238471985 0.3413650095462799 0.6124380826950073
vn 0.8248464465141296 -0.043464187532663345 0.5636836290359497
vn -0.3606257140636444 0.9201111197471619 0.15278977155685425
vn 0.8183479309082031 -0.3479568660259247 0.45741966366767883
vn 0.768276572227478 -0.5580201148986816 0.31363150477409363
vn 0.8258344531059265 -0.5498628616333008 0.1250934898853302
vn -0.6801702380180359 0.38151049613952637 0.6259538531303406
vn -0.6542773246765137 0.15117540955543518 0.7409906983375549
vn 0.5800548195838928 -0.8064885139465332 0.11451101303100586
vn -0.5927814841270447 -0.15407435595989227 0.7904880046844482
vn -0.4982489049434662 -0.32373517751693726 0.8043280839920044
vn -0.5636992454528809 -0.43718278408050537 0.7007955312728882
vn 0.2911147475242615 -0.9354857206344604 0.20029644668102264
vn 0.07410763949155807 0.9520599842071533 0.29679957032203674
vn 0.7135406732559204 0.483278751373291 0.5072488784790039
vn -0.18706701695919037 0.9469223022460938 0.2614271938800812
vn -0.3105960190296173 0.9197248220443726 0.24007591605186462
vn -0.3019493520259857 0.9176532030105591 0.25833943486213684
vn -0.29641687870025635 0.9425573945045471 0.1540214568376541
vn 0.7303640246391296 -0.6803120374679565 -0.06118890643119812
vn -0.5038315653800964 0.8203999996185303 0.2703655958175659
vn 0.5892859101295471 -0.802824854850769 -0.09063377976417542
vn -0.5618786811828613 0.7517840266227722 0.34512755274772644
vn 0.41684767603874207 -0.90897536277771 -0.0013905528467148542
vn -0.6723904013633728 0.5547255277633667 0.4900722801685333
vn 0.33255547285079956 -0.9408343434333801 0.06509671360254288
vn 0.3724563717842102 -0.9186883568763733 0.13148373365402222
vn -0.699050784111023 0.3514467179775238 0.6227465867996216
vn -0.6780999302864075 0.05338035896420479 0.7330287098884583
vn -0.7033441662788391 -0.21308296918869019 0.6781613230705261
vn 0.5206913352012634 -0.8401535749435425 0.15173186361789703
vn -0.6525946259498596 -0.44104278087615967 0.6161181330680847
vn 0.41564783453941345 -0.8950706124305725 0.16151009500026703
vn 0.06545832008123398 -0.9542110562324524 0.2918843626976013
vn 0.03924166411161423 -0.9392153024673462 0.3410787880420685
vn -0.059309713542461395 0.9578520655632019 0.2810726463794708
vn -0.29351806640625 0.9422895312309265 0.1610516905784607
vn 0.8877765536308289 -0.3984372913837433 0.23043544590473175
vn -0.4402397871017456 0.8456407785415649 0.3017957806587219
vn 0.8940673470497131 -0.4449376165866852 0.05171147361397743
vn -0.5372200608253479 -0.6426624059677124 0.5462414026260376
vn -0.20922055840492249 -0.8794465065002441 0.42755192518234253
vn 0.563927948474884 0.5337347388267517 0.630168616771698
vn 0.16844047605991364 0.847830057144165 0.5028042793273926
vn 0.8022188544273376 0.004160947632044554 0.5970156192779541
vn -0.24704627692699432 0.8858621716499329 0.39270395040512085
vn -0.24746815860271454 0.9099794626235962 0.33271151781082153
vn 0.8100359439849854 -0.4018913805484772 0.42699551582336426
vn 0.8791926503181458 -0.28857848048210144 0.37913426756858826
vn -0.35042300820350647 0.8976336121559143 0.2673155665397644
vn -0.4868065118789673 0.7936145663261414 0.3649592995643616
vn -0.5389611721038818 0.7329267859458923 0.4151375889778137
vn 0.8401148319244385 -0.5411956310272217 -0.036254607141017914
vn -0.5979803800582886 0.6208449006080627 0.5069231986999512
vn 0.37626367807388306 -0.9251195788383484 -0.050788287073373795
vn 0.3395986258983612 -0.9404593706130981 0.014457161538302898
vn -0.6369425058364868 0.40326839685440063 0.6570227742195129
vn -0.6865499019622803 0.36380985379219055 0.6295169591903687
vn -0.6692970395088196 0.17900331318378448 0.7211098074913025
vn -0.6846298575401306 0.015225941315293312 0.7287318706512451
vn 0.38762912154197693 -0.8842130899429321 0.260597288608551
vn -0.5260477066040039 -0.28210651874542236 0.8023028373718262
vn -0.6144640445709229 -0.4523060917854309 0.6464155912399292
vn 0.20610208809375763 -0.9234586358070374 0.3236451745033264
vn 0.8021107912063599 -0.19351917505264282 0.564950168132782
vn -0.2617157995700836 0.9265875816345215 0.270074725151062
vn 0.9718545079231262 -0.16518543660640717 0.1679660975933075
vn 0.9579538702964783 -0.28681430220603943 0.007867743261158466
vn 0.8578882217407227 -0.5117852687835693 -0.04586534574627876
vn 0.5454261898994446 -0.8372094631195068 -0.039882853627204895
vn 0.25833848118782043 -0.9655221700668335 0.03206558898091316
vn 0.3361107110977173 -0.9289530515670776 0.15516436100006104
vn 0.4677644968032837 -0.8491640686988831 0.24518732726573944
vn 0.4191834330558777 -0.8696160912513733 0.260870099067688
vn -0.1829402893781662 -0.7758172154426575 0.603854775428772
vn -0.10809114575386047 0.8938633799552917 0.43511441349983215
vn 0.9117071628570557 -0.029784919694066048 0.4097595512866974
vn -0.5786429643630981 0.5755023956298828 0.577900767326355
vn 0.32690006494522095 -0.9444203972816467 0.03473478555679321
vn -0.5615518689155579 0.18487092852592468 0.8065248131752014
vn 0.4977514445781708 -0.8171699047088623 0.29064902663230896
vn -0.579271137714386 0.05482085049152374 0.8132894039154053
vn 0.5205065011978149 -0.7882395386695862 0.32825523614883423
vn 0.2895837724208832 -0.853489339351654 0.4332404136657715
vn 0.2490304410457611 -0.8383020162582397 0.48500877618789673
vn 0.7099841237068176 0.19306232035160065 0.6772366762161255
vn 0.39855363965034485 0.5980682373046875 0.6953197121620178
vn -0.007651208434253931 0.8299937844276428 0.5577202439308167
vn -0.1647113561630249 0.8946065306663513 0.41539067029953003
vn 0.7023943662643433 0.506920576095581 0.49967363476753235
vn 0.23811288177967072 0.8014666438102722 0.5485922694206238
vn -0.21184641122817993 0.9109201431274414 0.35404178500175476
vn -0.31981831789016724 0.8605889678001404 0.3963620960712433
vn 0.9857839941978455 0.015579942613840103 0.16729386150836945
vn -0.42323219776153564 0.7803518176078796 0.46035370230674744
vn 0.99848473072052 -0.0021313661709427834 0.05498790740966797
vn -0.500430166721344 0.6668816804885864 0.5521217584609985
vn -0.5625422596931458 0.35940149426460266 0.7445648312568665
vn 0.2646867036819458 -0.9616076946258545 0.07246812433004379
vn -0.5079489946365356 0.08382950723171234 0.8572983741760254
vn -0.4875887334346771 -0.08409582823514938 0.8690139055252075
vn 0.24516408145427704 -0.8642719984054565 0.43923622369766235
vn -0.33889469504356384 -0.4137848913669586 0.8449452519416809
vn -0.1277151107788086 -0.6165788769721985 0.7768650650978088
vn 0.06364027410745621 -0.7519261837005615 0.6561684012413025
vn 0.06082417815923691 -0.759381115436554 0.6477969288825989
vn -0.17318518459796906 -0.7159835696220398 0.6762946844100952
vn 0.9505707025527954 0.24543429911136627 0.19020356237888336
vn -0.36879047751426697 0.7706589102745056 0.519690752029419
vn -0.5281721949577332 0.4763525128364563 0.702938437461853
vn -0.5206116437911987 0.178428515791893 0.8349411487579346
vn 0.2608473002910614 -0.9653633236885071 -0.005690633784979582
vn -0.29286545515060425 -0.05364613980054855 0.9546476006507874
vn 0.3424176871776581 -0.8359435796737671 0.4288923144340515
vn -0.20489421486854553 -0.5701688528060913 0.7955664396286011
vn -0.02536185085773468 0.8923951387405396 0.4505417048931122
vn 0.7288126945495605 0.619618833065033 0.29138389229774475
vn 0.4276130199432373 0.7911983728408813 0.4372095763683319
vn -0.17015141248703003 0.890221357345581 0.42255696654319763
vn 0.8665904998779297 -0.49869146943092346 -0.018106214702129364
vn 0.7326090931892395 -0.6787840127944946 -0.050360679626464844
vn -0.4833194613456726 0.20756171643733978 0.8504825234413147
vn 0.3738669753074646 -0.9272964596748352 -0.018567433580756187
vn -0.4830763041973114 0.12801574170589447 0.8661693334579468
vn -0.3481702506542206 0.06328421086072922 0.9352927803993225
vn 0.16131187975406647 -0.9702095985412598 0.18075382709503174
vn -0.08130761235952377 -0.8753635287284851 0.4765792787075043
vn 0.23535093665122986 -0.8225959539413452 0.5176348090171814
vn 0.11333303153514862 -0.5123418569564819 0.8512704968452454
vn 0.4122800827026367 -0.6277222037315369 0.6602953672409058
vn 0.3227217197418213 -0.6908212900161743 0.6470059752464294
vn 0.19481311738491058 -0.39352667331695557 0.8984345197677612
vn -0.11985724419355392 -0.3454627990722656 0.9307469129562378
vn 0.19058658182621002 -0.7175027132034302 0.6699751615524292
vn 0.14789637923240662 0.8852278590202332 0.441019743680954
vn -0.26965323090553284 0.803108274936676 0.5313231348991394
vn 0.9915134310722351 0.1232413575053215 0.0413847491145134
vn -0.45359504222869873 0.6347658038139343 0.6255589723587036
vn 0.9839680194854736 -0.1765991896390915 0.02489274926483631
vn -0.486907422542572 0.42535367608070374 0.7628862857818604
vn -0.5075317025184631 0.31816771626472473 0.800737738609314
vn -0.4174138009548187 0.03496513143181801 0.9080435633659363
vn -0.4198557138442993 -0.294421523809433 0.8585086464881897
vn -0.4912585914134979 -0.06792165338993073 0.8683614730834961
vn -0.1651085466146469 -0.21414995193481445 0.9627455472946167
vn 0.28183484077453613 -0.9316904544830322 0.22917696833610535
vn 0.1259406954050064 -0.9551394581794739 0.2680439352989197
vn -0.16337236762046814 -0.6086567044258118 0.7764319181442261
vn 0.13675691187381744 -0.3184410631656647 0.9380260705947876
vn 0.38795793056488037 0.8347044587135315 0.39084166288375854
vn 0.6999384760856628 0.653069257736206 0.2891136407852173
vn 0.8979352116584778 0.40498238801956177 0.17234152555465698
vn -0.37421220541000366 0.631679117679596 0.6789306402206421
vn 0.6825244426727295 -0.7283444404602051 0.06061983481049538
vn 0.20363831520080566 -0.9712017774581909 0.12368717044591904
vn -0.4856608808040619 -0.15331508219242096 0.860597550868988
vn 0.22866101562976837 -0.9632000923156738 0.1412789523601532
vn -0.38765043020248413 -0.5771450400352478 0.7187703251838684
vn -0.042154815047979355 -0.8272342681884766 0.5602735877037048
vn -0.28782138228416443 -0.6255661249160767 0.7251385450363159
vn 0.09109562635421753 0.8960425853729248 0.43452188372612
vn -0.09046328067779541 0.8679530620574951 0.488337904214859
vn -0.34722980856895447 0.6480979919433594 0.6777909398078918
vn 0.9715957045555115 0.10652104020118713 0.2113175094127655
vn -0.3958064317703247 0.17944565415382385 0.9006311893463135
vn -0.3936440348625183 0.43758994340896606 0.8084302544593811
vn 0.8950515985488892 -0.3870832920074463 0.22147053480148315
vn 0.38919299840927124 -0.9043948650360107 0.17492513358592987
vn 0.18035557866096497 -0.9235566258430481 0.3384007513523102
vn 0.15151384472846985 -0.8601101040840149 0.4870874583721161
vn 0.7554640769958496 0.5183694958686829 0.40070822834968567
vn -0.21652022004127502 0.7513351440429688 0.6233896017074585
vn -0.34886789321899414 0.6336992383003235 0.6904465556144714
vn -0.3899206519126892 0.38561347126960754 0.8362202048301697
vn -0.31500548124313354 -0.046512752771377563 0.9479494690895081
vn -0.4511672556400299 0.04211680218577385 0.8914451003074646
vn -0.16066224873065948 -0.46667295694351196 0.8697149753570557
vn -0.3464091718196869 -0.3190569281578064 0.8821583986282349
vn -0.354648232460022 -0.05898464098572731 0.9331374168395996
vn -0.22168900072574615 -0.41678938269615173 0.8815557956695557
vn 0.12380891293287277 -0.9160642027854919 0.38144174218177795
vn 0.09299427270889282 -0.9423918724060059 0.3213249146938324
vn -0.009880983270704746 -0.8554810881614685 0.5177398920059204
vn 0.033920466899871826 -0.7916004657745361 0.6100967526435852
vn -0.03327879309654236 -0.6788711547851562 0.7335028648376465
vn 0.4497276544570923 0.5752885341644287 0.6832189559936523
vn 0.06675272434949875 0.799543559551239 0.5968871116638184
vn -0.4453096091747284 0.2836051881313324 0.8492746949195862
vn -0.3056388199329376 -0.5159536600112915 0.8002354502677917
vn -0.4455471634864807 -0.08829129487276077 0.8908941149711609
vn 0.5031252503395081 -0.5832947492599487 0.6376772522926331
vn 0.1440654844045639 -0.8751517534255981 0.4619032144546509
vn -0.05779562518000603 -0.6921338438987732 0.7194515466690063
vn -0.1737966388463974 -0.6657369136810303 0.7256646156311035
vn 0.7880119681358337 0.108902208507061 0.6059517860412598
vn 0.19747121632099152 0.4398074150085449 0.8761133551597595
vn -0.18650242686271667 0.4398551881313324 0.8784897923469543
vn -0.4165855050086975 0.37763339281082153 0.8269519805908203
vn -0.31605854630470276 -0.18700802326202393 0.9301263689994812
vn 0.45983272790908813 0.15946339070796967 0.873570442199707
vn 0.08633945137262344 -0.08620265126228333 0.9925294518470764
f 1//1 2//2 3//3
f 3//3 2//2 4//4
f 5//5 6//6 7//7
f 6//6 5//5 8//8
f 9//9 8//8 5//5
f 10//10 11//11 9//9
f 12//12 13//13 14//14
f 15//15 12//12 14//14
f 7//7 16//16 5//5
f 17//17 5//5 16//16
f 9//9 5//5 17//17
f 18//18 9//9 17//17
f 10//10 9//9 18//18
f 10//10 19//19 20//20
f 13//13 2//2 14//14
f 10//10 18//18 21//21
f 19//19 2//2 20//20
f 13//13 20//20 2//2
f 15//15 14//14 1//1
f 1//1 22//22 15//15
f 17//17 16//16 23//23
f 19//19 10//10 21//21
f 1//1 14//14 2//2
f 18//18 17//17 23//23
f 21//21 18//18 24//24
f 22//22 1//1 25//25
f 22//22 26//26 27//27
f 28//28 29//29 30//30
f 31//31 28//28 30//30
f 23//23 16//16 32//32
f 18//18 23//23 33//33
f 21//21 24//24 34//34
f 19//19 21//21 34//34
f 19//19 34//34 2//2
f 26//26 22//22 35//35
f 31//31 30//30 36//36
f 32//32 31//31 36//36
f 24//24 18//18 33//33
f 34//34 24//24 37//37
f 2//2 34//34 4//4
f 1//1 3//3 25//25
f 35//35 22//22 38//38
f 39//39 26//26 35//35
f 40//40 30//30 29//29
f 41//41 32//32 36//36
f 23//23 32//32 41//41
f 33//33 23//23 41//41
f 24//24 33//33 37//37
f 42//42 34//34 37//37
f 4//4 34//34 42//42
f 22//22 25//25 38//38
f 39//39 35//35 43//43
f 44//44 30//30 40//40
f 36//36 30//30 45//45
f 46//46 36//36 45//45
f 41//41 36//36 46//46
f 4//4 42//42 3//3
f 47//47 25//25 3//3
f 48//48 35//35 38//38
f 43//43 35//35 48//48
f 30//30 44//44 45//45
f 49//49 41//41 46//46
f 33//33 41//41 49//49
f 3//3 42//42 47//47
f 25//25 47//47 50//50
f 38//38 25//25 50//50
f 51//51 52//52 53//53
f 46//46 45//45 54//54
f 49//49 46//46 54//54
f 42//42 37//37 55//55
f 47//47 42//42 55//55
f 50//50 47//47 56//56
f 48//48 38//38 50//50
f 54//54 45//45 44//44
f 49//49 54//54 57//57
f 33//33 49//49 58//58
f 59//59 33//33 58//58
f 37//37 33//33 59//59
f 43//43 48//48 60//60
f 60//60 61//61 43//43
f 62//62 52//52 63//63
f 54//54 44//44 64//64
f 65//65 49//49 57//57
f 65//65 66//66 49//49
f 37//37 59//59 67//67
f 68//68 55//55 67//67
f 55//55 37//37 67//67
f 69//69 55//55 68//68
f 47//47 55//55 69//69
f 69//69 56//56 47//47
f 70//70 71//71 50//50
f 70//70 50//50 56//56
f 57//57 54//54 64//64
f 58//58 49//49 66//66
f 70//70 56//56 69//69
f 48//48 50//50 60//60
f 60//60 50//50 71//71
f 72//72 61//61 60//60
f 73//73 63//63 74//74
f 75//75 76//76 73//73
f 77//77 75//75 73//73
f 66//66 78//78 58//58
f 59//59 58//58 78//78
f 79//79 59//59 78//78
f 67//67 59//59 79//79
f 67//67 79//79 68//68
f 69//69 68//68 80//80
f 69//69 80//80 81//81
f 70//70 69//69 81//81
f 82//82 83//83 60//60
f 83//83 72//72 60//60
f 78//78 84//84 79//79
f 68//68 79//79 80//80
f 70//70 81//81 85//85
f 86//86 71//71 70//70
f 82//82 60//60 71//71
f 86//86 82//82 71//71
f 78//78 87//87 88//88
f 89//89 79//79 84//84
f 80//80 79//79 89//89
f 81//81 80//80 90//90
f 90//90 80//80 89//89
f 85//85 81//81 90//90
f 91//91 92//92 74//74
f 82//82 86//86 93//93
f 94//94 74//74 95//95
f 94//94 96//96 74//74
f 95//95 97//97 98//98
f 99//99 12//12 100//100
f 100//100 101//101 102//102
f 103//103 7//7 104//104
f 7//7 6//6 104//104
f 8//8 105//105 6//6
f 106//106 105//105 8//8
f 11//11 106//106 8//8
f 99//99 106//106 11//11
f 20//20 99//99 11//11
f 12//12 99//99 20//20
f 101//101 100//100 12//12
f 15//15 101//101 12//12
f 15//15 107//107 101//101
f 108//108 109//109 110//110
f 11//11 8//8 9//9
f 12//12 20//20 13//13
f 107//107 15//15 111//111
f 7//7 103//103 16//16
f 20//20 11//11 10//10
f 112//112 111//111 15//15
f 109//109 113//113 114//114
f 110//110 109//109 31//31
f 16//16 103//103 110//110
f 15//15 22//22 112//112
f 112//112 115//115 111//111
f 116//116 117//117 118//118
f 28//28 109//109 114//114
f 31//31 109//109 28//28
f 16//16 110//110 32//32
f 27//27 112//112 22//22
f 115//115 112//112 27//27
f 26//26 115//115 27//27
f 116//116 115//115 26//26
f 117//117 116//116 119//119
f 119//119 116//116 26//26
f 110//110 31//31 32//32
f 28//28 114//114 29//29
f 39//39 119//119 26//26
f 120//120 117//117 119//119
f 114//114 121//121 29//29
f 120//120 119//119 39//39
f 40//40 29//29 121//121
f 122//122 120//120 123//123
f 53//53 120//120 39//39
f 53//53 123//123 120//120
f 53//53 62//62 124//124
f 53//53 124//124 123//123
f 40//40 125//125 44//44
f 43//43 51//51 39//39
f 39//39 51//51 53//53
f 53//53 52//52 62//62
f 123//123 124//124 126//126
f 51//51 43//43 61//61
f 124//124 76//76 126//126
f 61//61 127//127 51//51
f 52//52 51//51 127//127
f 127//127 63//63 52//52
f 124//124 62//62 76//76
f 76//76 62//62 73//73
f 76//76 75//75 128//128
f 62//62 63//63 73//73
f 128//128 75//75 129//129
f 57//57 64//64 130//130
f 57//57 131//131 65//65
f 65//65 131//131 66//66
f 127//127 61//61 132//132
f 127//127 132//132 63//63
f 129//129 75//75 133//133
f 57//57 134//134 131//131
f 87//87 131//131 134//134
f 66//66 131//131 87//87
f 66//66 87//87 78//78
f 61//61 72//72 132//132
f 95//95 63//63 132//132
f 95//95 74//74 63//63
f 73//73 74//74 92//92
f 73//73 92//92 77//77
f 75//75 77//77 135//135
f 134//134 57//57 130//130
f 78//78 88//88 84//84
f 70//70 85//85 86//86
f 136//136 72//72 83//83
f 132//132 72//72 136//136
f 77//77 92//92 137//137
f 77//77 137//137 135//135
f 75//75 135//135 133//133
f 133//133 135//135 138//138
f 139//139 88//88 140//140
f 84//84 88//88 139//139
f 84//84 139//139 89//89
f 95//95 136//136 97//97
f 95//95 132//132 136//136
f 89//89 139//139 141//141
f 90//90 89//89 141//141
f 90//90 141//141 142//142
f 85//85 90//90 143//143
f 93//93 86//86 144//144
f 136//136 83//83 97//97
f 74//74 96//96 91//91
f 137//137 92//92 145//145
f 92//92 91//91 145//145
f 145//145 146//146 137//137
f 96//96 145//145 91//91
f 95//95 98//98 94//94
f 147//147 6//6 105//105
f 108//108 104//104 148//148
f 148//148 104//104 149//149
f 147//147 104//104 6//6
f 106//106 150//150 105//105
f 99//99 150//150 106//106
f 151//151 150//150 99//99
f 100//100 151//151 99//99
f 102//102 151//151 100//100
f 152//152 109//109 108//108
f 107//107 153//153 101//101
f 110//110 104//104 108//108
f 103//103 104//104 110//110
f 113//113 152//152 154//154
f 109//109 152//152 113//113
f 107//107 111//111 155//155
f 121//121 113//113 154//154
f 155//155 111//111 156//156
f 111//111 115//115 156//156
f 156//156 115//115 118//118
f 115//115 116//116 118//118
f 118//118 157//157 158//158
f 117//117 157//157 118//118
f 157//157 117//117 159//159
f 114//114 113//113 121//121
f 117//117 120//120 122//122
f 121//121 160//160 40//40
f 123//123 126//126 161//161
f 40//40 160//160 125//125
f 76//76 128//128 162//162
f 126//126 76//76 162//162
f 125//125 163//163 44//44
f 44//44 163//163 64//64
f 164//164 129//129 133//133
f 164//164 133//133 165//165
f 163//163 166//166 64//64
f 130//130 64//64 166//166
f 165//165 133//133 167//167
f 165//165 167//167 168//168
f 130//130 166//166 169//169
f 130//130 169//169 134//134
f 87//87 170//170 88//88
f 167//167 133//133 138//138
f 169//169 166//166 171//171
f 134//134 170//170 87//87
f 134//134 169//169 170//170
f 170//170 140//140 88//88
f 137//137 146//146 135//135
f 170//170 169//169 172//172
f 140//140 170//170 173//173
f 139//139 140//140 174//174
f 139//139 174//174 141//141
f 142//142 143//143 90//90
f 85//85 144//144 86//86
f 175//175 138//138 135//135
f 146//146 175//175 135//135
f 142//142 141//141 176//176
f 82//82 93//93 177//177
f 83//83 82//82 97//97
f 93//93 178//178 177//177
f 82//82 177//177 97//97
f 94//94 98//98 179//179
f 96//96 180//180 145//145
f 145//145 180//180 146//146
f 94//94 179//179 181//181
f 94//94 181//181 180//180
f 94//94 180//180 96//96
f 182//182 177//177 178//178
f 177//177 98//98 97//97
f 177//177 182//182 98//98
f 98//98 182//182 179//179
f 183//183 184//184 185//185
f 186//186 185//185 184//184
f 105//105 187//187 147//147
f 186//186 184//184 150//150
f 188//188 186//186 150//150
f 188//188 189//189 186//186
f 184//184 187//187 105//105
f 150//150 184//184 105//105
f 151//151 188//188 150//150
f 190//190 188//188 151//151
f 102//102 190//190 151//151
f 102//102 153//153 190//190
f 191//191 192//192 152//152
f 148//148 191//191 108//108
f 104//104 147//147 149//149
f 102//102 101//101 153//153
f 108//108 191//191 152//152
f 154//154 192//192 193//193
f 152//152 192//192 154//154
f 154//154 193//193 194//194
f 155//155 156//156 195//195
f 118//118 196//196 156//156
f 196//196 118//118 158//158
f 154//154 194//194 121//121
f 159//159 197//197 157//157
f 198//198 197//197 159//159
f 117//117 199//199 159//159
f 200//200 198//198 159//159
f 194//194 201//201 121//121
f 117//117 122//122 199//199
f 200//200 159//159 199//199
f 121//121 201//201 160//160
f 161//161 200//200 199//199
f 200//200 161//161 202//202
f 160//160 201//201 203//203
f 122//122 123//123 199//199
f 123//123 161//161 199//199
f 161//161 126//126 202//202
f 203//203 204//204 125//125
f 160//160 203//203 125//125
f 162//162 205//205 126//126
f 205//205 162//162 206//206
f 206//206 162//162 164//164
f 164//164 162//162 128//128
f 207//207 206//206 164//164
f 125//125 204//204 163//163
f 204//204 208//208 163//163
f 128//128 129//129 164//164
f 165//165 207//207 164//164
f 209//209 207//207 165//165
f 210//210 207//207 209//209
f 210//210 211//211 207//207
f 212//212 163//163 208//208
f 212//212 166//166 163//163
f 209//209 165//165 168//168
f 167//167 213//213 168//168
f 214//214 209//209 168//168
f 214//214 210//210 209//209
f 215//215 166//166 212//212
f 215//215 171//171 166//166
f 138//138 213//213 167//167
f 168//168 213//213 214//214
f 216//216 169//169 171//171
f 172//172 169//169 216//216
f 173//173 170//170 172//172
f 173//173 172//172 217//217
f 140//140 173//173 218//218
f 218//218 174//174 140//140
f 85//85 143//143 144//144
f 138//138 175//175 219//219
f 213//213 138//138 219//219
f 220//220 213//213 219//219
f 213//213 220//220 214//214
f 220//220 221//221 214//214
f 171//171 222//222 216//216
f 176//176 143//143 142//142
f 143//143 223//223 144//144
f 224//224 221//221 220//220
f 93//93 144//144 178//178
f 220//220 225//225 224//224
f 223//223 226//226 227//227
f 223//223 227//227 144//144
f 144//144 227//227 178//178
f 146//146 180//180 228//228
f 178//178 227//227 229//229
f 182//182 178//178 229//229
f 182//182 229//229 230//230
f 182//182 230//230 179//179
f 181//181 179//179 231//231
f 231//231 179//179 230//230
f 231//231 180//180 181//181
f 229//229 227//227 232//232
f 231//231 230//230 229//229
f 187//187 184//184 233//233
f 233//233 184//184 183//183
f 234//234 149//149 147//147
f 186//186 189//189 185//185
f 235//235 148//148 236//236
f 148//148 149//149 234//234
f 188//188 237//237 189//189
f 188//188 190//190 237//237
f 235//235 192//192 191//191
f 148//148 235//235 191//191
f 190//190 153//153 238//238
f 239//239 192//192 240//240
f 192//192 239//239 193//193
f 107//107 241//241 153//153
f 107//107 195//195 241//241
f 195//195 107//107 155//155
f 194//194 193//193 239//239
f 158//158 157//157 197//197
f 198//198 200//200 242//242
f 201//201 243//243 203//203
f 202//202 126//126 205//205
f 244//244 202//202 205//205
f 205//205 206//206 245//245
f 206//206 207//207 211//211
f 211//211 210//210 246//246
f 212//212 208//208 247//247
f 212//212 247//247 215//215
f 210//210 248//248 246//246
f 210//210 214//214 248//248
f 221//221 248//248 214//214
f 171//171 215//215 222//222
f 172//172 216//216 249//249
f 249//249 217//217 172//172
f 173//173 217//217 218//218
f 141//141 174//174 250//250
f 141//141 250//250 176//176
f 216//216 222//222 249//249
f 251//251 220//220 219//219
f 143//143 176//176 252//252
f 223//223 143//143 252//252
f 175//175 146//146 228//228
f 253//253 251//251 175//175
f 251//251 219//219 175//175
f 252//252 226//226 223//223
f 175//175 228//228 254//254
f 253//253 175//175 254//254
f 232//232 227//227 226//226
f 255//255 180//180 231//231
f 255//255 228//228 180//180
f 229//229 232//232 256//256
f 231//231 229//229 257//257
f 231//231 257//257 258//258
f 233//233 183//183 259//259
f 259//259 183//183 260//260
f 183//183 185//185 260//260
f 185//185 261//261 260//260
f 262//262 235//235 236//236
f 263//263 236//236 234//234
f 147//147 233//233 234//234
f 187//187 233//233 147//147
f 189//189 261//261 185//185
f 235//235 262//262 240//240
f 234//234 236//236 148//148
f 190//190 264//264 237//237
f 190//190 238//238 264//264
f 235//235 240//240 192//192
f 239//239 265//265 266//266
f 240//240 265//265 239//239
f 239//239 267//267 194//194
f 268//268 156//156 196//196
f 196//196 158//158 269//269
f 269//269 158//158 270//270
f 194//194 267//267 201//201
f 156//156 268//268 195//195
f 267//267 243//243 201//201
f 197//197 198//198 242//242
f 203//203 243//243 271//271
f 242//242 200//200 272//272
f 272//272 200//200 202//202
f 273//273 205//205 245//245
f 203//203 274//274 204//204
f 206//206 275//275 245//245
f 211//211 275//275 206//206
f 211//211 246//246 276//276
f 211//211 276//276 275//275
f 276//276 246//246 277//277
f 204//204 274//274 208//208
f 246//246 278//278 277//277
f 208//208 279//279 247//247
f 278//278 246//246 248//248
f 278//278 248//248 280//280
f 215//215 281//281 222//222
f 217//217 249//249 282//282
f 217//217 282//282 218//218
f 218//218 283//283 174//174
f 282//282 283//283 218//218
f 284//284 280//280 248//248
f 284//284 248//248 221//221
f 176//176 250//250 285//285
f 176//176 285//285 286//286
f 220//220 251//251 225//225
f 284//284 221//221 287//287
f 252//252 176//176 286//286
f 224//224 287//287 221//221
f 224//224 288//288 287//287
f 288//288 284//284 287//287
f 226//226 252//252 289//289
f 251//251 290//290 291//291
f 292//292 251//251 291//291
f 225//225 251//251 292//292
f 293//293 225//225 292//292
f 224//224 225//225 293//293
f 293//293 288//288 224//224
f 289//289 232//232 226//226
f 256//256 232//232 289//289
f 254//254 228//228 255//255
f 294//294 253//253 254//254
f 295//295 291//291 290//290
f 253//253 294//294 295//295
f 295//295 290//290 253//253
f 296//296 291//291 295//295
f 292//292 296//296 297//297
f 292//292 291//291 296//296
f 298//298 292//292 297//297
f 293//293 292//292 298//298
f 299//299 288//288 293//293
f 229//229 256//256 257//257
f 255//255 231//231 258//258
f 294//294 300//300 295//295
f 298//298 301//301 293//293
f 301//301 299//299 293//293
f 295//295 302//302 303//303
f 296//296 295//295 303//303
f 297//297 296//296 303//303
f 298//298 297//297 304//304
f 304//304 301//301 298//298
f 300//300 305//305 302//302
f 300//300 302//302 295//295
f 306//306 297//297 303//303
f 303//303 302//302 307//307
f 303//303 307//307 306//306
f 304//304 297//297 306//306
f 308//308 299//299 301//301
f 302//302 305//305 309//309
f 307//307 302//302 309//309
f 308//308 301//301 304//304
f 306//306 307//307 310//310
f 306//306 310//310 304//304
f 307//307 309//309 311//311
f 310//310 307//307 311//311
f 312//312 308//308 304//304
f 310//310 311//311 313//313
f 304//304 310//310 313//313
f 312//312 304//304 313//313
f 314//314 311//311 315//315
f 314//314 313//313 311//311
f 316//316 317//317 318//318
f 319//319 263//263 320//320
f 321//321 233//233 322//322
f 259//259 322//322 233//233
f 259//259 260//260 323//323
f 265//265 318//318 317//317
f 262//262 318//318 265//265
f 263//263 234//234 321//321
f 233//233 321//321 234//234
f 260//260 324//324 325//325
f 260//260 261//261 324//324
f 261//261 326//326 324//324
f 324//324 326//326 327//327
f 319//319 262//262 236//236
f 263//263 319//319 236//236
f 261//261 189//189 326//326
f 189//189 237//237 326//326
f 317//317 316//316 266//266
f 266//266 316//316 328//328
f 265//265 317//317 266//266
f 262//262 265//265 240//240
f 153//153 329//329 238//238
f 329//329 153//153 241//241
f 266//266 328//328 267//267
f 267//267 328//328 330//330
f 239//239 266//266 267//267
f 195//195 331//331 241//241
f 331//331 195//195 268//268
f 267//267 330//330 243//243
f 158//158 197//197 270//270
f 332//332 243//243 330//330
f 332//332 271//271 243//243
f 203//203 271//271 274//274
f 244//244 205//205 273//273
f 333//333 273//273 245//245
f 245//245 334//334 333//333
f 271//271 335//335 274//274
f 245//245 275//275 334//334
f 276//276 334//334 275//275
f 279//279 274//274 335//335
f 274//274 279//279 208//208
f 247//247 279//279 336//336
f 247//247 281//281 215//215
f 281//281 247//247 337//337
f 281//281 337//337 338//338
f 338//338 222//222 281//281
f 280//280 284//284 339//339
f 222//222 338//338 340//340
f 249//249 222//222 341//341
f 222//222 340//340 341//341
f 249//249 341//341 342//342
f 282//282 249//249 342//342
f 250//250 174//174 283//283
f 252//252 286//286 343//343
f 284//284 288//288 339//339
f 344//344 289//289 252//252
f 251//251 253//253 290//290
f 339//339 288//288 345//345
f 346//346 256//256 289//289
f 347//347 348//348 255//255
f 294//294 254//254 348//348
f 254//254 255//255 348//348
f 345//345 288//288 299//299
f 349//349 258//258 350//350
f 258//258 349//349 347//347
f 257//257 256//256 351//351
f 350//350 257//257 351//351
f 258//258 257//257 350//350
f 255//255 258//258 347//347
f 300//300 294//294 352//352
f 353//353 300//300 352//352
f 354//354 345//345 299//299
f 355//355 300//300 353//353
f 356//356 354//354 299//299
f 357//357 355//355 358//358
f 359//359 357//357 358//358
f 305//305 300//300 357//357
f 300//300 355//355 357//357
f 308//308 360//360 299//299
f 360//360 356//356 299//299
f 361//361 362//362 359//359
f 357//357 359//359 362//362
f 305//305 357//357 309//309
f 363//363 356//356 360//360
f 362//362 315//315 357//357
f 315//315 309//309 357//357
f 308//308 312//312 364//364
f 364//364 360//360 308//308
f 315//315 311//311 309//309
f 315//315 362//362 365//365
f 315//315 365//365 314//314
f 312//312 313//313 364//364
f 364//364 366//366 360//360
f 314//314 365//365 367//367
f 365//365 368//368 367//367
f 314//314 369//369 313//313
f 314//314 367//367 369//369
f 313//313 369//369 364//364
f 367//367 368//368 370//370
f 367//367 370//370 369//369
f 364//364 369//369 371//371
f 366//366 364//364 371//371
f 371//371 369//369 370//370
f 372//372 373//373 374//374
f 373//373 318//318 375//375
f 320//320 376//376 375//375
f 320//320 375//375 319//319
f 259//259 377//377 322//322
f 322//322 377//377 378//378
f 323//323 377//377 259//259
f 379//379 316//316 372//372
f 373//373 372//372 316//316
f 318//318 373//373 316//316
f 262//262 375//375 318//318
f 319//319 375//375 262//262
f 320//320 263//263 380//380
f 263//263 321//321 380//380
f 260//260 325//325 323//323
f 325//325 381//381 382//382
f 325//325 324//324 381//381
f 381//381 324//324 327//327
f 379//379 328//328 316//316
f 237//237 264//264 326//326
f 383//383 328//328 379//379
f 238//238 384//384 264//264
f 328//328 383//383 330//330
f 268//268 385//385 331//331
f 268//268 386//386 385//385
f 196//196 386//386 268//268
f 269//269 386//386 196//196
f 270//270 386//386 269//269
f 197//197 387//387 270//270
f 387//387 197//197 242//242
f 202//202 244//244 272//272
f 273//273 333//333 388//388
f 333//333 334//334 388//388
f 276//276 389//389 334//334
f 276//276 277//277 389//389
f 277//277 278//278 390//390
f 279//279 335//335 336//336
f 247//247 336//336 391//391
f 247//247 391//391 392//392
f 392//392 337//337 247//247
f 278//278 280//280 393//393
f 337//337 394//394 338//338
f 395//395 396//396 342//342
f 342//342 341//341 395//395
f 342//342 396//396 282//282
f 283//283 282//282 397//397
f 280//280 339//339 398//398
f 286//286 285//285 343//343
f 398//398 339//339 399//399
f 252//252 343//343 344//344
f 289//289 344//344 400//400
f 400//400 401//401 289//289
f 399//399 339//339 345//345
f 289//289 401//401 346//346
f 347//347 349//349 402//402
f 402//402 348//348 347//347
f 403//403 399//399 345//345
f 351//351 256//256 346//346
f 351//351 346//346 404//404
f 404//404 350//350 351//351
f 405//405 348//348 402//402
f 294//294 348//348 352//352
f 348//348 405//405 352//352
f 353//353 406//406 358//358
f 358//358 406//406 407//407
f 353//353 358//358 355//355
f 359//359 407//407 408//408
f 359//359 408//408 361//361
f 407//407 359//359 358//358
f 409//409 362//362 361//361
f 365//365 409//409 410//410
f 365//365 362//362 409//409
f 410//410 368//368 365//365
f 360//360 366//366 363//363
f 370//370 368//368 411//411
f 370//370 412//412 413//413
f 371//371 370//370 413//413
f 414//414 371//371 413//413
f 366//366 371//371 414//414
f 375//375 415//415 416//416
f 375//375 376//376 415//415
f 374//374 375//375 416//416
f 378//378 377//377 417//417
f 375//375 374//374 373//373
f 376//376 320//320 418//418
f 321//321 419//419 380//380
f 322//322 419//419 321//321
f 322//322 378//378 419//419
f 323//323 420//420 377//377
f 421//421 379//379 372//372
f 420//420 323//323 382//382
f 323//323 325//325 382//382
f 264//264 384//384 326//326
f 379//379 422//422 383//383
f 241//241 423//423 424//424
f 331//331 423//423 241//241
f 385//385 423//423 331//331
f 270//270 387//387 425//425
f 426//426 425//425 387//387
f 272//272 427//427 242//242
f 242//242 427//427 387//387
f 272//272 428//428 427//427
f 244//244 428//428 272//272
f 273//273 429//429 244//244
f 244//244 429//429 428//428
f 271//271 332//332 430//430
f 388//388 429//429 273//273
f 388//388 334//334 431//431
f 335//335 271//271 430//430
f 432//432 334//334 389//389
f 277//277 390//390 389//389
f 336//336 335//335 433//433
f 390//390 278//278 393//393
f 392//392 434//434 337//337
f 337//337 434//434 394//394
f 338//338 394//394 435//435
f 395//395 436//436 396//396
f 280//280 398//398 393//393
f 340//340 338//338 435//435
f 341//341 340//340 437//437
f 341//341 437//437 395//395
f 282//282 396//396 397//397
f 283//283 438//438 250//250
f 438//438 285//285 250//250
f 398//398 399//399 439//439
f 402//402 349//349 350//350
f 402//402 350//350 440//440
f 440//440 350//350 404//404
f 405//405 441//441 352//352
f 354//354 403//403 345//345
f 353//353 352//352 406//406
f 409//409 361//361 442//442
f 409//409 442//442 443//443
f 443//443 410//410 409//409
f 363//363 366//366 444//444
f 410//410 443//443 445//445
f 410//410 445//445 368//368
f 368//368 445//445 411//411
f 412//412 370//370 411//411
f 446//446 366//366 414//414
f 416//416 415//415 447//447
f 376//376 448//448 415//415
f 449//449 374//374 416//416
f 419//419 378//378 450//450
f 449//449 451//451 372//372
f 374//374 449//449 372//372
f 419//419 418//418 320//320
f 380//380 419//419 320//320
f 377//377 420//420 417//417
f 452//452 421//421 372//372
f 420//420 382//382 453//453
f 421//421 452//452 454//454
f 382//382 381//381 455//455
f 327//327 455//455 381//381
f 326//326 456//456 327//327
f 384//384 456//456 326//326
f 457//457 384//384 238//238
f 379//379 421//421 422//422
f 421//421 458//458 422//422
f 238//238 329//329 457//457
f 329//329 241//241 424//424
f 459//459 386//386 270//270
f 383//383 422//422 330//330
f 270//270 460//460 459//459
f 460//460 270//270 425//425
f 461//461 330//330 422//422
f 462//462 330//330 461//461
f 330//330 462//462 332//332
f 387//387 427//427 426//426
f 462//462 430//430 332//332
f 428//428 429//429 463//463
f 388//388 464//464 429//429
f 388//388 431//431 464//464
f 431//431 334//334 432//432
f 465//465 432//432 389//389
f 430//430 466//466 335//335
f 335//335 466//466 433//433
f 467//467 465//465 390//390
f 465//465 389//389 390//390
f 466//466 468//468 433//433
f 336//336 433//433 391//391
f 433//433 468//468 391//391
f 469//469 391//391 470//470
f 392//392 391//391 469//469
f 392//392 469//469 434//434
f 398//398 471//471 393//393
f 394//394 472//472 435//435
f 435//435 472//472 473//473
f 437//437 474//474 395//395
f 474//474 475//475 395//395
f 436//436 395//395 475//475
f 396//396 436//436 476//476
f 476//476 477//477 396//396
f 340//340 435//435 473//473
f 437//437 340//340 473//473
f 396//396 477//477 397//397
f 285//285 438//438 343//343
f 439//439 399//399 403//403
f 343//343 478//478 344//344
f 401//401 400//400 479//479
f 344//344 480//480 400//400
f 346//346 401//401 481//481
f 401//401 479//479 481//481
f 346//346 481//481 404//404
f 404//404 481//481 440//440
f 439//439 403//403 482//482
f 440//440 483//483 402//402
f 402//402 441//441 405//405
f 483//483 441//441 402//402
f 482//482 403//403 484//484
f 352//352 485//485 406//406
f 441//441 485//485 352//352
f 354//354 484//484 403//403
f 356//356 486//486 354//354
f 408//408 407//407 487//487
f 488//488 408//408 487//487
f 488//488 442//442 408//408
f 442//442 361//361 408//408
f 363//363 486//486 356//356
f 489//489 490//490 486//486
f 363//363 444//444 486//486
f 444//444 489//489 486//486
f 443//443 442//442 491//491
f 445//445 443//443 492//492
f 492//492 493//493 445//445
f 445//445 493//493 411//411
f 411//411 493//493 412//412
f 446//446 494//494 366//366
f 494//494 444//444 366//366
f 412//412 495//495 413//413
f 414//414 413//413 496//496
f 497//497 416//416 447//447
f 448//448 498//498 415//415
f 415//415 498//498 447//447
f 416//416 497//497 449//449
f 376//376 418//418 448//448
f 450//450 448//448 419//419
f 448//448 418//418 419//419
f 378//378 417//417 450//450
f 420//420 453//453 417//417
f 417//417 453//453 499//499
f 452//452 372//372 451//451
f 455//455 453//453 382//382
f 455//455 500//500 453//453
f 455//455 327//327 501//501
f 327//327 456//456 501//501
f 454//454 458//458 421//421
f 422//422 458//458 502//502
f 423//423 503//503 424//424
f 423//423 504//504 503//503
f 385//385 504//504 423//423
f 386//386 459//459 385//385
f 385//385 459//459 504//504
f 461//461 422//422 502//502
f 505//505 425//425 426//426
f 506//506 507//507 508//508
f 506//506 509//509 510//510
f 506//506 511//511 507//507
f 427//427 428//428 426//426
f 512//512 513//513 514//514
f 515//515 507//507 511//511
f 515//515 511//511 516//516
f 429//429 464//464 463//463
f 517//517 468//468 466//466
f 471//471 467//467 390//390
f 471//471 390//390 393//393
f 391//391 468//468 518//518
f 434//434 469//469 519//519
f 434//434 472//472 394//394
f 520//520 472//472 434//434
f 437//437 473//473 521//521
f 437//437 521//521 474//474
f 471//471 398//398 522//522
f 283//283 397//397 438//438
f 398//398 439//439 522//522
f 344//344 478//478 480//480
f 479//479 523//523 481//481
f 440//440 481//481 523//523
f 439//439 482//482 524//524
f 440//440 523//523 483//483
f 483//483 525//525 526//526
f 441//441 483//483 526//526
f 527//527 441//441 526//526
f 441//441 527//527 485//485
f 485//485 528//528 406//406
f 484//484 354//354 486//486
f 486//486 529//529 484//484
f 407//407 406//406 528//528
f 407//407 528//528 487//487
f 487//487 530//530 488//488
f 491//491 442//442 488//488
f 491//491 492//492 443//443
f 531//531 492//492 491//491
f 444//444 494//494 532//532
f 444//444 532//532 489//489
f 492//492 533//533 493//493
f 412//412 493//493 495//495
f 494//494 446//446 534//534
f 413//413 495//495 496//496
f 446//446 414//414 496//496
f 448//448 450//450 535//535
f 448//448 535//535 498//498
f 536//536 449//449 497//497
f 535//535 450//450 537//537
f 417//417 537//537 450//450
f 417//417 499//499 537//537
f 538//538 454//454 452//452
f 456//456 539//539 501//501
f 540//540 458//458 538//538
f 538//538 458//458 454//454
f 329//329 541//541 457//457
f 329//329 424//424 541//541
f 542//542 424//424 503//503
f 460//460 543//543 459//459
f 544//544 545//545 546//546
f 546//546 545//545 547//547
f 545//545 548//548 549//549
f 545//545 549//549 550//550
f 460//460 425//425 543//543
f 505//505 543//543 425//425
f 551//551 552//552 553//553
f 546//546 553//553 552//552
f 546//546 552//552 554//554
f 544//544 546//546 555//555
f 555//555 546//546 554//554
f 548//548 544//544 555//555
f 549//549 548//548 555//555
f 549//549 555//555 509//509
f 550//550 549//549 509//509
f 506//506 550//550 509//509
f 550//550 556//556 557//557
f 550//550 506//506 556//556
f 506//506 508//508 556//556
f 508//508 507//507 558//558
f 508//508 558//558 556//556
f 559//559 558//558 507//507
f 560//560 505//505 426//426
f 551//551 561//561 562//562
f 563//563 552//552 562//562
f 562//562 552//552 551//551
f 563//563 554//554 552//552
f 509//509 555//555 510//510
f 555//555 554//554 510//510
f 510//510 512//512 506//506
f 506//506 512//512 511//511
f 428//428 463//463 426//426
f 426//426 463//463 560//560
f 564//564 565//565 566//566
f 565//565 564//564 567//567
f 563//563 562//562 554//554
f 554//554 562//562 568//568
f 513//513 510//510 568//568
f 510//510 554//554 568//568
f 512//512 510//510 513//513
f 512//512 514//514 511//511
f 564//564 566//566 569//569
f 567//567 564//564 569//569
f 570//570 562//562 561//561
f 568//568 562//562 570//570
f 571//571 568//568 570//570
f 513//513 568//568 571//571
f 514//514 513//513 571//571
f 514//514 571//571 572//572
f 511//511 514//514 572//572
f 511//511 572//572 573//573
f 511//511 573//573 516//516
f 515//515 516//516 574//574
f 463//463 464//464 575//575
f 576//576 577//577 578//578
f 576//576 579//579 580//580
f 577//577 576//576 580//580
f 462//462 581//581 430//430
f 576//576 578//578 582//582
f 579//579 576//576 582//582
f 583//583 584//584 585//585
f 584//584 583//583 586//586
f 432//432 587//587 431//431
f 432//432 588//588 587//587
f 583//583 585//585 589//589
f 586//586 583//583 589//589
f 590//590 466//466 430//430
f 432//432 465//465 588//588
f 591//591 592//592 593//593
f 592//592 591//591 594//594
f 591//591 593//593 595//595
f 594//594 591//591 595//595
f 596//596 597//597 598//598
f 597//597 596//596 599//599
f 596//596 598//598 600//600
f 599//599 596//596 600//600
f 468//468 517//517 518//518
f 391//391 518//518 470//470
f 470//470 601//601 469//469
f 436//436 475//475 602//602
f 476//476 602//602 603//603
f 476//476 436//436 602//602
f 477//477 476//476 604//604
f 397//397 605//605 438//438
f 438//438 605//605 606//606
f 438//438 606//606 343//343
f 606//606 478//478 343//343
f 522//522 439//439 524//524
f 480//480 478//478 607//607
f 479//479 608//608 523//523
f 483//483 523//523 525//525
f 482//482 484//484 529//529
f 527//527 528//528 485//485
f 609//609 530//530 528//528
f 528//528 530//530 487//487
f 486//486 490//490 610//610
f 486//486 610//610 529//529
f 491//491 488//488 611//611
f 611//611 488//488 530//530
f 612//612 531//531 491//491
f 492//492 531//531 533//533
f 495//495 493//493 613//613
f 493//493 533//533 613//613
f 614//614 494//494 534//534
f 534//534 446//446 496//496
f 497//497 447//447 615//615
f 616//616 497//497 615//615
f 498//498 615//615 447//447
f 615//615 498//498 617//617
f 498//498 535//535 618//618
f 619//619 536//536 616//616
f 497//497 616//616 536//536
f 535//535 499//499 618//618
f 537//537 499//499 535//535
f 449//449 620//620 451//451
f 451//451 620//620 621//621
f 620//620 449//449 536//536
f 452//452 451//451 622//622
f 453//453 500//500 623//623
f 452//452 622//622 538//538
f 500//500 455//455 501//501
f 539//539 624//624 501//501
f 384//384 625//625 456//456
f 457//457 541//541 626//626
f 541//541 424//424 542//542
f 550//550 557//557 545//545
f 548//548 545//545 627//627
f 545//545 557//557 627//627
f 461//461 502//502 628//628
f 629//629 551//551 553//553
f 546//546 630//630 553//553
f 630//630 629//629 553//553
f 544//544 630//630 546//546
f 544//544 631//631 630//630
f 548//548 631//631 544//544
f 548//548 627//627 631//631
f 632//632 627//627 633//633
f 632//632 631//631 627//627
f 557//557 633//633 627//627
f 634//634 633//633 557//557
f 557//557 556//556 634//634
f 556//556 635//635 634//634
f 558//558 635//635 556//556
f 558//558 559//559 635//635
f 563//563 561//561 551//551
f 629//629 563//563 551//551
f 636//636 631//631 637//637
f 638//638 631//631 632//632
f 637//637 631//631 638//638
f 559//559 507//507 515//515
f 559//559 515//515 639//639
f 565//565 640//640 566//566
f 565//565 567//567 640//640
f 561//561 563//563 641//641
f 566//566 640//640 569//569
f 567//567 569//569 640//640
f 571//571 570//570 642//642
f 642//642 643//643 571//571
f 572//572 571//571 643//643
f 572//572 643//643 573//573
f 516//516 573//573 574//574
f 573//573 643//643 574//574
f 644//644 515//515 574//574
f 464//464 645//645 575//575
f 577//577 646//646 578//578
f 577//577 580//580 579//579
f 646//646 577//577 579//579
f 431//431 587//587 464//464
f 464//464 587//587 645//645
f 578//578 646//646 582//582
f 579//579 582//582 646//646
f 584//584 647//647 585//585
f 584//584 586//586 647//647
f 581//581 590//590 430//430
f 585//585 647//647 589//589
f 586//586 589//589 647//647
f 465//465 648//648 588//588
f 592//592 649//649 593//593
f 592//592 594//594 649//649
f 593//593 649//649 595//595
f 594//594 595//595 649//649
f 517//517 590//590 650//650
f 466//466 590//590 517//517
f 648//648 465//465 467//467
f 597//597 651//651 598//598
f 597//597 599//599 651//651
f 598//598 651//651 600//600
f 599//599 600//600 651//651
f 470//470 518//518 601//601
f 601//601 652//652 469//469
f 652//652 519//519 469//469
f 474//474 653//653 475//475
f 653//653 654//654 475//475
f 475//475 654//654 602//602
f 519//519 655//655 434//434
f 434//434 655//655 520//520
f 473//473 472//472 521//521
f 603//603 604//604 476//476
f 477//477 605//605 397//397
f 478//478 606//606 607//607
f 479//479 400//400 656//656
f 479//479 656//656 608//608
f 523//523 608//608 657//657
f 524//524 482//482 658//658
f 526//526 525//525 659//659
f 660//660 526//526 659//659
f 660//660 527//527 526//526
f 660//660 609//609 527//527
f 609//609 528//528 527//527
f 661//661 530//530 609//609
f 611//611 612//612 491//491
f 489//489 532//532 662//662
f 494//494 614//614 532//532
f 495//495 613//613 663//663
f 534//534 664//664 614//614
f 496//496 495//495 663//663
f 496//496 663//663 665//665
f 496//496 665//665 664//664
f 664//664 534//534 496//496
f 498//498 666//666 617//617
f 498//498 618//618 666//666
f 620//620 536//536 619//619
f 499//499 667//667 618//618
f 453//453 623//623 499//499
f 499//499 623//623 668//668
f 451//451 621//621 669//669
f 451//451 669//669 622//622
f 623//623 500//500 670//670
f 624//624 500//500 501//501
f 622//622 540//540 538//538
f 457//457 626//626 384//384
f 384//384 626//626 625//625
f 540//540 671//671 458//458
f 458//458 671//671 502//502
f 672//672 504//504 459//459
f 543//543 672//672 459//459
f 673//673 629//629 674//674
f 641//641 674//674 630//630
f 630//630 674//674 629//629
f 630//630 631//631 636//636
f 641//641 630//630 636//636
f 635//635 675//675 634//634
f 559//559 675//675 635//635
f 675//675 559//559 639//639
f 505//505 560//560 543//543
f 629//629 673//673 563//563
f 563//563 673//673 674//674
f 641//641 563//563 674//674
f 636//636 637//637 641//641
f 676//676 677//677 632//632
f 632//632 677//677 638//638
f 677//677 676//676 678//678
f 676//676 679//679 678//678
f 461//461 628//628 680//680
f 560//560 463//463 575//575
f 561//561 641//641 637//637
f 561//561 637//637 681//681
f 637//637 638//638 681//681
f 682//682 681//681 638//638
f 682//682 638//638 683//683
f 677//677 683//683 638//638
f 683//683 678//678 684//684
f 683//683 677//677 678//678
f 644//644 639//639 515//515
f 680//680 462//462 461//461
f 681//681 570//570 561//561
f 681//681 684//684 570//570
f 570//570 684//684 642//642
f 684//684 678//678 643//643
f 574//574 643//643 678//678
f 679//679 574//574 678//678
f 644//644 574//574 679//679
f 462//462 680//680 581//581
f 685//685 648//648 467//467
f 517//517 650//650 686//686
f 467//467 471//471 687//687
f 688//688 518//518 517//517
f 687//687 471//471 522//522
f 601//601 518//518 688//688
f 521//521 653//653 474//474
f 602//602 654//654 689//689
f 689//689 603//603 602//602
f 687//687 522//522 690//690
f 519//519 652//652 655//655
f 605//605 477//477 604//604
f 524//524 690//690 522//522
f 690//690 524//524 658//658
f 607//607 606//606 691//691
f 692//692 480//480 607//607
f 693//693 656//656 400//400
f 480//480 692//692 693//693
f 400//400 480//480 693//693
f 525//525 523//523 694//694
f 523//523 657//657 694//694
f 525//525 694//694 659//659
f 695//695 658//658 482//482
f 695//695 482//482 529//529
f 661//661 609//609 660//660
f 529//529 696//696 695//695
f 661//661 697//697 530//530
f 696//696 529//529 610//610
f 697//697 611//611 530//530
f 490//490 662//662 610//610
f 611//611 698//698 612//612
f 490//490 489//489 662//662
f 531//531 612//612 698//698
f 699//699 531//531 698//698
f 662//662 532//532 700//700
f 533//533 531//531 699//699
f 533//533 699//699 701//701
f 532//532 614//614 700//700
f 613//613 533//533 701//701
f 663//663 613//613 701//701
f 614//614 664//664 702//702
f 616//616 615//615 703//703
f 621//621 620//620 704//704
f 704//704 620//620 705//705
f 619//619 705//705 620//620
f 619//619 616//616 705//705
f 499//499 668//668 667//667
f 622//622 706//706 540//540
f 539//539 707//707 624//624
f 539//539 456//456 707//707
f 708//708 456//456 625//625
f 706//706 671//671 540//540
f 502//502 709//709 628//628
f 671//671 709//709 502//502
f 504//504 710//710 503//503
f 503//503 710//710 542//542
f 504//504 672//672 710//710
f 711//711 712//712 713//713
f 712//712 711//711 714//714
f 714//714 711//711 713//713
f 672//672 543//543 715//715
f 674//674 716//716 673//673
f 717//717 632//632 633//633
f 718//718 717//717 634//634
f 634//634 717//717 633//633
f 634//634 675//675 718//718
f 560//560 719//719 543//543
f 632//632 717//717 676//676
f 717//717 718//718 676//676
f 676//676 718//718 679//679
f 679//679 675//675 639//639
f 718//718 675//675 679//679
f 682//682 684//684 681//681
f 682//682 683//683 684//684
f 639//639 644//644 679//679
f 643//643 642//642 684//684
f 645//645 720//720 721//721
f 645//645 587//587 720//720
f 587//587 722//722 720//720
f 581//581 723//723 590//590
f 588//588 722//722 587//587
f 722//722 588//588 724//724
f 685//685 588//588 648//648
f 685//685 467//467 687//687
f 688//688 517//517 686//686
f 521//521 725//725 653//653
f 654//654 726//726 689//689
f 652//652 727//727 655//655
f 727//727 728//728 655//655
f 520//520 655//655 729//729
f 655//655 728//728 729//729
f 729//729 725//725 472//472
f 729//729 472//472 520//520
f 521//521 472//472 725//725
f 603//603 689//689 604//604
f 605//605 604//604 730//730
f 606//606 605//605 730//730
f 606//606 730//730 691//691
f 695//695 731//731 658//658
f 660//660 659//659 732//732
f 732//732 659//659 694//694
f 732//732 661//661 660//660
f 733//733 610//610 734//734
f 696//696 610//610 733//733
f 735//735 611//611 697//697
f 663//663 701//701 665//665
f 615//615 736//736 703//703
f 617//617 736//736 615//615
f 617//617 666//666 736//736
f 704//704 737//737 621//621
f 703//703 705//705 616//616
f 622//622 738//738 739//739
f 622//622 669//669 738//738
f 738//738 669//669 621//621
f 740//740 668//668 623//623
f 622//622 739//739 706//706
f 623//623 670//670 740//740
f 670//670 500//500 624//624
f 624//624 741//741 670//670
f 624//624 707//707 742//742
f 456//456 743//743 707//707
f 744//744 626//626 541//541
f 744//744 541//541 542//542
f 671//671 745//745 709//709
f 712//712 746//746 713//713
f 712//712 714//714 746//746
f 715//715 710//710 672//672
f 714//714 713//713 746//746
f 543//543 719//719 715//715
f 747//747 719//719 560//560
f 560//560 575//575 747//747
f 575//575 645//645 747//747
f 590//590 748//748 650//650
f 590//590 723//723 748//748
f 724//724 588//588 685//685
f 654//654 653//653 749//749
f 654//654 749//749 726//726
f 726//726 750//750 689//689
f 751//751 601//601 688//688
f 751//751 652//652 601//601
f 689//689 750//750 752//752
f 652//652 751//751 753//753
f 604//604 689//689 754//754
f 690//690 755//755 756//756
f 755//755 690//690 658//658
f 692//692 607//607 691//691
f 755//755 658//658 757//757
f 608//608 656//656 758//758
f 657//657 608//608 758//758
f 757//757 658//658 731//731
f 759//759 661//661 732//732
f 695//695 696//696 760//760
f 760//760 731//731 695//695
f 661//661 759//759 697//697
f 759//759 761//761 697//697
f 760//760 696//696 762//762
f 761//761 735//735 697//697
f 762//762 696//696 733//733
f 734//734 610//610 763//763
f 698//698 611//611 735//735
f 698//698 735//735 764//764
f 610//610 662//662 763//763
f 698//698 765//765 699//699
f 764//764 765//765 698//698
f 662//662 766//766 763//763
f 699//699 765//765 767//767
f 767//767 768//768 701//701
f 766//766 662//662 700//700
f 767//767 701//701 699//699
f 769//769 701//701 768//768
f 701//701 769//769 665//665
f 705//705 770//770 704//704
f 705//705 703//703 770//770
f 703//703 736//736 771//771
f 618//618 772//772 666//666
f 618//618 773//773 772//772
f 773//773 618//618 667//667
f 621//621 774//774 738//738
f 621//621 737//737 774//774
f 740//740 775//775 668//668
f 740//740 670//670 775//775
f 624//624 742//742 741//741
f 707//707 743//743 742//742
f 456//456 708//708 743//743
f 625//625 776//776 708//708
f 626//626 776//776 625//625
f 626//626 744//744 776//776
f 744//744 542//542 777//777
f 778//778 777//777 542//542
f 542//542 710//710 778//778
f 779//779 628//628 709//709
f 715//715 780//780 781//781
f 719//719 780//780 715//715
f 719//719 747//747 782//782
f 628//628 783//783 680//680
f 783//783 581//581 680//680
f 687//687 784//784 685//685
f 784//784 687//687 690//690
f 729//729 785//785 786//786
f 729//729 786//786 725//725
f 727//727 787//787 728//728
f 728//728 787//787 785//785
f 785//785 729//729 728//728
f 689//689 752//752 788//788
f 689//689 788//788 754//754
f 652//652 753//753 727//727
f 730//730 604//604 754//754
f 692//692 691//691 789//789
f 691//691 790//790 789//789
f 693//693 692//692 791//791
f 692//692 789//789 791//791
f 694//694 657//657 792//792
f 657//657 758//758 792//792
f 793//793 759//759 732//732
f 793//793 732//732 694//694
f 764//764 735//735 761//761
f 761//761 794//794 764//764
f 762//762 733//733 795//795
f 734//734 795//795 733//733
f 765//765 764//764 794//794
f 766//766 700//700 796//796
f 700//700 797//797 796//796
f 664//664 798//798 702//702
f 614//614 702//702 797//797
f 702//702 799//799 797//797
f 797//797 700//700 614//614
f 736//736 666//666 800//800
f 800//800 666//666 801//801
f 771//771 770//770 703//703
f 736//736 800//800 771//771
f 801//801 666//666 772//772
f 802//802 774//774 737//737
f 770//770 737//737 704//704
f 706//706 739//739 803//803
f 804//804 775//775 670//670
f 741//741 804//804 670//670
f 708//708 776//776 805//805
f 671//671 706//706 745//745
f 709//709 745//745 806//806
f 710//710 807//807 778//778
f 807//807 710//710 781//781
f 710//710 715//715 781//781
f 779//779 783//783 628//628
f 747//747 808//808 782//782
f 747//747 645//645 808//808
f 783//783 723//723 581//581
f 650//650 748//748 809//809
f 686//686 650//650 809//809
f 784//784 690//690 810//810
f 810//810 690//690 756//756
f 686//686 809//809 688//688
f 688//688 809//809 811//811
f 725//725 786//786 812//812
f 653//653 725//725 813//813
f 725//725 812//812 813//813
f 653//653 813//813 749//749
f 688//688 811//811 751//751
f 756//756 755//755 814//814
f 753//753 751//751 815//815
f 727//727 753//753 816//816
f 787//787 727//727 816//816
f 730//730 754//754 817//817
f 730//730 817//817 790//790
f 691//691 730//730 790//790
f 818//818 656//656 693//693
f 819//819 656//656 818//818
f 818//818 693//693 791//791
f 656//656 819//819 758//758
f 757//757 731//731 820//820
f 694//694 792//792 821//821
f 731//731 760//760 822//822
f 793//793 823//823 759//759
f 823//823 761//761 759//759
f 823//823 824//824 761//761
f 761//761 824//824 794//794
f 765//765 794//794 825//825
f 767//767 765//765 825//825
f 825//825 826//826 767//767
f 796//796 763//763 766//766
f 767//767 826//826 827//827
f 767//767 827//827 768//768
f 768//768 827//827 769//769
f 769//769 798//798 664//664
f 664//664 665//665 769//769
f 802//802 770//770 828//828
f 770//770 771//771 828//828
f 828//828 771//771 800//800
f 802//802 737//737 770//770
f 667//667 829//829 773//773
f 668//668 829//829 667//667
f 830//830 739//739 738//738
f 829//829 668//668 775//775
f 803//803 739//739 830//830
f 741//741 831//831 804//804
f 742//742 831//831 741//741
f 708//708 805//805 743//743
f 706//706 803//803 745//745
f 777//777 832//832 744//744
f 833//833 709//709 806//806
f 834//834 781//781 780//780
f 779//779 709//709 833//833
f 780//780 719//719 835//835
f 719//719 782//782 835//835
f 779//779 833//833 836//836
f 779//779 836//836 783//783
f 808//808 645//645 721//721
f 783//783 836//836 723//723
f 837//837 721//721 720//720
f 838//838 723//723 836//836
f 723//723 838//838 748//748
f 724//724 839//839 722//722
f 839//839 724//724 685//685
f 809//809 748//748 840//840
f 841//841 685//685 784//784
f 842//842 809//809 840//840
f 809//809 842//842 811//811
f 749//749 813//813 843//843
f 749//749 843//843 726//726
f 785//785 787//787 844//844
f 726//726 843//843 752//752
f 750//750 726//726 752//752
f 788//788 752//752 845//845
f 751//751 811//811 846//846
f 847//847 751//751 846//846
f 815//815 751//751 847//847
f 815//815 848//848 753//753
f 848//848 816//816 753//753
f 849//849 754//754 788//788
f 814//814 755//755 850//850
f 754//754 849//849 851//851
f 850//850 755//755 757//757
f 817//817 754//754 851//851
f 757//757 820//820 852//852
f 853//853 789//789 790//790
f 853//853 791//791 789//789
f 791//791 853//853 854//854
f 854//854 818//818 791//791
f 855//855 792//792 758//758
f 731//731 856//856 820//820
f 731//731 822//822 856//856
f 821//821 793//793 694//694
f 793//793 857//857 823//823
f 858//858 760//760 762//762
f 762//762 795//795 859//859
f 860//860 794//794 824//824
f 794//794 860//860 825//825
f 734//734 763//763 795//795
f 798//798 769//769 861//861
f 702//702 798//798 799//799
f 802//802 828//828 862//862
f 800//800 863//863 828//828
f 801//801 864//864 800//800
f 800//800 864//864 863//863
f 801//801 865//865 864//864
f 802//802 866//866 774//774
f 801//801 772//772 865//865
f 773//773 865//865 772//772
f 830//830 867//867 803//803
f 804//804 868//868 775//775
f 742//742 869//869 831//831
f 743//743 869//869 742//742
f 743//743 805//805 870//870
f 803//803 871//871 745//745
f 745//745 871//871 806//806
f 872//872 778//778 807//807
f 807//807 781//781 872//872
f 780//780 873//873 834//834
f 780//780 835//835 873//873
f 782//782 874//874 835//835
f 721//721 875//875 808//808
f 722//722 837//837 720//720
f 837//837 722//722 839//839
f 876//876 748//748 838//838
f 876//876 838//838 877//877
f 748//748 876//876 840//840
f 810//810 841//841 784//784
f 785//785 844//844 786//786
f 756//756 814//814 810//810
f 878//878 844//844 787//787
f 752//752 843//843 879//879
f 752//752 879//879 845//845
f 816//816 848//848 878//878
f 878//878 787//787 816//816
f 788//788 845//845 849//849
f 757//757 852//852 850//850
f 849//849 880//880 851//851
f 817//817 851//851 881//881
f 854//854 882//882 818//818
f 817//817 881//881 883//883
f 790//790 817//817 883//883
f 790//790 883//883 884//884
f 790//790 884//884 853//853
f 819//819 855//855 758//758
f 855//855 885//885 792//792
f 885//885 886//886 792//792
f 821//821 792//792 886//886
f 823//823 857//857 824//824
f 858//858 762//762 859//859
f 795//795 763//763 887//887
f 860//860 888//888 825//825
f 826//826 825//825 888//888
f 763//763 889//889 887//887
f 796//796 889//889 763//763
f 827//827 826//826 890//890
f 797//797 799//799 891//891
f 796//796 797//797 891//891
f 891//891 889//889 796//796
f 827//827 890//890 769//769
f 802//802 892//892 866//866
f 892//892 802//802 862//862
f 893//893 865//865 773//773
f 830//830 738//738 774//774
f 830//830 774//774 894//894
f 894//894 774//774 895//895
f 895//895 774//774 866//866
f 830//830 894//894 867//867
f 829//829 868//868 896//896
f 775//775 868//868 829//829
f 804//804 897//897 868//868
f 897//897 804//804 831//831
f 898//898 899//899 803//803
f 743//743 870//870 869//869
f 805//805 900//900 870//870
f 805//805 776//776 901//901
f 776//776 744//744 832//832
f 806//806 871//871 902//902
f 781//781 903//903 872//872
f 806//806 902//902 833//833
f 781//781 834//834 903//903
f 808//808 904//904 782//782
f 782//782 904//904 874//874
f 905//905 836//836 833//833
f 808//808 875//875 904//904
f 905//905 838//838 836//836
f 721//721 837//837 875//875
f 906//906 839//839 685//685
f 906//906 685//685 841//841
f 907//907 841//841 810//810
f 908//908 840//840 909//909
f 842//842 840//840 908//908
f 810//810 814//814 907//907
f 908//908 811//811 842//842
f 843//843 813//813 910//910
f 911//911 907//907 814//814
f 908//908 846//846 811//811
f 845//845 879//879 912//912
f 911//911 814//814 850//850
f 847//847 846//846 913//913
f 815//815 847//847 913//913
f 815//815 913//913 848//848
f 845//845 912//912 914//914
f 915//915 845//845 914//914
f 849//849 845//845 915//915
f 915//915 880//880 849//849
f 818//818 882//882 916//916
f 916//916 819//819 818//818
f 917//917 819//819 916//916
f 880//880 881//881 851//851
f 917//917 855//855 819//819
f 852//852 820//820 856//856
f 854//854 853//853 918//918
f 855//855 919//919 885//885
f 884//884 920//920 853//853
f 853//853 920//920 918//918
f 822//822 760//760 858//858
f 821//821 886//886 793//793
f 921//921 858//858 859//859
f 824//824 922//922 923//923
f 824//824 923//923 860//860
f 859//859 795//795 924//924
f 860//860 923//923 888//888
f 924//924 795//795 887//887
f 826//826 888//888 925//925
f 826//826 925//925 890//890
f 926//926 769//769 890//890
f 926//926 861//861 769//769
f 799//799 798//798 861//861
f 863//863 927//927 828//828
f 866//866 928//928 895//895
f 829//829 893//893 773//773
f 829//829 896//896 893//893
f 898//898 803//803 867//867
f 831//831 929//929 897//897
f 831//831 869//869 929//929
f 899//899 871//871 803//803
f 805//805 901//901 900//900
f 832//832 901//901 776//776
f 777//777 930//930 832//832
f 930//930 777//777 931//931
f 778//778 931//931 777//777
f 931//931 778//778 932//932
f 778//778 872//872 932//932
f 933//933 932//932 872//872
f 872//872 903//903 933//933
f 903//903 934//934 933//933
f 834//834 934//934 903//903
f 935//935 833//833 902//902
f 833//833 936//936 905//905
f 838//838 905//905 877//877
f 937//937 837//837 839//839
f 938//938 937//937 839//839
f 839//839 906//906 938//938
f 939//939 876//876 877//877
f 940//940 906//906 841//841
f 876//876 939//939 909//909
f 840//840 876//876 909//909
f 941//941 908//908 909//909
f 812//812 786//786 942//942
f 813//813 812//812 943//943
f 910//910 813//813 943//943
f 843//843 910//910 944//944
f 879//879 944//944 912//912
f 908//908 945//945 846//846
f 846//846 946//946 913//913
f 947//947 911//911 850//850
f 948//948 878//878 848//848
f 850//850 949//949 947//947
f 852//852 949//949 850//850
f 914//914 950//950 951//951
f 915//915 914//914 951//951
f 852//852 952//952 949//949
f 953//953 855//855 917//917
f 953//953 919//919 855//855
f 915//915 954//954 880//880
f 880//880 954//954 881//881
f 883//883 881//881 955//955
f 882//882 854//854 956//956
f 957//957 883//883 955//955
f 884//884 883//883 957//957
f 920//920 884//884 957//957
f 956//956 854//854 918//918
f 958//958 885//885 919//919
f 958//958 919//919 959//959
f 960//960 856//856 822//822
f 886//886 885//885 961//961
f 822//822 858//858 960//960
f 793//793 886//886 962//962
f 857//857 793//793 962//962
f 858//858 921//921 963//963
f 824//824 857//857 964//964
f 964//964 922//922 824//824
f 859//859 924//924 921//921
f 890//890 925//925 926//926
f 891//891 799//799 965//965
f 866//866 892//892 928//928
f 828//828 966//966 862//862
f 828//828 927//927 966//966
f 863//863 967//967 927//927
f 864//864 967//967 863//863
f 967//967 864//864 865//865
f 865//865 893//893 968//968
f 898//898 867//867 969//969
f 898//898 969//969 899//899
f 896//896 868//868 970//970
f 869//869 971//971 929//929
f 869//869 972//972 971//971
f 870//870 972//972 869//869
f 973//973 901//901 832//832
f 974//974 832//832 930//930
f 975//975 902//902 871//871
f 932//932 976//976 931//931
f 933//933 977//977 932//932
f 933//933 978//978 977//977
f 978//978 933//933 934//934
f 979//979 934//934 834//834
f 873//873 980//980 834//834
f 834//834 980//980 979//979
f 873//873 835//835 981//981
f 935//935 936//936 833//833
f 874//874 904//904 982//982
f 983//983 905//905 936//936
f 837//837 937//937 875//875
f 905//905 983//983 877//877
f 909//909 939//939 984//984
f 984//984 941//941 909//909
f 945//945 908//908 941//941
f 786//786 985//985 986//986
f 844//844 985//985 786//786
f 942//942 943//943 812//812
f 948//948 844//844 878//878
f 879//879 843//843 944//944
f 846//846 945//945 946//946
f 950//950 914//914 912//912
f 948//948 848//848 913//913
f 916//916 987//987 917//917
f 953//953 988//988 919//919
f 989//989 915//915 951//951
f 852//852 856//856 952//952
f 954//954 915//915 989//989
f 954//954 990//990 881//881
f 881//881 990//990 955//955
f 961//961 991//991 992//992
f 955//955 990//990 957//957
f 920//920 957//957 993//993
f 920//920 993//993 994//994
f 920//920 994//994 918//918
f 959//959 991//991 958//958
f 885//885 958//958 991//991
f 991//991 961//961 885//885
f 995//995 962//962 886//886
f 960//960 858//858 963//963
f 857//857 962//962 996//996
f 964//964 997//997 922//922
f 888//888 923//923 925//925
f 923//923 922//922 925//925
f 924//924 887//887 998//998
f 889//889 891//891 999//999
f 862//862 1000//1000 892//892
f 862//862 966//966 1000//1000
f 927//927 1001//1001 966//966
f 927//927 967//967 1001//1001
f 895//895 928//928 1002//1002
f 865//865 968//968 967//967
f 895//895 1002//1002 867//867
f 895//895 867//867 894//894
f 970//970 893//893 896//896
f 867//867 1002//1002 969//969
f 868//868 897//897 970//970
f 975//975 871//871 899//899
f 870//870 900//900 972//972
f 901//901 1003//1003 900//900
f 901//901 973//973 1003//1003
f 832//832 974//974 973//973
f 1004//1004 930//930 931//931
f 902//902 975//975 1005//1005
f 902//902 1005//1005 935//935
f 931//931 976//976 1006//1006
f 932//932 977//977 976//976
f 980//980 873//873 981//981
f 934//934 1007//1007 978//978
f 874//874 982//982 835//835
f 835//835 982//982 981//981
f 935//935 1008//1008 936//936
f 936//936 1009//1009 983//983
f 1010//1010 983//983 1009//1009
f 937//937 1011//1011 875//875
f 877//877 983//983 939//939
f 1010//1010 939//939 983//983
f 906//906 940//940 938//938
f 939//939 1010//1010 984//984
f 1012//1012 941//941 984//984
f 1013//1013 941//941 1012//1012
f 1014//1014 841//841 907//907
f 1014//1014 907//907 911//911
f 1013//1013 945//945 941//941
f 942//942 786//786 986//986
f 910//910 943//943 1015//1015
f 910//910 1015//1015 1016//1016
f 910//910 1016//1016 944//944
f 1017//1017 912//912 944//944
f 1018//1018 911//911 947//947
f 913//913 946//946 1019//1019
f 948//948 913//913 1019//1019
f 1020//1020 950//950 912//912
f 916//916 1021//1021 1022//1022
f 882//882 1021//1021 916//916
f 1022//1022 987//987 916//916
f 1020//1020 951//951 950//950
f 1023//1023 951//951 1020//1020
f 917//917 987//987 953//953
f 992//992 1024//1024 1025//1025
f 1025//1025 1026//1026 992//992
f 1023//1023 989//989 951//951
f 1021//1021 882//882 956//956
f 1027//1027 1028//1028 1029//1029
f 1029//1029 1030//1030 1027//1027
f 1024//1024 959//959 988//988
f 988//988 959//959 919//919
f 992//992 991//991 1024//1024
f 1026//1026 1031//1031 992//992
f 1032//1032 952//952 856//856
f 954//954 989//989 1033//1033
f 954//954 1033//1033 990//990
f 1034//1034 990//990 1033//1033
f 1029//1029 1028//1028 1035//1035
f 1030//1030 1029//1029 1035//1035
f 1024//1024 991//991 959//959
f 1036//1036 1037//1037 1038//1038
f 1038//1038 1039//1039 1036//1036
f 992//992 1031//1031 961//961
f 957//957 990//990 1040//1040
f 957//957 1040//1040 993//993
f 918//918 994//994 956//956
f 1038//1038 1037//1037 1041//1041
f 1039//1039 1038//1038 1041//1041
f 1042//1042 886//886 961//961
f 1042//1042 961//961 1031//1031
f 1042//1042 995//995 886//886
f 996//996 964//964 857//857
f 964//964 996//996 997//997
f 921//921 924//924 998//998
f 998//998 887//887 1043//1043
f 887//887 999//999 1044//1044
f 889//889 999//999 887//887
f 926//926 925//925 1045//1045
f 925//925 1046//1046 1045//1045
f 799//799 861//861 1047//1047
f 799//799 1047//1047 965//965
f 891//891 965//965 999//999
f 928//928 1048//1048 1002//1002
f 1002//1002 1049//1049 969//969
f 893//893 970//970 1050//1050
f 970//970 897//897 1051//1051
f 1052//1052 972//972 900//900
f 900//900 1003//1003 1052//1052
f 973//973 974//974 1053//1053
f 974//974 930//930 1004//1004
f 1004//1004 931//931 1006//1006
f 977//977 1054//1054 976//976
f 1054//1054 1006//1006 976//976
f 978//978 1055//1055 977//977
f 978//978 1007//1007 1055//1055
f 1056//1056 1007//1007 934//934
f 979//979 1056//1056 934//934
f 1057//1057 936//936 1008//1008
f 977//977 1055//1055 1054//1054
f 1057//1057 1009//1009 936//936
f 904//904 1011//1011 1058//1058
f 904//904 875//875 1011//1011
f 984//984 1010//1010 1059//1059
f 984//984 1059//1059 1012//1012
f 841//841 1014//1014 940//940
f 1014//1014 911//911 1018//1018
f 1013//1013 1060//1060 945//945
f 985//985 1061//1061 986//986
f 945//945 1060//1060 1062//1062
f 1019//1019 1063//1063 948//948
f 948//948 1063//1063 985//985
f 844//844 948//948 985//985
f 947//947 949//949 1018//1018
f 946//946 945//945 1062//1062
f 1064//1064 949//949 952//952
f 1025//1025 1024//1024 1065//1065
f 989//989 1066//1066 1033//1033
f 1023//1023 1066//1066 989//989
f 956//956 1067//1067 1021//1021
f 1027//1027 1068//1068 1028//1028
f 1027//1027 1030//1030 1068//1068
f 1065//1065 1024//1024 988//988
f 1026//1026 1069//1069 1031//1031
f 990//990 1034//1034 1040//1040
f 1028//1028 1068//1068 1035//1035
f 1030//1030 1035//1035 1068//1068
f 1036//1036 1070//1070 1037//1037
f 1036//1036 1039//1039 1070//1070
f 1069//1069 1042//1042 1031//1031
f 1071//1071 993//993 1040//1040
f 993//993 1071//1071 994//994
f 1037//1037 1070//1070 1041//1041
f 1039//1039 1041//1041 1070//1070
f 1072//1072 960//960 963//963
f 1072//1072 856//856 960//960
f 1073//1073 962//962 995//995
f 962//962 1073//1073 996//996
f 963//963 921//921 1074//1074
f 921//921 998//998 1075//1075
f 1074//1074 921//921 1075//1075
f 922//922 997//997 1076//1076
f 887//887 1044//1044 1043//1043
f 925//925 922//922 1076//1076
f 925//925 1076//1076 1046//1046
f 861//861 926//926 1047//1047
f 926//926 1045//1045 1047//1047
f 966//966 1077//1077 1000//1000
f 966//966 1001//1001 1078//1078
f 1077//1077 966//966 1078//1078
f 967//967 1079//1079 1001//1001
f 893//893 1050//1050 968//968
f 1048//1048 1049//1049 1002//1002
f 970//970 1080//1080 1050//1050
f 1081//1081 1080//1080 970//970
f 1082//1082 969//969 1049//1049
f 1081//1081 970//970 1051//1051
f 897//897 1083//1083 1051//1051
f 929//929 1083//1083 897//897
f 972//972 1052//1052 971//971
f 1005//1005 975//975 899//899
f 973//973 1053//1053 1003//1003
f 1003//1003 1053//1053 1084//1084
f 1005//1005 1085//1085 935//935
f 1004//1004 1006//1006 1086//1086
f 1085//1085 1008//1008 935//935
f 1006//1006 1054//1054 1087//1087
f 1007//1007 1088//1088 1055//1055
f 904//904 1058//1058 982//982
f 937//937 1089//1089 1011//1011
f 937//937 938//938 1089//1089
f 1010//1010 1009//1009 1059//1059
f 1090//1090 938//938 940//940
f 1014//1014 1091//1091 940//940
f 1092//1092 1091//1091 1014//1014
f 1060//1060 1013//1013 1093//1093
f 1093//1093 1013//1013 1012//1012
f 1018//1018 1092//1092 1014//1014
f 942//942 1094//1094 943//943
f 946//946 1062//1062 1095//1095
f 1016//1016 1017//1017 944//944
f 1018//1018 949//949 1064//1064
f 1017//1017 1020//1020 912//912
f 1096//1096 1020//1020 1017//1017
f 1097//1097 1098//1098 1099//1099
f 1023//1023 1020//1020 1096//1096
f 1022//1022 1021//1021 1097//1097
f 1022//1022 1099//1099 1100//1100
f 1022//1022 1097//1097 1099//1099
f 1101//1101 1026//1026 1025//1025
f 1101//1101 1069//1069 1026//1026
f 952//952 1102//1102 1064//1064
f 1102//1102 952//952 1032//1032
f 1022//1022 1100//1100 987//987
f 1103//1103 987//987 1100//1100
f 1103//1103 953//953 987//987
f 1103//1103 988//988 953//953
f 1103//1103 1065//1065 988//988
f 1033//1033 1104//1104 1034//1034
f 1105//1105 1034//1034 1106//1106
f 1034//1034 1105//1105 1040//1040
f 1032//1032 856//856 1072//1072
f 1040//1040 1107//1107 1071//1071
f 1108//1108 994//994 1071//1071
f 956//956 994//994 1108//1108
f 995//995 1042//1042 1073//1073
f 963//963 1109//1109 1072//1072
f 963//963 1074//1074 1109//1109
f 996//996 1110//1110 997//997
f 997//997 1110//1110 1111//1111
f 1111//1111 1076//1076 997//997
f 1043//1043 1075//1075 998//998
f 999//999 1112//1112 1113//1113
f 999//999 1113//1113 1044//1044
f 1112//1112 999//999 965//965
f 1000//1000 1077//1077 1114//1114
f 892//892 1115//1115 928//928
f 1079//1079 967//967 1050//1050
f 968//968 1050//1050 967//967
f 1083//1083 1116//1116 1051//1051
f 969//969 1117//1117 899//899
f 929//929 971//971 1083//1083
f 1005//1005 899//899 1117//1117
f 1003//1003 1084//1084 1052//1052
f 1053//1053 974//974 1118//1118
f 1086//1086 1006//1006 1087//1087
f 1008//1008 1119//1119 1057//1057
f 1056//1056 979//979 1120//1120
f 980//980 1121//1121 979//979
f 981//981 1121//1121 980//980
f 981//981 982//982 1121//1121
f 1057//1057 1122//1122 1009//1009
f 1055//1055 1123//1123 1054//1054
f 1123//1123 1055//1055 1088//1088
f 1012//1012 1059//1059 1093//1093
f 1124//1124 1125//1125 1060//1060
f 1060//1060 1125//1125 1062//1062
f 1126//1126 1061//1061 985//985
f 1062//1062 1127//1127 1095//1095
f 986//986 1094//1094 942//942
f 1015//1015 943//943 1094//1094
f 1018//1018 1064//1064 1128//1128
f 946//946 1095//1095 1019//1019
f 1019//1019 1095//1095 1129//1129
f 1129//1129 1063//1063 1019//1019
f 1017//1017 1016//1016 1130//1130
f 1096//1096 1131//1131 1023//1023
f 1021//1021 1132//1132 1097//1097
f 1133//1133 1134//1134 1103//1103
f 1101//1101 1025//1025 1065//1065
f 1101//1101 1135//1135 1069//1069
f 1023//1023 1131//1131 1066//1066
f 1066//1066 1104//1104 1033//1033
f 1103//1103 1134//1134 1065//1065
f 1032//1032 1136//1136 1102//1102
f 1137//1137 1136//1136 1032//1032
f 1034//1034 1104//1104 1106//1106
f 1021//1021 1067//1067 1132//1132
f 1135//1135 1138//1138 1069//1069
f 1137//1137 1032//1032 1072//1072
f 1108//1108 1067//1067 956//956
f 1139//1139 1069//1069 1138//1138
f 1139//1139 1042//1042 1069//1069
f 1042//1042 1139//1139 1073//1073
f 1140//1140 996//996 1073//1073
f 1140//1140 1110//1110 996//996
f 1043//1043 1044//1044 1141//1141
f 1046//1046 1076//1076 1142//1142
f 1000//1000 1114//1114 1143//1143
f 892//892 1143//1143 1115//1115
f 1143//1143 892//892 1000//1000
f 1001//1001 1079//1079 1078//1078
f 928//928 1115//1115 1048//1048
f 969//969 1082//1082 1144//1144
f 971//971 1145//1145 1083//1083
f 1145//1145 971//971 1052//1052
f 1117//1117 1085//1085 1005//1005
f 1052//1052 1084//1084 1146//1146
f 1053//1053 1147//1147 1084//1084
f 1148//1148 1118//1118 974//974
f 974//974 1004//1004 1148//1148
f 1085//1085 1149//1149 1008//1008
f 1148//1148 1004//1004 1086//1086
f 1150//1150 1148//1148 1086//1086
f 1149//1149 1119//1119 1008//1008
f 979//979 1121//1121 1120//1120
f 1119//1119 1151//1151 1057//1057
f 1151//1151 1122//1122 1057//1057
f 1054//1054 1152//1152 1087//1087
f 1152//1152 1054//1054 1123//1123
f 1153//1153 1088//1088 1154//1154
f 1154//1154 1088//1088 1007//1007
f 1056//1056 1120//1120 1007//1007
f 1007//1007 1120//1120 1154//1154
f 982//982 1058//1058 1121//1121
f 1009//1009 1122//1122 1155//1155
f 1011//1011 1156//1156 1058//1058
f 1009//1009 1155//1155 1059//1059
f 1011//1011 1089//1089 1156//1156
f 938//938 1157//1157 1089//1089
f 938//938 1090//1090 1157//1157
f 1093//1093 1124//1124 1060//1060
f 1062//1062 1125//1125 1127//1127
f 986//986 1061//1061 1158//1158
f 986//986 1158//1158 1159//1159
f 986//986 1159//1159 1094//1094
f 1015//1015 1094//1094 1160//1160
f 1015//1015 1160//1160 1016//1016
f 1092//1092 1018//1018 1161//1161
f 985//985 1063//1063 1126//1126
f 1133//1133 1162//1162 1163//1163
f 1096//1096 1130//1130 1164//1164
f 1096//1096 1017//1017 1130//1130
f 1098//1098 1097//1097 1165//1165
f 1097//1097 1166//1166 1165//1165
f 1098//1098 1165//1165 1162//1162
f 1133//1133 1103//1103 1098//1098
f 1163//1163 1167//1167 1133//1133
f 1064//1064 1102//1102 1128//1128
f 1098//1098 1100//1100 1099//1099
f 1100//1100 1098//1098 1103//1103
f 1167//1167 1134//1134 1133//1133
f 1134//1134 1167//1167 1101//1101
f 1167//1167 1168//1168 1101//1101
f 1168//1168 1135//1135 1101//1101
f 1097//1097 1132//1132 1166//1166
f 1166//1166 1132//1132 1169//1169
f 1132//1132 1170//1170 1169//1169
f 1101//1101 1065//1065 1134//1134
f 1171//1171 1105//1105 1106//1106
f 1067//1067 1170//1170 1132//1132
f 1105//1105 1171//1171 1040//1040
f 1040//1040 1171//1171 1107//1107
f 1067//1067 1108//1108 1170//1170
f 1135//1135 1172//1172 1138//1138
f 1140//1140 1139//1139 1173//1173
f 1140//1140 1073//1073 1139//1139
f 1140//1140 1174//1174 1110//1110
f 1110//1110 1174//1174 1175//1175
f 1110//1110 1175//1175 1111//1111
f 1111//1111 1175//1175 1176//1176
f 1176//1176 1076//1076 1111//1111
f 1177//1177 1076//1076 1176//1176
f 1046//1046 1142//1142 1045//1045
f 1141//1141 1044//1044 1113//1113
f 1047//1047 1178//1178 1179//1179
f 965//965 1047//1047 1179//1179
f 1112//1112 965//965 1179//1179
f 1077//1077 1180//1180 1114//1114
f 1048//1048 1181//1181 1049//1049
f 1115//1115 1181//1181 1048//1048
f 1145//1145 1182//1182 1083//1083
f 1083//1083 1182//1182 1183//1183
f 1052//1052 1146//1146 1145//1145
f 1084//1084 1184//1184 1146//1146
f 1084//1084 1147//1147 1184//1184
f 1053//1053 1118//1118 1147//1147
f 1185//1185 1150//1150 1086//1086
f 1086//1086 1087//1087 1185//1185
f 1087//1087 1152//1152 1186//1186
f 1123//1123 1088//1088 1152//1152
f 1152//1152 1088//1088 1187//1187
f 1187//1187 1088//1088 1153//1153
f 1058//1058 1188//1188 1121//1121
f 1058//1058 1189//1189 1188//1188
f 1058//1058 1156//1156 1189//1189
f 1190//1190 1059//1059 1155//1155
f 1191//1191 1156//1156 1089//1089
f 1093//1093 1059//1059 1190//1190
f 1090//1090 940//940 1091//1091
f 1192//1192 1193//1193 1194//1194
f 1194//1194 1195//1195 1192//1192
f 1192//1192 1196//1196 1193//1193
f 1195//1195 1196//1196 1192//1192
f 1095//1095 1197//1197 1129//1129
f 1127//1127 1197//1197 1095//1095
f 1129//1129 1198//1198 1063//1063
f 1063//1063 1198//1198 1126//1126
f 1158//1158 1061//1061 1126//1126
f 1159//1159 1199//1199 1160//1160
f 1159//1159 1160//1160 1094//1094
f 1016//1016 1160//1160 1200//1200
f 1162//1162 1201//1201 1202//1202
f 1162//1162 1202//1202 1163//1163
f 1202//1202 1203//1203 1163//1163
f 1204//1204 1205//1205 1206//1206
f 1206//1206 1207//1207 1204//1204
f 1128//1128 1161//1161 1018//1018
f 1165//1165 1201//1201 1162//1162
f 1203//1203 1208//1208 1163//1163
f 1204//1204 1209//1209 1205//1205
f 1207//1207 1209//1209 1204//1204
f 1166//1166 1201//1201 1165//1165
f 1133//1133 1098//1098 1162//1162
f 1163//1163 1208//1208 1167//1167
f 1208//1208 1210//1210 1167//1167
f 1167//1167 1210//1210 1168//1168
f 1168//1168 1172//1172 1135//1135
f 1211//1211 1131//1131 1096//1096
f 1066//1066 1131//1131 1212//1212
f 1066//1066 1212//1212 1104//1104
f 1106//1106 1104//1104 1212//1212
f 1171//1171 1106//1106 1212//1212
f 1071//1071 1107//1107 1108//1108
f 1213//1213 1170//1170 1108//1108
f 1109//1109 1137//1137 1072//1072
f 1214//1214 1173//1173 1139//1139
f 1109//1109 1074//1074 1215//1215
f 1215//1215 1074//1074 1216//1216
f 1174//1174 1140//1140 1173//1173
f 1074//1074 1075//1075 1216//1216
f 1075//1075 1043//1043 1217//1217
f 1217//1217 1043//1043 1218//1218
f 1141//1141 1218//1218 1043//1043
f 1141//1141 1113//1113 1219//1219
f 1142//1142 1076//1076 1220//1220
f 1142//1142 1178//1178 1045//1045
f 1047//1047 1045//1045 1178//1178
f 1077//1077 1078//1078 1180//1180
f 1078//1078 1079//1079 1221//1221
f 1079//1079 1050//1050 1221//1221
f 1221//1221 1050//1050 1222//1222
f 1080//1080 1223//1223 1050//1050
f 1050//1050 1223//1223 1222//1222
f 1080//1080 1081//1081 1224//1224
f 1081//1081 1051//1051 1224//1224
f 1051//1051 1116//1116 1224//1224
f 1144//1144 1117//1117 969//969
f 1117//1117 1149//1149 1085//1085
f 1147//1147 1225//1225 1184//1184
f 1147//1147 1118//1118 1225//1225
f 1148//1148 1226//1226 1118//1118
f 1151//1151 1119//1119 1149//1149
f 1148//1148 1150//1150 1226//1226
f 1087//1087 1186//1186 1185//1185
f 1121//1121 1227//1227 1120//1120
f 1228//1228 1122//1122 1151//1151
f 1152//1152 1229//1229 1186//1186
f 1152//1152 1187//1187 1229//1229
f 1230//1230 1153//1153 1154//1154
f 1121//1121 1188//1188 1231//1231
f 1188//1188 1189//1189 1232//1232
f 1191//1191 1089//1089 1157//1157
f 1233//1233 1090//1090 1091//1091
f 1194//1194 1193//1193 1234//1234
f 1194//1194 1234//1234 1195//1195
f 1092//1092 1235//1235 1091//1091
f 1125//1125 1236//1236 1127//1127
f 1159//1159 1158//1158 1237//1237
f 1193//1193 1196//1196 1234//1234
f 1195//1195 1234//1234 1196//1196
f 1161//1161 1238//1238 1092//1092
f 1197//1197 1127//1127 1236//1236
f 1160//1160 1199//1199 1200//1200
f 1200//1200 1130//1130 1016//1016
f 1239//1239 1203//1203 1202//1202
f 1206//1206 1205//1205 1240//1240
f 1206//1206 1240//1240 1207//1207
f 1130//1130 1200//1200 1241//1241
f 1242//1242 1164//1164 1130//1130
f 1239//1239 1208//1208 1203//1203
f 1205//1205 1209//1209 1240//1240
f 1207//1207 1240//1240 1209//1209
f 1243//1243 1161//1161 1128//1128
f 1166//1166 1244//1244 1245//1245
f 1166//1166 1245//1245 1201//1201
f 1246//1246 1210//1210 1239//1239
f 1246//1246 1239//1239 1247//1247
f 1210//1210 1208//1208 1239//1239
f 1102//1102 1243//1243 1128//1128
f 1096//1096 1164//1164 1248//1248
f 1096//1096 1248//1248 1211//1211
f 1244//1244 1169//1169 1249//1249
f 1166//1166 1169//1169 1244//1244
f 1245//1245 1244//1244 1247//1247
f 1247//1247 1244//1244 1246//1246
f 1168//1168 1250//1250 1172//1172
f 1243//1243 1102//1102 1136//1136
f 1212//1212 1251//1251 1171//1171
f 1249//1249 1252//1252 1244//1244
f 1252//1252 1253//1253 1244//1244
f 1244//1244 1253//1253 1246//1246
f 1254//1254 1168//1168 1210//1210
f 1250//1250 1168//1168 1254//1254
f 1171//1171 1255//1255 1107//1107
f 1169//1169 1170//1170 1213//1213
f 1108//1108 1107//1107 1213//1213
f 1138//1138 1172//1172 1214//1214
f 1138//1138 1214//1214 1139//1139
f 1256//1256 1173//1173 1214//1214
f 1174//1174 1173//1173 1256//1256
f 1216//1216 1075//1075 1217//1217
f 1174//1174 1257//1257 1175//1175
f 1176//1176 1175//1175 1177//1177
f 1076//1076 1258//1258 1220//1220
f 1179//1179 1178//1178 1259//1259
f 1179//1179 1259//1259 1112//1112
f 1049//1049 1260//1260 1082//1082
f 1080//1080 1224//1224 1223//1223
f 1116//1116 1183//1183 1261//1261
f 1116//1116 1083//1083 1183//1183
f 1262//1262 1182//1182 1145//1145
f 1262//1262 1145//1145 1146//1146
f 1263//1263 1264//1264 1149//1149
f 1263//1263 1149//1149 1117//1117
f 1225//1225 1265//1265 1266//1266
f 1225//1225 1266//1266 1184//1184
f 1225//1225 1118//1118 1226//1226
f 1149//1149 1264//1264 1151//1151
f 1154//1154 1120//1120 1227//1227
f 1227//1227 1121//1121 1231//1231
f 1267//1267 1229//1229 1187//1187
f 1268//1268 1230//1230 1154//1154
f 1154//1154 1227//1227 1268//1268
f 1188//1188 1232//1232 1231//1231
f 1122//1122 1228//1228 1269//1269
f 1269//1269 1155//1155 1122//1122
f 1153//1153 1270//1270 1271//1271
f 1272//1272 1232//1232 1189//1189
f 1189//1189 1191//1191 1272//1272
f 1273//1273 1190//1190 1155//1155
f 1156//1156 1191//1191 1189//1189
f 1274//1274 1191//1191 1157//1157
f 1190//1190 1275//1275 1093//1093
f 1275//1275 1276//1276 1093//1093
f 1276//1276 1124//1124 1093//1093
f 1157//1157 1090//1090 1233//1233
f 1125//1125 1124//1124 1277//1277
f 1091//1091 1235//1235 1233//1233
f 1129//1129 1197//1197 1198//1198
f 1198//1198 1237//1237 1126//1126
f 1159//1159 1237//1237 1278//1278
f 1159//1159 1278//1278 1199//1199
f 1092//1092 1238//1238 1235//1235
f 1199//1199 1279//1279 1200//1200
f 1202//1202 1201//1201 1239//1239
f 1130//1130 1241//1241 1242//1242
f 1239//1239 1201//1201 1247//1247
f 1201//1201 1245//1245 1247//1247
f 1246//1246 1254//1254 1210//1210
f 1136//1136 1280//1280 1243//1243
f 1281//1281 1280//1280 1136//1136
f 1211//1211 1282//1282 1131//1131
f 1171//1171 1283//1283 1255//1255
f 1169//1169 1284//1284 1249//1249
f 1245//1245 1252//1252 1284//1284
f 1284//1284 1252//1252 1249//1249
f 1252//1252 1285//1285 1253//1253
f 1252//1252 1245//1245 1285//1285
f 1137//1137 1281//1281 1136//1136
f 1107//1107 1255//1255 1213//1213
f 1284//1284 1169//1169 1213//1213
f 1286//1286 1284//1284 1213//1213
f 1287//1287 1172//1172 1250//1250
f 1137//1137 1109//1109 1215//1215
f 1214//1214 1172//1172 1288//1288
f 1215//1215 1216//1216 1289//1289
f 1256//1256 1214//1214 1290//1290
f 1291//1291 1174//1174 1256//1256
f 1174//1174 1291//1291 1257//1257
f 1175//1175 1257//1257 1292//1292
f 1175//1175 1292//1292 1293//1293
f 1177//1177 1175//1175 1293//1293
f 1141//1141 1219//1219 1218//1218
f 1258//1258 1076//1076 1177//1177
f 1113//1113 1294//1294 1219//1219
f 1142//1142 1220//1220 1178//1178
f 1259//1259 1178//1178 1295//1295
f 1112//1112 1259//1259 1294//1294
f 1294//1294 1113//1113 1112//1112
f 1078//1078 1296//1296 1180//1180
f 1049//1049 1181//1181 1260//1260
f 1224//1224 1297//1297 1223//1223
f 1082//1082 1298//1298 1144//1144
f 1116//1116 1261//1261 1224//1224
f 1144//1144 1299//1299 1117//1117
f 1299//1299 1263//1263 1117//1117
f 1262//1262 1300//1300 1182//1182
f 1146//1146 1266//1266 1262//1262
f 1184//1184 1266//1266 1146//1146
f 1301//1301 1265//1265 1225//1225
f 1301//1301 1225//1225 1226//1226
f 1264//1264 1302//1302 1151//1151
f 1302//1302 1303//1303 1151//1151
f 1151//1151 1303//1303 1228//1228
f 1186//1186 1304//1304 1305//1305
f 1229//1229 1304//1304 1186//1186
f 1304//1304 1229//1229 1267//1267
f 1267//1267 1187//1187 1153//1153
f 1230//1230 1270//1270 1153//1153
f 1306//1306 1231//1231 1232//1232
f 1153//1153 1271//1271 1267//1267
f 1268//1268 1270//1270 1230//1230
f 1232//1232 1272//1272 1307//1307
f 1269//1269 1273//1273 1155//1155
f 1125//1125 1277//1277 1236//1236
f 1197//1197 1236//1236 1308//1308
f 1197//1197 1308//1308 1198//1198
f 1198//1198 1308//1308 1237//1237
f 1237//1237 1158//1158 1126//1126
f 1279//1279 1241//1241 1200//1200
f 1309//1309 1310//1310 1311//1311
f 1311//1311 1312//1312 1309//1309
f 1309//1309 1313//1313 1310//1310
f 1312//1312 1313//1313 1309//1309
f 1161//1161 1314//1314 1238//1238
f 1243//1243 1314//1314 1161//1161
f 1314//1314 1243//1243 1280//1280
f 1211//1211 1248//1248 1282//1282
f 1315//1315 1316//1316 1251//1251
f 1317//1317 1285//1285 1245//1245
f 1318//1318 1319//1319 1320//1320
f 1321//1321 1319//1319 1318//1318
f 1131//1131 1282//1282 1212//1212
f 1212//1212 1282//1282 1251//1251
f 1171//1171 1251//1251 1316//1316
f 1171//1171 1316//1316 1283//1283
f 1286//1286 1322//1322 1284//1284
f 1317//1317 1245//1245 1284//1284
f 1322//1322 1317//1317 1284//1284
f 1254//1254 1246//1246 1253//1253
f 1254//1254 1253//1253 1323//1323
f 1323//1323 1253//1253 1285//1285
f 1286//1286 1213//1213 1255//1255
f 1281//1281 1137//1137 1324//1324
f 1287//1287 1288//1288 1172//1172
f 1137//1137 1215//1215 1324//1324
f 1290//1290 1214//1214 1288//1288
f 1216//1216 1217//1217 1218//1218
f 1177//1177 1293//1293 1325//1325
f 1220//1220 1326//1326 1178//1178
f 1078//1078 1221//1221 1296//1296
f 1082//1082 1260//1260 1298//1298
f 1224//1224 1261//1261 1297//1297
f 1266//1266 1327//1327 1328//1328
f 1266//1266 1328//1328 1262//1262
f 1263//1263 1329//1329 1264//1264
f 1266//1266 1265//1265 1327//1327
f 1301//1301 1330//1330 1331//1331
f 1301//1301 1226//1226 1330//1330
f 1150//1150 1332//1332 1226//1226
f 1332//1332 1150//1150 1185//1185
f 1332//1332 1185//1185 1333//1333
f 1186//1186 1333//1333 1185//1185
f 1305//1305 1333//1333 1186//1186
f 1231//1231 1334//1334 1227//1227
f 1228//1228 1303//1303 1269//1269
f 1227//1227 1334//1334 1335//1335
f 1334//1334 1231//1231 1306//1306
f 1227//1227 1335//1335 1268//1268
f 1267//1267 1336//1336 1304//1304
f 1271//1271 1336//1336 1267//1267
f 1335//1335 1270//1270 1268//1268
f 1306//1306 1337//1337 1334//1334
f 1273//1273 1338//1338 1190//1190
f 1338//1338 1275//1275 1190//1190
f 1191//1191 1339//1339 1272//1272
f 1340//1340 1275//1275 1338//1338
f 1274//1274 1339//1339 1191//1191
f 1276//1276 1275//1275 1340//1340
f 1157//1157 1233//1233 1341//1341
f 1277//1277 1124//1124 1276//1276
f 1308//1308 1342//1342 1237//1237
f 1237//1237 1342//1342 1343//1343
f 1343//1343 1344//1344 1237//1237
f 1237//1237 1344//1344 1278//1278
f 1199//1199 1278//1278 1345//1345
f 1279//1279 1199//1199 1345//1345
f 1238//1238 1346//1346 1235//1235
f 1311//1311 1310//1310 1347//1347
f 1311//1311 1347//1347 1312//1312
f 1310//1310 1313//1313 1347//1347
f 1312//1312 1347//1347 1313//1313
f 1241//1241 1348//1348 1242//1242
f 1318//1318 1320//1320 1349//1349
f 1318//1318 1349//1349 1321//1321
f 1164//1164 1242//1242 1248//1248
f 1248//1248 1350//1350 1282//1282
f 1282//1282 1315//1315 1251//1251
f 1322//1322 1351//1351 1317//1317
f 1351//1351 1285//1285 1317//1317
f 1320//1320 1319//1319 1349//1349
f 1321//1321 1349//1349 1319//1319
f 1286//1286 1255//1255 1352//1352
f 1286//1286 1352//1352 1322//1322
f 1285//1285 1351//1351 1353//1353
f 1323//1323 1285//1285 1353//1353
f 1354//1354 1323//1323 1353//1353
f 1355//1355 1254//1254 1323//1323
f 1355//1355 1323//1323 1356//1356
f 1356//1356 1323//1323 1354//1354
f 1254//1254 1355//1355 1250//1250
f 1250//1250 1355//1355 1287//1287
f 1287//1287 1355//1355 1357//1357
f 1357//1357 1355//1355 1356//1356
f 1357//1357 1288//1288 1287//1287
f 1215//1215 1289//1289 1324//1324
f 1358//1358 1356//1356 1359//1359
f 1358//1358 1357//1357 1356//1356
f 1288//1288 1357//1357 1358//1358
f 1288//1288 1358//1358 1290//1290
f 1360//1360 1290//1290 1358//1358
f 1290//1290 1291//1291 1256//1256
f 1361//1361 1291//1291 1290//1290
f 1257//1257 1291//1291 1361//1361
f 1177//1177 1325//1325 1258//1258
f 1258//1258 1326//1326 1220//1220
f 1295//1295 1178//1178 1362//1362
f 1143//1143 1363//1363 1115//1115
f 1114//1114 1364//1364 1143//1143
f 1143//1143 1364//1364 1363//1363
f 1365//1365 1181//1181 1115//1115
f 1221//1221 1222//1222 1296//1296
f 1223//1223 1297//1297 1222//1222
f 1183//1183 1366//1366 1261//1261
f 1299//1299 1329//1329 1263//1263
f 1183//1183 1182//1182 1367//1367
f 1182//1182 1300//1300 1367//1367
f 1368//1368 1369//1369 1327//1327
f 1368//1368 1327//1327 1265//1265
f 1265//1265 1370//1370 1368//1368
f 1301//1301 1331//1331 1265//1265
f 1265//1265 1331//1331 1370//1370
f 1371//1371 1372//1372 1373//1373
f 1373//1373 1374//1374 1371//1371
f 1371//1371 1375//1375 1372//1372
f 1374//1374 1375//1375 1371//1371
f 1332//1332 1330//1330 1226//1226
f 1376//1376 1303//1303 1302//1302
f 1269//1269 1377//1377 1378//1378
f 1334//1334 1337//1337 1379//1379
f 1380//1380 1337//1337 1306//1306
f 1269//1269 1378//1378 1273//1273
f 1336//1336 1381//1381 1304//1304
f 1381//1381 1336//1336 1271//1271
f 1270//1270 1382//1382 1271//1271
f 1270//1270 1383//1383 1382//1382
f 1335//1335 1383//1383 1270//1270
f 1335//1335 1379//1379 1383//1383
f 1335//1335 1334//1334 1379//1379
f 1307//1307 1306//1306 1232//1232
f 1380//1380 1306//1306 1307//1307
f 1272//1272 1384//1384 1307//1307
f 1272//1272 1385//1385 1386//1386
f 1339//1339 1385//1385 1272//1272
f 1274//1274 1387//1387 1339//1339
f 1341//1341 1387//1387 1274//1274
f 1157//1157 1341//1341 1274//1274
f 1277//1277 1388//1388 1236//1236
f 1233//1233 1389//1389 1390//1390
f 1233//1233 1235//1235 1389//1389
f 1236//1236 1388//1388 1308//1308
f 1308//1308 1388//1388 1342//1342
f 1278//1278 1344//1344 1345//1345
f 1238//1238 1391//1391 1346//1346
f 1242//1242 1392//1392 1350//1350
f 1248//1248 1242//1242 1350//1350
f 1282//1282 1393//1393 1315//1315
f 1316//1316 1315//1315 1394//1394
f 1351//1351 1354//1354 1353//1353
f 1354//1354 1395//1395 1356//1356
f 1395//1395 1359//1359 1356//1356
f 1396//1396 1324//1324 1289//1289
f 1290//1290 1360//1360 1361//1361
f 1216//1216 1218//1218 1397//1397
f 1398//1398 1257//1257 1361//1361
f 1257//1257 1398//1398 1399//1399
f 1257//1257 1399//1399 1292//1292
f 1397//1397 1218//1218 1400//1400
f 1292//1292 1401//1401 1293//1293
f 1402//1402 1325//1325 1293//1293
f 1218//1218 1219//1219 1400//1400
f 1219//1219 1294//1294 1403//1403
f 1259//1259 1295//1295 1362//1362
f 1294//1294 1259//1259 1404//1404
f 1259//1259 1362//1362 1404//1404
f 1115//1115 1363//1363 1365//1365
f 1180//1180 1364//1364 1114//1114
f 1180//1180 1405//1405 1364//1364
f 1296//1296 1405//1405 1180//1180
f 1181//1181 1365//1365 1260//1260
f 1297//1297 1406//1406 1222//1222
f 1144//1144 1298//1298 1407//1407
f 1261//1261 1366//1366 1297//1297
f 1144//1144 1407//1407 1299//1299
f 1299//1299 1407//1407 1329//1329
f 1369//1369 1328//1328 1327//1327
f 1329//1329 1408//1408 1264//1264
f 1373//1373 1372//1372 1409//1409
f 1373//1373 1409//1409 1374//1374
f 1372//1372 1375//1375 1409//1409
f 1374//1374 1409//1409 1375//1375
f 1331//1331 1330//1330 1410//1410
f 1332//1332 1411//1411 1330//1330
f 1411//1411 1332//1332 1333//1333
f 1412//1412 1269//1269 1303//1303
f 1269//1269 1412//1412 1377//1377
f 1379//1379 1337//1337 1413//1413
f 1414//1414 1413//1413 1337//1337
f 1304//1304 1381//1381 1415//1415
f 1304//1304 1415//1415 1416//1416
f 1381//1381 1271//1271 1415//1415
f 1415//1415 1271//1271 1417//1417
f 1382//1382 1417//1417 1271//1271
f 1382//1382 1383//1383 1417//1417
f 1383//1383 1379//1379 1413//1413
f 1273//1273 1378//1378 1338//1338
f 1307//1307 1418//1418 1380//1380
f 1384//1384 1272//1272 1386//1386
f 1340//1340 1338//1338 1419//1419
f 1385//1385 1339//1339 1387//1387
f 1276//1276 1340//1340 1420//1420
f 1276//1276 1420//1420 1277//1277
f 1233//1233 1390//1390 1341//1341
f 1342//1342 1421//1421 1343//1343
f 1422//1422 1423//1423 1343//1343
f 1344//1344 1343//1343 1423//1423
f 1346//1346 1389//1389 1235//1235
f 1344//1344 1424//1424 1345//1345
f 1241//1241 1279//1279 1425//1425
f 1348//1348 1241//1241 1425//1425
f 1238//1238 1314//1314 1391//1391
f 1282//1282 1350//1350 1426//1426
f 1282//1282 1426//1426 1393//1393
f 1315//1315 1393//1393 1427//1427
f 1315//1315 1427//1427 1394//1394
f 1428//1428 1322//1322 1352//1352
f 1428//1428 1351//1351 1322//1322
f 1255//1255 1283//1283 1429//1429
f 1352//1352 1255//1255 1429//1429
f 1430//1430 1431//1431 1432//1432
f 1432//1432 1433//1433 1430//1430
f 1430//1430 1434//1434 1431//1431
f 1433//1433 1434//1434 1430//1430
f 1395//1395 1435//1435 1359//1359
f 1436//1436 1359//1359 1437//1437
f 1436//1436 1358//1358 1359//1359
f 1360//1360 1358//1358 1436//1436
f 1289//1289 1216//1216 1396//1396
f 1396//1396 1216//1216 1397//1397
f 1436//1436 1438//1438 1360//1360
f 1360//1360 1438//1438 1361//1361
f 1401//1401 1292//1292 1399//1399
f 1401//1401 1402//1402 1293//1293
f 1219//1219 1403//1403 1400//1400
f 1325//1325 1402//1402 1439//1439
f 1258//1258 1325//1325 1439//1439
f 1294//1294 1404//1404 1403//1403
f 1440//1440 1178//1178 1326//1326
f 1440//1440 1362//1362 1178//1178
f 1222//1222 1406//1406 1296//1296
f 1296//1296 1406//1406 1441//1441
f 1260//1260 1365//1365 1442//1442
f 1443//1443 1406//1406 1297//1297
f 1260//1260 1442//1442 1298//1298
f 1366//1366 1444//1444 1297//1297
f 1183//1183 1367//1367 1366//1366
f 1445//1445 1328//1328 1369//1369
f 1376//1376 1264//1264 1408//1408
f 1445//1445 1369//1369 1446//1446
f 1369//1369 1447//1447 1446//1446
f 1368//1368 1447//1447 1369//1369
f 1376//1376 1302//1302 1264//1264
f 1410//1410 1448//1448 1331//1331
f 1330//1330 1449//1449 1410//1410
f 1450//1450 1451//1451 1452//1452
f 1452//1452 1453//1453 1450//1450
f 1454//1454 1455//1455 1456//1456
f 1456//1456 1457//1457 1454//1454
f 1458//1458 1459//1459 1460//1460
f 1460//1460 1461//1461 1458//1458
f 1450//1450 1462//1462 1451//1451
f 1453//1453 1462//1462 1450//1450
f 1454//1454 1463//1463 1455//1455
f 1457//1457 1463//1463 1454//1454
f 1458//1458 1464//1464 1459//1459
f 1461//1461 1464//1464 1458//1458
f 1305//1305 1465//1465 1333//1333
f 1416//1416 1305//1305 1304//1304
f 1416//1416 1465//1465 1305//1305
f 1337//1337 1466//1466 1414//1414
f 1466//1466 1337//1337 1380//1380
f 1415//1415 1467//1467 1416//1416
f 1468//1468 1467//1467 1415//1415
f 1468//1468 1415//1415 1417//1417
f 1383//1383 1469//1469 1417//1417
f 1383//1383 1413//1413 1469//1469
f 1338//1338 1470//1470 1419//1419
f 1338//1338 1378//1378 1470//1470
f 1381//1381 1471//1471 1467//1467
f 1467//1467 1468//1468 1381//1381
f 1472//1472 1473//1473 1417//1417
f 1380//1380 1474//1474 1475//1475
f 1418//1418 1474//1474 1380//1380
f 1384//1384 1418//1418 1307//1307
f 1471//1471 1381//1381 1468//1468
f 1384//1384 1386//1386 1418//1418
f 1386//1386 1385//1385 1418//1418
f 1418//1418 1385//1385 1387//1387
f 1340//1340 1419//1419 1420//1420
f 1476//1476 1277//1277 1420//1420
f 1277//1277 1476//1476 1388//1388
f 1388//1388 1476//1476 1421//1421
f 1342//1342 1388//1388 1421//1421
f 1477//1477 1390//1390 1389//1389
f 1346//1346 1477//1477 1389//1389
f 1345//1345 1424//1424 1279//1279
f 1279//1279 1478//1478 1425//1425
f 1348//1348 1425//1425 1479//1479
f 1392//1392 1242//1242 1348//1348
f 1480//1480 1481//1481 1316//1316
f 1314//1314 1280//1280 1482//1482
f 1283//1283 1316//1316 1481//1481
f 1481//1481 1483//1483 1283//1283
f 1429//1429 1283//1283 1483//1483
f 1429//1429 1484//1484 1352//1352
f 1428//1428 1352//1352 1484//1484
f 1351//1351 1428//1428 1485//1485
f 1354//1354 1485//1485 1486//1486
f 1354//1354 1351//1351 1485//1485
f 1486//1486 1395//1395 1354//1354
f 1432//1432 1431//1431 1487//1487
f 1432//1432 1487//1487 1433//1433
f 1280//1280 1281//1281 1488//1488
f 1395//1395 1486//1486 1435//1435
f 1431//1431 1434//1434 1487//1487
f 1433//1433 1487//1487 1434//1434
f 1489//1489 1435//1435 1486//1486
f 1435//1435 1437//1437 1359//1359
f 1396//1396 1490//1490 1324//1324
f 1437//1437 1491//1491 1492//1492
f 1436//1436 1437//1437 1492//1492
f 1492//1492 1438//1438 1436//1436
f 1361//1361 1438//1438 1492//1492
f 1361//1361 1492//1492 1398//1398
f 1258//1258 1493//1493 1326//1326
f 1404//1404 1362//1362 1494//1494
f 1296//1296 1495//1495 1405//1405
f 1495//1495 1296//1296 1441//1441
f 1298//1298 1442//1442 1496//1496
f 1367//1367 1300//1300 1497//1497
f 1498//1498 1499//1499 1500//1500
f 1500//1500 1501//1501 1498//1498
f 1502//1502 1445//1445 1446//1446
f 1498//1498 1503//1503 1499//1499
f 1501//1501 1503//1503 1498//1498
f 1504//1504 1446//1446 1447//1447
f 1505//1505 1504//1504 1447//1447
f 1505//1505 1447//1447 1506//1506
f 1506//1506 1447//1447 1368//1368
f 1507//1507 1506//1506 1370//1370
f 1370//1370 1506//1506 1368//1368
f 1370//1370 1331//1331 1448//1448
f 1408//1408 1508//1508 1376//1376
f 1370//1370 1509//1509 1507//1507
f 1509//1509 1510//1510 1507//1507
f 1448//1448 1509//1509 1370//1370
f 1511//1511 1512//1512 1448//1448
f 1410//1410 1513//1513 1511//1511
f 1410//1410 1511//1511 1448//1448
f 1513//1513 1410//1410 1449//1449
f 1452//1452 1514//1514 1515//1515
f 1451//1451 1514//1514 1452//1452
f 1515//1515 1453//1453 1452//1452
f 1516//1516 1453//1453 1515//1515
f 1456//1456 1517//1517 1518//1518
f 1455//1455 1517//1517 1456//1456
f 1518//1518 1457//1457 1456//1456
f 1519//1519 1457//1457 1518//1518
f 1460//1460 1520//1520 1521//1521
f 1459//1459 1520//1520 1460//1460
f 1521//1521 1461//1461 1460//1460
f 1522//1522 1461//1461 1521//1521
f 1523//1523 1411//1411 1333//1333
f 1451//1451 1524//1524 1514//1514
f 1462//1462 1524//1524 1451//1451
f 1516//1516 1462//1462 1453//1453
f 1524//1524 1462//1462 1516//1516
f 1455//1455 1525//1525 1517//1517
f 1463//1463 1525//1525 1455//1455
f 1519//1519 1463//1463 1457//1457
f 1525//1525 1463//1463 1519//1519
f 1459//1459 1526//1526 1520//1520
f 1464//1464 1526//1526 1459//1459
f 1522//1522 1464//1464 1461//1461
f 1526//1526 1464//1464 1522//1522
f 1527//1527 1333//1333 1465//1465
f 1465//1465 1416//1416 1467//1467
f 1471//1471 1465//1465 1467//1467
f 1417//1417 1473//1473 1528//1528
f 1468//1468 1417//1417 1528//1528
f 1417//1417 1529//1529 1472//1472
f 1530//1530 1529//1529 1469//1469
f 1469//1469 1529//1529 1417//1417
f 1469//1469 1531//1531 1530//1530
f 1469//1469 1413//1413 1531//1531
f 1380//1380 1475//1475 1466//1466
f 1532//1532 1419//1419 1470//1470
f 1418//1418 1533//1533 1474//1474
f 1471//1471 1468//1468 1534//1534
f 1468//1468 1528//1528 1534//1534
f 1387//1387 1535//1535 1418//1418
f 1418//1418 1535//1535 1533//1533
f 1536//1536 1537//1537 1538//1538
f 1538//1538 1539//1539 1536//1536
f 1535//1535 1387//1387 1341//1341
f 1536//1536 1540//1540 1537//1537
f 1539//1539 1540//1540 1536//1536
f 1343//1343 1421//1421 1541//1541
f 1422//1422 1343//1343 1541//1541
f 1422//1422 1541//1541 1423//1423
f 1424//1424 1344//1344 1423//1423
f 1542//1542 1477//1477 1346//1346
f 1279//1279 1424//1424 1478//1478
f 1482//1482 1391//1391 1314//1314
f 1425//1425 1543//1543 1479//1479
f 1348//1348 1479//1479 1392//1392
f 1280//1280 1488//1488 1482//1482
f 1350//1350 1392//1392 1544//1544
f 1350//1350 1544//1544 1426//1426
f 1480//1480 1316//1316 1394//1394
f 1429//1429 1483//1483 1545//1545
f 1429//1429 1545//1545 1484//1484
f 1428//1428 1484//1484 1485//1485
f 1486//1486 1485//1485 1546//1546
f 1281//1281 1547//1547 1488//1488
f 1546//1546 1548//1548 1486//1486
f 1486//1486 1548//1548 1489//1489
f 1549//1549 1489//1489 1548//1548
f 1489//1489 1549//1549 1435//1435
f 1435//1435 1549//1549 1550//1550
f 1435//1435 1550//1550 1437//1437
f 1551//1551 1490//1490 1396//1396
f 1437//1437 1550//1550 1489//1489
f 1491//1491 1437//1437 1489//1489
f 1396//1396 1397//1397 1551//1551
f 1398//1398 1492//1492 1552//1552
f 1398//1398 1552//1552 1553//1553
f 1399//1399 1398//1398 1553//1553
f 1402//1402 1554//1554 1439//1439
f 1493//1493 1258//1258 1439//1439
f 1403//1403 1494//1494 1555//1555
f 1404//1404 1494//1494 1403//1403
f 1363//1363 1556//1556 1365//1365
f 1406//1406 1557//1557 1441//1441
f 1406//1406 1443//1443 1557//1557
f 1443//1443 1297//1297 1444//1444
f 1496//1496 1407//1407 1298//1298
f 1262//1262 1558//1558 1300//1300
f 1300//1300 1558//1558 1497//1497
f 1328//1328 1559//1559 1262//1262
f 1262//1262 1559//1559 1558//1558
f 1559//1559 1328//1328 1445//1445
f 1559//1559 1445//1445 1502//1502
f 1500//1500 1499//1499 1560//1560
f 1500//1500 1560//1560 1501//1501
f 1499//1499 1503//1503 1560//1560
f 1501//1501 1560//1560 1503//1503
f 1561//1561 1504//1504 1505//1505
f 1561//1561 1502//1502 1504//1504
f 1502//1502 1446//1446 1504//1504
f 1505//1505 1506//1506 1561//1561
f 1507//1507 1562//1562 1563//1563
f 1507//1507 1563//1563 1506//1506
f 1506//1506 1563//1563 1561//1561
f 1504//1504 1505//1505 1564//1564
f 1510//1510 1564//1564 1505//1505
f 1507//1507 1510//1510 1562//1562
f 1511//1511 1565//1565 1512//1512
f 1513//1513 1449//1449 1511//1511
f 1511//1511 1449//1449 1566//1566
f 1449//1449 1330//1330 1566//1566
f 1508//1508 1567//1567 1376//1376
f 1515//1515 1514//1514 1568//1568
f 1515//1515 1568//1568 1516//1516
f 1518//1518 1517//1517 1569//1569
f 1518//1518 1569//1569 1519//1519
f 1521//1521 1520//1520 1570//1570
f 1521//1521 1570//1570 1522//1522
f 1330//1330 1571//1571 1566//1566
f 1330//1330 1411//1411 1571//1571
f 1376//1376 1567//1567 1412//1412
f 1303//1303 1376//1376 1412//1412
f 1514//1514 1524//1524 1568//1568
f 1516//1516 1568//1568 1524//1524
f 1517//1517 1525//1525 1569//1569
f 1519//1519 1569//1569 1525//1525
f 1520//1520 1526//1526 1570//1570
f 1522//1522 1570//1570 1526//1526
f 1377//1377 1412//1412 1572//1572
f 1377//1377 1572//1572 1378//1378
f 1523//1523 1333//1333 1527//1527
f 1378//1378 1572//1572 1573//1573
f 1531//1531 1413//1413 1574//1574
f 1413//1413 1414//1414 1574//1574
f 1575//1575 1576//1576 1414//1414
f 1466//1466 1575//1575 1414//1414
f 1466//1466 1577//1577 1575//1575
f 1577//1577 1466//1466 1578//1578
f 1378//1378 1573//1573 1470//1470
f 1527//1527 1465//1465 1471//1471
f 1529//1529 1579//1579 1472//1472
f 1530//1530 1531//1531 1529//1529
f 1466//1466 1475//1475 1578//1578
f 1473//1473 1472//1472 1580//1580
f 1581//1581 1475//1475 1474//1474
f 1581//1581 1582//1582 1475//1475
f 1533//1533 1581//1581 1474//1474
f 1583//1583 1527//1527 1534//1534
f 1527//1527 1471//1471 1534//1534
f 1534//1534 1528//1528 1583//1583
f 1533//1533 1584//1584 1581//1581
f 1533//1533 1585//1585 1584//1584
f 1538//1538 1537//1537 1586//1586
f 1538//1538 1586//1586 1539//1539
f 1390//1390 1535//1535 1341//1341
f 1537//1537 1540//1540 1586//1586
f 1539//1539 1586//1586 1540//1540
f 1420//1420 1419//1419 1476//1476
f 1421//1421 1476//1476 1587//1587
f 1421//1421 1588//1588 1541//1541
f 1390//1390 1477//1477 1589//1589
f 1424//1424 1423//1423 1588//1588
f 1391//1391 1542//1542 1346//1346
f 1478//1478 1543//1543 1425//1425
f 1590//1590 1591//1591 1592//1592
f 1592//1592 1593//1593 1590//1590
f 1479//1479 1543//1543 1594//1594
f 1590//1590 1595//1595 1591//1591
f 1593//1593 1595//1595 1590//1590
f 1392//1392 1479//1479 1596//1596
f 1394//1394 1597//1597 1480//1480
f 1598//1598 1481//1481 1480//1480
f 1483//1483 1481//1481 1598//1598
f 1596//1596 1544//1544 1392//1392
f 1394//1394 1427//1427 1393//1393
f 1598//1598 1599//1599 1545//1545
f 1598//1598 1545//1545 1483//1483
f 1545//1545 1600//1600 1484//1484
f 1600//1600 1601//1601 1484//1484
f 1601//1601 1602//1602 1484//1484
f 1484//1484 1602//1602 1485//1485
f 1485//1485 1602//1602 1546//1546
f 1600//1600 1545//1545 1603//1603
f 1281//1281 1324//1324 1547//1547
f 1547//1547 1324//1324 1490//1490
f 1604//1604 1605//1605 1548//1548
f 1606//1606 1607//1607 1608//1608
f 1549//1549 1548//1548 1605//1605
f 1605//1605 1608//1608 1549//1549
f 1549//1549 1608//1608 1550//1550
f 1550//1550 1608//1608 1607//1607
f 1550//1550 1607//1607 1489//1489
f 1489//1489 1607//1607 1491//1491
f 1492//1492 1491//1491 1609//1609
f 1400//1400 1610//1610 1397//1397
f 1399//1399 1553//1553 1401//1401
f 1400//1400 1403//1403 1611//1611
f 1403//1403 1555//1555 1611//1611
f 1402//1402 1401//1401 1554//1554
f 1439//1439 1612//1612 1493//1493
f 1493//1493 1613//1613 1440//1440
f 1493//1493 1440//1440 1326//1326
f 1614//1614 1362//1362 1440//1440
f 1363//1363 1615//1615 1556//1556
f 1364//1364 1615//1615 1363//1363
f 1364//1364 1616//1616 1615//1615
f 1556//1556 1617//1617 1365//1365
f 1618//1618 1443//1443 1444//1444
f 1561//1561 1619//1619 1502//1502
f 1620//1620 1563//1563 1562//1562
f 1509//1509 1562//1562 1510//1510
f 1562//1562 1621//1621 1620//1620
f 1562//1562 1509//1509 1621//1621
f 1448//1448 1621//1621 1509//1509
f 1448//1448 1512//1512 1621//1621
f 1512//1512 1622//1622 1621//1621
f 1512//1512 1565//1565 1622//1622
f 1511//1511 1566//1566 1565//1565
f 1623//1623 1624//1624 1625//1625
f 1625//1625 1626//1626 1623//1623
f 1623//1623 1627//1627 1624//1624
f 1626//1626 1627//1627 1623//1623
f 1523//1523 1527//1527 1628//1628
f 1531//1531 1574//1574 1629//1629
f 1414//1414 1576//1576 1574//1574
f 1630//1630 1577//1577 1578//1578
f 1631//1631 1630//1630 1578//1578
f 1528//1528 1473//1473 1632//1632
f 1629//1629 1529//1529 1531//1531
f 1579//1579 1529//1529 1629//1629
f 1633//1633 1631//1631 1578//1578
f 1578//1578 1475//1475 1582//1582
f 1470//1470 1634//1634 1532//1532
f 1528//1528 1632//1632 1583//1583
f 1473//1473 1580//1580 1632//1632
f 1635//1635 1633//1633 1578//1578
f 1535//1535 1585//1585 1533//1533
f 1419//1419 1532//1532 1636//1636
f 1635//1635 1637//1637 1633//1633
f 1419//1419 1638//1638 1476//1476
f 1476//1476 1638//1638 1639//1639
f 1476//1476 1639//1639 1587//1587
f 1588//1588 1421//1421 1587//1587
f 1423//1423 1541//1541 1588//1588
f 1424//1424 1588//1588 1478//1478
f 1592//1592 1591//1591 1640//1640
f 1592//1592 1640//1640 1593//1593
f 1641//1641 1642//1642 1643//1643
f 1643//1643 1644//1644 1641//1641
f 1480//1480 1597//1597 1598//1598
f 1591//1591 1595//1595 1640//1640
f 1593//1593 1640//1640 1595//1595
f 1641//1641 1645//1645 1642//1642
f 1644//1644 1645//1645 1641//1641
f 1479//1479 1594//1594 1596//1596
f 1646//1646 1597//1597 1394//1394
f 1647//1647 1599//1599 1598//1598
f 1646//1646 1394//1394 1393//1393
f 1546//1546 1602//1602 1648//1648
f 1603//1603 1649//1649 1650//1650
f 1603//1603 1599//1599 1649//1649
f 1603//1603 1545//1545 1599//1599
f 1651//1651 1603//1603 1650//1650
f 1651//1651 1600//1600 1603//1603
f 1600//1600 1651//1651 1652//1652
f 1600//1600 1652//1652 1601//1601
f 1546//1546 1648//1648 1548//1548
f 1648//1648 1604//1604 1548//1548
f 1604//1604 1653//1653 1605//1605
f 1654//1654 1605//1605 1653//1653
f 1605//1605 1654//1654 1608//1608
f 1608//1608 1654//1654 1655//1655
f 1608//1608 1655//1655 1606//1606
f 1607//1607 1656//1656 1491//1491
f 1607//1607 1657//1657 1656//1656
f 1656//1656 1609//1609 1491//1491
f 1551//1551 1397//1397 1610//1610
f 1492//1492 1609//1609 1552//1552
f 1400//1400 1611//1611 1610//1610
f 1401//1401 1553//1553 1658//1658
f 1659//1659 1401//1401 1658//1658
f 1401//1401 1659//1659 1554//1554
f 1439//1439 1554//1554 1660//1660
f 1439//1439 1660//1660 1612//1612
f 1440//1440 1613//1613 1614//1614
f 1362//1362 1614//1614 1494//1494
f 1614//1614 1661//1661 1494//1494
f 1555//1555 1494//1494 1661//1661
f 1364//1364 1405//1405 1616//1616
f 1617//1617 1442//1442 1365//1365
f 1662//1662 1442//1442 1617//1617
f 1443//1443 1618//1618 1663//1663
f 1496//1496 1664//1664 1407//1407
f 1366//1366 1665//1665 1444//1444
f 1407//1407 1666//1666 1329//1329
f 1666//1666 1407//1407 1664//1664
f 1497//1497 1558//1558 1367//1367
f 1367//1367 1558//1558 1667//1667
f 1666//1666 1408//1408 1329//1329
f 1559//1559 1502//1502 1619//1619
f 1668//1668 1619//1619 1561//1561
f 1561//1561 1563//1563 1668//1668
f 1669//1669 1670//1670 1671//1671
f 1620//1620 1669//1669 1563//1563
f 1620//1620 1621//1621 1672//1672
f 1673//1673 1672//1672 1621//1621
f 1673//1673 1621//1621 1622//1622
f 1566//1566 1674//1674 1565//1565
f 1675//1675 1674//1674 1566//1566
f 1625//1625 1624//1624 1676//1676
f 1625//1625 1676//1676 1626//1626
f 1669//1669 1677//1677 1670//1670
f 1620//1620 1677//1677 1669//1669
f 1677//1677 1620//1620 1672//1672
f 1566//1566 1571//1571 1675//1675
f 1571//1571 1411//1411 1523//1523
f 1678//1678 1571//1571 1523//1523
f 1679//1679 1412//1412 1567//1567
f 1624//1624 1627//1627 1676//1676
f 1626//1626 1676//1676 1627//1627
f 1678//1678 1523//1523 1628//1628
f 1572//1572 1412//1412 1679//1679
f 1680//1680 1629//1629 1574//1574
f 1681//1681 1576//1576 1575//1575
f 1470//1470 1573//1573 1634//1634
f 1628//1628 1527//1527 1682//1682
f 1682//1682 1527//1527 1683//1683
f 1632//1632 1684//1684 1685//1685
f 1580//1580 1684//1684 1632//1632
f 1579//1579 1580//1580 1472//1472
f 1686//1686 1579//1579 1629//1629
f 1687//1687 1680//1680 1574//1574
f 1574//1574 1576//1576 1687//1687
f 1688//1688 1689//1689 1575//1575
f 1689//1689 1681//1681 1575//1575
f 1575//1575 1577//1577 1688//1688
f 1577//1577 1630//1630 1688//1688
f 1683//1683 1527//1527 1685//1685
f 1632//1632 1685//1685 1583//1583
f 1631//1631 1633//1633 1690//1690
f 1578//1578 1582//1582 1635//1635
f 1583//1583 1685//1685 1527//1527
f 1633//1633 1637//1637 1690//1690
f 1635//1635 1582//1582 1637//1637
f 1691//1691 1692//1692 1581//1581
f 1691//1691 1581//1581 1693//1693
f 1693//1693 1581//1581 1584//1584
f 1693//1693 1584//1584 1694//1694
f 1694//1694 1584//1584 1585//1585
f 1695//1695 1419//1419 1636//1636
f 1637//1637 1582//1582 1692//1692
f 1535//1535 1696//1696 1585//1585
f 1419//1419 1695//1695 1638//1638
f 1637//1637 1692//1692 1697//1697
f 1589//1589 1477//1477 1542//1542
f 1698//1698 1699//1699 1700//1700
f 1700//1700 1701//1701 1698//1698
f 1702//1702 1703//1703 1704//1704
f 1704//1704 1705//1705 1702//1702
f 1478//1478 1588//1588 1706//1706
f 1698//1698 1707//1707 1699//1699
f 1701//1701 1707//1707 1698//1698
f 1702//1702 1708//1708 1703//1703
f 1705//1705 1708//1708 1702//1702
f 1542//1542 1391//1391 1709//1709
f 1643//1643 1642//1642 1710//1710
f 1643//1643 1710//1710 1644//1644
f 1391//1391 1482//1482 1711//1711
f 1598//1598 1597//1597 1712//1712
f 1647//1647 1598//1598 1712//1712
f 1642//1642 1645//1645 1710//1710
f 1644//1644 1710//1710 1645//1645
f 1596//1596 1594//1594 1713//1713
f 1601//1601 1714//1714 1602//1602
f 1648//1648 1602//1602 1714//1714
f 1393//1393 1426//1426 1715//1715
f 1715//1715 1646//1646 1393//1393
f 1716//1716 1599//1599 1647//1647
f 1716//1716 1649//1649 1599//1599
f 1714//1714 1601//1601 1717//1717
f 1601//1601 1652//1652 1717//1717
f 1717//1717 1652//1652 1718//1718
f 1648//1648 1719//1719 1604//1604
f 1488//1488 1547//1547 1720//1720
f 1649//1649 1721//1721 1650//1650
f 1652//1652 1651//1651 1718//1718
f 1719//1719 1653//1653 1604//1604
f 1722//1722 1720//1720 1490//1490
f 1720//1720 1547//1547 1490//1490
f 1723//1723 1651//1651 1650//1650
f 1718//1718 1651//1651 1723//1723
f 1606//1606 1655//1655 1607//1607
f 1653//1653 1724//1724 1654//1654
f 1490//1490 1551//1551 1722//1722
f 1725//1725 1654//1654 1726//1726
f 1726//1726 1654//1654 1724//1724
f 1655//1655 1725//1725 1657//1657
f 1725//1725 1655//1655 1654//1654
f 1657//1657 1607//1607 1655//1655
f 1722//1722 1551//1551 1727//1727
f 1726//1726 1657//1657 1725//1725
f 1727//1727 1551//1551 1610//1610
f 1657//1657 1726//1726 1656//1656
f 1609//1609 1728//1728 1552//1552
f 1552//1552 1658//1658 1553//1553
f 1493//1493 1612//1612 1729//1729
f 1614//1614 1613//1613 1730//1730
f 1615//1615 1731//1731 1556//1556
f 1405//1405 1732//1732 1616//1616
f 1405//1405 1495//1495 1732//1732
f 1443//1443 1663//1663 1557//1557
f 1733//1733 1442//1442 1662//1662
f 1733//1733 1496//1496 1442//1442
f 1444//1444 1665//1665 1618//1618
f 1366//1366 1667//1667 1665//1665
f 1367//1367 1667//1667 1366//1366
f 1668//1668 1559//1559 1619//1619
f 1408//1408 1666//1666 1508//1508
f 1666//1666 1734//1734 1508//1508
f 1671//1671 1563//1563 1669//1669
f 1508//1508 1734//1734 1567//1567
f 1672//1672 1673//1673 1735//1735
f 1736//1736 1673//1673 1622//1622
f 1674//1674 1622//1622 1565//1565
f 1735//1735 1677//1677 1672//1672
f 1677//1677 1737//1737 1670//1670
f 1679//1679 1573//1573 1572//1572
f 1738//1738 1682//1682 1683//1683
f 1739//1739 1683//1683 1740//1740
f 1576//1576 1681//1681 1741//1741
f 1742//1742 1630//1630 1631//1631
f 1683//1683 1685//1685 1684//1684
f 1684//1684 1740//1740 1683//1683
f 1580//1580 1686//1686 1684//1684
f 1580//1580 1579//1579 1686//1686
f 1680//1680 1686//1686 1629//1629
f 1743//1743 1686//1686 1680//1680
f 1744//1744 1680//1680 1687//1687
f 1687//1687 1576//1576 1744//1744
f 1745//1745 1681//1681 1689//1689
f 1745//1745 1688//1688 1630//1630
f 1742//1742 1631//1631 1746//1746
f 1747//1747 1689//1689 1688//1688
f 1747//1747 1688//1688 1748//1748
f 1749//1749 1688//1688 1748//1748
f 1745//1745 1689//1689 1688//1688
f 1689//1689 1688//1688 1749//1749
f 1746//1746 1749//1749 1748//1748
f 1690//1690 1746//1746 1748//1748
f 1690//1690 1746//1746 1631//1631
f 1634//1634 1750//1750 1636//1636
f 1634//1634 1636//1636 1532//1532
f 1748//1748 1690//1690 1751//1751
f 1751//1751 1690//1690 1637//1637
f 1582//1582 1581//1581 1752//1752
f 1752//1752 1581//1581 1692//1692
f 1585//1585 1696//1696 1694//1694
f 1697//1697 1751//1751 1637//1637
f 1752//1752 1692//1692 1582//1582
f 1692//1692 1753//1753 1697//1697
f 1390//1390 1754//1754 1535//1535
f 1588//1588 1587//1587 1755//1755
f 1706//1706 1588//1588 1755//1755
f 1755//1755 1756//1756 1706//1706
f 1700//1700 1699//1699 1757//1757
f 1700//1700 1757//1757 1701//1701
f 1704//1704 1703//1703 1758//1758
f 1704//1704 1758//1758 1705//1705
f 1699//1699 1707//1707 1757//1757
f 1701//1701 1757//1757 1707//1707
f 1703//1703 1708//1708 1758//1758
f 1705//1705 1758//1758 1708//1708
f 1543//1543 1478//1478 1759//1759
f 1543//1543 1759//1759 1594//1594
f 1760//1760 1712//1712 1597//1597
f 1596//1596 1713//1713 1544//1544
f 1713//1713 1761//1761 1544//1544
f 1715//1715 1762//1762 1646//1646
f 1760//1760 1646//1646 1762//1762
f 1597//1597 1646//1646 1760//1760
f 1763//1763 1716//1716 1647//1647
f 1648//1648 1714//1714 1764//1764
f 1488//1488 1765//1765 1482//1482
f 1761//1761 1426//1426 1544//1544
f 1715//1715 1426//1426 1761//1761
f 1766//1766 1714//1714 1717//1717
f 1764//1764 1717//1717 1719//1719
f 1764//1764 1719//1719 1648//1648
f 1765//1765 1488//1488 1720//1720
f 1716//1716 1721//1721 1649//1649
f 1767//1767 1721//1721 1716//1716
f 1768//1768 1719//1719 1718//1718
f 1768//1768 1653//1653 1719//1719
f 1606//1606 1655//1655 1769//1769
f 1722//1722 1770//1770 1720//1720
f 1723//1723 1650//1650 1771//1771
f 1718//1718 1723//1723 1772//1772
f 1718//1718 1772//1772 1768//1768
f 1768//1768 1773//1773 1653//1653
f 1723//1723 1771//1771 1774//1774
f 1774//1774 1724//1724 1773//1773
f 1774//1774 1773//1773 1772//1772
f 1774//1774 1772//1772 1723//1723
f 1724//1724 1653//1653 1773//1773
f 1722//1722 1727//1727 1770//1770
f 1774//1774 1775//1775 1724//1724
f 1775//1775 1726//1726 1724//1724
f 1776//1776 1727//1727 1610//1610
f 1656//1656 1726//1726 1609//1609
f 1777//1777 1778//1778 1779//1779
f 1779//1779 1780//1780 1777//1777
f 1781//1781 1728//1728 1609//1609
f 1777//1777 1782//1782 1778//1778
f 1780//1780 1782//1782 1777//1777
f 1783//1783 1658//1658 1552//1552
f 1784//1784 1659//1659 1658//1658
f 1555//1555 1661//1661 1785//1785
f 1785//1785 1611//1611 1555//1555
f 1613//1613 1729//1729 1786//1786
f 1614//1614 1730//1730 1787//1787
f 1614//1614 1787//1787 1661//1661
f 1729//1729 1613//1613 1493//1493
f 1495//1495 1788//1788 1732//1732
f 1495//1495 1441//1441 1788//1788
f 1789//1789 1617//1617 1556//1556
f 1441//1441 1557//1557 1788//1788
f 1496//1496 1733//1733 1664//1664
f 1558//1558 1790//1790 1667//1667
f 1559//1559 1791//1791 1790//1790
f 1559//1559 1790//1790 1558//1558
f 1559//1559 1792//1792 1791//1791
f 1668//1668 1792//1792 1559//1559
f 1563//1563 1793//1793 1668//1668
f 1668//1668 1793//1793 1792//1792
f 1793//1793 1563//1563 1671//1671
f 1671//1671 1670//1670 1794//1794
f 1671//1671 1794//1794 1793//1793
f 1795//1795 1796//1796 1673//1673
f 1737//1737 1735//1735 1797//1797
f 1737//1737 1797//1797 1794//1794
f 1737//1737 1794//1794 1670//1670
f 1735//1735 1796//1796 1797//1797
f 1735//1735 1673//1673 1796//1796
f 1795//1795 1673//1673 1736//1736
f 1736//1736 1622//1622 1795//1795
f 1622//1622 1674//1674 1795//1795
f 1735//1735 1737//1737 1677//1677
f 1628//1628 1682//1682 1678//1678
f 1576//1576 1741//1741 1744//1744
f 1738//1738 1683//1683 1739//1739
f 1739//1739 1740//1740 1738//1738
f 1798//1798 1686//1686 1743//1743
f 1741//1741 1681//1681 1799//1799
f 1740//1740 1684//1684 1686//1686
f 1745//1745 1799//1799 1681//1681
f 1742//1742 1745//1745 1630//1630
f 1799//1799 1745//1745 1742//1742
f 1742//1742 1746//1746 1800//1800
f 1634//1634 1801//1801 1750//1750
f 1802//1802 1803//1803 1804//1804
f 1804//1804 1805//1805 1802//1802
f 1747//1747 1806//1806 1689//1689
f 1806//1806 1689//1689 1749//1749
f 1746//1746 1807//1807 1749//1749
f 1746//1746 1807//1807 1800//1800
f 1750//1750 1808//1808 1636//1636
f 1802//1802 1809//1809 1803//1803
f 1805//1805 1809//1809 1802//1802
f 1749//1749 1748//1748 1806//1806
f 1806//1806 1747//1747 1748//1748
f 1749//1749 1748//1748 1751//1751
f 1749//1749 1751//1751 1807//1807
f 1807//1807 1751//1751 1810//1810
f 1697//1697 1811//1811 1810//1810
f 1696//1696 1812//1812 1694//1694
f 1636//1636 1808//1808 1695//1695
f 1697//1697 1810//1810 1751//1751
f 1697//1697 1753//1753 1811//1811
f 1813//1813 1752//1752 1692//1692
f 1535//1535 1754//1754 1696//1696
f 1692//1692 1753//1753 1813//1813
f 1390//1390 1589//1589 1754//1754
f 1639//1639 1814//1814 1587//1587
f 1542//1542 1709//1709 1589//1589
f 1391//1391 1711//1711 1709//1709
f 1706//1706 1815//1815 1478//1478
f 1759//1759 1713//1713 1594//1594
f 1715//1715 1761//1761 1816//1816
f 1715//1715 1816//1816 1762//1762
f 1817//1817 1712//1712 1760//1760
f 1647//1647 1712//1712 1817//1817
f 1647//1647 1817//1817 1763//1763
f 1714//1714 1766//1766 1764//1764
f 1764//1764 1766//1766 1717//1717
f 1767//1767 1716//1716 1763//1763
f 1719//1719 1717//1717 1718//1718
f 1650//1650 1721//1721 1771//1771
f 1772//1772 1818//1818 1768//1768
f 1818//1818 1773//1773 1768//1768
f 1721//1721 1819//1819 1771//1771
f 1773//1773 1818//1818 1772//1772
f 1771//1771 1819//1819 1774//1774
f 1774//1774 1820//1820 1775//1775
f 1775//1775 1820//1820 1726//1726
f 1820//1820 1781//1781 1726//1726
f 1609//1609 1726//1726 1781//1781
f 1779//1779 1778//1778 1821//1821
f 1779//1779 1821//1821 1780//1780
f 1778//1778 1782//1782 1821//1821
f 1780//1780 1821//1821 1782//1782
f 1822//1822 1552//1552 1728//1728
f 1776//1776 1610//1610 1611//1611
f 1552//1552 1822//1822 1783//1783
f 1658//1658 1783//1783 1823//1823
f 1658//1658 1823//1823 1784//1784
f 1554//1554 1659//1659 1824//1824
f 1554//1554 1824//1824 1660//1660
f 1612//1612 1825//1825 1729//1729
f 1826//1826 1730//1730 1786//1786
f 1730//1730 1613//1613 1786//1786
f 1826//1826 1787//1787 1730//1730
f 1785//1785 1661//1661 1787//1787
f 1616//1616 1827//1827 1615//1615
f 1732//1732 1827//1827 1616//1616
f 1731//1731 1789//1789 1556//1556
f 1789//1789 1662//1662 1617//1617
f 1828//1828 1662//1662 1789//1789
f 1663//1663 1829//1829 1557//1557
f 1828//1828 1733//1733 1662//1662
f 1618//1618 1830//1830 1663//1663
f 1667//1667 1831//1831 1665//1665
f 1832//1832 1666//1666 1664//1664
f 1792//1792 1833//1833 1791//1791
f 1792//1792 1834//1834 1835//1835
f 1834//1834 1792//1792 1793//1793
f 1836//1836 1567//1567 1734//1734
f 1837//1837 1796//1796 1795//1795
f 1794//1794 1797//1797 1793//1793
f 1674//1674 1675//1675 1795//1795
f 1836//1836 1838//1838 1567//1567
f 1675//1675 1571//1571 1678//1678
f 1839//1839 1675//1675 1678//1678
f 1679//1679 1567//1567 1838//1838
f 1840//1840 1679//1679 1838//1838
f 1573//1573 1679//1679 1840//1840
f 1841//1841 1573//1573 1840//1840
f 1678//1678 1842//1842 1843//1843
f 1682//1682 1842//1842 1678//1678
f 1738//1738 1844//1844 1842//1842
f 1738//1738 1842//1842 1682//1682
f 1844//1844 1738//1738 1845//1845
f 1845//1845 1738//1738 1740//1740
f 1846//1846 1845//1845 1740//1740
f 1738//1738 1739//1739 1844//1844
f 1739//1739 1847//1847 1844//1844
f 1686//1686 1798//1798 1740//1740
f 1848//1848 1798//1798 1849//1849
f 1680//1680 1850//1850 1743//1743
f 1634//1634 1573//1573 1841//1841
f 1841//1841 1801//1801 1634//1634
f 1851//1851 1798//1798 1743//1743
f 1851//1851 1849//1849 1798//1798
f 1743//1743 1850//1850 1851//1851
f 1680//1680 1744//1744 1852//1852
f 1853//1853 1741//1741 1799//1799
f 1742//1742 1853//1853 1799//1799
f 1742//1742 1800//1800 1853//1853
f 1804//1804 1854//1854 1855//1855
f 1803//1803 1854//1854 1804//1804
f 1855//1855 1805//1805 1804//1804
f 1856//1856 1805//1805 1855//1855
f 1800//1800 1807//1807 1857//1857
f 1857//1857 1807//1807 1858//1858
f 1809//1809 1854//1854 1803//1803
f 1856//1856 1809//1809 1805//1805
f 1854//1854 1809//1809 1856//1856
f 1807//1807 1810//1810 1858//1858
f 1693//1693 1859//1859 1691//1691
f 1860//1860 1753//1753 1811//1811
f 1813//1813 1692//1692 1861//1861
f 1694//1694 1859//1859 1693//1693
f 1754//1754 1862//1862 1696//1696
f 1639//1639 1638//1638 1814//1814
f 1691//1691 1861//1861 1692//1692
f 1863//1863 1587//1587 1814//1814
f 1864//1864 1589//1589 1709//1709
f 1587//1587 1863//1863 1755//1755
f 1755//1755 1865//1865 1756//1756
f 1709//1709 1711//1711 1866//1866
f 1478//1478 1815//1815 1759//1759
f 1482//1482 1867//1867 1711//1711
f 1867//1867 1482//1482 1765//1765
f 1713//1713 1759//1759 1868//1868
f 1713//1713 1868//1868 1869//1869
f 1761//1761 1713//1713 1869//1869
f 1761//1761 1869//1869 1816//1816
f 1762//1762 1816//1816 1870//1870
f 1760//1760 1762//1762 1870//1870
f 1760//1760 1870//1870 1871//1871
f 1817//1817 1760//1760 1871//1871
f 1720//1720 1872//1872 1765//1765
f 1873//1873 1721//1721 1767//1767
f 1774//1774 1819//1819 1874//1874
f 1774//1774 1874//1874 1820//1820
f 1820//1820 1875//1875 1781//1781
f 1876//1876 1728//1728 1781//1781
f 1660//1660 1825//1825 1612//1612
f 1787//1787 1826//1826 1877//1877
f 1877//1877 1878//1878 1787//1787
f 1729//1729 1825//1825 1879//1879
f 1827//1827 1880//1880 1615//1615
f 1615//1615 1880//1880 1731//1731
f 1789//1789 1881//1881 1828//1828
f 1618//1618 1882//1882 1830//1830
f 1664//1664 1733//1733 1832//1832
f 1665//1665 1831//1831 1618//1618
f 1618//1618 1831//1831 1882//1882
f 1667//1667 1790//1790 1831//1831
f 1666//1666 1883//1883 1734//1734
f 1883//1883 1836//1836 1734//1734
f 1791//1791 1833//1833 1884//1884
f 1792//1792 1835//1835 1833//1833
f 1793//1793 1837//1837 1834//1834
f 1797//1797 1837//1837 1793//1793
f 1837//1837 1797//1797 1796//1796
f 1795//1795 1885//1885 1837//1837
f 1795//1795 1675//1675 1885//1885
f 1886//1886 1675//1675 1839//1839
f 1843//1843 1839//1839 1678//1678
f 1844//1844 1845//1845 1842//1842
f 1842//1842 1845//1845 1846//1846
f 1798//1798 1848//1848 1846//1846
f 1846//1846 1740//1740 1798//1798
f 1887//1887 1849//1849 1851//1851
f 1851//1851 1850//1850 1887//1887
f 1888//1888 1853//1853 1889//1889
f 1888//1888 1741//1741 1853//1853
f 1889//1889 1853//1853 1800//1800
f 1889//1889 1800//1800 1857//1857
f 1889//1889 1857//1857 1858//1858
f 1801//1801 1808//1808 1750//1750
f 1855//1855 1854//1854 1856//1856
f 1853//1853 1806//1806 1889//1889
f 1890//1890 1810//1810 1811//1811
f 1891//1891 1811//1811 1890//1890
f 1812//1812 1696//1696 1862//1862
f 1891//1891 1860//1860 1811//1811
f 1813//1813 1860//1860 1892//1892
f 1813//1813 1861//1861 1892//1892
f 1691//1691 1859//1859 1861//1861
f 1695//1695 1893//1893 1638//1638
f 1638//1638 1893//1893 1814//1814
f 1813//1813 1753//1753 1860//1860
f 1589//1589 1864//1864 1754//1754
f 1755//1755 1863//1863 1894//1894
f 1709//1709 1866//1866 1864//1864
f 1894//1894 1865//1865 1755//1755
f 1759//1759 1815//1815 1895//1895
f 1895//1895 1868//1868 1759//1759
f 1816//1816 1896//1896 1870//1870
f 1897//1897 1870//1870 1896//1896
f 1871//1871 1870//1870 1897//1897
f 1896//1896 1816//1816 1869//1869
f 1817//1817 1898//1898 1763//1763
f 1763//1763 1898//1898 1767//1767
f 1720//1720 1770//1770 1872//1872
f 1899//1899 1873//1873 1767//1767
f 1873//1873 1899//1899 1900//1900
f 1721//1721 1873//1873 1900//1900
f 1819//1819 1721//1721 1900//1900
f 1901//1901 1902//1902 1818//1818
f 1818//1818 1903//1903 1901//1901
f 1770//1770 1727//1727 1904//1904
f 1874//1874 1900//1900 1905//1905
f 1874//1874 1819//1819 1900//1900
f 1901//1901 1905//1905 1902//1902
f 1901//1901 1874//1874 1905//1905
f 1901//1901 1820//1820 1874//1874
f 1901//1901 1875//1875 1820//1820
f 1776//1776 1906//1906 1727//1727
f 1907//1907 1908//1908 1909//1909
f 1910//1910 1908//1908 1907//1907
f 1876//1876 1911//1911 1912//1912
f 1728//1728 1876//1876 1912//1912
f 1728//1728 1912//1912 1822//1822
f 1906//1906 1776//1776 1611//1611
f 1784//1784 1823//1823 1913//1913
f 1611//1611 1785//1785 1906//1906
f 1785//1785 1914//1914 1906//1906
f 1913//1913 1915//1915 1784//1784
f 1784//1784 1915//1915 1659//1659
f 1659//1659 1915//1915 1824//1824
f 1787//1787 1914//1914 1785//1785
f 1729//1729 1879//1879 1786//1786
f 1826//1826 1786//1786 1879//1879
f 1826//1826 1879//1879 1916//1916
f 1826//1826 1916//1916 1877//1877
f 1914//1914 1787//1787 1878//1878
f 1827//1827 1917//1917 1880//1880
f 1732//1732 1788//1788 1918//1918
f 1919//1919 1789//1789 1731//1731
f 1880//1880 1919//1919 1731//1731
f 1920//1920 1919//1919 1880//1880
f 1557//1557 1921//1921 1788//1788
f 1919//1919 1881//1881 1789//1789
f 1557//1557 1829//1829 1921//1921
f 1663//1663 1830//1830 1829//1829
f 1828//1828 1881//1881 1922//1922
f 1733//1733 1923//1923 1832//1832
f 1828//1828 1923//1923 1733//1733
f 1832//1832 1883//1883 1666//1666
f 1791//1791 1884//1884 1924//1924
f 1925//1925 1835//1835 1834//1834
f 1926//1926 1886//1886 1839//1839
f 1839//1839 1843//1843 1927//1927
f 1842//1842 1928//1928 1843//1843
f 1928//1928 1842//1842 1846//1846
f 1928//1928 1846//1846 1929//1929
f 1852//1852 1850//1850 1680//1680
f 1741//1741 1888//1888 1744//1744
f 1744//1744 1888//1888 1930//1930
f 1931//1931 1858//1858 1890//1890
f 1931//1931 1890//1890 1891//1891
f 1858//1858 1810//1810 1890//1890
f 1932//1932 1892//1892 1861//1861
f 1694//1694 1812//1812 1933//1933
f 1695//1695 1808//1808 1893//1893
f 1934//1934 1892//1892 1860//1860
f 1694//1694 1933//1933 1859//1859
f 1933//1933 1935//1935 1859//1859
f 1936//1936 1862//1862 1754//1754
f 1814//1814 1893//1893 1863//1863
f 1861//1861 1935//1935 1937//1937
f 1859//1859 1935//1935 1861//1861
f 1864//1864 1936//1936 1754//1754
f 1756//1756 1815//1815 1706//1706
f 1938//1938 1815//1815 1756//1756
f 1866//1866 1867//1867 1939//1939
f 1711//1711 1867//1867 1866//1866
f 1940//1940 1895//1895 1815//1815
f 1941//1941 1765//1765 1872//1872
f 1869//1869 1868//1868 1942//1942
f 1869//1869 1942//1942 1943//1943
f 1896//1896 1869//1869 1943//1943
f 1897//1897 1896//1896 1943//1943
f 1871//1871 1944//1944 1817//1817
f 1817//1817 1944//1944 1898//1898
f 1871//1871 1945//1945 1944//1944
f 1946//1946 1872//1872 1770//1770
f 1770//1770 1904//1904 1946//1946
f 1899//1899 1898//1898 1947//1947
f 1767//1767 1898//1898 1899//1899
f 1903//1903 1818//1818 1902//1902
f 1948//1948 1903//1903 1902//1902
f 1903//1903 1901//1901 1902//1902
f 1900//1900 1949//1949 1905//1905
f 1905//1905 1950//1950 1948//1948
f 1905//1905 1949//1949 1950//1950
f 1902//1902 1905//1905 1948//1948
f 1948//1948 1901//1901 1902//1902
f 1948//1948 1951//1951 1901//1901
f 1951//1951 1875//1875 1901//1901
f 1952//1952 1953//1953 1954//1954
f 1954//1954 1955//1955 1952//1952
f 1875//1875 1951//1951 1781//1781
f 1951//1951 1956//1956 1781//1781
f 1957//1957 1904//1904 1727//1727
f 1954//1954 1953//1953 1958//1958
f 1955//1955 1954//1954 1958//1958
f 1781//1781 1956//1956 1876//1876
f 1959//1959 1876//1876 1960//1960
f 1907//1907 1909//1909 1961//1961
f 1907//1907 1961//1961 1910//1910
f 1876//1876 1959//1959 1911//1911
f 1909//1909 1908//1908 1961//1961
f 1910//1910 1961//1961 1908//1908
f 1824//1824 1825//1825 1660//1660
f 1879//1879 1825//1825 1962//1962
f 1963//1963 1879//1879 1964//1964
f 1916//1916 1879//1879 1963//1963
f 1965//1965 1916//1916 1963//1963
f 1877//1877 1916//1916 1965//1965
f 1732//1732 1918//1918 1827//1827
f 1827//1827 1918//1918 1917//1917
f 1788//1788 1966//1966 1918//1918
f 1920//1920 1967//1967 1919//1919
f 1923//1923 1828//1828 1922//1922
f 1790//1790 1968//1968 1831//1831
f 1969//1969 1836//1836 1970//1970
f 1970//1970 1836//1836 1883//1883
f 1884//1884 1833//1833 1924//1924
f 1835//1835 1925//1925 1971//1971
f 1834//1834 1972//1972 1925//1925
f 1837//1837 1972//1972 1834//1834
f 1837//1837 1885//1885 1972//1972
f 1885//1885 1675//1675 1886//1886
f 1885//1885 1886//1886 1973//1973
f 1926//1926 1973//1973 1886//1886
f 1841//1841 1840//1840 1974//1974
f 1843//1843 1928//1928 1975//1975
f 1927//1927 1843//1843 1975//1975
f 1848//1848 1976//1976 1846//1846
f 1976//1976 1848//1848 1849//1849
f 1850//1850 1852//1852 1887//1887
f 1847//1847 1977//1977 1927//1927
f 1847//1847 1927//1927 1975//1975
f 1929//1929 1975//1975 1928//1928
f 1929//1929 1847//1847 1975//1975
f 1978//1978 1929//1929 1846//1846
f 1976//1976 1978//1978 1846//1846
f 1889//1889 1858//1858 1888//1888
f 1849//1849 1887//1887 1979//1979
f 1744//1744 1930//1930 1852//1852
f 1980//1980 1888//1888 1858//1858
f 1892//1892 1934//1934 1981//1981
f 1808//1808 1982//1982 1983//1983
f 1932//1932 1981//1981 1892//1892
f 1932//1932 1861//1861 1937//1937
f 1808//1808 1983//1983 1893//1893
f 1934//1934 1860//1860 1891//1891
f 1863//1863 1893//1893 1984//1984
f 1863//1863 1985//1985 1894//1894
f 1866//1866 1986//1986 1864//1864
f 1756//1756 1865//1865 1938//1938
f 1815//1815 1938//1938 1940//1940
f 1868//1868 1895//1895 1987//1987
f 1765//1765 1941//1941 1867//1867
f 1988//1988 1868//1868 1987//1987
f 1942//1942 1868//1868 1988//1988
f 1941//1941 1872//1872 1989//1989
f 1897//1897 1943//1943 1945//1945
f 1871//1871 1897//1897 1945//1945
f 1947//1947 1898//1898 1944//1944
f 1872//1872 1946//1946 1989//1989
f 1946//1946 1904//1904 1990//1990
f 1991//1991 1899//1899 1947//1947
f 1992//1992 1993//1993 1994//1994
f 1995//1995 1993//1993 1992//1992
f 1996//1996 1994//1994 1993//1993
f 1996//1996 1903//1903 1994//1994
f 1996//1996 1997//1997 1903//1903
f 1900//1900 1991//1991 1998//1998
f 1900//1900 1899//1899 1991//1991
f 1992//1992 1998//1998 1995//1995
f 1992//1992 1949//1949 1998//1998
f 1950//1950 1992//1992 1994//1994
f 1949//1949 1992//1992 1950//1950
f 1950//1950 1999//1999 1948//1948
f 1948//1948 1950//1950 1994//1994
f 1948//1948 1994//1994 1903//1903
f 1948//1948 1903//1903 1997//1997
f 1949//1949 1900//1900 1998//1998
f 1948//1948 1997//1997 1951//1951
f 1997//1997 1956//1956 1951//1951
f 1952//1952 2000//2000 1953//1953
f 1952//1952 1955//1955 2000//2000
f 2001//2001 1904//1904 1957//1957
f 1953//1953 2000//2000 1958//1958
f 1955//1955 1958//1958 2000//2000
f 1876//1876 1956//1956 2002//2002
f 2003//2003 1960//1960 2002//2002
f 2002//2002 1960//1960 1876//1876
f 2003//2003 1959//1959 1960//1960
f 2003//2003 2004//2004 1959//1959
f 1727//1727 1906//1906 1957//1957
f 1912//1912 2005//2005 1822//1822
f 2005//2005 2006//2006 1822//1822
f 2007//2007 2008//2008 2009//2009
f 2009//2009 2010//2010 2007//2007
f 1822//1822 2006//2006 2011//2011
f 1822//1822 2011//2011 1783//1783
f 2009//2009 2008//2008 2012//2012
f 2010//2010 2009//2009 2012//2012
f 2013//2013 1823//1823 2011//2011
f 2011//2011 1823//1823 1783//1783
f 2013//2013 1913//1913 1823//1823
f 1913//1913 2014//2014 1915//1915
f 1825//1825 1824//1824 2015//2015
f 1825//1825 2015//2015 1962//1962
f 1878//1878 1877//1877 2016//2016
f 2017//2017 1914//1914 1878//1878
f 1964//1964 1879//1879 1962//1962
f 1965//1965 1963//1963 2018//2018
f 2016//2016 1877//1877 1965//1965
f 1880//1880 2019//2019 1920//1920
f 2020//2020 1880//1880 1917//1917
f 2020//2020 2019//2019 1880//1880
f 1788//1788 1921//1921 1966//1966
f 2021//2021 1919//1919 1967//1967
f 1967//1967 1920//1920 2019//2019
f 1919//1919 2021//2021 1881//1881
f 1922//1922 2022//2022 1923//1923
f 1923//1923 2023//2023 1832//1832
f 1832//1832 2023//2023 1883//1883
f 2023//2023 1970//1970 1883//1883
f 1968//1968 1791//1791 1924//1924
f 1924//1924 1833//1833 2024//2024
f 1969//1969 1838//1838 1836//1836
f 1835//1835 1971//1971 1833//1833
f 1833//1833 1971//1971 2024//2024
f 2025//2025 1972//1972 1885//1885
f 1885//1885 1973//1973 2025//2025
f 1974//1974 1840//1840 1838//1838
f 2026//2026 1926//1926 1839//1839
f 1839//1839 1927//1927 2026//2026
f 2027//2027 1841//1841 1974//1974
f 1977//1977 2026//2026 1927//1927
f 1979//1979 1976//1976 1849//1849
f 1801//1801 1841//1841 2027//2027
f 1929//1929 1978//1978 1847//1847
f 1930//1930 1888//1888 1980//1980
f 2028//2028 1808//1808 1801//1801
f 1847//1847 2029//2029 1977//1977
f 2029//2029 1847//1847 1978//1978
f 1931//1931 1980//1980 1858//1858
f 2030//2030 2031//2031 2032//2032
f 2032//2032 2033//2033 2030//2030
f 2034//2034 1932//1932 1937//1937
f 2030//2030 2035//2035 2031//2031
f 2033//2033 2035//2035 2030//2030
f 1933//1933 1812//1812 1862//1862
f 1983//1983 1984//1984 1893//1893
f 1862//1862 1936//1936 2036//2036
f 1863//1863 1984//1984 1985//1985
f 2037//2037 1894//1894 1985//1985
f 2037//2037 1865//1865 1894//1894
f 1866//1866 1939//1939 1986//1986
f 1865//1865 2038//2038 1938//1938
f 2039//2039 1939//1939 1867//1867
f 1895//1895 1940//1940 1987//1987
f 1943//1943 1942//1942 2040//2040
f 1943//1943 2040//2040 1945//1945
f 2041//2041 1947//1947 1944//1944
f 1947//1947 2042//2042 1991//1991
f 1993//1993 2043//2043 1996//1996
f 2043//2043 1997//1997 1996//1996
f 1995//1995 1998//1998 2044//2044
f 2043//2043 2045//2045 1997//1997
f 1990//1990 1904//1904 2001//2001
f 1997//1997 2045//2045 1956//1956
f 2046//2046 2003//2003 2004//2004
f 2002//2002 1956//1956 2047//2047
f 2004//2004 2003//2003 2002//2002
f 2004//2004 2002//2002 2048//2048
f 2048//2048 2002//2002 2047//2047
f 2048//2048 1959//1959 2004//2004
f 1959//1959 2048//2048 1911//1911
f 1912//1912 2049//2049 2005//2005
f 2007//2007 2050//2050 2008//2008
f 2010//2010 2050//2050 2007//2007
f 2008//2008 2050//2050 2012//2012
f 2010//2010 2012//2012 2050//2050
f 2014//2014 1913//1913 2013//2013
f 1915//1915 2014//2014 2051//2051
f 1824//1824 1915//1915 2015//2015
f 1906//1906 1914//1914 2052//2052
f 2052//2052 1914//1914 2017//2017
f 1964//1964 1962//1962 2053//2053
f 1962//1962 2054//2054 2053//2053
f 2018//2018 1963//1963 2053//2053
f 1963//1963 1964//1964 2053//2053
f 2055//2055 2016//2016 1965//1965
f 2017//2017 1878//1878 2016//2016
f 2055//2055 1965//1965 2018//2018
f 2056//2056 1917//1917 1918//1918
f 2057//2057 2020//2020 1917//1917
f 2058//2058 2021//2021 1967//1967
f 1830//1830 2059//2059 1829//1829
f 1882//1882 2059//2059 1830//1830
f 1923//1923 2022//2022 2023//2023
f 1922//1922 1881//1881 2022//2022
f 2021//2021 2022//2022 1881//1881
f 1831//1831 1968//1968 2060//2060
f 1791//1791 1968//1968 1790//1790
f 1971//1971 1925//1925 2061//2061
f 1838//1838 1969//1969 2062//2062
f 1925//1925 1972//1972 2061//2061
f 1972//1972 2025//2025 2063//2063
f 1838//1838 2062//2062 1974//1974
f 2064//2064 2063//2063 2025//2025
f 1973//1973 2064//2064 2025//2025
f 1973//1973 1926//1926 2064//2064
f 2026//2026 2065//2065 1926//1926
f 2066//2066 1976//1976 1979//1979
f 1979//1979 1852//1852 2067//2067
f 1930//1930 2067//2067 1852//1852
f 1930//1930 2068//2068 2067//2067
f 1930//1930 1980//1980 2068//2068
f 1801//1801 2027//2027 2028//2028
f 1979//1979 1887//1887 1852//1852
f 2069//2069 1980//1980 1931//1931
f 1808//1808 2028//2028 1982//1982
f 2066//2066 1978//1978 1976//1976
f 1982//1982 2070//2070 1983//1983
f 2032//2032 2031//2031 2071//2071
f 2032//2032 2071//2071 2033//2033
f 1931//1931 1891//1891 2072//2072
f 1934//1934 2073//2073 1981//1981
f 2031//2031 2035//2035 2071//2071
f 2033//2033 2071//2071 2035//2035
f 2074//2074 2034//2034 1937//1937
f 1937//1937 1935//1935 1933//1933
f 1937//1937 1933//1933 2074//2074
f 2074//2074 1933//1933 2075//2075
f 2036//2036 1933//1933 1862//1862
f 1864//1864 2076//2076 1936//1936
f 1864//1864 2077//2077 2076//2076
f 2077//2077 1864//1864 1986//1986
f 2037//2037 2038//2038 1865//1865
f 1986//1986 1939//1939 2078//2078
f 1987//1987 1940//1940 2079//2079
f 2040//2040 2080//2080 1945//1945
f 2080//2080 2041//2041 1945//1945
f 1945//1945 2041//2041 1944//1944
f 1989//1989 1946//1946 2081//2081
f 1946//1946 1990//1990 2081//2081
f 1947//1947 2041//2041 2042//2042
f 1999//1999 1995//1995 2082//2082
f 2082//2082 1993//1993 1995//1995
f 2082//2082 2043//2043 1993//1993
f 2045//2045 2043//2043 2082//2082
f 1991//1991 2044//2044 1998//1998
f 2045//2045 2083//2083 1956//1956
f 1956//1956 2083//2083 2047//2047
f 2048//2048 2047//2047 1911//1911
f 2047//2047 2084//2084 1911//1911
f 1911//1911 2084//2084 1912//1912
f 2085//2085 2005//2005 2086//2086
f 2006//2006 2005//2005 2085//2085
f 2087//2087 2011//2011 2006//2006
f 2011//2011 2087//2087 2013//2013
f 2088//2088 2014//2014 2013//2013
f 2014//2014 2089//2089 2051//2051
f 1906//1906 2052//2052 1957//1957
f 2015//2015 1915//1915 2090//2090
f 1915//1915 2051//2051 2090//2090
f 1957//1957 2052//2052 2091//2091
f 2092//2092 2015//2015 2090//2090
f 2015//2015 2092//2092 1962//1962
f 2054//2054 1962//1962 2092//2092
f 2052//2052 2017//2017 2016//2016
f 2093//2093 2052//2052 2016//2016
f 2094//2094 2054//2054 2092//2092
f 2053//2053 2054//2054 2094//2094
f 2095//2095 2053//2053 2094//2094
f 2018//2018 2053//2053 2095//2095
f 2096//2096 2018//2018 2095//2095
f 2055//2055 2018//2018 2096//2096
f 2096//2096 2097//2097 2055//2055
f 2095//2095 2094//2094 2098//2098
f 2098//2098 2096//2096 2095//2095
f 1917//1917 2056//2056 2057//2057
f 1966//1966 2099//2099 1918//1918
f 2020//2020 2057//2057 2100//2100
f 1966//1966 1921//1921 2099//2099
f 1921//1921 1829//1829 2101//2101
f 1967//1967 2019//2019 2058//2058
f 2060//2060 2059//2059 1882//1882
f 2058//2058 2102//2102 2021//2021
f 2021//2021 2102//2102 2022//2022
f 1831//1831 2060//2060 1882//1882
f 2023//2023 2103//2103 1970//1970
f 2022//2022 2103//2103 2023//2023
f 1924//1924 2024//2024 1968//1968
f 2024//2024 1971//1971 2104//2104
f 1972//1972 2063//2063 2061//2061
f 1926//1926 2065//2065 2064//2064
f 2027//2027 1974//1974 2105//2105
f 1977//1977 2106//2106 2065//2065
f 1977//1977 2065//2065 2026//2026
f 1977//1977 2029//2029 2106//2106
f 1978//1978 2066//2066 2029//2029
f 1980//1980 2069//2069 2068//2068
f 2027//2027 2107//2107 2028//2028
f 1931//1931 2108//2108 2069//2069
f 2108//2108 1931//1931 2072//2072
f 1891//1891 2072//2072 2073//2073
f 2073//2073 1934//1934 1891//1891
f 1981//1981 1932//1932 2109//2109
f 1981//1981 2109//2109 2073//2073
f 1932//1932 2034//2034 2109//2109
f 1983//1983 2070//2070 1984//1984
f 2074//2074 2075//2075 2034//2034
f 2075//2075 1933//1933 2110//2110
f 1933//1933 2036//2036 2110//2110
f 2110//2110 2036//2036 1936//1936
f 1984//1984 2111//2111 1985//1985
f 2112//2112 2037//2037 1985//1985
f 1936//1936 2076//2076 2113//2113
f 1940//1940 1938//1938 2114//2114
f 2114//2114 2079//2079 1940//1940
f 1987//1987 2079//2079 2115//2115
f 1988//1988 1987//1987 2115//2115
f 1988//1988 2115//2115 2116//2116
f 1942//1942 1988//1988 2116//2116
f 1942//1942 2116//2116 2040//2040
f 2040//2040 2116//2116 2080//2080
f 2080//2080 2116//2116 2117//2117
f 2041//2041 2080//2080 2117//2117
f 1995//1995 2044//2044 2118//2118
f 2082//2082 1995//1995 2118//2118
f 2118//2118 2119//2119 2082//2082
f 2119//2119 2045//2045 2082//2082
f 2044//2044 1991//1991 2120//2120
f 2046//2046 2047//2047 2083//2083
f 2046//2046 2121//2121 2047//2047
f 2121//2121 2122//2122 2047//2047
f 2047//2047 2122//2122 2084//2084
f 2049//2049 2086//2086 2005//2005
f 2049//2049 2123//2123 2086//2086
f 2005//2005 1912//1912 2084//2084
f 2006//2006 2085//2085 2124//2124
f 2124//2124 2087//2087 2006//2006
f 2125//2125 2087//2087 2124//2124
f 2125//2125 2013//2013 2087//2087
f 2125//2125 2088//2088 2013//2013
f 2088//2088 2089//2089 2014//2014
f 2001//2001 1957//1957 2126//2126
f 1957//1957 2091//2091 2126//2126
f 2090//2090 2051//2051 2127//2127
f 2092//2092 2090//2090 2128//2128
f 2093//2093 2129//2129 2052//2052
f 2052//2052 2129//2129 2091//2091
f 2128//2128 2130//2130 2092//2092
f 2016//2016 2055//2055 2093//2093
f 2094//2094 2092//2092 2130//2130
f 2093//2093 2097//2097 2131//2131
f 2055//2055 2097//2097 2093//2093
f 2131//2131 2129//2129 2093//2093
f 2130//2130 2132//2132 2094//2094
f 2094//2094 2132//2132 2098//2098
f 2133//2133 2098//2098 2132//2132
f 2096//2096 2098//2098 2134//2134
f 2098//2098 2133//2133 2134//2134
f 2097//2097 2096//2096 2134//2134
f 2020//2020 2100//2100 2019//2019
f 2059//2059 2101//2101 1829//1829
f 2022//2022 2102//2102 2135//2135
f 2022//2022 2135//2135 2103//2103
f 1969//1969 1970//1970 2136//2136
f 2024//2024 2137//2137 1968//1968
f 2136//2136 2138//2138 1969//1969
f 1971//1971 2061//2061 2139//2139
f 2062//2062 1969//1969 2138//2138
f 1974//1974 2062//2062 2105//2105
f 2064//2064 2140//2140 2063//2063
f 2065//2065 2140//2140 2064//2064
f 2107//2107 2027//2027 2105//2105
f 2065//2065 2106//2106 2140//2140
f 2106//2106 2029//2029 2141//2141
f 2029//2029 2066//2066 2141//2141
f 2141//2141 2066//2066 2142//2142
f 2066//2066 1979//1979 2142//2142
f 1982//1982 2143//2143 2070//2070
f 2073//2073 2109//2109 2072//2072
f 2034//2034 2144//2144 2109//2109
f 1984//1984 2070//2070 2111//2111
f 1985//1985 2111//2111 2112//2112
f 1936//1936 2113//2113 2110//2110
f 1986//1986 2078//2078 2077//2077
f 2145//2145 2078//2078 1939//1939
f 2038//2038 2146//2146 1938//1938
f 2116//2116 2115//2115 2147//2147
f 2116//2116 2147//2147 2148//2148
f 2117//2117 2116//2116 2148//2148
f 2042//2042 2041//2041 2117//2117
f 1991//1991 2042//2042 2120//2120
f 2149//2149 2119//2119 2118//2118
f 2120//2120 2118//2118 2044//2044
f 2119//2119 2150//2150 2045//2045
f 1990//1990 2001//2001 2151//2151
f 2118//2118 2152//2152 2149//2149
f 2153//2153 2083//2083 2150//2150
f 2150//2150 2083//2083 2045//2045
f 2083//2083 2153//2153 2121//2121
f 2046//2046 2083//2083 2121//2121
f 2153//2153 2154//2154 2121//2121
f 2121//2121 2154//2154 2122//2122
f 2123//2123 2155//2155 2049//2049
f 2155//2155 2084//2084 2122//2122
f 2049//2049 2155//2155 2005//2005
f 2125//2125 2156//2156 2157//2157
f 2157//2157 2089//2089 2125//2125
f 2155//2155 2005//2005 2084//2084
f 2124//2124 2156//2156 2125//2125
f 2088//2088 2125//2125 2089//2089
f 2085//2085 2086//2086 2158//2158
f 2159//2159 2089//2089 2160//2160
f 2085//2085 2158//2158 2161//2161
f 2051//2051 2089//2089 2159//2159
f 2128//2128 2090//2090 2127//2127
f 2091//2091 2129//2129 2162//2162
f 2127//2127 2130//2130 2128//2128
f 2130//2130 2163//2163 2132//2132
f 2129//2129 2131//2131 2164//2164
f 2165//2165 2134//2134 2133//2133
f 2166//2166 2134//2134 2165//2165
f 2164//2164 2131//2131 2167//2167
f 2097//2097 2134//2134 2166//2166
f 2167//2167 2131//2131 2097//2097
f 2166//2166 2167//2167 2097//2097
f 2168//2168 2169//2169 2170//2170
f 1918//1918 2099//2099 2056//2056
f 1921//1921 2101//2101 2099//2099
f 2019//2019 2171//2171 2058//2058
f 2171//2171 2019//2019 2100//2100
f 2171//2171 2102//2102 2058//2058
f 1968//1968 2172//2172 2060//2060
f 2103//2103 2173//2173 1970//1970
f 2103//2103 2135//2135 2173//2173
f 1968//1968 2137//2137 2172//2172
f 1970//1970 2173//2173 2136//2136
f 2104//2104 1971//1971 2139//2139
f 2062//2062 2138//2138 2105//2105
f 2063//2063 2174//2174 2061//2061
f 2138//2138 2175//2175 2105//2105
f 2140//2140 2106//2106 2176//2176
f 2175//2175 2177//2177 2105//2105
f 2105//2105 2177//2177 2107//2107
f 2106//2106 2141//2141 2176//2176
f 2178//2178 2142//2142 1979//1979
f 2067//2067 2179//2179 1979//1979
f 2068//2068 2179//2179 2067//2067
f 2180//2180 2069//2069 2108//2108
f 1982//1982 2028//2028 2143//2143
f 2072//2072 2109//2109 2181//2181
f 2108//2108 2072//2072 2181//2181
f 2075//2075 2144//2144 2034//2034
f 2110//2110 2144//2144 2075//2075
f 2145//2145 1939//1939 2039//2039
f 1938//1938 2146//2146 2114//2114
f 1867//1867 2182//2182 2039//2039
f 2182//2182 1867//1867 1941//1941
f 2115//2115 2079//2079 2183//2183
f 2183//2183 2184//2184 2115//2115
f 2147//2147 2115//2115 2184//2184
f 2081//2081 1990//1990 2151//2151
f 2042//2042 2117//2117 2185//2185
f 2042//2042 2185//2185 2120//2120
f 2119//2119 2149//2149 2186//2186
f 2150//2150 2119//2119 2186//2186
f 2120//2120 2152//2152 2118//2118
f 2151//2151 2001//2001 2187//2187
f 2188//2188 2189//2189 2190//2190
f 2189//2189 2188//2188 2191//2191
f 2126//2126 2187//2187 2001//2001
f 2188//2188 2190//2190 2192//2192
f 2191//2191 2188//2188 2192//2192
f 2155//2155 2122//2122 2193//2193
f 2193//2193 2122//2122 2154//2154
f 2155//2155 2086//2086 2123//2123
f 2157//2157 2156//2156 2194//2194
f 2157//2157 2194//2194 2089//2089
f 2193//2193 2086//2086 2155//2155
f 2193//2193 2158//2158 2086//2086
f 2089//2089 2194//2194 2160//2160
f 2124//2124 2195//2195 2156//2156
f 2124//2124 2085//2085 2161//2161
f 2195//2195 2124//2124 2161//2161
f 2159//2159 2127//2127 2051//2051
f 2126//2126 2091//2091 2196//2196
f 2091//2091 2162//2162 2196//2196
f 2162//2162 2129//2129 2197//2197
f 2127//2127 2198//2198 2130//2130
f 2129//2129 2199//2199 2197//2197
f 2132//2132 2163//2163 2200//2200
f 2132//2132 2200//2200 2133//2133
f 2201//2201 2199//2199 2164//2164
f 2199//2199 2129//2129 2164//2164
f 2202//2202 2165//2165 2133//2133
f 2203//2203 2166//2166 2165//2165
f 2201//2201 2164//2164 2168//2168
f 2168//2168 2164//2164 2167//2167
f 2168//2168 2167//2167 2169//2169
f 2167//2167 2166//2166 2169//2169
f 2100//2100 2204//2204 2205//2205
f 2057//2057 2204//2204 2100//2100
f 2056//2056 2206//2206 2057//2057
f 2205//2205 2171//2171 2100//2100
f 2135//2135 2207//2207 2173//2173
f 2173//2173 2207//2207 2136//2136
f 2024//2024 2208//2208 2137//2137
f 2024//2024 2104//2104 2208//2208
f 2209//2209 2138//2138 2210//2210
f 2139//2139 2061//2061 2211//2211
f 2061//2061 2174//2174 2211//2211
f 2138//2138 2209//2209 2175//2175
f 2174//2174 2063//2063 2140//2140
f 2179//2179 2178//2178 1979//1979
f 2212//2212 2178//2178 2179//2179
f 2068//2068 2213//2213 2179//2179
f 2213//2213 2068//2068 2069//2069
f 2028//2028 2107//2107 2214//2214
f 2069//2069 2180//2180 2213//2213
f 2028//2028 2214//2214 2143//2143
f 2111//2111 2070//2070 2215//2215
f 2111//2111 2215//2215 2112//2112
f 2037//2037 2216//2216 2038//2038
f 2079//2079 2114//2114 2217//2217
f 2079//2079 2217//2217 2183//2183
f 1941//1941 1989//1989 2218//2218
f 2148//2148 2147//2147 2219//2219
f 2148//2148 2219//2219 2220//2220
f 1989//1989 2081//2081 2218//2218
f 2148//2148 2220//2220 2117//2117
f 2117//2117 2221//2221 2185//2185
f 2120//2120 2185//2185 2222//2222
f 2149//2149 2223//2223 2186//2186
f 2222//2222 2152//2152 2120//2120
f 2152//2152 2223//2223 2149//2149
f 2224//2224 2153//2153 2225//2225
f 2225//2225 2153//2153 2150//2150
f 2224//2224 2154//2154 2153//2153
f 2224//2224 2226//2226 2154//2154
f 2189//2189 2227//2227 2228//2228
f 2190//2190 2189//2189 2228//2228
f 2227//2227 2189//2189 2191//2191
f 2229//2229 2227//2227 2191//2191
f 2190//2190 2228//2228 2230//2230
f 2192//2192 2190//2190 2230//2230
f 2229//2229 2191//2191 2192//2192
f 2230//2230 2229//2229 2192//2192
f 2226//2226 2193//2193 2154//2154
f 2187//2187 2126//2126 2196//2196
f 2194//2194 2156//2156 2231//2231
f 2194//2194 2231//2231 2160//2160
f 2232//2232 2159//2159 2160//2160
f 2159//2159 2232//2232 2233//2233
f 2159//2159 2233//2233 2234//2234
f 2234//2234 2235//2235 2159//2159
f 2235//2235 2127//2127 2159//2159
f 2235//2235 2236//2236 2127//2127
f 2196//2196 2162//2162 2237//2237
f 2127//2127 2236//2236 2198//2198
f 2198//2198 2163//2163 2130//2130
f 2238//2238 2200//2200 2163//2163
f 2133//2133 2200//2200 2202//2202
f 2202//2202 2203//2203 2165//2165
f 2203//2203 2169//2169 2166//2166
f 2239//2239 2169//2169 2203//2203
f 2201//2201 2168//2168 2240//2240
f 2240//2240 2168//2168 2241//2241
f 2239//2239 2170//2170 2169//2169
f 2168//2168 2170//2170 2241//2241
f 2242//2242 2243//2243 2244//2244
f 2243//2243 2242//2242 2245//2245
f 2242//2242 2244//2244 2246//2246
f 2245//2245 2242//2242 2246//2246
f 2057//2057 2247//2247 2204//2204
f 2057//2057 2206//2206 2247//2247
f 2099//2099 2248//2248 2056//2056
f 2101//2101 2248//2248 2099//2099
f 2101//2101 2249//2249 2248//2248
f 2101//2101 2059//2059 2250//2250
f 2102//2102 2171//2171 2251//2251
f 2252//2252 2251//2251 2171//2171
f 2060//2060 2172//2172 2253//2253
f 2135//2135 2254//2254 2207//2207
f 2251//2251 2135//2135 2102//2102
f 2254//2254 2135//2135 2251//2251
f 2136//2136 2207//2207 2255//2255
f 2136//2136 2255//2255 2138//2138
f 2138//2138 2255//2255 2210//2210
f 2255//2255 2256//2256 2210//2210
f 2139//2139 2211//2211 2104//2104
f 2257//2257 2177//2177 2209//2209
f 2140//2140 2258//2258 2174//2174
f 2175//2175 2209//2209 2177//2177
f 2140//2140 2176//2176 2258//2258
f 2257//2257 2259//2259 2177//2177
f 2176//2176 2141//2141 2142//2142
f 2179//2179 2213//2213 2212//2212
f 2177//2177 2259//2259 2107//2107
f 2107//2107 2259//2259 2214//2214
f 2108//2108 2181//2181 2180//2180
f 2143//2143 2260//2260 2070//2070
f 2070//2070 2260//2260 2215//2215
f 2109//2109 2144//2144 2181//2181
f 2144//2144 2110//2110 2261//2261
f 2037//2037 2112//2112 2262//2262
f 2216//2216 2037//2037 2262//2262
f 2263//2263 2038//2038 2216//2216
f 2038//2038 2263//2263 2146//2146
f 2114//2114 2146//2146 2217//2217
f 2218//2218 2182//2182 1941//1941
f 2147//2147 2184//2184 2219//2219
f 2221//2221 2220//2220 2264//2264
f 2117//2117 2220//2220 2221//2221
f 2222//2222 2185//2185 2265//2265
f 2186//2186 2223//2223 2266//2266
f 2223//2223 2267//2267 2266//2266
f 2266//2266 2150//2150 2186//2186
f 2266//2266 2268//2268 2150//2150
f 2222//2222 2269//2269 2152//2152
f 2150//2150 2268//2268 2225//2225
f 2152//2152 2269//2269 2270//2270
f 2152//2152 2270//2270 2223//2223
f 2223//2223 2270//2270 2267//2267
f 2224//2224 2271//2271 2226//2226
f 2272//2272 2273//2273 2274//2274
f 2274//2274 2275//2275 2272//2272
f 2227//2227 2276//2276 2228//2228
f 2229//2229 2276//2276 2227//2227
f 2272//2272 2277//2277 2273//2273
f 2275//2275 2277//2277 2272//2272
f 2228//2228 2276//2276 2230//2230
f 2229//2229 2230//2230 2276//2276
f 2193//2193 2278//2278 2158//2158
f 2231//2231 2156//2156 2279//2279
f 2156//2156 2280//2280 2279//2279
f 2231//2231 2281//2281 2160//2160
f 2231//2231 2279//2279 2281//2281
f 2282//2282 2160//2160 2281//2281
f 2278//2278 2283//2283 2158//2158
f 2156//2156 2195//2195 2280//2280
f 2282//2282 2232//2232 2160//2160
f 2284//2284 2196//2196 2237//2237
f 2161//2161 2158//2158 2283//2283
f 2195//2195 2161//2161 2280//2280
f 2161//2161 2283//2283 2280//2280
f 2162//2162 2197//2197 2285//2285
f 2236//2236 2286//2286 2198//2198
f 2163//2163 2198//2198 2287//2287
f 2287//2287 2238//2238 2163//2163
f 2288//2288 2197//2197 2199//2199
f 2202//2202 2200//2200 2289//2289
f 2199//2199 2201//2201 2288//2288
f 2203//2203 2202//2202 2290//2290
f 2170//2170 2239//2239 2291//2291
f 2241//2241 2170//2170 2291//2291
f 2243//2243 2292//2292 2244//2244
f 2243//2243 2245//2245 2292//2292
f 2244//2244 2292//2292 2246//2246
f 2245//2245 2246//2246 2292//2292
f 2204//2204 2247//2247 2205//2205
f 2206//2206 2056//2056 2247//2247
f 2101//2101 2250//2250 2249//2249
f 2252//2252 2171//2171 2205//2205
f 2059//2059 2060//2060 2250//2250
f 2104//2104 2211//2211 2293//2293
f 2209//2209 2210//2210 2257//2257
f 2211//2211 2174//2174 2294//2294
f 2174//2174 2258//2258 2295//2295
f 2258//2258 2176//2176 2296//2296
f 2259//2259 2257//2257 2297//2297
f 2298//2298 2259//2259 2297//2297
f 2142//2142 2178//2178 2176//2176
f 2178//2178 2296//2296 2176//2176
f 2178//2178 2212//2212 2296//2296
f 2212//2212 2213//2213 2299//2299
f 2259//2259 2298//2298 2214//2214
f 2143//2143 2214//2214 2260//2260
f 2180//2180 2181//2181 2300//2300
f 2260//2260 2301//2301 2215//2215
f 2215//2215 2302//2302 2262//2262
f 2215//2215 2262//2262 2112//2112
f 2113//2113 2261//2261 2110//2110
f 2076//2076 2303//2303 2113//2113
f 2217//2217 2146//2146 2304//2304
f 2305//2305 2039//2039 2182//2182
f 2185//2185 2264//2264 2306//2306
f 2185//2185 2221//2221 2264//2264
f 2151//2151 2218//2218 2081//2081
f 2266//2266 2267//2267 2307//2307
f 2307//2307 2268//2268 2266//2266
f 2269//2269 2222//2222 2265//2265
f 2269//2269 2308//2308 2270//2270
f 2270//2270 2308//2308 2267//2267
f 2268//2268 2224//2224 2225//2225
f 2274//2274 2309//2309 2310//2310
f 2273//2273 2309//2309 2274//2274
f 2310//2310 2275//2275 2274//2274
f 2311//2311 2275//2275 2310//2310
f 2312//2312 2313//2313 2314//2314
f 2314//2314 2315//2315 2312//2312
f 2273//2273 2316//2316 2309//2309
f 2277//2277 2316//2316 2273//2273
f 2311//2311 2277//2277 2275//2275
f 2316//2316 2277//2277 2311//2311
f 2312//2312 2317//2317 2313//2313
f 2315//2315 2317//2317 2312//2312
f 2193//2193 2318//2318 2278//2278
f 2226//2226 2318//2318 2193//2193
f 2279//2279 2280//2280 2281//2281
f 2278//2278 2319//2319 2283//2283
f 2320//2320 2321//2321 2322//2322
f 2283//2283 2320//2320 2280//2280
f 2233//2233 2323//2323 2234//2234
f 2323//2323 2324//2324 2234//2234
f 2324//2324 2235//2235 2234//2234
f 2324//2324 2325//2325 2235//2235
f 2237//2237 2162//2162 2285//2285
f 2236//2236 2235//2235 2325//2325
f 2325//2325 2286//2286 2236//2236
f 2285//2285 2197//2197 2326//2326
f 2198//2198 2286//2286 2327//2327
f 2328//2328 2287//2287 2198//2198
f 2288//2288 2326//2326 2197//2197
f 2289//2289 2200//2200 2238//2238
f 2288//2288 2201//2201 2240//2240
f 2288//2288 2240//2240 2326//2326
f 2202//2202 2289//2289 2329//2329
f 2329//2329 2290//2290 2202//2202
f 2240//2240 2330//2330 2326//2326
f 2330//2330 2240//2240 2241//2241
f 2239//2239 2203//2203 2290//2290
f 2290//2290 2291//2291 2239//2239
f 2330//2330 2241//2241 2291//2291
f 2331//2331 2332//2332 2333//2333
f 2333//2333 2332//2332 2334//2334
f 2332//2332 2331//2331 2335//2335
f 2334//2334 2332//2332 2335//2335
f 2336//2336 2205//2205 2247//2247
f 2056//2056 2249//2249 2247//2247
f 2248//2248 2249//2249 2056//2056
f 2205//2205 2337//2337 2252//2252
f 2060//2060 2253//2253 2250//2250
f 2337//2337 2251//2251 2252//2252
f 2338//2338 2251//2251 2337//2337
f 2251//2251 2338//2338 2254//2254
f 2254//2254 2339//2339 2207//2207
f 2207//2207 2339//2339 2255//2255
f 2208//2208 2104//2104 2293//2293
f 2257//2257 2210//2210 2340//2340
f 2295//2295 2294//2294 2174//2174
f 2341//2341 2298//2298 2297//2297
f 2299//2299 2296//2296 2212//2212
f 2213//2213 2342//2342 2299//2299
f 2213//2213 2180//2180 2342//2342
f 2298//2298 2343//2343 2344//2344
f 2298//2298 2344//2344 2214//2214
f 2344//2344 2260//2260 2214//2214
f 2180//2180 2300//2300 2342//2342
f 2261//2261 2113//2113 2303//2303
f 2076//2076 2077//2077 2303//2303
f 2217//2217 2304//2304 2183//2183
f 2184//2184 2183//2183 2345//2345
f 2264//2264 2220//2220 2346//2346
f 2347//2347 2218//2218 2151//2151
f 2265//2265 2185//2185 2306//2306
f 2348//2348 2268//2268 2307//2307
f 2347//2347 2151//2151 2349//2349
f 2151//2151 2187//2187 2349//2349
f 2268//2268 2348//2348 2350//2350
f 2269//2269 2351//2351 2308//2308
f 2350//2350 2224//2224 2268//2268
f 2310//2310 2309//2309 2352//2352
f 2310//2310 2352//2352 2311//2311
f 2314//2314 2353//2353 2354//2354
f 2313//2313 2353//2353 2314//2314
f 2354//2354 2315//2315 2314//2314
f 2355//2355 2315//2315 2354//2354
f 2356//2356 2357//2357 2358//2358
f 2357//2357 2356//2356 2359//2359
f 2271//2271 2360//2360 2226//2226
f 2309//2309 2316//2316 2352//2352
f 2311//2311 2352//2352 2316//2316
f 2313//2313 2361//2361 2353//2353
f 2317//2317 2361//2361 2313//2313
f 2355//2355 2317//2317 2315//2315
f 2361//2361 2317//2317 2355//2355
f 2349//2349 2187//2187 2284//2284
f 2356//2356 2358//2358 2362//2362
f 2359//2359 2356//2356 2362//2362
f 2226//2226 2360//2360 2318//2318
f 2187//2187 2196//2196 2284//2284
f 2278//2278 2318//2318 2363//2363
f 2318//2318 2364//2364 2363//2363
f 2365//2365 2282//2282 2366//2366
f 2319//2319 2367//2367 2321//2321
f 2319//2319 2363//2363 2367//2367
f 2319//2319 2278//2278 2363//2363
f 2368//2368 2321//2321 2367//2367
f 2368//2368 2322//2322 2321//2321
f 2281//2281 2280//2280 2369//2369
f 2370//2370 2281//2281 2369//2369
f 2281//2281 2370//2370 2366//2366
f 2281//2281 2366//2366 2282//2282
f 2365//2365 2232//2232 2282//2282
f 2365//2365 2371//2371 2232//2232
f 2371//2371 2233//2233 2232//2232
f 2321//2321 2283//2283 2319//2319
f 2283//2283 2321//2321 2320//2320
f 2233//2233 2371//2371 2372//2372
f 2323//2323 2233//2233 2372//2372
f 2320//2320 2322//2322 2369//2369
f 2369//2369 2280//2280 2320//2320
f 2286//2286 2373//2373 2327//2327
f 2327//2327 2328//2328 2198//2198
f 2287//2287 2328//2328 2374//2374
f 2374//2374 2238//2238 2287//2287
f 2329//2329 2289//2289 2238//2238
f 2330//2330 2375//2375 2326//2326
f 2290//2290 2376//2376 2291//2291
f 2333//2333 2377//2377 2331//2331
f 2333//2333 2334//2334 2377//2377
f 2331//2331 2377//2377 2335//2335
f 2334//2334 2335//2335 2377//2377
f 2205//2205 2336//2336 2378//2378
f 2379//2379 2337//2337 2205//2205
f 2379//2379 2205//2205 2378//2378
f 2250//2250 2380//2380 2249//2249
f 2379//2379 2338//2338 2337//2337
f 2338//2338 2381//2381 2254//2254
f 2254//2254 2381//2381 2339//2339
f 2172//2172 2137//2137 2382//2382
f 2255//2255 2339//2339 2256//2256
f 2339//2339 2340//2340 2256//2256
f 2256//2256 2340//2340 2210//2210
f 2383//2383 2293//2293 2211//2211
f 2257//2257 2384//2384 2297//2297
f 2257//2257 2340//2340 2384//2384
f 2384//2384 2341//2341 2297//2297
f 2211//2211 2294//2294 2383//2383
f 2258//2258 2296//2296 2295//2295
f 2341//2341 2343//2343 2298//2298
f 2260//2260 2344//2344 2301//2301
f 2301//2301 2302//2302 2215//2215
f 2385//2385 2302//2302 2301//2301
f 2300//2300 2181//2181 2386//2386
f 2181//2181 2387//2387 2386//2386
f 2144//2144 2387//2387 2181//2181
f 2144//2144 2261//2261 2387//2387
f 2388//2388 2216//2216 2262//2262
f 2216//2216 2388//2388 2263//2263
f 2389//2389 2145//2145 2039//2039
f 2305//2305 2389//2389 2039//2039
f 2345//2345 2183//2183 2304//2304
f 2219//2219 2184//2184 2390//2390
f 2184//2184 2345//2345 2390//2390
f 2220//2220 2219//2219 2390//2390
f 2220//2220 2390//2390 2346//2346
f 2306//2306 2264//2264 2346//2346
f 2347//2347 2391//2391 2218//2218
f 2265//2265 2392//2392 2269//2269
f 2392//2392 2351//2351 2269//2269
f 2307//2307 2267//2267 2348//2348
f 2393//2393 2308//2308 2351//2351
f 2308//2308 2393//2393 2267//2267
f 2267//2267 2393//2393 2348//2348
f 2271//2271 2224//2224 2350//2350
f 2350//2350 2360//2360 2271//2271
f 2354//2354 2353//2353 2394//2394
f 2354//2354 2394//2394 2355//2355
f 2357//2357 2395//2395 2358//2358
f 2357//2357 2359//2359 2395//2395
f 2353//2353 2361//2361 2394//2394
f 2355//2355 2394//2394 2361//2361
f 2358//2358 2395//2395 2362//2362
f 2359//2359 2362//2362 2395//2395
f 2360//2360 2396//2396 2397//2397
f 2318//2318 2360//2360 2397//2397
f 2397//2397 2364//2364 2318//2318
f 2364//2364 2398//2398 2363//2363
f 2399//2399 2400//2400 2401//2401
f 2402//2402 2365//2365 2366//2366
f 2363//2363 2398//2398 2403//2403
f 2367//2367 2363//2363 2403//2403
f 2368//2368 2367//2367 2403//2403
f 2368//2368 2404//2404 2322//2322
f 2405//2405 2400//2400 2404//2404
f 2400//2400 2369//2369 2404//2404
f 2370//2370 2400//2400 2399//2399
f 2370//2370 2369//2369 2400//2400
f 2284//2284 2237//2237 2406//2406
f 2322//2322 2404//2404 2369//2369
f 2237//2237 2285//2285 2406//2406
f 2406//2406 2285//2285 2407//2407
f 2325//2325 2408//2408 2286//2286
f 2408//2408 2373//2373 2286//2286
f 2409//2409 2327//2327 2373//2373
f 2328//2328 2327//2327 2410//2410
f 2327//2327 2409//2409 2410//2410
f 2328//2328 2410//2410 2374//2374
f 2238//2238 2411//2411 2329//2329
f 2326//2326 2375//2375 2412//2412
f 2412//2412 2375//2375 2413//2413
f 2329//2329 2414//2414 2290//2290
f 2413//2413 2375//2375 2415//2415
f 2330//2330 2415//2415 2375//2375
f 2291//2291 2376//2376 2415//2415
f 2415//2415 2330//2330 2291//2291
f 2247//2247 2416//2416 2336//2336
f 2249//2249 2417//2417 2247//2247
f 2379//2379 2418//2418 2338//2338
f 2250//2250 2253//2253 2380//2380
f 2381//2381 2338//2338 2419//2419
f 2418//2418 2419//2419 2338//2338
f 2381//2381 2420//2420 2339//2339
f 2339//2339 2421//2421 2340//2340
f 2339//2339 2420//2420 2421//2421
f 2137//2137 2208//2208 2382//2382
f 2384//2384 2340//2340 2421//2421
f 2422//2422 2293//2293 2383//2383
f 2341//2341 2384//2384 2423//2423
f 2295//2295 2424//2424 2294//2294
f 2295//2295 2296//2296 2424//2424
f 2296//2296 2299//2299 2425//2425
f 2343//2343 2341//2341 2426//2426
f 2302//2302 2388//2388 2262//2262
f 2427//2427 2388//2388 2302//2302
f 2303//2303 2077//2077 2428//2428
f 2077//2077 2078//2078 2428//2428
f 2263//2263 2429//2429 2430//2430
f 2146//2146 2263//2263 2430//2430
f 2145//2145 2389//2389 2078//2078
f 2182//2182 2431//2431 2305//2305
f 2431//2431 2182//2182 2218//2218
f 2306//2306 2432//2432 2433//2433
f 2265//2265 2306//2306 2433//2433
f 2265//2265 2434//2434 2392//2392
f 2392//2392 2435//2435 2351//2351
f 2348//2348 2393//2393 2436//2436
f 2348//2348 2436//2436 2437//2437
f 2437//2437 2438//2438 2350//2350
f 2437//2437 2350//2350 2348//2348
f 2438//2438 2360//2360 2350//2350
f 2438//2438 2396//2396 2360//2360
f 2393//2393 2351//2351 2439//2439
f 2439//2439 2351//2351 2435//2435
f 2440//2440 2441//2441 2442//2442
f 2441//2441 2440//2440 2443//2443
f 2349//2349 2284//2284 2444//2444
f 2440//2440 2442//2442 2445//2445
f 2443//2443 2440//2440 2445//2445
f 2397//2397 2398//2398 2364//2364
f 2401//2401 2405//2405 2446//2446
f 2401//2401 2400//2400 2405//2405
f 2366//2366 2399//2399 2402//2402
f 2447//2447 2397//2397 2396//2396
f 2398//2398 2397//2397 2447//2447
f 2401//2401 2446//2446 2399//2399
f 2366//2366 2370//2370 2399//2399
f 2448//2448 2398//2398 2447//2447
f 2403//2403 2398//2398 2448//2448
f 2449//2449 2448//2448 2450//2450
f 2449//2449 2403//2403 2448//2448
f 2449//2449 2368//2368 2403//2403
f 2368//2368 2449//2449 2404//2404
f 2449//2449 2405//2405 2404//2404
f 2372//2372 2371//2371 2451//2451
f 2452//2452 2323//2323 2372//2372
f 2323//2323 2452//2452 2324//2324
f 2325//2325 2324//2324 2408//2408
f 2324//2324 2453//2453 2408//2408
f 2407//2407 2285//2285 2454//2454
f 2285//2285 2326//2326 2454//2454
f 2410//2410 2455//2455 2374//2374
f 2374//2374 2455//2455 2411//2411
f 2238//2238 2374//2374 2411//2411
f 2456//2456 2290//2290 2414//2414
f 2415//2415 2376//2376 2457//2457
f 2415//2415 2457//2457 2458//2458
f 2415//2415 2458//2458 2413//2413
f 2456//2456 2376//2376 2290//2290
f 2378//2378 2459//2459 2379//2379
f 2420//2420 2381//2381 2419//2419
f 2383//2383 2460//2460 2422//2422
f 2296//2296 2425//2425 2424//2424
f 2341//2341 2423//2423 2426//2426
f 2343//2343 2461//2461 2344//2344
f 2342//2342 2462//2462 2299//2299
f 2463//2463 2342//2342 2300//2300
f 2461//2461 2301//2301 2344//2344
f 2301//2301 2461//2461 2385//2385
f 2464//2464 2300//2300 2386//2386
f 2387//2387 2261//2261 2465//2465
f 2429//2429 2388//2388 2427//2427
f 2263//2263 2388//2388 2429//2429
f 2466//2466 2078//2078 2389//2389
f 2467//2467 2146//2146 2430//2430
f 2431//2431 2389//2389 2305//2305
f 2391//2391 2431//2431 2218//2218
f 2432//2432 2306//2306 2468//2468
f 2306//2306 2346//2346 2468//2468
f 2469//2469 2391//2391 2347//2347
f 2347//2347 2349//2349 2469//2469
f 2435//2435 2392//2392 2434//2434
f 2444//2444 2469//2469 2349//2349
f 2437//2437 2436//2436 2470//2470
f 2436//2436 2393//2393 2439//2439
f 2441//2441 2471//2471 2442//2442
f 2441//2441 2443//2443 2471//2471
f 2444//2444 2284//2284 2406//2406
f 2442//2442 2471//2471 2445//2445
f 2443//2443 2445//2445 2471//2471
f 2446//2446 2472//2472 2402//2402
f 2402//2402 2399//2399 2446//2446
f 2405//2405 2449//2449 2473//2473
f 2473//2473 2449//2449 2450//2450
f 2371//2371 2365//2365 2451//2451
f 2372//2372 2451//2451 2452//2452
f 2324//2324 2452//2452 2453//2453
f 2452//2452 2474//2474 2453//2453
f 2454//2454 2326//2326 2412//2412
f 2329//2329 2411//2411 2475//2475
f 2458//2458 2457//2457 2476//2476
f 2458//2458 2476//2476 2413//2413
f 2414//2414 2329//2329 2475//2475
f 2378//2378 2336//2336 2477//2477
f 2416//2416 2477//2477 2336//2336
f 2247//2247 2417//2417 2416//2416
f 2477//2477 2459//2459 2378//2378
f 2379//2379 2459//2459 2418//2418
f 2478//2478 2419//2419 2418//2418
f 2172//2172 2479//2479 2253//2253
f 2172//2172 2382//2382 2479//2479
f 2420//2420 2419//2419 2421//2421
f 2480//2480 2208//2208 2293//2293
f 2481//2481 2384//2384 2421//2421
f 2481//2481 2423//2423 2384//2384
f 2480//2480 2293//2293 2422//2422
f 2383//2383 2294//2294 2460//2460
f 2482//2482 2343//2343 2426//2426
f 2425//2425 2299//2299 2462//2462
f 2342//2342 2463//2463 2462//2462
f 2427//2427 2302//2302 2385//2385
f 2261//2261 2303//2303 2465//2465
f 2303//2303 2428//2428 2483//2483
f 2078//2078 2466//2466 2428//2428
f 2146//2146 2467//2467 2304//2304
f 2345//2345 2304//2304 2484//2484
f 2390//2390 2345//2345 2484//2484
f 2346//2346 2390//2390 2484//2484
f 2484//2484 2485//2485 2346//2346
f 2346//2346 2485//2485 2468//2468
f 2265//2265 2433//2433 2434//2434
f 2486//2486 2435//2435 2434//2434
f 2438//2438 2487//2487 2488//2488
f 2438//2438 2437//2437 2487//2487
f 2435//2435 2486//2486 2439//2439
f 2436//2436 2439//2439 2470//2470
f 2487//2487 2437//2437 2470//2470
f 2438//2438 2489//2489 2396//2396
f 2489//2489 2490//2490 2491//2491
f 2489//2489 2447//2447 2396//2396
f 2405//2405 2473//2473 2446//2446
f 2447//2447 2491//2491 2448//2448
f 2365//2365 2492//2492 2451//2451
f 2493//2493 2452//2452 2451//2451
f 2402//2402 2492//2492 2365//2365
f 2452//2452 2493//2493 2474//2474
f 2453//2453 2494//2494 2408//2408
f 2494//2494 2495//2495 2408//2408
f 2495//2495 2373//2373 2408//2408
f 2496//2496 2410//2410 2409//2409
f 2373//2373 2497//2497 2409//2409
f 2475//2475 2411//2411 2455//2455
f 2412//2412 2413//2413 2498//2498
f 2499//2499 2414//2414 2475//2475
f 2414//2414 2499//2499 2456//2456
f 2499//2499 2500//2500 2456//2456
f 2501//2501 2456//2456 2500//2500
f 2376//2376 2501//2501 2457//2457
f 2501//2501 2376//2376 2456//2456
f 2502//2502 2459//2459 2477//2477
f 2416//2416 2502//2502 2477//2477
f 2249//2249 2503//2503 2504//2504
f 2380//2380 2503//2503 2249//2249
f 2380//2380 2253//2253 2505//2505
f 2418//2418 2506//2506 2478//2478
f 2418//2418 2459//2459 2506//2506
f 2481//2481 2419//2419 2478//2478
f 2421//2421 2419//2419 2481//2481
f 2208//2208 2480//2480 2382//2382
f 2481//2481 2507//2507 2423//2423
f 2422//2422 2460//2460 2480//2480
f 2424//2424 2425//2425 2508//2508
f 2462//2462 2509//2509 2425//2425
f 2482//2482 2461//2461 2343//2343
f 2300//2300 2510//2510 2463//2463
f 2510//2510 2300//2300 2464//2464
f 2385//2385 2461//2461 2511//2511
f 2303//2303 2483//2483 2465//2465
f 2429//2429 2512//2512 2430//2430
f 2513//2513 2466//2466 2389//2389
f 2431//2431 2513//2513 2389//2389
f 2484//2484 2304//2304 2514//2514
f 2431//2431 2391//2391 2515//2515
f 2433//2433 2516//2516 2434//2434
f 2434//2434 2516//2516 2486//2486
f 2517//2517 2487//2487 2470//2470
f 2518//2518 2487//2487 2517//2517
f 2519//2519 2517//2517 2470//2470
f 2488//2488 2520//2520 2438//2438
f 2486//2486 2519//2519 2439//2439
f 2519//2519 2470//2470 2439//2439
f 2520//2520 2489//2489 2438//2438
f 2489//2489 2491//2491 2447//2447
f 2473//2473 2450//2450 2521//2521
f 2521//2521 2522//2522 2473//2473
f 2472//2472 2446//2446 2473//2473
f 2522//2522 2472//2472 2473//2473
f 2402//2402 2472//2472 2523//2523
f 2472//2472 2524//2524 2523//2523
f 2523//2523 2492//2492 2402//2402
f 2448//2448 2491//2491 2490//2490
f 2521//2521 2450//2450 2448//2448
f 2490//2490 2521//2521 2448//2448
f 2451//2451 2492//2492 2525//2525
f 2493//2493 2451//2451 2525//2525
f 2474//2474 2494//2494 2453//2453
f 2497//2497 2373//2373 2495//2495
f 2526//2526 2454//2454 2527//2527
f 2454//2454 2412//2412 2527//2527
f 2527//2527 2412//2412 2498//2498
f 2409//2409 2497//2497 2528//2528
f 2528//2528 2496//2496 2409//2409
f 2455//2455 2410//2410 2529//2529
f 2529//2529 2410//2410 2496//2496
f 2498//2498 2413//2413 2476//2476
f 2530//2530 2457//2457 2501//2501
f 2417//2417 2531//2531 2416//2416
f 2249//2249 2504//2504 2417//2417
f 2416//2416 2532//2532 2502//2502
f 2416//2416 2533//2533 2532//2532
f 2253//2253 2479//2479 2505//2505
f 2478//2478 2534//2534 2481//2481
f 2506//2506 2534//2534 2478//2478
f 2460//2460 2535//2535 2480//2480
f 2424//2424 2508//2508 2294//2294
f 2536//2536 2385//2385 2511//2511
f 2464//2464 2537//2537 2510//2510
f 2386//2386 2537//2537 2464//2464
f 2536//2536 2427//2427 2385//2385
f 2386//2386 2387//2387 2538//2538
f 2465//2465 2538//2538 2387//2387
f 2539//2539 2512//2512 2429//2429
f 2540//2540 2466//2466 2513//2513
f 2430//2430 2541//2541 2467//2467
f 2431//2431 2542//2542 2513//2513
f 2432//2432 2468//2468 2543//2543
f 2433//2433 2432//2432 2543//2543
f 2433//2433 2543//2543 2516//2516
f 2391//2391 2469//2469 2515//2515
f 2486//2486 2516//2516 2544//2544
f 2519//2519 2486//2486 2517//2517
f 2486//2486 2544//2544 2517//2517
f 2488//2488 2518//2518 2545//2545
f 2487//2487 2518//2518 2488//2488
f 2488//2488 2545//2545 2520//2520
f 2469//2469 2444//2444 2546//2546
f 2490//2490 2489//2489 2520//2520
f 2444//2444 2406//2406 2546//2546
f 2521//2521 2547//2547 2522//2522
f 2524//2524 2472//2472 2522//2522
f 2546//2546 2406//2406 2407//2407
f 2525//2525 2492//2492 2523//2523
f 2493//2493 2548//2548 2474//2474
f 2407//2407 2454//2454 2526//2526
f 2494//2494 2549//2549 2497//2497
f 2497//2497 2495//2495 2494//2494
f 2529//2529 2475//2475 2455//2455
f 2457//2457 2550//2550 2476//2476
f 2499//2499 2551//2551 2500//2500
f 2550//2550 2457//2457 2530//2530
f 2531//2531 2533//2533 2416//2416
f 2503//2503 2380//2380 2505//2505
f 2502//2502 2552//2552 2459//2459
f 2502//2502 2553//2553 2552//2552
f 2502//2502 2532//2532 2553//2553
f 2506//2506 2459//2459 2552//2552
f 2534//2534 2507//2507 2481//2481
f 2554//2554 2480//2480 2535//2535
f 2555//2555 2423//2423 2507//2507
f 2555//2555 2426//2426 2423//2423
f 2294//2294 2556//2556 2460//2460
f 2294//2294 2508//2508 2556//2556
f 2461//2461 2482//2482 2511//2511
f 2538//2538 2537//2537 2386//2386
f 2557//2557 2427//2427 2536//2536
f 2558//2558 2538//2538 2465//2465
f 2429//2429 2427//2427 2539//2539
f 2430//2430 2512//2512 2559//2559
f 2430//2430 2559//2559 2541//2541
f 2513//2513 2560//2560 2540//2540
f 2304//2304 2467//2467 2561//2561
f 2304//2304 2561//2561 2514//2514
f 2560//2560 2513//2513 2542//2542
f 2484//2484 2514//2514 2562//2562
f 2542//2542 2431//2431 2563//2563
f 2563//2563 2431//2431 2515//2515
f 2485//2485 2564//2564 2468//2468
f 2565//2565 2516//2516 2543//2543
f 2565//2565 2544//2544 2516//2516
f 2518//2518 2517//2517 2544//2544
f 2566//2566 2520//2520 2545//2545
f 2520//2520 2567//2567 2490//2490
f 2567//2567 2521//2521 2490//2490
f 2567//2567 2547//2547 2521//2521
f 2522//2522 2547//2547 2568//2568
f 2522//2522 2568//2568 2524//2524
f 2569//2569 2493//2493 2525//2525
f 2493//2493 2569//2569 2548//2548
f 2548//2548 2570//2570 2474//2474
f 2474//2474 2570//2570 2494//2494
f 2570//2570 2549//2549 2494//2494
f 2527//2527 2498//2498 2571//2571
f 2572//2572 2529//2529 2496//2496
f 2529//2529 2572//2572 2573//2573
f 2476//2476 2574//2574 2498//2498
f 2475//2475 2529//2529 2575//2575
f 2499//2499 2475//2475 2575//2575
f 2476//2476 2550//2550 2574//2574
f 2501//2501 2500//2500 2530//2530
f 2576//2576 2532//2532 2533//2533
f 2417//2417 2504//2504 2531//2531
f 2382//2382 2577//2577 2479//2479
f 2555//2555 2507//2507 2578//2578
f 2480//2480 2554//2554 2579//2579
f 2460//2460 2556//2556 2535//2535
f 2509//2509 2508//2508 2425//2425
f 2463//2463 2580//2580 2462//2462
f 2463//2463 2510//2510 2580//2580
f 2511//2511 2581//2581 2536//2536
f 2537//2537 2582//2582 2510//2510
f 2465//2465 2483//2483 2558//2558
f 2427//2427 2557//2557 2539//2539
f 2428//2428 2583//2583 2483//2483
f 2428//2428 2584//2584 2583//2583
f 2466//2466 2540//2540 2584//2584
f 2466//2466 2584//2584 2428//2428
f 2539//2539 2559//2559 2512//2512
f 2484//2484 2562//2562 2485//2485
f 2564//2564 2585//2585 2543//2543
f 2543//2543 2585//2585 2586//2586
f 2563//2563 2515//2515 2587//2587
f 2543//2543 2468//2468 2564//2564
f 2543//2543 2586//2586 2565//2565
f 2588//2588 2587//2587 2515//2515
f 2565//2565 2586//2586 2589//2589
f 2590//2590 2544//2544 2565//2565
f 2518//2518 2544//2544 2590//2590
f 2590//2590 2545//2545 2518//2518
f 2588//2588 2515//2515 2469//2469
f 2591//2591 2545//2545 2590//2590
f 2566//2566 2545//2545 2591//2591
f 2520//2520 2566//2566 2567//2567
f 2566//2566 2591//2591 2592//2592
f 2567//2567 2592//2592 2547//2547
f 2567//2567 2566//2566 2592//2592
f 2593//2593 2524//2524 2568//2568
f 2593//2593 2523//2523 2524//2524
f 2593//2593 2525//2525 2523//2523
f 2546//2546 2407//2407 2526//2526
f 2525//2525 2593//2593 2594//2594
f 2570//2570 2595//2595 2549//2549
f 2549//2549 2595//2595 2596//2596
f 2549//2549 2596//2596 2497//2497
f 2526//2526 2527//2527 2597//2597
f 2596//2596 2528//2528 2497//2497
f 2527//2527 2571//2571 2597//2597
f 2528//2528 2572//2572 2496//2496
f 2529//2529 2573//2573 2575//2575
f 2499//2499 2575//2575 2551//2551
f 2530//2530 2500//2500 2598//2598
f 2500//2500 2551//2551 2598//2598
f 2533//2533 2599//2599 2576//2576
f 2531//2531 2599//2599 2533//2533
f 2532//2532 2600//2600 2553//2553
f 2600//2600 2532//2532 2576//2576
f 2552//2552 2601//2601 2506//2506
f 2601//2601 2552//2552 2553//2553
f 2479//2479 2602//2602 2603//2603
f 2506//2506 2601//2601 2534//2534
f 2507//2507 2534//2534 2578//2578
f 2480//2480 2577//2577 2382//2382
f 2577//2577 2480//2480 2579//2579
f 2579//2579 2554//2554 2604//2604
f 2535//2535 2605//2605 2554//2554
f 2426//2426 2555//2555 2606//2606
f 2606//2606 2482//2482 2426//2426
f 2535//2535 2556//2556 2605//2605
f 2607//2607 2508//2508 2509//2509
f 2482//2482 2581//2581 2511//2511
f 2607//2607 2509//2509 2580//2580
f 2462//2462 2580//2580 2509//2509
f 2510//2510 2608//2608 2580//2580
f 2536//2536 2581//2581 2609//2609
f 2510//2510 2582//2582 2608//2608
f 2610//2610 2538//2538 2558//2558
f 2483//2483 2583//2583 2558//2558
f 2539//2539 2557//2557 2611//2611
f 2539//2539 2611//2611 2559//2559
f 2612//2612 2540//2540 2560//2560
f 2467//2467 2541//2541 2561//2561
f 2613//2613 2560//2560 2542//2542
f 2542//2542 2563//2563 2614//2614
f 2615//2615 2564//2564 2562//2562
f 2562//2562 2564//2564 2485//2485
f 2564//2564 2615//2615 2585//2585
f 2586//2586 2616//2616 2589//2589
f 2617//2617 2565//2565 2589//2589
f 2590//2590 2618//2618 2591//2591
f 2469//2469 2546//2546 2588//2588
f 2591//2591 2618//2618 2592//2592
f 2588//2588 2546//2546 2619//2619
f 2568//2568 2547//2547 2620//2620
f 2568//2568 2620//2620 2593//2593
f 2546//2546 2526//2526 2619//2619
f 2525//2525 2594//2594 2569//2569
f 2621//2621 2570//2570 2548//2548
f 2528//2528 2596//2596 2622//2622
f 2572//2572 2528//2528 2622//2622
f 2622//2622 2573//2573 2572//2572
f 2498//2498 2574//2574 2571//2571
f 2573//2573 2623//2623 2575//2575
f 2531//2531 2624//2624 2599//2599
f 2504//2504 2624//2624 2531//2531
f 2504//2504 2625//2625 2624//2624
f 2503//2503 2625//2625 2504//2504
f 2576//2576 2626//2626 2600//2600
f 2505//2505 2603//2603 2503//2503
f 2479//2479 2603//2603 2505//2505
f 2601//2601 2578//2578 2534//2534
f 2578//2578 2627//2627 2555//2555
f 2604//2604 2554//2554 2605//2605
f 2609//2609 2557//2557 2536//2536
f 2628//2628 2582//2582 2537//2537
f 2537//2537 2538//2538 2628//2628
f 2538//2538 2610//2610 2628//2628
f 2557//2557 2609//2609 2611//2611
f 2558//2558 2629//2629 2610//2610
f 2583//2583 2630//2630 2558//2558
f 2611//2611 2631//2631 2559//2559
f 2584//2584 2540//2540 2612//2612
f 2613//2613 2612//2612 2560//2560
f 2542//2542 2614//2614 2613//2613
f 2586//2586 2585//2585 2632//2632
f 2586//2586 2632//2632 2616//2616
f 2618//2618 2590//2590 2565//2565
f 2618//2618 2565//2565 2617//2617
f 2592//2592 2618//2618 2633//2633
f 2620//2620 2547//2547 2592//2592
f 2548//2548 2569//2569 2621//2621
f 2526//2526 2634//2634 2619//2619
f 2595//2595 2570//2570 2635//2635
f 2595//2595 2635//2635 2636//2636
f 2596//2596 2595//2595 2636//2636
f 2634//2634 2526//2526 2597//2597
f 2596//2596 2636//2636 2622//2622
f 2573//2573 2622//2622 2637//2637
f 2550//2550 2638//2638 2574//2574
f 2550//2550 2530//2530 2638//2638
f 2638//2638 2530//2530 2598//2598
f 2551//2551 2575//2575 2639//2639
f 2640//2640 2576//2576 2599//2599
f 2640//2640 2626//2626 2576//2576
f 2553//2553 2641//2641 2601//2601
f 2600//2600 2641//2641 2553//2553
f 2602//2602 2479//2479 2577//2577
f 2642//2642 2602//2602 2577//2577
f 2601//2601 2643//2643 2578//2578
f 2643//2643 2627//2627 2578//2578
f 2627//2627 2644//2644 2555//2555
f 2555//2555 2644//2644 2606//2606
f 2604//2604 2605//2605 2645//2645
f 2605//2605 2556//2556 2645//2645
f 2482//2482 2646//2646 2581//2581
f 2646//2646 2647//2647 2581//2581
f 2647//2647 2609//2609 2581//2581
f 2648//2648 2607//2607 2580//2580
f 2608//2608 2582//2582 2649//2649
f 2582//2582 2628//2628 2649//2649
f 2650//2650 2611//2611 2609//2609
f 2630//2630 2629//2629 2558//2558
f 2611//2611 2650//2650 2631//2631
f 2651//2651 2630//2630 2583//2583
f 2583//2583 2584//2584 2651//2651
f 2559//2559 2631//2631 2652//2652
f 2541//2541 2559//2559 2653//2653
f 2561//2561 2541//2541 2654//2654
f 2612//2612 2613//2613 2655//2655
f 2561//2561 2656//2656 2514//2514
f 2514//2514 2656//2656 2562//2562
f 2656//2656 2657//2657 2562//2562
f 2615//2615 2562//2562 2657//2657
f 2615//2615 2657//2657 2632//2632
f 2585//2585 2615//2615 2632//2632
f 2658//2658 2587//2587 2588//2588
f 2589//2589 2616//2616 2617//2617
f 2658//2658 2588//2588 2619//2619
f 2633//2633 2620//2620 2592//2592
f 2620//2620 2594//2594 2593//2593
f 2569//2569 2594//2594 2659//2659
f 2659//2659 2621//2621 2569//2569
f 2635//2635 2570//2570 2621//2621
f 2636//2636 2637//2637 2622//2622
f 2597//2597 2571//2571 2660//2660
f 2573//2573 2637//2637 2661//2661
f 2661//2661 2623//2623 2573//2573
f 2660//2660 2571//2571 2574//2574
f 2623//2623 2639//2639 2575//2575
f 2639//2639 2638//2638 2598//2598
f 2639//2639 2598//2598 2551//2551
f 2599//2599 2624//2624 2640//2640
f 2625//2625 2662//2662 2624//2624
f 2600//2600 2626//2626 2663//2663
f 2579//2579 2664//2664 2577//2577
f 2604//2604 2665//2665 2579//2579
f 2579//2579 2665//2665 2666//2666
f 2665//2665 2604//2604 2645//2645
f 2482//2482 2606//2606 2646//2646
f 2607//2607 2667//2667 2508//2508
f 2608//2608 2648//2648 2580//2580
f 2649//2649 2648//2648 2608//2608
f 2651//2651 2584//2584 2612//2612
f 2559//2559 2652//2652 2653//2653
f 2612//2612 2655//2655 2651//2651
f 2653//2653 2654//2654 2541//2541
f 2561//2561 2654//2654 2656//2656
f 2668//2668 2563//2563 2587//2587
f 2657//2657 2669//2669 2670//2670
f 2632//2632 2657//2657 2670//2670
f 2658//2658 2668//2668 2587//2587
f 2632//2632 2670//2670 2671//2671
f 2632//2632 2671//2671 2616//2616
f 2616//2616 2672//2672 2617//2617
f 2618//2618 2617//2617 2633//2633
f 2617//2617 2673//2673 2633//2633
f 2594//2594 2620//2620 2674//2674
f 2619//2619 2634//2634 2675//2675
f 2659//2659 2676//2676 2621//2621
f 2635//2635 2621//2621 2676//2676
f 2675//2675 2634//2634 2677//2677
f 2635//2635 2678//2678 2636//2636
f 2637//2637 2636//2636 2678//2678
f 2637//2637 2679//2679 2661//2661
f 2639//2639 2623//2623 2680//2680
f 2680//2680 2681//2681 2639//2639
f 2682//2682 2638//2638 2681//2681
f 2638//2638 2639//2639 2681//2681
f 2660//2660 2574//2574 2638//2638
f 2662//2662 2683//2683 2624//2624
f 2625//2625 2684//2684 2662//2662
f 2503//2503 2684//2684 2625//2625
f 2503//2503 2603//2603 2684//2684
f 2685//2685 2603//2603 2602//2602
f 2686//2686 2641//2641 2663//2663
f 2641//2641 2600//2600 2663//2663
f 2641//2641 2643//2643 2601//2601
f 2686//2686 2643//2643 2641//2641
f 2685//2685 2602//2602 2642//2642
f 2642//2642 2577//2577 2664//2664
f 2643//2643 2644//2644 2627//2627
f 2579//2579 2666//2666 2664//2664
f 2556//2556 2687//2687 2645//2645
f 2556//2556 2508//2508 2687//2687
f 2508//2508 2667//2667 2687//2687
f 2648//2648 2688//2688 2607//2607
f 2689//2689 2650//2650 2609//2609
f 2628//2628 2610//2610 2690//2690
f 2610//2610 2629//2629 2691//2691
f 2692//2692 2655//2655 2613//2613
f 2692//2692 2613//2613 2614//2614
f 2693//2693 2692//2692 2614//2614
f 2693//2693 2614//2614 2563//2563
f 2668//2668 2693//2693 2563//2563
f 2657//2657 2656//2656 2669//2669
f 2694//2694 2671//2671 2670//2670
f 2671//2671 2695//2695 2672//2672
f 2671//2671 2672//2672 2616//2616
f 2696//2696 2672//2672 2695//2695
f 2673//2673 2672//2672 2696//2696
f 2617//2617 2672//2672 2673//2673
f 2633//2633 2673//2673 2697//2697
f 2619//2619 2675//2675 2658//2658
f 2633//2633 2698//2698 2620//2620
f 2698//2698 2674//2674 2620//2620
f 2594//2594 2699//2699 2659//2659
f 2699//2699 2676//2676 2659//2659
f 2634//2634 2597//2597 2677//2677
f 2597//2597 2660//2660 2700//2700
f 2677//2677 2597//2597 2700//2700
f 2623//2623 2661//2661 2701//2701
f 2702//2702 2680//2680 2701//2701
f 2700//2700 2660//2660 2703//2703
f 2680//2680 2623//2623 2701//2701
f 2703//2703 2638//2638 2682//2682
f 2660//2660 2638//2638 2703//2703
f 2640//2640 2704//2704 2626//2626
f 2624//2624 2705//2705 2640//2640
f 2683//2683 2705//2705 2624//2624
f 2626//2626 2704//2704 2663//2663
f 2603//2603 2685//2685 2684//2684
f 2706//2706 2664//2664 2666//2666
f 2665//2665 2645//2645 2707//2707
f 2644//2644 2646//2646 2606//2606
f 2708//2708 2647//2647 2646//2646
f 2607//2607 2688//2688 2667//2667
f 2709//2709 2688//2688 2648//2648
f 2647//2647 2710//2710 2609//2609
f 2711//2711 2649//2649 2628//2628
f 2711//2711 2628//2628 2690//2690
f 2650//2650 2689//2689 2712//2712
f 2610//2610 2691//2691 2690//2690
f 2650//2650 2712//2712 2631//2631
f 2651//2651 2713//2713 2630//2630
f 2652//2652 2714//2714 2653//2653
f 2655//2655 2715//2715 2651//2651
f 2655//2655 2692//2692 2715//2715
f 2670//2670 2669//2669 2716//2716
f 2670//2670 2716//2716 2694//2694
f 2716//2716 2717//2717 2694//2694
f 2668//2668 2658//2658 2718//2718
f 2671//2671 2694//2694 2695//2695
f 2658//2658 2719//2719 2718//2718
f 2673//2673 2696//2696 2720//2720
f 2719//2719 2658//2658 2675//2675
f 2674//2674 2698//2698 2721//2721
f 2594//2594 2674//2674 2699//2699
f 2699//2699 2674//2674 2722//2722
f 2723//2723 2676//2676 2699//2699
f 2635//2635 2676//2676 2723//2723
f 2723//2723 2678//2678 2635//2635
f 2678//2678 2724//2724 2637//2637
f 2637//2637 2724//2724 2679//2679
f 2677//2677 2700//2700 2725//2725
f 2701//2701 2661//2661 2679//2679
f 2702//2702 2701//2701 2726//2726
f 2680//2680 2702//2702 2681//2681
f 2727//2727 2700//2700 2703//2703
f 2640//2640 2705//2705 2704//2704
f 2728//2728 2663//2663 2704//2704
f 2685//2685 2729//2729 2684//2684
f 2663//2663 2728//2728 2730//2730
f 2663//2663 2730//2730 2686//2686
f 2643//2643 2686//2686 2731//2731
f 2731//2731 2686//2686 2730//2730
f 2731//2731 2732//2732 2643//2643
f 2732//2732 2644//2644 2643//2643
f 2665//2665 2707//2707 2666//2666
f 2707//2707 2733//2733 2734//2734
f 2645//2645 2733//2733 2707//2707
f 2645//2645 2687//2687 2733//2733
f 2688//2688 2735//2735 2667//2667
f 2708//2708 2710//2710 2647//2647
f 2648//2648 2736//2736 2709//2709
f 2710//2710 2689//2689 2609//2609
f 2648//2648 2649//2649 2736//2736
f 2629//2629 2737//2737 2691//2691
f 2630//2630 2737//2737 2629//2629
f 2630//2630 2713//2713 2737//2737
f 2652//2652 2631//2631 2738//2738
f 2651//2651 2715//2715 2713//2713
f 2714//2714 2739//2739 2653//2653
f 2653//2653 2739//2739 2654//2654
f 2656//2656 2740//2740 2669//2669
f 2669//2669 2740//2740 2716//2716
f 2693//2693 2668//2668 2741//2741
f 2695//2695 2694//2694 2696//2696
f 2696//2696 2742//2742 2720//2720
f 2720//2720 2743//2743 2673//2673
f 2673//2673 2743//2743 2744//2744
f 2697//2697 2673//2673 2744//2744
f 2745//2745 2697//2697 2744//2744
f 2697//2697 2698//2698 2633//2633
f 2746//2746 2698//2698 2697//2697
f 2698//2698 2746//2746 2747//2747
f 2719//2719 2675//2675 2677//2677
f 2698//2698 2747//2747 2721//2721
f 2721//2721 2722//2722 2674//2674
f 2723//2723 2724//2724 2678//2678
f 2725//2725 2700//2700 2748//2748
f 2726//2726 2701//2701 2679//2679
f 2700//2700 2727//2727 2748//2748
f 2749//2749 2702//2702 2726//2726
f 2681//2681 2702//2702 2750//2750
f 2702//2702 2749//2749 2750//2750
f 2681//2681 2750//2750 2682//2682
f 2727//2727 2703//2703 2682//2682
f 2683//2683 2662//2662 2705//2705
f 2684//2684 2751//2751 2662//2662
f 2752//2752 2729//2729 2685//2685
f 2685//2685 2642//2642 2752//2752
f 2664//2664 2753//2753 2754//2754
f 2664//2664 2706//2706 2753//2753
f 2666//2666 2707//2707 2706//2706
f 2644//2644 2755//2755 2646//2646
f 2756//2756 2646//2646 2755//2755
f 2646//2646 2756//2756 2708//2708
f 2687//2687 2757//2757 2758//2758
f 2667//2667 2757//2757 2687//2687
f 2667//2667 2735//2735 2757//2757
f 2688//2688 2759//2759 2760//2760
f 2709//2709 2759//2759 2688//2688
f 2709//2709 2736//2736 2759//2759
f 2761//2761 2736//2736 2649//2649
f 2649//2649 2711//2711 2761//2761
f 2652//2652 2738//2738 2714//2714
f 2739//2739 2714//2714 2762//2762
f 2762//2762 2763//2763 2739//2739
f 2654//2654 2739//2739 2764//2764
f 2654//2654 2764//2764 2765//2765
f 2654//2654 2765//2765 2656//2656
f 2740//2740 2656//2656 2765//2765
f 2693//2693 2741//2741 2766//2766
f 2668//2668 2718//2718 2741//2741
f 2694//2694 2717//2717 2767//2767
f 2696//2696 2694//2694 2767//2767
f 2767//2767 2742//2742 2696//2696
f 2718//2718 2719//2719 2768//2768
f 2720//2720 2742//2742 2743//2743
f 2697//2697 2745//2745 2746//2746
f 2721//2721 2747//2747 2769//2769
f 2677//2677 2725//2725 2719//2719
f 2719//2719 2725//2725 2770//2770
f 2722//2722 2721//2721 2769//2769
f 2699//2699 2722//2722 2771//2771
f 2723//2723 2699//2699 2771//2771
f 2723//2723 2771//2771 2772//2772
f 2723//2723 2772//2772 2773//2773
f 2773//2773 2724//2724 2723//2723
f 2679//2679 2724//2724 2726//2726
f 2682//2682 2750//2750 2774//2774
f 2774//2774 2727//2727 2682//2682
f 2662//2662 2775//2775 2705//2705
f 2775//2775 2662//2662 2751//2751
f 2732//2732 2731//2731 2730//2730
f 2754//2754 2752//2752 2642//2642
f 2664//2664 2754//2754 2642//2642
f 2644//2644 2732//2732 2776//2776
f 2776//2776 2755//2755 2644//2644
f 2706//2706 2707//2707 2777//2777
f 2687//2687 2758//2758 2733//2733
f 2688//2688 2760//2760 2735//2735
f 2778//2778 2710//2710 2708//2708
f 2689//2689 2710//2710 2778//2778
f 2689//2689 2778//2778 2779//2779
f 2712//2712 2689//2689 2780//2780
f 2691//2691 2781//2781 2690//2690
f 2712//2712 2780//2780 2631//2631
f 2780//2780 2738//2738 2631//2631
f 2737//2737 2782//2782 2691//2691
f 2691//2691 2782//2782 2783//2783
f 2737//2737 2713//2713 2782//2782
f 2738//2738 2784//2784 2714//2714
f 2693//2693 2715//2715 2692//2692
f 2739//2739 2785//2785 2764//2764
f 2693//2693 2766//2766 2786//2786
f 2716//2716 2740//2740 2787//2787
f 2717//2717 2716//2716 2787//2787
f 2717//2717 2788//2788 2767//2767
f 2741//2741 2718//2718 2789//2789
f 2767//2767 2790//2790 2742//2742
f 2718//2718 2768//2768 2789//2789
f 2746//2746 2791//2791 2792//2792
f 2747//2747 2746//2746 2792//2792
f 2768//2768 2719//2719 2770//2770
f 2747//2747 2792//2792 2769//2769
f 2769//2769 2793//2793 2722//2722
f 2793//2793 2771//2771 2722//2722
f 2794//2794 2772//2772 2771//2771
f 2770//2770 2725//2725 2748//2748
f 2795//2795 2796//2796 2748//2748
f 2748//2748 2727//2727 2795//2795
f 2726//2726 2797//2797 2749//2749
f 2795//2795 2727//2727 2774//2774
f 2705//2705 2798//2798 2704//2704
f 2798//2798 2705//2705 2775//2775
f 2684//2684 2799//2799 2751//2751
f 2800//2800 2684//2684 2729//2729
f 2801//2801 2729//2729 2752//2752
f 2752//2752 2802//2802 2801//2801
f 2755//2755 2803//2803 2756//2756
f 2708//2708 2804//2804 2778//2778
f 2779//2779 2780//2780 2689//2689
f 2783//2783 2781//2781 2691//2691
f 2782//2782 2713//2713 2805//2805
f 2762//2762 2714//2714 2806//2806
f 2714//2714 2784//2784 2806//2806
f 2713//2713 2807//2807 2805//2805
f 2807//2807 2713//2713 2715//2715
f 2807//2807 2715//2715 2693//2693
f 2786//2786 2807//2807 2693//2693
f 2763//2763 2808//2808 2739//2739
f 2808//2808 2785//2785 2739//2739
f 2766//2766 2741//2741 2809//2809
f 2717//2717 2787//2787 2788//2788
f 2790//2790 2767//2767 2810//2810
f 2741//2741 2789//2789 2809//2809
f 2742//2742 2790//2790 2811//2811
f 2742//2742 2811//2811 2743//2743
f 2744//2744 2743//2743 2812//2812
f 2745//2745 2744//2744 2791//2791
f 2745//2745 2791//2791 2746//2746
f 2770//2770 2748//2748 2796//2796
f 2773//2773 2772//2772 2794//2794
f 2797//2797 2724//2724 2773//2773
f 2726//2726 2724//2724 2797//2797
f 2749//2749 2797//2797 2813//2813
f 2749//2749 2813//2813 2750//2750
f 2774//2774 2750//2750 2814//2814
f 2750//2750 2815//2815 2814//2814
f 2814//2814 2795//2795 2774//2774
f 2704//2704 2798//2798 2816//2816
f 2775//2775 2817//2817 2798//2798
f 2817//2817 2818//2818 2798//2798
f 2728//2728 2819//2819 2820//2820
f 2816//2816 2728//2728 2704//2704
f 2819//2819 2728//2728 2816//2816
f 2728//2728 2820//2820 2730//2730
f 2820//2820 2821//2821 2730//2730
f 2730//2730 2821//2821 2732//2732
f 2752//2752 2754//2754 2802//2802
f 2822//2822 2755//2755 2776//2776
f 2822//2822 2803//2803 2755//2755
f 2777//2777 2707//2707 2734//2734
f 2804//2804 2756//2756 2803//2803
f 2733//2733 2758//2758 2823//2823
f 2824//2824 2757//2757 2735//2735
f 2708//2708 2756//2756 2804//2804
f 2735//2735 2825//2825 2824//2824
f 2826//2826 2778//2778 2804//2804
f 2760//2760 2825//2825 2735//2735
f 2759//2759 2827//2827 2828//2828
f 2759//2759 2736//2736 2827//2827
f 2829//2829 2778//2778 2826//2826
f 2778//2778 2829//2829 2779//2779
f 2711//2711 2830//2830 2761//2761
f 2690//2690 2830//2830 2711//2711
f 2690//2690 2781//2781 2830//2830
f 2784//2784 2738//2738 2780//2780
f 2782//2782 2831//2831 2783//2783
f 2805//2805 2807//2807 2832//2832
f 2806//2806 2763//2763 2762//2762
f 2787//2787 2740//2740 2765//2765
f 2788//2788 2810//2810 2767//2767
f 2790//2790 2810//2810 2811//2811
f 2743//2743 2811//2811 2812//2812
f 2744//2744 2812//2812 2791//2791
f 2789//2789 2768//2768 2833//2833
f 2791//2791 2834//2834 2792//2792
f 2792//2792 2834//2834 2835//2835
f 2836//2836 2833//2833 2768//2768
f 2769//2769 2792//2792 2835//2835
f 2836//2836 2768//2768 2770//2770
f 2769//2769 2835//2835 2837//2837
f 2837//2837 2793//2793 2769//2769
f 2793//2793 2838//2838 2771//2771
f 2773//2773 2794//2794 2839//2839
f 2839//2839 2797//2797 2773//2773
f 2796//2796 2795//2795 2840//2840
f 2795//2795 2814//2814 2840//2840
f 2841//2841 2815//2815 2813//2813
f 2813//2813 2815//2815 2750//2750
f 2775//2775 2751//2751 2799//2799
f 2818//2818 2816//2816 2798//2798
f 2799//2799 2817//2817 2775//2775
f 2684//2684 2800//2800 2799//2799
f 2799//2799 2800//2800 2842//2842
f 2729//2729 2801//2801 2800//2800
f 2821//2821 2822//2822 2732//2732
f 2732//2732 2822//2822 2776//2776
f 2706//2706 2777//2777 2843//2843
f 2844//2844 2733//2733 2823//2823
f 2758//2758 2845//2845 2823//2823
f 2759//2759 2828//2828 2760//2760
f 2761//2761 2827//2827 2736//2736
f 2780//2780 2779//2779 2846//2846
f 2780//2780 2846//2846 2847//2847
f 2780//2780 2847//2847 2784//2784
f 2805//2805 2831//2831 2782//2782
f 2806//2806 2848//2848 2763//2763
f 2848//2848 2849//2849 2763//2763
f 2849//2849 2850//2850 2808//2808
f 2808//2808 2763//2763 2849//2849
f 2785//2785 2808//2808 2850//2850
f 2807//2807 2786//2786 2832//2832
f 2785//2785 2851//2851 2764//2764
f 2765//2765 2764//2764 2851//2851
f 2852//2852 2786//2786 2766//2766
f 2809//2809 2853//2853 2766//2766
f 2809//2809 2854//2854 2853//2853
f 2855//2855 2854//2854 2809//2809
f 2809//2809 2789//2789 2855//2855
f 2812//2812 2856//2856 2791//2791
f 2789//2789 2833//2833 2855//2855
f 2791//2791 2856//2856 2834//2834
f 2833//2833 2836//2836 2857//2857
f 2837//2837 2838//2838 2793//2793
f 2796//2796 2857//2857 2836//2836
f 2858//2858 2857//2857 2796//2796
f 2836//2836 2770//2770 2796//2796
f 2771//2771 2838//2838 2794//2794
f 2840//2840 2859//2859 2858//2858
f 2796//2796 2840//2840 2858//2858
f 2841//2841 2860//2860 2859//2859
f 2840//2840 2814//2814 2859//2859
f 2841//2841 2813//2813 2861//2861
f 2861//2861 2813//2813 2797//2797
f 2814//2814 2841//2841 2859//2859
f 2841//2841 2814//2814 2815//2815
f 2802//2802 2754//2754 2862//2862
f 2862//2862 2754//2754 2753//2753
f 2734//2734 2733//2733 2844//2844
f 2757//2757 2824//2824 2758//2758
f 2758//2758 2824//2824 2845//2845
f 2825//2825 2863//2863 2824//2824
f 2804//2804 2864//2864 2826//2826
f 2760//2760 2865//2865 2825//2825
f 2828//2828 2865//2865 2760//2760
f 2779//2779 2829//2829 2866//2866
f 2779//2779 2866//2866 2846//2846
f 2867//2867 2784//2784 2847//2847
f 2783//2783 2868//2868 2781//2781
f 2831//2831 2869//2869 2868//2868
f 2831//2831 2868//2868 2783//2783
f 2867//2867 2806//2806 2784//2784
f 2831//2831 2805//2805 2870//2870
f 2850//2850 2851//2851 2785//2785
f 2871//2871 2851//2851 2850//2850
f 2872//2872 2787//2787 2765//2765
f 2787//2787 2873//2873 2788//2788
f 2812//2812 2811//2811 2874//2874
f 2812//2812 2874//2874 2875//2875
f 2856//2856 2812//2812 2875//2875
f 2876//2876 2855//2855 2833//2833
f 2876//2876 2833//2833 2857//2857
f 2794//2794 2838//2838 2877//2877
f 2839//2839 2794//2794 2877//2877
f 2839//2839 2877//2877 2861//2861
f 2797//2797 2839//2839 2861//2861
f 2841//2841 2878//2878 2860//2860
f 2841//2841 2861//2861 2878//2878
f 2799//2799 2879//2879 2817//2817
f 2799//2799 2842//2842 2880//2880
f 2816//2816 2881//2881 2819//2819
f 2881//2881 2816//2816 2818//2818
f 2821//2821 2820//2820 2882//2882
f 2821//2821 2882//2882 2822//2822
f 2753//2753 2843//2843 2862//2862
f 2706//2706 2843//2843 2753//2753
f 2803//2803 2822//2822 2883//2883
f 2825//2825 2865//2865 2863//2863
f 2826//2826 2864//2864 2884//2884
f 2884//2884 2829//2829 2826//2826
f 2846//2846 2866//2866 2885//2885
f 2761//2761 2886//2886 2827//2827
f 2761//2761 2830//2830 2886//2886
f 2885//2885 2847//2847 2846//2846
f 2781//2781 2868//2868 2830//2830
f 2867//2867 2887//2887 2806//2806
f 2848//2848 2806//2806 2887//2887
f 2831//2831 2870//2870 2869//2869
f 2805//2805 2832//2832 2870//2870
f 2848//2848 2888//2888 2849//2849
f 2849//2849 2888//2888 2850//2850
f 2786//2786 2889//2889 2832//2832
f 2889//2889 2786//2786 2852//2852
f 2851//2851 2872//2872 2765//2765
f 2852//2852 2766//2766 2853//2853
f 2872//2872 2873//2873 2787//2787
f 2890//2890 2854//2854 2855//2855
f 2855//2855 2876//2876 2890//2890
f 2834//2834 2891//2891 2835//2835
f 2857//2857 2858//2858 2892//2892
f 2838//2838 2893//2893 2877//2877
f 2858//2858 2859//2859 2894//2894
f 2892//2892 2858//2858 2894//2894
f 2860//2860 2895//2895 2859//2859
f 2894//2894 2859//2859 2895//2895
f 2896//2896 2818//2818 2897//2897
f 2897//2897 2818//2818 2817//2817
f 2817//2817 2879//2879 2897//2897
f 2818//2818 2896//2896 2881//2881
f 2819//2819 2898//2898 2820//2820
f 2820//2820 2898//2898 2882//2882
f 2882//2882 2883//2883 2822//2822
f 2899//2899 2777//2777 2734//2734
f 2803//2803 2883//2883 2900//2900
f 2900//2900 2804//2804 2803//2803
f 2844//2844 2899//2899 2734//2734
f 2864//2864 2804//2804 2900//2900
f 2824//2824 2901//2901 2845//2845
f 2863//2863 2901//2901 2824//2824
f 2865//2865 2902//2902 2863//2863
f 2884//2884 2903//2903 2829//2829
f 2903//2903 2904//2904 2829//2829
f 2829//2829 2904//2904 2866//2866
f 2905//2905 2828//2828 2827//2827
f 2827//2827 2886//2886 2905//2905
f 2868//2868 2886//2886 2830//2830
f 2847//2847 2906//2906 2867//2867
f 2907//2907 2870//2870 2832//2832
f 2871//2871 2850//2850 2888//2888
f 2832//2832 2889//2889 2907//2907
f 2871//2871 2908//2908 2851//2851
f 2788//2788 2873//2873 2909//2909
f 2810//2810 2788//2788 2909//2909
f 2810//2810 2909//2909 2811//2811
f 2909//2909 2874//2874 2811//2811
f 2890//2890 2876//2876 2910//2910
f 2834//2834 2856//2856 2891//2891
f 2891//2891 2911//2911 2835//2835
f 2876//2876 2857//2857 2910//2910
f 2835//2835 2911//2911 2912//2912
f 2837//2837 2835//2835 2912//2912
f 2838//2838 2837//2837 2912//2912
f 2913//2913 2838//2838 2912//2912
f 2838//2838 2913//2913 2893//2893
f 2892//2892 2894//2894 2914//2914
f 2877//2877 2915//2915 2916//2916
f 2861//2861 2877//2877 2916//2916
f 2861//2861 2916//2916 2878//2878
f 2916//2916 2860//2860 2878//2878
f 2799//2799 2880//2880 2879//2879
f 2819//2819 2881//2881 2898//2898
f 2800//2800 2917//2917 2842//2842
f 2801//2801 2917//2917 2800//2800
f 2801//2801 2802//2802 2917//2917
f 2898//2898 2918//2918 2882//2882
f 2918//2918 2883//2883 2882//2882
f 2862//2862 2919//2919 2920//2920
f 2862//2862 2843//2843 2919//2919
f 2900//2900 2921//2921 2864//2864
f 2845//2845 2922//2922 2823//2823
f 2885//2885 2906//2906 2847//2847
f 2867//2867 2906//2906 2887//2887
f 2848//2848 2887//2887 2923//2923
f 2888//2888 2848//2848 2923//2923
f 2888//2888 2924//2924 2871//2871
f 2925//2925 2907//2907 2889//2889
f 2908//2908 2872//2872 2851//2851
f 2889//2889 2852//2852 2853//2853
f 2872//2872 2926//2926 2873//2873
f 2927//2927 2853//2853 2854//2854
f 2909//2909 2873//2873 2928//2928
f 2875//2875 2874//2874 2929//2929
f 2856//2856 2875//2875 2929//2929
f 2910//2910 2857//2857 2930//2930
f 2857//2857 2892//2892 2930//2930
f 2930//2930 2892//2892 2914//2914
f 2914//2914 2894//2894 2931//2931
f 2877//2877 2893//2893 2915//2915
f 2931//2931 2895//2895 2932//2932
f 2894//2894 2895//2895 2931//2931
f 2916//2916 2915//2915 2933//2933
f 2860//2860 2916//2916 2932//2932
f 2895//2895 2860//2860 2932//2932
f 2898//2898 2881//2881 2918//2918
f 2802//2802 2934//2934 2917//2917
f 2920//2920 2802//2802 2862//2862
f 2883//2883 2921//2921 2900//2900
f 2844//2844 2935//2935 2899//2899
f 2864//2864 2921//2921 2936//2936
f 2922//2922 2844//2844 2823//2823
f 2864//2864 2936//2936 2937//2937
f 2922//2922 2845//2845 2901//2901
f 2937//2937 2884//2884 2864//2864
f 2865//2865 2938//2938 2902//2902
f 2865//2865 2828//2828 2938//2938
f 2939//2939 2828//2828 2905//2905
f 2886//2886 2940//2940 2905//2905
f 2886//2886 2868//2868 2941//2941
f 2869//2869 2941//2941 2868//2868
f 2869//2869 2870//2870 2941//2941
f 2942//2942 2870//2870 2907//2907
f 2908//2908 2871//2871 2924//2924
f 2943//2943 2872//2872 2908//2908
f 2873//2873 2926//2926 2944//2944
f 2928//2928 2873//2873 2944//2944
f 2854//2854 2890//2890 2927//2927
f 2874//2874 2909//2909 2945//2945
f 2874//2874 2945//2945 2929//2929
f 2890//2890 2910//2910 2930//2930
f 2856//2856 2946//2946 2891//2891
f 2914//2914 2947//2947 2930//2930
f 2893//2893 2913//2913 2948//2948
f 2932//2932 2949//2949 2950//2950
f 2931//2931 2932//2932 2950//2950
f 2893//2893 2948//2948 2915//2915
f 2915//2915 2951//2951 2933//2933
f 2915//2915 2948//2948 2951//2951
f 2933//2933 2949//2949 2932//2932
f 2932//2932 2916//2916 2933//2933
f 2896//2896 2952//2952 2881//2881
f 2897//2897 2952//2952 2896//2896
f 2934//2934 2802//2802 2920//2920
f 2921//2921 2953//2953 2936//2936
f 2844//2844 2922//2922 2935//2935
f 2863//2863 2902//2902 2954//2954
f 2955//2955 2903//2903 2884//2884
f 2904//2904 2903//2903 2956//2956
f 2828//2828 2957//2957 2938//2938
f 2957//2957 2828//2828 2939//2939
f 2866//2866 2904//2904 2956//2956
f 2866//2866 2956//2956 2958//2958
f 2885//2885 2866//2866 2958//2958
f 2885//2885 2958//2958 2959//2959
f 2905//2905 2940//2940 2939//2939
f 2959//2959 2906//2906 2885//2885
f 2906//2906 2923//2923 2887//2887
f 2960//2960 2888//2888 2923//2923
f 2870//2870 2942//2942 2941//2941
f 2888//2888 2960//2960 2924//2924
f 2889//2889 2961//2961 2925//2925
f 2943//2943 2926//2926 2872//2872
f 2889//2889 2853//2853 2961//2961
f 2929//2929 2945//2945 2962//2962
f 2856//2856 2929//2929 2946//2946
f 2929//2929 2962//2962 2946//2946
f 2930//2930 2963//2963 2890//2890
f 2891//2891 2964//2964 2911//2911
f 2965//2965 2930//2930 2947//2947
f 2911//2911 2964//2964 2912//2912
f 2947//2947 2931//2931 2950//2950
f 2947//2947 2914//2914 2931//2931
f 2913//2913 2966//2966 2948//2948
f 2933//2933 2951//2951 2967//2967
f 2949//2949 2933//2933 2967//2967
f 2968//2968 2952//2952 2897//2897
f 2879//2879 2969//2969 2897//2897
f 2842//2842 2970//2970 2880//2880
f 2917//2917 2970//2970 2842//2842
f 2881//2881 2971//2971 2918//2918
f 2881//2881 2972//2972 2971//2971
f 2952//2952 2972//2972 2881//2881
f 2918//2918 2973//2973 2883//2883
f 2921//2921 2883//2883 2973//2973
f 2953//2953 2921//2921 2973//2973
f 2974//2974 2919//2919 2843//2843
f 2777//2777 2974//2974 2843//2843
f 2777//2777 2899//2899 2974//2974
f 2936//2936 2953//2953 2975//2975
f 2936//2936 2975//2975 2937//2937
f 2955//2955 2884//2884 2937//2937
f 2863//2863 2954//2954 2901//2901
f 2939//2939 2976//2976 2957//2957
f 2977//2977 2959//2959 2958//2958
f 2906//2906 2959//2959 2978//2978
f 2886//2886 2979//2979 2940//2940
f 2906//2906 2978//2978 2923//2923
f 2886//2886 2941//2941 2979//2979
f 2924//2924 2960//2960 2980//2980
f 2908//2908 2924//2924 2980//2980
f 2943//2943 2908//2908 2981//2981
f 2927//2927 2961//2961 2853//2853
f 2909//2909 2928//2928 2982//2982
f 2927//2927 2963//2963 2983//2983
f 2963//2963 2927//2927 2890//2890
f 2930//2930 2965//2965 2963//2963
f 2984//2984 2912//2912 2964//2964
f 2913//2913 2912//2912 2966//2966
f 2912//2912 2985//2985 2966//2966
f 2986//2986 2950//2950 2949//2949
f 2948//2948 2966//2966 2987//2987
f 2948//2948 2987//2987 2951//2951
f 2967//2967 2951//2951 2988//2988
f 2988//2988 2949//2949 2967//2967
f 2952//2952 2989//2989 2972//2972
f 2952//2952 2968//2968 2989//2989
f 2917//2917 2990//2990 2970//2970
f 2990//2990 2917//2917 2934//2934
f 2971//2971 2973//2973 2918//2918
f 2919//2919 2991//2991 2920//2920
f 2992//2992 2935//2935 2922//2922
f 2937//2937 2975//2975 2955//2955
f 2922//2922 2993//2993 2992//2992
f 2922//2922 2901//2901 2993//2993
f 2902//2902 2938//2938 2994//2994
f 2958//2958 2995//2995 2977//2977
f 2939//2939 2940//2940 2979//2979
f 2959//2959 2977//2977 2978//2978
f 2978//2978 2996//2996 2923//2923
f 2923//2923 2996//2996 2960//2960
f 2942//2942 2997//2997 2941//2941
f 2908//2908 2980//2980 2998//2998
f 2998//2998 2981//2981 2908//2908
f 2943//2943 2981//2981 2926//2926
f 2926//2926 2981//2981 2944//2944
f 2944//2944 2999//2999 2928//2928
f 3000//3000 2961//2961 2927//2927
f 2928//2928 2999//2999 2982//2982
f 2945//2945 2909//2909 2982//2982
f 3001//3001 2945//2945 2982//2982
f 3002//3002 2962//2962 2945//2945
f 2962//2962 3003//3003 2946//2946
f 3004//3004 2983//2983 2963//2963
f 2965//2965 3004//3004 2963//2963
f 2891//2891 2946//2946 2964//2964
f 2947//2947 3005//3005 2965//2965
f 2986//2986 3005//3005 2950//2950
f 3005//3005 2947//2947 2950//2950
f 2912//2912 2984//2984 2985//2985
f 2986//2986 2949//2949 2988//2988
f 2988//2988 2951//2951 2987//2987
f 2968//2968 2897//2897 2969//2969
f 2880//2880 3006//3006 2879//2879
f 2970//2970 3006//3006 2880//2880
f 2972//2972 3007//3007 2971//2971
f 2920//2920 2990//2990 2934//2934
f 3007//3007 3008//3008 2973//2973
f 2971//2971 3007//3007 2973//2973
f 3008//3008 2953//2953 2973//2973
f 3008//3008 3009//3009 2953//2953
f 2974//2974 2991//2991 2919//2919
f 2953//2953 3009//3009 2975//2975
f 2956//2956 2903//2903 3010//3010
f 2957//2957 2976//2976 2938//2938
f 2956//2956 3011//3011 2958//2958
f 3011//3011 2995//2995 2958//2958
f 2939//2939 3012//3012 2976//2976
f 3012//3012 2939//2939 2979//2979
f 3013//3013 2960//2960 2996//2996
f 2941//2941 2997//2997 2979//2979
f 2960//2960 3013//3013 2980//2980
f 2925//2925 3014//3014 2907//2907
f 3015//3015 2944//2944 2981//2981
f 2925//2925 2961//2961 3016//3016
f 3001//3001 3002//3002 2945//2945
f 3000//3000 2927//2927 2983//2983
f 3004//3004 2965//2965 3005//3005
f 2984//2984 2964//2964 3017//3017
f 3005//3005 2986//2986 3018//3018
f 2966//2966 3019//3019 2987//2987
f 2985//2985 3019//3019 2966//2966
f 3019//3019 2988//2988 2987//2987
f 2988//2988 3020//3020 2986//2986
f 3018//3018 2986//2986 3020//3020
f 2879//2879 3021//3021 2969//2969
f 2879//2879 3006//3006 3021//3021
f 2968//2968 2969//2969 2989//2989
f 2989//2989 3007//3007 2972//2972
f 2989//2989 3022//3022 3007//3007
f 2920//2920 2991//2991 2990//2990
f 2899//2899 3023//3023 2974//2974
f 3024//3024 2975//2975 3025//3025
f 2899//2899 2935//2935 3023//3023
f 2955//2955 2975//2975 3024//3024
f 3024//3024 3026//3026 2955//2955
f 2955//2955 3026//3026 2903//2903
f 2902//2902 2994//2994 2954//2954
f 2903//2903 3026//3026 3010//3010
f 3027//3027 2956//2956 3010//3010
f 2938//2938 2976//2976 3028//3028
f 2977//2977 2995//2995 3029//3029
f 2996//2996 2978//2978 3030//3030
f 2996//2996 3030//3030 3013//3013
f 2980//2980 3013//3013 3031//3031
f 2942//2942 2907//2907 2997//2997
f 2981//2981 2998//2998 3032//3032
f 2925//2925 3016//3016 3014//3014
f 2981//2981 3032//3032 3015//3015
f 2944//2944 3015//3015 2999//2999
f 3033//3033 2961//2961 3000//3000
f 3034//3034 2982//2982 2999//2999
f 3035//3035 3033//3033 3000//3000
f 3000//3000 2983//2983 3035//3035
f 3036//3036 2962//2962 3002//3002
f 2983//2983 3004//3004 3035//3035
f 3018//3018 3004//3004 3005//3005
f 2964//2964 2946//2946 3003//3003
f 2964//2964 3003//3003 3017//3017
f 3037//3037 2989//2989 2969//2969
f 3037//3037 3022//3022 2989//2989
f 3009//3009 3025//3025 2975//2975
f 2901//2901 3038//3038 2993//2993
f 2901//2901 2954//2954 3038//3038
f 2938//2938 3028//3028 3039//3039
f 3027//3027 3011//3011 2956//2956
f 2995//2995 3011//3011 3029//3029
f 3012//3012 3040//3040 2976//2976
f 2977//2977 3041//3041 3030//3030
f 2977//2977 3030//3030 2978//2978
f 3012//3012 2979//2979 3042//3042
f 3031//3031 3043//3043 2980//2980
f 2907//2907 3044//3044 2997//2997
f 2907//2907 3014//3014 3045//3045
f 3046//3046 3016//3016 2961//2961
f 2999//2999 3015//3015 3047//3047
f 2961//2961 3033//3033 3046//3046
f 3034//3034 2999//2999 3047//3047
f 3034//3034 3001//3001 2982//2982
f 2962//2962 3036//3036 3048//3048
f 2962//2962 3048//3048 3003//3003
f 3003//3003 3049//3049 3017//3017
f 3050//3050 3004//3004 3018//3018
f 3051//3051 2984//2984 3017//3017
f 3050//3050 3018//3018 3020//3020
f 2985//2985 2984//2984 3052//3052
f 2984//2984 3051//3051 3052//3052
f 3052//3052 3053//3053 3019//3019
f 3019//3019 3053//3053 2988//2988
f 2988//2988 3053//3053 3020//3020
f 3019//3019 2985//2985 3052//3052
f 3054//3054 3037//3037 2969//2969
f 3054//3054 2969//2969 3021//3021
f 3006//3006 3055//3055 3021//3021
f 2970//2970 3056//3056 3006//3006
f 3056//3056 2970//2970 2990//2990
f 3007//3007 3057//3057 3008//3008
f 2990//2990 2991//2991 3058//3058
f 3008//3008 3057//3057 3009//3009
f 2991//2991 2974//2974 3058//3058
f 3025//3025 3009//3009 3057//3057
f 3059//3059 3026//3026 3024//3024
f 3038//3038 2954//2954 2994//2994
f 3010//3010 3026//3026 3060//3060
f 2938//2938 3039//3039 2994//2994
f 3011//3011 3027//3027 3061//3061
f 2976//2976 3040//3040 3028//3028
f 3041//3041 2977//2977 3029//3029
f 3012//3012 3042//3042 3040//3040
f 2979//2979 3044//3044 3042//3042
f 2997//2997 3044//3044 2979//2979
f 3044//3044 2907//2907 3045//3045
f 2980//2980 3062//3062 2998//2998
f 3032//3032 2998//2998 3062//3062
f 3016//3016 3046//3046 3014//3014
f 3032//3032 3063//3063 3015//3015
f 3015//3015 3063//3063 3047//3047
f 3033//3033 3064//3064 3046//3046
f 3035//3035 3065//3065 3064//3064
f 3066//3066 3065//3065 3035//3035
f 3064//3064 3033//3033 3035//3035
f 3067//3067 3066//3066 3035//3035
f 3068//3068 3066//3066 3067//3067
f 3035//3035 3004//3004 3067//3067
f 3004//3004 3050//3050 3067//3067
f 3050//3050 3020//3020 3069//3069
f 3050//3050 3069//3069 3067//3067
f 3049//3049 3051//3051 3017//3017
f 3070//3070 3053//3053 3052//3052
f 3071//3071 3069//3069 3053//3053
f 3069//3069 3020//3020 3053//3053
f 3021//3021 3055//3055 3054//3054
f 3006//3006 3056//3056 3055//3055
f 3037//3037 3072//3072 3022//3022
f 3058//3058 3056//3056 2990//2990
f 3022//3022 3057//3057 3007//3007
f 3022//3022 3073//3073 3057//3057
f 3022//3022 3072//3072 3073//3073
f 2974//2974 3023//3023 3074//3074
f 3024//3024 3025//3025 3059//3059
f 3025//3025 3057//3057 3075//3075
f 2935//2935 2992//2992 3023//3023
f 3011//3011 3061//3061 3029//3029
f 3030//3030 3041//3041 3013//3013
f 3031//3031 3013//3013 3076//3076
f 3076//3076 3043//3043 3031//3031
f 2980//2980 3043//3043 3062//3062
f 3063//3063 3032//3032 3077//3077
f 3078//3078 3047//3047 3063//3063
f 3065//3065 3046//3046 3064//3064
f 3078//3078 3034//3034 3047//3047
f 3034//3034 3079//3079 3001//3001
f 3001//3001 3079//3079 3002//3002
f 3002//3002 3080//3080 3036//3036
f 3068//3068 3081//3081 3066//3066
f 3036//3036 3080//3080 3048//3048
f 3003//3003 3048//3048 3049//3049
f 3082//3082 3083//3083 3071//3071
f 3069//3069 3071//3071 3068//3068
f 3068//3068 3071//3071 3083//3083
f 3067//3067 3069//3069 3068//3068
f 3051//3051 3049//3049 3084//3084
f 3085//3085 3051//3051 3084//3084
f 3070//3070 3082//3082 3053//3053
f 3053//3053 3082//3082 3071//3071
f 3085//3085 3070//3070 3052//3052
f 3085//3085 3052//3052 3051//3051
f 3054//3054 3086//3086 3037//3037
f 3037//3037 3086//3086 3072//3072
f 2974//2974 3074//3074 3058//3058
f 3075//3075 3059//3059 3025//3025
f 3010//3010 3060//3060 3027//3027
f 3061//3061 3087//3087 3029//3029
f 3029//3029 3087//3087 3041//3041
f 3013//3013 3088//3088 3076//3076
f 3076//3076 3089//3089 3043//3043
f 3043//3043 3090//3090 3062//3062
f 3045//3045 3014//3014 3091//3091
f 3032//3032 3062//3062 3077//3077
f 3014//3014 3046//3046 3092//3092
f 3063//3063 3093//3093 3078//3078
f 3065//3065 3092//3092 3046//3046
f 3078//3078 3079//3079 3034//3034
f 3002//3002 3079//3079 3094//3094
f 3068//3068 3083//3083 3095//3095
f 3081//3081 3068//3068 3095//3095
f 3048//3048 3080//3080 3096//3096
f 3049//3049 3048//3048 3097//3097
f 3049//3049 3097//3097 3084//3084
f 3084//3084 3098//3098 3085//3085
f 3055//3055 3099//3099 3054//3054
f 3056//3056 3058//3058 3100//3100
f 3073//3073 3075//3075 3057//3057
f 3075//3075 3073//3073 3101//3101
f 3058//3058 3074//3074 3102//3102
f 3103//3103 3075//3075 3101//3101
f 3075//3075 3103//3103 3059//3059
f 2992//2992 3104//3104 3023//3023
f 3105//3105 3060//3060 3026//3026
f 2992//2992 2993//2993 3104//3104
f 3038//3038 3106//3106 2993//2993
f 3107//3107 3106//3106 3038//3038
f 3108//3108 3038//3038 2994//2994
f 3109//3109 3027//3027 3060//3060
f 3110//3110 3039//3039 3028//3028
f 3111//3111 3061//3061 3027//3027
f 3040//3040 3112//3112 3028//3028
f 3042//3042 3044//3044 3113//3113
f 3044//3044 3045//3045 3113//3113
f 3076//3076 3088//3088 3089//3089
f 3045//3045 3091//3091 3114//3114
f 3077//3077 3062//3062 3115//3115
f 3062//3062 3090//3090 3115//3115
f 3014//3014 3092//3092 3091//3091
f 3063//3063 3077//3077 3093//3093
f 3116//3116 3065//3065 3117//3117
f 3116//3116 3092//3092 3065//3065
f 3065//3065 3066//3066 3117//3117
f 3117//3117 3066//3066 3081//3081
f 3002//3002 3094//3094 3080//3080
f 3083//3083 3082//3082 3118//3118
f 3097//3097 3119//3119 3084//3084
f 3119//3119 3120//3120 3098//3098
f 3118//3118 3082//3082 3121//3121
f 3098//3098 3084//3084 3119//3119
f 3121//3121 3085//3085 3098//3098
f 3070//3070 3085//3085 3121//3121
f 3082//3082 3070//3070 3121//3121
f 3054//3054 3099//3099 3086//3086
f 3072//3072 3122//3122 3073//3073
f 3122//3122 3072//3072 3086//3086
f 3122//3122 3101//3101 3073//3073
f 3058//3058 3102//3102 3100//3100
f 3103//3103 3123//3123 3059//3059
f 3026//3026 3059//3059 3105//3105
f 3104//3104 2993//2993 3106//3106
f 3105//3105 3109//3109 3060//3060
f 3107//3107 3038//3038 3108//3108
f 2994//2994 3039//3039 3108//3108
f 3027//3027 3109//3109 3111//3111
f 3111//3111 3124//3124 3061//3061
f 3124//3124 3087//3087 3061//3061
f 3125//3125 3041//3041 3087//3087
f 3040//3040 3042//3042 3113//3113
f 3013//3013 3041//3041 3088//3088
f 3045//3045 3114//3114 3113//3113
f 3043//3043 3089//3089 3126//3126
f 3090//3090 3043//3043 3126//3126
f 3091//3091 3092//3092 3127//3127
f 3092//3092 3116//3116 3127//3127
f 3128//3128 3117//3117 3081//3081
f 3079//3079 3129//3129 3094//3094
f 3081//3081 3095//3095 3128//3128
f 3094//3094 3130//3130 3080//3080
f 3095//3095 3083//3083 3128//3128
f 3080//3080 3130//3130 3096//3096
f 3128//3128 3083//3083 3131//3131
f 3048//3048 3096//3096 3132//3132
f 3097//3097 3048//3048 3132//3132
f 3133//3133 3134//3134 3121//3121
f 3131//3131 3118//3118 3134//3134
f 3083//3083 3118//3118 3131//3131
f 3097//3097 3135//3135 3119//3119
f 3098//3098 3120//3120 3133//3133
f 3121//3121 3098//3098 3133//3133
f 3118//3118 3121//3121 3134//3134
f 3086//3086 3099//3099 3136//3136
f 3099//3099 3055//3055 3137//3137
f 3055//3055 3056//3056 3137//3137
f 3122//3122 3086//3086 3138//3138
f 3139//3139 3138//3138 3136//3136
f 3138//3138 3086//3086 3136//3136
f 3100//3100 3137//3137 3056//3056
f 3140//3140 3101//3101 3122//3122
f 3140//3140 3122//3122 3138//3138
f 3102//3102 3137//3137 3100//3100
f 3140//3140 3141//3141 3101//3101
f 3141//3141 3103//3103 3101//3101
f 3074//3074 3142//3142 3102//3102
f 3141//3141 3123//3123 3103//3103
f 3074//3074 3023//3023 3142//3142
f 3104//3104 3142//3142 3023//3023
f 3143//3143 3123//3123 3141//3141
f 3059//3059 3123//3123 3105//3105
f 3123//3123 3144//3144 3105//3105
f 3105//3105 3144//3144 3109//3109
f 3039//3039 3110//3110 3108//3108
f 3110//3110 3028//3028 3112//3112
f 3111//3111 3145//3145 3124//3124
f 3087//3087 3124//3124 3125//3125
f 3114//3114 3091//3091 3127//3127
f 3077//3077 3115//3115 3093//3093
f 3127//3127 3116//3116 3146//3146
f 3146//3146 3116//3116 3147//3147
f 3148//3148 3078//3078 3093//3093
f 3116//3116 3117//3117 3147//3147
f 3078//3078 3148//3148 3129//3129
f 3078//3078 3129//3129 3079//3079
f 3117//3117 3149//3149 3147//3147
f 3117//3117 3128//3128 3149//3149
f 3128//3128 3150//3150 3149//3149
f 3151//3151 3150//3150 3131//3131
f 3128//3128 3131//3131 3150//3150
f 3134//3134 3151//3151 3131//3131
f 3132//3132 3096//3096 3152//3152
f 3097//3097 3132//3132 3135//3135
f 3120//3120 3119//3119 3135//3135
f 3153//3153 3099//3099 3137//3137
f 3138//3138 3154//3154 3140//3140
f 3139//3139 3154//3154 3138//3138
f 3102//3102 3155//3155 3137//3137
f 3102//3102 3142//3142 3156//3156
f 3142//3142 3157//3157 3156//3156
f 3104//3104 3158//3158 3142//3142
f 3111//3111 3109//3109 3145//3145
f 3159//3159 3124//3124 3145//3145
f 3110//3110 3112//3112 3160//3160
f 3124//3124 3159//3159 3125//3125
f 3041//3041 3125//3125 3161//3161
f 3161//3161 3088//3088 3041//3041
f 3112//3112 3040//3040 3162//3162
f 3040//3040 3113//3113 3162//3162
f 3088//3088 3163//3163 3089//3089
f 3114//3114 3164//3164 3113//3113
f 3126//3126 3089//3089 3165//3165
f 3127//3127 3164//3164 3114//3114
f 3126//3126 3166//3166 3090//3090
f 3090//3090 3166//3166 3115//3115
f 3127//3127 3146//3146 3167//3167
f 3147//3147 3168//3168 3167//3167
f 3146//3146 3147//3147 3167//3167
f 3115//3115 3148//3148 3093//3093
f 3147//3147 3149//3149 3168//3168
f 3169//3169 3168//3168 3149//3149
f 3129//3129 3148//3148 3170//3170
f 3151//3151 3169//3169 3149//3149
f 3171//3171 3169//3169 3151//3151
f 3150//3150 3151//3151 3149//3149
f 3094//3094 3172//3172 3130//3130
f 3096//3096 3130//3130 3152//3152
f 3133//3133 3171//3171 3151//3151
f 3151//3151 3134//3134 3133//3133
f 3173//3173 3132//3132 3152//3152
f 3135//3135 3132//3132 3174//3174
f 3099//3099 3153//3153 3136//3136
f 3153//3153 3139//3139 3136//3136
f 3137//3137 3175//3175 3153//3153
f 3137//3137 3155//3155 3175//3175
f 3154//3154 3141//3141 3140//3140
f 3158//3158 3157//3157 3142//3142
f 3104//3104 3106//3106 3158//3158
f 3143//3143 3144//3144 3123//3123
f 3176//3176 3106//3106 3107//3107
f 3107//3107 3108//3108 3176//3176
f 3144//3144 3145//3145 3109//3109
f 3144//3144 3177//3177 3145//3145
f 3110//3110 3178//3178 3108//3108
f 3145//3145 3177//3177 3179//3179
f 3179//3179 3159//3159 3145//3145
f 3112//3112 3162//3162 3160//3160
f 3125//3125 3159//3159 3161//3161
f 3164//3164 3162//3162 3113//3113
f 3167//3167 3164//3164 3127//3127
f 3165//3165 3166//3166 3126//3126
f 3129//3129 3172//3172 3094//3094
f 3171//3171 3133//3133 3180//3180
f 3132//3132 3173//3173 3174//3174
f 3135//3135 3174//3174 3181//3181
f 3180//3180 3120//3120 3181//3181
f 3181//3181 3120//3120 3135//3135
f 3133//3133 3120//3120 3180//3180
f 3182//3182 3154//3154 3139//3139
f 3153//3153 3183//3183 3139//3139
f 3139//3139 3183//3183 3182//3182
f 3175//3175 3183//3183 3153//3153
f 3155//3155 3102//3102 3156//3156
f 3154//3154 3184//3184 3141//3141
f 3184//3184 3154//3154 3182//3182
f 3156//3156 3185//3185 3155//3155
f 3185//3185 3156//3156 3157//3157
f 3141//3141 3184//3184 3143//3143
f 3157//3157 3186//3186 3185//3185
f 3143//3143 3184//3184 3187//3187
f 3158//3158 3106//3106 3176//3176
f 3143//3143 3187//3187 3144//3144
f 3177//3177 3187//3187 3188//3188
f 3144//3144 3187//3187 3177//3177
f 3108//3108 3189//3189 3176//3176
f 3178//3178 3189//3189 3108//3108
f 3160//3160 3190//3190 3178//3178
f 3160//3160 3178//3178 3110//3110
f 3160//3160 3191//3191 3190//3190
f 3159//3159 3179//3179 3192//3192
f 3191//3191 3160//3160 3162//3162
f 3191//3191 3162//3162 3193//3193
f 3162//3162 3164//3164 3193//3193
f 3088//3088 3194//3194 3163//3163
f 3165//3165 3089//3089 3195//3195
f 3193//3193 3164//3164 3196//3196
f 3164//3164 3197//3197 3196//3196
f 3164//3164 3167//3167 3197//3197
f 3167//3167 3198//3198 3197//3197
f 3167//3167 3168//3168 3198//3198
f 3168//3168 3199//3199 3198//3198
f 3168//3168 3169//3169 3199//3199
f 3200//3200 3129//3129 3170//3170
f 3201//3201 3199//3199 3169//3169
f 3129//3129 3200//3200 3172//3172
f 3202//3202 3201//3201 3169//3169
f 3130//3130 3172//3172 3152//3152
f 3180//3180 3202//3202 3169//3169
f 3171//3171 3180//3180 3169//3169
f 3152//3152 3203//3203 3173//3173
f 3173//3173 3181//3181 3174//3174
f 3184//3184 3204//3204 3187//3187
f 3158//3158 3205//3205 3157//3157
f 3205//3205 3158//3158 3176//3176
f 3176//3176 3189//3189 3205//3205
f 3177//3177 3188//3188 3206//3206
f 3177//3177 3206//3206 3179//3179
f 3206//3206 3207//3207 3179//3179
f 3179//3179 3207//3207 3192//3192
f 3208//3208 3159//3159 3192//3192
f 3161//3161 3159//3159 3209//3209
f 3088//3088 3161//3161 3209//3209
f 3089//3089 3163//3163 3195//3195
f 3195//3195 3210//3210 3165//3165
f 3166//3166 3165//3165 3211//3211
f 3165//3165 3210//3210 3211//3211
f 3197//3197 3198//3198 3196//3196
f 3115//3115 3166//3166 3211//3211
f 3170//3170 3148//3148 3212//3212
f 3170//3170 3212//3212 3213//3213
f 3170//3170 3213//3213 3200//3200
f 3172//3172 3200//3200 3152//3152
f 3152//3152 3200//3200 3203//3203
f 3180//3180 3214//3214 3202//3202
f 3203//3203 3214//3214 3173//3173
f 3214//3214 3180//3180 3181//3181
f 3214//3214 3181//3181 3173//3173
f 3183//3183 3175//3175 3215//3215
f 3175//3175 3155//3155 3215//3215
f 3215//3215 3155//3155 3185//3185
f 3204//3204 3188//3188 3187//3187
f 3206//3206 3188//3188 3216//3216
f 3192//3192 3207//3207 3208//3208
f 3191//3191 3193//3193 3217//3217
f 3088//3088 3209//3209 3194//3194
f 3193//3193 3196//3196 3217//3217
f 3163//3163 3194//3194 3218//3218
f 3198//3198 3219//3219 3196//3196
f 3211//3211 3220//3220 3115//3115
f 3221//3221 3219//3219 3198//3198
f 3220//3220 3148//3148 3115//3115
f 3198//3198 3199//3199 3221//3221
f 3222//3222 3212//3212 3148//3148
f 3199//3199 3201//3201 3221//3221
f 3200//3200 3213//3213 3223//3223
f 3224//3224 3200//3200 3223//3223
f 3203//3203 3200//3200 3224//3224
f 3203//3203 3224//3224 3214//3214
f 3182//3182 3225//3225 3184//3184
f 3182//3182 3183//3183 3226//3226
f 3225//3225 3182//3182 3226//3226
f 3183//3183 3215//3215 3227//3227
f 3184//3184 3225//3225 3204//3204
f 3227//3227 3226//3226 3183//3183
f 3185//3185 3227//3227 3215//3215
f 3185//3185 3186//3186 3228//3228
f 3216//3216 3204//3204 3225//3225
f 3229//3229 3226//3226 3230//3230
f 3229//3229 3225//3225 3226//3226
f 3227//3227 3230//3230 3226//3226
f 3228//3228 3227//3227 3185//3185
f 3157//3157 3205//3205 3186//3186
f 3204//3204 3216//3216 3188//3188
f 3216//3216 3225//3225 3229//3229
f 3205//3205 3231//3231 3186//3186
f 3189//3189 3232//3232 3205//3205
f 3216//3216 3233//3233 3206//3206
f 3232//3232 3189//3189 3178//3178
f 3178//3178 3234//3234 3232//3232
f 3234//3234 3178//3178 3190//3190
f 3206//3206 3235//3235 3207//3207
f 3236//3236 3234//3234 3190//3190
f 3190//3190 3191//3191 3236//3236
f 3217//3217 3236//3236 3191//3191
f 3217//3217 3196//3196 3237//3237
f 3195//3195 3163//3163 3218//3218
f 3237//3237 3196//3196 3219//3219
f 3218//3218 3238//3238 3195//3195
f 3195//3195 3238//3238 3210//3210
f 3221//3221 3239//3239 3219//3219
f 3220//3220 3222//3222 3148//3148
f 3221//3221 3240//3240 3239//3239
f 3213//3213 3212//3212 3241//3241
f 3242//3242 3240//3240 3243//3243
f 3221//3221 3201//3201 3240//3240
f 3201//3201 3243//3243 3240//3240
f 3213//3213 3241//3241 3223//3223
f 3224//3224 3244//3244 3245//3245
f 3242//3242 3243//3243 3244//3244
f 3244//3244 3243//3243 3245//3245
f 3243//3243 3201//3201 3246//3246
f 3243//3243 3246//3246 3245//3245
f 3214//3214 3224//3224 3245//3245
f 3246//3246 3214//3214 3245//3245
f 3214//3214 3246//3246 3201//3201
f 3201//3201 3202//3202 3214//3214
f 3228//3228 3186//3186 3231//3231
f 3216//3216 3229//3229 3247//3247
f 3216//3216 3247//3247 3233//3233
f 3232//3232 3231//3231 3205//3205
f 3206//3206 3233//3233 3235//3235
f 3232//3232 3234//3234 3248//3248
f 3217//3217 3237//3237 3249//3249
f 3217//3217 3249//3249 3236//3236
f 3237//3237 3219//3219 3250//3250
f 3194//3194 3251//3251 3218//3218
f 3219//3219 3239//3239 3250//3250
f 3240//3240 3252//3252 3239//3239
f 3212//3212 3222//3222 3253//3253
f 3253//3253 3241//3241 3212//3212
f 3254//3254 3240//3240 3242//3242
f 3241//3241 3254//3254 3244//3244
f 3254//3254 3242//3242 3244//3244
f 3244//3244 3223//3223 3241//3241
f 3224//3224 3223//3223 3244//3244
f 3230//3230 3227//3227 3255//3255
f 3255//3255 3227//3227 3228//3228
f 3229//3229 3256//3256 3247//3247
f 3229//3229 3257//3257 3256//3256
f 3229//3229 3230//3230 3257//3257
f 3231//3231 3258//3258 3228//3228
f 3208//3208 3259//3259 3260//3260
f 3159//3159 3208//3208 3260//3260
f 3237//3237 3261//3261 3249//3249
f 3159//3159 3260//3260 3209//3209
f 3237//3237 3250//3250 3261//3261
f 3209//3209 3262//3262 3194//3194
f 3261//3261 3263//3263 3264//3264
f 3261//3261 3250//3250 3263//3263
f 3250//3250 3239//3239 3263//3263
f 3210//3210 3238//3238 3265//3265
f 3211//3211 3210//3210 3265//3265
f 3265//3265 3266//3266 3267//3267
f 3211//3211 3265//3265 3267//3267
f 3267//3267 3268//3268 3269//3269
f 3263//3263 3252//3252 3264//3264
f 3239//3239 3252//3252 3263//3263
f 3211//3211 3267//3267 3220//3220
f 3269//3269 3220//3220 3267//3267
f 3220//3220 3269//3269 3222//3222
f 3270//3270 3269//3269 3271//3271
f 3222//3222 3269//3269 3270//3270
f 3252//3252 3240//3240 3272//3272
f 3253//3253 3222//3222 3270//3270
f 3253//3253 3270//3270 3273//3273
f 3254//3254 3273//3273 3272//3272
f 3254//3254 3272//3272 3240//3240
f 3241//3241 3253//3253 3273//3273
f 3273//3273 3254//3254 3241//3241
f 3257//3257 3230//3230 3274//3274
f 3230//3230 3255//3255 3274//3274
f 3255//3255 3228//3228 3258//3258
f 3231//3231 3232//3232 3258//3258
f 3258//3258 3232//3232 3275//3275
f 3232//3232 3248//3248 3275//3275
f 3233//3233 3247//3247 3235//3235
f 3247//3247 3276//3276 3235//3235
f 3277//3277 3248//3248 3234//3234
f 3277//3277 3234//3234 3236//3236
f 3235//3235 3278//3278 3207//3207
f 3277//3277 3236//3236 3279//3279
f 3236//3236 3249//3249 3279//3279
f 3207//3207 3278//3278 3259//3259
f 3208//3208 3207//3207 3259//3259
f 3280//3280 3279//3279 3281//3281
f 3261//3261 3281//3281 3279//3279
f 3249//3249 3261//3261 3279//3279
f 3281//3281 3282//3282 3283//3283
f 3262//3262 3251//3251 3194//3194
f 3284//3284 3282//3282 3281//3281
f 3285//3285 3238//3238 3218//3218
f 3261//3261 3264//3264 3281//3281
f 3238//3238 3285//3285 3286//3286
f 3284//3284 3268//3268 3287//3287
f 3288//3288 3268//3268 3284//3284
f 3281//3281 3264//3264 3284//3284
f 3238//3238 3286//3286 3265//3265
f 3265//3265 3286//3286 3266//3266
f 3287//3287 3267//3267 3266//3266
f 3268//3268 3267//3267 3287//3287
f 3264//3264 3252//3252 3284//3284
f 3252//3252 3288//3288 3284//3284
f 3288//3288 3269//3269 3268//3268
f 3271//3271 3269//3269 3288//3288
f 3271//3271 3288//3288 3252//3252
f 3252//3252 3272//3272 3271//3271
f 3272//3272 3270//3270 3271//3271
f 3272//3272 3273//3273 3270//3270
f 3257//3257 3289//3289 3256//3256
f 3256//3256 3290//3290 3291//3291
f 3247//3247 3256//3256 3291//3291
f 3289//3289 3290//3290 3256//3256
f 3247//3247 3291//3291 3276//3276
f 3292//3292 3248//3248 3277//3277
f 3235//3235 3276//3276 3278//3278
f 3277//3277 3280//3280 3292//3292
f 3277//3277 3279//3279 3280//3280
f 3259//3259 3293//3293 3260//3260
f 3280//3280 3281//3281 3283//3283
f 3260//3260 3293//3293 3209//3209
f 3251//3251 3262//3262 3294//3294
f 3282//3282 3295//3295 3283//3283
f 3294//3294 3296//3296 3251//3251
f 3218//3218 3251//3251 3296//3296
f 3218//3218 3296//3296 3285//3285
f 3282//3282 3287//3287 3297//3297
f 3284//3284 3287//3287 3282//3282
f 3298//3298 3299//3299 3266//3266
f 3297//3297 3266//3266 3299//3299
f 3297//3297 3287//3287 3266//3266
f 3266//3266 3286//3286 3298//3298
f 3274//3274 3289//3289 3257//3257
f 3289//3289 3274//3274 3300//3300
f 3274//3274 3255//3255 3300//3300
f 3255//3255 3301//3301 3300//3300
f 3258//3258 3301//3301 3255//3255
f 3275//3275 3301//3301 3258//3258
f 3275//3275 3292//3292 3302//3302
f 3275//3275 3248//3248 3292//3292
f 3291//3291 3303//3303 3276//3276
f 3276//3276 3303//3303 3278//3278
f 3280//3280 3304//3304 3305//3305
f 3280//3280 3305//3305 3292//3292
f 3259//3259 3278//3278 3306//3306
f 3306//3306 3293//3293 3259//3259
f 3280//3280 3295//3295 3304//3304
f 3280//3280 3283//3283 3295//3295
f 3307//3307 3209//3209 3293//3293
f 3262//3262 3209//3209 3307//3307
f 3262//3262 3307//3307 3294//3294
f 3296//3296 3294//3294 3308//3308
f 3285//3285 3296//3296 3308//3308
f 3309//3309 3285//3285 3308//3308
f 3295//3295 3297//3297 3299//3299
f 3282//3282 3297//3297 3295//3295
f 3286//3286 3285//3285 3309//3309
f 3286//3286 3309//3309 3298//3298
f 3290//3290 3310//3310 3291//3291
f 3289//3289 3310//3310 3290//3290
f 3275//3275 3311//3311 3301//3301
f 3312//3312 3311//3311 3275//3275
f 3275//3275 3302//3302 3312//3312
f 3312//3312 3302//3302 3313//3313
f 3292//3292 3313//3313 3302//3302
f 3313//3313 3292//3292 3305//3305
f 3314//3314 3315//3315 3313//3313
f 3304//3304 3314//3314 3313//3313
f 3305//3305 3304//3304 3313//3313
f 3314//3314 3316//3316 3317//3317
f 3304//3304 3318//3318 3314//3314
f 3304//3304 3295//3295 3318//3318
f 3319//3319 3316//3316 3314//3314
f 3318//3318 3319//3319 3314//3314
f 3294//3294 3307//3307 3320//3320
f 3294//3294 3320//3320 3321//3321
f 3321//3321 3322//3322 3323//3323
f 3316//3316 3324//3324 3323//3323
f 3319//3319 3324//3324 3316//3316
f 3295//3295 3299//3299 3319//3319
f 3318//3318 3295//3295 3319//3319
f 3308//3308 3294//3294 3321//3321
f 3323//3323 3308//3308 3321//3321
f 3309//3309 3308//3308 3323//3323
f 3309//3309 3323//3323 3324//3324
f 3298//3298 3309//3309 3324//3324
f 3319//3319 3298//3298 3324//3324
f 3299//3299 3298//3298 3319//3319
f 3325//3325 3310//3310 3289//3289
f 3300//3300 3326//3326 3289//3289
f 3289//3289 3326//3326 3325//3325
f 3301//3301 3326//3326 3300//3300
f 3301//3301 3311//3311 3326//3326
f 3310//3310 3303//3303 3291//3291
f 3327//3327 3312//3312 3313//3313
f 3327//3327 3313//3313 3315//3315
f 3306//3306 3278//3278 3303//3303
f 3317//3317 3328//3328 3329//3329
f 3315//3315 3317//3317 3329//3329
f 3314//3314 3317//3317 3315//3315
f 3293//3293 3306//3306 3330//3330
f 3293//3293 3330//3330 3307//3307
f 3307//3307 3331//3331 3320//3320
f 3320//3320 3332//3332 3322//3322
f 3332//3332 3333//3333 3322//3322
f 3328//3328 3317//3317 3333//3333
f 3316//3316 3333//3333 3317//3317
f 3322//3322 3321//3321 3320//3320
f 3323//3323 3322//3322 3333//3333
f 3316//3316 3323//3323 3333//3333
f 3310//3310 3334//3334 3303//3303
f 3310//3310 3325//3325 3334//3334
f 3335//3335 3325//3325 3326//3326
f 3336//3336 3335//3335 3326//3326
f 3311//3311 3336//3336 3326//3326
f 3336//3336 3311//3311 3337//3337
f 3311//3311 3312//3312 3337//3337
f 3337//3337 3312//3312 3327//3327
f 3336//3336 3337//3337 3338//3338
f 3303//3303 3334//3334 3306//3306
f 3334//3334 3330//3330 3306//3306
f 3329//3329 3338//3338 3337//3337
f 3327//3327 3329//3329 3337//3337
f 3327//3327 3315//3315 3329//3329
f 3328//3328 3332//3332 3338//3338
f 3338//3338 3329//3329 3328//3328
f 3307//3307 3330//3330 3331//3331
f 3320//3320 3331//3331 3332//3332
f 3333//3333 3332//3332 3328//3328
f 3325//3325 3339//3339 3334//3334
f 3339//3339 3325//3325 3335//3335
f 3335//3335 3340//3340 3339//3339
f 3336//3336 3340//3340 3335//3335
f 3334//3334 3339//3339 3330//3330
f 3340//3340 3330//3330 3339//3339
f 3338//3338 3340//3340 3336//3336
f 3340//3340 3332//3332 3330//3330
f 3338//3338 3332//3332 3340//3340
f 3332//3332 3331//3331 3330//3330
