# Generated by Visualization Toolkit
v -41.734100341796875 -98.94139099121094 63.864078521728516
v -40.33265686035156 -98.71319580078125 64.07670593261719
v -39.839385986328125 -103.5596923828125 64.0179214477539
v -38.048675537109375 -103.92338562011719 64.0725326538086
v -42.333770751953125 -101.14997863769531 64.21231079101562
v -42.305908203125 -92.7059326171875 66.21907806396484
v -38.79844665527344 -96.69490051269531 65.622314453125
v -43.12005615234375 -96.722412109375 64.85115814208984
v -45.233154296875 -93.23149108886719 66.11185455322266
v -44.12542724609375 -97.55220031738281 65.06976318359375
v -36.38572692871094 -101.15135192871094 65.47903442382812
v -47.57841491699219 -97.77577209472656 66.7883071899414
v -47.77020263671875 -99.22244262695312 67.28033447265625
v -43.38911437988281 -103.15840148925781 65.61822509765625
v -33.92292785644531 -105.09371948242188 66.36305236816406
v -34.76969909667969 -106.28652954101562 65.71064758300781
v -36.645263671875 -107.21965026855469 65.20314025878906
v -39.01048278808594 -108.58726501464844 65.99574279785156
v -32.38092041015625 -111.33998107910156 66.62653350830078
v -34.405670166015625 -110.65895080566406 65.90181732177734
v -36.05894470214844 -111.75736999511719 66.19636535644531
v -44.78861999511719 -90.55654907226562 67.07571411132812
v -45.663421630859375 -87.98237609863281 68.57444763183594
v -41.06932067871094 -90.36454772949219 68.16494750976562
v -48.04518127441406 -88.8800048828125 68.10606384277344
v -49.82289123535156 -91.28662109375 67.798095703125
v -38.274139404296875 -93.71113586425781 68.06251525878906
v -51.478973388671875 -94.83216857910156 67.94288635253906
v -35.64732360839844 -98.44471740722656 67.59632873535156
v -53.14710998535156 -98.22366333007812 69.08683776855469
v -48.50968933105469 -101.42341613769531 68.98545837402344
v -52.70439147949219 -101.09999084472656 70.49502563476562
v -46.9415283203125 -101.20323181152344 67.65682983398438
v -30.906631469726562 -105.9713134765625 68.84678649902344
v -31.836166381835938 -102.67800903320312 69.86148834228516
v -44.98033142089844 -108.72477722167969 71.90383911132812
v -41.125946044921875 -108.78758239746094 67.49857330322266
v -31.672256469726562 -108.50724792480469 67.21330261230469
v -42.48231506347656 -109.56175231933594 69.54598999023438
v -30.219985961914062 -112.91590881347656 67.32005310058594
v -29.122222900390625 -111.0203857421875 68.59207153320312
v -38.69349670410156 -112.98513793945312 68.28266906738281
v -34.07035827636719 -113.4022216796875 66.56676483154297
v -36.5509033203125 -114.5328369140625 67.81459045410156
v -27.274307250976562 -115.3529052734375 69.59407043457031
v -30.903915405273438 -115.67012023925781 67.03663635253906
v -28.637435913085938 -118.23342895507812 68.08024597167969
v -31.902969360351562 -116.83401489257812 67.22015380859375
v -37.35563659667969 -115.83493041992188 69.36116027832031
v -33.26896667480469 -117.84991455078125 68.00448608398438
v -35.58879089355469 -117.89183044433594 69.44389343261719
v -29.324295043945312 -119.68255615234375 67.93653869628906
v -31.011001586914062 -120.95042419433594 68.59902954101562
v -33.81712341308594 -120.37823486328125 69.74579620361328
v -44.03718566894531 -86.64179992675781 70.81295776367188
v -47.26045227050781 -85.19631958007812 71.81452941894531
v -49.36540222167969 -85.69187927246094 71.30424499511719
v -51.32139587402344 -88.19371032714844 70.02351379394531
v -41.168701171875 -87.37985229492188 72.87873840332031
v -39.87171936035156 -89.70062255859375 70.45742797851562
v -55.47491455078125 -93.31854248046875 70.72236633300781
v -36.25816345214844 -94.85667419433594 70.26736450195312
v -57.75431823730469 -96.83566284179688 71.3818588256836
v -32.067535400390625 -101.10595703125 71.39750671386719
v -55.10835266113281 -99.65165710449219 70.41789245605469
v -29.88055419921875 -106.23155212402344 70.32307434082031
v -28.57122802734375 -108.9461669921875 70.37644958496094
v -40.05256652832031 -113.76473999023438 70.866943359375
v -42.327423095703125 -111.78013610839844 71.92782592773438
v -27.919692993164062 -112.25483703613281 70.11760711669922
v -26.96026611328125 -118.32356262207031 69.86873626708984
v -25.914459228515625 -123.60658264160156 70.23033142089844
v -27.764083862304688 -121.83198547363281 69.21466064453125
v -29.484451293945312 -122.4500732421875 69.15362548828125
v -30.697601318359375 -123.531494140625 69.99205017089844
v -27.769790649414062 -126.06561279296875 70.09762573242188
v -25.71148681640625 -127.67022705078125 70.34327697753906
v -24.404678344726562 -124.96475219726562 71.2147216796875
v -27.022750854492188 -129.96298217773438 71.2762451171875
v -52.665771484375 -86.24063110351562 72.15310668945312
v -55.95918273925781 -88.44206237792969 72.98486328125
v -38.934417724609375 -89.25285339355469 74.03794860839844
v -33.85523986816406 -97.44163513183594 73.30341339111328
v -58.49223327636719 -99.01736450195312 72.16081237792969
v -55.8360595703125 -101.39797973632812 72.11273193359375
v -30.510940551757812 -103.45962524414062 72.82504272460938
v -28.967117309570312 -106.92424011230469 72.82914733886719
v -47.295196533203125 -107.89990234375 73.38668823242188
v -27.241226196289062 -111.590576171875 72.43635559082031
v -26.088668823242188 -116.51713562011719 71.9306640625
v -37.91142272949219 -117.03347778320312 72.64798736572266
v -25.0341796875 -121.68754577636719 71.76986694335938
v -34.95481872558594 -122.33639526367188 73.666259765625
v -32.564910888671875 -125.20695495605469 72.80380249023438
v -22.658737182617188 -127.81240844726562 72.86209106445312
v -22.821197509765625 -125.39292907714844 73.5194320678711
v -29.178482055664062 -128.9096221923828 71.96612548828125
v -24.863876342773438 -128.8124542236328 70.96593475341797
v -22.952316284179688 -130.0896759033203 72.21546936035156
v -23.863189697265625 -132.7318878173828 71.99586486816406
v -25.145339965820312 -134.2742462158203 72.28123474121094
v -47.724365234375 -82.23313903808594 77.76285552978516
v -51.283355712890625 -82.60202026367188 76.06253051757812
v -42.55461120605469 -85.0723876953125 76.64936828613281
v -55.24595642089844 -83.87129211425781 75.59685516357422
v -57.58451843261719 -85.46208190917969 75.82827758789062
v -59.588165283203125 -88.40130615234375 75.64886474609375
v -61.22813415527344 -95.18156433105469 74.85467529296875
v -35.62432861328125 -94.39778137207031 75.48426818847656
v -61.21647644042969 -98.0262451171875 74.72523498535156
v -31.988967895507812 -100.37641906738281 75.99688720703125
v -59.3934326171875 -102.02912902832031 75.16355895996094
v -29.83160400390625 -104.70906066894531 75.6510009765625
v -50.48529052734375 -107.28768920898438 75.00871276855469
v -55.313507080078125 -105.91108703613281 76.455078125
v -27.336181640625 -110.82292175292969 75.13424682617188
v -44.18574523925781 -112.53713989257812 76.06901550292969
v -46.733734130859375 -110.5819091796875 76.06599426269531
v -26.060653686523438 -114.78289794921875 74.22900390625
v -41.79646301269531 -113.93051147460938 75.00810241699219
v -24.6842041015625 -119.82099914550781 73.91763305664062
v -36.24955749511719 -120.70547485351562 74.90911865234375
v -22.768630981445312 -123.08892822265625 75.97618103027344
v -31.134902954101562 -128.837890625 73.38362121582031
v -20.491668701171875 -131.6619873046875 74.96441650390625
v -21.3408203125 -133.1084442138672 73.6845703125
v -28.5587158203125 -135.45919799804688 73.94404602050781
v -22.731246948242188 -134.33514404296875 72.85749816894531
v -25.989212036132812 -136.503173828125 73.24662780761719
v -32.56568908691406 -132.85833740234375 76.38794708251953
v -30.159072875976562 -135.98495483398438 75.43370819091797
v -19.953262329101562 -140.1673126220703 73.90577697753906
v -18.573394775390625 -138.2139892578125 75.36243438720703
v -23.0484619140625 -137.33807373046875 73.10755157470703
v -26.983551025390625 -139.12594604492188 74.93810272216797
v -21.294769287109375 -141.05279541015625 73.96432495117188
v -50.741455078125 -81.4490966796875 78.88571166992188
v -38.71473693847656 -88.85685729980469 77.80096435546875
v -62.0966796875 -90.69081115722656 77.28886413574219
v -63.84629821777344 -95.343505859375 77.9292984008789
v -63.98146057128906 -98.39155578613281 77.94918823242188
v -63.82246398925781 -100.99455261230469 78.59797668457031
v -61.42213439941406 -102.2166748046875 76.98102569580078
v -49.514129638671875 -111.11433410644531 78.47724914550781
v -26.14263916015625 -114.49201965332031 76.83074951171875
v -24.695327758789062 -118.50944519042969 76.61112213134766
v -39.42304992675781 -117.96841430664062 80.16680908203125
v -37.844757080078125 -119.68659973144531 78.64540100097656
v -35.399871826171875 -125.38882446289062 76.52094268798828
v -21.094223022460938 -126.66255187988281 76.65538787841797
v -19.771453857421875 -130.51657104492188 76.98043060302734
v -18.767242431640625 -134.075927734375 76.83993530273438
v -30.330673217773438 -138.41128540039062 77.63876342773438
v -18.250900268554688 -140.8412322998047 75.99819946289062
v -28.702423095703125 -140.4547882080078 77.59838104248047
v -19.18408203125 -142.1478729248047 75.42333984375
v -22.727081298828125 -144.0865478515625 76.43697357177734
v -20.845245361328125 -143.0974884033203 75.46554565429688
v -18.691253662109375 -147.1087646484375 77.55723571777344
v -55.13520812988281 -82.21022033691406 78.49097442626953
v -53.4307861328125 -80.84701538085938 81.18716430664062
v -41.293792724609375 -84.72575378417969 81.06515502929688
v -36.85914611816406 -92.38316345214844 78.99794006347656
v -35.04046630859375 -95.6468505859375 79.06838989257812
v -32.16233825683594 -100.56698608398438 78.70068359375
v -29.99462890625 -105.82157897949219 79.91673278808594
v -59.428985595703125 -105.40237426757812 77.94527435302734
v -62.87477111816406 -103.55378723144531 78.85443115234375
v -26.737518310546875 -113.78671264648438 79.15121459960938
v -55.550384521484375 -107.87455749511719 77.95659637451172
v -51.43608093261719 -110.913330078125 78.94277954101562
v -45.76420593261719 -113.60623168945312 79.36197662353516
v -42.02874755859375 -115.82147216796875 80.03794860839844
v -21.618560791015625 -124.62615966796875 79.48463439941406
v -37.57855224609375 -121.95675659179688 80.25162506103516
v -36.72752380371094 -123.72853088378906 78.27276611328125
v -37.007598876953125 -127.53004455566406 78.4870834350586
v -33.131134033203125 -134.27638244628906 78.13407897949219
v -17.935882568359375 -134.96771240234375 78.03807067871094
v -16.887176513671875 -140.02825927734375 78.18165588378906
v -15.90997314453125 -145.75445556640625 79.32901763916016
v -25.077056884765625 -145.07916259765625 78.58657836914062
v -19.172210693359375 -150.6581268310547 79.53273010253906
v -47.992584228515625 -80.92413330078125 81.4986343383789
v -61.478607177734375 -83.66270446777344 81.84615325927734
v -44.02616882324219 -82.38491821289062 81.94226837158203
v -63.120269775390625 -85.87828063964844 81.496826171875
v -40.28759765625 -86.06497192382812 82.6842041015625
v -64.69552612304688 -91.98573303222656 80.53142547607422
v -66.22514343261719 -94.95114135742188 82.15821838378906
v -66.36177062988281 -99.99610900878906 81.29713439941406
v -66.04777526855469 -105.42851257324219 82.01101684570312
v -60.7357177734375 -106.83287048339844 78.89913177490234
v -63.95338439941406 -106.11036682128906 80.22203826904297
v -58.825927734375 -109.07115173339844 78.93266296386719
v -55.02833557128906 -111.11610412597656 79.80606842041016
v -63.50300598144531 -111.50494384765625 80.33478546142578
v -53.141357421875 -112.25222778320312 79.79196166992188
v -61.18669128417969 -114.50247192382812 79.93659973144531
v -49.596923828125 -113.07057189941406 80.18702697753906
v -56.94627380371094 -114.62727355957031 80.07632446289062
v -62.77497863769531 -115.477783203125 80.72100830078125
v -53.45014953613281 -114.59498596191406 79.99617004394531
v -49.87998962402344 -119.380615234375 79.62556457519531
v -48.45097351074219 -114.68843078613281 80.4828109741211
v -54.790008544921875 -116.69989013671875 80.21786499023438
v -59.15071105957031 -116.389404296875 80.80665588378906
v -24.221649169921875 -120.11128234863281 81.67982482910156
v -56.41229248046875 -118.5380859375 81.50590515136719
v -46.14085388183594 -121.91847229003906 80.06556701660156
v -46.83232116699219 -117.61032104492188 80.80586242675781
v -50.745849609375 -121.27934265136719 80.51567077636719
v -53.36494445800781 -120.4622802734375 81.06393432617188
v -44.04258728027344 -122.32235717773438 81.21090698242188
v -46.92463684082031 -122.38661193847656 80.01786804199219
v -44.13392639160156 -124.486328125 80.19122314453125
v -41.53399658203125 -124.51042175292969 81.66998291015625
v -48.02037048339844 -123.05703735351562 80.8347396850586
v -37.888153076171875 -125.40415954589844 79.49995422363281
v -38.47740173339844 -123.33705139160156 82.231201171875
v -40.103118896484375 -126.27418518066406 80.34324645996094
v -39.52398681640625 -125.16358947753906 81.19062805175781
v -42.38383483886719 -126.46554565429688 80.49990844726562
v -45.704010009765625 -125.29244995117188 81.41845703125
v -39.26240539550781 -128.0549774169922 79.94685363769531
v -41.97203063964844 -128.2003173828125 81.43545532226562
v -18.7069091796875 -131.2318572998047 80.91471862792969
v -37.786224365234375 -129.55824279785156 79.66846466064453
v -36.90119934082031 -131.51336669921875 80.31539916992188
v -39.241943359375 -130.22056579589844 81.65370178222656
v -33.68037414550781 -134.9306640625 80.20669555664062
v -31.149581909179688 -138.57420349121094 79.53876495361328
v -16.7542724609375 -136.26519775390625 81.06578063964844
v -15.106170654296875 -140.76226806640625 82.29723358154297
v -28.418243408203125 -142.9712677001953 80.62083435058594
v -14.926910400390625 -144.44992065429688 81.08428955078125
v -25.42132568359375 -147.63804626464844 81.45512390136719
v -21.593978881835938 -149.36314392089844 79.62179565429688
v -16.980331420898438 -148.11683654785156 78.88042449951172
v -15.505462646484375 -147.9871063232422 79.97306823730469
v -18.1405029296875 -149.39572143554688 78.86187744140625
v -22.449462890625 -150.0997772216797 81.02996063232422
v -14.71234130859375 -152.69564819335938 80.55680084228516
v -15.789260864257812 -154.4162139892578 80.43342590332031
v -19.797607421875 -153.05886840820312 81.37541198730469
v -18.150482177734375 -154.65811157226562 81.25369262695312
v -49.86180114746094 -80.33203125 83.98613739013672
v -57.150634765625 -80.83383178710938 84.62515258789062
v -61.292327880859375 -82.46269226074219 84.37374877929688
v -64.94697570800781 -87.93501281738281 84.07028198242188
v -37.3612060546875 -92.97181701660156 83.94644165039062
v -34.92431640625 -97.69317626953125 83.18522644042969
v -68.02391052246094 -98.42021179199219 84.78752136230469
v -33.61564636230469 -101.74293518066406 84.77656555175781
v -31.9600830078125 -103.37101745605469 82.64292907714844
v -65.34541320800781 -111.84376525878906 81.82756042480469
v -28.007614135742188 -113.22407531738281 83.02247619628906
v -44.17103576660156 -115.51872253417969 80.91339111328125
v -64.97032165527344 -115.25679016113281 82.7501220703125
v -66.50865173339844 -111.88304138183594 83.38638305664062
v -26.635955810546875 -116.85040283203125 83.93267822265625
v -42.916534423828125 -117.22602844238281 82.88311004638672
v -45.25459289550781 -116.14715576171875 81.28009796142578
v -41.27857971191406 -117.96864318847656 82.55123901367188
v -44.117431640625 -117.86802673339844 82.67536926269531
v -44.55303955078125 -120.013671875 81.95587158203125
v -39.10675048828125 -121.19113159179688 83.16776275634766
v -20.387435913085938 -127.12773132324219 83.09632873535156
v -42.54557800292969 -122.47328186035156 83.09855651855469
v -50.07847595214844 -122.76742553710938 82.39472961425781
v -40.06414794921875 -124.39912414550781 83.81074523925781
v -39.40240478515625 -123.47055053710938 85.2452621459961
v -37.5987548828125 -131.7903594970703 83.01200103759766
v -34.56233215332031 -134.52435302734375 82.3633804321289
v -33.64085388183594 -135.64320373535156 83.69310760498047
v -31.759857177734375 -138.64768981933594 83.6180191040039
v -29.941116333007812 -141.30177307128906 83.05933380126953
v -27.434280395507812 -145.7801055908203 83.2325210571289
v -13.903182983398438 -146.84567260742188 82.38423156738281
v -13.17218017578125 -151.32858276367188 82.07610321044922
v -21.750289916992188 -151.9952392578125 82.76654052734375
v -11.706756591796875 -155.44725036621094 84.83456420898438
v -14.30377197265625 -155.97398376464844 82.3231201171875
v -16.493057250976562 -157.02027893066406 82.96666717529297
v -15.1527099609375 -157.785400390625 83.5189208984375
v -47.52168273925781 -80.43589782714844 87.39028930664062
v -45.55906677246094 -81.09660339355469 85.36012268066406
v -42.85108947753906 -83.0074462890625 85.09330749511719
v -63.206512451171875 -84.25981140136719 84.88809204101562
v -40.16349792480469 -87.53050231933594 85.51254272460938
v -65.98313903808594 -90.6702880859375 85.4384994506836
v -67.42390441894531 -94.52952575683594 86.19031524658203
v -67.87229919433594 -102.39167785644531 83.99969482421875
v -30.689010620117188 -108.36630249023438 85.19080352783203
v -66.39411926269531 -114.68655395507812 84.6757583618164
v -57.64964294433594 -119.67681884765625 83.57870483398438
v -62.52549743652344 -118.57186889648438 84.95362854003906
v -64.62626647949219 -117.26290893554688 85.10820007324219
v -23.939132690429688 -122.07545471191406 85.55445861816406
v -41.00581359863281 -120.32624816894531 83.95938110351562
v -39.89817810058594 -121.86918640136719 84.73816680908203
v -54.13616943359375 -121.7490234375 83.84989929199219
v -48.45414733886719 -124.45924377441406 84.41377258300781
v -51.73857116699219 -123.12077331542969 85.38700866699219
v -21.136444091796875 -126.2406005859375 85.62027740478516
v -41.60272216796875 -123.19760131835938 85.03673553466797
v -44.708465576171875 -127.79029846191406 85.56301879882812
v -41.693450927734375 -128.8654327392578 83.9883041381836
v -17.10113525390625 -134.18869018554688 86.40422058105469
v -16.863601684570312 -134.92088317871094 83.65845489501953
v -15.242706298828125 -138.79432678222656 85.520751953125
v -14.134185791015625 -143.66836547851562 84.08392333984375
v -12.622695922851562 -146.65631103515625 85.34135437011719
v -24.499053955078125 -150.0772247314453 85.14227294921875
v -18.48486328125 -157.70843505859375 86.29920959472656
v -17.351058959960938 -158.39495849609375 85.66751098632812
v -51.78411865234375 -80.06703186035156 87.38774871826172
v -44.19859313964844 -82.10455322265625 87.95272827148438
v -58.59281921386719 -80.7413330078125 87.6216812133789
v -42.19126892089844 -84.24365234375 86.96609497070312
v -54.58110046386719 -86.75765991210938 87.55610656738281
v -56.42234802246094 -85.64996337890625 87.99575805664062
v -57.53675842285156 -87.00601196289062 87.32572937011719
v -54.552001953125 -88.27801513671875 88.15449523925781
v -38.555419921875 -93.19393920898438 87.6236572265625
v -36.967987060546875 -98.87225341796875 89.27555847167969
v -70.19535827636719 -101.84934997558594 89.54336547851562
v -69.61408996582031 -109.03327941894531 88.34158325195312
v -29.398666381835938 -114.58526611328125 87.38778686523438
v -30.634033203125 -110.91741943359375 87.08995056152344
v -28.100830078125 -118.05235290527344 88.06781005859375
v -26.491439819335938 -119.34608459472656 87.1622314453125
v -62.8681640625 -121.01164245605469 91.32524108886719
v -41.177764892578125 -121.77516174316406 84.93472290039062
v -56.56117248535156 -121.89065551757812 86.9719009399414
v -21.5946044921875 -127.03543090820312 88.97621154785156
v -39.7293701171875 -122.84373474121094 87.43238067626953
v -41.03620910644531 -122.72088623046875 86.95938110351562
v -41.5679931640625 -123.62258911132812 86.95950317382812
v -40.322265625 -124.51992797851562 85.57339477539062
v -18.01904296875 -132.77967834472656 88.13658905029297
v -37.95497131347656 -129.87953186035156 86.61280822753906
v -40.998138427734375 -128.49403381347656 86.6519775390625
v -39.76255798339844 -129.855224609375 84.653564453125
v -43.80804443359375 -128.3568572998047 87.58767700195312
v -36.923065185546875 -131.88351440429688 84.94055938720703
v -34.76799011230469 -133.19297790527344 87.23374938964844
v -32.20973205566406 -137.56564331054688 85.9673843383789
v -14.06585693359375 -142.56634521484375 87.0439224243164
v -29.734909057617188 -141.06446838378906 87.05361938476562
v -28.173675537109375 -144.02911376953125 87.30271911621094
v -26.004913330078125 -148.33468627929688 87.87907409667969
v -10.727813720703125 -149.10890197753906 88.23893737792969
v -10.738204956054688 -149.96783447265625 86.51264953613281
v -22.58868408203125 -153.05984497070312 87.48966979980469
v -10.149993896484375 -154.97727966308594 86.94989013671875
v -19.549530029296875 -157.017578125 87.55306243896484
v -11.456024169921875 -157.5457305908203 85.69479370117188
v -10.707839965820312 -159.40444946289062 86.61296844482422
v -13.527114868164062 -158.2593231201172 84.80209350585938
v -11.479171752929688 -160.72756958007812 86.66514587402344
v -14.886245727539062 -159.4492645263672 85.53458404541016
v -16.346328735351562 -160.60113525390625 87.16197204589844
v -12.677978515625 -162.19032287597656 87.42227172851562
v -45.55999755859375 -81.55380249023438 90.63532257080078
v -60.24137878417969 -81.31857299804688 89.9490966796875
v -62.51385498046875 -82.94801330566406 89.43814086914062
v -64.93827819824219 -86.76556396484375 88.69871520996094
v -43.25697326660156 -84.03762817382812 89.74567413330078
v -52.27052307128906 -87.19131469726562 89.24771118164062
v -57.03038024902344 -85.58833312988281 89.07087707519531
v -59.40809631347656 -88.2235107421875 89.83682250976562
v -40.685150146484375 -90.12051391601562 89.2281494140625
v -52.13938903808594 -88.57344055175781 90.43440246582031
v -58.193389892578125 -89.60858154296875 89.35443115234375
v -58.82086181640625 -88.85720825195312 88.95381927490234
v -68.76292419433594 -95.15867614746094 91.04995727539062
v -35.452117919921875 -102.16763305664062 88.77013397216797
v -34.3231201171875 -106.37281799316406 89.45698547363281
v -70.83036804199219 -106.07513427734375 90.74031829833984
v -32.69535827636719 -110.41424560546875 89.28959655761719
v -68.80165100097656 -112.86875915527344 88.89434814453125
v -68.45942687988281 -115.53155517578125 91.70843505859375
v -66.02394104003906 -119.09599304199219 92.41937255859375
v -24.56427001953125 -122.96696472167969 88.09884643554688
v -38.639129638671875 -124.26968383789062 88.0421371459961
v -40.753326416015625 -122.38252258300781 88.61953735351562
v -42.17631530761719 -122.91325378417969 89.50529479980469
v -42.93135070800781 -124.14277648925781 89.55990600585938
v -50.66346740722656 -124.28697204589844 90.39048767089844
v -54.14654541015625 -124.04457092285156 93.19679260253906
v -39.62835693359375 -124.99371337890625 87.0455322265625
v -41.37188720703125 -125.33418273925781 87.72389221191406
v -48.1842041015625 -125.30122375488281 88.36993408203125
v -37.19752502441406 -128.0479278564453 88.44373321533203
v -36.12109375 -124.65736389160156 89.93667602539062
v -39.89811706542969 -126.351318359375 87.60397338867188
v -45.7183837890625 -127.49252319335938 88.1012954711914
v -39.04426574707031 -128.15200805664062 87.37240600585938
v -40.956573486328125 -127.34188842773438 87.734375
v -19.595733642578125 -130.73812866210938 89.32893371582031
v -33.61903381347656 -131.93478393554688 90.11673736572266
v -16.568832397460938 -137.2671356201172 91.24357604980469
v -32.537200927734375 -136.2544403076172 87.9183578491211
v -15.324798583984375 -139.54547119140625 89.79890441894531
v -29.9180908203125 -138.75534057617188 90.28619384765625
v -12.654098510742188 -146.1563262939453 89.89649200439453
v -26.65838623046875 -146.2661895751953 91.12049865722656
v -9.592620849609375 -153.0323944091797 88.8421630859375
v -24.334335327148438 -151.83169555664062 91.40054321289062
v -15.144943237304688 -153.4740753173828 89.33992004394531
v -15.14495849609375 -153.4740753173828 89.33993530273438
v -15.144943237304688 -153.4740753173828 89.33992004394531
v -15.144943237304688 -153.4740753173828 89.33992004394531
v -22.430160522460938 -155.65701293945312 93.09429931640625
v -8.02374267578125 -160.85018920898438 90.02247619628906
v -9.390167236328125 -162.56956481933594 89.18775939941406
v -15.019515991210938 -162.86402893066406 88.86442565917969
v -49.39759826660156 -80.57264709472656 91.32146453857422
v -53.87762451171875 -80.24090576171875 91.18663787841797
v -55.362152099609375 -85.45857238769531 89.51351165771484
v -50.88591003417969 -87.39891052246094 90.76557922363281
v -52.087738037109375 -87.02323913574219 90.97027587890625
v -60.13142395019531 -88.59751892089844 91.56602478027344
v -44.739959716796875 -84.47314453125 92.59306335449219
v -60.43232727050781 -89.83573913574219 89.61410522460938
v -66.47218322753906 -89.95381164550781 91.38427734375
v -62.63087463378906 -96.86018371582031 91.1602783203125
v -61.315704345703125 -96.80732727050781 92.26606750488281
v -61.406951904296875 -94.93818664550781 92.14642333984375
v -70.97746276855469 -99.56016540527344 93.31175231933594
v -70.77217102050781 -97.38224792480469 95.03648376464844
v -36.70149230957031 -103.27033996582031 91.32908630371094
v -61.8271484375 -111.30950927734375 90.34386444091797
v -61.8271484375 -111.30950927734375 90.34385681152344
v -61.8271484375 -111.30950927734375 90.34385681152344
v -61.8271484375 -111.30950927734375 90.34385681152344
v -71.22099304199219 -111.52749633789062 93.24949645996094
v -61.8271484375 -111.30950927734375 90.34385681152344
v -31.658599853515625 -114.55299377441406 89.63908386230469
v -29.82476806640625 -118.89450073242188 90.0512924194336
v -31.197280883789062 -119.25277709960938 90.77252197265625
v -32.85224914550781 -116.21519470214844 90.72235870361328
v -25.057876586914062 -124.02774047851562 89.71285247802734
v -36.87095642089844 -120.63819885253906 90.79508972167969
v -39.10833740234375 -121.58128356933594 89.99794006347656
v -37.708740234375 -122.42552185058594 89.68087768554688
v -61.48194885253906 -122.55937194824219 93.11038208007812
v -39.705413818359375 -120.55537414550781 91.30447387695312
v -40.54026794433594 -119.75743103027344 92.92242431640625
v -45.233734130859375 -124.506591796875 91.64332580566406
v -57.53778076171875 -123.38206481933594 92.44723510742188
v -44.88990783691406 -126.71212768554688 90.58177185058594
v -46.62384033203125 -126.3560791015625 89.80561828613281
v -48.21868896484375 -124.9296875 91.80537414550781
v -32.280914306640625 -128.33831787109375 92.02901458740234
v -33.57373046875 -129.68759155273438 91.02336120605469
v -44.98040771484375 -128.27928161621094 90.07086181640625
v -20.196701049804688 -131.66024780273438 91.57826232910156
v -32.87910461425781 -134.41078186035156 89.44441223144531
v -14.256698608398438 -143.48606872558594 91.63541412353516
v -28.188308715820312 -141.2788848876953 91.23379516601562
v -25.331497192382812 -149.5863800048828 93.9459228515625
v -10.554824829101562 -150.36660766601562 92.03402709960938
v -9.784835815429688 -151.72763061523438 90.41571044921875
v -15.144943237304688 -153.4740753173828 89.33992004394531
v -15.144943237304688 -153.4740753173828 89.33993530273438
v -8.349884033203125 -156.38766479492188 90.22413635253906
v -15.144943237304688 -153.4740753173828 89.33993530273438
v -6.7735748291015625 -159.12826538085938 92.22084045410156
v -7.3126983642578125 -163.78057861328125 91.2418212890625
v -10.529052734375 -164.7060546875 90.01595306396484
v -12.79620361328125 -165.33631896972656 90.74404907226562
v -49.55268859863281 -81.12950134277344 93.42535400390625
v -47.00970458984375 -82.22491455078125 93.2451171875
v -57.81781005859375 -80.90830993652344 93.61862182617188
v -59.825531005859375 -81.59979248046875 93.7152099609375
v -62.04722595214844 -83.860107421875 98.30929565429688
v -63.34698486328125 -84.59919738769531 96.18609619140625
v -65.29679870605469 -87.15615844726562 95.12229919433594
v -52.25775146484375 -88.27005004882812 93.48379516601562
v -53.26713562011719 -87.36369323730469 93.36085510253906
v -56.749053955078125 -87.19793701171875 93.97560119628906
v -58.227783203125 -87.17280578613281 93.19486999511719
v -57.2889404296875 -90.85603332519531 91.88345336914062
v -60.6361083984375 -89.96174621582031 94.259521484375
v -56.2178955078125 -90.87835693359375 93.84005737304688
v -59.370574951171875 -92.28390502929688 92.14137268066406
v -60.271697998046875 -91.81109619140625 91.76337432861328
v -61.053955078125 -91.29682922363281 92.38949584960938
v -62.40046691894531 -94.79559326171875 92.857421875
v -67.13047790527344 -89.92753601074219 95.94746398925781
v -41.3795166015625 -97.79946899414062 95.76882934570312
v -43.87846374511719 -92.73774719238281 96.17219543457031
v -59.45603942871094 -94.03240966796875 93.02424621582031
v -62.674835205078125 -98.53877258300781 92.52436828613281
v -63.4586181640625 -98.0460205078125 92.35466003417969
v -35.50128173828125 -109.04847717285156 91.3743896484375
v -73.01844787597656 -110.36465454101562 97.01057434082031
v -61.8271484375 -111.30950927734375 90.34381103515625
v -36.10527038574219 -113.03770446777344 92.12327575683594
v -36.87123107910156 -116.4873046875 92.26287841796875
v -36.676971435546875 -118.18038940429688 91.77055358886719
v -33.673004150390625 -119.98094177246094 91.11836242675781
v -39.65618896484375 -118.33180236816406 93.6510009765625
v -65.93241882324219 -120.75267028808594 95.31326293945312
v -29.566253662109375 -123.98326110839844 91.68557739257812
v -42.80677795410156 -121.40406799316406 92.38043212890625
v -26.42901611328125 -124.71429443359375 91.08848571777344
v -31.662567138671875 -125.37779235839844 91.82315826416016
v -34.03193664550781 -123.19508361816406 90.9875259399414
v -45.60346984863281 -123.18960571289062 93.5916748046875
v -27.230026245117188 -127.14906311035156 92.69921875
v -46.83442687988281 -124.8756103515625 91.98486328125
v -50.608184814453125 -124.41644287109375 93.4537353515625
v -30.671310424804688 -127.20271301269531 92.66098022460938
v -22.589035034179688 -130.48255920410156 93.01506042480469
v -30.501373291015625 -134.3915557861328 92.32939147949219
v -29.32232666015625 -133.62020874023438 93.44731140136719
v -17.902389526367188 -136.1785125732422 92.92546081542969
v -29.407455444335938 -137.34991455078125 92.17459106445312
v -12.819900512695312 -148.4254913330078 94.52670288085938
v -23.171981811523438 -155.4961700439453 95.96556091308594
v -8.167037963867188 -154.94996643066406 93.21662902832031
v -6.7360382080078125 -157.70887756347656 93.60560607910156
v -6.0877532958984375 -161.86936950683594 92.36776733398438
v -15.33795166015625 -164.94908142089844 92.09357452392578
v -18.062957763671875 -163.92575073242188 95.05513000488281
v -4.462005615234375 -163.81251525878906 93.48097229003906
v -15.375778198242188 -167.87210083007812 95.89631652832031
v -5.0279541015625 -167.27015686035156 92.85609436035156
v -8.358078002929688 -165.483642578125 91.05842590332031
v -5.8693389892578125 -168.3325958251953 92.47787475585938
v -8.148971557617188 -168.25282287597656 91.98128509521484
v -11.53057861328125 -167.44796752929688 92.21981811523438
v -12.710357666015625 -169.4972381591797 94.73158264160156
v -53.22444152832031 -80.84904479980469 94.68614196777344
v -44.91822814941406 -88.71746826171875 94.94924926757812
v -53.88606262207031 -89.54071044921875 95.41397094726562
v -57.90983581542969 -92.27996826171875 93.39936828613281
v -57.20561218261719 -92.10383605957031 95.30322265625
v -62.163970947265625 -92.37983703613281 94.07835388183594
v -63.41291809082031 -95.01101684570312 95.63442993164062
v -61.364837646484375 -98.14500427246094 94.825927734375
v -63.63287353515625 -97.220947265625 95.84394836425781
v -63.5887451171875 -99.69515991210938 97.39308166503906
v -73.27665710449219 -102.39860534667969 100.09063720703125
v -39.03437805175781 -104.47552490234375 94.52037048339844
v -72.66407775878906 -105.71720886230469 96.20477294921875
v -38.97102355957031 -115.02040100097656 94.25808715820312
v -72.14241027832031 -114.66162109375 98.538330078125
v -42.31626892089844 -119.46076965332031 95.78816223144531
v -64.12571716308594 -124.3905029296875 98.79766845703125
v -48.07298278808594 -124.10115051269531 94.60415649414062
v -27.131927490234375 -129.79296875 93.50782775878906
v -24.642181396484375 -132.5542449951172 94.60118103027344
v -22.25054931640625 -133.64060974121094 94.46815490722656
v -27.802810668945312 -131.9986572265625 94.0360107421875
v -19.473297119140625 -135.60128784179688 94.26805114746094
v -26.364456176757812 -137.09645080566406 94.96865844726562
v -27.580474853515625 -138.10350036621094 93.87489318847656
v -16.489486694335938 -141.91831970214844 95.74990844726562
v -26.1495361328125 -141.83363342285156 94.98374938964844
v -26.275802612304688 -144.66366577148438 93.96197509765625
v -14.697189331054688 -146.54139709472656 96.14811706542969
v -9.544906616210938 -153.94418334960938 97.469970703125
v -8.921890258789062 -154.00326538085938 95.51853942871094
v -24.666336059570312 -151.5511016845703 95.95433044433594
v -24.110031127929688 -153.47698974609375 97.08465576171875
v -5.8779296875 -158.72789001464844 94.69114685058594
v -4.5945587158203125 -161.84519958496094 94.6258544921875
v -3.4917755126953125 -167.4050750732422 94.59481811523438
v -3.559906005859375 -171.94314575195312 95.15061950683594
v -8.249099731445312 -171.80841064453125 93.95733642578125
v -10.240432739257812 -172.56809997558594 95.33229064941406
v -4.886260986328125 -173.41342163085938 94.63699340820312
v -6.2159423828125 -173.94155883789062 94.68894958496094
v -54.65620422363281 -81.54106140136719 96.46226501464844
v -49.483306884765625 -83.32392883300781 96.51649475097656
v -51.901580810546875 -82.55952453613281 97.65658569335938
v -60.2510986328125 -83.19888305664062 98.76551818847656
v -48.43498229980469 -85.75039672851562 97.41259765625
v -55.05108642578125 -88.74549865722656 96.26632690429688
v -64.18016052246094 -85.24589538574219 99.4273681640625
v -46.36872863769531 -90.229736328125 98.08116149902344
v -59.1995849609375 -89.90138244628906 97.73065185546875
v -56.17030334472656 -90.5303955078125 96.3760986328125
v -57.32283020019531 -92.17344665527344 97.22848510742188
v -61.351043701171875 -90.61894226074219 97.13453674316406
v -43.09376525878906 -97.43768310546875 98.8072509765625
v -58.702392578125 -95.37300109863281 96.11506652832031
v -70.18763732910156 -93.976318359375 99.15321350097656
v -60.650299072265625 -97.34213256835938 96.61459350585938
v -61.73017883300781 -98.43788146972656 98.20649719238281
v -41.39373779296875 -101.49899291992188 97.29429626464844
v -61.75138854980469 -99.60519409179688 99.42526245117188
v -51.2860107421875 -102.27424621582031 96.36735534667969
v -51.2860107421875 -102.27424621582031 96.36734008789062
v -51.2860107421875 -102.27424621582031 96.36734008789062
v -51.2860107421875 -102.27424621582031 96.36734008789062
v -61.8271484375 -102.27424621582031 96.36735534667969
v -61.8271484375 -102.27424621582031 96.36734008789062
v -61.8271484375 -102.27424621582031 96.36734008789062
v -61.8271484375 -102.27424621582031 96.36734008789062
v -51.2860107421875 -102.27424621582031 96.36734008789062
v -61.8271484375 -102.27424621582031 96.36734008789062
v -41.270294189453125 -104.33140563964844 97.28587341308594
v -40.541015625 -108.86050415039062 95.95130920410156
v -41.17156982421875 -115.00054931640625 96.78765869140625
v -41.36518859863281 -117.56590270996094 96.4085693359375
v -68.30036926269531 -119.63624572753906 97.70059204101562
v -44.55517578125 -120.80342102050781 98.08140563964844
v -46.56675720214844 -122.83216857910156 97.48410034179688
v -65.61497497558594 -122.51406860351562 97.48109436035156
v -49.4119873046875 -124.51927185058594 96.65260314941406
v -53.037322998046875 -125.06773376464844 96.5238037109375
v -62.30113220214844 -125.42950439453125 99.46200561523438
v -20.527999877929688 -136.73934936523438 95.72683715820312
v -24.600860595703125 -135.97003173828125 95.53642272949219
v -18.349517822265625 -141.24755859375 97.6282958984375
v -20.45947265625 -139.39036560058594 97.56280517578125
v -22.859207153320312 -140.42918395996094 98.05870056152344
v -24.256210327148438 -138.27378845214844 96.49736022949219
v -24.992233276367188 -140.4645233154297 96.38087463378906
v -24.328872680664062 -146.39642333984375 97.91915893554688
v -24.80291748046875 -148.37149047851562 96.83590698242188
v -14.186492919921875 -149.7079315185547 98.49530029296875
v -6.8498687744140625 -157.12222290039062 96.77680969238281
v -21.993682861328125 -160.37168884277344 99.28727722167969
v -4.5821990966796875 -160.71881103515625 96.18891906738281
v -2.9497833251953125 -164.2411651611328 96.46600341796875
v -2.4200439453125 -170.17678833007812 96.4156494140625
v -15.586929321289062 -171.4318084716797 99.458740234375
v -3.0085601806640625 -177.54791259765625 96.17189025878906
v -5.0767059326171875 -178.716796875 96.41073608398438
v -3.3680572509765625 -179.87823486328125 97.41448974609375
v -56.98204040527344 -84.36123657226562 101.01274108886719
v -56.99760437011719 -89.60293579101562 97.48092651367188
v -57.818511962890625 -90.17613220214844 99.16012573242188
v -58.22398376464844 -90.40972900390625 98.72734069824219
v -57.82389831542969 -91.09431457519531 98.88079833984375
v -62.853057861328125 -92.47076416015625 100.05903625488281
v -61.66786193847656 -90.45159912109375 99.74107360839844
v -59.52876281738281 -95.90037536621094 99.63710021972656
v -61.4178466796875 -97.26358032226562 98.53245544433594
v -62.499267578125 -97.08047485351562 98.8421630859375
v -62.92893981933594 -98.14385986328125 97.95132446289062
v -63.577301025390625 -95.97116088867188 98.07380676269531
v -51.2860107421875 -102.27424621582031 96.36735534667969
v -61.8271484375 -102.27424621582031 96.36735534667969
v -73.43824768066406 -99.57279968261719 103.22122192382812
v -42.38325500488281 -108.80513000488281 98.31771850585938
v -74.43507385253906 -104.87693786621094 101.32859802246094
v -74.28953552246094 -109.11114501953125 99.71469116210938
v -43.108642578125 -114.90231323242188 99.98158264160156
v -74.28495788574219 -112.66151428222656 100.94317626953125
v -70.69688415527344 -117.59320068359375 99.19993591308594
v -43.48304748535156 -118.42477416992188 99.60685729980469
v -50.892547607421875 -125.59906005859375 99.628662109375
v -60.422576904296875 -126.42683410644531 101.56745910644531
v -21.852340698242188 -140.80667114257812 98.62060546875
v -22.907821655273438 -144.73056030273438 99.22987365722656
v -16.755294799804688 -146.50978088378906 99.40953063964844
v -16.01080322265625 -147.50949096679688 99.04090881347656
v -23.986282348632812 -151.92408752441406 98.74880981445312
v -10.126556396484375 -154.97967529296875 99.68251037597656
v -23.301971435546875 -155.49282836914062 98.77383422851562
v -7.5517730712890625 -157.38124084472656 99.64303588867188
v -5.21026611328125 -159.7204132080078 98.08181762695312
v -3.099578857421875 -163.26084899902344 99.70083618164062
v -18.663467407226562 -165.95501708984375 98.75450134277344
v -1.9304962158203125 -168.0467987060547 98.50950622558594
v -1.632476806640625 -171.16744995117188 97.58076477050781
v -1.247406005859375 -169.89346313476562 98.95707702636719
v -1.3382720947265625 -176.13491821289062 98.79057312011719
v -2.1420745849609375 -177.5218505859375 97.37530517578125
v -8.337554931640625 -180.21298217773438 98.95429992675781
v -5.7650299072265625 -181.16148376464844 98.45884704589844
v -52.36399841308594 -85.52552795410156 101.86776733398438
v -54.53157043457031 -84.31953430175781 101.15373229980469
v -59.52392578125 -83.98106384277344 101.18374633789062
v -61.59413146972656 -84.30726623535156 102.51641845703125
v -51.14170837402344 -86.68064880371094 101.99127197265625
v -48.8631591796875 -89.39825439453125 101.18612670898438
v -66.57994079589844 -87.19900512695312 102.01141357421875
v -68.72816467285156 -90.26451110839844 101.88517761230469
v -59.36224365234375 -89.30429077148438 101.31491088867188
v -45.78694152832031 -93.33331298828125 100.98785400390625
v -59.423980712890625 -92.70596313476562 103.30487060546875
v -63.28485107421875 -93.82461547851562 101.50439453125
v -62.862030029296875 -94.42770385742188 102.36625671386719
v -44.74226379394531 -97.17245483398438 102.71092224121094
v -60.66017150878906 -95.72935485839844 100.95930480957031
v -43.16606140136719 -101.48876953125 100.69203186035156
v -43.853515625 -107.77484130859375 101.39193725585938
v -75.65748596191406 -107.01515197753906 102.70997619628906
v -69.35624694824219 -121.44706726074219 100.404052734375
v -45.90545654296875 -121.27409362792969 102.13375854492188
v -67.86116027832031 -123.42343139648438 100.26136779785156
v -47.67692565917969 -124.20848083496094 102.12608337402344
v -49.04315185546875 -125.20841979980469 100.39346313476562
v -52.53968811035156 -126.56135559082031 101.96961975097656
v -19.330596923828125 -144.5337371826172 100.16964721679688
v -20.973892211914062 -145.28382873535156 100.5560302734375
v -22.55401611328125 -149.63291931152344 100.61813354492188
v -23.190017700195312 -154.46522521972656 100.20558166503906
v -22.9625244140625 -159.19337463378906 101.94651794433594
v -5.5659332275390625 -160.3582763671875 101.91738891601562
v -20.738449096679688 -165.03607177734375 101.01956176757812
v -1.4211578369140625 -168.85159301757812 101.54544067382812
v -0.778594970703125 -175.8580780029297 101.17930603027344
v -1.4075775146484375 -180.91558837890625 101.90013122558594
v -2.14776611328125 -181.63040161132812 100.4561767578125
v -2.7899017333984375 -183.2207489013672 101.67633056640625
v -3.793670654296875 -184.52606201171875 102.51019287109375
v -54.824737548828125 -85.14582824707031 103.51206970214844
v -64.71055603027344 -85.5474853515625 105.68917846679688
v -60.08988952636719 -91.09347534179688 104.26640319824219
v -61.40095520019531 -90.517333984375 103.72698974609375
v -47.312713623046875 -92.40733337402344 103.23153686523438
v -55.80364990234375 -93.23898315429688 102.39085388183594
v -55.80364990234375 -93.23898315429688 102.390869140625
v -55.80364990234375 -93.23898315429688 102.390869140625
v -55.80363464355469 -93.23898315429688 102.390869140625
v -55.80364990234375 -93.23898315429688 102.390869140625
v -61.02262878417969 -93.76966857910156 103.8653564453125
v -71.83897399902344 -94.51173400878906 106.23013305664062
v -45.778289794921875 -95.53549194335938 104.60295104980469
v -52.79188537597656 -96.250732421875 102.39085388183594
v -52.79188537597656 -96.250732421875 102.390869140625
v -52.79188537597656 -96.250732421875 102.390869140625
v -52.79188537597656 -96.250732421875 102.390869140625
v -52.79188537597656 -96.250732421875 102.390869140625
v -73.26991271972656 -97.08587646484375 106.19064331054688
v -44.20811462402344 -101.21189880371094 103.13392639160156
v -75.98982238769531 -109.90696716308594 102.8388671875
v -45.60296630859375 -115.45648193359375 104.99693298339844
v -75.77082824707031 -113.34237670898438 103.46705627441406
v -71.43165588378906 -119.306640625 101.50900268554688
v -72.68843078613281 -120.88729858398438 102.86920166015625
v -70.57411193847656 -124.21417236328125 101.63037109375
v -64.04588317871094 -126.23123168945312 101.38067626953125
v -67.12675476074219 -125.3687744140625 101.15565490722656
v -72.92778015136719 -124.62580871582031 102.16757202148438
v -49.29835510253906 -126.79586791992188 103.32106018066406
v -66.56776428222656 -126.81303405761719 102.16091918945312
v -70.91322326660156 -126.23715209960938 101.8468017578125
v -51.226959228515625 -127.27497863769531 103.81158447265625
v -55.47357177734375 -126.87744140625 104.13356018066406
v -59.558837890625 -127.52494812011719 105.324462890625
v -62.50091552734375 -127.70449829101562 104.3770751953125
v -65.28150939941406 -128.08424377441406 103.64328002929688
v -69.78022766113281 -127.9876708984375 102.30586242675781
v -74.10636901855469 -130.3509063720703 101.74273681640625
v -78.03550720214844 -127.34628295898438 101.90809631347656
v -77.28923034667969 -129.9998016357422 102.07054138183594
v -79.46363830566406 -128.74058532714844 102.52122497558594
v -79.08525085449219 -130.24267578125 103.03971862792969
v -75.09187316894531 -132.09417724609375 102.8133544921875
v -19.11932373046875 -147.6481170654297 101.01727294921875
v -16.055160522460938 -150.98458862304688 101.04965209960938
v -18.690475463867188 -151.20948791503906 102.13632202148438
v -20.9066162109375 -151.1667022705078 101.69482421875
v -21.324844360351562 -154.10745239257812 103.62229919433594
v -22.25341796875 -152.2779998779297 101.20222473144531
v -11.792251586914062 -155.54795837402344 101.650146484375
v -18.135665893554688 -154.22764587402344 104.07550048828125
v -22.705673217773438 -154.79298400878906 102.22367858886719
v -14.303298950195312 -156.05221557617188 103.41023254394531
v -22.9610595703125 -158.5131072998047 104.33798217773438
v -8.144821166992188 -159.9486846923828 104.67037963867188
v -22.504364013671875 -162.31906127929688 102.32608032226562
v -23.306488037109375 -160.89138793945312 104.23414611816406
v -3.28448486328125 -164.49559020996094 102.98973083496094
v -0.629425048828125 -175.67323303222656 103.19261169433594
v -17.680557250976562 -175.70977783203125 104.4117431640625
v -12.981307983398438 -180.25729370117188 102.96759033203125
v -0.8403167724609375 -180.68707275390625 104.89665222167969
v -8.007675170898438 -182.07936096191406 100.69830322265625
v -11.726638793945312 -182.04214477539062 103.47000122070312
v -4.6985931396484375 -185.7392578125 103.76106262207031
v -6.165618896484375 -185.95777893066406 104.22781372070312
v -55.34564208984375 -86.07180786132812 106.96934509277344
v -53.26884460449219 -88.32157897949219 108.30326843261719
v -66.72468566894531 -87.12472534179688 107.50372314453125
v -50.505096435546875 -89.40330505371094 104.66452026367188
v -69.82160949707031 -90.96914672851562 108.11982727050781
v -61.54515075683594 -91.6793212890625 104.32997131347656
v -52.79188537597656 -96.250732421875 102.390869140625
v -45.3123779296875 -99.58650207519531 106.74794006347656
v -45.23521423339844 -104.59033203125 105.57061767578125
v -78.03138732910156 -111.37762451171875 105.26097106933594
v -45.98820495605469 -119.63743591308594 104.45213317871094
v -75.49232482910156 -117.0875244140625 104.74093627929688
v -75.50630187988281 -120.61880493164062 104.40226745605469
v -47.17388916015625 -123.34129333496094 105.17518615722656
v -81.35490417480469 -122.66253662109375 104.64637756347656
v -79.81980895996094 -125.31330871582031 103.28749084472656
v -81.70692443847656 -126.2525634765625 104.22508239746094
v -47.84968566894531 -125.90594482421875 105.84602355957031
v -52.4439697265625 -127.69894409179688 106.04132080078125
v -67.50166320800781 -129.70883178710938 104.09834289550781
v -82.72901916503906 -126.43046569824219 106.04376220703125
v -70.73002624511719 -132.73692321777344 104.69108581542969
v -76.66893005371094 -132.01083374023438 104.41130065917969
v -79.28953552246094 -130.47341918945312 104.70245361328125
v -71.60588073730469 -133.64683532714844 105.26260375976562
v -72.75895690917969 -133.72406005859375 105.51199340820312
v -19.3819580078125 -156.1893310546875 106.45675659179688
v -12.420989990234375 -159.33973693847656 106.7755126953125
v -5.10491943359375 -162.3611297607422 104.38133239746094
v -24.367263793945312 -163.38156127929688 106.10319519042969
v -24.034805297851562 -165.74822998046875 105.96774291992188
v -2.0585784912109375 -169.859375 106.45272827148438
v -22.754592895507812 -169.0417022705078 105.86001586914062
v -1.1609954833984375 -171.9427490234375 104.75225830078125
v -1.5829315185546875 -183.9422607421875 105.47273254394531
v -9.036483764648438 -186.3102569580078 106.77963256835938
v -58.65260314941406 -85.54502868652344 108.52987670898438
v -63.55888366699219 -85.363037109375 107.51203918457031
v -50.52769470214844 -90.61058044433594 108.78225708007812
v -48.38029479980469 -92.37153625488281 107.76213073730469
v -47.09989929199219 -94.16680908203125 108.37969970703125
v -77.45823669433594 -102.60420227050781 109.11747741699219
v -78.18128967285156 -104.36244201660156 108.7672119140625
v -78.43464660644531 -106.46383666992188 107.41156005859375
v -46.70378112792969 -109.615478515625 108.33099365234375
v -79.35322570800781 -110.18763732910156 106.88949584960938
v -77.76112365722656 -115.14291381835938 105.36946105957031
v -81.36546325683594 -115.00202941894531 107.20889282226562
v -78.12272644042969 -118.61590576171875 105.78561401367188
v -80.33985900878906 -117.23811340332031 106.12030029296875
v -47.528717041015625 -114.79890441894531 110.21987915039062
v -80.59062194824219 -119.50837707519531 105.74815368652344
v -83.26121520996094 -121.29100036621094 106.01437377929688
v -83.47261047363281 -123.96466064453125 105.89762878417969
v -49.137603759765625 -128.42965698242188 105.54200744628906
v -48.286895751953125 -129.2503662109375 107.62564086914062
v -54.96516418457031 -127.20574951171875 108.74641418457031
v -53.29718017578125 -127.99894714355469 109.34757995605469
v -57.6055908203125 -127.72006225585938 108.18568420410156
v -61.30332946777344 -129.0399627685547 107.48109436035156
v -50.667694091796875 -129.46340942382812 106.61637878417969
v -49.33290100097656 -131.09622192382812 107.26585388183594
v -72.31520080566406 -134.09202575683594 107.26333618164062
v -69.21723937988281 -134.0076904296875 107.97882080078125
v -21.664840698242188 -156.7484893798828 106.40234375
v -17.324691772460938 -156.65921020507812 106.36953735351562
v -22.856124877929688 -158.8825225830078 107.24337768554688
v -23.8759765625 -160.57691955566406 106.782470703125
v -4.346343994140625 -166.73182678222656 107.6851806640625
v -0.71954345703125 -178.77090454101562 108.60482788085938
v -19.091751098632812 -181.07496643066406 111.14547729492188
v -15.837722778320312 -182.80686950683594 109.60726928710938
v -3.837738037109375 -187.74850463867188 107.40728759765625
v -2.880340576171875 -188.6029815673828 110.07743835449219
v -71.36473083496094 -93.35055541992188 109.19900512695312
v -46.07768249511719 -96.7689208984375 109.90635681152344
v -73.41069030761719 -95.81016540527344 110.35296630859375
v -75.39476013183594 -98.22134399414062 110.30337524414062
v -45.87200927734375 -99.98696899414062 110.22511291503906
v -46.235687255859375 -102.25352478027344 110.92451477050781
v -80.95478820800781 -109.42457580566406 109.34205627441406
v -83.23185729980469 -113.02079772949219 110.15283203125
v -84.72093200683594 -116.42005920410156 109.23513793945312
v -86.51808166503906 -119.916748046875 108.28022766113281
v -47.69349670410156 -123.06716918945312 108.59590148925781
v -85.82148742675781 -122.046142578125 107.56346130371094
v -88.43824768066406 -120.82444763183594 109.978515625
v -86.98674011230469 -123.04389953613281 109.04893493652344
v -84.75898742675781 -124.06977844238281 108.10865783691406
v -82.61872863769531 -126.10325622558594 108.49537658691406
v -84.52186584472656 -124.49882507324219 109.35696411132812
v -47.90950012207031 -129.0537109375 109.664306640625
v -51.531585693359375 -130.18667602539062 107.99716186523438
v -58.90864562988281 -129.3072052001953 110.82646179199219
v -79.69572448730469 -128.5203094482422 108.78965759277344
v -61.58500671386719 -130.2407989501953 108.93614196777344
v -75.81813049316406 -131.74920654296875 107.95268249511719
v -48.53593444824219 -134.90956115722656 109.15855407714844
v -50.73077392578125 -134.77122497558594 109.07948303222656
v -62.73670959472656 -134.00308227539062 112.07804870605469
v -66.62895202636719 -133.6313934326172 108.81817626953125
v -69.91740417480469 -134.15127563476562 109.56838989257812
v -19.8685302734375 -157.60244750976562 108.68983459472656
v -22.038558959960938 -158.99081420898438 109.71478271484375
v -16.223617553710938 -160.28659057617188 110.88999938964844
v -25.035507202148438 -162.3638916015625 110.74948120117188
v -8.5911865234375 -165.6082763671875 110.86758422851562
v -24.944793701171875 -162.8485565185547 108.58758544921875
v -6.1678466796875 -171.30776977539062 114.75209045410156
v -26.2650146484375 -164.54379272460938 110.70936584472656
v -25.22039794921875 -168.28033447265625 108.80679321289062
v -26.629257202148438 -171.24864196777344 112.05899047851562
v -1.2411956787109375 -176.6792755126953 110.95382690429688
v -22.348770141601562 -177.39768981933594 111.59751892089844
v -1.4210205078125 -185.59249877929688 109.57955932617188
v -1.9801177978515625 -187.94107055664062 111.12611389160156
v -6.0416107177734375 -189.9903106689453 110.17414855957031
v -7.7400665283203125 -191.16879272460938 112.42678833007812
v -4.3021697998046875 -190.2999267578125 110.76707458496094
v -61.613800048828125 -85.89915466308594 109.88276672363281
v -63.79571533203125 -87.10978698730469 111.62158203125
v -65.88996887207031 -87.61236572265625 110.89205932617188
v -55.0888671875 -88.84831237792969 112.54653930664062
v -68.06391906738281 -89.71931457519531 111.20223999023438
v -52.73072814941406 -89.44174194335938 110.80926513671875
v -48.78019714355469 -91.88249206542969 110.84339904785156
v -46.322113037109375 -95.82398986816406 113.10488891601562
v -46.86610412597656 -105.22828674316406 111.24781799316406
v -81.66120910644531 -106.49298095703125 112.87722778320312
v -72.36830139160156 -114.32125854492188 110.42221069335938
v -72.36830139160156 -114.32125854492188 110.42221069335938
v -72.36830139160156 -114.32127380371094 110.42221069335938
v -72.36830139160156 -114.32125854492188 110.42221069335938
v -72.36830139160156 -114.32127380371094 110.42221069335938
v -89.44139099121094 -118.94157409667969 111.9390869140625
v -90.27333068847656 -120.24984741210938 112.60154724121094
v -48.8258056640625 -125.57579040527344 112.34390258789062
v -49.198822021484375 -119.27995300292969 114.63453674316406
v -88.10700988769531 -122.29550170898438 111.44480895996094
v -81.30897521972656 -125.93630981445312 110.90199279785156
v -83.13047790527344 -124.76605224609375 111.15107727050781
v -54.32521057128906 -126.97935485839844 111.6531982421875
v -56.71916198730469 -128.7107391357422 113.56040954589844
v -52.51014709472656 -131.15492248535156 109.8721923828125
v -72.01405334472656 -132.86444091796875 110.86837768554688
v -47.923614501953125 -134.4024658203125 111.51863098144531
v -52.62603759765625 -135.35723876953125 111.12518310546875
v -48.43165588378906 -135.39906311035156 110.44779968261719
v -65.79710388183594 -135.18470764160156 112.72683715820312
v -50.444244384765625 -138.2527618408203 111.85990905761719
v -49.69337463378906 -138.03060913085938 113.06520080566406
v -51.33290100097656 -137.69659423828125 111.12838745117188
v -18.489776611328125 -159.60911560058594 111.1982421875
v -23.828842163085938 -161.2118377685547 111.80859375
v -27.282791137695312 -166.51400756835938 111.91676330566406
v -3.284027099609375 -174.94837951660156 115.52099609375
v -0.807861328125 -184.1620330810547 113.80490112304688
v -11.707000732421875 -188.25228881835938 112.06037902832031
v -9.21630859375 -190.28536987304688 112.21585083007812
v -57.02606201171875 -88.46487426757812 113.56120300292969
v -59.61152648925781 -88.95193481445312 115.81796264648438
v -53.08070373535156 -89.636962890625 114.58076477050781
v -65.76567077636719 -89.07302856445312 113.12799072265625
v -50.5006103515625 -90.14286804199219 115.50276184082031
v -48.81300354003906 -90.77474975585938 115.56610107421875
v -47.31916809082031 -92.55844116210938 115.3505859375
v -71.02299499511719 -93.40664672851562 112.03523254394531
v -74.85246276855469 -97.27969360351562 114.87184143066406
v -77.01148986816406 -99.5628662109375 114.27030944824219
v -81.41914367675781 -104.25706481933594 115.16293334960938
v -48.43916320800781 -112.7459716796875 115.06442260742188
v -72.36830139160156 -114.32125854492188 110.42221069335938
v -87.00852966308594 -115.05412292480469 113.90345764160156
v -86.41615295410156 -122.57228088378906 113.77445983886719
v -48.15672302246094 -132.4313507080078 112.92851257324219
v -75.65568542480469 -127.09854125976562 114.58439636230469
v -54.108856201171875 -129.3567352294922 112.96099853515625
v -60.89373779296875 -132.25723266601562 112.24269104003906
v -54.09437561035156 -136.5216064453125 114.39276123046875
v -68.32179260253906 -134.26266479492188 112.59721374511719
v -51.724456787109375 -139.9331817626953 112.89512634277344
v -21.216964721679688 -160.78628540039062 113.10113525390625
v -26.412582397460938 -163.34413146972656 115.04530334472656
v -28.141159057617188 -164.6183319091797 115.05694580078125
v -28.539794921875 -168.23764038085938 113.59135437011719
v -4.7317047119140625 -173.36737060546875 115.70872497558594
v -1.6967010498046875 -177.75274658203125 114.77978515625
v -1.1361846923828125 -187.48870849609375 113.82577514648438
v -17.2762451171875 -184.56483459472656 112.96946716308594
v -5.0437774658203125 -192.9266815185547 113.5921630859375
v -62.707122802734375 -89.3316650390625 115.74331665039062
v -64.29447937011719 -90.77375793457031 117.39517211914062
v -70.56590270996094 -94.24847412109375 116.00531005859375
v -68.83647155761719 -92.22793579101562 114.29499816894531
v -46.929443359375 -91.96011352539062 119.320556640625
v -73.00679016113281 -95.78121948242188 115.35789489746094
v -78.93312072753906 -101.7288818359375 115.07235717773438
v -85.73680114746094 -107.53587341308594 117.62089538574219
v -87.41261291503906 -112.028564453125 117.14913940429688
v -90.90989685058594 -120.66160583496094 115.5906982421875
v -91.64421081542969 -119.56515502929688 116.04185485839844
v -51.23249816894531 -125.40730285644531 118.94256591796875
v -80.62519836425781 -123.37313842773438 116.15716552734375
v -89.47074890136719 -121.4091796875 115.83555603027344
v -77.44773864746094 -124.65983581542969 116.76741027832031
v -55.23724365234375 -128.52374267578125 113.96160888671875
v -55.15272521972656 -129.5906524658203 116.38529968261719
v -54.62681579589844 -131.1153106689453 115.53562927246094
v -58.3485107421875 -130.75283813476562 115.35243225097656
v -70.56544494628906 -132.60128784179688 113.25218200683594
v -61.25352478027344 -134.08099365234375 114.71243286132812
v -48.94805908203125 -136.28485107421875 114.86940002441406
v -64.2200927734375 -136.5307159423828 115.51132202148438
v -68.84910583496094 -133.3238067626953 114.81488037109375
v -53.15870666503906 -139.40457153320312 113.34365844726562
v -50.96778869628906 -140.47427368164062 113.68391418457031
v -50.25093078613281 -140.5120849609375 114.98403930664062
v -54.05464172363281 -140.67962646484375 114.76121520996094
v -52.95259094238281 -142.30502319335938 114.07830810546875
v -51.85810852050781 -144.732177734375 115.18052673339844
v -52.484039306640625 -144.37144470214844 114.64395141601562
v -50.86822509765625 -143.7239227294922 116.51655578613281
v -19.312652587890625 -163.54397583007812 115.74530029296875
v -21.844741821289062 -162.19161987304688 115.33566284179688
v -23.617935180664062 -161.65908813476562 113.67210388183594
v -13.993408203125 -168.97091674804688 116.68051147460938
v -9.577346801757812 -167.39967346191406 113.1553955078125
v -30.133621215820312 -165.7282257080078 117.02743530273438
v -30.46343994140625 -167.477783203125 116.22242736816406
v -30.252716064453125 -173.56410217285156 117.06231689453125
v -24.649856567382812 -181.05865478515625 116.75965881347656
v -0.9438934326171875 -182.1177520751953 115.92857360839844
v -16.536514282226562 -188.85455322265625 116.14027404785156
v -2.22686767578125 -192.4525146484375 115.53317260742188
v -8.822906494140625 -194.32627868652344 116.11582946777344
v -3.842620849609375 -194.75177001953125 115.53958129882812
v -52.26933288574219 -89.50169372558594 117.44931030273438
v -56.83917236328125 -89.55029296875 117.86749267578125
v -75.71095275878906 -98.08482360839844 119.66925048828125
v -46.70283508300781 -98.58967590332031 118.3280029296875
v -78.43028259277344 -100.047607421875 119.73532104492188
v -48.48423767089844 -108.29444885253906 119.529296875
v -89.63313293457031 -115.36642456054688 118.64100646972656
v -88.99470520019531 -121.30937194824219 119.14224243164062
v -92.34288024902344 -120.63546752929688 119.94334411621094
v -51.6214599609375 -122.16307067871094 121.62124633789062
v -82.70408630371094 -122.11483764648438 118.141357421875
v -72.59819030761719 -127.83493041992188 117.39419555664062
v -51.943450927734375 -129.71763610839844 121.50732421875
v -55.84571838378906 -129.08583068847656 116.94076538085938
v -56.768096923828125 -129.40501403808594 117.87361145019531
v -49.5106201171875 -134.1627655029297 117.40049743652344
v -59.61427307128906 -132.46774291992188 117.93667602539062
v -54.95756530761719 -136.15176391601562 117.63584899902344
v -61.55583190917969 -134.36741638183594 117.10403442382812
v -66.63752746582031 -134.7601318359375 116.18658447265625
v -49.56123352050781 -139.02012634277344 117.65521240234375
v -55.14166259765625 -144.2220916748047 118.64744567871094
v -54.466705322265625 -146.48878479003906 117.32914733886719
v -53.77301025390625 -147.4144744873047 116.61654663085938
v -52.7371826171875 -148.86349487304688 117.08045959472656
v -26.465103149414062 -164.41502380371094 119.22140502929688
v -23.591949462890625 -163.718505859375 117.91136169433594
v -56.165802001953125 -162.56361389160156 116.39701843261719
v -55.0767822265625 -163.33932495117188 116.66983032226562
v -57.28022766113281 -165.74412536621094 115.30986022949219
v -57.90885925292969 -162.39801025390625 116.20121765136719
v -59.85968017578125 -163.4822235107422 115.97933959960938
v -54.89991760253906 -166.9676513671875 116.23651123046875
v -58.87379455566406 -168.36199951171875 116.00001525878906
v -60.91807556152344 -166.12322998046875 116.52473449707031
v -31.390899658203125 -169.452392578125 116.89309692382812
v -6.5418701171875 -174.5735321044922 117.83283996582031
v -56.905487060546875 -169.59967041015625 116.11622619628906
v -1.8116912841796875 -180.66583251953125 118.46138000488281
v -1.0064697265625 -190.94383239746094 118.0321044921875
v -5.7436370849609375 -196.55628967285156 117.07252502441406
v -54.09843444824219 -89.28150939941406 120.035888671875
v -61.02685546875 -90.12054443359375 118.85914611816406
v -47.01509094238281 -91.37039184570312 118.45724487304688
v -67.98384094238281 -94.07827758789062 120.3719482421875
v -63.10467529296875 -91.37445068359375 120.7313232421875
v -46.74543762207031 -94.91987609863281 120.48271179199219
v -73.57792663574219 -96.81843566894531 119.32658386230469
v -81.09736633300781 -102.06573486328125 119.31259155273438
v -76.88591003417969 -108.29776000976562 118.45355224609375
v -76.88591003417969 -108.29776000976562 118.45355224609375
v -76.88591003417969 -108.29776000976562 118.45355224609375
v -76.88594055175781 -108.29776000976562 118.45355224609375
v -76.88591003417969 -108.29776000976562 118.45355224609375
v -88.60423278808594 -107.4920654296875 121.90171813964844
v -90.60395812988281 -113.709228515625 122.397705078125
v -49.87263488769531 -110.43280029296875 123.80609130859375
v -82.85481262207031 -121.60758972167969 120.76673889160156
v -94.25663757324219 -119.48655700683594 122.2620849609375
v -79.07841491699219 -123.203857421875 119.45756530761719
v -68.18019104003906 -130.73995971679688 121.12429809570312
v -65.71244812011719 -133.6798095703125 119.15036010742188
v -63.776397705078125 -135.1188201904297 117.44642639160156
v -50.039886474609375 -140.31185913085938 118.60646057128906
v -50.8294677734375 -146.15708923339844 119.52732849121094
v -51.51177978515625 -148.11358642578125 118.33363342285156
v -54.525604248046875 -151.05450439453125 118.09420776367188
v -54.60069274902344 -153.50047302246094 118.97543334960938
v -56.9300537109375 -158.0637969970703 118.80245971679688
v -54.92401123046875 -158.17950439453125 118.91867065429688
v -54.02983093261719 -159.23153686523438 119.19064331054688
v -60.305145263671875 -162.42762756347656 116.91920471191406
v -59.07173156738281 -158.84243774414062 119.53076171875
v -62.28660583496094 -161.46739196777344 119.44610595703125
v -53.08476257324219 -160.46005249023438 120.06367492675781
v -27.612136840820312 -164.04861450195312 118.22880554199219
v -29.636062622070312 -164.47227478027344 118.75059509277344
v -63.83329772949219 -165.2413787841797 118.7623291015625
v -23.9295654296875 -165.21778869628906 119.55082702636719
v -53.25657653808594 -165.2910919189453 118.47950744628906
v -19.292221069335938 -167.5130615234375 118.47212219238281
v -32.655426025390625 -166.39781188964844 118.99348449707031
v -54.23475646972656 -169.5762176513672 117.66596984863281
v -52.709075927734375 -169.19210815429688 119.44683837890625
v -63.337799072265625 -170.9972381591797 119.14175415039062
v -13.10235595703125 -172.17202758789062 118.45329284667969
v -53.66011047363281 -172.3594512939453 117.93275451660156
v -55.52027893066406 -170.80484008789062 117.16026306152344
v -59.51506042480469 -172.2317352294922 117.92074584960938
v -56.97967529296875 -171.50299072265625 117.16929626464844
v -52.51922607421875 -174.5300750732422 118.52729797363281
v -54.279541015625 -174.9891357421875 118.235595703125
v -3.9199371337890625 -178.3178253173828 119.14924621582031
v -26.691268920898438 -180.34164428710938 117.80735778808594
v -31.93218994140625 -175.920166015625 118.96524047851562
v -27.986099243164062 -180.2074432373047 118.39419555664062
v -22.821487426757812 -185.95077514648438 118.48388671875
v -0.7655029296875 -184.9809112548828 119.34002685546875
v -18.642440795898438 -188.59356689453125 117.52494812011719
v -0.6131134033203125 -188.17958068847656 121.11286926269531
v -16.6566162109375 -191.30665588378906 118.03775024414062
v -1.669464111328125 -194.55931091308594 119.35769653320312
v -9.8707275390625 -196.18768310546875 117.92178344726562
v -3.0977020263671875 -196.08383178710938 118.08984375
v -11.702590942382812 -197.0262908935547 118.68421936035156
v -8.802047729492188 -198.7469482421875 119.09342956542969
v -49.89781188964844 -88.50880432128906 120.9560546875
v -47.78938293457031 -89.79830932617188 120.96434020996094
v -59.58818054199219 -90.18988037109375 121.49165344238281
v -76.75221252441406 -98.39791870117188 122.94209289550781
v -87.69602966308594 -105.31448364257812 123.0069580078125
v -85.66471862792969 -103.65739440917969 123.12783813476562
v -76.88591003417969 -108.29776000976562 118.45355224609375
v -78.39179992675781 -117.33302307128906 120.46138000488281
v -78.39179992675781 -117.33302307128906 120.46138000488281
v -78.39179992675781 -117.33302307128906 120.46138000488281
v -78.39179992675781 -117.33302307128906 120.46138000488281
v -93.62059020996094 -117.67027282714844 122.6842041015625
v -78.39179992675781 -117.33302307128906 120.46138000488281
v -73.07905578613281 -126.46513366699219 120.58331298828125
v -55.75440979003906 -128.63809204101562 121.63897705078125
v -55.35993957519531 -129.68130493164062 121.53744506835938
v -57.389312744140625 -129.18443298339844 124.84248352050781
v -58.41011047363281 -130.36451721191406 122.202880859375
v -55.57012939453125 -132.48165893554688 124.13066101074219
v -61 -132.329345703125 121.73353576660156
v -63.528228759765625 -133.4190216064453 120.49406433105469
v -50.780792236328125 -136.5273895263672 122.02186584472656
v -55.625152587890625 -143.74462890625 120.91357421875
v -50.43910217285156 -141.925537109375 121.56939697265625
v -50.626739501953125 -146.9997100830078 122.21794128417969
v -56.1923828125 -150.68499755859375 121.05174255371094
v -51.13432312011719 -150.86343383789062 121.04661560058594
v -55.673431396484375 -152.28155517578125 119.43487548828125
v -51.862762451171875 -151.03533935546875 119.71058654785156
v -53.09083557128906 -152.7653045654297 119.20899963378906
v -51.20564270019531 -155.89060974121094 121.10478210449219
v -56.896820068359375 -154.47943115234375 120.22854614257812
v -50.29978942871094 -154.57766723632812 122.12910461425781
v -56.775146484375 -156.23782348632812 119.56436157226562
v -52.85758972167969 -158.18959045410156 120.12722778320312
v -55.51997375488281 -156.47451782226562 119.04206848144531
v -57.82379150390625 -155.76792907714844 121.52421569824219
v -60.2567138671875 -159.26651000976562 120.87345886230469
v -65.66166687011719 -164.3095703125 121.45123291015625
v -26.853775024414062 -165.7745819091797 121.84315490722656
v -29.963821411132812 -164.18966674804688 120.25822448730469
v -32.20155334472656 -164.90162658691406 120.56254577636719
v -35.71067810058594 -166.0297393798828 120.80070495605469
v -66.85841369628906 -166.45664978027344 121.88290405273438
v -24.552047729492188 -167.3499755859375 121.34819030761719
v -66.20649719238281 -169.8397216796875 120.7244873046875
v -33.63623046875 -169.16249084472656 119.00772094726562
v -36.419464111328125 -167.45716857910156 121.09465026855469
v -20.4566650390625 -171.85438537597656 121.01127624511719
v -51.59312438964844 -172.41282653808594 119.701416015625
v -33.246612548828125 -173.0792999267578 119.23823547363281
v -16.353652954101562 -174.0401153564453 120.51699829101562
v -62.89479064941406 -173.97203063964844 120.76728820800781
v -65.55366516113281 -172.26365661621094 121.18191528320312
v -6.437286376953125 -177.63632202148438 119.99807739257812
v -35.789306640625 -174.3421173095703 120.84239196777344
v -49.269500732421875 -174.430419921875 120.89193725585938
v -49.69248962402344 -175.9854278564453 119.84693908691406
v -58.46363830566406 -175.8232879638672 120.29327392578125
v -10.34912109375 -177.39056396484375 120.85769653320312
v -52.129913330078125 -176.0015411376953 119.10942077636719
v -54.86152648925781 -177.21583557128906 120.39102172851562
v -30.7593994140625 -179.41473388671875 119.05320739746094
v -34.179443359375 -178.36181640625 119.77037048339844
v -45.85664367675781 -179.257568359375 119.85435485839844
v -43.46592712402344 -178.82676696777344 120.46408081054688
v -49.29039001464844 -178.1898956298828 119.64738464355469
v -51.94969177246094 -177.91082763671875 120.03562927246094
v -41.30206298828125 -179.53390502929688 120.38037109375
v -49.74095153808594 -179.6525115966797 120.47100830078125
v -53.52491760253906 -178.5820770263672 121.69107055664062
v -3.947021484375 -181.411865234375 122.20663452148438
v -28.961044311523438 -181.84149169921875 118.9412841796875
v -37.63111877441406 -180.99871826171875 119.91357421875
v -37.64338684082031 -175.62779235839844 121.47323608398438
v -41.8721923828125 -181.63502502441406 120.19731140136719
v -45.124542236328125 -181.02188110351562 120.09281921386719
v -2.1723785400390625 -182.4324951171875 121.56593322753906
v -34.92655944824219 -183.70822143554688 119.53990173339844
v -46.14823913574219 -181.73626708984375 121.15266418457031
v -49.791534423828125 -180.51324462890625 121.67912292480469
v -30.417999267578125 -186.68399047851562 119.46000671386719
v -38.286895751953125 -183.5758514404297 120.36282348632812
v -38.79219055175781 -184.418701171875 121.24028015136719
v -42.36714172363281 -182.98403930664062 121.73579406738281
v -24.399642944335938 -187.0751190185547 119.06953430175781
v -27.57196044921875 -191.52053833007812 119.59005737304688
v -33.404876708984375 -187.01397705078125 120.28179931640625
v -19.777450561523438 -190.7768096923828 118.66831970214844
v -22.042221069335938 -191.013916015625 119.12010192871094
v -34.46917724609375 -187.87757873535156 121.32171630859375
v -32.98675537109375 -189.81097412109375 121.72552490234375
v -30.375564575195312 -189.89886474609375 120.17091369628906
v -29.483428955078125 -192.34817504882812 120.42195129394531
v -1.228240966796875 -193.6239776611328 121.04582214355469
v -19.0662841796875 -194.07899475097656 119.1390380859375
v -23.796905517578125 -197.2838134765625 119.345458984375
v -1.311004638671875 -196.45230102539062 123.05746459960938
v -14.723861694335938 -198.17935180664062 119.20100402832031
v -26.658172607421875 -198.25439453125 120.38784790039062
v -29.394866943359375 -194.55023193359375 121.16798400878906
v -1.9814300537109375 -197.3396453857422 121.37098693847656
v -3.0156097412109375 -198.87513732910156 121.06983947753906
v -4.1686859130859375 -199.9049530029297 121.08451843261719
v -24.169998168945312 -198.97515869140625 119.62510681152344
v -19.651824951171875 -200.7705841064453 119.47819519042969
v -5.79669189453125 -200.1231689453125 120.6495361328125
v -12.083572387695312 -200.6507110595703 120.61477661132812
v -13.401718139648438 -199.7760772705078 119.79814147949219
v -16.41082763671875 -202.1006622314453 120.60064697265625
v -21.697372436523438 -202.24826049804688 120.39950561523438
v -24.301483154296875 -201.59800720214844 120.85826110839844
v -26.715377807617188 -200.1939239501953 121.78955078125
v -22.454376220703125 -203.23838806152344 121.43878173828125
v -16.380020141601562 -203.23883056640625 122.27056884765625
v -49.06483459472656 -88.49880981445312 125.56973266601562
v -50.277008056640625 -88.13986206054688 123.98370361328125
v -52.8018798828125 -88.25372314453125 123.55224609375
v -56.402252197265625 -89.40931701660156 122.853515625
v -66.36186218261719 -93.73068237304688 123.40483093261719
v -60.23750305175781 -90.52981567382812 125.32904052734375
v -47.233428955078125 -91.18498229980469 123.8311767578125
v -70.43531799316406 -95.69444274902344 124.92318725585938
v -48.02070617675781 -100.99415588378906 124.39384460449219
v -91.31266784667969 -111.47018432617188 124.78590393066406
v -92.42884826660156 -115.74259948730469 123.17318725585938
v -78.39179992675781 -117.33302307128906 120.46138000488281
v -86.05598449707031 -121.02127075195312 125.60458374023438
v -92.17665100097656 -121.07601928710938 124.98248291015625
v -94.89030456542969 -119.95037841796875 123.80975341796875
v -76.52998352050781 -124.20657348632812 122.862548828125
v -82.13383483886719 -121.69993591308594 124.25790405273438
v -72.19059753417969 -126.68870544433594 124.53024291992188
v -69.14573669433594 -128.75270080566406 124.43780517578125
v -66.41465759277344 -130.96356201171875 123.50715637207031
v -56.18536376953125 -137.97267150878906 125.94769287109375
v -50.29359436035156 -150.6974639892578 123.42375183105469
v -56.60716247558594 -149.9007110595703 124.00027465820312
v -56.980377197265625 -152.3068389892578 124.01898193359375
v -58.08238220214844 -155.83193969726562 123.43746948242188
v -60.894805908203125 -159.46517944335938 123.70608520507812
v -51.143829345703125 -160.63427734375 124.02658081054688
v -64.781982421875 -162.48519897460938 122.96923828125
v -51.373138427734375 -166.9644775390625 122.89283752441406
v -29.282394409179688 -165.43853759765625 123.37953186035156
v -31.320587158203125 -164.61807250976562 122.00076293945312
v -33.503448486328125 -164.31712341308594 122.25411987304688
v -36.96687316894531 -165.3777313232422 122.24832153320312
v -36.40217590332031 -164.1999053955078 123.30589294433594
v -39.31517028808594 -166.41964721679688 123.57183837890625
v -69.64823913574219 -169.71673583984375 124.61224365234375
v -23.415603637695312 -173.9697265625 123.86788940429688
v -49.3851318359375 -171.1060333251953 123.55995178222656
v -37.88713073730469 -172.2736053466797 122.45277404785156
v -67.30198669433594 -172.45114135742188 122.93612670898438
v -47.710479736328125 -172.8380584716797 123.80168151855469
v -20.041793823242188 -177.1979217529297 123.86978149414062
v -39.99403381347656 -173.67442321777344 123.20283508300781
v -45.11842346191406 -176.89337158203125 121.21238708496094
v -15.92041015625 -180.24684143066406 124.16206359863281
v -40.552703857421875 -176.74676513671875 121.75779724121094
v -62.942047119140625 -175.27322387695312 123.43421936035156
v -12.213470458984375 -180.71649169921875 123.53936767578125
v -44.91876220703125 -172.95155334472656 124.53895568847656
v -58.083282470703125 -177.18606567382812 123.36691284179688
v -5.066619873046875 -183.4194793701172 124.31106567382812
v -46.78404235839844 -182.18983459472656 123.22187805175781
v -1.53118896484375 -185.0038604736328 122.67172241210938
v -38.2779541015625 -185.53929138183594 122.95111083984375
v -40.13594055175781 -184.2780303955078 123.30583190917969
v -35.036376953125 -188.17979431152344 122.36331176757812
v -31.37884521484375 -192.4512176513672 122.64588928222656
v -1.301116943359375 -192.22364807128906 123.58009338378906
v -29.1053466796875 -197.05538940429688 122.532470703125
v -3.1150054931640625 -199.2351531982422 123.83059692382812
v -5.3210601806640625 -201.5677947998047 125.18400573730469
v -6.86077880859375 -201.76873779296875 123.51220703125
v -12.3131103515625 -201.7321014404297 122.09628295898438
v -25.4609375 -201.8621368408203 122.58549499511719
v -14.786148071289062 -202.8617401123047 123.32127380371094
v -21.4320068359375 -203.66873168945312 122.62417602539062
v -48.35572814941406 -89.12109375 126.80485534667969
v -74.47611999511719 -97.10285949707031 126.11065673828125
v -78.91239929199219 -98.67764282226562 126.906982421875
v -84.37077331542969 -101.30419921875 129.3118896484375
v -89.60862731933594 -106.2283935546875 126.38381958007812
v -91.28608703613281 -108.298583984375 127.27560424804688
v -96.24382019042969 -118.79132080078125 125.19593811035156
v -93.84114074707031 -120.64692687988281 123.75668334960938
v -52.877166748046875 -123.87110900878906 125.8204345703125
v -70.74882507324219 -127.61737060546875 127.41044616699219
v -56.642578125 -129.24887084960938 125.08219909667969
v -59.77919006347656 -130.27780151367188 126.67604064941406
v -62.02226257324219 -131.37623596191406 125.24497985839844
v -64.26412963867188 -131.14886474609375 125.23809814453125
v -52.63203430175781 -133.41928100585938 126.19145202636719
v -51.221160888671875 -139.3974151611328 125.15174865722656
v -50.63941955566406 -146.02699279785156 125.48277282714844
v -56.4609375 -144.14105224609375 127.45491027832031
v -49.619110107421875 -152.51165771484375 124.6290283203125
v -49.54864501953125 -156.7559051513672 125.29566955566406
v -58.9072265625 -157.73728942871094 127.37705993652344
v -66.74147033691406 -163.8346405029297 125.46194458007812
v -33.034881591796875 -165.08079528808594 124.881591796875
v -35.123291015625 -164.35438537597656 125.95759582519531
v -37.18235778808594 -163.5959930419922 125.6702880859375
v -41.75370788574219 -166.25462341308594 124.98353576660156
v -40.95477294921875 -163.82456970214844 125.47819519042969
v -68.91273498535156 -165.5983123779297 126.55813598632812
v -31.13397216796875 -166.83499145507812 126.14653015136719
v -41.19813537597656 -170.7498016357422 124.71833801269531
v -50.1768798828125 -165.75946044921875 124.56759643554688
v -29.877822875976562 -169.50772094726562 126.87652587890625
v -69.39546203613281 -171.54148864746094 125.20791625976562
v -41.895111083984375 -172.06674194335938 124.64242553710938
v -67.69920349121094 -173.10047912597656 124.77662658691406
v -54.812255859375 -178.66848754882812 124.44917297363281
v -51.70353698730469 -180.22232055664062 125.64349365234375
v -2.5580291748046875 -185.17222595214844 124.02517700195312
v -10.953460693359375 -183.5843048095703 124.82608032226562
v -41.815032958984375 -183.4866180419922 125.75810241699219
v -38.54962158203125 -185.14486694335938 126.01217651367188
v -33.87101745605469 -189.63851928710938 125.23114013671875
v -1.869140625 -195.33445739746094 124.79972839355469
v -31.483978271484375 -193.22088623046875 126.23196411132812
v -3.2540435791015625 -198.64053344726562 125.98905944824219
v -27.145416259765625 -200.47311401367188 124.07637023925781
v -28.830947875976562 -198.26625061035156 125.99917602539062
v -7.5231170654296875 -202.40321350097656 126.81149291992188
v -12.418014526367188 -202.4161834716797 124.49603271484375
v -16.988998413085938 -203.513427734375 125.1400146484375
v -22.295242309570312 -203.62786865234375 123.93287658691406
v -25.256027221679688 -201.9425048828125 125.48123168945312
v -52.09947204589844 -87.86114501953125 128.55755615234375
v -54.99443054199219 -88.31991577148438 127.43675231933594
v -64.89277648925781 -93.00872802734375 128.9957275390625
v -47.94178771972656 -93.33834838867188 129.41419982910156
v -88.11805725097656 -103.17630004882812 131.1644744873047
v -49.72279357910156 -102.99653625488281 129.8148651123047
v -94.28547668457031 -113.78201293945312 126.943603515625
v -51.80494689941406 -110.54689025878906 130.8651123046875
v -97.54756164550781 -116.64590454101562 127.72918701171875
v -99.12461853027344 -118.89358520507812 127.32670593261719
v -96.04203796386719 -120.83621215820312 125.89529418945312
v -98.09291076660156 -120.95408630371094 126.56082153320312
v -99.57054138183594 -120.66531372070312 127.19247436523438
v -87.38764953613281 -120.92442321777344 130.36935424804688
v -78.29692077636719 -123.70503234863281 128.9564208984375
v -98.05845642089844 -122.08279418945312 127.68626403808594
v -74.48982238769531 -125.62593078613281 127.02851867675781
v -53.25042724609375 -129.80157470703125 127.31800842285156
v -56.54182434082031 -130.1693572998047 127.1339111328125
v -58.328277587890625 -128.832275390625 129.93026733398438
v -67.70252990722656 -129.15184020996094 126.62504577636719
v -56.70347595214844 -140.92515563964844 129.0028839111328
v -50.05567932128906 -150.716064453125 128.3909454345703
v -56.664031982421875 -152.01345825195312 131.0792694091797
v -49.16815185546875 -154.85202026367188 127.44883728027344
v -49.42604064941406 -159.5586395263672 125.84188842773438
v -44.34832763671875 -163.12661743164062 126.30752563476562
v -42.97404479980469 -161.87637329101562 127.27287292480469
v -39.43128967285156 -163.01210021972656 126.17047119140625
v -47.3961181640625 -160.22872924804688 126.881103515625
v -48.31687927246094 -163.32406616210938 125.836669921875
v -64.75257873535156 -162.3355712890625 127.2000732421875
v -44.72828674316406 -166.17221069335938 125.69050598144531
v -71.00297546386719 -167.84478759765625 127.54354858398438
v -33.37486267089844 -168.7124481201172 129.7725372314453
v -45.47947692871094 -170.30113220214844 125.39007568359375
v -48.21714782714844 -169.49319458007812 124.87008666992188
v -71.42921447753906 -169.33245849609375 127.71829223632812
v -28.715652465820312 -176.4188995361328 128.90122985839844
v -71.43150329589844 -170.89132690429688 128.51776123046875
v -23.890106201171875 -176.71812438964844 125.49913024902344
v -26.601577758789062 -180.01144409179688 128.83409118652344
v -62.336151123046875 -176.1634063720703 126.94718933105469
v -67.78062438964844 -173.9302215576172 128.10659790039062
v -57.1373291015625 -177.9539337158203 127.39057922363281
v -22.47821044921875 -182.63465881347656 127.67103576660156
v -46.87562561035156 -182.1327667236328 126.70133972167969
v -5.76593017578125 -185.3486785888672 125.242919921875
v -13.41455078125 -188.81886291503906 127.52754211425781
v -3.9364471435546875 -187.2919921875 125.38748168945312
v -12.220321655273438 -187.97274780273438 126.62193298339844
v -6.801483154296875 -190.58184814453125 126.76356506347656
v -2.581207275390625 -191.06027221679688 125.34309387207031
v -4.618927001953125 -194.45907592773438 127.28504943847656
v -3.41900634765625 -196.72532653808594 126.59474182128906
v -27.256637573242188 -200.05545043945312 126.94192504882812
v -5.6597900390625 -201.7415008544922 128.39305114746094
v -14.045883178710938 -202.6667022705078 126.38996887207031
v -20.08489990234375 -202.92115783691406 127.58224487304688
v -51.36772155761719 -88.24253845214844 131.86349487304688
v -48.172882080078125 -90.89065551757812 129.61349487304688
v -58.65901184082031 -89.61659240722656 131.67420959472656
v -70.31166076660156 -94.94143676757812 131.57275390625
v -91.84669494628906 -107.10255432128906 130.3911590576172
v -94.68666076660156 -111.18922424316406 130.86871337890625
v -102.34083557128906 -120.72016906738281 130.31790161132812
v -99.50990295410156 -117.37837219238281 129.57968139648438
v -94.34394836425781 -121.50502014160156 127.69233703613281
v -96.12602233886719 -122.03993225097656 128.67611694335938
v -102.70643615722656 -122.14460754394531 129.7212677001953
v -101.44419860839844 -123.01948547363281 128.86947631835938
v -83.93873596191406 -121.69534301757812 130.1266632080078
v -100.71559143066406 -123.65261840820312 128.99937438964844
v -57.30952453613281 -126.3682861328125 128.4927215576172
v -57.30952453613281 -126.3682861328125 128.4927520751953
v -57.30952453613281 -126.3682861328125 128.4927520751953
v -57.30952453613281 -126.3682861328125 128.4927520751953
v -57.30952453613281 -126.3682861328125 128.4927520751953
v -65.56547546386719 -129.12977600097656 132.1498565673828
v -69.70997619628906 -128.2220458984375 129.72451782226562
v -60.07568359375 -130.8670654296875 130.58929443359375
v -62.060699462890625 -130.8147735595703 128.3341827392578
v -63.94566345214844 -130.12539672851562 130.05601501464844
v -61.071868896484375 -130.79808044433594 129.57431030273438
v -57.238616943359375 -135.0408935546875 129.55355834960938
v -51.468658447265625 -144.78175354003906 130.65028381347656
v -56.545379638671875 -149.60873413085938 131.18809509277344
v -49.705322265625 -152.574951171875 130.48822021484375
v -57.16111755371094 -154.4590301513672 131.31398010253906
v -47.90013122558594 -157.3985595703125 128.10537719726562
v -48.05290222167969 -155.9217529296875 130.69700622558594
v -45.28855895996094 -159.5905303955078 128.44839477539062
v -60.41584777832031 -159.69085693359375 129.2185516357422
v -45.15374755859375 -158.7923126220703 130.69631958007812
v -41.640838623046875 -161.55665588378906 128.536865234375
v -63.18269348144531 -161.95254516601562 131.91220092773438
v -38.50187683105469 -163.45370483398438 130.1129150390625
v -34.74470520019531 -166.58201599121094 129.2523651123047
v -68.80656433105469 -164.26995849609375 130.26290893554688
v -73.56831359863281 -170.51039123535156 131.70945739746094
v -71.90824890136719 -172.16152954101562 131.8336181640625
v -71.78038024902344 -173.05267333984375 135.3149871826172
v -54.739013671875 -178.59246826171875 129.70899963378906
v -49.06304931640625 -180.89901733398438 129.62648010253906
v -34.62762451171875 -188.3631591796875 128.93910217285156
v -36.13917541503906 -185.68124389648438 132.98069763183594
v -6.73028564453125 -193.39080810546875 128.117919921875
v -33.08888244628906 -189.9724578857422 130.95233154296875
v -30.827041625976562 -194.23255920410156 128.91128540039062
v -29.398590087890625 -196.5817413330078 129.58560180664062
v -4.9023284912109375 -199.63055419921875 129.30615234375
v -26.205642700195312 -199.950439453125 129.49130249023438
v -27.975250244140625 -198.11318969726562 130.21493530273438
v -6.13720703125 -201.4256134033203 129.9106903076172
v -23.437744140625 -201.63990783691406 128.69236755371094
v -7.7412567138671875 -202.1521759033203 129.20494079589844
v -14.173568725585938 -202.11558532714844 128.990966796875
v -49.82936096191406 -89.16427612304688 131.642578125
v -55.47831726074219 -88.53274536132812 131.99600219726562
v -63.732666015625 -92.35467529296875 135.46875
v -49.99919128417969 -98.60127258300781 133.5460662841797
v -79.52760314941406 -97.71279907226562 132.00108337402344
v -82.28227233886719 -98.82147216796875 133.70518493652344
v -91.26023864746094 -105.13499450683594 133.49147033691406
v -51.41064453125 -103.42977905273438 136.65188598632812
v -96.89344787597656 -113.12741088867188 132.56854248046875
v -53.7596435546875 -120.37736511230469 133.50601196289062
v -105.28849792480469 -122.69920349121094 131.37136840820312
v -81.79905700683594 -123.33938598632812 134.2960968017578
v -99.15068054199219 -123.835693359375 130.74647521972656
v -105.78028869628906 -124.29107666015625 130.48915100097656
v -103.45014953613281 -124.40969848632812 129.702392578125
v -105.50856018066406 -124.79507446289062 129.70787048339844
v -57.30952453613281 -126.3682861328125 128.49273681640625
v -74.23655700683594 -126.93917846679688 131.56265258789062
v -104.46888732910156 -126.2423095703125 131.46429443359375
v -58.70941162109375 -133.28900146484375 131.4013671875
v -57.396270751953125 -138.63314819335938 131.19711303710938
v -52.25856018066406 -157.4583740234375 130.50057983398438
v -52.25856018066406 -157.4583740234375 130.50057983398438
v -52.25856018066406 -157.45838928222656 130.50059509277344
v -52.25856018066406 -157.4583740234375 130.50057983398438
v -52.25856018066406 -157.4583740234375 130.50057983398438
v -52.25856018066406 -157.4583740234375 130.50057983398438
v -52.25856018066406 -157.4583740234375 130.5005645751953
v -52.25856018066406 -157.4583740234375 130.50057983398438
v -52.25856018066406 -157.4583740234375 130.50057983398438
v -58.85333251953125 -157.9208221435547 131.7649383544922
v -52.25856018066406 -157.4583740234375 130.5005645751953
v -52.25856018066406 -157.4583740234375 130.5005645751953
v -41.551910400390625 -161.3502960205078 130.9142608642578
v -66.67115783691406 -163.11880493164062 131.61126708984375
v -37.4681396484375 -165.29473876953125 131.72311401367188
v -71.66743469238281 -165.6252899169922 131.9361114501953
v -73.54368591308594 -168.43138122558594 131.19029235839844
v -58.60546875 -177.11643981933594 132.52618408203125
v -65.69639587402344 -175.10365295410156 134.9581298828125
v -51.91188049316406 -179.28915405273438 131.25401306152344
v -38.55833435058594 -183.62332153320312 134.41554260253906
v -42.65269470214844 -181.8719482421875 135.96475219726562
v -24.83184814453125 -187.14987182617188 132.53553771972656
v -13.692535400390625 -192.0919952392578 130.21974182128906
v -9.194290161132812 -195.60272216796875 130.6721954345703
v -6.8901519775390625 -197.2834014892578 130.39378356933594
v -6.675994873046875 -199.81875610351562 130.7118682861328
v -19.201858520507812 -201.3785400390625 130.654296875
v -49.89457702636719 -93.12002563476562 134.5347137451172
v -68.87818908691406 -94.15461730957031 135.4799346923828
v -85.86161804199219 -101.01033020019531 135.25213623046875
v -53.18402099609375 -107.65995788574219 139.6659698486328
v -100.34529113769531 -116.43865966796875 133.56202697753906
v -103.20146179199219 -119.6937255859375 133.1892547607422
v -86.61048889160156 -121.56861877441406 132.5747833251953
v -90.35340881347656 -121.53277587890625 132.83912658691406
v -80.53187561035156 -124.35444641113281 134.89413452148438
v -106.72431945800781 -126.5693359375 133.20619201660156
v -103.27153015136719 -126.531494140625 132.89796447753906
v -71.09129333496094 -128.6320343017578 133.60476684570312
v -74.75297546386719 -128.09365844726562 135.1672821044922
v -59.30220031738281 -131.76174926757812 131.2489013671875
v -62.33406066894531 -131.23033142089844 132.57875061035156
v -61.04925537109375 -133.0951690673828 133.89910888671875
v -54.160400390625 -130.83071899414062 135.56214904785156
v -53.83575439453125 -136.32545471191406 136.27621459960938
v -58.68989562988281 -136.6079864501953 133.23406982421875
v -57.18382263183594 -143.9696502685547 133.9871063232422
v -48.73146057128906 -154.84527587890625 134.57168579101562
v -52.25856018066406 -157.4583740234375 130.5005645751953
v -52.25856018066406 -157.4583740234375 130.5005645751953
v -52.25856018066406 -157.4583740234375 130.5005645751953
v -44.48553466796875 -159.40194702148438 134.4676971435547
v -61.907135009765625 -161.04678344726562 133.15504455566406
v -60.47056579589844 -159.0977783203125 135.7162628173828
v -42.100830078125 -162.2494354248047 136.06524658203125
v -52.26478576660156 -163.5965576171875 129.71571350097656
v -52.35002136230469 -164.8916778564453 129.72105407714844
v -53.376373291015625 -162.95127868652344 131.1282958984375
v -69.89271545410156 -163.57342529296875 135.63784790039062
v -74.52043151855469 -167.49082946777344 133.00579833984375
v -75.65403747558594 -169.50445556640625 133.38876342773438
v -34.68601989746094 -171.27781677246094 132.90716552734375
v -32.66313171386719 -178.678955078125 133.96832275390625
v -43.30769348144531 -181.00401306152344 138.140625
v -27.81256103515625 -186.55564880371094 134.23626708984375
v -36.16038513183594 -184.608154296875 135.46054077148438
v -22.322418212890625 -190.87059020996094 133.6157684326172
v -17.6793212890625 -193.31422424316406 132.5062255859375
v -32.184814453125 -189.9505157470703 133.816162109375
v -12.806808471679688 -195.5977020263672 131.56607055664062
v -29.195419311523438 -194.02264404296875 133.7686767578125
v -30.937026977539062 -191.26089477539062 134.20413208007812
v -9.0057373046875 -198.79388427734375 131.43637084960938
v -14.10595703125 -197.9283905029297 132.1633758544922
v -27.159576416015625 -196.49508666992188 133.0626983642578
v -18.498092651367188 -199.240966796875 132.482177734375
v -23.189773559570312 -197.2870635986328 133.38015747070312
v -23.97503662109375 -198.84881591796875 132.0765380859375
v -8.1539306640625 -201.06394958496094 130.83596801757812
v -14.751556396484375 -200.42437744140625 131.32376098632812
v -16.606109619140625 -198.15350341796875 132.71389770507812
v -50.758544921875 -90.96836853027344 135.4085693359375
v -52.60667419433594 -90.40031433105469 137.22364807128906
v -53.75189208984375 -89.86076354980469 137.30392456054688
v -56.65260314941406 -89.48629760742188 136.50677490234375
v -66.11531066894531 -93.47615051269531 139.2306671142578
v -77.49931335449219 -96.56460571289062 136.0833282470703
v -81.79194641113281 -98.14949035644531 137.06748962402344
v -90.71592712402344 -103.57951354980469 138.34707641601562
v -94.40425109863281 -108.82731628417969 135.06312561035156
v -54.29115295410156 -111.47128295898438 141.232177734375
v -91.64952087402344 -122.95106506347656 136.96322631835938
v -95.93656921386719 -123.37571716308594 135.73843383789062
v -105.47444152832031 -121.37570190429688 136.54396057128906
v -107.02647399902344 -124.56890869140625 135.17935180664062
v -107.52033996582031 -126.15129089355469 136.17559814453125
v -106.28538513183594 -127.97151184082031 135.5340576171875
v -66.65278625488281 -129.38331604003906 135.32028198242188
v -64.06024169921875 -131.24905395507812 135.99391174316406
v -53.23323059082031 -141.1558837890625 137.12281799316406
v -52.71775817871094 -144.927490234375 139.29168701171875
v -50.553955078125 -151.5634307861328 135.2476348876953
v -57.23387145996094 -151.47000122070312 134.38043212890625
v -58.595550537109375 -156.1285400390625 134.66818237304688
v -62.617095947265625 -161.1228485107422 136.13250732421875
v -65.53123474121094 -162.4913330078125 135.15394592285156
v -42.216949462890625 -163.88157653808594 139.3802032470703
v -38.97296142578125 -166.39071655273438 135.90362548828125
v -74.42665100097656 -166.12265014648438 134.82164001464844
v -37.254180908203125 -170.78729248046875 136.33419799804688
v -78.78392028808594 -168.49932861328125 136.42466735839844
v -77.40422058105469 -169.81849670410156 135.9110870361328
v -35.51292419433594 -178.53297424316406 137.55189514160156
v -72.23335266113281 -173.00665283203125 139.4442596435547
v -56.10774230957031 -176.47183227539062 136.53851318359375
v -62.08782958984375 -175.63424682617188 136.7134552001953
v -52.73358154296875 -177.34820556640625 136.18441772460938
v -27.24853515625 -188.52963256835938 134.71900939941406
v -26.811172485351562 -190.39779663085938 135.09848022460938
v -22.028884887695312 -193.6082763671875 134.4986572265625
v -19.534957885742188 -194.57945251464844 133.42088317871094
v -20.792144775390625 -196.1435089111328 133.6575164794922
v -24.358612060546875 -194.72035217285156 134.70310974121094
v -26.739212036132812 -194.85836791992188 134.47732543945312
v -55.55796813964844 -89.93167114257812 138.48248291015625
v -59.452911376953125 -90.48268127441406 137.7721405029297
v -52.30903625488281 -100.66339111328125 140.340576171875
v -93.20246887207031 -106.2655029296875 138.69508361816406
v -97.72029113769531 -112.67852783203125 137.8304901123047
v -54.80308532714844 -115.39547729492188 140.1178436279297
v -54.281005859375 -120.61665344238281 136.58450317382812
v -85.64356994628906 -124.1429443359375 138.63720703125
v -99.22508239746094 -125.8118896484375 139.14474487304688
v -102.76170349121094 -127.4466552734375 137.41737365722656
v -107.34584045410156 -127.74777221679688 137.74813842773438
v -71.97029113769531 -129.8699188232422 136.7547607421875
v -75.34858703613281 -129.3705291748047 138.09156799316406
v -106.80256652832031 -128.68994140625 138.3944091796875
v -66.14289855957031 -130.73313903808594 137.25796508789062
v -58.817474365234375 -141.02798461914062 137.6260528564453
v -57.95579528808594 -144.2377471923828 136.71267700195312
v -49.17121887207031 -155.32070922851562 144.61935424804688
v -60.344207763671875 -157.60723876953125 137.5261688232422
v -69.85395812988281 -163.0401611328125 137.59051513671875
v -74.69697570800781 -164.13711547851562 140.09478759765625
v -75.44459533691406 -171.6738739013672 137.60433959960938
v -33.428009033203125 -181.99441528320312 136.62692260742188
v -49.93550109863281 -177.928955078125 137.54124450683594
v -38.02980041503906 -183.0248260498047 137.28561401367188
v -30.678207397460938 -187.6342010498047 136.64402770996094
v -32.34429931640625 -187.96461486816406 136.3940887451172
v -29.670654296875 -189.573974609375 135.68675231933594
v -28.053054809570312 -191.5292510986328 135.3463592529297
v -30.004180908203125 -190.87298583984375 135.0826873779297
v -52.450164794921875 -94.268798828125 139.9999237060547
v -73.51091003417969 -95.4046630859375 140.8479766845703
v -80.46794128417969 -97.56602478027344 139.1862030029297
v -86.60945129394531 -101.23423767089844 140.64813232421875
v -95.86680603027344 -110.23745727539062 141.05551147460938
v -103.81858825683594 -119.04597473144531 141.5322265625
v -55.30963134765625 -119.353759765625 140.44630432128906
v -106.69316101074219 -123.76667785644531 140.09329223632812
v -55.34246826171875 -129.20718383789062 140.62310791015625
v -81.46897888183594 -126.77848815917969 140.2472686767578
v -91.91047668457031 -124.57200622558594 140.26914978027344
v -96.66322326660156 -124.76162719726562 139.5025634765625
v -103.44169616699219 -128.48141479492188 139.50021362304688
v -105.46418762207031 -128.92269897460938 139.71290588378906
v -67.57341003417969 -132.8900146484375 140.9469451904297
v -71.01530456542969 -131.29446411132812 138.6167755126953
v -73.66361999511719 -132.0262908935547 140.006591796875
v -61.23822021484375 -137.81222534179688 139.34201049804688
v -58.97019958496094 -143.43240356445312 139.07235717773438
v -59.57322692871094 -152.19029235839844 138.2786407470703
v -60.25828552246094 -143.99061584472656 140.93710327148438
v -62.08013916015625 -155.97189331054688 141.3326873779297
v -46.94158935546875 -157.98440551757812 141.20718383789062
v -62.6239013671875 -159.38844299316406 139.46141052246094
v -44.4608154296875 -160.72305297851562 139.34141540527344
v -65.40428161621094 -161.0771026611328 139.35519409179688
v -76.85600280761719 -165.36276245117188 138.66595458984375
v -79.40806579589844 -167.61558532714844 137.4666290283203
v -79.40876770019531 -166.454345703125 138.5966796875
v -82.89884948730469 -167.2461395263672 140.5953369140625
v -82.64936828613281 -166.37159729003906 140.64138793945312
v -80.71134948730469 -169.1359100341797 139.04464721679688
v -40.85276794433594 -168.5954132080078 141.59701538085938
v -77.14042663574219 -170.8259735107422 139.18057250976562
v -39.35554504394531 -173.1907501220703 141.3431396484375
v -59.56373596191406 -174.91419982910156 139.41734313964844
v -53.54444885253906 -173.67283630371094 143.9242706298828
v -35.70097351074219 -180.90528869628906 138.24542236328125
v -45.29939270019531 -178.80853271484375 141.1133575439453
v -35.22697448730469 -182.2572021484375 137.73794555664062
v -33.24720764160156 -184.54217529296875 137.0310516357422
v -36.13627624511719 -183.2431640625 137.4006805419922
v -38.249847412109375 -181.83193969726562 139.69015502929688
v -34.14552307128906 -185.01206970214844 136.8492431640625
v -54.508514404296875 -92.07391357421875 141.86102294921875
v -57.53294372558594 -91.12113952636719 141.6542510986328
v -60.800628662109375 -91.84999084472656 143.52366638183594
v -77.22023010253906 -96.69485473632812 142.59764099121094
v -83.22401428222656 -99.19749450683594 141.75022888183594
v -53.19203186035156 -104.65243530273438 141.60409545898438
v -92.41209411621094 -105.61839294433594 142.0169677734375
v -97.69734191894531 -112.76469421386719 143.65966796875
v -105.71318054199219 -121.74488830566406 143.1119842529297
v -84.33360290527344 -126.53181457519531 141.6985321044922
v -89.51905822753906 -125.80548095703125 141.8816375732422
v -97.96076965332031 -126.52232360839844 141.70445251464844
v -106.90632629394531 -125.9886474609375 142.14755249023438
v -80.05302429199219 -129.12767028808594 142.0694580078125
v -106.10389709472656 -129.13526916503906 141.88265991210938
v -106.76344299316406 -127.9012451171875 141.299072265625
v -65.72761535644531 -134.36228942871094 141.9033966064453
v -70.86576843261719 -134.24594116210938 141.59117126464844
v -54.78767395019531 -140.0814666748047 143.13986206054688
v -60.24537658691406 -141.4506378173828 140.5045623779297
v -62.317108154296875 -139.01019287109375 141.90182495117188
v -61.84031677246094 -147.0460205078125 142.03233337402344
v -50.69911193847656 -152.79708862304688 147.162841796875
v -62.46449279785156 -157.9116668701172 140.83932495117188
v -69.56538391113281 -161.9235382080078 140.19456481933594
v -43.090606689453125 -165.66404724121094 143.42906188964844
v -79.27375793457031 -164.87802124023438 140.8575439453125
v -85.60246276855469 -165.98849487304688 144.71014404296875
v -75.99723815917969 -171.1085968017578 141.90020751953125
v -66.75312805175781 -174.12277221679688 140.05784606933594
v -50.49169921875 -174.50779724121094 144.57093811035156
v -38.28758239746094 -178.59530639648438 140.97122192382812
v -38.46635437011719 -180.4611358642578 140.7871856689453
v -40.06390380859375 -181.44845581054688 140.33644104003906
v -41.52543640136719 -179.81283569335938 141.8509063720703
v -68.69651794433594 -94.79502868652344 147.58938598632812
v -56.7171630859375 -96.97042846679688 147.77520751953125
v -55.10545349121094 -100.99501037597656 145.827880859375
v -79.58634948730469 -97.94512939453125 145.36105346679688
v -90.51063537597656 -103.90377807617188 142.9776611328125
v -94.77104187011719 -126.52615356445312 142.71282958984375
v -102.47108459472656 -129.77999877929688 142.48846435546875
v -104.42506408691406 -129.98329162597656 141.82473754882812
v -56.42059326171875 -134.60289001464844 147.06668090820312
v -73.25077819824219 -135.09927368164062 142.35781860351562
v -65.34434509277344 -136.6540069580078 144.35498046875
v -52.93690490722656 -146.80580139160156 145.901611328125
v -63.29527282714844 -148.4724884033203 142.8336944580078
v -46.71083068847656 -159.61228942871094 144.79322814941406
v -64.59651184082031 -159.0927734375 141.75405883789062
v -69.28144836425781 -160.05885314941406 142.90069580078125
v -44.45945739746094 -162.99110412597656 143.59645080566406
v -73.49006652832031 -162.46371459960938 142.5989990234375
v -77.08219909667969 -163.49522399902344 142.77304077148438
v -81.08137512207031 -163.7996826171875 142.7573699951172
v -83.08757019042969 -164.07493591308594 142.82705688476562
v -85.23130798339844 -165.2782745361328 143.3988494873047
v -84.75132751464844 -164.27841186523438 143.19366455078125
v -82.36714172363281 -168.25201416015625 142.97738647460938
v -80.22019958496094 -169.42474365234375 142.57081604003906
v -71.90956115722656 -172.24554443359375 142.96266174316406
v -57.480712890625 -171.78945922851562 146.36473083496094
v -67.96559143066406 -172.42153930664062 144.41159057617188
v -40.73291015625 -175.44810485839844 143.25379943847656
v -42.159942626953125 -173.5943603515625 144.95860290527344
v -44.150909423828125 -178.05859375 142.91729736328125
v -56.8486328125 -92.60296630859375 144.4466552734375
v -55.140167236328125 -93.904052734375 143.8885498046875
v -59.68365478515625 -92.63186645507812 146.8743133544922
v -63.04847717285156 -92.850341796875 146.25399780273438
v -58.06559753417969 -94.87059020996094 148.8612823486328
v -81.00154113769531 -99.28828430175781 147.8864288330078
v -85.29124450683594 -101.12922668457031 145.0462188720703
v -55.46998596191406 -108.27523803710938 146.29519653320312
v -92.10371398925781 -106.03582763671875 144.3499298095703
v -103.25605773925781 -119.01811218261719 147.48208618164062
v -56.91059875488281 -115.72409057617188 145.348876953125
v -106.94029235839844 -125.93765258789062 146.26150512695312
v -86.29801940917969 -128.087890625 143.85067749023438
v -107.16233825683594 -128.79849243164062 145.48794555664062
v -94.04380798339844 -128.72750854492188 144.97483825683594
v -82.42521667480469 -131.6299591064453 145.7966766357422
v -98.40544128417969 -130.21629333496094 145.14830017089844
v -106.72914123535156 -130.13629150390625 144.00006103515625
v -78.11479187011719 -132.62681579589844 143.80783081054688
v -104.17436218261719 -131.12738037109375 143.0300750732422
v -106.37345886230469 -131.42922973632812 143.59970092773438
v -56.646240234375 -127.66120910644531 144.45591735839844
v -101.67466735839844 -131.558349609375 144.3714599609375
v -106.26258850097656 -133.02139282226562 143.580078125
v -107.78572082519531 -131.77980041503906 145.1606903076172
v -75.14033508300781 -136.75340270996094 144.3987579345703
v -79.18122863769531 -135.1400604248047 146.6433563232422
v -107.60890197753906 -134.8251953125 143.84283447265625
v -108.69529724121094 -133.88589477539062 143.10218811035156
v -108.62974548339844 -133.82835388183594 143.4751739501953
v -67.29179382324219 -136.89376831054688 145.91737365722656
v -70.96839904785156 -137.47442626953125 144.07437133789062
v -105.94013977050781 -136.1875 144.82138061523438
v -72.85060119628906 -137.84669494628906 143.88223266601562
v -107.12464904785156 -137.78305053710938 146.13108825683594
v -107.67082214355469 -137.3505401611328 146.43222045898438
v -73.76454162597656 -141.1322479248047 145.30389404296875
v -66.08247375488281 -138.3305206298828 145.9636993408203
v -63.62449645996094 -140.5865478515625 143.4635467529297
v -71.94599914550781 -141.40408325195312 145.5831756591797
v -64.62557983398438 -142.94322204589844 144.0070343017578
v -68.56422424316406 -141.25363159179688 147.08128356933594
v -69.02787780761719 -146.222412109375 145.50439453125
v -69.80589294433594 -148.24508666992188 145.81019592285156
v -64.5313720703125 -155.52911376953125 143.2017822265625
v -68.19688415527344 -153.6936798095703 145.04949951171875
v -68.46516418457031 -157.06285095214844 144.54058837890625
v -72.38960266113281 -158.8231658935547 146.071533203125
v -82.49980163574219 -161.8598175048828 144.19143676757812
v -84.38233947753906 -158.65057373046875 144.6804962158203
v -82.77137756347656 -157.31101989746094 146.01019287109375
v -75.34419250488281 -161.3505859375 145.36325073242188
v -84.66816711425781 -162.28048706054688 143.6062774658203
v -86.29258728027344 -159.2581024169922 144.35897827148438
v -87.01097106933594 -161.9204864501953 143.70567321777344
v -89.01142883300781 -161.60107421875 144.10658264160156
v -45.98066711425781 -162.46490478515625 146.60525512695312
v -78.72569274902344 -160.3327178955078 146.8595428466797
v -87.99180603027344 -164.3890838623047 144.7557830810547
v -90.25456237792969 -162.89553833007812 145.23695373535156
v -81.51371765136719 -168.11109924316406 145.84085083007812
v -85.36454772949219 -166.39231872558594 146.421875
v -43.48847961425781 -168.43531799316406 145.69044494628906
v -43.55084228515625 -171.3094482421875 146.42185974121094
v -77.67845153808594 -169.85643005371094 144.25643920898438
v -42.511505126953125 -176.3464813232422 144.45327758789062
v -42.51568603515625 -177.49974060058594 143.64205932617188
v -47.55534362792969 -175.47259521484375 145.3487548828125
v -58.268798828125 -93.60066223144531 148.14601135253906
v -84.05613708496094 -101.36253356933594 148.24954223632812
v -90.17567443847656 -105.25328063964844 146.42916870117188
v -92.81663513183594 -109.22486877441406 148.5720977783203
v -95.98191833496094 -112.07208251953125 148.1648406982422
v -59.30339050292969 -117.03602600097656 150.79298400878906
v -60.052001953125 -120.21792602539062 152.44500732421875
v -87.01765441894531 -132.8096923828125 147.88784790039062
v -57.741241455078125 -131.17599487304688 149.48426818847656
v -93.64695739746094 -132.10418701171875 147.70352172851562
v -96.76872253417969 -133.73660278320312 148.54441833496094
v -108.49916076660156 -132.7202911376953 147.41786193847656
v -103.03276062011719 -138.03457641601562 147.77801513671875
v -69.53852844238281 -139.69825744628906 146.2605438232422
v -106.35777282714844 -138.05084228515625 146.7427215576172
v -75.56886291503906 -142.15151977539062 146.52316284179688
v -77.95832824707031 -139.43614196777344 147.8046875
v -69.83903503417969 -143.99684143066406 146.41192626953125
v -73.24739074707031 -144.16098022460938 146.0500946044922
v -74.51499938964844 -148.41806030273438 147.20082092285156
v -71.23908996582031 -145.9876251220703 146.14022827148438
v -76.74766540527344 -146.16192626953125 147.780517578125
v -81.49699401855469 -155.26670837402344 147.2697296142578
v -83.73530578613281 -153.79566955566406 148.26718139648438
v -73.99671936035156 -156.14877319335938 148.52354431152344
v -79.06986999511719 -157.86614990234375 148.24208068847656
v -90.50199890136719 -159.19158935546875 145.99449157714844
v -89.74201965332031 -155.73699951171875 148.33999633789062
v -76.05934143066406 -159.23919677734375 147.5088653564453
v -92.31361389160156 -160.54611206054688 146.52670288085938
v -92.89573669433594 -161.93495178222656 147.26390075683594
v -94.15541076660156 -160.13795471191406 148.4639129638672
v -91.71656799316406 -163.24853515625 147.7886199951172
v -88.47123718261719 -165.00466918945312 147.05194091796875
v -77.17146301269531 -168.61500549316406 147.68150329589844
v -73.96110534667969 -167.68289184570312 151.3182373046875
v -52.57855224609375 -171.8961181640625 147.3419952392578
v -65.05281066894531 -170.41725158691406 148.68655395507812
v -44.89128112792969 -174.5030517578125 146.59788513183594
v -63.67503356933594 -94.34747314453125 152.32730102539062
v -65.01942443847656 -94.21270751953125 151.24078369140625
v -68.56669616699219 -95.7227783203125 152.878173828125
v -56.82902526855469 -105.76666259765625 148.99302673339844
v -58.92277526855469 -112.15898132324219 151.3046112060547
v -105.73579406738281 -123.48359680175781 150.07339477539062
v -107.03752136230469 -126.70890808105469 149.57933044433594
v -82.85206604003906 -135.27227783203125 148.6348114013672
v -98.80509948730469 -135.25184631347656 148.65818786621094
v -108.87245178222656 -135.5738983154297 151.7029571533203
v -108.42088317871094 -137.27940368652344 149.72055053710938
v -81.25257873535156 -138.54783630371094 149.32400512695312
v -105.28977966308594 -139.3260040283203 148.21505737304688
v -107.64842224121094 -138.5686492919922 149.3346405029297
v -55.75823974609375 -141.0260009765625 150.28286743164062
v -102.15773010253906 -140.23880004882812 149.05575561523438
v -79.29838562011719 -141.5780792236328 149.03314208984375
v -77.45838928222656 -148.92579650878906 148.2610321044922
v -72.73854064941406 -151.60662841796875 147.63990783691406
v -75.88166809082031 -151.5709228515625 148.38336181640625
v -74.71342468261719 -153.48281860351562 148.84852600097656
v -79.41175842285156 -150.52935791015625 148.78115844726562
v -80.35682678222656 -151.96434020996094 148.6195526123047
v -73.04560852050781 -154.54937744140625 148.40252685546875
v -79.09294128417969 -153.71414184570312 148.2928924560547
v -76.95195007324219 -156.2662811279297 148.58709716796875
v -49.123260498046875 -157.7361602783203 149.63104248046875
v -92.70491027832031 -156.66969299316406 148.73992919921875
v -94.65898132324219 -157.78314208984375 149.31614685058594
v -94.67137145996094 -161.92303466796875 150.59828186035156
v -46.290374755859375 -164.47618103027344 148.01206970214844
v -46.93499755859375 -165.71908569335938 148.93800354003906
v -88.08131408691406 -165.05133056640625 148.76251220703125
v -84.19575500488281 -166.44671630859375 148.60824584960938
v -45.729400634765625 -169.52127075195312 148.1934814453125
v -46.60040283203125 -171.35804748535156 148.44378662109375
v -51.936492919921875 -170.01495361328125 149.366455078125
v -54.71122741699219 -170.2377471923828 149.14566040039062
v -69.61112976074219 -168.6077117919922 151.13304138183594
v -47.57646179199219 -172.3089599609375 148.1835479736328
v -60.1092529296875 -94.03582763671875 149.90675354003906
v -60.93772888183594 -96.29762268066406 153.6024627685547
v -59.9703369140625 -98.06156921386719 152.95263671875
v -71.27250671386719 -97.57525634765625 155.95700073242188
v -82.38829040527344 -103.24378967285156 154.15667724609375
v -88.64259338378906 -108.03767395019531 152.456787109375
v -96.85594177246094 -114.55410766601562 152.2661895751953
v -100.68278503417969 -118.19308471679688 152.64743041992188
v -103.90934753417969 -121.11338806152344 151.26553344726562
v -60.59910583496094 -123.32234191894531 154.06227111816406
v -60.95805358886719 -127.69044494628906 156.59158325195312
v -92.26542663574219 -135.16465759277344 149.63095092773438
v -108.88996887207031 -134.4424285888672 155.21682739257812
v -56.79618835449219 -141.88967895507812 155.42066955566406
v -88.45704650878906 -137.86863708496094 150.64810180664062
v -96.71992492675781 -138.02757263183594 150.39840698242188
v -90.65266418457031 -141.41928100585938 152.8705291748047
v -93.07633972167969 -141.30413818359375 152.80972290039062
v -95.23265075683594 -140.5611114501953 151.95848083496094
v -106.58644104003906 -140.2423095703125 149.7865753173828
v -85.72142028808594 -140.6338653564453 151.22109985351562
v -104.88716125488281 -141.80990600585938 149.55767822265625
v -107.60145568847656 -140.9309844970703 151.40150451660156
v -84.46083068847656 -142.7824249267578 151.21937561035156
v -99.39814758300781 -142.4844970703125 150.29696655273438
v -82.13572692871094 -143.64552307128906 150.27200317382812
v -101.70957946777344 -144.852294921875 149.6551055908203
v -103.28334045410156 -143.9560089111328 149.55450439453125
v -55.26432800292969 -144.5495147705078 153.37982177734375
v -52.11857604980469 -150.9149627685547 151.43995666503906
v -99.64833068847656 -147.84979248046875 150.14532470703125
v -106.48329162597656 -144.36009216308594 151.27084350585938
v -83.24198913574219 -146.78662109375 150.26675415039062
v -104.12184143066406 -149.4113311767578 150.18226623535156
v -102.98390197753906 -148.33656311035156 149.60801696777344
v -105.25260925292969 -150.21273803710938 151.24838256835938
v -86.27864074707031 -148.99700927734375 150.54452514648438
v -95.78083801269531 -150.9304656982422 150.70928955078125
v -100.37498474121094 -152.1872100830078 149.59140014648438
v -101.10984802246094 -154.1035614013672 149.7405242919922
v -90.06001281738281 -151.7554168701172 150.2677001953125
v -95.77894592285156 -153.25465393066406 150.0888671875
v -103.62135314941406 -154.2797088623047 151.23956298828125
v -95.75456237792969 -155.38905334472656 149.8694610595703
v -97.10234069824219 -157.5228271484375 150.15444946289062
v -100.53053283691406 -157.2185516357422 150.47637939453125
v -95.94490051269531 -159.24818420410156 150.1645965576172
v -48.75132751464844 -160.74212646484375 150.6806640625
v -51.638702392578125 -161.99093627929688 154.3749542236328
v -90.47834777832031 -163.7815399169922 151.8243865966797
v -93.70216369628906 -163.1202392578125 152.34925842285156
v -49.47563171386719 -165.19400024414062 151.3423614501953
v -82.22935485839844 -166.32420349121094 150.32568359375
v -86.11659240722656 -163.66786193847656 154.00848388671875
v -48.20799255371094 -167.66627502441406 149.7429962158203
v -49.7481689453125 -168.7546844482422 149.92410278320312
v -56.24760437011719 -166.21107482910156 153.92193603515625
v -51.84832763671875 -167.6048126220703 151.2814483642578
v -66.10926818847656 -168.60748291015625 151.65945434570312
v -62.173370361328125 -94.88583374023438 153.21237182617188
v -72.41242980957031 -99.92930603027344 161.8862762451172
v -76.21293640136719 -100.67793273925781 158.3112030029297
v -60.39418029785156 -108.51341247558594 154.30894470214844
v -103.61979675292969 -123.57597351074219 156.2554473876953
v -105.89073181152344 -128.29812622070312 159.7465057373047
v -107.29487609863281 -130.75253295898438 159.267333984375
v -60.033538818359375 -133.23460388183594 157.65045166015625
v -108.39579772949219 -132.6597137451172 155.83302307128906
v -108.72395324707031 -140.13217163085938 153.55152893066406
v -109.41310119628906 -139.08291625976562 156.373779296875
v -94.99626159667969 -142.06027221679688 152.62841796875
v -86.97395324707031 -143.88607788085938 152.653564453125
v -94.42799377441406 -145.16534423828125 152.94598388671875
v -87.43406677246094 -145.9306182861328 152.27137756347656
v -106.96434020996094 -149.6253204345703 153.9733428955078
v -90.44642639160156 -146.09385681152344 152.87680053710938
v -104.49415588378906 -154.68849182128906 152.74087524414062
v -105.59196472167969 -151.34991455078125 152.156494140625
v -51.10107421875 -154.9959259033203 152.74317932128906
v -101.42570495605469 -158.38880920410156 152.00381469726562
v -102.49748229980469 -158.67723083496094 153.56906127929688
v -96.71333312988281 -161.3753662109375 151.80213928222656
v -99.71266174316406 -160.45277404785156 152.4685821533203
v -51.82081604003906 -158.28724670410156 154.91049194335938
v -81.75199890136719 -162.6638641357422 157.80673217773438
v -52.81434631347656 -164.0482635498047 154.35704040527344
v -59.978271484375 -167.66799926757812 152.9436798095703
v -65.30488586425781 -97.73831176757812 157.6735382080078
v -62.752349853515625 -101.51925659179688 157.2804718017578
v -61.59397888183594 -114.06002807617188 155.92250061035156
v -91.63563537597656 -114.0125732421875 158.96250915527344
v -103.96424865722656 -126.8162841796875 161.8328094482422
v -91.83833312988281 -143.77281188964844 153.31951904296875
v -109.05201721191406 -142.73370361328125 155.6468048095703
v -54.082427978515625 -149.59010314941406 156.21861267089844
v -51.45689392089844 -156.75164794921875 154.3385009765625
v -101.59788513183594 -161.4304962158203 155.23512268066406
v -96.85337829589844 -163.41189575195312 153.5688934326172
v -89.80494689941406 -163.37672424316406 154.36087036132812
v -92.78462219238281 -163.60519409179688 153.89324951171875
v -95.71986389160156 -164.64974975585938 155.22213745117188
v -99.55079650878906 -165.13540649414062 155.52198791503906
v -101.06108093261719 -164.09442138671875 156.2622528076172
v -66.07212829589844 -164.75442504882812 155.8636932373047
v -77.52565002441406 -163.94461059570312 156.66506958007812
v -62.819854736328125 -97.19990539550781 155.80990600585938
v -69.30421447753906 -98.32756042480469 159.1634063720703
v -63.67198181152344 -99.76657104492188 157.95355224609375
v -79.18717956542969 -103.19816589355469 159.32054138183594
v -84.37443542480469 -107.23312377929688 158.46417236328125
v -63.30523681640625 -110.52668762207031 159.06198120117188
v -89.15818786621094 -111.5799560546875 158.84603881835938
v -95.99345397949219 -119.06747436523438 160.7393035888672
v -63.3358154296875 -119.11445617675781 158.86428833007812
v -100.78340148925781 -122.14161682128906 158.68539428710938
v -109.46369934082031 -137.01539611816406 160.16140747070312
v -53.58290100097656 -152.0404052734375 156.74594116210938
v -108.05802917480469 -154.7323760986328 161.6460723876953
v -106.73930358886719 -155.83444213867188 159.39041137695312
v -104.64802551269531 -158.36712646484375 158.6841278076172
v -53.25114440917969 -159.1428680419922 156.31321716308594
v -54.671844482421875 -162.01486206054688 156.04664611816406
v -58.17890930175781 -162.35032653808594 157.1269989013672
v -72.29203796386719 -163.86801147460938 157.15951538085938
v -88.00556945800781 -161.8281707763672 159.1611785888672
v -90.26133728027344 -162.826904296875 157.42176818847656
v -91.55406188964844 -163.42767333984375 156.6968231201172
v -93.38768005371094 -164.2816162109375 158.6383819580078
v -97.97172546386719 -165.09754943847656 155.07650756835938
v -61.231781005859375 -163.4930877685547 156.8144073486328
v -94.57820129394531 -164.74163818359375 156.287353515625
v -96.90794372558594 -167.13150024414062 157.09742736816406
v -101.85813903808594 -166.52789306640625 157.7451171875
v -98.79780578613281 -168.78448486328125 157.37118530273438
v -101.01222229003906 -168.94143676757812 157.55462646484375
v -66.05290222167969 -100.55079650878906 161.24815368652344
v -67.64692687988281 -99.46897888183594 161.28770446777344
v -64.99842834472656 -103.63555908203125 161.19546508789062
v -64.02053833007812 -123.78053283691406 161.47181701660156
v -58.714569091796875 -142.9664764404297 160.69911193847656
v -110.10789489746094 -141.2327423095703 159.84732055664062
v -108.26683044433594 -149.9610595703125 158.66404724121094
v -56.026031494140625 -149.0224151611328 159.66851806640625
v -56.20469665527344 -151.23519897460938 160.71104431152344
v -55.836944580078125 -154.6476593017578 160.3181915283203
v -56.695831298828125 -156.87069702148438 160.49661254882812
v -55.81398010253906 -159.66717529296875 158.07933044433594
v -58.59858703613281 -158.91038513183594 160.24095153808594
v -61.07899475097656 -160.78880310058594 159.4225311279297
v -68.03492736816406 -160.4561309814453 160.77822875976562
v -85.66722106933594 -160.7071990966797 161.54425048828125
v -104.24394226074219 -160.70333862304688 160.1868896484375
v -79.10227966308594 -160.97068786621094 161.52224731445312
v -95.64842224121094 -166.24703979492188 158.2435302734375
v -96.52433776855469 -167.51593017578125 161.2721710205078
v -103.94905090332031 -169.39352416992188 159.4670867919922
v -100.14009094238281 -171.3787384033203 158.68243408203125
v -103.11189270019531 -171.7333984375 159.2810516357422
v -70.63633728027344 -99.87786865234375 163.3346405029297
v -80.95167541503906 -105.75285339355469 162.4366912841797
v -88.61381530761719 -112.75460815429688 163.4105224609375
v -65.14912414550781 -121.26490783691406 163.10067749023438
v -62.420318603515625 -129.7864532470703 161.46389770507812
v -60.830230712890625 -141.1859588623047 163.6756591796875
v -110.16883850097656 -140.70880126953125 161.7532958984375
v -109.50495910644531 -145.05203247070312 161.63214111328125
v -108.67857360839844 -152.95404052734375 163.52279663085938
v -76.38664245605469 -159.11087036132812 164.02174377441406
v -82.68968200683594 -160.1200714111328 162.7643280029297
v -92.62916564941406 -163.15121459960938 162.23846435546875
v -104.78123474121094 -162.86575317382812 161.09327697753906
v -98.86805725097656 -171.2505645751953 161.47535705566406
v -100.59696960449219 -173.0561981201172 160.3556365966797
v -102.44905090332031 -172.9274139404297 159.8915252685547
v -67.20246887207031 -101.48837280273438 163.57081604003906
v -68.88880920410156 -100.61094665527344 164.55223083496094
v -74.84745788574219 -101.2825927734375 163.2851104736328
v -67.54325866699219 -104.09764099121094 166.13592529296875
v -77.27705383300781 -103.23141479492188 164.7301483154297
v -65.80735778808594 -106.77438354492188 163.44215393066406
v -65.47547912597656 -113.33897399902344 163.6538543701172
v -86.69917297363281 -110.85958862304688 163.51145935058594
v -84.52482604980469 -109.20635986328125 164.98728942871094
v -92.65315246582031 -117.31278991699219 164.2565460205078
v -98.09953308105469 -122.58720397949219 164.73406982421875
v -62.25044250488281 -136.8154296875 164.94390869140625
v -108.11476135253906 -134.53497314453125 163.88101196289062
v -109.45191955566406 -138.76092529296875 164.3104705810547
v -59.86643981933594 -145.94297790527344 164.07974243164062
v -109.10429382324219 -149.06422424316406 165.36099243164062
v -58.59657287597656 -152.4423370361328 162.9458770751953
v -59.49256896972656 -155.8459930419922 162.14761352539062
v -63.4361572265625 -155.5731201171875 163.7613525390625
v -64.25987243652344 -157.85403442382812 162.39657592773438
v -106.64118957519531 -159.22584533691406 161.2930908203125
v -108.39872741699219 -159.40078735351562 163.1420440673828
v -109.19859313964844 -157.9149627685547 164.7667999267578
v -72.84730529785156 -157.09957885742188 165.31756591796875
v -105.60621643066406 -162.54299926757812 161.91392517089844
v -107.42158508300781 -160.9784698486328 162.3109130859375
v -88.49140930175781 -159.89794921875 164.58453369140625
v -90.72596740722656 -161.65859985351562 162.6850128173828
v -108.66069030761719 -165.4583282470703 162.7373809814453
v -94.52632141113281 -164.90977478027344 163.12229919433594
v -106.14802551269531 -167.80111694335938 161.29849243164062
v -96.80979919433594 -167.5349578857422 165.70411682128906
v -110.09599304199219 -166.72618103027344 163.76116943359375
v -108.37080383300781 -170.1648712158203 163.32406616210938
v -107.72282409667969 -172.3681640625 163.83541870117188
v -105.02854919433594 -175.2909393310547 163.27182006835938
v -101.46788024902344 -175.76278686523438 163.51654052734375
v -103.78779602050781 -175.5098114013672 162.74835205078125
v -75.30287170410156 -101.90647888183594 166.55899047851562
v -80.21083068847656 -105.70199584960938 165.22315979003906
v -67.02763366699219 -109.06088256835938 166.94094848632812
v -95.45259094238281 -121.36970520019531 168.02955627441406
v -65.61347961425781 -125.57525634765625 166.56935119628906
v -99.80842590332031 -125.65779113769531 168.2374267578125
v -103.07441711425781 -129.45201110839844 168.31158447265625
v -109.39997863769531 -144.29791259765625 165.5858154296875
v -60.19075012207031 -149.49644470214844 164.69549560546875
v -61.34721374511719 -152.70382690429688 164.46829223632812
v -68.78684997558594 -155.1706085205078 165.8759765625
v -80.63456726074219 -157.6785888671875 166.11814880371094
v -85.88655090332031 -158.502197265625 166.1759796142578
v -111.05113220214844 -165.855224609375 165.656982421875
v -98.15693664550781 -170.45626831054688 163.9058380126953
v -99.52256774902344 -174.44671630859375 166.70452880859375
v -100.18086242675781 -175.65248107910156 166.32412719726562
v -102.32499694824219 -177.60995483398438 166.6666717529297
v -71.42430114746094 -101.27227783203125 168.65028381347656
v -73.11665344238281 -101.15480041503906 168.0912322998047
v -70.20027160644531 -102.86300659179688 170.26429748535156
v -83.97407531738281 -108.919921875 169.64361572265625
v -87.75102233886719 -112.92303466796875 168.5142059326172
v -67.91548156738281 -113.90945434570312 171.15557861328125
v -66.93482971191406 -119.39878845214844 168.20657348632812
v -64.87480163574219 -133.0471649169922 170.33876037597656
v -106.77192687988281 -134.94435119628906 168.48048400878906
v -63.39457702636719 -140.1340789794922 168.40159606933594
v -61.805328369140625 -144.5047149658203 166.23855590820312
v -108.90754699707031 -144.12327575683594 169.66798400878906
v -62.485870361328125 -148.9111328125 166.49322509765625
v -64.48341369628906 -151.41510009765625 166.6135711669922
v -109.12422180175781 -151.9457244873047 168.0604248046875
v -109.65916442871094 -156.34495544433594 167.7125701904297
v -83.07527160644531 -156.9068603515625 167.66986083984375
v -90.93507385253906 -159.96017456054688 168.35047912597656
v -111.39503479003906 -164.21881103515625 167.51870727539062
v -110.40922546386719 -170.98500061035156 166.4774932861328
v -111.71806335449219 -169.8133087158203 168.03338623046875
v -98.04899597167969 -170.3518524169922 167.77981567382812
v -107.73707580566406 -175.87716674804688 168.15223693847656
v -103.84666442871094 -177.81607055664062 166.83615112304688
v -76.66749572753906 -102.57867431640625 169.072265625
v -79.65849304199219 -105.12689208984375 168.79283142089844
v -85.88081359863281 -110.79631042480469 171.97665405273438
v -92.17726135253906 -119.21992492675781 172.97592163085938
v -67.11082458496094 -123.06394958496094 170.16851806640625
v -66.13447570800781 -130.908935546875 173.47906494140625
v -108.01994323730469 -141.1313018798828 172.9176483154297
v -63.99009704589844 -143.1742401123047 169.04208374023438
v -64.07830810546875 -146.2131805419922 168.12762451171875
v -67.25898742675781 -147.1820068359375 169.9501190185547
v -65.16792297363281 -148.02247619628906 168.15806579589844
v -108.88108825683594 -148.03573608398438 171.9554443359375
v -67.91773986816406 -150.3103485107422 168.2973175048828
v -73.05424499511719 -151.25827026367188 169.83627319335938
v -72.58036804199219 -154.04139709472656 167.55563354492188
v -78.25596618652344 -155.28671264648438 167.93272399902344
v -78.26411437988281 -152.16783142089844 171.20640563964844
v -85.46537780761719 -155.69837951660156 170.85281372070312
v -88.46089172363281 -157.6244659423828 170.3704071044922
v -110.96095275878906 -160.50006103515625 169.82269287109375
v -95.39198303222656 -162.6100311279297 175.0423126220703
v -112.67781066894531 -167.6320343017578 170.12832641601562
v -99.51737976074219 -174.6558380126953 170.98123168945312
v -110.69322204589844 -173.26974487304688 169.8367156982422
v -106.98014831542969 -178.58837890625 172.06077575683594
v -104.72947692871094 -179.28965759277344 171.35733032226562
v -71.80216979980469 -102.25521850585938 172.66934204101562
v -73.14836120605469 -101.58006286621094 171.94503784179688
v -75.11042785644531 -101.55319213867188 171.6839599609375
v -69.49061584472656 -105.20167541503906 171.44796752929688
v -68.39830017089844 -108.91650390625 170.94557189941406
v -80.80958557128906 -105.3751220703125 172.0416717529297
v -84.45143127441406 -108.3079833984375 174.97999572753906
v -88.49012756347656 -114.28045654296875 173.47198486328125
v -67.88340759277344 -121.34974670410156 172.60858154296875
v -100.06105041503906 -126.99874877929688 171.22702026367188
v -105.14024353027344 -133.5531463623047 170.62005615234375
v -106.87245178222656 -137.9734649658203 173.52069091796875
v -65.85606384277344 -138.78787231445312 172.9595184326172
v -67.21614074707031 -141.29612731933594 173.7384796142578
v -81.99430847167969 -152.11581420898438 173.43370056152344
v -93.95457458496094 -160.89688110351562 174.60296630859375
v -112.46342468261719 -164.5139923095703 172.5552215576172
v -96.67402648925781 -164.8788604736328 174.72154235839844
v -97.78581237792969 -167.730224609375 174.2147674560547
v -113.42774963378906 -169.63137817382812 171.8271942138672
v -114.40605163574219 -171.3019256591797 174.5985565185547
v -101.64170837402344 -178.0396728515625 172.49044799804688
v -109.90818786621094 -176.2259979248047 173.56214904785156
v -103.12950134277344 -179.07083129882812 171.60781860351562
v -78.66447448730469 -102.95524597167969 172.7813720703125
v -70.99577331542969 -103.93205261230469 174.92630004882812
v -69.90312194824219 -107.19725036621094 175.39706420898438
v -67.14390563964844 -125.68902587890625 174.4348602294922
v -102.55262756347656 -131.46583557128906 175.72509765625
v -105.30482482910156 -135.19393920898438 174.40701293945312
v -65.87962341308594 -135.31011962890625 173.63226318359375
v -108.07820129394531 -143.14306640625 175.8226318359375
v -73.58888244628906 -147.60067749023438 173.7558135986328
v -109.66639709472656 -153.6861114501953 174.34524536132812
v -91.67710876464844 -158.13893127441406 175.08184814453125
v -114.67887878417969 -169.89305114746094 176.24343872070312
v -99.66188049316406 -173.67359924316406 175.64234924316406
v -113.05284118652344 -173.37779235839844 173.90321350097656
v -105.52574157714844 -180.2169647216797 174.73446655273438
v -72.83738708496094 -101.73225402832031 175.6790771484375
v -75.02775573730469 -101.0926513671875 175.31317138671875
v -76.87895202636719 -101.12654113769531 175.7967071533203
v -78.53517150878906 -101.67198181152344 175.93313598632812
v -83.64283752441406 -106.57650756835938 176.92678833007812
v -68.79969787597656 -112.606689453125 176.001220703125
v -87.47761535644531 -112.23835754394531 177.12657165527344
v -68.03547668457031 -120.96641540527344 176.8303680419922
v -98.58665466308594 -126.37619018554688 175.29629516601562
v -67.14479064941406 -127.22785949707031 177.43043518066406
v -67.42686462402344 -132.8566436767578 178.07177734375
v -68.22026062011719 -138.80523681640625 176.68069458007812
v -70.41166687011719 -141.99050903320312 176.70220947265625
v -69.79850769042969 -144.23155212402344 174.19357299804688
v -73.16679382324219 -144.25169372558594 176.9235382080078
v -78.68836975097656 -146.0201873779297 178.58457946777344
v -86.08876037597656 -152.82005310058594 176.1527862548828
v -90.22441101074219 -154.55032348632812 179.11746215820312
v -101.72508239746094 -177.91500854492188 175.38946533203125
v -103.71458435058594 -179.62008666992188 174.53030395507812
v -109.95976257324219 -177.5071258544922 177.6580047607422
v -75.75187683105469 -100.01371765136719 178.1494140625
v -78.86167907714844 -100.06272888183594 179.55532836914062
v -71.48109436035156 -103.13587951660156 177.5643768310547
v -81.11265563964844 -101.37258911132812 180.5411376953125
v -68.80989074707031 -112.11137390136719 178.22177124023438
v -92.51982116699219 -120.18061828613281 178.07952880859375
v -103.95695495605469 -133.91717529296875 179.5651397705078
v -68.58644104003906 -134.43338012695312 179.59579467773438
v -105.92292785644531 -137.100341796875 178.4078369140625
v -107.05476379394531 -139.6547088623047 178.06704711914062
v -108.48417663574219 -145.18397521972656 178.48684692382812
v -94.52659606933594 -157.18325805664062 182.02914428710938
v -111.41700744628906 -158.99256896972656 178.74349975585938
v -98.10816955566406 -166.91290283203125 177.72093200683594
v -114.54084777832031 -173.57980346679688 178.81982421875
v -113.11711120605469 -175.4354248046875 178.92153930664062
v -100.88713073730469 -175.33285522460938 178.53053283691406
v -104.39408874511719 -179.36326599121094 179.20408630371094
v -105.58634948730469 -179.93563842773438 176.3773193359375
v -74.83854675292969 -99.43226623535156 179.19430541992188
v -72.82106018066406 -100.80221557617188 178.7543182373047
v -70.15028381347656 -106.19194030761719 179.06362915039062
v -84.78065490722656 -106.44314575195312 181.69036865234375
v -90.53837585449219 -117.27127075195312 180.11492919921875
v -67.51197814941406 -122.00067138671875 180.8393096923828
v -99.51341247558594 -128.5043182373047 182.69956970214844
v -97.03794860839844 -125.84208679199219 182.19705200195312
v -67.59397888183594 -127.66302490234375 180.7477569580078
v -70.11433410644531 -136.69552612304688 180.00701904296875
v -84.23970031738281 -148.1542205810547 180.5657196044922
v -110.01252746582031 -152.4506072998047 179.71194458007812
v -95.78266906738281 -159.5294189453125 181.31997680664062
v -112.70512390136719 -162.12509155273438 181.45616149902344
v -114.91896057128906 -172.6046600341797 180.7827606201172
v -102.26466369628906 -176.83065795898438 180.69314575195312
v -108.94587707519531 -178.55482482910156 180.72679138183594
v -73.32164001464844 -97.40341186523438 181.2258758544922
v -72.29020690917969 -99.52340698242188 180.2981719970703
v -70.87132263183594 -102.64883422851562 179.9828643798828
v -77.43251037597656 -98.42843627929688 181.03704833984375
v -79.44078063964844 -98.07453918457031 183.52586364746094
v -68.53660583496094 -111.14814758300781 180.59413146972656
v -85.74607849121094 -107.27296447753906 184.99351501464844
v -67.66246032714844 -114.95318603515625 182.63636779785156
v -68.57365417480469 -128.00384521484375 183.96044921875
v -70.41294860839844 -133.81417846679688 183.0619354248047
v -72.71183776855469 -138.13330078125 181.29173278808594
v -76.58894348144531 -142.9691925048828 180.35877990722656
v -107.13941955566406 -139.51988220214844 182.3824920654297
v -82.17396545410156 -142.9402618408203 184.78408813476562
v -109.26847839355469 -145.95855712890625 182.578369140625
v -111.35551452636719 -155.7238006591797 184.20162963867188
v -97.31632995605469 -161.87277221679688 182.29002380371094
v -99.96452331542969 -168.54347229003906 182.28506469726562
v -113.54817199707031 -164.87135314941406 184.64157104492188
v -114.77006530761719 -170.3778076171875 180.54396057128906
v -112.42695617675781 -177.72972106933594 184.07443237304688
v -110.63887023925781 -178.31182861328125 182.81460571289062
v -104.26405334472656 -177.32492065429688 183.54647827148438
v -107.75993347167969 -178.6579132080078 182.89942932128906
v -70.69563293457031 -93.6478271484375 183.31797790527344
v -69.54478454589844 -95.02304077148438 183.09829711914062
v -73.36747741699219 -93.61967468261719 183.5533905029297
v -76.80616760253906 -96.3387451171875 182.8498992919922
v -68.37394714355469 -97.18826293945312 183.39183044433594
v -70.24928283691406 -99.3880615234375 181.88075256347656
v -70.27830505371094 -101.85523986816406 181.3422088623047
v -67.16645812988281 -106.097900390625 184.26976013183594
v -81.83735656738281 -98.80499267578125 188.02430725097656
v -68.02366638183594 -109.244384765625 182.64263916015625
v -66.99198913574219 -116.51615905761719 185.1749267578125
v -90.89286804199219 -117.62721252441406 184.43585205078125
v -67.59620666503906 -123.4959716796875 184.434814453125
v -94.55226135253906 -123.53469848632812 186.1719207763672
v -70.29759216308594 -129.15167236328125 187.24253845214844
v -102.23011779785156 -131.7349090576172 187.31919860839844
v -73.52070617675781 -134.92385864257812 185.85150146484375
v -105.34065246582031 -136.07920837402344 184.40773010253906
v -76.94590759277344 -138.83245849609375 184.62606811523438
v -91.46781921386719 -151.1015625 185.2178955078125
v -92.78968811035156 -153.92335510253906 183.6110382080078
v -110.59730529785156 -151.0256805419922 184.15003967285156
v -114.01158142089844 -168.2589874267578 187.08848571777344
v -113.40888977050781 -176.79200744628906 184.52301025390625
v -114.05924987792969 -175.69927978515625 186.05747985839844
v -106.79258728027344 -178.20143127441406 184.45077514648438
v -69.56074523925781 -89.68890380859375 184.3889617919922
v -64.96272277832031 -87.4354248046875 184.93197631835938
v -65.85844421386719 -91.74385070800781 184.51861572265625
v -76.53492736816406 -94.08917236328125 185.04872131347656
v -65.21272277832031 -94.88031005859375 184.98486328125
v -64.85719299316406 -101.08576965332031 186.4673309326172
v -80.46858215332031 -97.80816650390625 185.80557250976562
v -66.19761657714844 -108.74244689941406 185.25863647460938
v -66.80323791503906 -111.60617065429688 184.7412872314453
v -87.87138366699219 -111.208984375 188.7451934814453
v -66.94184875488281 -118.34506225585938 186.8546142578125
v -107.65385437011719 -139.53573608398438 186.5238037109375
v -109.39765930175781 -143.04685974121094 187.1681671142578
v -85.65354919433594 -145.18081665039062 185.45745849609375
v -94.92665100097656 -153.61972045898438 186.9146728515625
v -112.67405700683594 -157.8249053955078 187.3663330078125
v -97.41847229003906 -155.45462036132812 189.4272003173828
v -100.12416076660156 -162.31556701660156 189.80592346191406
v -103.59611511230469 -172.9027862548828 187.7869873046875
v -114.37330627441406 -173.8466339111328 187.58367919921875
v -105.13285827636719 -176.15374755859375 186.84466552734375
v -106.77467346191406 -177.61737060546875 186.52993774414062
v -111.50407409667969 -178.81617736816406 185.0682373046875
v -55.39418029785156 -71.77827453613281 186.8978729248047
v -58.64341735839844 -79.530517578125 185.75955200195312
v -57.859619140625 -74.71940612792969 186.13978576660156
v -56.3583984375 -71.05288696289062 186.7203369140625
v -57.915008544921875 -71.91183471679688 186.53746032714844
v -64.05673217773438 -76.38591003417969 187.396484375
v -63.39192199707031 -78.03607177734375 186.19900512695312
v -61.47761535644531 -79.07014465332031 185.33322143554688
v -58.517669677734375 -81.73527526855469 186.11447143554688
v -55.98597717285156 -79.18287658691406 187.3838348388672
v -67.57234191894531 -79.585693359375 187.94932556152344
v -68.10630798339844 -82.45782470703125 186.7490997314453
v -56.691650390625 -81.78302001953125 187.2656707763672
v -67.32347106933594 -84.57051086425781 185.56759643554688
v -65.58613586425781 -85.61793518066406 185.02056884765625
v -62.04246520996094 -86.59748840332031 185.44520568847656
v -72.30372619628906 -86.454833984375 187.30003356933594
v -70.45069885253906 -87.54995727539062 185.5883331298828
v -60.803070068359375 -90.70655822753906 186.48818969726562
v -74.26701354980469 -91.25277709960938 185.6865234375
v -74.85462951660156 -89.05345153808594 188.0101318359375
v -77.51634216308594 -92.23345947265625 188.2559814453125
v -63.95960998535156 -96.922119140625 186.36587524414062
v -83.20622253417969 -101.31669616699219 189.06866455078125
v -85.45161437988281 -106.32901000976562 188.44923400878906
v -62.64323425292969 -107.31074523925781 189.5043487548828
v -65.39189147949219 -111.19244384765625 187.2519989013672
v -65.66401672363281 -113.97604370117188 188.7697296142578
v -92.07701110839844 -120.00160217285156 188.85142517089844
v -67.28327941894531 -120.42095947265625 187.83700561523438
v -68.89314270019531 -125.37510681152344 187.82701110839844
v -99.56343078613281 -128.5745849609375 187.47625732421875
v -73.71589660644531 -132.43243408203125 189.36256408691406
v -79.89064025878906 -137.52633666992188 188.63201904296875
v -106.52476501464844 -137.00990295410156 190.38241577148438
v -85.22544860839844 -141.3987579345703 188.77481079101562
v -111.32344055175781 -146.16615295410156 191.06227111816406
v -98.69017028808594 -158.3765869140625 189.55224609375
v -113.32441711425781 -158.96438598632812 189.85623168945312
v -113.69398498535156 -178.38673400878906 186.96273803710938
v -110.02467346191406 -179.0747528076172 185.93678283691406
v -112.25086975097656 -180.7059783935547 188.1146697998047
v -56.866607666015625 -67.54751586914062 190.15728759765625
v -59.61415100097656 -69.50558471679688 189.69143676757812
v -53.850677490234375 -69.20712280273438 188.4293975830078
v -53.31217956542969 -70.92778015136719 188.3946533203125
v -52.99571228027344 -75.470703125 190.1078643798828
v -71.60252380371094 -83.14170837402344 189.54019165039062
v -74.44789123535156 -86.59846496582031 189.80776977539062
v -53.86048889160156 -84.20344543457031 190.53607177734375
v -57.89826965332031 -91.90438842773438 189.316650390625
v -79.87727355957031 -93.94328308105469 190.5324249267578
v -60.22880554199219 -97.2376708984375 189.98211669921875
v -61.03321838378906 -99.2269287109375 189.9024200439453
v -61.26884460449219 -104.31346130371094 190.1627197265625
v -62.862030029296875 -109.74147033691406 191.03421020507812
v -65.88175964355469 -115.58270263671875 190.07061767578125
v -68.42079162597656 -122.81694030761719 190.95785522460938
v -94.40632629394531 -123.19075012207031 190.89324951171875
v -73.22618103027344 -129.2952423095703 192.17324829101562
v -93.88825988769531 -147.30813598632812 191.566162109375
v -112.93721008300781 -150.07745361328125 193.55702209472656
v -106.58262634277344 -175.38543701171875 190.76084899902344
v -114.52677917480469 -175.76771545410156 189.23179626464844
v -107.91535949707031 -177.4296112060547 189.6564178466797
v -114.99552917480469 -178.5019073486328 190.22418212890625
v -109.19554138183594 -178.6814422607422 188.8007354736328
v -115.37687683105469 -180.6828155517578 191.17396545410156
v -111.17698669433594 -180.575439453125 189.85023498535156
v -114.99360656738281 -181.70533752441406 191.11032104492188
v -51.622344970703125 -67.54420471191406 190.65487670898438
v -54.732635498046875 -67.38835144042969 189.7180938720703
v -58.47796630859375 -66.78434753417969 192.4415283203125
v -51.03558349609375 -70.10594177246094 191.2056427001953
v -67.33830261230469 -76.78507995605469 190.2771759033203
v -52.225433349609375 -80.99383544921875 191.6016845703125
v -56.18336486816406 -92.04583740234375 190.4249267578125
v -77.68815612792969 -89.80099487304688 193.10829162597656
v -81.28083801269531 -95.48042297363281 193.9736785888672
v -83.57435607910156 -101.80517578125 192.5819091796875
v -66.59489440917969 -118.25350952148438 192.0975799560547
v -70.95954895019531 -126.47857666015625 192.23043823242188
v -100.07249450683594 -128.3922119140625 193.2729034423828
v -102.36347961425781 -131.15431213378906 193.02981567382812
v -85.25413513183594 -138.7353057861328 191.66458129882812
v -110.95863342285156 -143.38137817382812 194.16323852539062
v -96.63145446777344 -151.4938507080078 191.46261596679688
v -114.61766052246094 -172.5630340576172 191.84527587890625
v -103.56718444824219 -167.26295471191406 193.64376831054688
v -105.84742736816406 -170.21498107910156 196.16384887695312
v -115.32014465332031 -174.4486541748047 193.78904724121094
v -114.11054992675781 -182.1026611328125 190.72137451171875
v -113.25782775878906 -182.68898010253906 193.02743530273438
v -51.66987609863281 -65.09609985351562 192.68016052246094
v -51.10713195800781 -65.9652099609375 192.3668670654297
v -53.068939208984375 -64.88554382324219 192.57400512695312
v -55.76434326171875 -65.08311462402344 192.81576538085938
v -49.53532409667969 -66.72889709472656 194.72775268554688
v -49.57246398925781 -68.523193359375 194.78086853027344
v -63.993927001953125 -70.04823303222656 195.03782653808594
v -64.525634765625 -71.43458557128906 193.44309997558594
v -51.383544921875 -75.67594909667969 193.04122924804688
v -68.13612365722656 -75.47114562988281 193.57362365722656
v -50.85823059082031 -81.7764892578125 193.5103759765625
v -72.33546447753906 -81.25503540039062 193.23602294921875
v -51.76336669921875 -84.10829162597656 191.97161865234375
v -50.25297546386719 -85.12355041503906 193.03524780273438
v -51.449066162109375 -89.68743896484375 192.1322784423828
v -74.90080261230469 -84.68060302734375 193.8734893798828
v -49.88282775878906 -90.26190185546875 193.37107849121094
v -51.08369445800781 -93.03717041015625 192.61769104003906
v -50.71357727050781 -93.55862426757812 193.38465881347656
v -53.233367919921875 -96.49827575683594 193.19989013671875
v -55.8543701171875 -98.58334350585938 192.64662170410156
v -58.42399597167969 -101.48347473144531 192.02401733398438
v -56.801971435546875 -101.6065673828125 193.97531127929688
v -58.67962646484375 -104.00741577148438 192.89674377441406
v -85.56037902832031 -107.43069458007812 199.87782287597656
v -59.2830810546875 -106.46572875976562 193.8092803955078
v -62.0745849609375 -110.28593444824219 193.7746124267578
v -64.33964538574219 -114.1964111328125 194.84576416015625
v -88.23674011230469 -112.37574768066406 198.77943420410156
v -67.11231994628906 -119.599853515625 196.19287109375
v -90.50212097167969 -116.55516052246094 198.05384826660156
v -94.50749206542969 -122.39443969726562 195.54701232910156
v -71.94032287597656 -126.07632446289062 194.95237731933594
v -76.43873596191406 -130.83865356445312 193.46554565429688
v -81.44004821777344 -131.0008087158203 196.94992065429688
v -86.38572692871094 -134.21604919433594 197.23880004882812
v -89.43629455566406 -139.3106689453125 195.1392822265625
v -108.80992126464844 -138.64987182617188 197.17172241210938
v -95.86973571777344 -146.7435302734375 194.15142822265625
v -99.16007995605469 -150.5080108642578 196.31985473632812
v -108.03089904785156 -174.71456909179688 196.30787658691406
v -116.23847961425781 -178.2944793701172 193.64862060546875
v -109.00013732910156 -177.83018493652344 193.69200134277344
v -111.35935974121094 -181.2120361328125 194.58409118652344
v -115.27061462402344 -183.54510498046875 193.93740844726562
v -54.616241455078125 -63.5972785949707 196.18157958984375
v -57.30393981933594 -64.74110412597656 195.8064422607422
v -60.59947204589844 -66.42942810058594 197.35072326660156
v -50.87371826171875 -75.44239807128906 195.37783813476562
v -67.99913024902344 -73.77853393554688 197.25552368164062
v -50.35984802246094 -80.06181335449219 195.88592529296875
v -72.08229064941406 -79.03706359863281 197.1665802001953
v -49.53056335449219 -83.01119995117188 195.19046020507812
v -49.083953857421875 -86.95567321777344 195.6077117919922
v -49.672882080078125 -92.52529907226562 195.3206329345703
v -77.58598327636719 -87.99177551269531 198.24456787109375
v -52.27537536621094 -96.46688842773438 194.61563110351562
v -54.19549560546875 -99.2105712890625 195.76925659179688
v -81.09797668457031 -94.53791809082031 199.56150817871094
v -57.42955017089844 -103.45036315917969 196.1957550048828
v -59.3822021484375 -107.26786804199219 196.1326904296875
v -84.44282531738281 -104.88604736328125 202.37733459472656
v -68.87409973144531 -122.33061218261719 195.45864868164062
v -92.15995788574219 -118.83721923828125 198.51954650878906
v -70.43431091308594 -123.25077819824219 198.15655517578125
v -74.91651916503906 -125.4888916015625 199.89768981933594
v -102.83351135253906 -130.6535186767578 197.07391357421875
v -105.81431579589844 -134.4586944580078 197.10333251953125
v -100.53898620605469 -156.77157592773438 194.72068786621094
v -114.27006530761719 -153.6886749267578 199.1739044189453
v -105.44425964355469 -164.91607666015625 199.96792602539062
v -114.34492492675781 -163.60035705566406 194.7686309814453
v -110.41990661621094 -179.55618286132812 197.13839721679688
v -117.56459045410156 -180.89088439941406 195.709716796875
v -117.08128356933594 -183.37969970703125 195.12451171875
v -53.4410400390625 -62.781131744384766 197.26715087890625
v -51.65653991699219 -61.90432357788086 198.94686889648438
v -49.81878662109375 -64.54029846191406 196.79417419433594
v -49.331787109375 -66.85031127929688 198.8011016845703
v -49.45367431640625 -68.95730590820312 198.30665588378906
v -50.35890197753906 -73.02644348144531 197.472900390625
v -50.739501953125 -76.23042297363281 197.92916870117188
v -50.25779724121094 -80.295654296875 198.6070556640625
v -75.53175354003906 -84.15873718261719 198.24368286132812
v -51.98683166503906 -96.02757263183594 197.48501586914062
v -49.7506103515625 -92.40237426757812 196.8482208251953
v -56.182891845703125 -101.11967468261719 196.47012329101562
v -62.60441589355469 -111.60600280761719 198.18551635742188
v -66.90275573730469 -118.73503112792969 200.92266845703125
v -77.46910095214844 -127.83489990234375 198.21185302734375
v -113.46086120605469 -146.33387756347656 202.68467712402344
v -98.70158386230469 -147.2602081298828 197.62132263183594
v -103.15287780761719 -155.35943603515625 200.3560028076172
v -117.06883239746094 -176.7682342529297 198.72035217285156
v -115.21684265136719 -184.8549041748047 197.1014404296875
v -118.16676330566406 -182.63223266601562 196.96800231933594
v -117.13230895996094 -185.4883270263672 196.41505432128906
v -57.28721618652344 -63.645877838134766 200.00894165039062
v -49.54156494140625 -84.8917236328125 200.1509552001953
v -49.099639892578125 -87.07809448242188 198.35226440429688
v -49.70513916015625 -89.34173583984375 200.28390502929688
v -50.9737548828125 -93.87117004394531 199.62313842773438
v -56.777679443359375 -100.93426513671875 198.9649658203125
v -58.82421875 -105.27009582519531 198.3638458251953
v -61.012847900390625 -108.70318603515625 199.93423461914062
v -72.11820983886719 -123.50862121582031 200.6984405517578
v -100.73927307128906 -127.40037536621094 199.97021484375
v -85.03968811035156 -129.02252197265625 201.53140258789062
v -92.25392150878906 -134.39584350585938 201.48403930664062
v -96.10499572753906 -138.92926025390625 200.56617736816406
v -95.62138366699219 -143.19223022460938 197.02490234375
v -109.95115661621094 -138.96200561523438 201.4004669189453
v -98.33790588378906 -141.75314331054688 200.6510772705078
v -111.49201965332031 -142.0142364501953 200.94326782226562
v -114.14735412597656 -149.79302978515625 201.90684509277344
v -115.31602478027344 -155.9176788330078 202.8618621826172
v -116.50886535644531 -166.6598358154297 203.52880859375
v -116.45335388183594 -172.68759155273438 200.54483032226562
v -108.11711120605469 -171.0374755859375 201.1405487060547
v -109.97447204589844 -176.3519287109375 201.1560821533203
v -118.38218688964844 -180.2125701904297 200.021484375
v -114.15238952636719 -183.89662170410156 200.31399536132812
v -119.27598571777344 -183.3901824951172 198.94583129882812
v -118.84892272949219 -185.78343200683594 197.74929809570312
v -117.21232604980469 -187.15821838378906 197.9973907470703
v -116.30125427246094 -187.01907348632812 199.04293823242188
v -118.25495910644531 -186.9280242919922 197.70103454589844
v -120.47499084472656 -187.50904846191406 199.6479949951172
v -118.69270324707031 -191.83428955078125 199.5581817626953
v -120.29637145996094 -190.5201873779297 199.80665588378906
v -50.49591064453125 -61.80802536010742 202.95028686523438
v -50.093475341796875 -63.01511764526367 201.97850036621094
v -53.127838134765625 -60.93308639526367 202.50970458984375
v -54.64414978027344 -60.97916793823242 204.13121032714844
v -49.63545227050781 -64.88941955566406 203.3970489501953
v -64.36088562011719 -68.22213745117188 202.6134490966797
v -51.201873779296875 -74.86920166015625 202.71795654296875
v -70.80476379394531 -75.29673767089844 205.39752197265625
v -73.30180358886719 -79.67805480957031 204.28529357910156
v -50.482879638671875 -87.0938720703125 204.23899841308594
v -51.27281188964844 -90.29478454589844 204.75267028808594
v -52.19209289550781 -93.65000915527344 202.40589904785156
v -55.03294372558594 -97.70162963867188 200.9091033935547
v -82.39762878417969 -98.528076171875 208.1916046142578
v -57.84114074707031 -100.93653869628906 201.2901611328125
v -59.76643371582031 -104.32965087890625 201.63034057617188
v -64.26664733886719 -112.90310668945312 204.08277893066406
v -85.97071838378906 -107.59306335449219 205.14376831054688
v -91.63545227050781 -116.3472900390625 204.30282592773438
v -68.39793395996094 -119.72560119628906 203.6588134765625
v -98.73359680175781 -123.81149291992188 205.65695190429688
v -108.12928771972656 -134.4925537109375 204.96022033691406
v -103.62059020996094 -145.19345092773438 205.7561798095703
v -105.22233581542969 -148.09512329101562 206.5644073486328
v -108.21955871582031 -167.084716796875 204.61782836914062
v -112.16606140136719 -178.64727783203125 204.80575561523438
v -113.32762145996094 -181.7736358642578 203.37918090820312
v -120.19532775878906 -183.40945434570312 201.34083557128906
v -121.18565368652344 -186.71011352539062 201.19418334960938
v -115.27589416503906 -186.56997680664062 202.72418212890625
v -116.14570617675781 -188.25013732910156 200.60626220703125
v -117.42420959472656 -192.20628356933594 200.9778594970703
v -51.113494873046875 -60.86057662963867 203.61260986328125
v -54.76615905761719 -59.656803131103516 208.404541015625
v -50.1612548828125 -70.18345642089844 203.53363037109375
v -68.45964050292969 -71.94088745117188 206.3232879638672
v -51.54820251464844 -76.03729248046875 205.10482788085938
v -55.13441467285156 -95.31561279296875 204.24339294433594
v -62.86676025390625 -109.93571472167969 203.70086669921875
v -66.05751037597656 -116.68284606933594 203.73800659179688
v -87.44563293457031 -109.74990844726562 206.33445739746094
v -94.94548034667969 -119.91911315917969 204.6452178955078
v -77.87855529785156 -122.80108642578125 207.25314331054688
v -81.34492492675781 -125.20162963867188 204.75503540039062
v -106.55787658691406 -130.5791473388672 208.69688415527344
v -112.53849792480469 -142.33688354492188 204.30503845214844
v -117.60804748535156 -175.70034790039062 205.26536560058594
v -121.76933288574219 -185.01934814453125 204.44635009765625
v -122.85130310058594 -191.57485961914062 204.03553771972656
v -116.31669616699219 -191.6640625 202.9621124267578
v -116.45350646972656 -195.40843200683594 204.80722045898438
v -119.29542541503906 -192.9154815673828 200.62619018554688
v -122.51231384277344 -193.45022583007812 203.79244995117188
v -121.28630065917969 -194.7474365234375 203.14517211914062
v -119.75413513183594 -195.98001098632812 203.30838012695312
v -118.11476135253906 -195.5897979736328 202.99664306640625
v -49.92926025390625 -58.6750602722168 207.63369750976562
v -49.45539855957031 -59.9415397644043 206.55596923828125
v -51.82110595703125 -59.2580451965332 206.3955535888672
v -49.49662780761719 -63.069400787353516 204.6691131591797
v -61.12132263183594 -63.296138763427734 209.25314331054688
v -49.41490173339844 -67.0916748046875 206.4884033203125
v -50.260223388671875 -71.73068237304688 206.8060302734375
v -63.26515197753906 -64.72401428222656 210.09890747070312
v -51.474365234375 -81.34176635742188 206.5779266357422
v -73.38655090332031 -80.10818481445312 209.86251831054688
v -52.761627197265625 -91.69566345214844 205.48199462890625
v -58.221282958984375 -93.75480651855469 210.2835235595703
v -59.984100341796875 -100.55262756347656 205.56610107421875
v -63.64503479003906 -104.20594787597656 208.81370544433594
v -64.45620727539062 -111.21366882324219 206.35108947753906
v -71.48875427246094 -119.89157104492188 209.1077880859375
v -74.44053649902344 -122.48255920410156 205.69049072265625
v -88.43522644042969 -127.22019958496094 206.6324005126953
v -93.13722229003906 -130.66717529296875 206.8568878173828
v -105.00660705566406 -127.91917419433594 210.7046356201172
v -95.70341491699219 -133.54026794433594 205.77484130859375
v -99.65281677246094 -138.70401000976562 205.4267578125
v -111.47972106933594 -138.18753051757812 206.92465209960938
v -106.48161315917969 -151.8561553955078 207.00694274902344
v -106.39479064941406 -159.26109313964844 204.5504150390625
v -110.11585998535156 -170.55039978027344 207.44943237304688
v -117.53395080566406 -173.7823944091797 206.97637939453125
v -119.14842224121094 -178.5044708251953 208.9114532470703
v -122.88285827636719 -188.4764862060547 205.1597137451172
v -115.59571838378906 -189.09535217285156 205.61265563964844
v -114.89988708496094 -184.72650146484375 206.5823974609375
v -115.64860534667969 -193.53306579589844 206.87393188476562
v -121.86027526855469 -197.0563507080078 205.1949920654297
v -123.45445251464844 -195.72171020507812 205.7031707763672
v -118.19517517089844 -197.3143310546875 205.70370483398438
v -48.64820861816406 -61.34663772583008 206.87400817871094
v -48.546142578125 -64.18861389160156 207.06651306152344
v -65.53364562988281 -66.75836181640625 211.5122833251953
v -51.415618896484375 -77.56979370117188 211.25010681152344
v -70.08912658691406 -73.50848388671875 211.2541046142578
v -51.84638977050781 -80.24234008789062 209.84983825683594
v -51.74000549316406 -83.15098571777344 208.40504455566406
v -80.43171691894531 -93.53317260742188 205.8153533935547
v -51.88316345214844 -86.09788513183594 208.05987548828125
v -59.05513000488281 -95.531005859375 209.97613525390625
v -67.27442932128906 -116.28559875488281 207.41287231445312
v -70.20442199707031 -119.02949523925781 208.70849609375
v -98.94026184082031 -122.31327819824219 210.61990356445312
v -84.05006408691406 -123.15765380859375 209.04501342773438
v -87.29597473144531 -124.00041198730469 209.86534118652344
v -103.25120544433594 -140.649169921875 209.0611572265625
v -115.74214172363281 -150.05589294433594 208.09124755859375
v -118.23341369628906 -163.9612579345703 210.3694610595703
v -109.25016784667969 -163.0484161376953 208.6694793701172
v -112.24659729003906 -174.37518310546875 210.15542602539062
v -113.82579040527344 -180.72412109375 207.88922119140625
v -120.24586486816406 -180.48155212402344 209.52647399902344
v -122.84785461425781 -184.79978942871094 209.86700439453125
v -124.37904357910156 -190.29751586914062 207.66139221191406
v -126.25776672363281 -192.6833953857422 209.92709350585938
v -126.37007141113281 -194.35791015625 210.33169555664062
v -122.89680480957031 -197.07679748535156 206.54595947265625
v -120.28855895996094 -198.80044555664062 209.0903778076172
v -50.67626953125 -57.607547760009766 209.0252227783203
v -47.76921081542969 -65.12025451660156 208.58407592773438
v -49.684112548828125 -71.641845703125 209.26718139648438
v -67.58576965332031 -69.20962524414062 213.909423828125
v -71.25682067871094 -75.86213684082031 211.76138305664062
v -53.06422424316406 -85.95994567871094 210.0905303955078
v -55.876800537109375 -91.68484497070312 208.8510284423828
v -60.570281982421875 -97.54722595214844 211.18304443359375
v -62.04884338378906 -100.19601440429688 210.20005798339844
v -83.88981628417969 -101.23870849609375 213.6486053466797
v -66.61793518066406 -110.2384033203125 210.57260131835938
v -86.66575622558594 -105.74581909179688 214.08575439453125
v -74.54524230957031 -120.62521362304688 210.15988159179688
v -80.27952575683594 -121.34957885742188 210.5316162109375
v -101.53260803222656 -124.81986999511719 210.71083068847656
v -89.78874206542969 -123.48027038574219 212.60536193847656
v -99.96635437011719 -132.14219665527344 213.41806030273438
v -115.81907653808594 -143.34727478027344 213.76248168945312
v -118.02436828613281 -153.43545532226562 213.22628784179688
v -118.51469421386719 -172.57992553710938 210.5868682861328
v -118.99247741699219 -176.16844177246094 210.6171112060547
v -113.81736755371094 -177.79556274414062 211.9931640625
v -115.91328430175781 -188.6080780029297 209.96517944335938
v -125.08491516113281 -187.37217712402344 212.11740112304688
v -115.96003723144531 -195.35491943359375 210.39202880859375
v -116.04499816894531 -196.47549438476562 209.81886291503906
v -125.55995178222656 -195.6596221923828 210.08648681640625
v -116.59852600097656 -197.11569213867188 208.18734741210938
v -118.33329772949219 -198.912353515625 210.73580932617188
v -47.92570495605469 -57.32516098022461 209.57684326171875
v -47.38035583496094 -54.540382385253906 211.97528076171875
v -45.3349609375 -54.38741683959961 212.55508422851562
v -46.4415283203125 -59.24587631225586 209.6216583251953
v -52.9813232421875 -57.66433334350586 210.88490295410156
v -50.402801513671875 -54.503231048583984 213.87075805664062
v -57.26979064941406 -59.65220260620117 213.3203582763672
v -45.11865234375 -64.49971008300781 211.42086791992188
v -44.246185302734375 -61.13907241821289 211.99114990234375
v -48.0626220703125 -68.64584350585938 210.34059143066406
v -52.45899963378906 -82.56391906738281 212.1132354736328
v -53.82112121582031 -85.08619689941406 213.0143585205078
v -55.27976989746094 -87.94924926757812 211.6463623046875
v -78.15345764160156 -90.42213439941406 213.23846435546875
v -56.76344299316406 -90.4764404296875 211.92994689941406
v -81.95634460449219 -97.5242919921875 212.91685485839844
v -59.2056884765625 -94.25131225585938 213.00550842285156
v -64.94975280761719 -103.64210510253906 212.22457885742188
v -66.13792419433594 -105.94483947753906 212.5134735107422
v -68.94664001464844 -115.71102905273438 210.88775634765625
v -96.18327331542969 -117.62728881835938 213.20077514648438
v -85.82066345214844 -120.57460021972656 213.029296875
v -95.86134338378906 -127.99333190917969 213.14309692382812
v -110.96156311035156 -132.03404235839844 215.81634521484375
v -108.35636901855469 -128.5271759033203 216.38641357421875
v -102.54396057128906 -135.7884063720703 212.97958374023438
v -114.01399230957031 -136.83969116210938 215.75901794433594
v -107.92185974121094 -145.58062744140625 213.10910034179688
v -107.18724060058594 -141.3110809326172 214.85052490234375
v -109.10209655761719 -149.4564666748047 213.4684600830078
v -117.77546691894531 -150.14385986328125 214.23927307128906
v -111.75810241699219 -153.83013916015625 217.4005889892578
v -112.98115539550781 -168.58053588867188 215.97499084472656
v -119.47059631347656 -167.25885009765625 213.49266052246094
v -115.14222717285156 -181.47486877441406 213.43130493164062
v -121.64955139160156 -198.9827880859375 211.8606719970703
v -123.43949890136719 -197.705078125 210.8929901123047
v -120.38526916503906 -199.19546508789062 212.69891357421875
v -47.51972961425781 -52.76080322265625 213.99456787109375
v -45.49403381347656 -51.46784591674805 214.64540100097656
v -43.61174011230469 -55.0767936706543 213.60986328125
v -61.15028381347656 -61.473697662353516 217.18150329589844
v -43.29170227050781 -63.753665924072266 214.56875610351562
v -44.790313720703125 -66.7410888671875 213.31390380859375
v -47.7689208984375 -70.65972900390625 213.05453491210938
v -49.866058349609375 -75.85844421386719 215.63250732421875
v -57.23579406738281 -90.44451904296875 214.6079559326172
v -64.86097717285156 -102.55601501464844 215.06002807617188
v -68.34953308105469 -111.70127868652344 213.91455078125
v -69.92674255371094 -114.93849182128906 214.1797637939453
v -72.13215637207031 -115.91082763671875 217.13623046875
v -74.62983703613281 -118.57035827636719 214.4915008544922
v -82.26066589355469 -118.49716186523438 214.9373321533203
v -100.80702209472656 -122.41316223144531 214.33859252929688
v -106.06236267089844 -126.86892700195312 215.14144897460938
v -101.92942810058594 -128.95272827148438 219.75926208496094
v -114.12303161621094 -173.44027709960938 216.39349365234375
v -120.24153137207031 -174.949951171875 214.60031127929688
v -120.56105041503906 -178.21551513671875 213.56539916992188
v -122.60401916503906 -180.90878295898438 215.97955322265625
v -123.28373718261719 -183.23553466796875 213.87197875976562
v -127.30632019042969 -188.8250274658203 214.57276916503906
v -127.51985168457031 -192.4767608642578 213.4654541015625
v -117.69889831542969 -192.46629333496094 216.9878387451172
v -117.52033996582031 -197.0375213623047 213.7347869873047
v -119.03987121582031 -198.7022247314453 213.32151794433594
v -123.77912902832031 -197.59864807128906 213.72518920898438
v -43.3826904296875 -53.0745735168457 214.2706298828125
v -43.517578125 -50.56745529174805 215.39593505859375
v -40.44435119628906 -55.42716598510742 218.48931884765625
v -41.59918212890625 -60.99409103393555 217.59510803222656
v -58.59202575683594 -58.5105094909668 219.76536560058594
v -64.4708251953125 -63.91862106323242 221.53565979003906
v -52.01759338378906 -81.15322875976562 215.1002197265625
v -53.24345397949219 -83.95249938964844 216.81430053710938
v -72.17979431152344 -80.20381164550781 218.7395782470703
v -79.92283630371094 -94.35452270507812 217.46253967285156
v -61.440887451171875 -97.76524353027344 217.1450958251953
v -90.86735534667969 -110.12527465820312 216.89451599121094
v -96.13688659667969 -113.43949890136719 222.11378479003906
v -70.99952697753906 -115.00407409667969 217.17147827148438
v -76.80738830566406 -116.43165588378906 218.64715576171875
v -104.49983215332031 -131.61190795898438 219.51795959472656
v -117.18836975097656 -142.60357666015625 217.39073181152344
v -113.66291809082031 -161.47671508789062 219.5227813720703
v -121.02711486816406 -164.6935577392578 218.0310516357422
v -119.34767150878906 -158.8172607421875 215.8634033203125
v -117.46501159667969 -188.68600463867188 217.06138610839844
v -129.0585479736328 -189.58961486816406 217.34695434570312
v -128.99705505371094 -191.31442260742188 217.25555419921875
v -118.24555969238281 -195.40798950195312 217.01210021972656
v -126.88746643066406 -195.34596252441406 215.93955993652344
v -119.38200378417969 -197.07276916503906 216.4769744873047
v -122.74531555175781 -197.89852905273438 215.60064697265625
v -44.559661865234375 -48.17161178588867 217.55145263671875
v -43.391510009765625 -47.733097076416016 218.32957458496094
v -42.762359619140625 -48.56517028808594 217.06117248535156
v -40.67289733886719 -49.876487731933594 218.66409301757812
v -46.62071228027344 -49.64866638183594 217.43032836914062
v -41.0411376953125 -52.65308380126953 217.4486846923828
v -48.81553649902344 -51.65285873413086 217.21310424804688
v -52.22953796386719 -53.42890548706055 220.36740112304688
v -42.301544189453125 -67.42420959472656 220.81118774414062
v -44.38658142089844 -68.64356994628906 216.92921447753906
v -47.712982177734375 -73.56550598144531 217.7650909423828
v -66.91007995605469 -67.8758544921875 220.8719024658203
v -68.40657043457031 -71.54525756835938 221.28274536132812
v -50.863861083984375 -80.4019775390625 218.15029907226562
v -55.34016418457031 -87.71978759765625 219.01004028320312
v -59.282073974609375 -94.52200317382812 218.3068084716797
v -64.23410034179688 -101.57881164550781 219.47811889648438
v -84.70088195800781 -101.89987182617188 218.27685546875
v -66.59004211425781 -105.67559814453125 217.32647705078125
v -68.82899475097656 -111.59234619140625 218.20057678222656
v -82.00605773925781 -116.62718200683594 218.21890258789062
v -85.75126647949219 -117.00450134277344 218.4798126220703
v -74.22947692871094 -116.09175109863281 218.6820068359375
v -97.22761535644531 -115.20297241210938 220.3349609375
v -88.66459655761719 -118.8541259765625 217.6663818359375
v -91.03944396972656 -119.09162902832031 219.9875030517578
v -103.17036437988281 -122.90179443359375 217.296875
v -111.27305603027344 -143.20457458496094 220.07508850097656
v -109.74705505371094 -140.92599487304688 219.13311767578125
v -112.03861999511719 -146.6710662841797 219.96055603027344
v -118.63819885253906 -145.85057067871094 218.15248107910156
v -119.38261413574219 -150.50326538085938 217.83412170410156
v -116.02680969238281 -177.17564392089844 219.72799682617188
v -122.20399475097656 -177.8694610595703 217.46095275878906
v -117.91523742675781 -185.09661865234375 222.21302795410156
v -125.60514831542969 -183.208251953125 217.69776916503906
v -127.75578308105469 -184.34744262695312 218.94715881347656
v -118.33992004394531 -194.0638427734375 219.09300231933594
v -128.7737274169922 -193.5164337158203 219.42169189453125
v -120.98667907714844 -197.66871643066406 216.51904296875
v -39.17387390136719 -56.27089309692383 221.79226684570312
v -39.4393310546875 -59.30710983276367 221.5757293701172
v -43.95036315917969 -70.154541015625 219.71961975097656
v -73.43849182128906 -85.04620361328125 225.12310791015625
v -82.58033752441406 -98.90863037109375 220.96763610839844
v -66.00047302246094 -104.5693359375 220.8625946044922
v -86.96635437011719 -104.59722900390625 220.13140869140625
v -89.81578063964844 -107.30683898925781 222.62620544433594
v -68.01789855957031 -109.83621215820312 220.97244262695312
v -70.64912414550781 -113.42399597167969 220.93215942382812
v -100.62629699707031 -118.06297302246094 221.10995483398438
v -115.74504089355469 -136.8558349609375 218.974853515625
v -108.67597961425781 -137.0454864501953 221.68914794921875
v -121.05363464355469 -157.8043212890625 220.3311309814453
v -116.96754455566406 -171.67312622070312 224.1785888671875
v -125.25740051269531 -169.70382690429688 226.55435180664062
v -129.6212921142578 -186.35440063476562 219.5246124267578
v -126.26399230957031 -195.95167541503906 219.50279235839844
v -120.25736999511719 -196.6705780029297 219.58079528808594
v -119.15400695800781 -195.4320831298828 220.06549072265625
v -122.83711242675781 -197.07229614257812 220.07540893554688
v -42.06172180175781 -45.06538772583008 225.2332000732422
v -40.93202209472656 -46.92338943481445 221.12176513671875
v -43.63897705078125 -46.70191192626953 221.05845642089844
v -46.86320495605469 -48.14995574951172 221.16786193847656
v -39.9088134765625 -49.08506393432617 222.11656188964844
v -44.40187072753906 -72.98880004882812 221.4868927001953
v -48.92042541503906 -80.317626953125 221.56907653808594
v -50.86619567871094 -83.14512634277344 222.2742462158203
v -53.69270324707031 -87.14454650878906 223.63377380371094
v -75.00813293457031 -88.55679321289062 228.15426635742188
v -57.53843688964844 -93.30397033691406 223.49888610839844
v -60.81640625 -97.78038024902344 222.46986389160156
v -92.76573181152344 -109.87094116210938 223.80950927734375
v -72.46470642089844 -113.52310180664062 223.84632873535156
v -89.48716735839844 -116.9217529296875 221.86026000976562
v -97.58222961425781 -120.11813354492188 227.7340087890625
v -108.88996887207031 -122.97663879394531 225.17556762695312
v -112.06193542480469 -125.79791259765625 226.1054229736328
v -114.62059020996094 -131.49151611328125 222.59591674804688
v -107.19825744628906 -132.4420166015625 223.79119873046875
v -119.83909606933594 -138.44338989257812 223.5025177001953
v -120.77507019042969 -142.46066284179688 222.58218383789062
v -111.20985412597656 -140.30406188964844 222.7417449951172
v -121.93247985839844 -148.35523986816406 222.8276824951172
v -123.64286804199219 -162.05374145507812 224.3260040283203
v -115.26728820800781 -162.98654174804688 222.4009246826172
v -125.21769714355469 -177.70054626464844 222.55657958984375
v -126.90763854980469 -179.5785675048828 223.37335205078125
v -118.38420104980469 -182.9329376220703 225.0888671875
v -130.99855041503906 -184.82984924316406 221.92701721191406
v -131.5496368408203 -188.10142517089844 221.94003295898438
v -130.8751678466797 -191.47930908203125 221.82754516601562
v -118.62440490722656 -193.20602416992188 223.80792236328125
v -129.3982391357422 -193.14605712890625 222.39431762695312
v -121.20491027832031 -197.09725952148438 221.46571350097656
v -44.93963623046875 -46.31161117553711 224.955078125
v -39.31159973144531 -53.5084114074707 223.36158752441406
v -59.03807067871094 -57.06644821166992 225.7631072998047
v -38.88751220703125 -59.033626556396484 224.04396057128906
v -62.69914245605469 -60.3066291809082 228.5050811767578
v -39.65956115722656 -63.697994232177734 224.4588165283203
v -64.71177673339844 -63.13370895385742 230.6082000732422
v -40.47196960449219 -68.67121887207031 224.92788696289062
v -42.108917236328125 -70.98983764648438 223.23011779785156
v -67.42753601074219 -69.99575805664062 225.9501190185547
v -68.96507263183594 -75.44844055175781 226.099853515625
v -44.39680480957031 -77.6514892578125 224.5787353515625
v -52.001708984375 -85.38674926757812 224.2108917236328
v -64.07427978515625 -102.29002380371094 224.50933837890625
v -84.61256408691406 -101.67947387695312 224.2320098876953
v -66.97596740722656 -108.55999755859375 226.79759216308594
v -69.51972961425781 -111.76284790039062 224.7516632080078
v -80.84257507324219 -113.82159423828125 224.43017578125
v -84.26127624511719 -113.9322509765625 225.0784149169922
v -100.23338317871094 -115.74519348144531 224.7560272216797
v -88.34416198730469 -114.43141174316406 226.812744140625
v -93.34419250488281 -117.74554443359375 225.21177673339844
v -106.56199645996094 -120.32318115234375 225.84425354003906
v -119.47898864746094 -136.11019897460938 225.45530700683594
v -124.65757751464844 -151.66929626464844 227.29417419433594
v -115.43458557128906 -154.9606170654297 226.2079620361328
v -130.78025817871094 -181.48141479492188 225.23397827148438
v -119.47581481933594 -195.27764892578125 224.25050354003906
v -125.60914611816406 -195.7166290283203 222.4106903076172
v -129.2839813232422 -192.91307067871094 224.78404235839844
v -123.70625305175781 -195.62123107910156 224.25131225585938
v -41.43867492675781 -45.00041580200195 225.46463012695312
v -40.421844482421875 -46.259037017822266 225.9934539794922
v -39.74293518066406 -49.30586242675781 226.27975463867188
v -39.541351318359375 -53.18737030029297 226.41160583496094
v -52.2174072265625 -51.649566650390625 226.67352294921875
v -39.02171325683594 -58.15443801879883 226.33154296875
v -39.451629638671875 -67.14088439941406 226.7197265625
v -40.25199890136719 -73.46182250976562 226.74993896484375
v -70.07783508300781 -79.35646057128906 228.23785400390625
v -78.04206848144531 -94.00497436523438 231.47344970703125
v -81.03999328613281 -97.91641235351562 231.21820068359375
v -65.22453308105469 -105.32962036132812 227.4642333984375
v -67.89387512207031 -110.09022521972656 227.29409790039062
v -97.68611145019531 -112.39476013183594 229.01300048828125
v -74.97154235839844 -112.87554931640625 226.65206909179688
v -101.69908142089844 -122.1829833984375 230.1531219482422
v -104.95329284667969 -127.57038879394531 227.30250549316406
v -114.41929626464844 -143.5334930419922 228.1765899658203
v -115.00178527832031 -148.24888610839844 227.0502166748047
v -126.19569396972656 -171.87025451660156 227.72198486328125
v -128.1444549560547 -173.6490020751953 229.286865234375
v -118.84486389160156 -178.43896484375 227.3060760498047
v -132.84617614746094 -185.77523803710938 225.24652099609375
v -132.4922637939453 -187.4967498779297 225.00868225097656
v -118.82780456542969 -189.695068359375 225.79129028320312
v -131.69700622558594 -189.3383331298828 225.1383056640625
v -130.38136291503906 -190.36868286132812 227.64549255371094
v -128.09556579589844 -192.88877868652344 226.38360595703125
v -47.66865539550781 -47.16936111450195 232.25238037109375
v -39.216217041015625 -62.58076095581055 228.19761657714844
v -38.90611267089844 -72.81399536132812 229.07765197753906
v -67.36100769042969 -72.87619018554688 230.50436401367188
v -40.900970458984375 -75.66470336914062 227.62171936035156
v -44.720733642578125 -79.90324401855469 226.7660675048828
v -70.94999694824219 -83.08116149902344 232.40394592285156
v -46.06825256347656 -82.29084777832031 228.71340942382812
v -50.2327880859375 -86.53059387207031 229.65997314453125
v -54.8267822265625 -92.37998962402344 229.8416748046875
v -57.94154357910156 -97.03195190429688 229.44558715820312
v -61.650299072265625 -102.07655334472656 231.52859497070312
v -84.06294250488281 -100.87753295898438 230.14353942871094
v -90.76658630371094 -106.7672119140625 231.96542358398438
v -71.63334655761719 -112.38323974609375 227.23919677734375
v -81.51026916503906 -110.14715576171875 232.02713012695312
v -83.69935607910156 -111.01922607421875 230.84170532226562
v -93.81495666503906 -115.21945190429688 231.30307006835938
v -117.14448547363281 -128.45664978027344 231.6360321044922
v -110.48332214355469 -134.14236450195312 230.7997283935547
v -124.05436706542969 -134.73106384277344 236.00399780273438
v -112.84022521972656 -138.97166442871094 229.19659423828125
v -124.82542419433594 -142.43467712402344 230.45956420898438
v -124.99055480957031 -146.27333068847656 229.19314575195312
v -126.09440612792969 -158.81942749023438 228.4920654296875
v -118.87776184082031 -165.20791625976562 229.0601348876953
v -118.71458435058594 -160.9616241455078 229.8327178955078
v -126.49058532714844 -168.45016479492188 229.16607666015625
v -119.31706237792969 -173.60824584960938 228.89981079101562
v -128.1767120361328 -177.0546112060547 226.3558349609375
v -132.4257354736328 -175.61734008789062 231.03753662109375
v -133.04701232910156 -179.02932739257812 229.2201690673828
v -132.4597930908203 -183.15017700195312 226.13906860351562
v -133.80149841308594 -182.84498596191406 228.31784057617188
v -119.86378479003906 -192.47654724121094 226.5489044189453
v -129.1000518798828 -190.73501586914062 228.50198364257812
v -132.4147186279297 -187.7721710205078 228.71449279785156
v -120.89851379394531 -193.68667602539062 226.6060791015625
v -122.70133972167969 -194.6222686767578 225.92691040039062
v -41.064544677734375 -45.438934326171875 230.956298828125
v -42.81474304199219 -44.63115692138672 232.4132843017578
v -43.83006286621094 -44.76031494140625 231.76588439941406
v -40.55726623535156 -46.92710876464844 231.6413116455078
v -52.85533142089844 -50.468658447265625 235.98297119140625
v -40.22920227050781 -55.737606048583984 229.97315979003906
v -59.638702392578125 -56.80367660522461 230.7264404296875
v -39.179290771484375 -65.88421630859375 229.0134735107422
v -65.84840393066406 -66.08282470703125 232.7830810546875
v -41.60923767089844 -77.29827880859375 229.40611267089844
v -52.641021728515625 -89.57716369628906 230.33245849609375
v -65.49446105957031 -107.20780944824219 231.15611267089844
v -69.37681579589844 -111.18161010742188 230.7693328857422
v -75.80821228027344 -112.11103820800781 228.67579650878906
v -88.45622253417969 -111.92164611816406 232.514892578125
v -104.52613830566406 -116.40151977539062 231.09779357910156
v -108.01023864746094 -119.13050842285156 230.685302734375
v -112.14289855957031 -123.02235412597656 230.87294006347656
v -107.83525085449219 -129.75723266601562 230.3148193359375
v -124.51176452636719 -139.2285919189453 232.1264190673828
v -118.86183166503906 -152.0991973876953 233.91427612304688
v -128.08921813964844 -171.6841278076172 230.3284149169922
v -120.67875671386719 -181.23365783691406 232.48825073242188
v -133.85179138183594 -185.43087768554688 229.30728149414062
v -134.6145782470703 -183.76405334472656 230.79925537109375
v -120.31779479980469 -185.6025390625 230.55487060546875
v -120.58634948730469 -188.96873474121094 229.93719482421875
v -121.83012390136719 -191.51820373535156 229.12191772460938
v -125.26536560058594 -191.69798278808594 229.31671142578125
v -127.39042663574219 -190.03854370117188 230.33595275878906
v -41.292266845703125 -54.0111198425293 233.2289581298828
v -40.080657958984375 -62.8165168762207 231.22183227539062
v -39.5208740234375 -68.44465637207031 231.9968719482422
v -38.89213562011719 -72.16789245605469 230.3256072998047
v -40.8709716796875 -75.94427490234375 231.97752380371094
v -67.28886413574219 -78.72596740722656 238.46847534179688
v -44.6805419921875 -81.47198486328125 233.2506561279297
v -44.99658203125 -81.84161376953125 231.37449645996094
v -71.15785217285156 -85.41131591796875 237.74063110351562
v -66.45884704589844 -108.47557067871094 232.3143768310547
v -70.07688903808594 -110.96466064453125 232.56700134277344
v -72.90196228027344 -110.74528503417969 233.7500457763672
v -78.91618347167969 -109.34707641601562 234.24386596679688
v -101.98777770996094 -114.09878540039062 234.02542114257812
v -97.46583557128906 -117.09031677246094 233.46255493164062
v -104.71076965332031 -123.8387451171875 234.3656463623047
v -110.17539978027344 -131.22491455078125 235.43106079101562
v -114.57588195800781 -136.63487243652344 236.5021209716797
v -116.28260803222656 -140.97036743164062 234.889892578125
v -117.31172180175781 -143.23081970214844 235.14666748046875
v -129.10777282714844 -146.03395080566406 236.62054443359375
v -116.94972229003906 -146.2394561767578 232.15945434570312
v -126.48826599121094 -152.04359436035156 230.11219787597656
v -128.7012176513672 -156.9449462890625 231.71534729003906
v -128.26451110839844 -161.4302978515625 230.6848907470703
v -128.49330139160156 -169.39280700683594 230.96435546875
v -121.09437561035156 -176.0671844482422 232.89454650878906
v -135.19252014160156 -181.7174835205078 232.1828155517578
v -130.9702606201172 -187.38546752929688 232.1640625
v -132.7815704345703 -186.0607147216797 232.44378662109375
v -43.12666320800781 -44.87189483642578 237.47900390625
v -62.960479736328125 -60.483638763427734 233.85606384277344
v -43.4517822265625 -63.215572357177734 239.5831756591797
v -40.679962158203125 -74.59793090820312 233.57273864746094
v -66.41462707519531 -74.82826232910156 237.6945343017578
v -43.92295837402344 -80.06370544433594 234.98805236816406
v -48.90693664550781 -86.075927734375 232.98507690429688
v -51.44486999511719 -88.81889343261719 233.12283325195312
v -54.22322082519531 -92.22093200683594 233.5084991455078
v -57.196929931640625 -96.57682800292969 234.09213256835938
v -80.89521789550781 -98.03019714355469 236.5591583251953
v -60.691741943359375 -101.40576171875 234.1356201171875
v -89.29054260253906 -104.75714111328125 237.96055603027344
v -99.64054870605469 -111.70207214355469 240.3121795654297
v -67.51481628417969 -109.19551086425781 234.54432678222656
v -84.26829528808594 -109.28826904296875 235.51287841796875
v -130.23399353027344 -141.3999481201172 241.93460083007812
v -128.63426208496094 -148.86241149902344 234.25833129882812
v -129.88365173339844 -152.8712921142578 234.5030059814453
v -131.14378356933594 -162.17041015625 232.7604217529297
v -131.9354705810547 -159.08404541015625 234.4796905517578
v -131.5117645263672 -166.19427490234375 232.52420043945312
v -122.40876770019531 -166.19735717773438 235.16427612304688
v -122.83570861816406 -170.1121368408203 235.73403930664062
v -133.2276153564453 -172.79690551757812 232.5408172607422
v -135.46681213378906 -174.42556762695312 233.59930419921875
v -134.5600128173828 -177.30630493164062 232.01864624023438
v -135.40223693847656 -179.11456298828125 232.5807647705078
v -135.0691375732422 -182.7010498046875 234.3445281982422
v -134.2626190185547 -183.45350646972656 235.1783905029297
v -121.47093200683594 -186.41636657714844 232.0226593017578
v -122.76737976074219 -187.88629150390625 232.05032348632812
v -132.5590057373047 -183.65158081054688 237.1877899169922
v -125.34568786621094 -188.37277221679688 232.34866333007812
v -44.65419006347656 -45.02337646484375 236.0397186279297
v -48.01371765136719 -46.93798065185547 237.95387268066406
v -42.163604736328125 -48.5219841003418 238.61666870117188
v -58.51481628417969 -55.5808219909668 239.24066162109375
v -64.36607360839844 -63.489376068115234 238.06436157226562
v -65.69819641113281 -67.70573425292969 237.21849060058594
v -41.399871826171875 -70.38925170898438 236.70652770996094
v -40.62312316894531 -72.45669555664062 234.76309204101562
v -49.29292297363281 -86.4365234375 235.93601989746094
v -52.119903564453125 -89.54580688476562 235.4521942138672
v -74.43119812011719 -90.49537658691406 238.9180145263672
v -75.07481384277344 -92.15040588378906 244.25973510742188
v -55.902801513671875 -94.45632934570312 236.26123046875
v -59.9920654296875 -100.42759704589844 236.73036193847656
v -62.92021179199219 -105.12742614746094 236.18582153320312
v -64.92097473144531 -107.21694946289062 237.13101196289062
v -69.88603210449219 -109.48585510253906 236.34115600585938
v -86.24583435058594 -108.9609375 238.52908325195312
v -90.87318420410156 -111.6600341796875 237.1097412109375
v -95.07365417480469 -114.45429992675781 235.94869995117188
v -111.96302795410156 -118.71929931640625 241.20899963378906
v -102.94908142089844 -121.12460327148438 235.80702209472656
v -112.14201354980469 -120.44892883300781 236.5051727294922
v -118.58012390136719 -125.8861083984375 238.36605834960938
v -114.45899963378906 -135.0482940673828 239.6173858642578
v -119.74897766113281 -150.65322875976562 236.9755859375
v -123.12907409667969 -160.86961364746094 238.53553771972656
v -134.7345733642578 -164.1557159423828 235.40110778808594
v -135.0760040283203 -168.32437133789062 234.4934539794922
v -137.4873809814453 -172.16616821289062 236.11349487304688
v -137.15199279785156 -177.7008514404297 235.4082794189453
v -122.52931213378906 -180.61061096191406 236.80343627929688
v -123.86589050292969 -181.33187866210938 238.3970947265625
v -137.20277404785156 -179.5685577392578 237.0734100341797
v -124.63914489746094 -185.14161682128906 235.80226135253906
v -128.34877014160156 -185.48318481445312 236.01010131835938
v -42.48675537109375 -45.68107604980469 238.35134887695312
v -42.69740295410156 -75.21453857421875 238.02769470214844
v -43.926910400390625 -78.37936401367188 237.82066345214844
v -45.846527099609375 -81.61602783203125 237.73634338378906
v -48.442138671875 -84.86723327636719 237.74630737304688
v -53.66485595703125 -90.63006591796875 238.16197204589844
v -58.780181884765625 -97.89434814453125 239.41290283203125
v -85.65724182128906 -101.525390625 238.95999145507812
v -61.78535461425781 -104.40586853027344 241.15509033203125
v -62.87464904785156 -105.87907409667969 241.2135009765625
v -74.93482971191406 -105.75057983398438 242.37579345703125
v -81.13716125488281 -106.85000610351562 239.81822204589844
v -100.78153991699219 -118.55169677734375 237.5680694580078
v -120.97068786621094 -128.7218475341797 238.57058715820312
v -117.49363708496094 -141.50291442871094 238.20803833007812
v -118.56794738769531 -144.7124786376953 238.3618621826172
v -133.76243591308594 -154.715576171875 239.24093627929688
v -123.53678894042969 -174.92562866210938 239.1203155517578
v -138.05116271972656 -177.10101318359375 237.51441955566406
v -125.37428283691406 -181.7781219482422 239.54251098632812
v -130.69078063964844 -183.28570556640625 238.82374572753906
v -45.90736389160156 -45.90046691894531 239.4973602294922
v -53.222442626953125 -50.64668655395508 240.058837890625
v -43.949371337890625 -52.084014892578125 242.68203735351562
v -45.90141296386719 -60.32624435424805 245.98519897460938
v -60.74296569824219 -58.6137580871582 240.94700622558594
v -64.8349609375 -69.25672912597656 245.24630737304688
v -43.83470153808594 -72.3387451171875 241.4682159423828
v -67.42231750488281 -80.69233703613281 242.06517028808594
v -64.14633178710938 -106.92945861816406 244.48272705078125
v -92.07481384277344 -106.84683227539062 238.73512268066406
v -66.83341979980469 -107.79092407226562 239.85781860351562
v -78.51896667480469 -105.48353576660156 242.6739959716797
v -69.86857604980469 -107.79052734375 240.2840576171875
v -93.20155334472656 -112.36027526855469 240.45175170898438
v -97.13078308105469 -114.81465148925781 241.1287841796875
v -111.71275329589844 -129.7930450439453 245.0186767578125
v -128.8114776611328 -137.62559509277344 242.34841918945312
v -116.00660705566406 -137.2852020263672 240.2941436767578
v -120.57063293457031 -149.54273986816406 240.5546417236328
v -132.49122619628906 -148.23129272460938 241.12039184570312
v -123.50071716308594 -157.15040588378906 241.6530303955078
v -136.82301330566406 -159.307861328125 240.39527893066406
v -140.0761260986328 -163.4778289794922 242.3768768310547
v -123.90437316894531 -167.81369018554688 238.93380737304688
v -141.3221893310547 -164.99502563476562 243.55731201171875
v -140.39649963378906 -169.12667846679688 241.14968872070312
v -139.83628845214844 -173.0606689453125 240.38735961914062
v -124.58207702636719 -175.6071319580078 241.84701538085938
v -136.06858825683594 -181.07620239257812 238.4169921875
v -128.98133850097656 -182.19601440429688 240.88331604003906
v -126.87651062011719 -183.1126708984375 238.994384765625
v -44.2049560546875 -47.10011672973633 242.61868286132812
v -45.18586730957031 -46.37142562866211 242.1559600830078
v -43.95118713378906 -49.09694290161133 243.28829956054688
v -48.46372985839844 -47.821685791015625 243.25526428222656
v -46.15296936035156 -63.56283950805664 246.41722106933594
v -61.18147277832031 -61.120914459228516 247.09207153320312
v -45.36773681640625 -65.80923461914062 244.5592041015625
v -63.29533386230469 -65.50433349609375 247.68536376953125
v -65.93519592285156 -76.80906677246094 244.08157348632812
v -48.899322509765625 -80.34159851074219 245.70834350585938
v -52.79573059082031 -87.27235412597656 243.24661254882812
v -82.37400817871094 -99.286376953125 253.03074645996094
v -60.33819580078125 -101.55332946777344 245.7958526611328
v -89.52549743652344 -104.31266784667969 250.51210021972656
v -84.28276062011719 -106.58917236328125 243.4987030029297
v -87.12409973144531 -108.31045532226562 242.60401916503906
v -103.95265197753906 -113.70559692382812 244.22080993652344
v -111.12059020996094 -117.33969116210938 244.83444213867188
v -105.10530090332031 -120.81195068359375 245.14736938476562
v -119.19548034667969 -122.57644653320312 249.197021484375
v -107.66963195800781 -123.918212890625 245.1207275390625
v -119.07066345214844 -124.43408203125 243.11587524414062
v -127.60386657714844 -133.56349182128906 245.18003845214844
v -118.33073425292969 -139.54977416992188 247.50343322753906
v -119.90370178222656 -143.5917510986328 246.482666015625
v -124.52497863769531 -162.1245574951172 243.04502868652344
v -124.74397277832031 -171.04345703125 242.8216094970703
v -126.19081115722656 -170.62362670898438 247.08709716796875
v -138.8978729248047 -176.27206420898438 241.4091033935547
v -125.19203186035156 -178.81927490234375 241.95281982421875
v -137.72779846191406 -177.38670349121094 243.17303466796875
v -126.75413513183594 -180.4891815185547 242.23306274414062
v -132.55430603027344 -180.89283752441406 242.1847381591797
v -134.4207000732422 -180.92266845703125 241.20472717285156
v -51.79290771484375 -50.05994415283203 243.97633361816406
v -55.15171813964844 -52.970115661621094 244.47808837890625
v -46.81590270996094 -70.95574951171875 247.47433471679688
v -47.49131774902344 -74.53314208984375 247.6219482421875
v -47.30815124511719 -77.14695739746094 245.54327392578125
v -69.28126525878906 -84.37913513183594 244.00328063964844
v -50.81388854980469 -82.98834228515625 246.1408233642578
v -53.93597412109375 -87.67384338378906 246.01092529296875
v -55.842376708984375 -90.94227600097656 245.98118591308594
v -87.26429748535156 -102.81254577636719 248.02392578125
v -81.03919982910156 -105.11117553710938 245.16421508789062
v -68.38877868652344 -106.935302734375 243.9215545654297
v -90.91069030761719 -110.24006652832031 245.71646118164062
v -105.27033996582031 -120.599365234375 247.65528869628906
v -125.43617248535156 -129.859130859375 246.93661499023438
v -134.33912658691406 -148.67193603515625 243.33416748046875
v -122.19581604003906 -151.14764404296875 243.87686157226562
v -123.85600280761719 -155.04144287109375 244.93089294433594
v -139.12599182128906 -159.203369140625 242.7550506591797
v -140.95252990722656 -171.60842895507812 243.1363525390625
v -140.08595275878906 -173.79470825195312 244.34303283691406
v -135.84764099121094 -177.78175354003906 244.87547302246094
v -130.37355041503906 -179.9852752685547 243.44252014160156
v -45.50651550292969 -49.439781188964844 245.58912658691406
v -46.62391662597656 -49.02013397216797 246.1534423828125
v -47.51152038574219 -48.70048904418945 245.9073944091797
v -49.5269775390625 -49.51683044433594 246.5747528076172
v -45.51759338378906 -54.97134017944336 246.39076232910156
v -58.007720947265625 -56.61495590209961 248.53746032714844
v -66.73649597167969 -80.05718994140625 247.29714965820312
v -67.75782775878906 -82.39631652832031 247.64419555664062
v -69.27632141113281 -84.92425537109375 249.48675537109375
v -57.1495361328125 -93.005126953125 248.7827606201172
v -80.18013000488281 -97.43150329589844 252.03639221191406
v -61.459991455078125 -103.94624328613281 246.8716583251953
v -71.00965881347656 -105.22297668457031 246.8804931640625
v -78.04704284667969 -104.61138916015625 246.11502075195312
v -63.371917724609375 -106.04727172851562 246.3450164794922
v -66.20207214355469 -106.60551452636719 248.02943420410156
v -86.87199401855469 -107.4072265625 248.0308837890625
v -95.93388366699219 -108.09455871582031 253.8394317626953
v -125.01341247558594 -127.43630981445312 251.12510681152344
v -117.27330017089844 -136.8448486328125 249.67990112304688
v -130.50660705566406 -136.90591430664062 246.17906188964844
v -132.5750274658203 -139.41978454589844 247.21900939941406
v -134.86692810058594 -144.52069091796875 247.01832580566406
v -136.92970275878906 -150.7964324951172 244.84828186035156
v -141.51145935058594 -154.91683959960938 246.57200622558594
v -142.8726348876953 -160.16070556640625 246.16651916503906
v -144.0327911376953 -160.4214630126953 247.7676544189453
v -142.6287078857422 -166.42103576660156 246.01934814453125
v -125.43223571777344 -166.00454711914062 246.6769561767578
v -142.5352325439453 -168.33328247070312 247.683837890625
v -125.79380798339844 -175.6787872314453 243.88136291503906
v -127.26011657714844 -175.47439575195312 246.0549774169922
v -127.48472595214844 -177.82064819335938 244.3501739501953
v -130.0116424560547 -177.9967803955078 245.53236389160156
v -134.0286102294922 -176.7530059814453 246.96388244628906
v -46.02861022949219 -52.8952751159668 247.81248474121094
v -51.12977600097656 -51.36305236816406 248.80201721191406
v -53.7891845703125 -52.96200942993164 248.24990844726562
v -59.082427978515625 -58.58684158325195 251.49949645996094
v -63.89668273925781 -67.71597290039062 250.84579467773438
v -65.72135925292969 -76.39906311035156 247.4212646484375
v -49.692108154296875 -77.10163879394531 251.0218963623047
v -73.15467834472656 -104.64175415039062 249.47828674316406
v -69.37861633300781 -105.49433898925781 249.70309448242188
v -82.07157897949219 -105.17591857910156 248.0306854248047
v -91.24790954589844 -110.29258728027344 252.14280700683594
v -97.50044250488281 -114.76312255859375 247.0120086669922
v -123.56330871582031 -124.9912109375 253.85531616210938
v -115.87339782714844 -134.02125549316406 252.51544189453125
v -143.2561798095703 -156.37315368652344 247.83412170410156
v -126.49165344238281 -165.09600830078125 250.94903564453125
v -141.2317657470703 -170.87139892578125 247.52679443359375
v -127.33039855957031 -170.07383728027344 249.42344665527344
v -138.56312561035156 -174.2628173828125 247.2639923095703
v -139.62181091308594 -172.32449340820312 248.39878845214844
v -136.38624572753906 -174.4148712158203 248.6565704345703
v -47.13604736328125 -52.629180908203125 249.66749572753906
v -49.847808837890625 -51.51593780517578 249.79823303222656
v -47.98326110839844 -58.05142593383789 253.54910278320312
v -64.90910339355469 -71.27745056152344 250.15167236328125
v -66.14854431152344 -77.50033569335938 252.16104125976562
v -51.1689453125 -80.88798522949219 250.9391632080078
v -76.74473571777344 -94.01312255859375 252.58970642089844
v -58.50312805175781 -97.59295654296875 257.3446350097656
v -61.76484680175781 -103.85859680175781 250.80799865722656
v -79.05146789550781 -104.63619995117188 249.44644165039062
v -65.04835510253906 -106.22709655761719 249.34117126464844
v -101.91490173339844 -111.52139282226562 258.1549072265625
v -103.48973083496094 -118.96803283691406 250.6121826171875
v -108.82893371582031 -124.51914978027344 250.137939453125
v -131.32374572753906 -132.29864501953125 253.5977783203125
v -130.8334197998047 -133.39678955078125 250.9627685546875
v -132.89427185058594 -137.28070068359375 249.24777221679688
v -121.98884582519531 -143.35647583007812 255.04554748535156
v -125.89128112792969 -159.82424926757812 252.35452270507812
v -144.72618103027344 -161.4639892578125 249.32369995117188
v -143.68409729003906 -165.48316955566406 248.65333557128906
v -133.59877014160156 -173.82510375976562 249.80540466308594
v -129.11082458496094 -174.0519561767578 248.42526245117188
v -131.1869659423828 -173.39544677734375 249.84921264648438
v -48.01115417480469 -51.85588073730469 249.90423583984375
v -49.087860107421875 -52.97956466674805 252.41143798828125
v -52.2001953125 -53.32792663574219 252.19216918945312
v -48.33671569824219 -55.568477630615234 254.14370727539062
v -48.6220703125 -64.98049926757812 252.79026794433594
v -61.889068603515625 -63.21977615356445 252.89312744140625
v -67.95796203613281 -81.98667907714844 253.6803741455078
v -53.130645751953125 -82.52389526367188 256.4801330566406
v -73.46119689941406 -90.25447082519531 252.8607635498047
v -60.54508972167969 -101.35496520996094 254.8426055908203
v -64.14645385742188 -105.19236755371094 254.5975341796875
v -81.38169860839844 -105.26629638671875 251.5995330810547
v -67.20289611816406 -106.11915588378906 252.49391174316406
v -69.36338806152344 -105.86215209960938 252.13906860351562
v -84.70164489746094 -106.574462890625 252.21987915039062
v -88.54524230957031 -108.5885009765625 252.25436401367188
v -101.72392272949219 -117.78988647460938 255.21865844726562
v -106.57542419433594 -114.21449279785156 255.3477783203125
v -113.84321594238281 -117.59494018554688 255.6753692626953
v -105.58888244628906 -120.66912841796875 252.7179718017578
v -114.04649353027344 -130.64341735839844 256.9075927734375
v -129.19532775878906 -130.37667846679688 253.59588623046875
v -135.7622833251953 -137.29588317871094 252.50767517089844
v -139.24916076660156 -143.47154235839844 251.8990020751953
v -142.4768524169922 -148.66009521484375 251.55935668945312
v -145.3327178955078 -151.889404296875 252.90293884277344
v -146.14100646972656 -153.86148071289062 253.228271484375
v -145.6808319091797 -158.81512451171875 251.72645568847656
v -144.8538360595703 -163.3279571533203 251.39427185058594
v -128.21568298339844 -163.68646240234375 255.2244415283203
v -142.2018585205078 -167.18214416503906 251.9345245361328
v -129.43931579589844 -171.35781860351562 250.76512145996094
v -140.94407653808594 -168.64952087402344 251.7093048095703
v -137.0904998779297 -171.5727081298828 251.3473358154297
v -133.07933044433594 -170.1680450439453 253.57766723632812
v -55.821533203125 -56.528926849365234 255.77789306640625
v -60.5692138671875 -61.099063873291016 256.04443359375
v -64.44732666015625 -68.16743469238281 255.20864868164062
v -65.46723937988281 -71.988037109375 254.6554412841797
v -50.886993408203125 -73.9573974609375 255.59104919433594
v -51.958984375 -78.81466674804688 256.4566345214844
v -54.54808044433594 -85.97021484375 256.350830078125
v -56.47740173339844 -90.85198974609375 257.5014953613281
v -73.20896911621094 -105.1492919921875 252.13507080078125
v -79.37019348144531 -105.19847106933594 252.52276611328125
v -67.00224304199219 -105.91339111328125 256.6880798339844
v -125.86921691894531 -125.68994140625 257.46044921875
v -120.49174499511719 -139.6244354248047 256.8388977050781
v -141.9108123779297 -144.05796813964844 254.6503143310547
v -124.13352966308594 -148.07965087890625 258.15411376953125
v -125.22889709472656 -154.11959838867188 254.87635803222656
v -146.32554626464844 -156.55413818359375 253.3639678955078
v -146.2168731689453 -158.03680419921875 254.29898071289062
v -144.78822326660156 -162.1998291015625 254.02879333496094
v -129.92832946777344 -167.82286071777344 254.16604614257812
v -140.23814392089844 -166.2263641357422 255.04832458496094
v -49.63954162597656 -54.31293487548828 254.9268798828125
v -51.65199279785156 -55.48056411743164 257.38232421875
v -59.2333984375 -60.11782455444336 260.0809020996094
v -50.792633056640625 -68.47654724121094 256.7490539550781
v -69.86952209472656 -85.20669555664062 254.6198272705078
v -69.30052185058594 -83.13621520996094 257.9914855957031
v -74.38768005371094 -90.99433898925781 256.5077819824219
v -78.89042663574219 -95.84474182128906 257.10504150390625
v -92.05198669433594 -105.54312133789062 260.80523681640625
v -86.68128967285156 -101.9268798828125 257.8710632324219
v -63.86479187011719 -103.980224609375 258.04571533203125
v -70.01445007324219 -106.3699951171875 257.9475402832031
v -72.15480041503906 -106.45175170898438 256.0456237792969
v -86.92417907714844 -108.37760925292969 255.95687866210938
v -91.31828308105469 -111.01841735839844 257.1701354980469
v -95.28346252441406 -113.59040832519531 257.04632568359375
v -118.67051696777344 -119.84117126464844 259.6126708984375
v -110.11607360839844 -125.73527526855469 258.8001403808594
v -135.2330780029297 -134.3529052734375 255.59439086914062
v -143.3711395263672 -144.51174926757812 256.657470703125
v -146.5779266357422 -152.21771240234375 256.193359375
v -126.89204406738281 -159.74050903320312 255.77703857421875
v -142.8041534423828 -162.79795837402344 256.2359313964844
v -129.4176483154297 -163.99737548828125 256.4456787109375
v -136.79551696777344 -166.650634765625 256.3348693847656
v -50.43443298339844 -56.59749221801758 257.75262451171875
v -54.53053283691406 -56.69426345825195 258.33453369140625
v -49.64710998535156 -58.29781723022461 257.40484619140625
v -60.87553405761719 -61.78139114379883 260.14373779296875
v -50.89585876464844 -61.12229537963867 259.24072265625
v -63.647857666015625 -65.27854919433594 258.9179992675781
v -67.83699035644531 -73.90109252929688 262.9913024902344
v -52.99052429199219 -77.34007263183594 259.8077087402344
v -67.80607604980469 -79.72772216796875 256.8414611816406
v -71.72309875488281 -86.64511108398438 259.1993408203125
v -82.65000915527344 -99.11778259277344 257.6090087890625
v -80.33134460449219 -107.49168395996094 258.41705322265625
v -84.54908752441406 -108.47779846191406 259.09967041015625
v -98.34947204589844 -109.15943908691406 262.6944580078125
v -100.66255187988281 -117.69960021972656 263.4971618652344
v -113.01670837402344 -116.66500854492188 259.3730773925781
v -127.63151550292969 -125.89239501953125 260.0483703613281
v -130.5918731689453 -127.79902648925781 260.8875427246094
v -118.94325256347656 -136.14794921875 259.88336181640625
v -138.2250518798828 -133.97206115722656 259.7479248046875
v -141.40357971191406 -139.6975555419922 258.2265625
v -145.2360076904297 -148.758056640625 256.4010314941406
v -146.29771423339844 -156.06214904785156 256.8585510253906
v -144.9988250732422 -158.19869995117188 257.8188781738281
v -127.78544616699219 -156.17355346679688 260.6001281738281
v -131.7404022216797 -162.56190490722656 259.8009948730469
v -132.07444763183594 -166.46302795410156 256.25408935546875
v -133.9702606201172 -163.8141632080078 259.4599609375
v -134.6480255126953 -166.98138427734375 256.3596496582031
v -139.1685333251953 -161.30113220214844 260.4869689941406
v -54.17268371582031 -57.57333755493164 259.9189453125
v -57.314300537109375 -58.8570671081543 260.2041320800781
v -62.667633056640625 -63.71908187866211 260.6334228515625
v -52.573089599609375 -64.88037109375 261.035888671875
v -65.14710998535156 -67.12654113769531 262.4778747558594
v -66.67027282714844 -70.76815795898438 261.8753662109375
v -53.12925720214844 -72.42892456054688 260.3669738769531
v -53.185455322265625 -80.17622375488281 259.4527893066406
v -54.55033874511719 -84.57646179199219 260.59405517578125
v -70.95756530761719 -84.228271484375 261.2192077636719
v -77.79136657714844 -93.14134216308594 262.7460021972656
v -58.73835754394531 -97.24229431152344 261.4509582519531
v -80.68974304199219 -96.57527160644531 261.7423095703125
v -85.50566101074219 -100.43292236328125 261.80120849609375
v -61.29766845703125 -100.42279052734375 261.7022399902344
v -67.29893493652344 -105.050537109375 261.09942626953125
v -72.92063903808594 -107.03901672363281 260.2608642578125
v -77.99989318847656 -107.83189392089844 261.45538330078125
v -81.01914978027344 -108.28306579589844 261.4228820800781
v -103.50718688964844 -111.6639404296875 264.0393371582031
v -96.49324035644531 -115.04090881347656 261.70745849609375
v -104.45759582519531 -120.35072326660156 263.59320068359375
v -123.94377136230469 -122.79486083984375 261.96551513671875
v -112.81871032714844 -128.56373596191406 261.6690673828125
v -135.11866760253906 -128.8782501220703 264.374267578125
v -118.01274108886719 -133.6488037109375 265.1206970214844
v -123.18064880371094 -142.84979248046875 263.9499816894531
v -144.4694366455078 -145.04367065429688 258.8857727050781
v -144.5033416748047 -144.0457305908203 261.1502990722656
v -145.4287567138672 -148.7587890625 259.64447021484375
v -125.47453308105469 -150.14633178710938 260.6300354003906
v -146.3714141845703 -152.55972290039062 258.4893798828125
v -144.91563415527344 -154.31842041015625 260.4997863769531
v -142.6752471923828 -158.7637176513672 259.97003173828125
v -136.03977966308594 -163.1611785888672 260.0822448730469
v -53.24723815917969 -58.11210250854492 260.3915710449219
v -52.686248779296875 -59.370853424072266 260.97772216796875
v -55.46891784667969 -81.40115356445312 263.901611328125
v -69.39781188964844 -77.17098999023438 264.97393798828125
v -56.645294189453125 -90.20973205566406 261.4965515136719
v -55.6617431640625 -85.89537048339844 263.2330017089844
v -74.66862487792969 -89.58441162109375 261.7811279296875
v -60.82017517089844 -98.86436462402344 264.5273742675781
v -64.37826538085938 -101.90408325195312 263.922607421875
v -71.28175354003906 -106.12440490722656 262.1571350097656
v -87.06687927246094 -110.51148986816406 263.4403076171875
v -91.87074279785156 -112.90365600585938 263.8517150878906
v -107.88859558105469 -113.40530395507812 265.38568115234375
v -116.17729187011719 -117.31466674804688 264.2781677246094
v -120.94535827636719 -137.66636657714844 266.2841491699219
v -141.7472381591797 -138.3280029296875 260.8382873535156
v -143.30433654785156 -140.94989013671875 261.0575866699219
v -145.12547302246094 -149.69589233398438 261.1983642578125
v -143.9617462158203 -150.10902404785156 263.2833251953125
v -129.3373565673828 -157.56478881835938 261.5830078125
v -136.60508728027344 -159.67160034179688 262.802001953125
v -54.970947265625 -60.491329193115234 262.5990905761719
v -57.17572021484375 -60.42936325073242 262.48175048828125
v -53.43324279785156 -63.09824752807617 262.42864990234375
v -53.953582763671875 -61.69169998168945 262.6933288574219
v -59.780303955078125 -61.607845306396484 263.1448669433594
v -62.06535339355469 -63.195011138916016 263.1250305175781
v -54.987701416015625 -71.09986877441406 263.6136169433594
v -66.29447937011719 -69.16511535644531 264.8258056640625
v -55.78660583496094 -75.66041564941406 264.30511474609375
v -54.79054260253906 -82.8135986328125 262.37542724609375
v -74.27827453613281 -87.58332824707031 264.3442077636719
v -57.32977294921875 -89.92182922363281 264.2085266113281
v -91.41230773925781 -104.69406127929688 264.0760192871094
v -77.64482116699219 -106.97541809082031 267.7203674316406
v -95.30113220214844 -106.96659851074219 266.2747802734375
v -77.42466735839844 -107.64634704589844 264.0704345703125
v -83.40544128417969 -109.25767517089844 263.79473876953125
v -96.62788391113281 -115.49549865722656 266.4927978515625
v -119.54695129394531 -118.84271240234375 265.19207763671875
v -127.63142395019531 -123.87059020996094 264.1108093261719
v -110.30323791503906 -125.50486755371094 268.267333984375
v -138.4622039794922 -132.2090301513672 263.0277099609375
v -139.7947540283203 -133.31967163085938 264.08111572265625
v -142.24656677246094 -138.2935791015625 263.8003845214844
v -144.4025115966797 -145.07122802734375 262.7919006347656
v -126.57005310058594 -149.5188751220703 264.4588928222656
v -128.2370147705078 -150.3794708251953 266.742431640625
v -129.44871520996094 -154.06527709960938 265.1106872558594
v -130.90333557128906 -155.22833251953125 265.4552307128906
v -139.9964141845703 -153.44552612304688 265.9429931640625
v -132.1351776123047 -159.15032958984375 262.5250244140625
v -137.4984893798828 -154.78134155273438 266.7275085449219
v -139.3174285888672 -156.06614685058594 264.6573791503906
v -134.3502655029297 -159.55892944335938 262.9272155761719
v -56.1163330078125 -62.5642204284668 264.58807373046875
v -58.133758544921875 -63.110652923583984 265.8790283203125
v -60.936279296875 -63.0870475769043 265.1101379394531
v -63.583953857421875 -65.44528198242188 265.83819580078125
v -61.65669250488281 -64.55728149414062 266.91058349609375
v -56.15625 -66.781982421875 266.0933532714844
v -67.09068298339844 -71.12882995605469 266.1853332519531
v -72.18028259277344 -81.04287719726562 267.6473388671875
v -57.55665588378906 -87.50212097167969 266.0894775390625
v -59.36851501464844 -94.11016845703125 266.19281005859375
v -87.77662658691406 -100.18928527832031 269.1022033691406
v -84.73109436035156 -97.36729431152344 269.1632385253906
v -74.28239440917969 -104.92039489746094 268.66650390625
v -82.58534240722656 -109.03472900390625 267.35894775390625
v -99.38752746582031 -109.00149536132812 267.4295349121094
v -91.48393249511719 -112.95223999023438 268.0894775390625
v -112.57469177246094 -114.85050964355469 268.0473327636719
v -122.68443298339844 -119.37422180175781 267.969482421875
v -104.42927551269531 -120.14071655273438 269.9281005859375
v -132.22666931152344 -124.57278442382812 267.508056640625
v -113.32633972167969 -128.12074279785156 268.7520751953125
v -137.70851135253906 -130.7391357421875 265.0801086425781
v -138.52122497558594 -131.1820068359375 266.8515625
v -140.3917999267578 -134.24844360351562 266.3150939941406
v -143.04347229003906 -141.07244873046875 265.064453125
v -143.5922393798828 -146.67672729492188 264.7292175292969
v -124.54231262207031 -142.55889892578125 268.8424377441406
v -58.54624938964844 -66.35848999023438 267.72601318359375
v -66.20695495605469 -69.98712158203125 267.8119201660156
v -58.909576416015625 -74.22035217285156 268.2939147949219
v -68.40458679199219 -73.75224304199219 268.2571105957031
v -69.97184753417969 -76.392822265625 268.751220703125
v -76.41645812988281 -86.54570007324219 270.0562438964844
v -60.27459716796875 -91.974365234375 269.05841064453125
v -79.71580505371094 -93.06773376464844 267.4906005859375
v -61.96739196777344 -95.657958984375 269.2687683105469
v -92.28550720214844 -104.53237915039062 267.4877624511719
v -68.89024353027344 -101.55412292480469 269.8763122558594
v -86.61936950683594 -110.63319396972656 267.8497314453125
v -103.15196228027344 -110.70402526855469 268.350341796875
v -102.22755432128906 -118.64576721191406 268.7353820800781
v -135.15309143066406 -126.74114990234375 267.636962890625
v -136.12083435058594 -128.30393981933594 267.6026306152344
v -137.1973114013672 -129.502197265625 268.956787109375
v -141.2975311279297 -137.3104248046875 267.0242919921875
v -141.69151306152344 -141.0527801513672 267.4880676269531
v -141.79127502441406 -145.18727111816406 267.22802734375
v -126.49574279785156 -145.72628784179688 268.840087890625
v -140.3370819091797 -149.283447265625 267.5835876464844
v -133.40647888183594 -155.05709838867188 266.8541564941406
v -135.57582092285156 -155.07241821289062 266.97613525390625
v -60.23796081542969 -66.22624206542969 268.0547790527344
v -64.03910827636719 -69.82307434082031 269.8756408691406
v -65.04768371582031 -69.312255859375 268.7462463378906
v -59.81646728515625 -71.01991271972656 269.0207214355469
v -62.346588134765625 -71.17347717285156 270.4662170410156
v -60.88310241699219 -75.16819763183594 270.5524597167969
v -72.24641418457031 -79.723876953125 270.472900390625
v -62.833160400390625 -85.23554992675781 273.4927978515625
v -74.19654846191406 -82.57267761230469 270.6652526855469
v -65.40409851074219 -90.5374755859375 276.9639892578125
v -66.61094665527344 -98.13841247558594 272.6213684082031
v -69.44816589355469 -100.55673217773438 272.627685546875
v -95.97071838378906 -106.18258666992188 270.43017578125
v -82.55036926269531 -108.2803955078125 271.1971740722656
v -100.56062316894531 -108.39743041992188 271.5443115234375
v -109.30403137207031 -112.58296203613281 271.5623779296875
v -98.50059509277344 -116.30215454101562 269.9015197753906
v -117.64265441894531 -116.45298767089844 270.0282287597656
v -130.4514923095703 -122.38128662109375 269.3116149902344
v -128.17051696777344 -120.38853454589844 271.359619140625
v -133.31529235839844 -124.26139831542969 270.55596923828125
v -135.6411895751953 -126.90841674804688 270.4659423828125
v -138.47303771972656 -131.9141082763672 269.4462585449219
v -116.67295837402344 -130.3534698486328 272.24432373046875
v -118.99391174316406 -133.5567169189453 269.9490051269531
v -121.79246520996094 -137.1937255859375 270.1696472167969
v -128.13682556152344 -145.88433837890625 271.1468200683594
v -136.92152404785156 -149.03298950195312 270.2171936035156
v -130.69065856933594 -150.10987854003906 269.3570251464844
v -132.23936462402344 -150.732666015625 269.5857238769531
v -135.23301696777344 -151.85162353515625 269.15570068359375
v -65.12059020996094 -73.49711608886719 272.49432373046875
v -67.78764343261719 -73.18707275390625 270.460693359375
v -63.39179992675781 -75.38526916503906 272.756591796875
v -70.60929870605469 -77.29486083984375 271.89459228515625
v -77.71284484863281 -86.14559936523438 273.8717956542969
v -80.15357971191406 -89.95243835449219 272.9649353027344
v -86.00382995605469 -94.63267517089844 276.4309387207031
v -65.20100402832031 -95.83212280273438 273.4410705566406
v -92.92381286621094 -102.73924255371094 273.4109802246094
v -72.28254699707031 -101.74130249023438 273.9052734375
v -77.80940246582031 -105.34928894042969 273.00579833984375
v -105.86274719238281 -111.03630065917969 271.30401611328125
v -88.86491394042969 -111.35722351074219 270.546142578125
v -95.50321960449219 -114.37908935546875 272.4737854003906
v -113.55619812011719 -114.20451354980469 271.8166198730469
v -103.61085510253906 -118.82154846191406 273.5980529785156
v -124.86528015136719 -117.93447875976562 273.7012023925781
v -107.92247009277344 -122.8463134765625 272.07208251953125
v -131.6862335205078 -122.58787536621094 271.5196228027344
v -136.91307067871094 -129.76004028320312 271.0195007324219
v -136.57545471191406 -131.638916015625 272.4520263671875
v -137.35276794433594 -136.26614379882812 272.2627258300781
v -137.14344787597656 -141.55917358398438 272.58917236328125
v -126.10997009277344 -142.5339813232422 271.86724853515625
v -136.39308166503906 -144.43890380859375 272.94976806640625
v -133.6992645263672 -148.74615478515625 271.3741149902344
v -135.2961883544922 -145.99241638183594 272.8504638671875
v -65.92662048339844 -72.52467346191406 271.4841613769531
v -68.50434875488281 -74.86080932617188 272.88446044921875
v -64.27130126953125 -79.15672302246094 274.2633972167969
v -72.44248962402344 -79.74644470214844 273.0079650878906
v -74.35896301269531 -81.550537109375 274.6426696777344
v -76.17292785644531 -83.95700073242188 274.6514587402344
v -65.39326477050781 -92.30990600585938 276.4163818359375
v -83.41654968261719 -91.8388671875 276.3900451660156
v -90.67094421386719 -100.35661315917969 274.5023193359375
v -96.75325012207031 -105.01150512695312 274.3518981933594
v -99.25361633300781 -106.02830505371094 275.458984375
v -107.16712951660156 -110.31231689453125 274.2651062011719
v -89.24784851074219 -110.83319091796875 273.3822021484375
v -100.84159851074219 -116.8001708984375 274.4560241699219
v -120.95805358886719 -115.19206237792969 276.7373352050781
v -129.2678985595703 -120.33241271972656 274.07611083984375
v -134.02537536621094 -125.36087036132812 272.9518127441406
v -113.21382141113281 -126.38282775878906 274.9217529296875
v -135.3546905517578 -127.63632202148438 272.6029968261719
v -120.12364196777344 -133.1085662841797 273.9396667480469
v -123.44593811035156 -136.9594268798828 273.92694091796875
v -130.94651794433594 -145.78955078125 273.1928405761719
v -133.2029266357422 -145.45669555664062 273.6724853515625
v -66.18269348144531 -77.14549255371094 274.7181701660156
v -67.50428771972656 -76.763427734375 274.463623046875
v -69.20997619628906 -76.92573547363281 273.8279113769531
v -68.07258605957031 -80.11044311523438 276.4652404785156
v -71.92149353027344 -79.67037963867188 274.7904357910156
v -64.65182495117188 -83.372314453125 275.2572937011719
v -65.76048278808594 -83.15382385253906 276.26116943359375
v -80.13005065917969 -88.67706298828125 276.43316650390625
v -67.30613708496094 -94.82939147949219 277.6098327636719
v -68.88630676269531 -96.88980102539062 278.04315185546875
v -89.18385314941406 -95.77027893066406 279.4346618652344
v -71.02989196777344 -98.81069946289062 278.6823425292969
v -104.50688171386719 -108.10643005371094 275.9515686035156
v -87.81114196777344 -107.69537353515625 281.4327392578125
v -117.72795104980469 -113.26579284667969 278.4559326171875
v -127.35591125488281 -118.83035278320312 275.6618957519531
v -109.35945129394531 -122.97950744628906 275.8829040527344
v -129.9380645751953 -120.9281005859375 276.52923583984375
v -132.23606872558594 -124.62260437011719 275.98223876953125
v -117.79026794433594 -129.6081085205078 276.3519592285156
v -130.43040466308594 -125.66007995605469 278.7240295410156
v -133.5201873779297 -138.01600646972656 275.8722229003906
v -126.42964172363281 -138.46786499023438 276.46307373046875
v -134.25099182128906 -142.89234924316406 274.5486145019531
v -127.93592834472656 -139.6686248779297 276.6207275390625
v -128.3717498779297 -142.68043518066406 273.8843688964844
v -130.60508728027344 -142.55755615234375 275.1264343261719
v -131.8866424560547 -140.49020385742188 276.2204284667969
v -71.39567565917969 -80.39547729492188 276.2863464355469
v -70.47587585449219 -81.51020812988281 277.63714599609375
v -73.86579895019531 -81.78852844238281 276.8726806640625
v -68.31675720214844 -83.34027099609375 278.30535888671875
v -75.61045837402344 -83.697998046875 278.1345520019531
v -79.08253479003906 -87.59115600585938 278.5441589355469
v -66.76960754394531 -88.23399353027344 278.4955749511719
v -84.32826232910156 -91.65109252929688 280.2382507324219
v -86.60807800292969 -93.476318359375 280.41796875
v -91.85246276855469 -97.48338317871094 280.3459167480469
v -74.38758850097656 -100.60357666015625 280.8679504394531
v -93.52424621582031 -98.79505920410156 280.3435974121094
v -97.58335876464844 -102.77473449707031 278.56695556640625
v -82.59867858886719 -106.05935668945312 279.9478759765625
v -90.70045471191406 -109.41398620605469 279.68572998046875
v -96.04731750488281 -111.61611938476562 281.3368225097656
v -115.17552185058594 -111.99217224121094 278.5428466796875
v -101.53013610839844 -115.51454162597656 279.76422119140625
v -125.20878601074219 -117.25396728515625 277.4839782714844
v -105.45967102050781 -118.34548950195312 278.7666931152344
v -127.74797058105469 -119.32423400878906 278.76776123046875
v -130.6269989013672 -123.52749633789062 277.94012451171875
v -114.08872985839844 -125.01383972167969 279.1504211425781
v -121.95423889160156 -132.68898010253906 277.63507080078125
v -130.46070861816406 -133.77284240722656 278.994140625
v -124.93565368652344 -135.28126525878906 278.00177001953125
v -129.9481658935547 -135.9826202392578 278.89453125
v -129.67408752441406 -138.1001434326172 277.9088134765625
v -70.38801574707031 -83.84074401855469 279.5483703613281
v -73.21354675292969 -82.97402954101562 278.9265441894531
v -68.72770690917969 -86.6524658203125 279.87518310546875
v -78.18659973144531 -87.1749267578125 279.7049560546875
v -81.55790710449219 -89.69715881347656 280.5514831542969
v -69.97975158691406 -93.20491027832031 281.1753845214844
v -69.75929260253906 -95.23245239257812 280.3666687011719
v -79.16648864746094 -103.56794738769531 281.79315185546875
v -104.91838073730469 -105.2264404296875 280.681396484375
v -111.67213439941406 -108.22422790527344 281.5090637207031
v -121.37638854980469 -114.88969421386719 279.16326904296875
v -125.64854431152344 -117.656494140625 279.0152893066406
v -110.98228454589844 -122.92938232421875 278.83929443359375
v -119.23762512207031 -128.4602508544922 279.8783874511719
v -128.57749938964844 -136.55770874023438 278.9980163574219
v -73.49345397949219 -85.70973205566406 280.74713134765625
v -76.00712585449219 -86.21763610839844 280.4882507324219
v -72.34956359863281 -89.10171508789062 282.4657897949219
v -76.09220886230469 -88.78726196289062 282.9618225097656
v -79.65885925292969 -89.0234375 282.0728759765625
v -89.76091003417969 -95.12237548828125 282.5333251953125
v -73.66856384277344 -97.54010009765625 283.5455322265625
v -96.27153015136719 -99.47309875488281 281.9697570800781
v -98.95170593261719 -100.81857299804688 282.88787841796875
v -104.08064270019531 -103.62644958496094 282.8724670410156
v -83.47178649902344 -105.14669799804688 283.5848693847656
v -86.97773742675781 -106.48776245117188 283.96466064453125
v -116.27882385253906 -111.24258422851562 282.08935546875
v -119.64283752441406 -113.38818359375 282.0866394042969
v -100.68812561035156 -113.66189575195312 283.2959289550781
v -120.14558410644531 -113.95719909667969 283.94366455078125
v -126.05146789550781 -118.86213684082031 280.54388427734375
v -126.91761779785156 -120.67094421386719 280.83502197265625
v -107.16175842285156 -117.6700439453125 282.5182189941406
v -111.75355529785156 -120.83660888671875 283.14788818359375
v -126.55671691894531 -123.21646118164062 281.57025146484375
v -116.28678894042969 -123.99122619628906 282.786865234375
v -128.2993927001953 -131.15428161621094 280.36297607421875
v -125.17002868652344 -126.12692260742188 282.27874755859375
v -122.00813293457031 -128.32286071777344 281.8251647949219
v -124.04118347167969 -132.0967559814453 279.87646484375
v -126.48579406738281 -131.68605041503906 280.64434814453125
v -124.08851623535156 -127.66194152832031 282.2768859863281
v -82.77616882324219 -90.95220947265625 283.3656311035156
v -80.61204528808594 -90.331298828125 283.8966979980469
v -72.43644714355469 -93.02827453613281 283.5615539550781
v -86.38087463378906 -93.10287475585938 283.0802001953125
v -92.53746032714844 -96.84451293945312 283.0588073730469
v -75.77595520019531 -100.12051391601562 283.8667907714844
v -95.36128234863281 -98.16403198242188 284.2666931152344
v -97.90443420410156 -99.5203857421875 284.6387939453125
v -79.56571960449219 -102.55416870117188 284.43182373046875
v -100.34739685058594 -101.20341491699219 284.6578063964844
v -104.21595764160156 -103.31568908691406 284.52447509765625
v -109.78892517089844 -106.70091247558594 283.2103576660156
v -113.05595397949219 -108.37088012695312 283.73590087890625
v -93.24674987792969 -108.88082885742188 283.86224365234375
v -104.22129821777344 -115.30599975585938 283.6463623046875
v -122.95234680175781 -116.74557495117188 283.4035949707031
v -121.92268371582031 -117.89512634277344 285.2169189453125
v -122.04826354980469 -120.44900512695312 285.2676086425781
v -114.38938903808594 -121.13023376464844 284.6690368652344
v -119.56590270996094 -125.59432983398438 283.1529541015625
v -121.24522399902344 -125.05137634277344 283.9053955078125
v -122.35096740722656 -123.67398071289062 284.2370300292969
v -75.10047912597656 -92.76971435546875 285.25811767578125
v -77.86445617675781 -92.12617492675781 285.7367248535156
v -80.89070129394531 -92.15556335449219 285.68792724609375
v -84.99449157714844 -92.81103515625 284.9710998535156
v -74.94871520996094 -95.30079650878906 285.25897216796875
v -89.16102600097656 -95.01853942871094 285.1527404785156
v -94.05122375488281 -97.592529296875 285.71142578125
v -101.71925354003906 -102.1220703125 286.1424560546875
v -106.78547668457031 -104.87629699707031 284.90838623046875
v -85.67530822753906 -104.6346435546875 285.60382080078125
v -110.59532165527344 -107.05036926269531 284.8410339355469
v -92.90702819824219 -107.43412780761719 285.7295837402344
v -97.73921203613281 -110.44541931152344 285.2268981933594
v -116.65391540527344 -111.64591979980469 284.90875244140625
v -101.47285461425781 -112.92906188964844 285.1078186035156
v -120.69364929199219 -115.13861083984375 284.9381103515625
v -108.40025329589844 -116.36274719238281 285.4678955078125
v -119.99464416503906 -123.27745056152344 285.01055908203125
v -78.15818786621094 -94.72125244140625 286.5489196777344
v -85.07826232910156 -95.94671630859375 287.1997985839844
v -88.22859191894531 -96.08982849121094 286.9237365722656
v -78.03776550292969 -96.96757507324219 286.4819641113281
v -76.64408874511719 -98.87910461425781 285.3489685058594
v -82.76087951660156 -97.20973205566406 287.37841796875
v -91.92250061035156 -97.52482604980469 287.1991882324219
v -80.38572692871094 -100.87132263183594 286.1492004394531
v -83.95326232910156 -99.71722412109375 287.5953369140625
v -97.73933410644531 -99.71000671386719 286.47613525390625
v -85.32041931152344 -101.92926025390625 287.3490905761719
v -100.39533996582031 -102.11778259277344 287.2900085449219
v -92.60118103027344 -105.57527160644531 287.2877502441406
v -105.29450988769531 -104.38887023925781 286.5733337402344
v -108.41947937011719 -106.514404296875 286.7483825683594
v -98.97752380371094 -108.70169067382812 287.61419677734375
v -112.43672180175781 -109.42460632324219 287.2643127441406
v -113.44630432128906 -109.03823852539062 285.338623046875
v -102.32167053222656 -111.44889831542969 287.1491394042969
v -114.15290832519531 -111.91387939453125 287.5396728515625
v -114.93070983886719 -115.29289245605469 287.58087158203125
v -117.59324645996094 -114.69615173339844 286.5894470214844
v -108.65184020996094 -114.02545166015625 287.6478271484375
v -119.63462829589844 -117.492919921875 286.3490905761719
v -115.09925842285156 -118.08859252929688 286.8031311035156
v -112.31675720214844 -115.6744384765625 287.59619140625
v -119.16203308105469 -119.22271728515625 286.46917724609375
v -90.54655456542969 -98.3953857421875 287.94110107421875
v -91.98722839355469 -100.65568542480469 288.33416748046875
v -95.82624816894531 -100.20869445800781 287.8442077636719
v -96.44151306152344 -101.88236999511719 288.3642272949219
v -92.84480285644531 -103.28506469726562 288.216552734375
v -98.89579772949219 -105.16961669921875 288.5461730957031
v -103.22319030761719 -105.07734680175781 288.03375244140625
v -97.78907775878906 -106.33863830566406 288.2492980957031
v -103.31553649902344 -106.63290405273438 288.4742431640625
v -104.05018615722656 -110.13790893554688 288.2647705078125
v -108.12236022949219 -111.28079223632812 288.4312744140625
v -108.43324279785156 -108.80122375488281 288.1609802246094
v -111.44264221191406 -111.75230407714844 288.205810546875
vn -0.21279193460941315 0.09387440234422684 -0.972577691078186
vn 0.21224002540111542 0.2494649589061737 -0.944839358329773
vn -0.15287378430366516 -0.20751246809959412 -0.9662133455276489
vn 0.22747868299484253 -0.09019768983125687 -0.9695967435836792
vn -0.4330180585384369 -0.19683527946472168 -0.8796313405036926
vn 0.14207570254802704 0.4128762185573578 -0.8996376395225525
vn 0.5043326616287231 0.40602540969848633 -0.7620971202850342
vn -0.16532163321971893 0.26641520857810974 -0.9495744705200195
vn -0.16920188069343567 0.263009250164032 -0.9498404860496521
vn -0.3903385102748871 0.029279690235853195 -0.9202057719230652
vn 0.5584353804588318 0.2564298212528229 -0.7889193296432495
vn -0.4325195848941803 -0.13797572255134583 -0.8910048007965088
vn -0.47663792967796326 -0.35659536719322205 -0.803527295589447
vn -0.5196958780288696 -0.3898416757583618 -0.7602235078811646
vn 0.5224888920783997 0.22066852450370789 -0.8235962390899658
vn 0.3258219063282013 0.12992611527442932 -0.9364610910415649
vn 0.07323072105646133 -0.08143573254346848 -0.9939846396446228
vn -0.3317577540874481 -0.39268067479133606 -0.8577521443367004
vn 0.3151395618915558 -0.014319307170808315 -0.9489372968673706
vn 0.16891144216060638 -0.13899461925029755 -0.9757814407348633
vn -0.1705857217311859 -0.3176193833351135 -0.9327478408813477
vn 0.05269128829240799 0.4663885235786438 -0.8830092549324036
vn 0.09119964390993118 0.6753079891204834 -0.731875479221344
vn 0.42345696687698364 0.6147093176841736 -0.6654446721076965
vn -0.19858881831169128 0.48149004578590393 -0.8536568284034729
vn -0.3964928388595581 0.2647967040538788 -0.8790199756622314
vn 0.6746830344200134 0.49643999338150024 -0.5462144017219543
vn -0.40766236186027527 0.044673074036836624 -0.9120393395423889
vn 0.7080956697463989 0.3870916962623596 -0.5905596017837524
vn -0.3833557665348053 -0.2576272487640381 -0.8869422674179077
vn -0.46305975317955017 -0.5254246592521667 -0.7137959003448486
vn -0.3208576738834381 -0.5673125386238098 -0.7584239840507507
vn -0.6068075895309448 -0.4535631835460663 -0.6527366042137146
vn 0.709266722202301 0.29879581928253174 -0.638484001159668
vn 0.8124405145645142 0.4238327741622925 -0.4003826379776001
vn -0.6039119362831116 -0.5793145298957825 -0.5474351048469543
vn -0.5786258578300476 -0.46125492453575134 -0.672633707523346
vn 0.5501847863197327 0.15304788947105408 -0.8208977580070496
vn -0.6630834341049194 -0.5197571516036987 -0.538676917552948
vn 0.5335100889205933 0.11029908061027527 -0.8385708928108215
vn 0.7492787837982178 0.24556052684783936 -0.6150458455085754
vn -0.5847245454788208 -0.4892851412296295 -0.647068202495575
vn -0.05838823318481445 -0.26564785838127136 -0.9623004198074341
vn -0.4163755476474762 -0.45172467827796936 -0.7890350222587585
vn 0.8227494955062866 0.14899469912052155 -0.5485286712646484
vn 0.2127055525779724 -0.08341368287801743 -0.973549485206604
vn 0.5828613042831421 -0.050141580402851105 -0.8110231757164001
vn -0.1128423810005188 -0.2847612500190735 -0.9519336223602295
vn -0.6361439228057861 -0.5631140470504761 -0.5274690985679626
vn -0.36115413904190063 -0.4049622118473053 -0.839984118938446
vn -0.6162796020507812 -0.5252347588539124 -0.5867947340011597
vn 0.26443397998809814 -0.25571563839912415 -0.9298840165138245
vn -0.23927317559719086 -0.4222885072231293 -0.8743116855621338
vn -0.5507714748382568 -0.4992098808288574 -0.6689097285270691
vn 0.3563297986984253 0.8079826235771179 -0.4692474603652954
vn 0.0951237827539444 0.8369484543800354 -0.5389516353607178
vn -0.1811426877975464 0.7139539122581482 -0.6763558387756348
vn -0.4274526536464691 0.45770367980003357 -0.7796099185943604
vn 0.580299437046051 0.7438929080963135 -0.33147531747817993
vn 0.6795018315315247 0.6229920983314514 -0.38750237226486206
vn -0.5406293272972107 0.26121944189071655 -0.7996776700019836
vn 0.7921770215034485 0.5084215402603149 -0.3375842571258545
vn -0.5643564462661743 0.04123099148273468 -0.8245009779930115
vn 0.8524481654167175 0.4784318804740906 -0.21079647541046143
vn -0.4086858630180359 -0.37870827317237854 -0.8303950428962708
vn 0.8376801609992981 0.38490378856658936 -0.38748037815093994
vn 0.8773306608200073 0.3113410174846649 -0.3651818037033081
vn -0.6924234628677368 -0.5892243981361389 -0.41637057065963745
vn -0.6680153012275696 -0.6147998571395874 -0.41925734281539917
vn 0.8836868405342102 0.2291743904352188 -0.4081380069255829
vn 0.7478140592575073 0.021951783448457718 -0.6635451912879944
vn 0.515321671962738 0.03385636582970619 -0.8563278913497925
vn 0.3634110391139984 -0.15749913454055786 -0.918219268321991
vn -0.045493461191654205 -0.37889325618743896 -0.9243215322494507
vn -0.39156973361968994 -0.45728224515914917 -0.7984774112701416
vn -0.09459830820560455 -0.27391481399536133 -0.9570903182029724
vn 0.25344395637512207 -0.16255053877830505 -0.9535951018333435
vn 0.6994215250015259 0.1106678694486618 -0.7060893774032593
vn -0.21818511188030243 -0.3258345127105713 -0.9199061393737793
vn -0.40430787205696106 0.5525963306427002 -0.7288157939910889
vn -0.5223687291145325 0.3886726498603821 -0.758989155292511
vn 0.7902784943580627 0.5870180130004883 -0.17569784820079803
vn 0.8488808274269104 0.5151922702789307 -0.11823005229234695
vn -0.609666109085083 -0.2978891134262085 -0.734553873538971
vn -0.4015032649040222 -0.5962158441543579 -0.6952135562896729
vn 0.8864898681640625 0.4363262951374054 -0.15412715077400208
vn 0.915239691734314 0.3863377869129181 -0.11436586827039719
vn -0.5121974945068359 -0.6051711440086365 -0.609443724155426
vn 0.9396997094154358 0.2877279222011566 -0.1848706305027008
vn 0.9187126755714417 0.20193324983119965 -0.33939647674560547
vn -0.7575674653053284 -0.5845241546630859 -0.2905564308166504
vn 0.8271419405937195 0.22081880271434784 -0.5167933106422424
vn -0.7880335450172424 -0.44305697083473206 -0.42743849754333496
vn -0.6521224975585938 -0.43729060888290405 -0.619284451007843
vn 0.7524051666259766 0.11647475510835648 -0.6483209729194641
vn 0.8603858947753906 0.2670024335384369 -0.43410342931747437
vn -0.49145251512527466 -0.35078904032707214 -0.7971333265304565
vn 0.3768622577190399 -0.1352897584438324 -0.916335940361023
vn 0.594581663608551 -0.013377183116972446 -0.8039239645004272
vn 0.32838451862335205 -0.2007274627685547 -0.9229691624641418
vn 0.020903345197439194 -0.26820141077041626 -0.9631360769271851
vn 0.2530602812767029 0.8975772261619568 -0.36099252104759216
vn -0.07129082083702087 0.8846397399902344 -0.4607931077480316
vn 0.4949778616428375 0.8179914355278015 -0.29306480288505554
vn -0.3488699197769165 0.7349300980567932 -0.58152174949646
vn -0.5461893081665039 0.5228064656257629 -0.6544849872589111
vn -0.6297948360443115 0.3294019401073456 -0.7034578323364258
vn -0.714948832988739 0.10862726718187332 -0.6906868815422058
vn 0.8606951832771301 0.5089529752731323 -0.013064511120319366
vn -0.7267740964889526 -0.09830185025930405 -0.6798059940338135
vn 0.8728663325309753 0.4879573583602905 -0.0014117129612714052
vn -0.4706474840641022 -0.5669280886650085 -0.6760794520378113
vn 0.9136196374893188 0.4020954668521881 0.06015317514538765
vn -0.39627641439437866 -0.6414957642555237 -0.6568471789360046
vn -0.3431030511856079 -0.624139130115509 -0.701947808265686
vn 0.9363232851028442 0.35016462206840515 0.02614520490169525
vn -0.5539348125457764 -0.7116448283195496 -0.432108610868454
vn -0.4709354639053345 -0.6863389015197754 -0.554219126701355
vn 0.9493382573127747 0.29392844438552856 -0.1111888736486435
vn -0.6449416279792786 -0.6967508792877197 -0.31398820877075195
vn 0.9163758754730225 0.2981923520565033 -0.26708924770355225
vn -0.8832865953445435 -0.37018731236457825 -0.2876910865306854
vn 0.8999235033988953 0.37596482038497925 -0.220880389213562
vn -0.6405867338180542 -0.2947997748851776 -0.7090429067611694
vn 0.8308413028717041 0.20593313872814178 -0.517005205154419
vn 0.6654053330421448 0.07232304662466049 -0.7429704666137695
vn -0.5084559321403503 -0.32835739850997925 -0.7960239052772522
vn 0.3652538061141968 -0.11592737585306168 -0.9236615300178528
vn -0.25860098004341125 -0.3508910536766052 -0.9000005722045898
vn -0.6620150208473206 -0.3427647054195404 -0.6665196418762207
vn -0.6503521203994751 -0.4064480662345886 -0.6417493224143982
vn 0.45725110173225403 -0.19196975231170654 -0.8683715462684631
vn 0.8105981945991516 0.11341609060764313 -0.5745149850845337
vn 0.041817232966423035 -0.2067490816116333 -0.9774999618530273
vn -0.46772173047065735 -0.49142932891845703 -0.7346656918525696
vn -0.07469843327999115 -0.43822237849235535 -0.8957573771476746
vn 0.03612831234931946 0.9447802901268005 -0.32570692896842957
vn 0.8511411547660828 0.5231950283050537 -0.042728740721940994
vn -0.7535467147827148 0.2652870714664459 -0.6014899611473083
vn -0.8131924867630005 0.12733028829097748 -0.5678952932357788
vn -0.7590638995170593 -0.07778174430131912 -0.6463528275489807
vn -0.6632899045944214 -0.2779020667076111 -0.6948503255844116
vn -0.5695913434028625 -0.4522262215614319 -0.6863360404968262
vn -0.30578145384788513 -0.6471896171569824 -0.6983146667480469
vn 0.9375143051147461 0.34648454189300537 0.0318673737347126
vn 0.9258859753608704 0.3728269338607788 -0.06111736595630646
vn -0.7016866207122803 -0.6187860369682312 -0.3531852066516876
vn -0.8512835502624512 -0.4325712025165558 -0.29698246717453003
vn -0.769328236579895 -0.20059391856193542 -0.6065444946289062
vn 0.9073243737220764 0.3169788718223572 -0.2762009799480438
vn 0.914679229259491 0.2984406352043152 -0.2725714445114136
vn 0.8818308711051941 0.2740139067173004 -0.38378480076789856
vn -0.6995685696601868 -0.501356303691864 -0.5091617107391357
vn 0.7778904438018799 -0.08849415928125381 -0.622137725353241
vn -0.6638234257698059 -0.553485631942749 -0.5029832720756531
vn 0.5155934691429138 -0.30313682556152344 -0.8014183640480042
vn -0.2938860356807709 -0.5461134910583496 -0.7844686508178711
vn 0.07746697217226028 -0.50843346118927 -0.8576096892356873
vn 0.21650129556655884 -0.41479912400245667 -0.8837810158729553
vn -0.2961902320384979 0.8758222460746765 -0.38106006383895874
vn -0.08732888847589493 0.9664225578308105 -0.24166317284107208
vn 0.7139357924461365 0.6883217096328735 -0.1284874528646469
vn 0.8818856477737427 0.4657527506351471 0.0731583833694458
vn 0.8667580485343933 0.48447099328041077 0.11839917302131653
vn 0.8776848316192627 0.44615650177001953 0.17496776580810547
vn 0.8971050381660461 0.37919881939888 0.22673965990543365
vn -0.3882655203342438 -0.47692587971687317 -0.7885376811027527
vn -0.5312663912773132 -0.2980095446109772 -0.793061375617981
vn 0.9057578444480896 0.3842178285121918 0.1788281500339508
vn -0.2215651124715805 -0.4761449992656708 -0.8509964346885681
vn -0.18055689334869385 -0.5193841457366943 -0.8352480530738831
vn -0.31915780901908875 -0.67987459897995 -0.6602339744567871
vn -0.46554329991340637 -0.765531599521637 -0.4441068172454834
vn 0.9111508131027222 0.4077838659286499 -0.05930091813206673
vn -0.91535484790802 -0.17734993994235992 -0.3614865839481354
vn -0.8948235511779785 -0.0655645951628685 -0.4415791630744934
vn -0.6060527563095093 -0.11674525588750839 -0.7868103981018066
vn -0.7383753061294556 -0.48374930024147034 -0.4698813855648041
vn 0.9036000370979309 0.2657267153263092 -0.33600059151649475
vn 0.8939428925514221 0.11784271895885468 -0.43241098523139954
vn 0.7727732062339783 -0.0447809211909771 -0.6331005692481995
vn -0.5051569938659668 -0.5670035481452942 -0.6506330370903015
vn -0.21820220351219177 -0.47927170991897583 -0.8501096367835999
vn 0.1882385015487671 0.9603936672210693 -0.2054513543844223
vn -0.5741035342216492 0.7018521428108215 -0.42167380452156067
vn 0.4919057786464691 0.8483774662017822 -0.1956642121076584
vn -0.7660192847251892 0.4403785169124603 -0.46827468276023865
vn 0.8581191897392273 0.5058248043060303 0.08816371858119965
vn -0.8484951257705688 0.24758969247341156 -0.46771302819252014
vn -0.9013168811798096 0.20291852951049805 -0.38269054889678955
vn -0.8479697108268738 0.008703733794391155 -0.5299732685089111
vn -0.7136234641075134 -0.14269684255123138 -0.685841977596283
vn -0.29865553975105286 -0.20252765715122223 -0.9326239824295044
vn -0.5583120584487915 -0.1152530238032341 -0.821586549282074
vn -0.05029298737645149 -0.2385406345129013 -0.9698293805122375
vn -0.07149680703878403 -0.31763312220573425 -0.9455143809318542
vn -0.46012693643569946 -0.11554384231567383 -0.8803026676177979
vn -0.04114270955324173 -0.2203000783920288 -0.9745640754699707
vn -0.1462876945734024 -0.2553499937057495 -0.9557177424430847
vn -0.10011652112007141 -0.4055802822113037 -0.908560037612915
vn -0.028091635555028915 -0.21444475650787354 -0.9763320684432983
vn -0.4300133287906647 -0.5268684029579163 -0.7331427335739136
vn 0.01771966740489006 -0.04336469992995262 -0.9989022016525269
vn -0.020007798448204994 -0.07590169459581375 -0.9969145655632019
vn 0.07152165472507477 -0.20403045415878296 -0.9763484597206116
vn -0.21519045531749725 -0.22613735496997833 -0.9500289559364319
vn -0.13630472123622894 -0.5405209064483643 -0.8302157521247864
vn 0.8706649541854858 0.47233495116233826 0.13726694881916046
vn -0.3153630495071411 -0.48485472798347473 -0.8157586455345154
vn 0.28902295231819153 0.15172038972377777 -0.9452230930328369
vn 0.4620105028152466 0.11049976199865341 -0.8799636960029602
vn -0.3277554214000702 -0.5737267732620239 -0.7506090998649597
vn -0.3775063455104828 -0.586909830570221 -0.7162582278251648
vn 0.6034855842590332 0.3877031207084656 -0.6967722177505493
vn -0.1342909336090088 -0.2938016951084137 -0.9463860392570496
vn 0.044611673802137375 -0.03775180131196976 -0.9982908368110657
vn 0.452477365732193 0.7209652066230774 -0.5248556137084961
vn -0.3798319697380066 -0.6145012378692627 -0.6914592981338501
vn -0.6755400896072388 0.3347364664077759 -0.6569604873657227
vn -0.8764834403991699 0.23209038376808167 -0.42179492115974426
vn -0.1981421262025833 0.35206639766693115 -0.9147617220878601
vn -0.3625498116016388 0.7857791185379028 -0.5011076331138611
vn -0.2756759822368622 -0.3165803551673889 -0.9076231122016907
vn -0.4893898665904999 -0.6682334542274475 -0.5603228807449341
vn -0.40236416459083557 -0.2049112766981125 -0.8922524452209473
vn -0.4983350932598114 -0.6731494069099426 -0.546380877494812
vn 0.9162709712982178 0.3731245696544647 -0.14569024741649628
vn -0.5590424537658691 -0.41933780908584595 -0.7152813076972961
vn -0.6660445332527161 -0.5969960689544678 -0.4471917152404785
vn -0.5830369591712952 -0.7297893762588501 -0.3570370376110077
vn -0.7531161904335022 -0.6207502484321594 -0.2179109901189804
vn -0.7965033650398254 -0.5384986400604248 -0.2749575078487396
vn 0.9317445158958435 0.29469773173332214 -0.21214482188224792
vn 0.9413785338401794 0.22139279544353485 -0.2545420825481415
vn -0.7915555834770203 -0.5402277112007141 -0.2856462299823761
vn 0.9055677056312561 0.1317920684814453 -0.4032096564769745
vn -0.6674197316169739 -0.6034687161445618 -0.4363214075565338
vn -0.45557379722595215 -0.5554384589195251 -0.6956585049629211
vn 0.48587071895599365 -0.19265760481357574 -0.8525331616401672
vn 0.7100414633750916 0.01377794612199068 -0.7040250897407532
vn 0.13537442684173584 -0.36441853642463684 -0.9213430285453796
vn -0.5896804928779602 -0.6021963357925415 -0.5381789207458496
vn 0.62972092628479 -0.14931948482990265 -0.7623354196548462
vn 0.10481837391853333 -0.4595458507537842 -0.8819471597671509
vn -0.5601338148117065 -0.5848183631896973 -0.5867177248001099
vn -0.46464991569519043 -0.6102763414382935 -0.6416098475456238
vn 0.059776995331048965 0.9918568730354309 -0.11245725303888321
vn -0.23058515787124634 0.9526662230491638 -0.1981353610754013
vn -0.5082311034202576 0.836703896522522 -0.2040288895368576
vn -0.9098359942436218 0.33851468563079834 -0.24001312255859375
vn 0.8847301006317139 0.40380045771598816 0.23280449211597443
vn 0.858381986618042 0.42414629459381104 0.28858324885368347
vn -0.9220418334007263 0.18706299364566803 -0.3388898968696594
vn 0.8378217220306396 0.3705061674118042 0.400973916053772
vn 0.8627929091453552 0.4055229127407074 0.3018933832645416
vn -0.7074177265167236 -0.13749590516090393 -0.6932929754257202
vn 0.878018319606781 0.36602988839149475 0.3083924651145935
vn -0.11438465863466263 -0.7020888328552246 -0.7028423547744751
vn -0.7239577174186707 -0.4162338376045227 -0.5501223206520081
vn -0.8309479355812073 -0.18361946940422058 -0.5251757502555847
vn 0.8230305910110474 0.464900940656662 0.3263247013092041
vn -0.06499546766281128 -0.6168444156646729 -0.7843969464302063
vn 0.2743804454803467 -0.3953329920768738 -0.8765998482704163
vn -0.4848636984825134 -0.61239093542099 -0.6244074106216431
vn 0.4150368273258209 -0.21382392942905426 -0.8843210935592651
vn 0.6895917654037476 0.2516496181488037 -0.6790697574615479
vn -0.8144996166229248 -0.36282894015312195 -0.45270904898643494
vn 0.8923942446708679 0.4496058225631714 0.03856484219431877
vn 0.7991672158241272 0.326870858669281 -0.5044673681259155
vn -0.42904332280158997 -0.8037422895431519 -0.41221368312835693
vn 0.03354797884821892 0.9799680113792419 -0.19630920886993408
vn -0.9626767039299011 0.2560681700706482 -0.08765105903148651
vn -0.6445345282554626 -0.7637639045715332 -0.03521374985575676
vn -0.6779342889785767 -0.7217477560043335 -0.13959012925624847
vn -0.7682626843452454 -0.638960599899292 0.03875435143709183
vn -0.8356790542602539 -0.5481328964233398 -0.03450850024819374
vn -0.8497023582458496 -0.5267328023910522 -0.02363307774066925
vn -0.8367011547088623 -0.5343722105026245 -0.11990617215633392
vn 0.8609137535095215 0.1822037547826767 -0.4750045835971832
vn 0.8016313910484314 0.029761601239442825 -0.5970774292945862
vn -0.6883745193481445 -0.6367332339286804 -0.34743532538414
vn 0.7150591015815735 -0.23304569721221924 -0.6590752601623535
vn 0.5369245409965515 -0.4649210572242737 -0.7039605379104614
vn -0.28456053137779236 -0.7166323661804199 -0.6367600560188293
vn 0.13564257323741913 -0.7028350830078125 -0.698300838470459
vn 0.20926541090011597 0.9777283668518066 0.015980640426278114
vn 0.4430105686187744 0.8960784077644348 -0.02802084945142269
vn 0.6950100064277649 0.7184043526649475 0.02926197089254856
vn -0.7969695925712585 0.5775299072265625 -0.17691445350646973
vn 0.873566210269928 0.39246541261672974 0.28784215450286865
vn -0.937188446521759 0.3037598729133606 -0.1714870184659958
vn -0.925925076007843 0.3001303970813751 -0.22931335866451263
vn -0.8696128726005554 -0.03371860086917877 -0.49258145689964294
vn 0.847493588924408 0.36214500665664673 0.388079434633255
vn -0.8255095481872559 -0.4199729561805725 -0.3770366609096527
vn -0.3665356934070587 -0.7497862577438354 -0.5508830547332764
vn -0.41490569710731506 -0.8045962452888489 -0.4248272478580475
vn -0.6086466312408447 -0.6921958923339844 -0.38783273100852966
vn 0.7896768450737 0.5326535105705261 0.30445149540901184
vn -0.10680210590362549 -0.4725886285305023 -0.8747875690460205
vn -0.5183650255203247 -0.6128174662590027 -0.5964499115943909
vn -0.3806286156177521 -0.8409093022346497 -0.3846991956233978
vn -0.5362351536750793 -0.8172515034675598 -0.21107321977615356
vn -0.3381001055240631 -0.9099806547164917 -0.24004928767681122
vn 0.8480399250984192 0.4975826144218445 0.18231818079948425
vn 0.9302437901496887 0.314392626285553 -0.1892191767692566
vn -0.5066221952438354 -0.840793788433075 -0.1907874047756195
vn -0.4453631043434143 -0.8952933549880981 0.010077698156237602
vn 0.9131304621696472 0.40404120087623596 0.054253581911325455
vn 0.9244080185890198 0.37225818634033203 -0.08302819728851318
vn 0.9473020434379578 0.3158792555332184 -0.053283534944057465
vn 0.9374918937683105 0.2589013874530792 -0.23254917562007904
vn 0.8926422595977783 0.3973013758659363 -0.2129354029893875
vn -0.7663732767105103 -0.6150128245353699 -0.18555665016174316
vn -0.6860889196395874 -0.6257486939430237 -0.3711072504520416
vn -0.5890897512435913 -0.6477319002151489 -0.48313215374946594
vn -0.014879504218697548 0.9996001720428467 -0.024045629426836967
vn 0.6803072690963745 0.7169123291969299 0.15237711369991302
vn -0.23493430018424988 0.9708870649337769 -0.04673503339290619
vn 0.8171621561050415 0.5396005511283875 0.20267562568187714
vn -0.3348369300365448 -0.18252155184745789 0.9244296550750732
vn -0.04874172434210777 -0.868449330329895 0.4933761656284332
vn 0.43578940629959106 -0.04234453663229942 0.8990520238876343
vn -0.2817080318927765 0.629014253616333 0.7245561480522156
vn 0.8617708683013916 0.36074164509773254 0.3566742241382599
vn 0.8377177715301514 0.34275203943252563 0.4251471757888794
vn -0.9411014318466187 0.09379930794239044 -0.3248535990715027
vn -0.8961955308914185 -0.15632954239845276 -0.4152044951915741
vn 0.7717126607894897 0.33907321095466614 0.5380418300628662
vn 0.7804282903671265 0.31892138719558716 0.5377926826477051
vn 0.6888076663017273 0.47374430298805237 0.5487352013587952
vn 0.7396803498268127 0.5280230045318604 0.41721072793006897
vn -0.5317261815071106 -0.7637184262275696 -0.366062194108963
vn 0.46263185143470764 -0.5057187676429749 -0.7281622886657715
vn -0.30386480689048767 -0.8944233059883118 -0.32813602685928345
vn 0.7347713112831116 0.5407036542892456 0.40957385301589966
vn -0.4581720530986786 -0.87410569190979 0.1612998992204666
vn 0.5839270353317261 -0.8116148710250854 -0.017622223123908043
vn 0.9432310461997986 -0.02328481152653694 0.3313201367855072
vn 0.175276979804039 0.9178966283798218 0.35601088404655457
vn 0.8619703650474548 0.4624345600605011 0.20775343477725983
vn -0.5367997288703918 -0.6179934144020081 0.5743955373764038
vn -0.1295400708913803 -0.8740568161010742 0.4682351052761078
vn -0.5108984112739563 -0.8022927641868591 0.30872178077697754
vn -0.2659548223018646 -0.9632055759429932 -0.03876974806189537
vn -0.6510724425315857 -0.7015441656112671 0.28972482681274414
vn -0.7696376442909241 -0.5467725992202759 0.3296933174133301
vn -0.8290961980819702 -0.5429486036300659 0.13344067335128784
vn 0.9380006790161133 0.34662821888923645 -0.0019093992887064815
vn -0.8438432812690735 -0.5016781091690063 0.19038836658000946
vn -0.889236569404602 -0.43290677666664124 0.14781808853149414
vn -0.8861157298088074 -0.4634473919868469 -0.003947610966861248
vn 0.9119394421577454 0.40738043189048767 -0.049067821353673935
vn 0.9058055281639099 0.22721527516841888 -0.3576165735721588
vn -0.7690590620040894 -0.5954298973083496 -0.23240384459495544
vn 0.8525023460388184 0.026647118851542473 -0.522043764591217
vn -0.7367631196975708 -0.6292499899864197 -0.2474360167980194
vn 0.5883994102478027 -0.20472265779972076 -0.7822242975234985
vn 0.6520295143127441 -0.19707033038139343 -0.7321344614028931
vn 0.35556742548942566 -0.5060786604881287 -0.7857838869094849
vn 0.3784419596195221 -0.4319287836551666 -0.8186691999435425
vn -0.08056072890758514 -0.7067342400550842 -0.7028774619102478
vn -0.5122209191322327 -0.672967255115509 -0.533614993095398
vn -0.0139011787250638 -0.6424668431282043 -0.7661874294281006
vn 0.5214176774024963 0.8016532063484192 0.2923624515533447
vn -0.4671156406402588 0.8832279443740845 0.04136882722377777
vn -0.7217869758605957 0.6920399069786072 0.010214803740382195
vn -0.8974940180778503 0.4365219473838806 -0.06287360936403275
vn 0.8105767965316772 0.46637552976608276 0.3542020916938782
vn -0.6564182639122009 -0.4350505471229553 0.6163166165351868
vn 0.49157875776290894 -0.8703252673149109 0.029737820848822594
vn 0.7761495113372803 -0.4796898663043976 0.4092549681663513
vn 0.822070837020874 0.3378884494304657 0.45829132199287415
vn -0.5601288676261902 0.7868196964263916 0.25917282700538635
vn -0.03692839667201042 0.6980727910995483 0.7150739431381226
vn 0.4720894992351532 0.16859418153762817 0.8652788996696472
vn -0.9017810225486755 0.37651997804641724 -0.2121879607439041
vn 0.8274917602539062 0.30377504229545593 0.47220557928085327
vn 0.7708414793014526 0.2765759825706482 0.5738546848297119
vn -0.9310729503631592 -0.00290453783236444 -0.36482152342796326
vn 0.6915856003761292 0.2508588135242462 0.6773324012756348
vn -0.8578251600265503 -0.3559775948524475 -0.3706967234611511
vn -0.7790867686271667 -0.5218136310577393 -0.34746864438056946
vn -0.6823301911354065 -0.6489551067352295 -0.3365751802921295
vn 0.6976699233055115 0.5367859601974487 0.4744655191898346
vn -0.7453362941741943 -0.07229272276163101 0.6627575755119324
vn 0.21115167438983917 -0.8831906318664551 0.41879504919052124
vn 0.6664035320281982 -0.6112133264541626 0.42699486017227173
vn 0.7637009620666504 -0.21153578162193298 0.6099290251731873
vn -0.29322192072868347 -0.9532579779624939 -0.07293955981731415
vn -0.13302767276763916 -0.9601700305938721 -0.24571765959262848
vn -0.4414058029651642 0.6609363555908203 0.6068970561027527
vn 0.5345526337623596 0.3027380704879761 0.7890520691871643
vn -0.5519540905952454 -0.8337517380714417 0.01430671475827694
vn -0.5474491715431213 -0.24204981327056885 0.801068902015686
vn -0.530546247959137 -0.1585707664489746 0.83269202709198
vn -0.18792366981506348 0.05991445109248161 0.9803545475006104
vn -0.6067158579826355 -0.7928577661514282 -0.05720590427517891
vn -0.22254571318626404 -0.44773736596107483 0.8660281300544739
vn 0.3217240273952484 -0.2698975205421448 0.907551109790802
vn 0.8143489360809326 0.48311981558799744 0.3216070532798767
vn -0.7085984349250793 -0.3563273549079895 0.6090312600135803
vn 0.8766483068466187 0.3993324935436249 0.2683680057525635
vn -0.8037605285644531 -0.5067719221115112 0.31169116497039795
vn 0.9287368059158325 0.3481113314628601 0.12754057347774506
vn -0.8099811673164368 -0.44422733783721924 0.3828742504119873
vn 0.8751994967460632 0.4699693024158478 0.11469434201717377
vn -0.9346192479133606 -0.31176555156707764 0.17114058136940002
vn 0.9462798833847046 0.22821266949176788 -0.22907069325447083
vn -0.8829284310340881 -0.45747894048690796 -0.1055956557393074
vn 0 -1 0
vn 0 -0 0
vn 0 -0 0
vn 0 1 0
vn -0.8111222982406616 -0.532343327999115 -0.24226291477680206
vn 0.7653042674064636 -0.05587329342961311 -0.6412391662597656
vn 0.5442748665809631 -0.3432454466819763 -0.7654719948768616
vn -0.3293595016002655 -0.7063888907432556 -0.6265278458595276
vn 0.1583186686038971 0.9727236032485962 0.16954044997692108
vn -0.030946575105190277 0.9952138662338257 0.0926918089389801
vn -0.19934649765491486 -0.9776889085769653 -0.06622293591499329
vn -0.9521600008010864 -0.28629404306411743 0.10689759999513626
vn -0.41451093554496765 -0.8924888968467712 -0.17788854241371155
vn 0.8001216053962708 -0.5993391275405884 0.024454044178128242
vn 0.7372086048126221 0.4037567377090454 0.5417601466178894
vn 0.8049139976501465 0.03168487921357155 0.5925450325012207
vn -0.9063031673431396 0.4055212736129761 -0.11902571469545364
vn 0.3315806984901428 -0.033130742609500885 0.9428449869155884
vn -0.7015658020973206 0.399204820394516 0.5902889370918274
vn -0.18244831264019012 -0.007986526004970074 0.9831830263137817
vn -0.937889575958252 0.2345205843448639 -0.2556624412536621
vn -0.9040000438690186 0.3607769012451172 -0.22939936816692352
vn 0.7974185943603516 0.22913411259651184 0.5582303404808044
vn 0 -0 0
vn 0 -0 0
vn 0 -0 0
vn 0 -0 0
vn -0.8804012537002563 -0.2712927758693695 -0.3889652192592621
vn 0 -0 0
vn 0.5592923164367676 0.22470787167549133 0.7979339361190796
vn 0.4922310709953308 0.36014387011528015 0.7924677133560181
vn 0.28508394956588745 0.22273282706737518 0.9322646260261536
vn 0.34695133566856384 0.048389982432127 0.9366340041160583
vn 0.5722180604934692 0.5098004341125488 0.6423940658569336
vn -0.06031801551580429 -0.4157339334487915 0.9074839353561401
vn -0.08157701790332794 -0.7790818214416504 0.6215921640396118
vn -0.44019371271133423 -0.41838791966438293 0.7944690585136414
vn -0.37647533416748047 -0.8447953462600708 -0.38024628162384033
vn 0.16090671718120575 -0.7238063216209412 0.6709794402122498
vn 0.4471531808376312 -0.7336442470550537 0.5116836428642273
vn 0.5328893661499023 -0.4842173159122467 0.6939470171928406
vn -0.20796991884708405 -0.9105571508407593 -0.3572594225406647
vn 0.3230350613594055 -0.34316113591194153 0.8819800615310669
vn -0.5303747057914734 -0.7468581199645996 0.4011305570602417
vn -0.209034726023674 -0.9524773955345154 0.2215656340122223
vn -0.4919354021549225 -0.016949694603681564 0.8704667091369629
vn -0.6171027421951294 -0.17347462475299835 0.7675225138664246
vn -0.15358147025108337 -0.8542991876602173 0.4965739846229553
vn 0.6555541753768921 0.4971340298652649 0.5684245228767395
vn -0.7771802544593811 -0.4214355945587158 0.4673146605491638
vn 0.8887479901313782 0.38382765650749207 0.25060606002807617
vn -0.8625191450119019 -0.3032466173171997 0.4050954282283783
vn -0.9554150700569153 -0.27014943957328796 0.11916930228471756
vn 0.8410927057266235 0.5121819376945496 0.17387603223323822
vn 0.9197735786437988 0.39236196875572205 -0.008284959942102432
vn 0 -0 0
vn 0 -0 0
vn 0.907732367515564 0.2739434838294983 -0.31776872277259827
vn 0 -0 0
vn 0.878341794013977 0.21294938027858734 -0.4279817044734955
vn 0.5923720598220825 -0.09100153297185898 -0.8005086779594421
vn 0.1408928781747818 -0.5547276735305786 -0.8200161457061768
vn -0.24684423208236694 -0.6910410523414612 -0.6793602108955383
vn 0.31686246395111084 0.8567456603050232 0.4069214463233948
vn 0.5459476709365845 0.6289626359939575 0.5534864068031311
vn -0.1854228973388672 0.9642297029495239 0.1894187331199646
vn -0.39923223853111267 0.8975408673286438 0.187173992395401
vn -0.4911424219608307 0.8637803792953491 0.11252814531326294
vn -0.6940311789512634 0.7193560004234314 0.029115205630660057
vn -0.8243137001991272 0.5619912147521973 -0.06835831701755524
vn -0.8067625164985657 -0.21824704110622406 -0.5490924715995789
vn -0.33618107438087463 -0.8302661776542664 -0.4445677101612091
vn 0.05176312103867531 -0.8916200399398804 -0.44981589913368225
vn 0.5016942620277405 -0.8167981505393982 -0.2848573923110962
vn -0.393555223941803 0.8165034055709839 0.422417551279068
vn 0.796541690826416 -0.6033027768135071 -0.039332903921604156
vn -0.5861701965332031 0.804504930973053 0.09579311311244965
vn -0.3917403817176819 0.5617759227752686 0.728661298751831
vn 0.324734091758728 0.3887297809123993 0.8622279167175293
vn 0.8896484375 -0.16503290832042694 0.42578139901161194
vn 0.7499536871910095 -0.30231866240501404 0.5883646011352539
vn -0.8519936203956604 0.4952920973300934 -0.1696842610836029
vn 0.8190417885780334 0.2962309718132019 0.4913428723812103
vn 0.81362384557724 0.38377147912979126 0.43673306703567505
vn -0.6469820141792297 0.37959685921669006 0.6613020896911621
vn -0.2546328902244568 0.8263500928878784 0.502302348613739
vn 0.8928520083427429 0.2672639489173889 0.36247119307518005
vn 0.6545232534408569 0.1424262523651123 0.7425053119659424
vn -0.9219707250595093 -0.08684834837913513 -0.37739551067352295
vn 0 -0 0
vn 0.5611359477043152 0.019222348928451538 0.8275004625320435
vn 0.49769678711891174 -0.16511943936347961 0.8514890074729919
vn 0.3272244334220886 -0.3616410493850708 0.873006284236908
vn -0.005103419069200754 0.009801913052797318 0.99993896484375
vn 0.6220433115959167 -0.4218844473361969 0.659602701663971
vn -0.6385191082954407 -0.6600484848022461 -0.39576441049575806
vn 0.11324634402990341 0.29875612258911133 0.9475864768028259
vn 0.5435571074485779 -0.7250493764877319 0.4229055643081665
vn 0.3564320504665375 0.4478242099285126 0.8200059533119202
vn -0.24473518133163452 0.14885711669921875 0.958095133304596
vn -0.31625252962112427 -0.06765386462211609 0.9462596774101257
vn 0.5562466979026794 -0.7400029301643372 0.37813401222229004
vn 0.11222799122333527 0.3784417510032654 0.9187963604927063
vn 0.11124279350042343 -0.8053765296936035 0.5822316408157349
vn -0.018857110291719437 -0.9989657998085022 -0.04137285798788071
vn -0.2155711054801941 0.20335280895233154 0.9550794363021851
vn 0.441592812538147 0.4806273281574249 0.7576234340667725
vn -0.6504871249198914 -0.21443866193294525 0.7286168932914734
vn -0.5097654461860657 -0.05946706607937813 0.8582557439804077
vn 0.758344829082489 0.4720373749732971 0.44954854249954224
vn -0.7384885549545288 -0.35169491171836853 0.575278639793396
vn 0.7727360725402832 0.5269017219543457 0.3539119362831116
vn -0.9248672723770142 -0.3588418662548065 -0.12590941786766052
vn 0.8991129994392395 0.42821064591407776 -0.09072773158550262
vn 0.8794966340065002 0.4231206476688385 -0.21784111857414246
vn 0.7909342050552368 0.1773214340209961 -0.5856451988220215
vn -0.5616381168365479 -0.6541731953620911 -0.5065767765045166
vn -0.7408787608146667 -0.5484627485275269 -0.3876691460609436
vn 0.7752005457878113 0.146511048078537 -0.6144905686378479
vn -0.6646947860717773 -0.560438871383667 -0.49405384063720703
vn 0.6345599889755249 -0.09486452490091324 -0.7670295834541321
vn 0.35279443860054016 -0.29359060525894165 -0.8884484767913818
vn 0.3351674973964691 -0.24880462884902954 -0.9087128639221191
vn 0.02753172069787979 -0.4231295883655548 -0.905650794506073
vn -0.2677122950553894 -0.5740851759910583 -0.7737935185432434
vn -0.5067681670188904 -0.6027058362960815 -0.6163859963417053
vn 0.07355690002441406 0.9513589143753052 0.2991751432418823
vn 0.7631696462631226 0.34379082918167114 0.5471562147140503
vn -0.6655868291854858 0.5551085472106934 -0.4988473653793335
vn -0.6748396754264832 0.6075238585472107 0.41893476247787476
vn -0.8267137408256531 0.5590418577194214 0.0633770152926445
vn 0.8820095658302307 -0.4268151819705963 0.19971951842308044
vn 0.9592565894126892 -0.24205395579338074 0.14572830498218536
vn -0.7350412011146545 0.6659504771232605 0.12737537920475006
vn 0.9955909252166748 -0.018378691747784615 -0.09198364615440369
vn 0.6930552124977112 0.7125608921051025 -0.10923196375370026
vn -0.9370499849319458 0.19942671060562134 -0.2866467535495758
vn 0.736341118812561 0.046940743923187256 0.6749803423881531
vn -0.9361751079559326 0.09183070808649063 -0.33932775259017944
vn 0.694510817527771 -0.11669942736625671 0.7099549174308777
vn -0.8184881806373596 -0.44434675574302673 -0.36418822407722473
vn 0.6578085422515869 -0.644316554069519 0.3900565207004547
vn -0.3385918140411377 -0.7655707597732544 -0.5470439791679382
vn 0.2604358196258545 -0.9413408637046814 0.21459414064884186
vn -0.07237338274717331 0.2736186385154724 0.9591115713119507
vn 0.052770115435123444 0.32726049423217773 0.9434595108032227
vn 0.286172479391098 0.47031596302986145 0.8348103165626526
vn -0.24484828114509583 0.1575022041797638 0.9566830396652222
vn 0.5194936394691467 0.5227305293083191 0.6759284138679504
vn -0.5456809997558594 0.048301272094249725 0.8365998268127441
vn -0.7055650353431702 -0.2055092602968216 0.6781916618347168
vn 0.8043122291564941 0.3883322477340698 0.44975531101226807
vn -0.8246267437934875 -0.07239121198654175 0.5610260963439941
vn -0.9255759119987488 -0.1523447185754776 0.34655511379241943
vn 0.7967960238456726 0.4171988070011139 0.437105655670166
vn 0.7281675934791565 0.6095842123031616 0.3133353888988495
vn 0.8316269516944885 0.5409464836120605 0.1255928874015808
vn -0.971463143825531 -0.2080768495798111 0.11385665088891983
vn -0.9583684206008911 -0.27303099632263184 0.08357077091932297
vn 0.8718821406364441 0.4274260401725769 -0.23901581764221191
vn 0.8459798097610474 0.34952810406684875 -0.40267640352249146
vn 0.8282391428947449 0.0019503901712596416 -0.5603715181350708
vn 0.6768229603767395 -0.11219803988933563 -0.727545440196991
vn -0.2196332961320877 -0.46563559770584106 -0.85728919506073
vn -0.4843892753124237 -0.5045193433761597 -0.7147218585014343
vn 0.3770883083343506 -0.25281426310539246 -0.891004741191864
vn 0.0415252223610878 -0.36869704723358154 -0.9286216497421265
vn -0.012154314666986465 0.8969444036483765 0.4419763386249542
vn 0.5329628586769104 0.641432523727417 0.5518286824226379
vn 0.27526426315307617 0.8169722557067871 0.5067405700683594
vn -0.15247826278209686 0.9406470656394958 0.3032054305076599
vn 0.6984032988548279 0.4397825002670288 0.5646452903747559
vn -0.4135301113128662 -0.5552433729171753 -0.7215938568115234
vn -0.6444194316864014 0.7637848258018494 -0.03682995215058327
vn 0.7609083652496338 0.46861138939857483 0.44880056381225586
vn 0.2925490438938141 -0.9182681441307068 -0.26683083176612854
vn -0.7947282195091248 0.4844246208667755 -0.36570462584495544
vn -0.9120905995368958 0.326553076505661 -0.24789898097515106
vn 0.6767600178718567 -0.7337796092033386 0.0596940852701664
vn 0.8743207454681396 0.2526049017906189 0.414432168006897
vn -0.8226926922798157 0.55080246925354 0.14068903028964996
vn -0.8746540546417236 0.4425840377807617 -0.1977364718914032
vn -0.7247242331504822 0.6736612915992737 -0.1447594165802002
vn -0.6336515545845032 0.2626906633377075 -0.7276532649993896
vn 0.8372349739074707 0.12520769238471985 0.5323163270950317
vn -0.44791489839553833 0.005169795826077461 -0.894061267375946
vn 0 -0 0
vn 0 -0 0
vn 0 -0 0
vn 0 -0 0
vn 0 -0 0
vn 0 -0 0
vn 0 -0 0
vn 0 -0 0
vn 0 -0 0
vn 0 -0 0
vn 0.8165626525878906 -0.026189137250185013 0.5766624808311462
vn 0.763959527015686 -0.02277383953332901 0.644862174987793
vn 0.8101749420166016 -0.06429311633110046 0.5826517343521118
vn 0.7763168215751648 -0.3223443627357483 0.5416884422302246
vn -0.6943231225013733 -0.5652775168418884 -0.44539517164230347
vn 0.7180305123329163 -0.6530583500862122 0.24072185158729553
vn 0.625885546207428 -0.7769140601158142 0.06835173815488815
vn -0.5638410449028015 -0.6515999436378479 -0.5074453949928284
vn 0.3020264804363251 -0.945335865020752 -0.122964046895504
vn 0.061090946197509766 -0.9679014682769775 -0.2437923103570938
vn -0.16170622408390045 -0.8901252150535583 -0.42606133222579956
vn 0.42813053727149963 0.5263144373893738 0.7346409559249878
vn -0.22974543273448944 0.27997341752052307 0.9321116209030151
vn 0.5857040882110596 0.4636273980140686 0.6648311614990234
vn 0.2501135468482971 0.5411064028739929 0.802899181842804
vn -0.3529275059700012 0.3759164810180664 0.8568133115768433
vn -0.527739405632019 0.21323005855083466 0.8222069144248962
vn -0.6797850728034973 0.10792969912290573 0.7254263758659363
vn -0.8415476679801941 0.029093271121382713 0.5393988490104675
vn -0.9481794834136963 -0.08220476657152176 0.3069170117378235
vn 0.658156156539917 0.5110077857971191 0.5529027581214905
vn 0.8097968697547913 0.578629732131958 0.09704054147005081
vn -0.8663429021835327 -0.3759165406227112 -0.3288417160511017
vn 0.883503258228302 0.4503771662712097 -0.12877261638641357
vn 0.9295256733894348 0.23486490547657013 -0.2842895984649658
vn 0.8651968240737915 0.03551945835351944 -0.5001727938652039
vn -0.6502233147621155 -0.4807654023170471 -0.5882807970046997
vn 0.5353453159332275 -0.23953038454055786 -0.8099571466445923
vn -0.1311536729335785 -0.4829869866371155 -0.8657495975494385
vn 0.408121258020401 -0.6051079034805298 -0.6835799217224121
vn 0.03924388810992241 0.9318475723266602 0.3607215881347656
vn -0.38994479179382324 -0.5058013200759888 -0.769485592842102
vn -0.43535342812538147 -0.4778958261013031 -0.762943685054779
vn 0.46071577072143555 -0.7624253034591675 -0.4543662965297699
vn -0.23556183278560638 0.24529863893985748 -0.9403931498527527
vn 0.8979390859603882 -0.43925899267196655 0.027514120563864708
vn 0.5999264121055603 -0.7976758480072021 0.06165752187371254
vn -0.6671399474143982 0.6696341633796692 -0.32636556029319763
vn -0.433163046836853 0.712229311466217 -0.5523579120635986
vn 0.2875553369522095 0.6577364802360535 -0.6962001323699951
vn 0.7250261902809143 0.010145777836441994 -0.6886466145515442
vn 0.9493512511253357 0.19803665578365326 -0.24395446479320526
vn 0 -0 0
vn 0 -0 0
vn -0.8805338740348816 0.35341545939445496 -0.31584423780441284
vn 0.8554704785346985 -0.01899237185716629 0.5175032019615173
vn -0.8785778284072876 0.23456135392189026 -0.41603121161460876
vn -0.8989649415016174 0.005079296883195639 -0.4379912316799164
vn 0.8756735920906067 -0.0578223317861557 0.47942933440208435
vn -0.8550839424133301 -0.270082950592041 -0.4425908327102661
vn -0.7619200944900513 -0.44827690720558167 -0.46746718883514404
vn 0.850823700428009 -0.330574095249176 0.4084359407424927
vn 0.18547464907169342 -0.9294213652610779 -0.31902220845222473
vn 0.003557712072506547 -0.9494637250900269 -0.3138566315174103
vn -0.17572681605815887 0.4334051311016083 0.8839004635810852
vn -0.5909547209739685 0.19322599470615387 0.7832217812538147
vn 0.6446053385734558 0.37074384093284607 0.6686052680015564
vn 0.7261815667152405 0.39860406517982483 0.5601564049720764
vn -0.9115982055664062 -0.03935839980840683 0.40919390320777893
vn 0.586632251739502 0.6420135498046875 0.49364086985588074
vn -0.9859797358512878 -0.16074559092521667 0.044776175171136856
vn 0.661819577217102 0.6585060954093933 0.35828012228012085
vn 0.8331743478775024 0.5489702224731445 0.06672515720129013
vn 0.9122088551521301 0.4030776023864746 0.07350842654705048
vn -0.746861457824707 -0.47382813692092896 -0.4665672183036804
vn 0.9457226991653442 0.22812381386756897 -0.2314481884241104
vn 0.8846104741096497 0.04543166980147362 -0.46411240100860596
vn 0.976283848285675 0.11901316046714783 -0.18084731698036194
vn 0.9514530897140503 -0.08844678103923798 -0.2948121726512909
vn 0.8537286520004272 -0.2327575981616974 -0.46580180525779724
vn -0.4431823790073395 -0.5620838403701782 -0.698320209980011
vn -0.1358780413866043 -0.704889178276062 -0.6961813569068909
vn 0.4814622700214386 0.7470539808273315 0.4583715498447418
vn 0.12824521958827972 0.8775745034217834 0.46196991205215454
vn 0.07847300171852112 0.9721038937568665 0.2210341840982437
vn -0.1831715852022171 0.9679306149482727 0.17192627489566803
vn 0.6639126539230347 0.5567288994789124 0.49927249550819397
vn 0.7352223992347717 0.5292186141014099 0.4235277771949768
vn -0.7716928720474243 0.6279943585395813 -0.10056503862142563
vn -0.8385524153709412 0.5253885984420776 -0.1442110240459442
vn -0.1293267011642456 -0.9894301295280457 -0.06559551507234573
vn 0.8305649757385254 0.4506223201751709 0.3272635042667389
vn -0.7757882475852966 0.29573529958724976 -0.5573986172676086
vn 0.9726009368896484 -0.14702647924423218 -0.1800852119922638
vn 0.8024746775627136 0.2917878329753876 -0.5204750299453735
vn 0.9127398729324341 0.25990939140319824 0.31520330905914307
vn -0.21855990588665009 0.8238426446914673 -0.5229865312576294
vn 0.8975164890289307 0.052054423838853836 0.43789786100387573
vn 0.9229156374931335 -0.0452580600976944 0.38233283162117004
vn -0.8277236819267273 0.1281360685825348 -0.5463100671768188
vn -0.6251699924468994 -0.33678489923477173 -0.7040870189666748
vn 0.8501265048980713 -0.5004931688308716 0.1636812835931778
vn -0.4361467659473419 -0.4859941005706787 -0.7573544383049011
vn 0.8262074589729309 -0.5544849038124084 -0.09963811933994293
vn 0.5320354700088501 -0.8126523494720459 -0.23776979744434357
vn -0.012665322050452232 -0.9634351134300232 -0.2676422894001007
vn 0.28961601853370667 0.39338991045951843 0.8725634813308716
vn -0.2260325402021408 0.258361279964447 0.939233124256134
vn -0.643660843372345 0.12196726351976395 0.7555294632911682
vn -0.9595391750335693 0.03643302991986275 0.2792081832885742
vn -0.9829137325286865 -0.126835897564888 -0.13339126110076904
vn 0.7390830516815186 0.6113306879997253 0.2828975319862366
vn -0.7581817507743835 -0.36744898557662964 -0.5386480689048767
vn 0.9693083763122559 0.24186266958713531 0.044088248163461685
vn 0.9862993359565735 -0.0642876848578453 -0.15192349255084991
vn 0.925382673740387 -0.2839485704898834 -0.25107815861701965
vn 0.7789521813392639 -0.46287915110588074 -0.42305612564086914
vn 0.6547769904136658 -0.6198931336402893 -0.43243464827537537
vn 0.3008859157562256 -0.7483938336372375 -0.59107905626297
vn 0.21071197092533112 0.938949704170227 0.27198153734207153
vn -0.44515690207481384 0.891584575176239 0.08314014971256256
vn -0.4757694900035858 -0.2720124423503876 -0.8364524245262146
vn 0.6843796372413635 -0.5995873808860779 -0.4148728549480438
vn 0.7607621550559998 0.594996452331543 0.25926876068115234
vn 0 -0 0
vn 0 -0 0
vn 0.5061208009719849 0.6983434557914734 -0.5061208009719849
vn 0 -0 0
vn -0.5061208009719849 -0.6983434557914734 0.5061208009719849
vn -0.1558244675397873 0.6067982316017151 -0.7794322967529297
vn -0.856836199760437 0.4953378438949585 -0.1430809497833252
vn 0.9062021374702454 0.3726844787597656 0.19975967705249786
vn 0 -0 0
vn 0 -0 0
vn 0 -0 0
vn 0 -0 0
vn 0 -0 0
vn -0.8689680099487305 0.4390506446361542 -0.2283181995153427
vn 0.9432052969932556 0.05681735649704933 0.32731589674949646
vn -0.8189679384231567 -0.07175367325544357 -0.5693355798721313
vn 0.9129305481910706 -0.06542444974184036 0.4028368890285492
vn -0.7102590203285217 -0.2504161596298218 -0.6578935384750366
vn -0.6960886716842651 -0.2811412513256073 -0.6606211066246033
vn -0.5185259580612183 0.013875058852136135 -0.8549492955207825
vn -0.3256775438785553 -0.1299225091934204 -0.936511754989624
vn -0.05356347933411598 -0.8170546293258667 -0.5740668177604675
vn -0.16488002240657806 -0.49420398473739624 -0.8535672426223755
vn -0.19663096964359283 0.1494399607181549 -0.9690221548080444
vn 0.5281552076339722 -0.7486721873283386 -0.40067705512046814
vn 0.09822801500558853 -0.6234550476074219 -0.7756642699241638
vn -0.07367835938930511 -0.10123969614505768 -0.9921300411224365
vn -0.07272952049970627 -0.8847132921218872 -0.46042683720588684
vn 0.008564568124711514 -0.9856724739074707 -0.16845321655273438
vn 0.18330888450145721 -0.9342133402824402 -0.30601203441619873
vn 0.16484937071800232 -0.8829611539840698 -0.4395500719547272
vn 0.2332536280155182 -0.7613110542297363 -0.6049779653549194
vn 0.15787473320960999 -0.4054250717163086 -0.9003922343254089
vn 0.10371273756027222 -0.2718573808670044 -0.9567325711250305
vn -0.21821801364421844 0.13666075468063354 -0.9662839770317078
vn -0.25600799918174744 -0.343692421913147 -0.9035128355026245
vn -0.5197474956512451 -0.1297937035560608 -0.8444027900695801
vn -0.6110209226608276 -0.6136892437934875 -0.5000390410423279
vn -0.11992138624191284 -0.7548643946647644 -0.6448243856430054
vn 0.1895056664943695 0.2892467677593231 0.9383091330528259
vn 0.48232758045196533 0.4362884759902954 0.7596133947372437
vn 0.03710408881306648 0.4620813727378845 0.8860610127449036
vn -0.31897690892219543 0.31742653250694275 0.893025279045105
vn -0.39344918727874756 0.606423556804657 0.6909763813018799
vn -0.7584624886512756 0.24086777865886688 0.6055720448493958
vn 0.4205203056335449 0.6304228901863098 0.6524795889854431
vn 0.22570674121379852 0.6341757774353027 0.7395117878913879
vn -0.861125648021698 0.3374176323413849 0.3802788555622101
vn 0.36768803000450134 0.6990794539451599 0.6132645606994629
vn -0.9718057513237 0.2220543622970581 0.07928098738193512
vn 0.49443545937538147 0.6947888731956482 0.5223046541213989
vn -0.9005304574966431 -0.1676003485918045 -0.4011920690536499
vn -0.9656106233596802 0.08357882499694824 -0.2461925446987152
vn 0.8370749950408936 0.45295214653015137 0.30682218074798584
vn 0.9988014698028564 0.04884656146168709 -0.003108375472947955
vn -0.6720941662788391 -0.4463161528110504 -0.5908395051956177
vn -0.5905590653419495 -0.5376986265182495 -0.6017642617225647
vn 0.9859894514083862 -0.1390160471200943 -0.09219235926866531
vn -0.4259064197540283 -0.6671273112297058 -0.6111831665039062
vn -0.5342881679534912 -0.6400825381278992 -0.552114725112915
vn 0.12583056092262268 -0.8015143275260925 -0.5845866799354553
vn -0.2433367818593979 -0.7719578146934509 -0.5872550010681152
vn 0.4105474650859833 0.8397358655929565 0.3553794324398041
vn 0.5835738182067871 0.751384437084198 0.3079984486103058
vn -0.6411005258560181 0.7582215666770935 0.11870229244232178
vn 0.6860537528991699 0.6433463096618652 0.33975842595100403
vn -0.8070756793022156 0.5898376703262329 0.026839563623070717
vn 0.4569821357727051 -0.06989050656557083 -0.8867258429527283
vn 0 -0 0
vn 0.9702306985855103 0.07618297636508942 0.2298882156610489
vn 0.9582309722900391 -0.09435183554887772 0.26998370885849
vn -0.6821658611297607 0.005429598968476057 -0.7311773896217346
vn 0.9261035323143005 -0.22017961740493774 0.3063547611236572
vn -0.520919919013977 -0.10502021014690399 -0.8471205234527588
vn -0.300220787525177 0.2822903096675873 -0.9111420512199402
vn 0.9458051919937134 -0.31039491295814514 0.09543391317129135
vn -0.35299351811408997 0.2753637135028839 -0.8941870331764221
vn -0.3836572766304016 0.24657931923866272 -0.8899470567703247
vn -0.7015021443367004 -0.10329946875572205 -0.7051411271095276
vn 0.9363091588020325 -0.30736568570137024 -0.16985730826854706
vn -0.4059411287307739 -0.8584578633308411 -0.3134676516056061
vn 0.3306483030319214 -0.5753666162490845 -0.748080849647522
vn -0.8215326070785522 -0.513971209526062 -0.24681535363197327
vn 0.352439284324646 -0.6528589129447937 -0.6704936623573303
vn -0.44858837127685547 -0.8889180421829224 -0.0926995724439621
vn -0.6369432806968689 -0.7654144167900085 0.09189129620790482
vn 0.17416580021381378 -0.8658809065818787 -0.4689527153968811
vn -0.13049951195716858 -0.9582177400588989 -0.2545362412929535
vn -0.014668996445834637 0.7895603775978088 0.6134976148605347
vn 0.35284554958343506 0.7569712400436401 0.5499950647354126
vn 0.6711389422416687 0.5706291794776917 0.4732387661933899
vn -0.9289734959602356 0.11172995716333389 -0.352880597114563
vn -0.849951982498169 -0.14247408509254456 -0.5072305798530579
vn 0.9194484949111938 0.3185780346393585 0.23048309981822968
vn -0.7372910976409912 -0.3473169803619385 -0.5794591307640076
vn 0.9772320985794067 0.1741524487733841 0.12119591236114502
vn 0.8845339417457581 -0.3968401253223419 -0.24518901109695435
vn -0.462900310754776 -0.7077715992927551 -0.5336503386497498
vn 0.15056078135967255 0.936904788017273 0.31550106406211853
vn -0.2330881506204605 0.9416389465332031 0.24287042021751404
vn 0.5862023234367371 0.8049674034118652 0.09162096679210663
vn 0.7260685563087463 0.6834869980812073 0.0753001868724823
vn 0.8637125492095947 0.5025509595870972 0.03798864781856537
vn -0.8353068828582764 0.4698186218738556 -0.2855397164821625
vn -0.8066164255142212 0.4411107897758484 -0.3934352695941925
vn -0.8091235160827637 0.3086494207382202 -0.5000547766685486
vn 0.9527466297149658 -0.07443252205848694 0.29450586438179016
vn -0.7596666812896729 0.21994449198246002 -0.611989438533783
vn -0.4401835501194 -0.06656192243099213 -0.8954373598098755
vn -0.5720794200897217 0.2818840444087982 -0.7702380418777466
vn -0.21912018954753876 0.14163297414779663 -0.9653634428977966
vn -0.2554515600204468 0.15326331555843353 -0.9545966982841492
vn 0.9518153071403503 -0.08599445968866348 0.29436826705932617
vn -0.18119725584983826 0.2738809585571289 -0.9445405006408691
vn -0.43150627613067627 0.20292389392852783 -0.8789905309677124
vn -0.7103234529495239 -0.13289578258991241 -0.6912158727645874
vn 0.45555514097213745 -0.6172030568122864 -0.641506016254425
vn 0.8724393844604492 -0.25831180810928345 -0.4148789942264557
vn -0.14420197904109955 -0.9892968535423279 -0.022306788712739944
vn -0.781880259513855 -0.5659775137901306 -0.26140549778938293
vn 0.32214292883872986 -0.9269781112670898 -0.19218620657920837
vn 0.4529539942741394 -0.7584071755409241 -0.46866968274116516
vn -0.351551353931427 -0.5983113646507263 -0.7200244665145874
vn 0.2590045630931854 -0.44200459122657776 -0.8588064908981323
vn -0.2815306484699249 -0.9564030766487122 0.0776771828532219
vn 0.08799116313457489 -0.970005989074707 -0.22659674286842346
vn -0.6107859015464783 0.6591780185699463 0.43866270780563354
vn 0.2984474003314972 0.7650545835494995 0.5706318020820618
vn -0.7998555302619934 0.5822277665138245 0.1457466334104538
vn -0.9335370659828186 0.33325010538101196 -0.13210979104042053
vn 0.7049334645271301 0.5281505584716797 0.4734193980693817
vn 0.9973332285881042 0.05348202586174011 0.04966162517666817
vn -0.59215247631073 -0.5593515634536743 -0.5800701379776001
vn -0.5705077648162842 -0.6389676332473755 -0.5159857273101807
vn 0.5008282661437988 -0.7250673174858093 -0.4727034270763397
vn 0.7176082730293274 -0.5694605112075806 -0.4009403586387634
vn -0.8035127520561218 0.5952284932136536 0.008388728834688663
vn 0.9708539843559265 0.22271747887134552 0.08854122459888458
vn -0.7776216864585876 0.6244035363197327 -0.07365387678146362
vn -0.8053953647613525 0.560417652130127 -0.19305546581745148
vn 0.9919497966766357 -0.008714492432773113 0.12633201479911804
vn 0.9716911911964417 -0.1431436389684677 0.18795260787010193
vn -0.766069233417511 0.3238610327243805 -0.5552045702934265
vn -0.7297919988632202 0.3995400071144104 -0.5547715425491333
vn -0.634593665599823 0.501919150352478 -0.5876802802085876
vn -0.6105176210403442 0.288655549287796 -0.7375271320343018
vn 0.9715356826782227 -0.10083359479904175 0.2143620401620865
vn -0.6464253067970276 -0.163691908121109 -0.7452108860015869
vn -0.7976740002632141 -0.11894790828227997 -0.5912424325942993
vn -0.675662100315094 -0.6177794337272644 -0.4022802710533142
vn -0.6998815536499023 -0.6321805715560913 -0.33243584632873535
vn -0.6336129903793335 -0.7462334632873535 0.20413273572921753
vn -0.5192365646362305 -0.8518654704093933 0.06869277358055115
vn 0.9992964863777161 -0.037365350872278214 0.0032193567603826523
vn -0.7430588006973267 -0.366359680891037 -0.5600394606590271
vn 0.5666049122810364 -0.7402836680412292 -0.3618549108505249
vn -0.5599390864372253 -0.7225155830383301 0.40551143884658813
vn 0.680794894695282 -0.6006670594215393 -0.4191865622997284
vn -0.5198429822921753 -0.8065527677536011 0.2814887762069702
vn 0.657311201095581 -0.45022520422935486 -0.6043502688407898
vn -0.3786572813987732 -0.4188477098941803 -0.8253394961357117
vn 0.5209498405456543 -0.7261835932731628 -0.44862985610961914
vn 0.3096076250076294 -0.836911141872406 -0.4513567388057709
vn -0.24736236035823822 -0.9644579887390137 0.09291242063045502
vn -0.05165477469563484 0.8352723717689514 0.5474047064781189
vn -0.48669305443763733 0.7638450264930725 0.4238757789134979
vn 0.37163111567497253 0.7143950462341309 0.5928996801376343
vn -0.8359031081199646 0.5461424589157104 -0.05472199246287346
vn 0.4374820590019226 0.6225675344467163 0.6488599181175232
vn -0.912586510181427 0.3542422354221344 -0.2042018175125122
vn 0.4960590600967407 0.6060505509376526 0.6217942833900452
vn -0.8802730441093445 0.35937967896461487 -0.30978327989578247
vn -0.8116946220397949 -0.17609162628650665 -0.5569053292274475
vn -0.7387575507164001 -0.300344318151474 -0.6033494472503662
vn 0.9697808027267456 0.1913692057132721 0.15133771300315857
vn -0.6631451845169067 -0.45159903168678284 -0.5969061255455017
vn 0.9316728115081787 -0.3052877187728882 -0.19693996012210846
vn 0.863955020904541 -0.3887571692466736 -0.3200776278972626
vn -0.06738204509019852 -0.8061745166778564 -0.5878284573554993
vn -0.27248266339302063 -0.7352517247200012 -0.6206110119819641
vn 0.3546049892902374 -0.7315428853034973 -0.5823232531547546
vn -0.05719545856118202 0.9219397306442261 0.3830874264240265
vn -0.2519902288913727 0.8506832718849182 0.4613446891307831
vn -0.4889991879463196 0.7874026894569397 0.3753356635570526
vn 0.3673635423183441 0.8938481211662292 0.25705966353416443
vn -0.6565200090408325 0.6752506494522095 0.3361816108226776
vn 0.47131988406181335 0.8653146624565125 0.17055241763591766
vn 0.660930335521698 0.7439737915992737 -0.0983567163348198
vn 0.9765733480453491 0.214846670627594 -0.012061919085681438
vn 0.9700818657875061 -0.14960214495658875 0.19120775163173676
vn -0.7652845978736877 0.4365411698818207 -0.47304481267929077
vn 0 -0 0
vn 0 -0 0
vn 0 -0 0
vn 0 -0 0
vn 0 -0 0
vn -0.7407655119895935 0.46247124671936035 -0.4872235655784607
vn -0.8745246529579163 -0.24961061775684357 -0.41581395268440247
vn 0.9500277638435364 0.048770446330308914 0.3083321750164032
vn 0.9582309722900391 -0.10645455867052078 0.265444815158844
vn -0.6076614856719971 -0.7901816964149475 -0.0797528326511383
vn -0.4826512932777405 -0.7639452815055847 0.42829349637031555
vn -0.43648937344551086 -0.836849570274353 0.33039358258247375
vn -0.28135964274406433 -0.9135106205940247 -0.2938283085823059
vn 0.42345675826072693 -0.8720608949661255 -0.24534499645233154
vn -0.8698965311050415 -0.19982528686523438 -0.4509434700012207
vn -0.48826196789741516 -0.7882195115089417 0.3745802640914917
vn 0.9759199619293213 -0.2180919200181961 -0.00401595002040267
vn -0.7933875918388367 -0.2046700268983841 -0.5732768774032593
vn 0.8300825357437134 -0.5172298550605774 -0.2084137499332428
vn -0.013549472205340862 -0.959476888179779 -0.28146153688430786
vn 0.5001184344291687 -0.6601538062095642 -0.5604271292686462
vn 0.8513578772544861 -0.4816102385520935 -0.2079455703496933
vn -0.22759702801704407 -0.5524873733520508 -0.8018461465835571
vn 0.20460140705108643 0.7689220309257507 0.6057204008102417
vn -0.536148190498352 0.810163676738739 0.23702329397201538
vn -0.8581559658050537 0.1544342190027237 -0.48961055278778076
vn 0.7676984071731567 0.4648032486438751 0.44113174080848694
vn 0.99811851978302 -0.04431435838341713 -0.04237634316086769
vn -0.5031100511550903 -0.6378666758537292 -0.5831006765365601
vn -0.42184922099113464 -0.6877903938293457 -0.5907518267631531
vn 0.251882404088974 0.9048497080802917 0.3432233929634094
vn -0.007509071845561266 0.9186908006668091 0.39490625262260437
vn 0.21283964812755585 0.977060854434967 0.007166380528360605
vn -0.44551655650138855 0.7510309219360352 0.48730653524398804
vn 0.3068794012069702 0.9349836707115173 -0.17784996330738068
vn 0.5627633333206177 0.7877237796783447 -0.250576913356781
vn 0.8743864893913269 0.4606126844882965 -0.15259213745594025
vn -0.7002120018005371 0.6937968134880066 0.16837234795093536
vn -0.6793662309646606 0.7332342863082886 0.02879169024527073
vn -0.7475874423980713 0.6513899564743042 -0.12963064014911652
vn -0.6686978340148926 0.6327914595603943 -0.3904077708721161
vn 0.9714127779006958 -0.12742988765239716 0.20029719173908234
vn 0 -0 0
vn -0.746327817440033 0.4936721622943878 -0.4464109539985657
vn -0.2764773964881897 -0.9382555484771729 0.2079346477985382
vn 0.9722458124160767 0.0272096898406744 0.2323741316795349
vn -0.5336265563964844 -0.7038913369178772 0.46880677342414856
vn -0.9000675082206726 -0.2488294392824173 -0.35771843791007996
vn 0.667862057685852 -0.6249715685844421 -0.4041915237903595
vn -0.9317753911018372 -0.05890084430575371 -0.3582253158092499
vn -0.4791293442249298 -0.86541748046875 0.14658650755882263
vn 0.015685666352510452 -0.5618048310279846 -0.8271210789680481
vn -0.08934804797172546 0.8428709506988525 0.5306462645530701
vn -0.48278912901878357 0.8754318952560425 0.023100513964891434
vn -0.7162884473800659 0.606712281703949 -0.3447189927101135
vn -0.7915264964103699 0.020378446206450462 -0.6107950806617737
vn 0.5447465777397156 0.5774399638175964 0.6081235408782959
vn 0.9235177636146545 0.29251354932785034 0.24809430539608002
vn 0.9538977146148682 -0.22998623549938202 -0.19283540546894073
vn -0.5054592490196228 -0.6009073853492737 -0.6192102432250977
vn -0.03906611353158951 -0.7305383682250977 -0.6817533373832703
vn -0.25702521204948425 0.8621863722801208 0.43654632568359375
vn -0.43080219626426697 0.8107422590255737 0.39636659622192383
vn -0.5558254718780518 0.7832841873168945 0.2784312963485718
vn -0.578578770160675 0.7397128343582153 0.3436155319213867
vn 0.9787396192550659 0.20500610768795013 -0.006422762759029865
vn -0.5778189897537231 0.7933430671691895 0.19165627658367157
vn -0.7307369112968445 0.629155158996582 -0.264928936958313
vn -0.7327668070793152 0.45764628052711487 -0.5035997629165649
vn -0.8059148788452148 0.34230875968933105 -0.4830382168292999
vn -0.6940947771072388 -0.6911836862564087 -0.20124009251594543
vn -0.9230740666389465 0.06073048338294029 -0.37979742884635925
vn 0.9552434682846069 -0.050247590988874435 0.29152220487594604
vn -0.35951513051986694 -0.868927538394928 0.3401675224304199
vn -0.3417802155017853 -0.9394392967224121 0.02530129998922348
vn -0.48535463213920593 -0.8216254115104675 0.29893597960472107
vn -0.41282305121421814 -0.8196738362312317 -0.39712977409362793
vn -0.8406874537467957 -0.5217280983924866 -0.14506711065769196
vn -0.9799379110336304 -0.09460680186748505 -0.17541740834712982
vn 0.7193899154663086 -0.6657106876373291 -0.1982613056898117
vn -0.576286256313324 -0.7197819948196411 0.38705047965049744
vn 0.6847732067108154 -0.703908383846283 -0.18867599964141846
vn 0.9754078984260559 -0.19604232907295227 0.10073157399892807
vn 0.05213489383459091 -0.995036780834198 0.08475767076015472
vn -0.6349421143531799 -0.7116092443466187 0.3007669746875763
vn -0.6627572178840637 -0.2598608434200287 -0.7023000121116638
vn 0.5367438197135925 -0.4871074855327606 -0.6889357566833496
vn 0.9009702205657959 -0.3420006334781647 -0.26699864864349365
vn -0.8430100083351135 -0.13423390686511993 -0.5208795666694641
vn -0.34699156880378723 -0.3380730152130127 -0.8748162984848022
vn 0.7223484516143799 -0.37998154759407043 -0.5777775049209595
vn 0.04496856406331062 -0.4033273458480835 -0.9139502048492432
vn 0.9456169009208679 -0.26150819659233093 -0.19344794750213623
vn 0.3312399685382843 0.6643346548080444 0.6700295805931091
vn 0.0694555789232254 0.8424606323242188 0.5342621207237244
vn -0.2836332619190216 0.9015471339225769 0.32674920558929443
vn 0.3647990822792053 0.5509151220321655 0.7506092190742493
vn 0.3546973168849945 0.6364887356758118 0.6848883032798767
vn -0.6756237149238586 0.528122067451477 -0.514411985874176
vn -0.7148822546005249 0.2830566465854645 -0.6393921971321106
vn -0.6234229803085327 -0.29533037543296814 -0.7239639163017273
vn -0.5746179819107056 -0.47553133964538574 -0.6660961508750916
vn 0.9812023639678955 0.1548287719488144 0.11519572883844376
vn -0.4854874908924103 -0.5593675374984741 -0.6718704700469971
vn 0.808091402053833 -0.43566596508026123 -0.39646369218826294
vn -0.3623374402523041 -0.6208981871604919 -0.6951237916946411
vn 0.39032885432243347 -0.6835882067680359 -0.616725742816925
vn 0.03947499766945839 0.9860211610794067 -0.1618768572807312
vn -0.0002387964923400432 0.9921181201934814 0.1253061294555664
vn -0.5868923664093018 0.808318555355072 -0.04667554423213005
vn 0.9814864993095398 -0.13003189861774445 0.14062735438346863
vn -0.5951886773109436 0.7877784967422485 -0.1586049497127533
vn 0.9705904126167297 -0.17194747924804688 0.16848841309547424
vn -0.7380061149597168 0.5530344843864441 -0.3866521716117859
vn -0.14620569348335266 -0.987470269203186 0.05938316881656647
vn -0.4630500376224518 -0.8697102665901184 -0.17084760963916779
vn 0.9598237872123718 -0.15129853785037994 0.2363201081752777
vn -0.2614065706729889 -0.9401861429214478 0.2184414565563202
vn -0.6233749389648438 -0.7071914672851562 0.3335925340652466
vn 0.9524314999580383 0.09130067378282547 0.2907549738883972
vn -0.11242584884166718 -0.989449143409729 -0.09138333797454834
vn 0.5695310235023499 -0.8219691514968872 0.0010858019813895226
vn 0.9508339166641235 0.0661911889910698 0.3025452196598053
vn 0.6909974217414856 -0.7186327576637268 0.0780358761548996
vn -0.9831032156944275 0.009912130422890186 -0.1827837973833084
vn 0.5473217964172363 -0.8062315583229065 0.2245652973651886
vn -0.566621720790863 -0.7635172009468079 0.30980873107910156
vn 0.9849401712417603 -0.14670002460479736 0.09149886667728424
vn -0.9555956721305847 -0.012142403051257133 -0.2944307327270508
vn -0.8568512797355652 -0.07197761535644531 -0.5105146169662476
vn -0.5492885112762451 -0.28844547271728516 -0.784271240234375
vn 0.3597464859485626 -0.4415205717086792 -0.821974515914917
vn 0.07395075261592865 0.907944917678833 0.41251352429389954
vn 0.19547227025032043 0.7478662729263306 0.6344184279441833
vn 0.2379555106163025 0.3616936504840851 -0.9014182686805725
vn 0.5857068300247192 0.21377670764923096 -0.7818229794502258
vn 0.1173509731888771 0.05961986258625984 -0.9912992715835571
vn -0.049441833049058914 0.4406359791755676 -0.8963233232498169
vn -0.3744558095932007 0.19862939417362213 -0.9057202935218811
vn 0.607789933681488 -0.05727654695510864 -0.792029619216919
vn -0.2823624014854431 -0.26428908109664917 -0.9221837520599365
vn -0.510968804359436 -0.08611208945512772 -0.8552751541137695
vn -0.7073376178741455 -0.001980516826733947 -0.7068731188774109
vn 0.3615742027759552 0.5743628144264221 0.7344191074371338
vn 0.12533795833587646 -0.3327980935573578 -0.9346314072608948
vn 0.8700504302978516 0.3681465685367584 0.32784193754196167
vn 0.9723056554794312 -0.180166557431221 -0.14886805415153503
vn 0.03157868981361389 -0.6882405281066895 -0.7247949838638306
vn -0.10374477505683899 0.9866908192634583 -0.12521333992481232
vn -0.21838784217834473 0.9364150762557983 0.2746516466140747
vn 0.8844987154006958 0.4422701895236969 -0.14852294325828552
vn -0.4914863705635071 0.8462649583816528 0.20561322569847107
vn -0.43630966544151306 0.8715084791183472 0.2238457202911377
vn 0.9946940541267395 -0.0007058873889036477 0.10287516564130783
vn -0.4894569218158722 0.8693020343780518 0.06889064610004425
vn -0.5637993216514587 0.785807192325592 -0.2542390525341034
vn 0 -0 1
vn -1 -0 0
vn 0 -1 0
vn 0.3756374716758728 -0.6553230285644531 0.6553230285644531
vn -0.7360169887542725 0.6205140948295593 0.2706314027309418
vn -0.8180761933326721 0.3862740397453308 -0.42607948184013367
vn -0.8074565529823303 0.36712098121643066 -0.4617750346660614
vn 0.9539200067520142 -0.1953720897436142 0.22774186730384827
vn -0.19152554869651794 -0.975100040435791 0.11179467290639877
vn -0.8688880801200867 -0.21494072675704956 -0.44590818881988525
vn -0.3996007442474365 -0.9060823321342468 0.13904716074466705
vn -0.6115664839744568 -0.7149732112884521 0.3388211727142334
vn -0.3488079011440277 -0.8167088627815247 0.4596952199935913
vn 0.11722034960985184 -0.8611090779304504 0.49472278356552124
vn 0.9688966274261475 -0.24659979343414307 -0.020684801042079926
vn 0.9831512570381165 -0.13366779685020447 -0.12468583881855011
vn 0.8694479465484619 -0.29011091589927673 -0.3998699188232422
vn -0.4872658848762512 -0.24402549862861633 -0.8384650349617004
vn -0.16438423097133636 -0.13559836149215698 -0.9770317077636719
vn -0.1671016961336136 0.4470309317111969 -0.8787721395492554
vn 0.289328008890152 0.17580349743366241 -0.9409476518630981
vn 0.6388353109359741 0.16238442063331604 -0.752011239528656
vn -0.4611285626888275 0.5279543995857239 -0.7131792902946472
vn -0.5648961663246155 0.6008065342903137 -0.565618097782135
vn -0.6480422616004944 0.5995649099349976 -0.4696415662765503
vn 0.8258383274078369 0.07050963491201401 -0.5594814419746399
vn -0.052194129675626755 0.9937159419059753 0.0990176722407341
vn -0.4217532277107239 0.8772315382957458 -0.22932323813438416
vn -0.6765753626823425 0.22620469331741333 -0.7007690668106079
vn 0.3474650979042053 0.6076486110687256 0.7141647338867188
vn 0.8474534153938293 0.03594926744699478 -0.5296511650085449
vn 0.3856137990951538 0.43647974729537964 0.8128883838653564
vn -0.5857766270637512 0.412712961435318 -0.6975197196006775
vn 0.6782126426696777 -0.06959473341703415 -0.7315628528594971
vn 0.7978188395500183 0.0997091680765152 -0.5945950746536255
vn -0.4656318724155426 -0.3410506248474121 -0.8166219592094421
vn 0.28550368547439575 0.506015419960022 0.8139017820358276
vn 0.49720337986946106 0.008544445969164371 -0.8675919771194458
vn 0.33054038882255554 -0.2446965128183365 -0.9115188717842102
vn -0.2824665307998657 -0.4768267869949341 -0.8323754668235779
vn -0.044232312589883804 -0.40402108430862427 -0.9136796593666077
vn 0.3905791938304901 -0.07960542291402817 -0.9171209931373596
vn 0.014396946877241135 -0.41543737053871155 -0.9095078706741333
vn 0.5594262480735779 0.5578393340110779 0.6130722165107727
vn -0.4664388597011566 -0.3751458525657654 -0.8010620474815369
vn -0.4159862697124481 -0.15708228945732117 -0.8957011699676514
vn -0.31698739528656006 -0.2269836813211441 -0.9208677411079407
vn -0.31436845660209656 -0.27598968148231506 -0.9082963466644287
vn 0.9699813723564148 0.19319982826709747 0.1476821005344391
vn -0.44242405891418457 -0.42288798093795776 -0.7908392548561096
vn 0.9947138428688049 -0.0001300127914873883 0.10268570482730865
vn -0.3414800465106964 -0.43167293071746826 -0.8348951935768127
vn 0.9145117402076721 -0.29951968789100647 -0.27194902300834656
vn -0.2439691424369812 -0.4832441210746765 -0.84080570936203
vn 0.6448057293891907 -0.5661931037902832 -0.5134695768356323
vn -0.13855832815170288 -0.30165088176727295 -0.9432965517044067
vn -0.051532596349716187 -0.5657163858413696 -0.8229881525039673
vn 0.1917773336172104 0.9606491923332214 -0.20093436539173126
vn 0.7692074775695801 0.6350964307785034 -0.07051451504230499
vn -0.2581861615180969 0.9632202982902527 0.07447560876607895
vn -0.4512733221054077 0.8868380784988403 -0.09935116022825241
vn -0.6896122694015503 0.638561487197876 -0.34157615900039673
vn -0.5500984191894531 0.7880104184150696 -0.27646201848983765
vn -0.7360169887542725 -0.2706314027309418 -0.6205140948295593
vn 0 -0 0
vn 0 -0 0
vn 0 -0 0
vn 0 -0 0
vn -0.7585012316703796 0.4924960732460022 -0.42675942182540894
vn 0 -0 0
vn -0.551943302154541 -0.8197994232177734 0.1526026725769043
vn -0.34368598461151123 -0.937136709690094 -0.06045438349246979
vn -0.9444009065628052 -0.28879937529563904 -0.15716832876205444
vn 0.3486967980861664 -0.935272753238678 0.0606258362531662
vn 0.6099915504455566 -0.7755871415138245 0.16240352392196655
vn -0.984241783618927 -0.013180152513086796 -0.1763363778591156
vn 0.39787209033966064 -0.8630853295326233 0.3110973536968231
vn -0.011179951950907707 -0.9032738208770752 0.4289189279079437
vn 0.9509788751602173 0.126760795712471 0.2820832133293152
vn -0.9862342476844788 0.04092962667346001 -0.16020894050598145
vn 0.9963846802711487 -0.06358237564563751 0.05634547770023346
vn 0.9938730001449585 -0.02459108643233776 -0.10775782912969589
vn -0.942695677280426 0.14738978445529938 -0.2993346154689789
vn 0.9211881160736084 -0.07356879860162735 -0.38209956884384155
vn -0.7261292934417725 0.037812553346157074 -0.6865176558494568
vn 0.7792539000511169 -0.24532291293144226 -0.576697587966919
vn 0.507713258266449 -0.21351057291030884 -0.8346499800682068
vn 0.7838325500488281 -0.1682988852262497 -0.5977307558059692
vn -0.8333263993263245 0.2080303281545639 -0.5121431350708008
vn 0.913654625415802 -0.020550766959786415 -0.4059716463088989
vn -0.5560011267662048 0.27535325288772583 -0.7842470407485962
vn 0.677495002746582 -0.08167176693677902 -0.7309790253639221
vn -0.18905135989189148 0.15333782136440277 -0.9699211716651917
vn -0.8607301115989685 0.402470201253891 -0.3117073178291321
vn -0.6996625661849976 0.6811934113502502 -0.2155178040266037
vn -0.7518638968467712 0.5020591020584106 -0.4273609519004822
vn 0.42932653427124023 0.670663595199585 0.6048877239227295
vn -0.08026294410228729 0.9940897226333618 0.0730995386838913
vn -0.2857392728328705 0.8712788820266724 -0.39903151988983154
vn -0.4659375548362732 0.47146981954574585 -0.748744547367096
vn -0.7800501585006714 0.27053698897361755 -0.5642087459564209
vn 0.5126512050628662 0.4297437071800232 0.7433096170425415
vn -0.6637157797813416 -0.12621423602104187 -0.7372593879699707
vn -0.6031107306480408 0.04214198514819145 -0.796543538570404
vn -0.6215364933013916 0.10896099358797073 -0.7757704854011536
vn 0.40956437587738037 0.4141031503677368 0.8128811120986938
vn 0.689397931098938 0.2689282298088074 -0.6726129055023193
vn -0.5874537229537964 -0.11360388994216919 -0.8012441992759705
vn 0.293537437915802 0.4662778377532959 0.834518313407898
vn -0.42996713519096375 -0.6515368819236755 -0.625002384185791
vn -0.5446729063987732 -0.4402906000614166 -0.713775634765625
vn 0.29710811376571655 0.5825358629226685 0.7565571665763855
vn -0.45899006724357605 0.066737599670887 -0.8859312534332275
vn 0.5534566044807434 0.49166226387023926 -0.6722752451896667
vn 0.35066452622413635 0.23222586512565613 -0.9072516560554504
vn -0.3228279948234558 -0.7531262636184692 -0.5732216238975525
vn 0.2050400674343109 0.5419411063194275 0.8150205612182617
vn 0.06702102720737457 -0.35935842990875244 -0.9307898283004761
vn -0.2526262402534485 -0.7327519059181213 -0.6318660974502563
vn -0.20954225957393646 -0.06549781560897827 -0.975603461265564
vn -0.25920554995536804 0.07788880914449692 -0.9626764059066772
vn 0.09739559143781662 0.10873741656541824 -0.989287793636322
vn 0.17471499741077423 0.4362644851207733 -0.8826935887336731
vn -0.026424506679177284 -0.21038559079170227 -0.9772613644599915
vn -0.24796859920024872 -0.5676151514053345 -0.7850635051727295
vn 0.06608187407255173 0.3083384037017822 -0.9489787220954895
vn -0.2975854277610779 -0.6317538619041443 -0.715772271156311
vn -0.38067924976348877 -0.8114384412765503 -0.44345352053642273
vn 0.4453945457935333 0.5806467533111572 0.6815225481987
vn -0.14323991537094116 -0.11811508238315582 -0.9826144576072693
vn -0.1221369132399559 0.127291738986969 -0.9843167662620544
vn -0.33346113562583923 0.2572430968284607 -0.9069893956184387
vn -0.11745663732290268 -0.3255901038646698 -0.9381871223449707
vn -0.12148039042949677 -0.49845626950263977 -0.8583611845970154
vn 0.753569483757019 0.4611179828643799 0.46851181983947754
vn -0.16393545269966125 -0.10373087227344513 -0.981002151966095
vn -0.27447769045829773 -0.8164638876914978 -0.5079851150512695
vn -0.3975333571434021 -0.8586208820343018 -0.32363173365592957
vn -0.18827857077121735 -0.18045271933078766 -0.9653952717781067
vn -0.24860291182994843 -0.3563244640827179 -0.900682806968689
vn -0.4618678092956543 -0.6941436529159546 -0.5521256327629089
vn -0.29309770464897156 -0.8716815710067749 -0.3927658498287201
vn -0.15159989893436432 -0.12886658310890198 -0.9800055623054504
vn -0.1976223737001419 -0.1202181726694107 -0.9728787541389465
vn -0.33635276556015015 -0.40433719754219055 -0.8505164980888367
vn -0.22514866292476654 -0.22611543536186218 -0.9477235674858093
vn -0.10904771834611893 -0.08009553700685501 -0.9908043742179871
vn -0.49331146478652954 -0.5678883790969849 -0.6588979959487915
vn -0.612622082233429 -0.5531995892524719 -0.5645036697387695
vn -0.3702763319015503 -0.27483439445495605 -0.8873339295387268
vn -0.5310350656509399 -0.2958577573299408 -0.7940214276313782
vn 0.9916861057281494 -0.12201704829931259 -0.04087238758802414
vn -0.08070959150791168 -0.1015397384762764 -0.9915521740913391
vn -0.13687552511692047 -0.07959872484207153 -0.9873850345611572
vn 0.9621878266334534 -0.26037395000457764 0.08000072091817856
vn -0.018534639850258827 -0.20975778996944427 -0.9775777459144592
vn -0.5001527070999146 -0.30194729566574097 -0.8115879893302917
vn -0.7074792981147766 -0.32598599791526794 -0.6270615458488464
vn 0.8579108119010925 -0.4538668692111969 -0.2408192753791809
vn 0.7299275398254395 -0.632886528968811 -0.25818678736686707
vn 0.4275163412094116 -0.7702546715736389 -0.47322043776512146
vn -0.2427927702665329 -0.2752368152141571 -0.9302130937576294
vn -0.00563077162951231 -0.27779316902160645 -0.9606244564056396
vn 0.1337023228406906 -0.7856817245483398 -0.6040098071098328
vn 0.12378131598234177 -0.7046497464179993 -0.6986752152442932
vn 0.05585046485066414 -0.4416479468345642 -0.8954484462738037
vn 0.1468474566936493 -0.6880860328674316 -0.7106149196624756
vn -0.12483755499124527 -0.5422291159629822 -0.830905020236969
vn -0.43498292565345764 -0.5571300387382507 -0.7073867321014404
vn -0.6900030374526978 -0.5662608742713928 -0.4508264660835266
vn -0.19953684508800507 -0.8608817458152771 -0.4680466651916504
vn 0.18381385505199432 -0.9339002966880798 -0.30666378140449524
vn 0.4337961673736572 0.9009630084037781 0.009309394285082817
vn 0.1391812115907669 0.9885573983192444 -0.05816267803311348
vn -0.1448335349559784 0.9800812602043152 -0.135882169008255
vn -0.24569980800151825 0.9668014049530029 -0.07019074261188507
vn -0.4608149230480194 0.8832998275756836 0.08620356023311615
vn -0.39349937438964844 0.9192745089530945 0.009628191590309143
vn 0.9717746376991272 0.21943028271198273 0.08662831038236618
vn -0.3918425142765045 0.9192762970924377 -0.03729147091507912
vn 0.9690425395965576 -0.15531638264656067 0.19192032516002655
vn -0.779005765914917 0.35912656784057617 -0.5139827132225037
vn -0.7143299579620361 0.48281198740005493 -0.5065820217132568
vn 0 -0 0
vn -0.0813533142209053 -0.9964032769203186 0.023709053173661232
vn -0.07400134950876236 -0.9934267997741699 -0.08733305335044861
vn -0.7089442610740662 -0.5338403582572937 -0.46088239550590515
vn -0.47131770849227905 -0.8815037608146667 0.028473684564232826
vn -0.30441713333129883 -0.9522601962089539 -0.023036833852529526
vn -0.5164175629615784 -0.8562946915626526 0.008511317893862724
vn -0.5681650042533875 -0.8043656945228577 0.17373667657375336
vn -0.49323341250419617 -0.8003372550010681 0.34085360169410706
vn -0.9784842729568481 0.009463360533118248 -0.20610438287258148
vn 0.9741920828819275 0.11913502216339111 -0.1917201429605484
vn -0.99349045753479 0.09166546165943146 -0.06763328611850739
vn -0.9709462523460388 0.23562371730804443 -0.04177241027355194
vn -0.8763349056243896 0.48127058148384094 -0.020391248166561127
vn -0.6713586449623108 0.7406876087188721 0.025682343170046806
vn 0.8292299509048462 -0.07916351407766342 -0.5532729029655457
vn -0.6598023772239685 0.7335129380226135 -0.16315504908561707
vn 0.848808765411377 0.14784583449363708 -0.5076074600219727
vn 0.28942927718162537 0.8453406691551208 0.4490322470664978
vn 0.06299640238285065 0.9900299906730652 0.12598441541194916
vn 0.14583978056907654 0.9876236915588379 -0.0577082633972168
vn -0.5022711157798767 0.44829005002975464 -0.7394320368766785
vn -0.15051425993442535 0.8620397448539734 -0.48397624492645264
vn -0.5550538897514343 0.14100207388401031 -0.8197765946388245
vn -0.821070671081543 -0.07666151970624924 -0.5656554102897644
vn 0.48287108540534973 0.3973497152328491 0.7803516983985901
vn 0.6481413245201111 0.3494776487350464 -0.6765930652618408
vn -0.5472996830940247 0.07978601008653641 -0.8331250548362732
vn -0.6354992985725403 -0.5516517758369446 -0.540204644203186
vn 0.4102189540863037 0.505581796169281 -0.7590175271034241
vn 0.35037338733673096 0.4421428442001343 0.8256804347038269
vn -0.3766094446182251 0.33096039295196533 -0.8652344346046448
vn 0.2548794448375702 0.5756308436393738 -0.7769721150398254
vn 0.23600897192955017 0.46081283688545227 0.8555415272712708
vn -0.06513642519712448 0.45618879795074463 -0.8874959945678711
vn -0.4170694053173065 -0.8579838871955872 -0.2998614013195038
vn 0.15237011015415192 0.5082927942276001 0.8475976586341858
vn 0.11118632555007935 0.4664505124092102 -0.8775314688682556
vn -0.3606508672237396 -0.9009186029434204 -0.24140559136867523
vn 0.23105305433273315 0.4890664219856262 0.8410877585411072
vn -0.3137967884540558 -0.9398303031921387 -0.1350947469472885
vn 0.875018835067749 0.2086959332227707 0.4367929995059967
vn -0.6365923881530762 -0.7659443020820618 -0.0898861363530159
vn -0.49517562985420227 -0.8623822927474976 -0.10534651577472687
vn -0.6273918151855469 -0.7134718894958496 -0.3119896352291107
vn -0.7986170053482056 -0.47462835907936096 -0.3700525164604187
vn 0.9434286952018738 0.013257135637104511 0.33131030201911926
vn -0.8228716850280762 -0.46418410539627075 -0.32774287462234497
vn 0.8083686232566833 -0.5868390202522278 0.04647773876786232
vn 0.5326879620552063 -0.8413044214248657 -0.09192603826522827
vn 0.19389434158802032 -0.9375882148742676 -0.2886752784252167
vn 0.20717427134513855 -0.8873149752616882 -0.41200852394104004
vn -0.5789785981178284 -0.7874270081520081 -0.2115243822336197
vn 0.27008873224258423 -0.9585446715354919 -0.09079815447330475
vn -0.02677532657980919 -0.9896230101585388 -0.14117158949375153
vn 0.7594953775405884 0.6381794214248657 0.1260707676410675
vn -0.3434810936450958 0.9282318353652954 -0.14285121858119965
vn -0.4646737575531006 0.8621777296066284 -0.20181186497211456
vn -0.5134451985359192 0.8328035473823547 -0.20691148936748505
vn -0.7785907983779907 0.5493268966674805 -0.3033750355243683
vn -0.8013737201690674 0.45612552762031555 -0.38697510957717896
vn -0.6933103799819946 0.16613507270812988 -0.7012273669242859
vn -0.346337229013443 -0.8975027799606323 -0.27301907539367676
vn 0.9755166172981262 -0.07066739350557327 0.20826320350170135
vn -0.44644632935523987 -0.8935214281082153 -0.0480123870074749
vn -0.5922725200653076 -0.7817323207855225 -0.19521236419677734
vn 0.4121111333370209 -0.9063495993614197 0.09324611723423004
vn 0.12953443825244904 -0.9490025639533997 0.28742825984954834
vn -0.24590620398521423 -0.9141069054603577 0.32239529490470886
vn 0.9644746780395508 0.15381862223148346 0.21477526426315308
vn 0.9693935513496399 0.10956744104623795 0.21970699727535248
vn 0.9957215785980225 0.08366016298532486 0.0392366498708725
vn -0.9957660436630249 0.004748937673866749 -0.09180137515068054
vn 0.9817152619361877 0.1384916454553604 -0.13059575855731964
vn 0.9084343314170837 -0.058503977954387665 -0.4139135181903839
vn -0.824171781539917 0.5627067685127258 0.06404688954353333
vn -0.6527093648910522 0.7334728240966797 -0.1897055208683014
vn 0.33967456221580505 0.8644124865531921 0.3706916868686676
vn 0.48609936237335205 0.8301106095314026 0.27317363023757935
vn 0.2832251489162445 0.9550669193267822 -0.08735384047031403
vn -0.3589954376220703 0.15313568711280823 -0.9206909537315369
vn -0.25491997599601746 0.511200487613678 -0.82078617811203
vn -0.7170549035072327 0.6087564826011658 -0.3394817113876343
vn 0.5064203143119812 0.6005509495735168 0.6187706589698792
vn -0.35945212841033936 0.11535219103097916 -0.926006555557251
vn 0.6136128306388855 0.14968305826187134 -0.7752898335456848
vn 0.6372905969619751 0.38158413767814636 0.6695179343223572
vn -0.7551765441894531 -0.5005456805229187 -0.4232759475708008
vn -0.20353937149047852 0.3354662358760834 -0.9198011755943298
vn -0.5728936195373535 -0.7602253556251526 -0.3063501715660095
vn -0.4013364017009735 -0.9036358594894409 -0.1495705246925354
vn -0.39118173718452454 -0.9202600121498108 -0.00991989765316248
vn 0.572089433670044 0.36355021595954895 0.7352176308631897
vn 0.10122355073690414 0.38268277049064636 0.9183179140090942
vn -0.35163018107414246 -0.9353867769241333 0.03751974180340767
vn -0.5734263062477112 -0.8136480450630188 0.09570354968309402
vn -0.7531900405883789 -0.6561005711555481 -0.04729513078927994
vn 0.850821852684021 -0.055678509175777435 0.5224961042404175
vn -0.8678096532821655 -0.4957543611526489 -0.03367670252919197
vn 0.8771220445632935 -0.313242644071579 0.3640550374984741
vn -0.7455655336380005 -0.6632482409477234 -0.06506852805614471
vn -0.8425556421279907 -0.5380238890647888 0.025107966735959053
vn 0.14486876130104065 -0.9894435405731201 0.0038149175234138966
vn 0.13468100130558014 -0.9787756204605103 -0.15446454286575317
vn 0.12224292755126953 -0.9881844520568848 0.09245645254850388
vn -0.26564836502075195 -0.9597033858299255 0.09165370464324951
vn -0.5246654152870178 -0.8348333835601807 0.1666717231273651
vn 0.01644064113497734 0.999673068523407 0.019580859690904617
vn -0.27216747403144836 0.9607855081558228 -0.053067516535520554
vn -0.411821573972702 0.9110507965087891 -0.01973649486899376
vn 0.9697819352149963 -0.05335277318954468 0.23806828260421753
vn -0.5693119168281555 0.7989883422851562 -0.19365324079990387
vn 0.9561586380004883 -0.173164501786232 0.23616668581962585
vn -0.7089294195175171 0.4862825572490692 -0.5108311176300049
vn 0.9504536390304565 -0.20601864159107208 0.23279651999473572
vn -0.6193347573280334 0.5733978152275085 -0.5363203287124634
vn -0.6285855174064636 0.34078314900398254 -0.6991045475006104
vn -0.23535889387130737 -0.8022448420524597 -0.5486433506011963
vn -0.3142200708389282 -0.359136700630188 -0.8787983655929565
vn -0.5881891250610352 0.0946989580988884 -0.8031598329544067
vn -0.06109698489308357 -0.9927615523338318 -0.1034003421664238
vn -0.4507463276386261 -0.8768815994262695 -0.16705210506916046
vn 0.1352122724056244 -0.8349407911300659 -0.5334712862968445
vn -0.4776931703090668 -0.8696529269218445 -0.12455140054225922
vn 0.9866518378257751 0.03989478573203087 0.1578819453716278
vn -0.9221745729446411 -0.24243761599063873 -0.3013603389263153
vn -0.2969377040863037 -0.7800440788269043 -0.5507806539535522
vn -0.414741188287735 -0.8949083685874939 0.16470807790756226
vn -0.9843945503234863 -0.04521048069000244 -0.17006880044937134
vn 0.9737266898155212 0.22084645926952362 0.055526189506053925
vn -0.9899037480354309 0.12870292365550995 -0.05938142165541649
vn 0.9429186582565308 0.2750919759273529 -0.18769338726997375
vn 0.648406445980072 0.10214327275753021 -0.7544109225273132
vn 0.04050745069980621 0.3622535765171051 -0.9311990141868591
vn 0.17751803994178772 0.6907403469085693 -0.7009744644165039
vn 0.0631583109498024 0.8788483142852783 -0.47290244698524475
vn 0.36071059107780457 0.40383413434028625 -0.8407174944877625
vn 0.26097261905670166 0.16349105536937714 -0.9514010548591614
vn -0.5067750215530396 0.8619316816329956 -0.015904663130640984
vn -0.11105573177337646 0.14527110755443573 -0.9831393361091614
vn -0.7896587252616882 0.36714115738868713 -0.4915756583213806
vn 0.5962635278701782 0.4898870289325714 0.6359879374504089
vn 0.030158337205648422 0.18596796691417694 -0.9820928573608398
vn 0.3716943562030792 0.2603340148925781 -0.8911058306694031
vn -0.8559688329696655 -0.05266960337758064 -0.5143377780914307
vn 0.6010555028915405 0.34061622619628906 0.7229888439178467
vn -0.7973319292068481 -0.41759225726127625 -0.4357505440711975
vn 0.47908028960227966 0.3779812157154083 0.792219877243042
vn 0.559149980545044 0.4163794219493866 0.7169235944747925
vn -0.3550097644329071 -0.9301077723503113 -0.09416817873716354
vn -0.4672064185142517 -0.8654307723045349 -0.18096357583999634
vn -0.33777475357055664 -0.9412047863006592 -0.006467054598033428
vn 0.4228752553462982 0.46339091658592224 0.7787460684776306
vn -0.3112880289554596 -0.9466848969459534 0.08299084007740021
vn 0.13793273270130157 0.31837788224220276 0.9378753304481506
vn 0.32987889647483826 0.502630352973938 0.7990886569023132
vn 0.3369353115558624 0.24401910603046417 0.9093565344810486
vn 0.208809033036232 0.41210559010505676 0.8868865370750427
vn 0.24501624703407288 0.3038204312324524 0.9206846356391907
vn 0.6454659700393677 0.13120882213115692 0.7524346709251404
vn 0.5727427005767822 0.2786582112312317 0.770918607711792
vn 0.7732143402099609 0.03035428375005722 0.6334179639816284
vn -0.696498453617096 -0.6950006484985352 0.17850495874881744
vn 0.6338708996772766 -0.748431921005249 0.19508309662342072
vn 0.14412850141525269 -0.987120509147644 0.06942690908908844
vn -0.07373200356960297 -0.9315687417984009 0.3560102880001068
vn 0.27516457438468933 0.931294322013855 0.23869530856609344
vn 0.9230369925498962 0.2561938762664795 0.28699740767478943
vn -0.40321147441864014 0.914887011051178 0.020058289170265198
vn -0.32432907819747925 0.9402965903282166 -0.10321371257305145
vn -0.7840509414672852 0.5531579256057739 -0.2815677523612976
vn -0.7837314009666443 0.5232318043708801 -0.33465445041656494
vn -0.6833539009094238 0.47784507274627686 -0.5519888401031494
vn -0.6973952651023865 0.5967838168144226 -0.39684873819351196
vn 0.07500337809324265 -0.9775802493095398 -0.19675202667713165
vn 0.2252294421195984 -0.9298335909843445 -0.2910005450248718
vn -0.5188043713569641 0.3158644139766693 -0.7944002747535706
vn -0.3974573016166687 -0.21703247725963593 -0.8915854692459106
vn -0.28619325160980225 -0.9451319575309753 -0.15754050016403198
vn 0.056877799332141876 -0.706473708152771 -0.705450177192688
vn 0 -0 0
vn 0 -0 0
vn 0 -0 0
vn 0 -0 0
vn 0 -0 0
vn -0.3324545919895172 -0.9419650435447693 -0.046646084636449814
vn -0.29875150322914124 -0.9472674131393433 -0.11589673906564713
vn 0.0669325515627861 -0.8853225111961365 -0.46013498306274414
vn -0.01146647334098816 -0.9989712238311768 0.04387565329670906
vn -0.3926909863948822 -0.9152648448944092 0.0899118110537529
vn 0.10282798856496811 -0.9880263209342957 -0.11502386629581451
vn -0.9167898297309875 -0.11130785197019577 -0.3835453987121582
vn 0.9749927520751953 0.1602139174938202 0.1540149599313736
vn -0.995130717754364 0.012663692235946655 -0.09774694591760635
vn 0.9378806948661804 0.3467915654182434 0.010746797546744347
vn -0.9440181851387024 0.3222096860408783 -0.07078582793474197
vn 0.7454433441162109 0.43865224719047546 -0.5018949508666992
vn 0.8272109031677246 0.542131781578064 -0.1477002501487732
vn 0.4659906327724457 0.6898860335350037 -0.5539945363998413
vn -0.6902828216552734 0.7221960425376892 0.04407332465052605
vn 0.6308169364929199 0.7589767575263977 -0.16132086515426636
vn 0.3606235384941101 0.8720030188560486 -0.33100059628486633
vn -0.4687504172325134 0.8833193778991699 -0.004470537416636944
vn 0.6074796319007874 0.756992518901825 0.24068833887577057
vn 0.6071192026138306 0.5992550253868103 0.5218234062194824
vn -0.5167523622512817 0.8363048434257507 -0.18319718539714813
vn -0.7399302124977112 -0.4127987027168274 -0.5311314463615417
vn -0.5989379286766052 -0.7445189952850342 -0.2948979139328003
vn -0.40087273716926575 -0.9111173152923584 -0.09574076533317566
vn -0.32147660851478577 -0.9320902824401855 0.1669146716594696
vn -0.36311519145965576 -0.913604736328125 0.1829584687948227
vn -0.7237688899040222 -0.6825048923492432 0.10171449929475784
vn -0.6643427014350891 -0.7158732414245605 0.21488222479820251
vn 0.3677256405353546 0.47464725375175476 0.7996798753738403
vn -0.7945421934127808 -0.5877206921577454 0.1526014357805252
vn -0.8603609800338745 -0.4951443076133728 0.12087678164243698
vn -0.7921332716941833 -0.5538290143013 0.25651177763938904
vn 0.794474720954895 -0.07870884239673615 0.6021751761436462
vn -0.4661744236946106 -0.7680391073226929 0.4390869438648224
vn -0.6527013778686523 -0.650043249130249 0.38913336396217346
vn 0.49069744348526 -0.5956998467445374 0.635891318321228
vn -0.2903551459312439 -0.8512669205665588 0.43707963824272156
vn 0.12649303674697876 -0.9331150054931641 0.3365945816040039
vn 0.03807154670357704 -0.9227386713027954 0.3835412561893463
vn 0.6919661164283752 0.6327751874923706 0.34753209352493286
vn -0.20664182305335999 0.9736118316650391 0.09684610366821289
vn -0.4395716190338135 0.8980327248573303 0.01772216707468033
vn 0.9507600665092468 -0.10824516415596008 0.2904106676578522
vn -0.370561420917511 0.9163516163825989 -0.15160493552684784
vn -0.507300078868866 0.8453046679496765 -0.16765066981315613
vn -0.7230297327041626 0.6586641073226929 -0.20830202102661133
vn 0.9494203925132751 -0.17296192049980164 0.2620786428451538
vn -0.7213180065155029 0.6214253306388855 -0.30582842230796814
vn 0.979727566242218 -0.08419723808765411 0.18178248405456543
vn -0.728886067867279 0.5492100715637207 -0.4087707996368408
vn -0.35751014947891235 -0.8749173283576965 -0.3266591429710388
vn 0.37807726860046387 -0.8735286593437195 -0.30660292506217957
vn -0.859940230846405 0.3086017370223999 -0.4065314531326294
vn -0.10555312037467957 -0.3548562526702881 -0.9289432764053345
vn -0.4547959566116333 -0.25810903310775757 -0.8523734211921692
vn 0 -0 0
vn -0.4431568682193756 -0.8614916205406189 -0.24787947535514832
vn 0.06647926568984985 -0.8493935465812683 -0.5235562324523926
vn -0.7196019291877747 -0.26647233963012695 -0.6412219405174255
vn -0.9451612830162048 -0.1620926856994629 -0.2835421860218048
vn 0 -0 0
vn -1 -0 0
vn 0 -0 0
vn 1 0 0
vn 0 -0 0
vn 0 -0 0
vn 0 -0 0
vn 0 -0 0
vn 0 -0 0
vn -0.8244825005531311 0.560546338558197 -0.07756520062685013
vn 0 -0 0
vn 0 -0 0
vn 0.5746650695800781 0.8157656788825989 0.06547122448682785
vn -0.34241726994514465 0.9367378354072571 -0.07261329144239426
vn 0.727276623249054 0.5562983155250549 0.40199631452560425
vn -0.5632114410400391 0.7500693798065186 -0.3466826379299164
vn -0.8040534257888794 0.08063212782144547 -0.5890641212463379
vn -0.21678882837295532 -0.962682843208313 0.16200129687786102
vn -0.26573559641838074 -0.9615213871002197 0.06972242146730423
vn -0.3505764603614807 -0.8924729228019714 0.28388074040412903
vn -0.4445629119873047 -0.8697922229766846 0.21406874060630798
vn -0.312574177980423 -0.9269618391990662 0.2074589878320694
vn 0.4472992420196533 0.49315235018730164 0.7461394667625427
vn 0.3461553156375885 0.47613370418548584 0.8083769679069519
vn 0.30257508158683777 0.37438511848449707 0.876518189907074
vn 0.4827944338321686 0.27835017442703247 0.8303197026252747
vn 0.4448288083076477 -0.07650917023420334 0.8923417329788208
vn -0.06409353762865067 -0.7820278406143188 0.6199390888214111
vn 0.921492874622345 0.05281923711299896 0.38478711247444153
vn -0.2822743058204651 0.9589589238166809 -0.02681504748761654
vn -0.5346944332122803 0.8378505706787109 -0.11003773659467697
vn 0.9487459063529968 -0.1950620412826538 0.24866041541099548
vn -0.7161173224449158 0.6637744307518005 -0.21582306921482086
vn -0.7107402682304382 0.6361677050590515 -0.30023157596588135
vn -0.1400623917579651 -0.9444134831428528 -0.29743194580078125
vn 0.10943448543548584 -0.9687603116035461 -0.22254815697669983
vn -0.4831708073616028 -0.8021751642227173 -0.35080042481422424
vn -0.7771943807601929 -0.49117979407310486 -0.3933335542678833
vn 0.3419261574745178 -0.8901559114456177 -0.301179438829422
vn -0.18321041762828827 -0.9415671229362488 -0.28263983130455017
vn -0.3980853259563446 -0.8438752889633179 -0.35972580313682556
vn -0.3423558175563812 -0.4834739863872528 -0.8056336045265198
vn -0.3814769685268402 -0.8939576148986816 -0.23519186675548553
vn -0.6277086138725281 -0.5583420991897583 -0.5424352288246155
vn 0.9859287738800049 0.024871887639164925 0.16530553996562958
vn 0.9764177203178406 0.11372675001621246 0.18350660800933838
vn -0.8386115431785583 -0.3158491551876068 -0.44381311535835266
vn -0.9749225378036499 -0.0829138234257698 -0.2065224051475525
vn 0.810375452041626 0.58486407995224 0.03500976786017418
vn 0 -0 0
vn 0 -0 0
vn 0 -0 0
vn 0.7076615691184998 0.697528064250946 0.11255992949008942
vn -0.6586599349975586 0.7493192553520203 -0.0684676468372345
vn -0.7711998224258423 0.5850253701210022 -0.25099053978919983
vn 0.7038061022758484 0.6680909395217896 0.2414778769016266
vn -0.7740890979766846 0.04834209382534027 -0.6312282681465149
vn -0.7740890979766846 0.04834209382534027 -0.6312282681465149
vn -0.7740890979766846 0.04834209382534027 -0.6312282681465149
vn -0.35380658507347107 0.9099859595298767 -0.21620945632457733
vn -0.6353060007095337 0.5192870497703552 -0.5716006755828857
vn -0.7339991927146912 -0.13919460773468018 -0.6647330522537231
vn 0.7049437165260315 0.3728598356246948 0.603348970413208
vn 0.687106728553772 0.33945268392562866 0.6423832774162292
vn -0.37050601840019226 -0.8688753247261047 0.3283001482486725
vn 0.5623973608016968 0.37944966554641724 0.7346612811088562
vn -0.5504927039146423 -0.7150652408599854 0.4308589994907379
vn 0.36936333775520325 0.3736499547958374 0.8508563041687012
vn 0.3536694347858429 0.24065157771110535 0.903883159160614
vn -0.7553257346153259 -0.5712514519691467 0.32117730379104614
vn 0.2454657256603241 0.2668939232826233 0.9319410920143127
vn -0.5818543434143066 -0.5373575091362 0.6104854941368103
vn -0.6123970746994019 -0.5069578289985657 0.6066000461578369
vn 0.23194988071918488 0.06691805273294449 0.9704232811927795
vn 0.19365283846855164 -0.13285820186138153 0.9720325469970703
vn -0.41208508610725403 -0.6456203460693359 0.6429310441017151
vn 0.048149850219488144 -0.5018283724784851 0.8636260032653809
vn -0.03447893634438515 -0.4888707995414734 0.8716745376586914
vn -0.20808139443397522 -0.6749587655067444 0.7079073786735535
vn 0.11743994057178497 -0.5359562635421753 0.8360375761985779
vn 0.058639414608478546 -0.6119738221168518 0.7887011766433716
vn 0.18479058146476746 -0.23533160984516144 0.9541862607002258
vn 0.8024282455444336 0.38344645500183105 0.45725029706954956
vn 0.5284850597381592 0.7197883129119873 0.4501205086708069
vn 0.24787463247776031 0.886779248714447 0.39010345935821533
vn -0.0948261022567749 0.9695321321487427 0.22586612403392792
vn -0.3294970691204071 0.9431301355361938 0.04401509463787079
vn -0.3090841472148895 0.9495190978050232 -0.05366984382271767
vn -0.4668513834476471 0.8834159970283508 -0.04032387211918831
vn -0.6244441866874695 0.7800104022026062 -0.04066142067313194
vn -0.7969017028808594 0.5785380005836487 -0.1739010065793991
vn 0.9479377865791321 -0.1743253916501999 0.26650470495224
vn 0.04930173605680466 -0.9299934506416321 -0.36425480246543884
vn 0.3050307631492615 -0.9228859543800354 -0.23502711951732635
vn -0.8104671239852905 0.5783984661102295 -0.09272678941488266
vn -0.9250480532646179 0.3590333163738251 -0.12402132898569107
vn -0.9938103556632996 0.06849490851163864 -0.08746118098497391
vn -0.16518454253673553 -0.929442286491394 -0.3299260437488556
vn -0.26942622661590576 -0.88933265209198 -0.369454950094223
vn -0.5908857583999634 -0.681108295917511 -0.4323720633983612
vn 0.9658190608024597 0.1871591955423355 0.1793460249900818
vn 0.9571030139923096 0.2528593838214874 0.1414778083562851
vn 0.9254031777381897 0.37112435698509216 0.07678445428609848
vn -0.9302709698677063 0.12389504164457321 -0.34532010555267334
vn -0.889643669128418 0.36297741532325745 -0.27709490060806274
vn -0.5202811360359192 0.8190968036651611 -0.24163614213466644
vn -0.30401766300201416 0.9337387681007385 -0.18895825743675232
vn 0.77384352684021 0.5339534878730774 0.3406757116317749
vn 0.816839873790741 0.4108605682849884 0.40492749214172363
vn -0.4866897165775299 0.7701496481895447 -0.4123138189315796
vn 0.8055703043937683 0.3433219790458679 0.4828938841819763
vn -0.7378503084182739 -0.05979415774345398 -0.6723105907440186
vn -0.6100764870643616 -0.676011323928833 -0.41329824924468994
vn 0.7632145881652832 0.21883682906627655 0.6079589128494263
vn -0.31107982993125916 -0.9448893070220947 0.10204695910215378
vn -0.1752217561006546 -0.9273924827575684 0.33051568269729614
vn -0.15136493742465973 -0.9578052163124084 0.24433134496212006
vn -0.28213146328926086 -0.8891575932502747 0.36027848720550537
vn 0.42642834782600403 0.2554689943790436 0.8676949739456177
vn 0.2577090561389923 0.1770358681678772 0.949865460395813
vn 0.2827865481376648 0.04604794457554817 0.9580768942832947
vn 0.30597013235092163 0.01259487122297287 0.9519578218460083
vn 0.1612491011619568 -0.2438230961561203 0.956320583820343
vn 0.05587075650691986 -0.29817843437194824 0.9528736472129822
vn -0.22001178562641144 -0.47376924753189087 0.8527236580848694
vn 0.08279897272586823 0.9425519108772278 0.3236360251903534
vn -0.3095066249370575 0.9419520497322083 0.13012301921844482
vn 0.9250147342681885 -0.040248509496450424 0.37779340147972107
vn -0.7870785593986511 0.6146297454833984 -0.05232253670692444
vn -0.7567314505577087 0.6486290097236633 -0.08147390931844711
vn 0.9414270520210266 -0.1418573260307312 0.305927574634552
vn 0.9747775197029114 -0.025490907952189445 0.2217182219028473
vn -0.1754767745733261 -0.8673845529556274 -0.4656737148761749
vn 0.4517711400985718 -0.8320887088775635 -0.32176268100738525
vn 0.496071457862854 -0.8389959931373596 -0.2236044704914093
vn -0.9218994975090027 -0.38169100880622864 -0.06643277406692505
vn -0.12642504274845123 -0.8330718874931335 -0.5385239124298096
vn -0.4037712812423706 -0.7651283144950867 -0.5015451312065125
vn -0.5593668818473816 -0.8278647661209106 -0.041816603392362595
vn -0.3527839481830597 -0.7798721194267273 -0.5170522332191467
vn -0.8950483202934265 -0.2537558972835541 -0.36673763394355774
vn -0.9413496851921082 -0.0729905515909195 -0.3294437825679779
vn 0.8647311925888062 0.48604723811149597 0.1264832466840744
vn -0.8283742070198059 0.3661162853240967 -0.42397528886795044
vn -0.30022913217544556 0.9066323637962341 -0.2964459955692291
vn -0.3391810655593872 0.8721656799316406 -0.35253843665122986
vn -0.4637339413166046 -0.8809711337089539 -0.09402580559253693
vn 0.575193464756012 0.19914610683918 0.7934061288833618
vn -0.38431328535079956 -0.8580313920974731 0.3407132029533386
vn -0.23036742210388184 -0.8969157934188843 0.37745586037635803
vn 0.31261682510375977 -0.01588117703795433 0.9497465491294861
vn -0.35997191071510315 -0.48161065578460693 0.7990440726280212
vn -0.024935850873589516 -0.24581198394298553 0.9689967632293701
vn -0.013620021753013134 -0.170291930437088 0.9852995276451111
vn -0.4084457755088806 -0.3575292229652405 0.8398481607437134
vn 0.8530160784721375 0.17732860147953033 0.49083417654037476
vn -0.27398380637168884 0.9607309699058533 0.04391922429203987
vn -0.3713192045688629 0.9270579218864441 0.05182413384318352
vn -0.5258039832115173 0.8489867448806763 0.05245744064450264
vn -0.8086671829223633 0.5882541537284851 -0.0037956354208290577
vn -0.7619248628616333 0.6474331021308899 0.01734708622097969
vn 0.9397104978561401 -0.05282992497086525 0.3378657102584839
vn -0.9527406692504883 0.3025485873222351 0.027380147948861122
vn 0.963716983795166 0.062442097812891006 0.25951990485191345
vn -0.4159744679927826 -0.7685587406158447 -0.48608916997909546
vn 0.020313290879130363 -0.857869565486908 -0.5134658217430115
vn 0.23149330914020538 -0.8768439292907715 -0.4213734269142151
vn 0.3292420506477356 -0.8758291006088257 -0.35287830233573914
vn -0.2320408821105957 -0.9451145529747009 -0.23003388941287994
vn -0.06016385927796364 -0.7902274131774902 -0.609853208065033
vn -0.008211227133870125 -0.7548998594284058 -0.655788779258728
vn -0.3079644739627838 -0.6632997393608093 -0.6820493936538696
vn -0.7646772265434265 -0.4432450234889984 -0.4677635133266449
vn -0.8771346807479858 -0.0364793986082077 -0.47885698080062866
vn -0.8238165974617004 0.1220402792096138 -0.5535632967948914
vn -0.7388573288917542 0.011327638290822506 -0.6737667322158813
vn -0.7370634078979492 0.17272193729877472 -0.653379499912262
vn 0.7944537997245789 0.5896307229995728 0.1455293893814087
vn -0.6201226115226746 0.6462259888648987 -0.44479215145111084
vn 0.7821561694145203 0.577305257320404 0.23441502451896667
vn -0.33647191524505615 0.8428061008453369 -0.4200769364833832
vn -0.3227846026420593 0.8351702094078064 -0.44530993700027466
vn -0.6506083607673645 0.30203381180763245 -0.6967671513557434
vn -0.3320324420928955 0.7344247102737427 -0.5919247269630432
vn -0.7635787129402161 -0.15201616287231445 -0.6275656819343567
vn -0.5263803601264954 0.43131324648857117 -0.7327296137809753
vn -0.6739961504936218 -0.6479342579841614 -0.35483860969543457
vn 0.8289886713027954 0.3057016432285309 0.46832072734832764
vn -0.43938422203063965 -0.8958892822265625 -0.06575696915388107
vn 0.802119791507721 0.15347179770469666 0.5771051049232483
vn -0.06897065788507462 -0.9251337647438049 0.37332388758659363
vn -0.2269405871629715 -0.8699648976325989 0.4377889037132263
vn 0.6608143448829651 -0.0017698894953355193 0.7505472898483276
vn -0.36480072140693665 -0.8325217962265015 0.41692668199539185
vn 0.4404793083667755 -0.2547382712364197 0.8608637452125549
vn 0.10698547214269638 -0.12353195995092392 0.9865566492080688
vn -0.07474811375141144 -0.6599069237709045 0.7476199269294739
vn 0.16245004534721375 -0.7387056946754456 0.654158890247345
vn -0.31347179412841797 -0.4522487223148346 0.8349889516830444
vn 0.5630673766136169 0.6392363905906677 0.5237671732902527
vn 0.07512383908033371 0.9332711100578308 0.3512284457683563
vn -0.18978247046470642 0.9635051488876343 0.18878698348999023
vn -0.3136511445045471 0.9432898163795471 0.10875396430492401
vn -0.4903945028781891 0.8631632328033447 0.12025997787714005
vn 0.9381880164146423 -0.14282789826393127 0.31528323888778687
vn -0.755568265914917 0.643954336643219 0.12016429752111435
vn -0.7546197772026062 0.6516783833503723 0.07657850533723831
vn -0.8773793578147888 0.4759560227394104 0.06059236079454422
vn -0.25999975204467773 -0.7374637126922607 -0.6233357191085815
vn -0.0652710571885109 -0.7696056962013245 -0.6351746320724487
vn 0.32903164625167847 -0.757658064365387 -0.563642144203186
vn -0.9988216757774353 0.028658583760261536 0.03916575014591217
vn -0.43677204847335815 -0.6575042009353638 -0.6139369010925293
vn -0.782365620136261 -0.4879467189311981 -0.38705557584762573
vn -0.8844782114028931 -0.4664919078350067 -0.009142532013356686
vn -0.41830745339393616 -0.7175386548042297 -0.5569175481796265
vn 0.09909617155790329 -0.6485912203788757 -0.7546584606170654
vn 0.9612402319908142 0.1991279572248459 0.1906968355178833
vn -0.7786727547645569 -0.22620297968387604 -0.5852358937263489
vn -0.7425922751426697 -0.2622103691101074 -0.6162810921669006
vn -0.6323984861373901 0.0683213472366333 -0.7716245055198669
vn 0.9138229489326477 0.3899461030960083 0.1134452372789383
vn -0.6578837633132935 0.4116426706314087 -0.6306657791137695
vn -0.33325260877609253 0.8430933952331543 -0.42206186056137085
vn 0.8262959122657776 0.37592050433158875 0.4194267988204956
vn -0.17286385595798492 0.8396496772766113 -0.5148850083351135
vn -0.6224095821380615 -0.7308588027954102 -0.2800925374031067
vn -0.35660502314567566 -0.9211766123771667 0.15577735006809235
vn -0.15917183458805084 -0.9548254013061523 0.2509439289569855
vn -0.3695297837257385 -0.8270281553268433 0.42364153265953064
vn 0.6520286202430725 -0.08782500773668289 0.7530905604362488
vn 0.40817782282829285 -0.39264899492263794 0.8241466283798218
vn -0.13488253951072693 -0.835418164730072 0.532806932926178
vn -0.14751048386096954 -0.7387754321098328 0.6576104760169983
vn -0.2929958999156952 0.9474974870681763 0.1280701756477356
vn 0.82407146692276 0.17246702313423157 0.5395937561988831
vn 0.8730451464653015 0.03575242683291435 0.48632705211639404
vn -0.3741382360458374 0.907339870929718 0.1917160004377365
vn -0.6039265394210815 0.7690069675445557 0.20952576398849487
vn 0.11967475712299347 -0.758304238319397 -0.6408219337463379
vn 0.3625732362270355 -0.7116841077804565 -0.601702868938446
vn -0.025860320776700974 -0.8065170645713806 -0.5906449556350708
vn 0.9603421092033386 0.1554459035396576 0.23147286474704742
vn -0.2072295993566513 -0.5573137998580933 -0.8040257096290588
vn -0.6275433301925659 -0.5180776715278625 -0.5811927318572998
vn 0.9312018752098083 0.3402421176433563 0.1307610720396042
vn -0.47569894790649414 0.0510144904255867 -0.8781275749206543
vn 0.841677725315094 0.4794650673866272 0.24837838113307953
vn -0.43946772813796997 0.5731421709060669 -0.691647469997406
vn -0.3711622655391693 0.693785548210144 -0.6171712279319763
vn 0.8291501998901367 0.4567049443721771 0.3223825693130493
vn -0.33627262711524963 0.8106812238693237 -0.4792877733707428
vn -0.1601119190454483 0.8432181477546692 -0.5131738185882568
vn -0.04033464938402176 0.7586402297019958 -0.6502600312232971
vn -0.1726973056793213 0.5686720609664917 -0.8042311668395996
vn -0.6796031594276428 -0.14038938283920288 -0.7200210690498352
vn -0.35858380794525146 0.18647238612174988 -0.9146834015846252
vn -0.4880179166793823 -0.87102210521698 0.05620560795068741
vn -0.39590001106262207 -0.9105297923088074 0.11915828287601471
vn -0.24741031229496002 -0.9134496450424194 0.3231067359447479
vn -0.07755177468061447 -0.8821699619293213 0.46450182795524597
vn -0.10607855021953583 -0.904344916343689 0.4134098291397095
vn 0.696442186832428 -0.04823846369981766 0.7159897685050964
vn 0.6712357401847839 -0.10186076164245605 0.7342118620872498
vn -0.16387368738651276 -0.7488884925842285 0.6421148180961609
vn 0.5089088678359985 0.721451461315155 0.4695950746536255
vn 0.7377787232398987 0.3917563259601593 0.549735963344574
vn 0.15134085714817047 0.921883225440979 0.3566894829273224
vn -0.24058017134666443 0.9600059390068054 0.14321263134479523
vn 0.6908144354820251 0.47577592730522156 0.5444379448890686
vn -0.4731462001800537 0.8412207365036011 0.2616874873638153
vn -0.5197206735610962 0.8310455679893494 0.1981257051229477
vn 0.9023835062980652 -0.13021686673164368 0.41078901290893555
vn -0.6863759756088257 0.6599055528640747 0.30563488602638245
vn -0.754860520362854 0.6378829479217529 0.15261410176753998
vn 0.9118825197219849 -0.1502620428800583 0.3819575607776642
vn -0.9758484959602356 0.216098353266716 0.03195848688483238
vn -0.1345335841178894 -0.6756430268287659 -0.7248497605323792
vn -0.9829983711242676 0.04243364557623863 -0.17864394187927246
vn 0.048483312129974365 -0.6622710227966309 -0.747694194316864
vn -0.3266015946865082 -0.6091940402984619 -0.7226438522338867
vn 0.2969028651714325 -0.6291339993476868 -0.7183586359024048
vn -0.8932451605796814 0.022457722574472427 -0.4490087330341339
vn -0.49476006627082825 -0.5481284856796265 -0.6743646860122681
vn 0.04193777218461037 -0.44662147760391235 -0.893739640712738
vn -0.5062071681022644 -0.13734428584575653 -0.8514052629470825
vn 0.9414122700691223 0.12715698778629303 0.3123684823513031
vn 0.37588608264923096 -0.5173140168190002 -0.7688276171684265
vn -0.15128079056739807 0.18737725913524628 -0.9705688953399658
vn -0.8607653975486755 0.3218579888343811 -0.39432281255722046
vn -0.47523728013038635 -0.41596511006355286 -0.7753210067749023
vn -0.48001956939697266 -0.455818772315979 -0.7495402693748474
vn -0.054028477519750595 -0.4612433910369873 -0.8856272101402283
vn -0.8404982686042786 -0.07669312506914139 -0.5363588929176331
vn -0.8285906314849854 0.4844437837600708 -0.2806274890899658
vn -0.008137042634189129 -0.5826836824417114 -0.8126583695411682
vn 0.35976314544677734 -0.4919394254684448 -0.7928216457366943
vn 0.2176716923713684 -0.6098466515541077 -0.7620408535003662
vn -0.0698029175400734 -0.462760329246521 -0.8837310075759888
vn -0.2881033718585968 -0.7799612879753113 -0.555569052696228
vn -0.6958979964256287 -0.5976459980010986 -0.3981774151325226
vn -0.18734382092952728 -0.2845923900604248 -0.9401646256446838
vn -0.5953370928764343 -0.126376211643219 -0.7934752106666565
vn -0.6502612233161926 -0.029339130967855453 -0.7591439485549927
vn 0.262900173664093 -0.26975083351135254 -0.9263466000556946
vn -0.5149920582771301 0.15402665734291077 -0.8432431817054749
vn -0.02714458666741848 -0.024226414039731026 -0.999337911605835
vn -0.3559151887893677 0.11593107134103775 -0.9272994995117188
vn -0.36958032846450806 -0.0833212286233902 -0.9254555702209473
vn -0.48853400349617004 0.21005114912986755 -0.8468843698501587
vn -0.4783799648284912 0.06405991315841675 -0.8758133053779602
vn -0.4649854302406311 0.3469010889530182 -0.8145232796669006
vn -0.42319539189338684 0.5412856936454773 -0.7265779376029968
vn 0.2553083002567291 0.4671230614185333 -0.8465304374694824
vn 0.16545860469341278 0.4235512316226959 -0.8906334042549133
vn 0.3335024118423462 0.4114510416984558 -0.8482242226600647
vn -0.2608063817024231 0.7263378500938416 -0.6359351277351379
vn 0.027633488178253174 0.284728467464447 -0.9582098722457886
vn -0.1394430249929428 0.4485718607902527 -0.8828017711639404
vn -0.17014895379543304 0.042835529893636703 -0.9844868779182434
vn -0.3923308849334717 0.055867791175842285 -0.9181259870529175
vn 0.8457930088043213 0.3231813907623291 0.42448562383651733
vn 0.06608835607767105 0.6694736480712891 -0.7398900985717773
vn -0.48713600635528564 -0.5228202939033508 -0.699540913105011
vn -0.5917269587516785 -0.4221828281879425 -0.6867465972900391
vn -0.333263635635376 -0.9079979062080383 0.25391945242881775
vn -0.4513857662677765 -0.8919863104820251 0.024724392220377922
vn 0.7809166312217712 0.19873188436031342 0.5921780467033386
vn 0.6671234369277954 -0.02353096194565296 0.7445755004882812
vn -0.3013015687465668 -0.9062755703926086 0.2964490056037903
vn 0.4914664328098297 -0.3380594253540039 0.8026061058044434
vn 0.19453562796115875 -0.5486995577812195 0.8130711317062378
vn -0.23286543786525726 -0.7607022523880005 0.6058924794197083
vn 0.5034201145172119 0.6992130279541016 0.5076114535331726
vn -0.5460415482521057 0.7690607905387878 0.3322409689426422
vn -0.6147157549858093 0.6837315559387207 0.3932374119758606
vn -0.6235103011131287 0.6818425059318542 0.3825254738330841
vn -0.6950913667678833 0.673518180847168 0.2514384090900421
vn 0.9140286445617676 -0.07326285541057587 0.3989790081977844
vn 0.9229121208190918 0.027570756152272224 0.3840222656726837
vn -0.10458174347877502 -0.5658038854598999 -0.8178806304931641
vn 0.932401716709137 0.2022264450788498 0.29955241084098816
vn 0.0184964369982481 -0.5797733068466187 -0.8145679235458374
vn 0.21536782383918762 -0.5060659050941467 -0.8351730704307556
vn -0.9591103792190552 0.26981091499328613 -0.085495226085186
vn 0.3424975574016571 -0.5020983219146729 -0.7940987348556519
vn 0.410755455493927 -0.3563421666622162 -0.8392260074615479
vn -0.13523149490356445 -0.812565267086029 -0.5669657588005066
vn -0.5167436003684998 -0.18176893889904022 -0.836621880531311
vn -0.5447526574134827 -0.2561406195163727 -0.7985214591026306
vn -0.09160062670707703 0.13904833793640137 -0.9860400557518005
vn 0.026299191638827324 -0.16920946538448334 -0.9852291941642761
vn -0.2782043516635895 -0.18740296363830566 -0.9420629143714905
vn -0.1737302988767624 0.013177829794585705 -0.9847050905227661
vn -0.44605475664138794 -0.09160792827606201 -0.8903051614761353
vn 0.1998441517353058 0.3063620626926422 -0.9307011365890503
vn -0.11316313594579697 0.5990062952041626 -0.7927077412605286
vn -0.28891080617904663 0.29048916697502136 -0.9122207164764404
vn 0.2804238498210907 0.277740478515625 -0.9188159704208374
vn -0.3816862404346466 0.4721281826496124 -0.7946135401725769
vn -0.29056158661842346 0.7287486791610718 -0.6200801134109497
vn -0.15884993970394135 0.5020918250083923 -0.8501003384590149
vn -0.6226226687431335 0.12867292761802673 -0.7718706727027893
vn -0.7247636914253235 -0.39817601442337036 -0.5622930526733398
vn -0.7070820331573486 -0.01497990544885397 -0.7069728970527649
vn -0.5179421305656433 -0.8152881264686584 -0.2589232325553894
vn -0.4439810812473297 -0.8933966159820557 -0.06872641295194626
vn -0.2406020313501358 -0.8981260061264038 0.3680765926837921
vn -0.1804019957780838 -0.8735997080802917 0.45197200775146484
vn -0.18954350054264069 -0.7761813998222351 0.6013449430465698
vn -0.04221327602863312 -0.8734266757965088 0.48512259125709534
vn 0.2522737681865692 -0.4923425614833832 0.833040714263916
vn -0.036007437855005264 0.9279817938804626 0.3708817660808563
vn -0.2293892204761505 0.9454129338264465 0.23146280646324158
vn -0.27185747027397156 0.9212514758110046 0.2781892418861389
vn 0.8487966656684875 -0.004232367966324091 0.5287025570869446
vn 0.8771177530288696 -0.11385469883680344 0.4665850102901459
vn -0.8823873400688171 0.44749486446380615 0.14539918303489685
vn -0.9614815711975098 0.27315911650657654 0.030616527423262596
vn -0.2605190873146057 -0.44377240538597107 -0.8574356436729431
vn 0.3690243661403656 -0.4179306924343109 -0.8301535844802856
vn -0.9955390691757202 0.08242294937372208 -0.045918840914964676
vn -0.9371458888053894 -0.28955820202827454 -0.19471417367458344
vn -0.38115647435188293 -0.2658907175064087 -0.8854501247406006
vn -0.02332255244255066 -0.6317170858383179 -0.7748481631278992
vn -0.711759626865387 -0.5928194522857666 -0.3767803907394409
vn 0.9423505663871765 0.2775799632072449 0.18688178062438965
vn 0.21661998331546783 -0.25767672061920166 -0.9416360855102539
vn -0.461559921503067 -0.08820781856775284 -0.8827127814292908
vn -0.347726970911026 0.026569290086627007 -0.9372193217277527
vn -0.2844429314136505 -0.25756657123565674 -0.9234455823898315
vn -0.12271743267774582 -0.1574377417564392 -0.9798744320869446
vn -0.09944497048854828 -0.09375257045030594 -0.9906165599822998
vn -0.32340511679649353 0.23325948417186737 -0.9170600771903992
vn -0.14093488454818726 0.2861199378967285 -0.9477725625038147
vn -0.44693148136138916 0.005717955529689789 -0.8945499658584595
vn 0.15698423981666565 0.05306897684931755 -0.9861742258071899
vn 0.02694660611450672 0.15589016675949097 -0.9874067902565002
vn 0.892270028591156 0.3541058301925659 0.2801131010055542
vn -0.38333186507225037 0.44919896125793457 -0.8070173859596252
vn -0.41292545199394226 0.05802125111222267 -0.9089148044586182
vn -0.6537135243415833 -0.6006661057472229 -0.46028146147727966
vn 0.8000222444534302 0.13379345834255219 0.5848621129989624
vn 0.686930775642395 -0.018430830910801888 0.7264891862869263
vn -0.295203298330307 -0.9357260465621948 0.19305899739265442
vn -0.3168240487575531 -0.9167965054512024 0.24311882257461548
vn 0.6030231714248657 0.0015344519633799791 0.7977222204208374
vn 0.3627111315727234 -0.24778370559215546 0.8983561992645264
vn 0.046938471496105194 -0.6530477404594421 0.7558607459068298
vn -0.001500218058936298 -0.803135335445404 0.5957947373390198
vn -0.1053498163819313 -0.8470794558525085 0.5209202766418457
vn -0.02409241907298565 -0.5535897016525269 0.832440972328186
vn 0.3431510329246521 0.7965785264968872 0.49770477414131165
vn 0.6936548948287964 0.38045817613601685 0.6116327047348022
vn 0.789551854133606 0.14055661857128143 0.5973707437515259
vn -0.2877642810344696 0.9092893600463867 0.30064040422439575
vn -0.5900519490242004 0.7111204266548157 0.38229119777679443
vn -0.6173263788223267 0.6840594410896301 0.38854971528053284
vn -0.6209028959274292 0.6950371861457825 0.3624956011772156
vn -0.6623048782348633 0.6682137846946716 0.3388843834400177
vn -0.760347843170166 0.5915622115135193 0.2681889832019806
vn 0.9116618633270264 0.09886866062879562 0.3988702893257141
vn 0.9145839810371399 0.19082331657409668 0.3565426468849182
vn -0.0206084493547678 -0.4887554943561554 -0.8721774220466614
vn -0.9832112789154053 0.18244101107120514 -0.003319499082863331
vn 0.9163342118263245 0.27878135442733765 0.2874239981174469
vn -0.14041927456855774 -0.431826114654541 -0.8909594416618347
vn 0.30308476090431213 -0.3492930233478546 -0.8866420388221741
vn -0.121400386095047 -0.33298444747924805 -0.9350846409797668
vn 0.11311976611614227 -0.3404075801372528 -0.933448851108551
vn 0.3257998526096344 -0.3052384555339813 -0.8948094844818115
vn -0.54889315366745 -0.5093470811843872 -0.6627833843231201
vn -0.27004197239875793 -0.3015052080154419 -0.9144244194030762
vn -0.3015610873699188 -0.27460983395576477 -0.9130445718765259
vn -0.8209466338157654 -0.289093017578125 -0.49241429567337036
vn -0.37793129682540894 -0.15292100608348846 -0.9131172895431519
vn 0.4032823145389557 -0.06868157535791397 -0.9124945402145386
vn -0.3947140574455261 0.050676681101322174 -0.9174054265022278
vn 0.12692499160766602 -0.024389488622546196 -0.991612434387207
vn -0.1272391378879547 -0.07423797249794006 -0.9890899658203125
vn 0.9106028079986572 0.34958726167678833 0.22043459117412567
vn 0.9092665910720825 0.3559614419937134 0.2156984508037567
vn 0.323628306388855 0.08922381699085236 -0.9419680833816528
vn -0.6923620104789734 -0.20644772052764893 -0.6913857460021973
vn -0.31276705861091614 0.16922804713249207 -0.9346329569816589
vn -0.46761998534202576 -0.14352354407310486 -0.8721998929977417
vn -0.16738799214363098 -0.04796978086233139 -0.9847233891487122
vn -0.7376627922058105 -0.2255471646785736 -0.636381983757019
vn -0.2215825766324997 0.315974622964859 -0.9225298166275024
vn 0.18975543975830078 0.2447698712348938 -0.9508315324783325
vn 0.11547503620386124 0.07029573619365692 -0.9908198714256287
vn -0.1953667253255844 -0.14551788568496704 -0.9698744416236877
vn -0.1353480964899063 0.3457662761211395 -0.9285077452659607
vn 0.07571201771497726 0.22817367315292358 -0.9706721901893616
vn -0.612675130367279 -0.3351609408855438 -0.7157488465309143
vn -0.09982223808765411 0.0764290913939476 -0.9920656085014343
vn -0.26151323318481445 -0.27431777119636536 -0.925397515296936
vn -0.36628779768943787 -0.42657050490379333 -0.8269648551940918
vn -0.5827867388725281 -0.26706618070602417 -0.7674863338470459
vn 0.8607549071311951 0.1923212707042694 0.4712893068790436
vn 0.6682262420654297 -0.15863172709941864 0.7268491387367249
vn -0.21068114042282104 -0.975075900554657 0.06957345455884933
vn -0.24644437432289124 -0.895792543888092 -0.36989322304725647
vn 0.5191923379898071 -0.3310961425304413 0.7879179120063782
vn -0.21526701748371124 -0.8918711543083191 0.39777636528015137
vn -0.11586935073137283 -0.9304410219192505 0.34764039516448975
vn 0.4678977131843567 -0.16701272130012512 0.8678585886955261
vn 0.2163664698600769 -0.4031006693840027 0.8892105221748352
vn 0.17316743731498718 -0.6286889910697937 0.7581314444541931
vn 0.3089718818664551 -0.5408499836921692 0.7823156714439392
vn -0.02637556940317154 -0.8067030906677246 0.5903681516647339
vn 0.35667258501052856 0.7502709627151489 0.5566670298576355
vn -0.3312665820121765 0.90992671251297 0.2495914101600647
vn -0.5074906349182129 0.8041524291038513 0.30950307846069336
vn 0.8462085723876953 -0.006425675004720688 0.5328131318092346
vn -0.6884099841117859 0.6415655016899109 0.3383568823337555
vn -0.8054090738296509 0.5219190716743469 0.2809213399887085
vn -0.9128714799880981 0.38013091683387756 0.14888343214988708
vn 0.9016409516334534 0.22690622508525848 0.36818093061447144
vn -0.9520127177238464 0.29777097702026367 0.0707411915063858
vn -0.9255903363227844 -0.22572553157806396 -0.3038593530654907
vn -0.987140417098999 -0.013463441282510757 -0.159287691116333
vn 0.30434608459472656 -0.1772281527519226 -0.9359293580055237
vn -0.29478126764297485 -0.03607717901468277 -0.9548834562301636
vn 0.2676275372505188 0.12903089821338654 -0.9548437595367432
vn -0.32044827938079834 0.2847881317138672 -0.9034426808357239
vn -0.8840450644493103 -0.23376448452472687 -0.40474504232406616
vn -0.07456039637327194 0.30095335841178894 -0.9507196545600891
vn -0.7943424582481384 -0.40666115283966064 -0.45127245783805847
vn -0.8122666478157043 -0.28166109323501587 -0.5107738971710205
vn 0.8981626033782959 0.2562473714351654 0.357269287109375
vn -0.6133240461349487 -0.5106463432312012 -0.6025562286376953
vn -0.7141412496566772 -0.5202534198760986 -0.4683360755443573
vn -0.4162774384021759 -0.5572174787521362 -0.7184857130050659
vn -0.4567839801311493 -0.5260176062583923 -0.7173938155174255
vn 0.7875039577484131 -0.005257489159703255 0.6162871718406677
vn -0.14185847342014313 -0.8764139413833618 0.4601900279521942
vn 0.4174118936061859 -0.42298921942710876 0.8042683005332947
vn 0.038527194410562515 -0.7321745157241821 0.680026650428772
vn 0.296021431684494 0.7305973172187805 0.6153039336204529
vn 0.8199047446250916 0.10200076550245285 0.5633401274681091
vn 0.8815940022468567 -0.04282674565911293 0.4700615406036377
vn -0.6372367739677429 0.6916450262069702 0.33993613719940186
vn -0.7338261604309082 0.59676194190979 0.32461410760879517
vn 0.016706138849258423 -0.03355288878083229 -0.9992973208427429
vn -0.948074460029602 -0.14831122756004333 -0.2813514471054077
vn 0.8846240639686584 0.315110981464386 0.34372276067733765
vn 0.846753716468811 0.09631002694368362 0.5231946110725403
vn -0.7711052894592285 -0.42892369627952576 -0.47055408358573914
vn -0.16584907472133636 -0.664336085319519 -0.7288016080856323
vn 0.09946092218160629 -0.9778076410293579 0.18439024686813354
vn 0.15774990618228912 -0.9799434542655945 -0.12176098674535751
vn 0.23136934638023376 -0.7872449159622192 -0.5715887546539307
vn -0.4338206648826599 -0.4086984097957611 -0.8029727935791016
vn -0.7253568172454834 -0.30967187881469727 -0.6147851943969727
vn 0.026249516755342484 -0.7274913787841797 0.6856145262718201
vn -0.09846660494804382 -0.8463488221168518 0.5234482884407043
vn 0.5645283460617065 0.44411924481391907 0.6957483887672424
vn -0.08920599520206451 0.9163840413093567 0.3902340233325958
vn 0.697331964969635 0.32926034927368164 0.6366442441940308
vn -0.5900444388389587 0.7595216035842896 0.2738149166107178
vn -0.6217777729034424 0.7145651578903198 0.3206072747707367
vn 0.8753318786621094 0.026252493262290955 0.4828093647956848
vn -0.649068295955658 0.7074337601661682 0.2797284424304962
vn -0.632104218006134 0.6923813223838806 0.3479257822036743
vn 0.8971850872039795 0.03402305766940117 0.44034239649772644
vn -0.6304113268852234 0.6814834475517273 0.3717014193534851
vn -0.9743180871009827 0.22403773665428162 0.02261435054242611
vn 0.8676077723503113 0.20175644755363464 0.4544789791107178
vn -0.9252474308013916 -0.16837111115455627 -0.33995354175567627
vn -0.7880182266235352 -0.3512043356895447 -0.5056508183479309
vn -0.7645844221115112 -0.4653935432434082 -0.4458918571472168
vn 0.613267719745636 -0.26116111874580383 0.7454512715339661
vn 0.3700687885284424 -0.44894227385520935 0.8133264780044556
vn 0.25862064957618713 -0.5972561836242676 0.7592104077339172
vn 0.004693769384175539 -0.7939798831939697 0.6079259514808655
vn 0.17177599668502808 -0.9370554089546204 0.3040068447589874
vn 0.3514065146446228 -0.9144657850265503 0.20066361129283905
vn 0.33161649107933044 -0.9395753145217896 0.08502215892076492
vn 0.6022552251815796 -0.7980268001556396 -0.021021459251642227
vn -0.028242217376828194 -0.5630373358726501 -0.8259487748146057
vn 0.09844191372394562 -0.6775190830230713 0.7288876175880432
vn 0.5153241157531738 -0.8126819729804993 -0.2720094323158264
vn 0.6343488097190857 -0.6933990716934204 -0.34175917506217957
vn -0.682253360748291 -0.1062895879149437 -0.7233484387397766
vn 0.3459034562110901 -0.622425377368927 -0.7020951509475708
vn -0.31817933917045593 -0.32728007435798645 -0.8897470235824585
vn 0.6421681642532349 0.500694751739502 0.5804523229598999
vn 0.31952744722366333 0.8157346844673157 0.4821609556674957
vn 0.8381029367446899 0.1868772804737091 0.5125041007995605
vn 0.9012054204940796 0.17563077807426453 0.3962104320526123
vn 0.8558648824691772 0.2721112370491028 0.4398305118083954
vn -0.9928610324859619 -0.04451128467917442 -0.11066093295812607
vn -0.9635464549064636 -0.18382135033607483 -0.19439125061035156
vn 0.8343196511268616 0.24501533806324005 0.4938403367996216
vn 0.7769759297370911 0.07160897552967072 0.6254443526268005
vn 0.6880690455436707 -0.11242549121379852 0.7168831825256348
vn 0.5148433446884155 -0.34312617778778076 0.7856212258338928
vn 0.4589066505432129 -0.4881819486618042 0.7423497438430786
vn 0.3084331452846527 -0.539089024066925 0.783742368221283
vn 0.16756436228752136 -0.6512699723243713 0.7401146292686462
vn 0.10830649733543396 -0.7174007892608643 0.6881902813911438
vn 0.0850474089384079 -0.918513834476471 0.3861337900161743
vn -0.75672447681427 -0.26463326811790466 -0.5977770686149597
vn -0.03741300851106644 -0.8503721952438354 0.5248499512672424
vn 0.6612771153450012 -0.733656644821167 -0.15639875829219818
vn 0.7838178277015686 -0.6200050115585327 -0.034978169947862625
vn -0.609531044960022 -0.03812166303396225 -0.7918451428413391
vn 0.26109811663627625 -0.6051891446113586 -0.752046525478363
vn -0.4508573114871979 -0.3865686058998108 -0.8045448660850525
vn 0.006256765220314264 0.9564310908317566 0.29189133644104004
vn -0.6329032182693481 0.7479827404022217 0.19988852739334106
vn -0.7053748369216919 0.6761540770530701 0.21274857223033905
vn 0.9311630725860596 0.09590566158294678 0.35176336765289307
vn 0.905853807926178 0.22562645375728607 0.35849910974502563
vn 0.8656606078147888 0.18753674626350403 0.46417853236198425
vn -0.9974504709243774 0.016541793942451477 0.0694187730550766
vn -0.9904069304466248 -0.13558048009872437 -0.026684295386075974
vn -0.9869834780693054 -0.06377527117729187 -0.14763584733009338
vn 0.07333280146121979 -0.7725162506103516 0.6307463049888611
vn 0.012589956633746624 -0.8680044412612915 0.49639686942100525
vn 0.6161589026451111 -0.7673588991165161 0.17750650644302368
vn -0.6974692344665527 0.0398482009768486 -0.7155059576034546
vn 0.8064237833023071 -0.5425004363059998 -0.2353166788816452
vn 0.5411587357521057 -0.6864386796951294 -0.48574602603912354
vn -0.09649499505758286 -0.6762491464614868 -0.7303258776664734
vn 0.7138364911079407 0.5099769234657288 0.4799593389034271
vn 0.41177836060523987 0.8200927972793579 0.39734938740730286
vn -0.48888543248176575 0.8567726612091064 0.16410864889621735
vn 0.8764119744300842 0.2500486671924591 0.41155537962913513
vn -0.6075185537338257 0.7904026508331299 0.07864443957805634
vn 0.8987867832183838 0.09361768513917923 0.4282733201980591
vn 0.9282764792442322 0.0337834469974041 0.37035316228866577
vn -0.6665271520614624 0.724050760269165 0.1774602085351944
vn -0.6698135733604431 0.7379666566848755 0.08218879252672195
vn -0.6919684410095215 0.6792741417884827 0.24447154998779297
vn -0.6385928988456726 0.7061108350753784 0.30595216155052185
vn 0.9098829030990601 0.16504229605197906 0.38062337040901184
vn -0.8963838815689087 0.38760533928871155 0.21507708728313446
vn -0.9625310301780701 0.2093113362789154 0.17240308225154877
vn 0.7950928807258606 0.16667139530181885 0.5831363797187805
vn -0.9985295534133911 -0.054030757397413254 0.004414991941303015
vn 0.579835832118988 -0.18969351053237915 0.7923426628112793
vn 0.38198748230934143 -0.38257238268852234 0.8412633538246155
vn 0.302761971950531 -0.5052451491355896 0.8081228733062744
vn 0.21032673120498657 -0.5955281257629395 0.7753121256828308
vn -0.6147525906562805 -0.33203986287117004 -0.7154221534729004
vn -0.7652347683906555 -0.04572533071041107 -0.6421253681182861
vn -0.9339041113853455 0.10776306688785553 -0.340896338224411
vn 0.16207851469516754 -0.6553465723991394 0.7377340197563171
vn -0.5194870233535767 -0.07730215787887573 -0.8509745597839355
vn -0.5062848925590515 -0.08384772390127182 -0.8582803606987
vn 0.3217240869998932 -0.8816527128219604 0.34522774815559387
vn 0.44322094321250916 -0.855484664440155 0.2677707374095917
vn -0.47836747765541077 0.043143901973962784 -0.877099335193634
vn 0.7546036243438721 -0.6460265517234802 0.11499181389808655
vn -0.571163535118103 0.026037640869617462 -0.8204232454299927
vn 0.8796202540397644 -0.46814796328544617 0.08429548144340515
vn -0.763882577419281 -0.06910305470228195 -0.6416450142860413
vn -0.6719855070114136 -0.23323732614517212 -0.7028768062591553
vn -0.6860368847846985 -0.44938796758651733 -0.5721921920776367
vn -0.5086400508880615 -0.6556428074836731 -0.5580482482910156
vn 0.35300400853157043 -0.7944549322128296 -0.49419596791267395
vn -0.10073637217283249 -0.8090923428535461 -0.5789833664894104
vn -0.4659760892391205 0.8847668170928955 0.007355025038123131
vn -0.6399451494216919 0.7662119269371033 0.058220092207193375
vn 0.9310901165008545 0.11478780210018158 0.34625861048698425
vn -0.681602418422699 0.6913001537322998 0.2398378998041153
vn 0.9283651113510132 0.2098371535539627 0.30676811933517456
vn -0.6839721202850342 0.6676405072212219 0.29400402307510376
vn -0.7613317966461182 0.5746483206748962 0.30025526881217957
vn -0.9953240156173706 -0.06000408157706261 0.07569504529237747
vn 0.6461145281791687 -0.08300384879112244 0.7587136626243591
vn 0.4442187249660492 -0.33977216482162476 0.8289901614189148
vn 0.23868675529956818 -0.5378015041351318 0.8085779547691345
vn 0.11146841943264008 -0.747525691986084 0.6548131108283997
vn 0.2203861027956009 -0.8646548986434937 0.4514442980289459
vn -0.9220412373542786 0.06060336157679558 -0.3823182284832001
vn 0.9032114744186401 -0.42764338850975037 -0.03647208586335182
vn 0.9148991703987122 -0.3976227641105652 -0.06968262791633606
vn 0.7864411473274231 -0.5930787920951843 -0.17253385484218597
vn 0.34557846188545227 -0.8865020871162415 -0.3077167868614197
vn 0.28418290615081787 0.9208044409751892 0.2671315371990204
vn -0.18420922756195068 0.975298285484314 0.12190242111682892
vn 0.7211752533912659 0.5955695509910583 0.353840708732605
vn -0.6874929666519165 0.7245905995368958 -0.048185981810092926
vn -0.7474570274353027 0.6579437851905823 0.09175001084804535
vn 0.9641033411026001 0.08767813444137573 0.25063395500183105
vn 0.9582148194313049 0.05308595299720764 0.2810806334018707
vn 0.9314287304878235 0.15215784311294556 0.3305882215499878
vn -0.8076958060264587 0.5144118666648865 0.28811126947402954
vn 0.8833299279212952 0.03708096221089363 0.46728283166885376
vn 0.7562759518623352 -0.0004329786170274019 0.6542526483535767
vn -0.9874293208122253 0.06861843913793564 0.14239005744457245
vn 0.5304884910583496 -0.2080068439245224 0.8217756152153015
vn 0.35408616065979004 -0.39802080392837524 0.8462874889373779
vn -0.9959596395492554 0.06598138064146042 -0.06091757491230965
vn -0.9686424732208252 0.18878743052482605 -0.1615273803472519
vn 0.22637329995632172 -0.7797160148620605 0.5837792158126831
vn 0.5720717310905457 -0.7764029502868652 0.2644474506378174
vn -0.9506574869155884 0.19803431630134583 -0.23881536722183228
vn -0.7738006114959717 -0.4120452105998993 -0.48109400272369385
vn -0.8930703401565552 -0.15523295104503632 -0.4222892224788666
vn 0.9403702616691589 -0.3392618000507355 0.024602647870779037
vn -0.687759518623352 -0.6075637936592102 -0.3973073363304138
vn -0.21317824721336365 -0.8852030634880066 -0.41348591446876526
vn -0.540831983089447 0.8351771235466003 -0.09990007430315018
vn -0.6674950122833252 0.7343447208404541 -0.12324099987745285
vn -0.7749759554862976 0.6307626962661743 -0.03937945514917374
vn -0.7460018396377563 0.6533663868904114 0.12881627678871155
vn 0.9618327617645264 0.1584644317626953 0.2230849713087082
vn 0.9701220393180847 0.11683738976716995 0.21263174712657928
vn -0.9583595991134644 0.2358279824256897 0.16103436052799225
vn 0.7841989994049072 -0.14850369095802307 0.6024770736694336
vn 0.6205524802207947 -0.2866053283214569 0.7299124002456665
vn 0.4600532650947571 -0.5081057548522949 0.7281343340873718
vn 0.44082969427108765 -0.34159815311431885 0.830048143863678
vn -0.9971781969070435 0.045851197093725204 0.05944231525063515
vn 0.32427480816841125 -0.47253620624542236 0.8194848299026489
vn 0.3132610321044922 -0.614492654800415 0.724062442779541
vn 0.2222893387079239 -0.5654414296150208 0.7942691445350647
vn 0.19892770051956177 -0.6662778854370117 0.7186805009841919
vn 0.3060597777366638 -0.710041880607605 0.6341671943664551
vn 0.4228787422180176 -0.7787039279937744 0.46345841884613037
vn 0.4780769348144531 -0.8029286861419678 0.3560168147087097
vn -0.9605939388275146 0.24598167836666107 -0.12943115830421448
vn 0.8220649361610413 -0.5316722989082336 0.2037987858057022
vn -0.9499198794364929 0.10966426134109497 -0.2926191985607147
vn 0.9109934568405151 -0.41044577956199646 0.04031430184841156
vn -0.7382168769836426 -0.5373040437698364 -0.40784841775894165
vn -0.5414403080940247 -0.779066801071167 -0.3160654604434967
vn -0.006622400600463152 -0.9623113870620728 -0.2718694806098938
vn 0.5877189040184021 0.7862178683280945 0.19091343879699707
vn 0.1893119066953659 0.9799792766571045 0.06165773794054985
vn -0.2524333894252777 0.9604050517082214 -0.11789671331644058
vn 0.8949572443962097 0.3293516933917999 0.30096352100372314
vn 0.938442587852478 0.1642289161682129 0.3038986325263977
vn -0.7109204530715942 0.6529815793037415 -0.26116523146629333
vn -0.7599323391914368 0.62564617395401 -0.17626622319221497
vn -0.8187565803527832 0.5741344094276428 0.0027098360005766153
vn 0.9836786389350891 0.11193063855171204 0.14088277518749237
vn -0.7381777167320251 0.6412191390991211 0.20959889888763428
vn -0.8136037588119507 0.5345507264137268 0.22870172560214996
vn -0.8889806866645813 0.42229127883911133 0.17715369164943695
vn 0.850957453250885 -0.16928651928901672 0.4972056448459625
vn 0.7136178016662598 -0.3453100919723511 0.6095167398452759
vn 0.40527111291885376 -0.7322282195091248 0.5473546385765076
vn 0.7259753942489624 -0.6369016170501709 0.2594536244869232
vn -0.9522973299026489 0.26419419050216675 -0.15274570882320404
vn 0.889115571975708 -0.4415922164916992 0.12029051780700684
vn 0.9404910802841187 -0.320293664932251 0.11352814733982086
vn -0.9408139586448669 0.02903664857149124 -0.3376775085926056
vn -0.9155259132385254 -0.24835240840911865 -0.31643861532211304
vn 0.7103770971298218 -0.7029626369476318 -0.03475484624505043
vn -0.6672899723052979 -0.6810609698295593 -0.3014632761478424
vn 0.3937971889972687 -0.9073143005371094 -0.14732478559017181
vn -0.5513007044792175 0.7917789816856384 -0.26297053694725037
vn 0.8432931900024414 0.5117514133453369 0.16421666741371155
vn 0.9600244760513306 0.2562391459941864 0.11267032474279404
vn 0.9839538931846619 0.17001086473464966 0.05413912609219551
vn -0.7962769865989685 0.5950894355773926 0.1086813434958458
vn -0.8537598848342896 0.5059831738471985 0.12278073281049728
vn 0.9294242858886719 0.015492488630115986 0.3686874806880951
vn -0.9814438223838806 0.1759280562400818 0.07627157866954803
vn 0.40494295954704285 -0.650219738483429 0.6428340077400208
vn -0.9765208959579468 0.1982697993516922 -0.08423815667629242
vn 0.673818051815033 -0.6617182493209839 0.3287830650806427
vn -0.9788299202919006 0.16137252748012543 -0.12590068578720093
vn 0.9283515810966492 -0.3320683538913727 0.16701501607894897
vn -0.7523635029792786 -0.5629021525382996 -0.3421846926212311
vn -0.20277488231658936 -0.9758689403533936 -0.08100735396146774
vn 0.5949094295501709 0.8017520904541016 -0.05724068731069565
vn 0.11542495340108871 0.962986409664154 -0.2435864359140396
vn -0.19788645207881927 0.9321258068084717 -0.30328601598739624
vn -0.4282323718070984 0.8395801186561584 -0.3342488706111908
vn -0.7783053517341614 0.5757250189781189 -0.25056248903274536
vn 0.990601122379303 0.12616966664791107 0.052826475352048874
vn -0.8436528444290161 0.5260475873947144 -0.10734928399324417
vn 0.9901521801948547 0.13051433861255646 -0.05064385384321213
vn -0.7418663501739502 0.6598078608512878 0.11953216046094894
vn 0.994804322719574 0.05521468445658684 0.08553191274404526
vn 0.928712785243988 -0.13030849397182465 0.3471487760543823
vn 0.7278487086296082 -0.3614463806152344 0.5827459096908569
vn 0.5921546816825867 -0.4880784749984741 0.6411960124969482
vn 0.5424928069114685 -0.5342497825622559 0.6482890844345093
vn 0.467983216047287 -0.5962530374526978 0.652283787727356
vn 0.41621631383895874 -0.6797565221786499 0.6038998961448669
vn 0.5303586721420288 -0.7025702595710754 0.4744625389575958
vn 0.6117993593215942 -0.6655938029289246 0.42741841077804565
vn 0.7871037721633911 -0.6035114526748657 0.12744255363941193
vn 0.4198452830314636 -0.9075431227684021 0.00977112166583538
vn -0.5508670210838318 -0.8109191060066223 -0.1973722130060196
vn -0.1434520184993744 0.8866411447525024 -0.4396464228630066
vn -0.40037357807159424 0.8033170104026794 -0.44088882207870483
vn 0.8714581727981567 0.4715915024280548 -0.1347672939300537
vn -0.6681278347969055 0.6636495590209961 -0.3364142179489136
vn 0.9813860654830933 0.172933891415596 -0.08351786434650421
vn -0.7983842492103577 0.6003902554512024 0.04598070681095123
vn -0.8387060761451721 0.5427514910697937 0.04464427009224892
vn 0.8026984333992004 -0.3299032747745514 0.4968290328979492
vn -0.8866763710975647 0.4581702947616577 0.06233067810535431
vn -0.9423506855964661 0.33141061663627625 0.04628468304872513
vn -0.9788086414337158 0.19465458393096924 -0.06358762830495834
vn 0.712134063243866 -0.562207818031311 0.42046117782592773
vn -0.9594882130622864 0.25791704654693604 -0.11340707540512085
vn 0.9092752933502197 -0.3663923144340515 0.1974213719367981
vn -0.8860865831375122 -0.4359203577041626 -0.15755632519721985
vn -0.6896019577980042 -0.6831110715866089 -0.24043402075767517
vn 0.8947864770889282 -0.36969590187072754 0.25036388635635376
vn 0.398701548576355 -0.8867751955986023 0.23380956053733826
vn 0.026158377528190613 -0.9887936115264893 0.1469796597957611
vn 0.10077598690986633 0.784702718257904 -0.6116255521774292
vn 0.5942649245262146 0.688949465751648 -0.41496744751930237
vn 0.9506494402885437 0.2727240324020386 -0.14794370532035828
vn -0.8466396331787109 0.5061510801315308 -0.16435492038726807
vn -0.8580002188682556 0.5120378136634827 -0.04065742716193199
vn 0.995073676109314 0.05212908238172531 -0.08432664722204208
vn -0.7408995032310486 0.6699437499046326 0.04736458882689476
vn -0.731829822063446 0.675439715385437 0.09058904647827148
vn 0.9738579988479614 -0.08623594790697098 0.2101525217294693
vn 0.6625315546989441 -0.4672320485115051 0.5854452252388
vn 0.5300136804580688 -0.6635770797729492 0.5279688239097595
vn -0.9702794551849365 0.19439369440078735 -0.14411421120166779
vn 0.7952283024787903 -0.4964044988155365 0.34813013672828674
vn -0.9583592414855957 0.2566281259059906 -0.12525849044322968
vn -0.9970686435699463 -0.07640056312084198 -0.004145157057791948
vn 0.7656189799308777 -0.5600789189338684 0.3164478540420532
vn -0.3081682324409485 -0.9513305425643921 -0.00160908792167902
vn 0.15411707758903503 0.5060793161392212 -0.848605751991272
vn 0.554527223110199 0.45934829115867615 -0.6939011812210083
vn 0.8411651849746704 0.352981299161911 -0.40968939661979675
vn -0.3064095377922058 0.7660641670227051 -0.565030038356781
vn -0.586223304271698 0.6576553583145142 -0.4731086194515228
vn 0.9507200717926025 0.15614669024944305 -0.2678612768650055
vn -0.8872194290161133 0.4552667438983917 -0.07465845346450806
vn 0.9521974921226501 0.0432315394282341 -0.30240878462791443
vn 0.9238505959510803 -0.24074427783489227 0.29756060242652893
vn 0.7201974391937256 -0.4951154291629791 0.4859798550605774
vn 0.5471115112304688 -0.5570580363273621 0.6247843503952026
vn 0.4959801733493805 -0.6043589115142822 0.6235014796257019
vn -0.9006321430206299 0.42485734820365906 -0.09142259508371353
vn 0.48610883951187134 -0.6407883763313293 0.594212532043457
vn -0.9596009254455566 0.20979051291942596 -0.18749387562274933
vn -0.9574427604675293 0.2114344984292984 -0.1964656561613083
vn 0.8784320950508118 -0.37613993883132935 0.29474708437919617
vn 0.8994705080986023 -0.3251431882381439 0.29194989800453186
vn -0.983169436454773 0.17993125319480896 -0.031664665788412094
vn -0.9904951453208923 0.13318228721618652 0.034379810094833374
vn -0.5881916880607605 -0.7454572319984436 -0.3135667145252228
vn -0.31386661529541016 -0.9274004101753235 -0.20350991189479828
vn 0.5507010817527771 -0.7568293213844299 0.35204800963401794
vn -0.02714894898235798 -0.9991509914398193 0.030988659709692
vn 0.07220082730054855 0.29284805059432983 -0.9534291625022888
vn 0.30845019221305847 0.2053290158510208 -0.9288156628608704
vn -0.271496444940567 0.515016496181488 -0.8130484223365784
vn -0.35062724351882935 0.6540099382400513 -0.6703220009803772
vn 0.5017110705375671 -0.004338949918746948 -0.8650244474411011
vn 0.5851696729660034 0.17613203823566437 -0.7915516495704651
vn 0.7799477577209473 0.20360460877418518 -0.5917995572090149
vn 0.7423366904258728 0.07024138420820236 -0.6663350462913513
vn -0.848792552947998 0.485075980424881 -0.21036285161972046
vn 0.865572988986969 0.0750437080860138 -0.4951281249523163
vn 0.9745238423347473 -0.08430195599794388 -0.20783749222755432
vn -0.8783863186836243 0.47770267724990845 -0.015418237075209618
vn 0.9764997959136963 -0.17698350548744202 0.12298404425382614
vn -0.7585213780403137 0.6513261198997498 0.02048753947019577
vn 0.8303675651550293 -0.3925611674785614 0.3954561650753021
vn -0.7894074320793152 0.6135864853858948 -0.018640615046024323
vn 0.5790256261825562 -0.6163558959960938 0.5336991548538208
vn -0.8554112315177917 0.5173267722129822 -0.025392647832632065
vn 0.544701337814331 -0.6034734845161438 0.5823402404785156
vn 0.6222203373908997 -0.5879380702972412 0.5168855786323547
vn 0.6638535857200623 -0.580793559551239 0.47114476561546326
vn -0.9583188891410828 0.18114395439624786 -0.2209339588880539
vn -0.9955358505249023 0.0938979759812355 0.009567159228026867
vn -0.8315059542655945 -0.5039310455322266 -0.2337765246629715
vn -0.9668463468551636 -0.2346162050962448 -0.10081379860639572
vn 0.3433115780353546 -0.9157555103302002 0.20863614976406097
vn -0.17987509071826935 0.3113899528980255 -0.933103084564209
vn 0.11140451580286026 0.06333232671022415 -0.9917550683021545
vn 0.2754459083080292 0.05278396978974342 -0.9598664045333862
vn -0.5136511325836182 0.60736483335495 -0.6060284972190857
vn 0.48165908455848694 -0.13010960817337036 -0.8666464686393738
vn 0.6591307520866394 -0.07167306542396545 -0.7486051321029663
vn -0.7559108138084412 0.5612573027610779 -0.33702969551086426
vn 0.7919048070907593 -0.08150789141654968 -0.6051803827285767
vn 0.9009588360786438 -0.0937604010105133 -0.42365333437919617
vn -0.8955112099647522 0.4450291395187378 -0.00295920018106699
vn 0.9857305288314819 -0.15666721761226654 -0.0615687221288681
vn -0.8645046949386597 0.4847983717918396 -0.1326732635498047
vn -0.9260669350624084 0.3358498215675354 -0.1720607727766037
vn 0.5558432936668396 -0.6037691235542297 0.5714027881622314
vn 0.7093172073364258 -0.5102363228797913 0.4863414764404297
vn -0.9572156071662903 0.20301784574985504 -0.20620901882648468
vn 0.8079707026481628 -0.40424656867980957 0.428681880235672
vn 0.880357027053833 -0.3177202045917511 0.3521724343299866
vn 0.84129798412323 -0.40155312418937683 0.36190173029899597
vn -0.9993630051612854 -0.018671710044145584 -0.030413765460252762
vn 0.6921563148498535 -0.6155194044113159 0.37690269947052
vn 0.5457112193107605 -0.7894306182861328 0.2810668647289276
vn -0.29978036880493164 -0.8507372736930847 -0.4317150413990021
vn 0.41105398535728455 0.08738825470209122 -0.9074128270149231
vn 0.3536420166492462 -0.053339142352342606 -0.9338588118553162
vn 0.14617884159088135 0.08656970411539078 -0.9854630827903748
vn 0.047260724008083344 0.4323995113372803 -0.9004427194595337
vn -0.2563019394874573 0.4252948462963104 -0.8680055141448975
vn -0.5102598667144775 0.48420819640159607 -0.7107582688331604
vn -0.36755481362342834 0.33815786242485046 -0.8663445115089417
vn -0.05675770714879036 0.13764914870262146 -0.9888535737991333
vn 0.4595319628715515 -0.1278228759765625 -0.8789150714874268
vn 0.6464256644248962 -0.11884936690330505 -0.7536635994911194
vn -0.5872082114219666 0.48217788338661194 -0.6501469612121582
vn -0.448559045791626 0.38435718417167664 -0.8068856000900269
vn 0.6063476204872131 -0.17641213536262512 -0.7753846645355225
vn -0.2858514189720154 0.2920032739639282 -0.9127010107040405
vn -0.06407404690980911 0.14475180208683014 -0.9873912334442139
vn 0.2995477616786957 -0.07050839811563492 -0.9514724016189575
vn -0.5886352062225342 0.469561904668808 -0.6580427885055542
vn -0.3959634304046631 0.379856139421463 -0.8360157012939453
vn 0.5098803639411926 -0.19581939280033112 -0.8376615643501282
vn -0.5065205693244934 0.4895535707473755 -0.7097705602645874
vn -0.6514291167259216 0.4918326735496521 -0.577703058719635
vn -0.7072305083274841 0.5537589192390442 -0.4395180940628052
vn 0.6244716048240662 -0.24412812292575836 -0.7419142723083496
vn -0.9041590690612793 0.41801026463508606 -0.0881129652261734
vn -0.9095720648765564 0.4153907001018524 -0.011367863975465298
vn 0.7802767753601074 -0.29417821764945984 -0.5519306063652039
vn 0.8417307138442993 -0.2607796788215637 -0.4727402925491333
vn 0.9096108675003052 -0.2911699712276459 -0.2963581383228302
vn -0.8623808026313782 0.5061977505683899 -0.007956577464938164
vn 0.9684236645698547 -0.24561385810375214 0.04277246445417404
vn 0.8932470679283142 -0.3658045828342438 0.26133638620376587
vn -0.7347580194473267 0.6767343282699585 -0.0464901328086853
vn 0.5727012753486633 -0.6260020732879639 0.529277503490448
vn 0.48917484283447266 -0.641810417175293 0.5905822515487671
vn -0.8121781349182129 0.5732626914978027 -0.10833581537008286
vn 0.530341625213623 -0.607213020324707 0.5916334986686707
vn -0.9407391548156738 0.2669721841812134 -0.20913106203079224
vn 0.8642871975898743 -0.34278082847595215 0.36811551451683044
vn -0.9849323034286499 0.11594818532466888 -0.12831367552280426
vn -0.8533706068992615 -0.32838761806488037 -0.40487053990364075
vn 0.3086024522781372 -0.9399447441101074 -0.14583688974380493
vn 0.08327551931142807 -0.8846868872642517 -0.45868751406669617
vn -0.3068888485431671 0.7061599493026733 -0.6380888223648071
vn -0.5273057818412781 0.6470885872840881 -0.5506587028503418
vn 0.3871273994445801 0.4001646339893341 -0.8306628465652466
vn 0.6737841963768005 -0.01865420676767826 -0.7386927008628845
vn 0.8087893128395081 -0.1303764432668686 -0.5734648108482361
vn -0.6904383897781372 0.5255709886550903 -0.4970613718032837
vn -0.7182722091674805 0.5244421362876892 -0.4572150409221649
vn 0.5904403328895569 -0.1101771742105484 -0.7995256185531616
vn 0.5930705666542053 -0.2624695897102356 -0.7611682415008545
vn -0.8181441426277161 0.5216960906982422 -0.2418128103017807
vn 0.5472293496131897 -0.27208614349365234 -0.7915233373641968
vn 0.6057224273681641 -0.15923745930194855 -0.779579222202301
vn 0.7075408697128296 -0.14504507184028625 -0.6916269659996033
vn 0.814419150352478 -0.4401320219039917 -0.37816035747528076
vn 0.946307897567749 -0.27923116087913513 -0.16288456320762634
vn 0.8958438038825989 -0.42518556118011475 0.12915551662445068
vn -0.7656970620155334 0.6384649276733398 -0.07791406661272049
vn 0.6339500546455383 -0.6116212606430054 0.4733147621154785
vn 0.6225414276123047 -0.5400582551956177 0.566373884677887
vn -0.9612077474594116 0.19390174746513367 -0.19616806507110596
vn 0.7743352055549622 -0.5353978872299194 0.33727458119392395
vn -0.9815035462379456 0.010147333145141602 -0.19117487967014313
vn 0.7000421285629272 -0.6697700023651123 0.24768774211406708
vn -0.9340822696685791 0.08637218177318573 -0.3464537262916565
vn 0.6213939189910889 -0.7795996069908142 0.07806481420993805
vn -0.8803214430809021 -0.13168148696422577 -0.4557347893714905
vn 0.5870363116264343 -0.7976730465888977 -0.13822486996650696
vn -0.5999029874801636 -0.5603808760643005 -0.5710426568984985
vn 0.6270787715911865 0.3685338497161865 -0.6862615942955017
vn 0.038255725055933 0.6953076720237732 -0.7176933884620667
vn -0.5076554417610168 0.7585633397102356 -0.4084944725036621
vn 0.8924246430397034 -0.08706344664096832 -0.4427168667316437
vn -0.6608828902244568 0.5648996829986572 -0.49408718943595886
vn 0.7631762027740479 -0.02663552202284336 -0.6456412672996521
vn 0.4288610816001892 -0.20361578464508057 -0.8801242709159851
vn -0.8257114887237549 0.5188745856285095 -0.2212909609079361
vn -0.9017467498779297 0.4215822219848633 -0.09550558030605316
vn -0.9359768033027649 0.35201510787010193 -0.0057332455180585384
vn 0.9354955554008484 -0.3496741056442261 -0.05075593292713165
vn 0.7763727903366089 -0.5557171702384949 0.2973614037036896
vn -0.7262285947799683 0.6738817095756531 -0.13592451810836792
vn -0.770462691783905 0.6255835890769958 -0.12260667234659195
vn 0.5226501822471619 -0.6155869364738464 0.5898216962814331
vn -0.9039783477783203 0.39377763867378235 -0.1666203886270523
vn 0.7500648498535156 -0.4128696918487549 0.5166637301445007
vn -0.9854134321212769 0.09144508093595505 -0.14352057874202728
vn 0.8716545104980469 -0.3441406190395355 0.3489779531955719
vn 0.8579254150390625 -0.37859678268432617 0.3473162055015564
vn -0.9547470808029175 0.18341508507728577 -0.23413023352622986
vn -0.16083408892154694 -0.849308431148529 -0.5027997493743896
vn 0.4265595078468323 -0.8710271716117859 -0.243636354804039
vn 0.3549020290374756 0.7493164539337158 -0.5590790510177612
vn 0.7267469167709351 0.47835347056388855 -0.49296748638153076
vn -0.024587033316493034 0.8583647608757019 -0.5124503970146179
vn -0.27357780933380127 0.8391253352165222 -0.4701318144798279
vn 0.9372932314872742 0.16007784008979797 -0.30960705876350403
vn 0.9830432534217834 -0.11724646389484406 -0.14099398255348206
vn -0.6596503257751465 0.6872802972793579 -0.3041500449180603
vn -0.654120683670044 0.6383299231529236 -0.4057844877243042
vn 0.915410041809082 -0.05167587101459503 -0.39919179677963257
vn -0.7350555062294006 0.5994122624397278 -0.31685712933540344
vn 0.8662682771682739 0.1473497450351715 -0.47735464572906494
vn -0.7564072012901306 0.550838828086853 -0.3527389168739319
vn 0.646469235420227 0.056553278118371964 -0.7608411908149719
vn 0.7813141345977783 0.09500925987958908 -0.6168642044067383
vn 0.5260040163993835 -0.038638487458229065 -0.8496040105819702
vn -0.8148164749145508 0.5173925757408142 -0.2614939510822296
vn 0.8401700258255005 -0.09433571994304657 -0.5340554714202881
vn 0.5627580285072327 -0.27023017406463623 -0.7812036871910095
vn 0.7953240871429443 -0.4136147201061249 -0.4431506097316742
vn 0.6214558482170105 -0.5606149435043335 -0.5472692251205444
vn 0.5507426857948303 -0.3828716576099396 -0.7416817545890808
vn 0.6463786363601685 -0.276446670293808 -0.7111763954162598
vn 0.7839785218238831 -0.5066959261894226 -0.35865992307662964
vn 0.7921828031539917 -0.34408172965049744 -0.5040379166603088
vn -0.9020371437072754 0.4316556453704834 0.0015823720023036003
vn 0.826767086982727 -0.45634031295776367 -0.32895246148109436
vn 0.800871729850769 -0.5661032795906067 -0.19527307152748108
vn 0.8782400488853455 -0.4506531357765198 -0.1600191742181778
vn -0.8821514844894409 0.4705866575241089 -0.018895629793405533
vn 0.871406078338623 -0.49010905623435974 0.021087434142827988
vn -0.839253842830658 0.5349168181419373 -0.09755577147006989
vn -0.7198858857154846 0.671633780002594 -0.17513567209243774
vn 0.615390956401825 -0.6955586075782776 0.3707994520664215
vn 0.4787592589855194 -0.66669100522995 0.5712379217147827
vn 0.4271710216999054 -0.6792418956756592 0.5967875719070435
vn 0.4878527522087097 -0.6172827482223511 0.6172209978103638
vn 0.5441681146621704 -0.5678189396858215 0.6176267862319946
vn -0.8273279666900635 0.540305495262146 -0.1536179780960083
vn 0.6499623656272888 -0.4961172044277191 0.5756880044937134
vn 0.8138216733932495 -0.31135210394859314 0.4906671941280365
vn 0.8677166700363159 -0.4327191412448883 0.24458535015583038
vn -0.9276977777481079 0.236615851521492 -0.28877291083335876
vn 0.8271604776382446 -0.549487292766571 0.11776791512966156
vn 0.7351441979408264 -0.6779054999351501 -0.0026644321624189615
vn -0.11182048171758652 -0.8440713882446289 -0.5244423151016235
vn -0.2838987708091736 0.9061766862869263 -0.3134412467479706
vn -0.4476473331451416 0.8519032597541809 -0.2717953026294708
vn -0.5823893547058105 0.774502158164978 -0.24691912531852722
vn 0.9854374527931213 -0.05657121166586876 -0.16035231947898865
vn -0.7557256817817688 0.6241628527641296 -0.19824093580245972
vn 0.9709987640380859 0.18575826287269592 -0.15051688253879547
vn -0.8070612549781799 0.5597528219223022 -0.18795998394489288
vn 0.9650214910507202 0.1976337432861328 -0.17226289212703705
vn 0.980505108833313 0.004587125964462757 -0.1964402049779892
vn 0.9440213441848755 -0.3177991509437561 -0.08847270905971527
vn -0.8688060641288757 0.48670992255210876 -0.09104650467634201
vn 0.7846205234527588 -0.5818455815315247 -0.21407118439674377
vn 0.7460771203041077 -0.651125967502594 -0.13929790258407593
vn -0.9097578525543213 0.4151352643966675 -0.0018459444399923086
vn 0.8880060315132141 -0.45940595865249634 -0.01978795975446701
vn 0.8502088189125061 -0.5258029103279114 0.02600654773414135
vn -0.9238411784172058 0.3811679184436798 -0.035050053149461746
vn 0.7972368597984314 -0.5828843116760254 0.15703310072422028
vn -0.7735639810562134 0.6128326654434204 -0.16135363280773163
vn 0.6746007800102234 -0.6909492015838623 0.25981348752975464
vn 0.44446584582328796 -0.7857850193977356 0.4301069676876068
vn -0.7561708688735962 0.6196496486663818 -0.21033287048339844
vn -0.7918272614479065 0.5831213593482971 -0.18160106241703033
vn 0.8572924733161926 -0.29071155190467834 0.4248958230018616
vn -0.9789971709251404 0.11465921998023987 -0.16857603192329407
vn 0.871486485004425 -0.2862277328968048 0.39822739362716675
vn -0.9796344637870789 0.08771893382072449 -0.18061509728431702
vn 0.8536796569824219 -0.4906030297279358 0.17475639283657074
vn -0.9316743016242981 0.11286892741918564 -0.34531673789024353
vn -0.7381076216697693 -0.2983570694923401 -0.6051282286643982
vn -0.19901268184185028 0.9136620759963989 -0.3544228971004486
vn 0.3554553985595703 0.8747206926345825 -0.32941633462905884
vn 0.8743445873260498 0.44406092166900635 -0.19578443467617035
vn 0.9997581839561462 0.01867203414440155 0.011618796736001968
vn 0.98941570520401 -0.14319339394569397 0.023500273004174232
vn 0.9832976460456848 -0.181232288479805 0.016753189265727997
vn 0.9983769059181213 0.016935257241129875 0.05437670648097992
vn 0.9801099896430969 0.1839175671339035 0.07455674558877945
vn -0.85658860206604 0.5002698302268982 -0.12643659114837646
vn 0.7853379249572754 -0.590490996837616 0.1859162598848343
vn 0.9344732165336609 -0.3224804401397705 0.15088483691215515
vn 0.8001807332038879 -0.5948793292045593 0.07635094225406647
vn 0.8554258942604065 -0.5161615610122681 0.04270688816905022
vn 0.8019006848335266 -0.583737850189209 0.12730109691619873
vn 0.39171236753463745 -0.7595609426498413 0.5192577838897705
vn -0.9356709718704224 0.28094181418418884 -0.21352185308933258
vn 0.7519957423210144 -0.3666958212852478 0.547756016254425
vn 0.8464680910110474 -0.2214474081993103 0.4842032790184021
vn -0.9471113681793213 0.2575995624065399 -0.19137026369571686
vn 0.574846088886261 -0.7602540850639343 -0.30259838700294495
vn -0.9013300538063049 0.1256619542837143 -0.4145036041736603
vn -0.13212227821350098 -0.6323755979537964 -0.7633118033409119
vn -0.444974422454834 0.8593104481697083 -0.2521575689315796
vn 0.9798163175582886 0.1219898983836174 0.15836182236671448
vn 0.9942834377288818 -0.027566824108362198 0.10315299034118652
vn 0.9575937390327454 -0.17808780074119568 0.2264929562807083
vn 0.8241491913795471 -0.49350258708000183 0.27790895104408264
vn 0.7828388214111328 -0.5550954937934875 0.28112706542015076
vn 0.8557084202766418 -0.4357442557811737 0.27908796072006226
vn 0.8615604043006897 -0.4464344382286072 0.24168168008327484
vn 0.5052222013473511 -0.7939417958259583 0.33824101090431213
vn -0.6916482448577881 0.6926835179328918 -0.20448045432567596
vn 0.41674530506134033 -0.7051552534103394 0.5736545324325562
vn 0.5076881051063538 -0.6167265772819519 0.6015822291374207
vn 0.5945487022399902 -0.5346432328224182 0.6005569100379944
vn 0.6125469207763672 -0.48039108514785767 0.6277027130126953
vn -0.8270093202590942 0.514573872089386 -0.22642752528190613
vn 0.694712221622467 -0.4367132782936096 0.5715387463569641
vn -0.8901755213737488 0.39857444167137146 -0.22073957324028015
vn -0.9650728702545166 0.1803426444530487 -0.1900286227464676
vn -0.9625247120857239 0.12497388571500778 -0.24068184196949005
vn -0.9731944799423218 0.07651928067207336 -0.21688112616539001
vn -0.9732221364974976 0.152115136384964 -0.17233622074127197
vn 0.8960675001144409 -0.3157549202442169 0.31202879548072815
vn 0.8943796157836914 -0.35453417897224426 0.27274659276008606
vn -0.9200200438499451 0.32307159900665283 -0.22178369760513306
vn 0.8274921774864197 -0.56147301197052 -0.00220332108438015
vn -0.8735285997390747 0.23336350917816162 -0.4271877408027649
vn -0.717719316482544 -0.10876963287591934 -0.6877849698066711
vn 0.4187566936016083 -0.5872893333435059 -0.6926284432411194
vn 0.8104280233383179 -0.4490702450275421 -0.37622106075286865
vn -0.25596022605895996 -0.38985496759414673 -0.884588897228241
vn -0.8358168005943298 0.0407065711915493 -0.5474973320960999
vn 0.20157411694526672 -0.5158795714378357 -0.8326081037521362
vn -0.6441053152084351 -0.24969930946826935 -0.7230343222618103
vn 0.8160953521728516 0.4896978437900543 -0.30689504742622375
vn 0.9528997540473938 0.2788470387458801 -0.11927486956119537
vn -0.10772619396448135 0.9403850436210632 -0.3226006031036377
vn -0.36565616726875305 0.8850842118263245 -0.28796112537384033
vn 0.9978269934654236 0.013489317148923874 -0.06449326872825623
vn -0.7090917229652405 0.6754269003868103 -0.2024538666009903
vn 0.9843116998672485 -0.15369635820388794 0.08664809912443161
vn -0.8231297731399536 0.5575964450836182 -0.10744104534387589
vn -0.8758482336997986 0.48173221945762634 -0.02870536781847477
vn 0.9580334424972534 -0.050781168043613434 0.28212273120880127
vn 0.8544241189956665 -0.3371472954750061 0.39533674716949463
vn 0.6975399255752563 -0.5843477249145508 0.41469964385032654
vn 0.6861100196838379 -0.6050832867622375 0.4038901925086975
vn -0.9305400848388672 0.36616024374961853 -0.0046677119098603725
vn 0.774907648563385 -0.488008975982666 0.4017031192779541
vn 0.8412550091743469 -0.3747692406177521 0.38966408371925354
vn 0.8644046783447266 -0.42359817028045654 0.27086737751960754
vn -0.8757191300392151 0.4748110771179199 -0.08758113533258438
vn -0.7598524689674377 0.6074129343032837 -0.23167593777179718
vn 0.6745799779891968 -0.6847972869873047 0.275671124458313
vn -0.6978721022605896 0.6821322441101074 -0.2183348834514618
vn -0.7713941931724548 0.56880122423172 -0.28533539175987244
vn 0.7832109332084656 -0.3679359257221222 0.501202404499054
vn 0.8168503642082214 -0.2685878276824951 0.510505735874176
vn 0.8932377696037292 -0.23039408028125763 0.38606324791908264
vn 0.8897438645362854 -0.382593035697937 0.24895481765270233
vn 0.8957574367523193 -0.4180242419242859 0.15124274790287018
vn -0.888775110244751 0.3844369947910309 -0.24957357347011566
vn -0.9086711406707764 0.19185274839401245 -0.37082257866859436
vn 0.951636552810669 -0.2933696508407593 -0.09122560918331146
vn 0.9175816178321838 -0.2578929662704468 -0.30254802107810974
vn 0.6982057690620422 -0.45197975635528564 -0.5551784634590149
vn 0.37955528497695923 0.8225153684616089 -0.42356380820274353
vn -0.43312352895736694 0.8481525182723999 -0.3050268888473511
vn 0.9823164343833923 -0.18534773588180542 0.026470502838492393
vn -0.7795252203941345 0.6073571443557739 -0.153159499168396
vn 0.9945331811904907 -0.09772670269012451 0.03678783401846886
vn 0.6433326005935669 -0.5824618339538574 0.49685144424438477
vn 0.871351420879364 -0.3643939793109894 0.32857850193977356
vn 0.830853283405304 -0.5111669898033142 0.21998003125190735
vn -0.8310127258300781 0.530921220779419 -0.16595350205898285
vn -0.7306293249130249 0.640940248966217 -0.23532208800315857
vn 0.24725641310214996 -0.8485392332077026 0.46780925989151
vn 0.2744135558605194 -0.8075554966926575 0.5220645666122437
vn -0.7249849438667297 0.621401846408844 -0.2970801889896393
vn -0.8949187397956848 0.3533681631088257 -0.27249109745025635
vn -0.9561725854873657 0.24380363523960114 -0.16215384006500244
vn -0.9036881327629089 0.3574155867099762 -0.23580066859722137
vn -0.8806290626525879 0.03127579763531685 -0.4727729856967926
vn 0.9443845152854919 -0.19953416287899017 -0.2613886892795563
vn 0.8292729258537292 -0.4411938786506653 -0.3430079221725464
vn -0.2163202464580536 -0.5887750387191772 -0.7788129448890686
vn -0.757638156414032 -0.21748477220535278 -0.6153737306594849
vn -0.5441167950630188 -0.436423122882843 -0.7165694832801819
vn -0.13277572393417358 -0.7288025617599487 -0.6717272996902466
vn 0.35447627305984497 -0.6775658130645752 -0.6443999409675598
vn 0.2021917998790741 0.7833138108253479 -0.5878247618675232
vn 0.585165798664093 0.5297336578369141 -0.6139734387397766
vn -0.10936664044857025 0.9003041982650757 -0.42129719257354736
vn 0.9526242613792419 0.07659850269556046 -0.29434633255004883
vn -0.5465669631958008 0.8071015477180481 -0.22327513992786407
vn 0.9231895804405212 -0.19034196436405182 -0.3339027166366577
vn 0.9586823582649231 -0.23774296045303345 -0.15622560679912567
vn -0.6641122698783875 0.7248893976211548 -0.18300339579582214
vn 0.9831449389457703 0.07961952686309814 0.164580836892128
vn -0.894371509552002 0.44219544529914856 0.06754832714796066
vn 0.6626799702644348 -0.5169286131858826 0.5418856739997864
vn 0.7651668190956116 -0.5143671035766602 0.3872288763523102
vn 0.7980815768241882 -0.45923447608947754 0.3900890350341797
vn 0.8282030820846558 -0.361882746219635 0.42792588472366333
vn 0.8461198806762695 -0.3309122920036316 0.4178255796432495
vn 0.45933547616004944 -0.8081513047218323 0.3686494827270508
vn 0.3375468850135803 -0.861102819442749 0.3802158534526825
vn 0.4800456464290619 -0.6842546463012695 0.5489552021026611
vn 0.5173966288566589 -0.6653964519500732 0.5380969643592834
vn -0.685977578163147 0.6755901575088501 -0.27020880579948425
vn 0.6023317575454712 -0.607534646987915 0.5177819132804871
vn 0.7090450525283813 -0.5032486319541931 0.49395951628685
vn -0.8268941640853882 0.47794079780578613 -0.2963421642780304
vn 0.8670485615730286 -0.18590721487998962 0.46223950386047363
vn 0.864534318447113 -0.17550784349441528 0.4709324836730957
vn 0.9111123085021973 -0.25630858540534973 0.32276973128318787
vn -0.9690036177635193 0.10541936010122299 -0.22342516481876373
vn -0.9112405180931091 0.35207489132881165 -0.21373805403709412
vn -0.9126076698303223 0.24957743287086487 -0.3238185942173004
vn 0.9920880794525146 -0.12553061544895172 -0.0018330897437408566
vn 0.9567082524299622 -0.26937711238861084 0.11020597815513611
vn 0.9933620095252991 -0.09638430923223495 -0.06278523802757263
vn -0.3458457589149475 -0.7616896629333496 -0.5479230284690857
vn -0.7423501014709473 -0.40599989891052246 -0.532991886138916
vn 0.2896372377872467 -0.8658469915390015 -0.4079452455043793
vn 0.8267592191696167 0.07287202030420303 -0.557816207408905
vn 0.8914045691490173 -0.07945103198289871 -0.4461900591850281
vn -0.7610008120536804 0.632272481918335 -0.1452905535697937
vn 0.9646400213241577 -0.24944065511226654 -0.08514126390218735
vn -0.8812490105628967 0.4726158380508423 0.005873541813343763
vn 0.9934107065200806 -0.07448285818099976 0.08710641413927078
vn 0.9572319984436035 -0.08420740067958832 0.2767961919307709
vn -0.9041635990142822 0.42471495270729065 0.04588532820343971
vn 0.885049045085907 -0.15718184411525726 0.4381576180458069
vn 0.8443885445594788 -0.45434319972991943 0.28386685252189636
vn 0.7927674651145935 -0.46683454513549805 0.39189961552619934
vn 0.6800956726074219 -0.6308664679527283 0.37346673011779785
vn -0.7105648517608643 0.6460177898406982 -0.27885234355926514
vn 0.2566216289997101 -0.7879087924957275 0.5597723126411438
vn 0.4070759415626526 -0.7199879288673401 0.562055766582489
vn 0.7383986711502075 -0.45961955189704895 0.49347469210624695
vn -0.9415104985237122 0.19887815415859222 -0.2720394432544708
vn -0.9528440237045288 0.0650300681591034 -0.29641100764274597
vn 0.9001443982124329 -0.14441348612308502 0.4109560549259186
vn 0.9081639051437378 -0.2973501980304718 0.2946544587612152
vn 0.9224619269371033 -0.331503689289093 0.1979125738143921
vn -0.8576536178588867 0.45592164993286133 -0.23783564567565918
vn -0.8637507557868958 0.4334728419780731 -0.2569746971130371
vn -0.8638078570365906 0.2862301170825958 -0.4146184027194977
vn -0.9009372591972351 0.12142917513847351 -0.41661369800567627
vn -0.8986193537712097 -0.22250711917877197 -0.3781187832355499
vn -0.558372974395752 -0.7737857103347778 -0.29912441968917847
vn -0.09786894917488098 -0.9648813605308533 -0.24377374351024628
vn -0.14823216199874878 0.8252394795417786 -0.5449835658073425
vn 0.8227078914642334 -0.18473635613918304 -0.5376098155975342
vn 0.892535924911499 -0.33657434582710266 -0.300162136554718
vn -0.8297257423400879 0.5540434718132019 -0.06775759905576706
vn -0.9037396907806396 0.42285051941871643 0.06672435253858566
vn 0.807165801525116 -0.3744002878665924 0.45640745759010315
vn 0.7153465151786804 -0.49443385004997253 0.4937758147716522
vn 0.827585756778717 -0.5124765038490295 0.22906281054019928
vn 0.7983975410461426 -0.5148760676383972 0.3121924102306366
vn -0.8830247521400452 0.4590417742729187 -0.09771434962749481
vn 0.8525217771530151 -0.30913814902305603 0.4214739501476288
vn -0.7998781800270081 0.5757203698158264 -0.1695319265127182
vn 0.24382227659225464 -0.8765847682952881 0.4149095118045807
vn 0.1184745579957962 -0.8466723561286926 0.5187578797340393
vn -0.6546272039413452 0.7041440606117249 -0.2750352621078491
vn 0.5029866695404053 -0.686058759689331 0.5256689786911011
vn 0.651812732219696 -0.5761249661445618 0.49317359924316406
vn -0.8965460062026978 0.290493369102478 -0.33439338207244873
vn -0.9407567977905273 0.13450752198696136 -0.3112625777721405
vn -0.9433649778366089 0.0662151575088501 -0.3250817358493805
vn -0.9369943141937256 0.19816908240318298 -0.2876989245414734
vn 0.9270943999290466 -0.26856353878974915 0.26147574186325073
vn 0.9857668280601501 -0.06735306978225708 0.15403713285923004
vn -0.7913118004798889 0.4577349126338959 -0.40534475445747375
vn 0.9671075940132141 -0.1205132007598877 0.2240080088376999
vn 0.9160202145576477 -0.3983079195022583 0.04751616343855858
vn -0.7612131237983704 -0.5999342799186707 -0.24623839557170868
vn 0.7111040949821472 -0.6776037216186523 -0.18757465481758118
vn 0.4847767651081085 -0.874611496925354 -0.00680410536006093
vn 0.2761092483997345 0.6125943660736084 -0.740602433681488
vn -0.13322462141513824 0.7202801704406738 -0.6807699799537659
vn 0.3676406443119049 0.4506416916847229 -0.8134878873825073
vn 0.6533663868904114 0.2531081736087799 -0.7134764194488525
vn -0.4297579228878021 0.8079889416694641 -0.40306591987609863
vn -0.49224531650543213 0.7577374577522278 -0.4284024238586426
vn -0.5581084489822388 0.7862616181373596 -0.26515594124794006
vn 0.7894726991653442 -0.22540634870529175 -0.5708983540534973
vn 0.835889995098114 -0.03375234454870224 -0.5478582978248596
vn 0.8007845878601074 -0.36669036746025085 -0.47358444333076477
vn 0.950321614742279 -0.2868773341178894 0.12079044431447983
vn 0.8537000417709351 -0.48994866013526917 0.1764841228723526
vn 0.8129929304122925 -0.4937410056591034 0.3086460530757904
vn -0.878103494644165 0.4663865268230438 0.10685461759567261
vn 0.8260679244995117 -0.4930127263069153 0.2730390131473541
vn -0.8819884657859802 0.47106650471687317 0.013884221203625202
vn 0.8651671409606934 -0.4829796254634857 0.13496898114681244
vn 0.8410561084747314 -0.46451303362846375 0.2772223949432373
vn 0.8967199325561523 -0.35966956615448 0.25793638825416565
vn 0.802097737789154 -0.46094393730163574 0.37969717383384705
vn -0.7111237645149231 0.6338362693786621 -0.3042278289794922
vn 0.3036562502384186 -0.7672384977340698 0.5649230480194092
vn 0.5860209465026855 -0.6521936058998108 0.4808565378189087
vn -0.7505075931549072 0.5387829542160034 -0.38268956542015076
vn -0.6823928356170654 0.6268825531005859 -0.37597665190696716
vn 0.6875678896903992 -0.5225827097892761 0.5041406154632568
vn -0.8341230750083923 0.42560720443725586 -0.3508521318435669
vn 0.8393528461456299 -0.2791740298271179 0.4664212167263031
vn 0.782584547996521 -0.3993258774280548 0.47759848833084106
vn 0.8710178136825562 -0.18689173460006714 0.45431211590766907
vn -0.9028853178024292 0.21094413101673126 -0.3745673894882202
vn 0.9078152179718018 -0.12803328037261963 0.39934834837913513
vn 0.9148892164230347 -0.1548844277858734 0.37281158566474915
vn -0.9351925849914551 0.03385961428284645 -0.35251736640930176
vn 0.9583836197853088 -0.21149125695228577 0.19176125526428223
vn -0.38974905014038086 -0.9198132157325745 -0.04515999183058739
vn -0.6004171967506409 -0.7916054725646973 -0.11340174078941345
vn 0.00365615077316761 -0.9885306358337402 0.1509762406349182
vn -0.3917640149593353 0.7270523309707642 -0.5638402700424194
vn -0.13124029338359833 0.6780965924263 -0.7231605052947998
vn 0.7442001700401306 0.12639984488487244 -0.6558881402015686
vn -0.6486411094665527 0.7375090718269348 -0.18800315260887146
vn 0.8955093026161194 -0.20920078456401825 -0.39280810952186584
vn 0.8105416893959045 -0.40858644247055054 -0.41961807012557983
vn 0.7932007312774658 -0.49191179871559143 -0.3589644432067871
vn 0.8805374503135681 -0.3931103050708771 -0.26479822397232056
vn 0.8644363880157471 -0.5001971125602722 0.05052341893315315
vn 0.8481870293617249 -0.5210843086242676 0.09513108432292938
vn 0.908279299736023 -0.35372957587242126 0.22339250147342682
vn 0.7878825664520264 -0.5580748319625854 0.2603718638420105
vn 0.5618780255317688 -0.7446898818016052 0.36018073558807373
vn 0.247491255402565 -0.855922520160675 0.45403173565864563
vn 0.08388202637434006 -0.8445602655410767 0.5288494229316711
vn -0.6651996374130249 0.6550803780555725 -0.35830026865005493
vn -0.6543249487876892 0.6761904358863831 -0.33856359124183655
vn 0.6253248453140259 -0.6449019908905029 0.4393976628780365
vn 0.9184218049049377 -0.2108834683895111 0.3347081243991852
vn -0.9164924025535583 0.11486966162919998 -0.3832058608531952
vn -0.8927409052848816 0.29921549558639526 -0.3368736505508423
vn -0.7928303480148315 0.44659724831581116 -0.4146938920021057
vn -0.7883244752883911 0.5115563869476318 -0.3418399393558502
vn -0.8304670453071594 0.3095858097076416 -0.46312105655670166
vn -0.9406489133834839 -0.11215079575777054 -0.32031527161598206
vn 0.9758004546165466 -0.112128846347332 0.1877249926328659
vn 0.7853881120681763 -0.5232376456260681 0.3307384252548218
vn 0.4259844124317169 -0.8370020985603333 0.3434600234031677
vn -0.53392094373703 -0.8453472256660461 0.017792437225580215
vn 0.6666818261146545 0.24077048897743225 -0.7053828835487366
vn 0.31718331575393677 0.519508421421051 -0.7934140563011169
vn 0.894727885723114 -0.030722299590706825 -0.44555383920669556
vn 0.9035713076591492 -0.1891452670097351 -0.384425550699234
vn -0.6057995557785034 0.7577587962150574 -0.24250493943691254
vn -0.7822757363319397 0.6158256530761719 -0.09382737427949905
vn 0.9239139556884766 -0.35969114303588867 -0.13040432333946228
vn 0.8534234166145325 -0.5079512596130371 -0.11685068905353546
vn -0.9032294154167175 0.4018552601337433 0.15062882006168365
vn -0.8524169921875 0.516604483127594 0.08065438270568848
vn 0.8301613926887512 -0.5575188398361206 0.0021921489387750626
vn -0.7180707454681396 0.6590278744697571 -0.22373352944850922
vn -0.6428239345550537 0.7103095650672913 -0.28677135705947876
vn 0.6682750582695007 -0.7018887996673584 0.24649673700332642
vn 0.035981278866529465 -0.886749267578125 0.46084821224212646
vn 0.7112863659858704 -0.5345091819763184 0.45647746324539185
vn -0.8251549005508423 0.28381815552711487 -0.48843294382095337
vn 0.9081144332885742 -0.12026271969079971 0.40107983350753784
vn -0.9237511157989502 0.09186378866434097 -0.3718130886554718
vn -0.9355940222740173 0.10455895215272903 -0.3372408151626587
vn 0.9721275568008423 -0.13263995945453644 0.19332535564899445
vn -0.8611844182014465 0.13041700422763824 -0.49127674102783203
vn -0.9078990817070007 -0.19576650857925415 -0.3706681728363037
vn 0.883542001247406 -0.36271220445632935 0.296299546957016
vn -0.768439531326294 -0.6302998661994934 -0.1105571836233139
vn 0.579206109046936 -0.7368459105491638 0.34868109226226807
vn -0.25997644662857056 -0.9474079012870789 0.18662963807582855
vn -0.228610098361969 0.8090601563453674 -0.5414417386054993
vn 0.05261026322841644 0.9058285355567932 -0.42036521434783936
vn 0.3493569791316986 0.6861653923988342 -0.6380648016929626
vn 0.8346042633056641 0.2543180584907532 -0.4886287748813629
vn -0.4968840777873993 0.7253485918045044 -0.47641968727111816
vn 0.8654999732971191 0.07111942768096924 -0.4958345592021942
vn -0.5889354944229126 0.7187132835388184 -0.3696027994155884
vn -0.6140891313552856 0.7464304566383362 -0.256390780210495
vn 0.8781909942626953 -0.30820488929748535 -0.36577367782592773
vn 0.7878793478012085 -0.4979175329208374 -0.3623870611190796
vn 0.7645179033279419 -0.4743261933326721 -0.4364941418170929
vn -0.900225818157196 0.4351542592048645 0.015305986627936363
vn -0.9290386438369751 0.352626770734787 0.11198949068784714
vn 0.8286330699920654 -0.44861871004104614 -0.33482620120048523
vn 0.8445167541503906 -0.5144537687301636 -0.14875756204128265
vn 0.8539642095565796 -0.5132789611816406 -0.08538135886192322
vn 0.8145233392715454 -0.5769651532173157 -0.060522984713315964
vn -0.8300014138221741 0.5553911924362183 -0.051364537328481674
vn 0.9226527214050293 -0.3834607005119324 0.04086482152342796
vn 0.8613893985748291 -0.49638038873672485 0.10777226090431213
vn 0.06753937155008316 -0.89664226770401 0.4375741481781006
vn 0.2521496117115021 -0.8585453629493713 0.44645318388938904
vn 0.2284499853849411 -0.8828458786010742 0.41035813093185425
vn -0.6487480401992798 0.6764228940010071 -0.3486804664134979
vn 0.4531583786010742 -0.7454359531402588 0.4888484477996826
vn 0.5616270899772644 -0.6912577748298645 0.45468422770500183
vn -0.6298895478248596 0.6596670746803284 -0.4099738597869873
vn 0.851780116558075 -0.28878507018089294 0.4371199905872345
vn 0.785118579864502 -0.42775794863700867 0.44789737462997437
vn 0.9021493792533875 -0.16755595803260803 0.39755702018737793
vn -0.849459171295166 0.1955917924642563 -0.4900643229484558
vn -0.9044637680053711 0.12168937921524048 -0.40882396697998047
vn 0.9411551356315613 -0.15204736590385437 0.30184221267700195
vn -0.8622713088989258 0.24657049775123596 -0.4423700273036957
vn 0.9754090309143066 -0.10215545445680618 0.19529853761196136
vn -0.6705141067504883 0.5653325319290161 -0.48042693734169006
vn -0.6484929919242859 0.5289408564567566 -0.5474290251731873
vn 0.9376832246780396 -0.3050156831741333 0.16648003458976746
vn -0.8089603781700134 -0.5630648732185364 -0.16894081234931946
vn 0.16642697155475616 -0.9337324500083923 0.31693193316459656
vn 0.9698242545127869 0.03942802548408508 -0.24059604108333588
vn 0.9376382827758789 -0.14114098250865936 -0.31766924262046814
vn 0.790552020072937 -0.39870262145996094 -0.4648265540599823
vn -0.8662858009338379 0.47403520345687866 0.15760603547096252
vn -0.8161002397537231 0.5763091444969177 0.042991090565919876
vn 0.8865965008735657 -0.45576003193855286 -0.07892744988203049
vn -0.7634698152542114 0.6410946846008301 -0.07817575335502625
vn -0.7013611197471619 0.700758695602417 -0.13049836456775665
vn 0.8834275603294373 -0.4675993323326111 -0.030109357088804245
vn 0.6063942909240723 -0.771468460559845 0.19267158210277557
vn -0.6237203478813171 0.6720503568649292 -0.39915066957473755
vn -0.7862892746925354 0.41350284218788147 -0.45909106731414795
vn 0.7919220924377441 -0.46693527698516846 0.39348554611206055
vn -0.8936613202095032 0.0828985720872879 -0.44101858139038086
vn 0.9118392467498779 -0.10993161052465439 0.39555561542510986
vn -0.8898248672485352 0.11313039064407349 -0.44205570220947266
vn -0.741123616695404 0.3415036201477051 -0.5780234336853027
vn -0.5266751050949097 -0.846957802772522 0.07263549417257309
vn 0.4658653140068054 -0.8735983967781067 0.14069612324237823
vn 0.8284077644348145 -0.5301187038421631 0.18087229132652283
vn -0.1147075816988945 -0.9788591265678406 0.16934294998645782
vn -0.11150811612606049 0.9645066857337952 -0.2393593043088913
vn 0.5986694693565369 0.7093943357467651 -0.37196043133735657
vn -0.2671690881252289 0.9197385311126709 -0.28757917881011963
vn -0.563746988773346 0.7907927632331848 -0.23840340971946716
vn 0.9686558246612549 0.2068772315979004 -0.137505441904068
vn 0.7107373476028442 -0.4081679582595825 -0.5729323029518127
vn 0.7134197354316711 -0.48609158396720886 -0.5047250390052795
vn 0.7100737690925598 -0.5977181792259216 -0.372193843126297
vn 0.7690701484680176 -0.5731462836265564 -0.2829037606716156
vn -0.8403053879737854 0.5258388519287109 0.13183468580245972
vn 0.8238734006881714 -0.5185166001319885 -0.22885183990001678
vn 0.7874236106872559 -0.5922982096672058 -0.17072491347789764
vn -0.6507686972618103 0.7350858449935913 -0.19012871384620667
vn 0.3550894260406494 -0.8829435706138611 0.3071192502975464
vn 0.41360270977020264 -0.8171771764755249 0.40144026279449463
vn 0.6017157435417175 -0.6841538548469543 0.41215500235557556
vn -0.6469603180885315 0.6415071487426758 -0.41220247745513916
vn -0.6950781941413879 0.5957833528518677 -0.4023786187171936
vn -0.7343500256538391 0.5218828916549683 -0.434014230966568
vn 0.7994029521942139 -0.5008452534675598 0.3318268656730652
vn -0.7917442917823792 0.3923376798629761 -0.46820104122161865
vn -0.838911235332489 0.21949084103107452 -0.49804794788360596
vn 0.8338571786880493 -0.4308779239654541 0.34500226378440857
vn -0.8669648766517639 0.11080768704414368 -0.48589465022087097
vn -0.8824610710144043 0.06709408760070801 -0.46557578444480896
vn 0.8900648355484009 -0.11973606050014496 0.4398271441459656
vn -0.7469049096107483 0.38765719532966614 -0.5402359962463379
vn -0.6505240201950073 0.5107176899909973 -0.5621263384819031
vn 0.9570916295051575 -0.06896592676639557 0.28145933151245117
vn -0.7784267663955688 0.34043318033218384 -0.5274059772491455
vn -0.9182372093200684 -0.038603175431489944 -0.3941449820995331
vn -0.87744140625 -0.47359004616737366 -0.07621821016073227
vn 0.9455199241638184 -0.23580604791641235 0.22447198629379272
vn -0.6679004430770874 -0.7422578930854797 0.054426517337560654
vn 0.13262349367141724 -0.9541345834732056 0.2683993875980377
vn -0.45364758372306824 0.8765307068824768 -0.16092810034751892
vn 0.9959409236907959 0.08999484032392502 -0.0016384189948439598
vn -0.6412887573242188 0.7470550537109375 -0.17509308457374573
vn 0.9963868260383606 -0.04732392355799675 -0.07052537798881531
vn -0.762611985206604 0.639935314655304 -0.0943707749247551
vn 0.9427595734596252 -0.18670174479484558 -0.27630937099456787
vn -0.8728064894676208 0.48806464672088623 -0.0013150559971109033
vn 0.8668605089187622 -0.1887940764427185 -0.4614213705062866
vn 0.7902783751487732 -0.28800567984580994 -0.5408446192741394
vn -0.9585450291633606 0.26968634128570557 0.09198199957609177
vn -0.9251088500022888 0.3322238326072693 0.18385028839111328
vn 0.6885637044906616 -0.4897405803203583 -0.5348216891288757
vn 0.685432493686676 -0.640709400177002 -0.34593909978866577
vn 0.8052695393562317 -0.5669817924499512 -0.1734147071838379
vn -0.7647114396095276 0.6443653702735901 -0.0031194596085697412
vn 0.8645502328872681 -0.49319642782211304 -0.09648919850587845
vn 0.6661553382873535 -0.7418270707130432 0.07700425386428833
vn 0.051192622631788254 -0.9051990509033203 0.42189332842826843
vn 0.1970190554857254 -0.8954648375511169 0.39915695786476135
vn -0.6118077039718628 0.709313154220581 -0.350094735622406
vn 0.26819270849227905 -0.8857448697090149 0.37885189056396484
vn 0.5674788951873779 -0.7256134152412415 0.38916951417922974
vn -0.6077303290367126 0.6959089040756226 -0.3825894892215729
vn -0.7551590800285339 0.5107706189155579 -0.4109114110469818
vn -0.8529306650161743 0.08981215208768845 -0.5142402648925781
vn 0.8957317471504211 -0.1528932899236679 0.4174785017967224
vn -0.6253886818885803 0.5046246647834778 -0.5951830744743347
vn 0.6295651197433472 -0.6635046601295471 0.404239296913147
vn -0.4107038676738739 -0.8781805038452148 0.2451966255903244
vn -0.6241887807846069 -0.7318183779716492 0.27355143427848816
vn -0.1963503062725067 -0.879194974899292 0.43412306904792786
vn 0.4424217641353607 0.8871864080429077 -0.13100869953632355
vn 0.9152936339378357 0.4009479880332947 -0.03844870254397392
vn 0.9901785850524902 0.13481953740119934 0.03701562061905861
vn 0.9832605719566345 0.04403333738446236 0.17680437862873077
vn -0.6188156008720398 0.7684274911880493 -0.1630534678697586
vn 0.9882329702377319 0.06737329810857773 0.1373191475868225
vn 0.9706246256828308 -0.05457615852355957 -0.23432733118534088
vn 0.7900972962379456 -0.3097435235977173 -0.5289661288261414
vn -0.8993797302246094 0.39255091547966003 0.19240564107894897
vn -0.8119495511054993 0.5753360986709595 0.09862230718135834
vn -0.7506303191184998 0.6594216823577881 0.04143916070461273
vn 0.8389033079147339 -0.5106580853462219 -0.18833403289318085
vn 0.7633403539657593 -0.6459321975708008 -0.009121197275817394
vn -0.5661202669143677 0.8024259805679321 -0.18873384594917297
vn 0.02669060043990612 -0.936715304851532 0.349073201417923
vn 0.6658362150192261 -0.6636404395103455 0.3409450054168701
vn 0.7204703688621521 -0.6071599721908569 0.33508092164993286
vn 0.8871052265167236 -0.2895684540271759 0.3594363331794739
vn 0.9081927537918091 -0.14819641411304474 0.3914380967617035
vn -0.8194357752799988 0.2404259294271469 -0.5203080773353577
vn -0.6430981755256653 0.43791767954826355 -0.6282140016555786
vn 0.9324933290481567 -0.045897819101810455 0.3582592308521271
vn -0.9308828711509705 0.05393156409263611 -0.36131489276885986
vn -0.9505308270454407 -0.26383304595947266 -0.16396133601665497
vn 0.9361931085586548 -0.11148963123559952 0.33333542943000793
vn -0.8539843559265137 -0.5166252255439758 0.06171904876828194
vn -0.6690402030944824 -0.6813712120056152 0.2968476712703705
vn -0.37213268876075745 -0.7892283797264099 0.48850372433662415
vn -0.5722313523292542 0.8138506412506104 -0.10098707675933838
vn 0.9961096048355103 0.0007930629653856158 0.08811964839696884
vn 0.9487329125404358 -0.25975337624549866 -0.18009459972381592
vn -0.9648944139480591 0.21387122571468353 0.15243977308273315
vn 0.7815189361572266 -0.507780909538269 -0.3624732494354248
vn 0.7003735899925232 -0.6087676882743835 -0.3726644814014435
vn -0.8730707764625549 0.4507262408733368 0.18599264323711395
vn 0.6844648122787476 -0.67564857006073 -0.27387410402297974
vn 0.7002232074737549 -0.6533358097076416 -0.2878192067146301
vn 0.8046914339065552 -0.5619339346885681 -0.19157738983631134
vn 0.801922619342804 -0.5772916674613953 -0.15380021929740906
vn 0.7709783315658569 -0.6049594879150391 -0.19903890788555145
vn -0.690822958946228 0.7219144701957703 -0.04004064202308655
vn -0.6058194637298584 0.7860267162322998 -0.12306447327136993
vn 0.24255326390266418 -0.9450444579124451 0.2192235141992569
vn 0.026420578360557556 -0.9204317927360535 0.3900093138217926
vn 0.20082134008407593 -0.8925741910934448 0.4037105143070221
vn 0.5019409656524658 -0.8045031428337097 0.31753748655319214
vn -0.7276245951652527 0.5689324736595154 -0.3832470178604126
vn 0.809970498085022 -0.5053066611289978 0.29767945408821106
vn -0.7781116962432861 0.4928493797779083 -0.38941216468811035
vn 0.8324053287506104 -0.4409937560558319 0.3355978727340698
vn -0.856765866279602 0.2631829082965851 -0.4434940814971924
vn -0.8612979054450989 0.17212693393230438 -0.4780566692352295
vn -0.7921301126480103 0.05466437339782715 -0.6078993678092957
vn 0.8781266212463379 -0.08653164654970169 0.47053802013397217
vn 0.8746485114097595 -0.16448983550071716 0.4559967815876007
vn -0.7916832566261292 0.05967095494270325 -0.6080107688903809
vn 0.8964765667915344 -0.03797581046819687 0.4414607584476471
vn -0.5992900133132935 0.4880390167236328 -0.6345623731613159
vn -0.5552663803100586 0.42665761709213257 -0.7138925790786743
vn -0.7315425276756287 0.34168604016304016 -0.5899967551231384
vn -0.7860686779022217 0.34465229511260986 -0.5131382346153259
vn -0.9043123722076416 0.08926127851009369 -0.4174344837665558
vn 0.748636782169342 -0.36117565631866455 0.5559633374214172
vn -0.4451308250427246 -0.7438486814498901 0.49854564666748047
vn -0.7872759699821472 -0.5981265902519226 0.1498042643070221
vn 0.3813405930995941 -0.6337185502052307 0.6730380058288574
vn 0.0564580000936985 -0.7998032569885254 0.5976013541221619
vn 0.7348592877388 0.672278106212616 0.08957669138908386
vn 0.08160533756017685 0.9966331124305725 0.007938355207443237
vn -0.37455496191978455 0.924723744392395 -0.06778410077095032
vn 0.9699527621269226 0.1904519945383072 0.1513923555612564
vn -0.6220289468765259 0.7793141007423401 -0.07582622021436691
vn 0.9496439695358276 0.05520392581820488 0.3084297180175781
vn -0.7025433778762817 0.709591269493103 -0.05397234484553337
vn 0.9959057569503784 0.05925118923187256 0.06827184557914734
vn -0.9538711905479431 0.2891535758972168 0.08074596524238586
vn 0.801209032535553 -0.5874348282814026 -0.11394917219877243
vn 0.7503543496131897 -0.6174244284629822 -0.23612600564956665
vn 0.7940982580184937 -0.5967269539833069 -0.1154334619641304
vn 0.5072958469390869 -0.8531109094619751 0.12187226861715317
vn -0.12829135358333588 -0.9303735494613647 0.3434333801269531
vn 0.3440777659416199 -0.8717236518859863 0.3488674461841583
vn -0.5609214305877686 0.78548264503479 -0.26150378584861755
vn -0.6094728112220764 0.7312955260276794 -0.3061860203742981
vn -0.6743175983428955 0.6483522653579712 -0.3534615933895111
vn 0.7996925115585327 -0.538303017616272 0.2659355700016022
vn -0.8319035768508911 0.3674011826515198 -0.4158760607242584
vn 0.8916462659835815 -0.19181331992149353 0.41009101271629333
vn -0.6131070852279663 0.2560601234436035 -0.7473506331443787
vn 0.9343039989471436 -0.02524528093636036 0.35558226704597473
vn -0.9230918884277344 -0.38076531887054443 -0.05402877554297447
vn -0.9380971193313599 -0.3288123607635498 -0.10888680815696716
vn 0.8808380961418152 -0.1535341441631317 0.4478297829627991
vn 0.7239142656326294 -0.3333365321159363 0.6040156483650208
vn 0.3375636041164398 -0.607725977897644 0.7188324332237244
vn -0.07308954745531082 -0.7322708964347839 0.677079975605011
vn -0.23013544082641602 -0.7631239295005798 0.6038870811462402
vn 0.9578527212142944 -0.051758620887994766 0.28255853056907654
vn 0.9463935494422913 0.10106536746025085 0.30679818987846375
vn 0.940604567527771 0.0907525047659874 0.32714998722076416
vn 0.9626891613006592 -0.1263716220855713 0.23929032683372498
vn 0.8679183721542358 -0.4707861840724945 0.15836068987846375
vn -0.9248489737510681 0.3309885859489441 0.18735259771347046
vn 0.7814101576805115 -0.6181305050849915 0.08551592379808426
vn 0.7473198771476746 -0.6582845449447632 -0.09041286259889603
vn -0.8381666541099548 0.5200108289718628 0.1645156890153885
vn 0.7214232087135315 -0.6924033761024475 -0.01123060192912817
vn 0.2167954295873642 -0.9344754219055176 0.2824101150035858
vn -0.045686814934015274 -0.9313244223594666 0.36131376028060913
vn -0.08066757768392563 -0.9083779454231262 0.4102952778339386
vn -0.5073118209838867 0.8478680849075317 -0.15412510931491852
vn 0.6059153079986572 -0.7353125810623169 0.30361512303352356
vn 0.7717850208282471 -0.5875726342201233 0.24311810731887817
vn 0.7976858615875244 -0.5554153919219971 0.23497049510478973
vn 0.8157253265380859 -0.5004974603652954 0.28999072313308716
vn 0.8608382344245911 -0.40357619524002075 0.30997389554977417
vn 0.9057539701461792 -0.29404687881469727 0.3051985204219818
vn -0.8425452709197998 0.2670879065990448 -0.4677408039569855
vn 0.9005264639854431 -0.21236902475357056 0.3794093430042267
vn -0.8034575581550598 0.14010298252105713 -0.5786425471305847
vn -0.7225744128227234 0.1539774090051651 -0.6739267110824585
vn -0.636931300163269 0.0429287850856781 -0.769724428653717
vn -0.5319929122924805 0.06560439616441727 -0.8442035913467407
vn 0.9253014922142029 0.04405251890420914 0.37666505575180054
vn -0.9427807927131653 -0.16789083182811737 -0.2880576550960541
vn -0.4258648157119751 -0.7742966413497925 0.46808531880378723
vn -0.6563085317611694 -0.6900590062141418 0.30508655309677124
vn 0.18133896589279175 0.963594377040863 0.19647441804409027
vn -0.8015298843383789 0.596767783164978 0.037658561021089554
vn 0.9215195178985596 0.08508909493684769 0.37889525294303894
vn 0.8930295705795288 -0.32654184103012085 0.30962690711021423
vn -0.9745453596115112 0.16814236342906952 0.14828863739967346
vn 0.8212409019470215 -0.5318529605865479 0.2066294550895691
vn 0.7251561880111694 -0.6824921369552612 -0.09139490127563477
vn 0.7581102252006531 -0.6493444442749023 -0.0601724348962307
vn 0.7966930270195007 -0.6041656732559204 0.016249530017375946
vn 0.8210756778717041 -0.5708165168762207 0.0018060974543914199
vn -0.673933744430542 0.7387664318084717 0.00612571882084012
vn 0.828019917011261 -0.5528579354286194 -0.09344049543142319
vn -0.6329926252365112 0.771256148815155 -0.06696589291095734
vn -0.5303451418876648 0.8412380218505859 -0.10513214766979218
vn 0.4699975550174713 -0.8643832802772522 0.17872866988182068
vn 0.2656121551990509 -0.902739405632019 0.3383958339691162
vn -0.8257859349250793 0.3412553668022156 -0.44902393221855164
vn -0.8313353657722473 0.20526023209095 -0.5164782404899597
vn -0.790375828742981 0.23790375888347626 -0.5645421743392944
vn -0.6266884207725525 0.16098260879516602 -0.7624606490135193
vn -0.7274693846702576 0.26258087158203125 -0.633908212184906
vn -0.5054374933242798 0.09374890476465225 -0.8577553033828735
vn 0.898391604423523 -0.0844704881310463 0.43099573254585266
vn 0.9256988167762756 0.02832779660820961 0.37719929218292236
vn -0.47845321893692017 0.20725984871387482 -0.8533029556274414
vn -0.6293228268623352 0.16161106526851654 -0.7601544260978699
vn -0.6701256036758423 0.2633877098560333 -0.6939442753791809
vn -0.8215423226356506 0.11095775663852692 -0.5592464804649353
vn -0.8432596921920776 -0.5374907851219177 0.004106053151190281
vn -0.7068530321121216 -0.6784154772758484 0.2002778798341751
vn 0.6785932183265686 -0.39797353744506836 0.6173559427261353
vn 0.35244250297546387 -0.581899881362915 0.7329235672950745
vn -0.36580491065979004 -0.8171828389167786 0.44541996717453003
vn 0.07502241432666779 -0.7232779264450073 0.6864697933197021
vn -0.306951642036438 0.9505485892295837 0.047307662665843964
vn -0.5343512892723083 0.8452361822128296 0.0066755712032318115
vn 0.9573250412940979 -0.007163073401898146 0.2889246940612793
vn -0.7237613201141357 0.6882797479629517 0.049402326345443726
vn -0.9033580422401428 0.40846213698387146 0.13077837228775024
vn -0.9725532531738281 0.18950895965099335 0.13500575721263885
vn 0.9143476486206055 0.004696521908044815 0.40490299463272095
vn 0.9108636975288391 -0.13431759178638458 0.390238493680954
vn 0.7412829995155334 -0.6645364761352539 0.09429137408733368
vn 0.7422150373458862 -0.6654657125473022 0.07919787615537643
vn -0.8070687055587769 0.5794855952262878 0.11329826712608337
vn -0.7691377401351929 0.6373617053031921 0.04687504097819328
vn 0.8244538903236389 -0.558171272277832 0.09338424354791641
vn 0.8642078638076782 -0.5030225515365601 -0.010638282634317875
vn 0.7788509130477905 -0.6127541065216064 -0.1338794082403183
vn 0.6006124019622803 -0.7994197010993958 -0.013890133239328861
vn 0.16338951885700226 -0.9257354736328125 0.34105387330055237
vn 0.3918251097202301 -0.8788848519325256 0.27209287881851196
vn 0.474300742149353 -0.8529239296913147 0.21808187663555145
vn 0.5539166927337646 -0.8039836883544922 0.21630200743675232
vn -0.5912559032440186 0.7758446931838989 -0.22018513083457947
vn 0.7066625356674194 -0.6676889061927795 0.23413591086864471
vn -0.6479093432426453 0.7111955285072327 -0.27279019355773926
vn -0.704372227191925 0.6346851587295532 -0.3178592324256897
vn 0.8022119402885437 -0.5613486766815186 0.2033316195011139
vn 0.9161756038665771 -0.24337103962898254 0.3184225261211395
vn 0.9212594032287598 -0.14878351986408234 0.3593670129776001
vn -0.729162335395813 0.23128990828990936 -0.6440708637237549
vn -0.6393663883209229 0.16358782351016998 -0.751298725605011
vn -0.7997516989707947 0.10541549324989319 -0.5910031795501709
vn -0.901410698890686 -0.10250304639339447 -0.42065662145614624
vn 0.8713273406028748 -0.15981680154800415 0.46394750475883484
vn 0.7094427943229675 -0.40998291969299316 0.5732407569885254
vn -0.9050888419151306 -0.4040643870830536 -0.13246197998523712
vn 0.3174380660057068 -0.6857534646987915 0.6549621224403381
vn -0.02244611456990242 -0.8093822002410889 0.5868532061576843
vn 0.793002188205719 0.4994302988052368 0.34887948632240295
vn 0.8714772462844849 -0.2662699818611145 0.4118589162826538
vn 0.8387213945388794 -0.4231093227863312 0.34281906485557556
vn 0.7749390006065369 -0.5569159984588623 0.298854798078537
vn 0.7465826272964478 -0.620816171169281 0.23916871845722198
vn 0.7822930216789246 -0.593837320804596 0.18808212876319885
vn 0.864579975605011 -0.49363693594932556 0.09393646568059921
vn -0.6216524243354797 0.7829990386962891 -0.02146531268954277
vn 0.8565601706504822 -0.5136048197746277 -0.05014752596616745
vn 0.7249987721443176 -0.6883260607719421 -0.02416931465268135
vn -0.1264117807149887 -0.9254504442214966 0.35715773701667786
vn 0.14685115218162537 -0.9249157905578613 0.3506643772125244
vn 0.6379916071891785 -0.7439729571342468 0.19867298007011414
vn -0.741221010684967 0.5718277096748352 -0.35157421231269836
vn 0.905923068523407 -0.3673265874385834 0.21065296232700348
vn 0.93168705701828 -0.279815673828125 0.23165176808834076
vn -0.7616636157035828 0.31248846650123596 -0.5676438808441162
vn 0.9424522519111633 0.02700505405664444 0.33324846625328064
vn -0.9359009861946106 -0.2602955102920532 -0.2373514324426651
vn 0.5309134721755981 -0.585240364074707 0.6128823161125183
vn -0.1807849258184433 -0.8442973494529724 0.5044589638710022
vn -0.3488321602344513 0.9238345623016357 0.15762560069561005
vn -0.6172913908958435 0.7849219441413879 0.05337458848953247
vn 0.939114511013031 -0.08506210148334503 0.3329090476036072
vn 0.9460755586624146 -0.07127023488283157 0.31600886583328247
vn -0.8123646974563599 0.5706099271774292 0.1202826201915741
vn -0.972958505153656 0.2080492079257965 0.10033632069826126
vn 0.8893163204193115 -0.09584244340658188 0.44713613390922546
vn -0.8946544528007507 0.4258059561252594 0.13521355390548706
vn 0.3920691907405853 -0.9152882695198059 0.09235378354787827
vn -0.5719207525253296 0.8166955709457397 -0.07690966874361038
vn 0.15963351726531982 -0.9690760970115662 0.1881718635559082
vn 0.03723973408341408 -0.944490909576416 0.32642024755477905
vn -0.08618912845849991 -0.9309130907058716 0.3549257814884186
vn 0.5162408351898193 -0.8438567519187927 0.14629152417182922
vn 0.5919005274772644 -0.7982180714607239 0.11181140691041946
vn 0.8029341101646423 -0.5735816359519958 0.16217562556266785
vn -0.8026930093765259 0.4334080219268799 -0.4096846282482147
vn 0.8654394149780273 -0.46131640672683716 0.19545306265354156
vn 0.9135087728500366 -0.3049454092979431 0.2692769765853882
vn -0.7969686985015869 0.3169412612915039 -0.5141878724098206
vn 0.9226247668266296 -0.23870821297168732 0.30295538902282715
vn -0.7018862366676331 0.3029711842536926 -0.6446427702903748
vn -0.7500409483909607 0.16937921941280365 -0.639335036277771
vn 0.9622856974601746 -0.02454894781112671 0.2709310054779053
vn -0.820868968963623 0.1085536852478981 -0.5607051253318787
vn -0.8959538340568542 0.002225195989012718 -0.4441416561603546
vn -0.9284573197364807 -0.1525540053844452 -0.33866560459136963
vn 0.889544665813446 -0.11654219031333923 0.4417332112789154
vn -0.6886224746704102 -0.6949401497840881 0.20702017843723297
vn 0.036533765494823456 -0.7963587641716003 0.6037201881408691
vn 0.25257253646850586 -0.756946325302124 0.6026933789253235
vn 0.6030573844909668 0.5597413182258606 0.568341076374054
vn 0.06698615849018097 0.8958346247673035 0.4393099844455719
vn 0.8833192586898804 0.13318686187267303 0.4494534730911255
vn -0.4232305884361267 0.8777738809585571 0.2244749665260315
vn 0.9309879541397095 -0.0023781198542565107 0.3650422990322113
vn -0.8640508651733398 0.4876750707626343 0.12485673278570175
vn 0.9093700647354126 0.03156221657991409 0.41478899121284485
vn -0.9189363121986389 0.37848344445228577 0.11093421280384064
vn -0.9683350324630737 0.23217089474201202 0.09178218245506287
vn 0.819471001625061 -0.4421326220035553 0.3646724820137024
vn 0.7628353834152222 -0.5752048492431641 0.29533299803733826
vn -0.6098563075065613 0.7916409373283386 -0.037145890295505524
vn 0.9113380908966064 -0.41165870428085327 -0.00020397905609570444
vn -0.5565615296363831 0.8297271728515625 -0.04233378544449806
vn 0.3724333345890045 -0.9043227434158325 0.20855185389518738
vn 0.48788127303123474 -0.8563562035560608 0.1691921353340149
vn -0.46516457200050354 0.8805482983589172 -0.09086648374795914
vn -0.5224649906158447 0.8394591212272644 -0.14946183562278748
vn 0.6987476348876953 -0.700303316116333 0.14603812992572784
vn -0.6259861588478088 0.7528964281082153 -0.2031954824924469
vn 0.7808607816696167 -0.6044245958328247 0.15788419544696808
vn -0.6692633628845215 0.6978793144226074 -0.25505098700523376
vn -0.7357872128486633 0.5569615960121155 -0.3852413296699524
vn 0.8870570063591003 -0.4278438091278076 0.17343470454216003
vn 0.9059775471687317 -0.3670189082622528 0.21095460653305054
vn 0.9717143177986145 -0.10270069539546967 0.21265912055969238
vn 0.9609899520874023 -0.04346521198749542 0.2731466591358185
vn 0.8773415684700012 -0.20796829462051392 0.43245917558670044
vn -0.8966276049613953 -0.4425514042377472 -0.014396152459084988
vn 0.7198128700256348 -0.3467494547367096 0.6013603210449219
vn -0.6766066551208496 -0.6656365394592285 0.31485164165496826
vn 0.3731352686882019 -0.6338622570037842 0.6774871349334717
vn -0.17478720843791962 -0.8084672689437866 0.5619876384735107
vn -0.4244648516178131 -0.7934225797653198 0.4362456202507019
vn -0.5634444355964661 0.7989729046821594 0.21017315983772278
vn -0.6597543358802795 0.7357127666473389 0.15313740074634552
vn 0.9060258269309998 -0.0792197659611702 0.4157421588897705
vn 0.8803492188453674 -0.21213895082473755 0.4242432117462158
vn 0.8479050993919373 -0.33646154403686523 0.40969574451446533
vn -0.8319114446640015 0.5445253252983093 0.1068437471985817
vn 0.7728807330131531 -0.5424075126647949 0.32931676506996155
vn 0.8325269818305969 -0.5115148425102234 0.2127240151166916
vn 0.8721591234207153 -0.4682861566543579 0.14158572256565094
vn -0.5979652404785156 0.8011446595191956 -0.024592317640781403
vn 0.20909880101680756 -0.957885205745697 0.19680877029895782
vn -0.20168420672416687 -0.9567036628723145 0.2098609209060669
vn 0.5408441424369812 -0.8368449211120605 0.08472470194101334
vn 0.6852161884307861 -0.7247764468193054 0.07195807993412018
vn -0.7027105689048767 0.6329522728919983 -0.32491427659988403
vn -0.7193722724914551 0.36181023716926575 -0.5929561257362366
vn 0.9065529108047485 -0.3325798511505127 0.25990864634513855
vn 0.9508638978004456 -0.23891250789165497 0.19692319631576538
vn -0.6900392770767212 0.22150014340877533 -0.6890454292297363
vn -0.946168065071106 -0.2791508734226227 -0.16383172571659088
vn -0.828842282295227 -0.5316430926322937 0.1742877960205078
vn -0.38871118426322937 -0.7483928203582764 0.537412166595459
vn 0.09653884917497635 -0.7199112772941589 0.6873195171356201
vn 0.7120943665504456 0.3693171739578247 0.5970984101295471
vn 0.3379032611846924 0.691796600818634 0.6381527781486511
vn -0.08919739723205566 0.8579534888267517 0.505924642086029
vn -0.3475932478904724 0.8522900342941284 0.39087170362472534
vn 0.9415377378463745 -0.03212526813149452 0.3353725075721741
vn -0.7083626985549927 0.6872799396514893 0.1608372926712036
vn -0.9421324729919434 0.33520254492759705 0.00506830308586359
vn -0.8853836059570312 0.4644019305706024 0.02066054195165634
vn -0.8261137008666992 0.5634989142417908 0.002271628472954035
vn 0.9270905256271362 -0.3735712170600891 0.030785594135522842
vn -0.679162859916687 0.7335212826728821 -0.026162022724747658
vn 0.8273999094963074 -0.5604739785194397 0.035754311829805374
vn -0.22357209026813507 -0.954778790473938 0.1959923356771469
vn 0.02019539102911949 -0.9913979172706604 0.12931513786315918
vn 0.6115659475326538 -0.7836483716964722 0.10900608450174332
vn -0.07563020288944244 -0.9912486672401428 0.10819557309150696
vn 0.4898639917373657 -0.8712765574455261 0.030174383893609047
vn -0.531980574131012 0.8447176814079285 -0.05872618779540062
vn -0.660933792591095 0.6922290921211243 -0.28980258107185364
vn 0.8393210172653198 -0.5201259851455688 0.1581428050994873
vn -0.753622829914093 0.46443209052085876 -0.46514028310775757
vn -0.7727028131484985 0.37519997358322144 -0.5120110511779785
vn -0.7099161744117737 0.39469268918037415 -0.5832981467247009
vn -0.6394492983818054 0.4038684666156769 -0.6542131304740906
vn -0.677424430847168 0.31509310007095337 -0.6646897792816162
vn -0.7424203157424927 0.16772402822971344 -0.6485990881919861
vn -0.8591009378433228 0.047780271619558334 -0.5095711350440979
vn -0.9233760237693787 -0.12268244475126266 -0.3637661933898926
vn 0.9729984402656555 -0.07524263113737106 0.2182030826807022
vn -0.9214941263198853 -0.38726478815078735 -0.02957327663898468
vn 0.7697479128837585 -0.29521894454956055 0.5659805536270142
vn 0.634158194065094 -0.4492899477481842 0.6292709112167358
vn 0.4808618724346161 -0.5225045680999756 0.7041028738021851
vn 0.23352983593940735 -0.6631384491920471 0.7111337780952454
vn -0.11470666527748108 -0.7351126670837402 0.6681705117225647
vn 0.8925003409385681 0.11308258026838303 0.4366411864757538
vn -0.4271392822265625 0.8286848068237305 0.3617091178894043
vn -0.5738495588302612 0.7808049321174622 0.24706359207630157
vn -0.785206139087677 0.6088788509368896 0.11277349293231964
vn -0.9379768371582031 0.34663698077201843 -0.006511748768389225
vn -0.9801661372184753 0.19797012209892273 0.009063192643225193
vn 0.8901367783546448 -0.28990256786346436 0.35158655047416687
vn -0.0900147333741188 -0.9937520623207092 -0.06598643958568573
vn -0.2779351770877838 -0.9604975581169128 -0.014015300199389458
vn 0.29888713359832764 -0.9542394876480103 0.009670551866292953
vn 0.5564841628074646 -0.8297776579856873 -0.04236125946044922
vn 0.583341121673584 -0.81169193983078 0.029484711587429047
vn -0.6266700625419617 0.742530107498169 -0.23650304973125458
vn 0.8013840317726135 -0.5809142589569092 0.1425565481185913
vn -0.7765882611274719 0.23132917284965515 -0.5860013961791992
vn 0.9190551042556763 -0.20167149603366852 0.33862408995628357
vn -0.842563271522522 -0.5090973973274231 0.17580373585224152
vn 0.7116500735282898 -0.4014517366886139 0.576533317565918
vn -0.5782949328422546 -0.6629512310028076 0.47546884417533875
vn -0.6459712982177734 -0.6306982636451721 0.43004751205444336
vn -0.28860679268836975 -0.7053666710853577 0.6474287509918213
vn 0.699201762676239 0.45624229311943054 0.550417959690094
vn -0.05524072051048279 0.8607358336448669 0.5060457587242126
vn 0.9374682903289795 -0.05030641332268715 0.3444160223007202
vn -0.9758626818656921 0.21634550392627716 -0.029776202514767647
vn -0.9606791734695435 0.24837397038936615 -0.1241208016872406
vn 0.8552808165550232 -0.443129301071167 0.268572598695755
vn -0.7279379963874817 0.6850932836532593 -0.02745012193918228
vn 0.9273351430892944 -0.371804803609848 0.042552873492240906
vn 0.7289347648620605 -0.6710516214370728 0.1354394257068634
vn 0.09495542198419571 -0.9925438165664673 -0.07642196863889694
vn 0.24310798943042755 -0.9599956274032593 0.13894949853420258
vn -0.4838011860847473 0.8718549013137817 -0.07619456201791763
vn 0.6087039709091187 -0.793229877948761 0.01630590297281742
vn 0.782735288143158 -0.6182206273078918 0.07161574065685272
vn -0.6145955920219421 0.687161922454834 -0.3874026834964752
vn -0.6561586260795593 0.6041741371154785 -0.4521389305591583
vn -0.696164071559906 0.45607560873031616 -0.5543922185897827
vn 0.9102272987365723 -0.36802220344543457 0.1898578256368637
vn 0.9611262083053589 -0.16539345681667328 0.22109152376651764
vn -0.9387832880020142 -0.1230878233909607 -0.3217691481113434
vn -0.93735271692276 -0.25205013155937195 -0.2405007779598236
vn -0.030008379369974136 -0.698806881904602 0.7146806716918945
vn 0.4599749743938446 -0.5439838767051697 0.7017866969108582
vn 0.2399790734052658 -0.6463769674301147 0.7242975831031799
vn 0.3918975293636322 0.7138907313346863 0.5803243517875671
vn 0.47241371870040894 0.7159628868103027 0.5140256881713867
vn -0.37410205602645874 0.8598320484161377 0.3474716246128082
vn 0.8433142900466919 0.27709898352622986 0.46047502756118774
vn 0.9262644648551941 -0.0878668799996376 0.36648818850517273
vn -0.8679555058479309 0.49661463499069214 0.005210652947425842
vn -0.9059812426567078 0.4080524742603302 -0.11265496909618378
vn 0.9129739999771118 -0.3673674762248993 0.17753800749778748
vn -0.7785808444023132 0.626358151435852 -0.03856663033366203
vn 0.8171089887619019 -0.5657959580421448 0.11048940569162369
vn 0.48348331451416016 -0.8574881553649902 0.1759490668773651
vn 0.23530538380146027 -0.9475775957107544 -0.21616695821285248
vn 0.03154291212558746 -0.9993995428085327 0.014342498034238815
vn -0.1940832883119583 -0.9713611006736755 -0.13707426190376282
vn 0.40295881032943726 -0.9072554111480713 -0.12046527117490768
vn 0.49373364448547363 -0.8635376691818237 -0.10261516273021698
vn 0.5813677310943604 -0.812518835067749 -0.04271760210394859
vn -0.4365522265434265 0.8945906758308411 -0.09554970264434814
vn -0.4535926580429077 0.8836610317230225 -0.11574491858482361
vn 0.6850425601005554 -0.728477954864502 -0.0060454122722148895
vn 0.778564453125 -0.61944979429245 0.1005956307053566
vn -0.6337258815765381 0.6973004341125488 -0.3349083960056305
vn -0.6660200953483582 0.531105637550354 -0.5237787365913391
vn -0.6580443382263184 0.4321318566799164 -0.616635799407959
vn -0.6773045659065247 0.4265417456626892 -0.5994337201118469
vn -0.8064761161804199 0.36774420738220215 -0.4629908502101898
vn -0.9048368334770203 0.14568859338760376 -0.40005651116371155
vn -0.9549458026885986 -0.06669430434703827 -0.28918927907943726
vn -0.9428481459617615 -0.3327355682849884 -0.018011756241321564
vn 0.7820536494255066 -0.3696299195289612 0.5017628073692322
vn -0.7484049201011658 -0.5636304020881653 0.3495868444442749
vn 0.47127920389175415 -0.5624093413352966 0.6794053912162781
vn -0.5485697984695435 -0.6404340863227844 0.537508487701416
vn -0.33124417066574097 -0.6854244470596313 0.6484370231628418
vn 0.1113501712679863 -0.6732818484306335 0.7309533357620239
vn -0.5632980465888977 0.793857216835022 0.22909843921661377
vn -0.7783797979354858 0.626674473285675 0.03747032955288887
vn -0.932123064994812 0.3401302993297577 -0.12433049082756042
vn -0.9569037556648254 0.24205100536346436 -0.16045749187469482
vn 0.9079329371452332 -0.13113853335380554 0.3980710506439209
vn 0.9283304214477539 -0.22287613153457642 0.29753801226615906
vn 0.9235678315162659 -0.37375831604003906 0.08559951931238174
vn 0.9454115629196167 -0.3221372663974762 0.04924052953720093
vn -0.1161346584558487 -0.9681544303894043 -0.22178757190704346
vn 0.04877687618136406 -0.9648826718330383 -0.2581128478050232
vn 0.23449894785881042 -0.964178204536438 0.12397854775190353
vn -0.5752812623977661 0.7699806094169617 -0.27600985765457153
vn 0.8688287138938904 -0.46354764699935913 0.17395499348640442
vn -0.7278974056243896 0.4568382501602173 -0.5113356113433838
vn 0.9319952130317688 -0.313164085149765 0.18251915276050568
vn 0.9470908641815186 -0.24365560710430145 0.20892785489559174
vn -0.9819207191467285 -0.03390411287546158 -0.18623174726963043
vn -0.9721973538398743 -0.22376103699207306 0.06901752948760986
vn -0.8218023180961609 -0.4570929706096649 0.34015724062919617
vn 0.5291522145271301 -0.5243998169898987 0.6670854091644287
vn -0.44802388548851013 -0.6334039568901062 0.6309311985969543
vn 0.42986321449279785 0.7150662541389465 0.5512692928314209
vn 0.02836707793176174 0.8207264542579651 0.5706167817115784
vn -0.6540418863296509 0.7364387512207031 0.17287911474704742
vn 0.8884484767913818 -0.11233372241258621 0.44501736760139465
vn -0.8316426873207092 0.5436194539070129 -0.11334995925426483
vn -0.8791282773017883 0.4166187047958374 -0.2314353734254837
vn -0.7670403122901917 0.627415120601654 -0.13416194915771484
vn -0.6985262036323547 0.7076089382171631 -0.10654043406248093
vn -0.5567298531532288 0.8279587030410767 -0.06735235452651978
vn -0.5870451927185059 0.8035213351249695 -0.09864822030067444
vn 0.6248646974563599 -0.7418379187583923 0.24335302412509918
vn 0.17993581295013428 -0.9829931259155273 0.036709655076265335
vn 0.02962709590792656 -0.9805573225021362 -0.1939835250377655
vn 0.3918876647949219 -0.8934450149536133 -0.2194996178150177
vn 0.5113300681114197 -0.8451502919197083 -0.15576466917991638
vn 0.5276211500167847 -0.8403916358947754 -0.12392681837081909
vn -0.542019784450531 0.818937361240387 -0.18856361508369446
vn 0.7293391227722168 -0.6837596297264099 0.02318042516708374
vn -0.5859114527702332 0.6744986772537231 -0.44917628169059753
vn -0.8226358890533447 0.4270612597465515 -0.3753516376018524
vn -0.9865880012512207 0.1432979553937912 -0.07816536724567413
vn 0.897697389125824 -0.28030872344970703 0.3399505913257599
vn -0.617840051651001 -0.5637252926826477 0.5481674075126648
vn 0.6120472550392151 -0.4934317171573639 0.6179994344711304
vn -0.22574351727962494 -0.6855826377868652 0.6921100616455078
vn 0.5880663990974426 0.4603930115699768 0.6649933457374573
vn -0.3306811451911926 0.8536314368247986 0.4024467170238495
vn 0.8624966740608215 0.030787762254476547 0.5051254034042358
vn -0.6876024603843689 0.7182825803756714 0.1061745434999466
vn 0.8209097981452942 -0.02964816987514496 0.5702877044677734
vn -0.8740264773368835 0.47810468077659607 -0.08656550198793411
vn -0.9387592673301697 0.29843616485595703 -0.17224091291427612
vn 0.9088224172592163 -0.08413095027208328 0.40861210227012634
vn -0.9278528690338135 0.2942005395889282 -0.22920531034469604
vn -0.809688925743103 0.5391408801078796 -0.23179952800273895
vn -0.6180196404457092 0.777285099029541 -0.11781233549118042
vn 0.12140683084726334 -0.9475398063659668 -0.2956834137439728
vn 0.248513862490654 -0.9358313679695129 -0.24992115795612335
vn -0.4929485619068146 0.8665288686752319 -0.07829082757234573
vn 0.5289864540100098 -0.8477771878242493 -0.03804310783743858
vn -0.41010740399360657 0.9020007252693176 -0.13493230938911438
vn -0.5548355579376221 0.7599071264266968 -0.338672012090683
vn -0.5458714365959167 0.7248860597610474 -0.42019593715667725
vn 0.818476140499115 -0.553928554058075 0.15251213312149048
vn -0.6598255038261414 0.6150034666061401 -0.4317418336868286
vn -0.7674785256385803 0.48539426922798157 -0.41877099871635437
vn -0.9094423651695251 0.3550759255886078 -0.21641558408737183
vn -0.9399491548538208 -0.21640296280384064 0.26394203305244446
vn -0.784065842628479 -0.4157414734363556 0.4608685374259949
vn 0.7977626919746399 -0.3972053527832031 0.45365482568740845
vn 0.39851197600364685 -0.5849842429161072 0.706386387348175
vn 0.3095899820327759 -0.6225219368934631 0.7187631726264954
vn 0.1381542980670929 -0.6648418307304382 0.7340972423553467
vn 0.017647268250584602 -0.6886724233627319 0.7248579263687134
vn -0.37118250131607056 -0.6178575158119202 0.6931635737419128
vn -0.1131417527794838 0.7660813927650452 0.6327070593833923
vn -0.39303210377693176 0.8199580311775208 0.41616660356521606
vn -0.7867515087127686 0.6172647476196289 0.0024989661760628223
vn 0.8383289575576782 -0.10119274258613586 0.5356909036636353
vn -0.8544797897338867 0.5185037851333618 -0.03190949559211731
vn -0.9320490956306458 0.3380821645259857 -0.13032621145248413
vn 0.8675456643104553 -0.045545224100351334 0.495267778635025
vn 0.9274618625640869 -0.1689036637544632 0.3335956931114197
vn 0.9361255168914795 -0.2750149667263031 0.21917098760604858
vn -0.8379053473472595 0.438457190990448 -0.32506927847862244
vn -0.738959789276123 0.6258997917175293 -0.24937526881694794
vn 0.875282883644104 -0.4326559901237488 0.21607570350170135
vn -0.6635517477989197 0.7131849527359009 -0.22597844898700714
vn -0.6079105734825134 0.7748280167579651 -0.17345407605171204
vn 0.69013512134552 -0.684169590473175 0.23585057258605957
vn 0.4184762239456177 -0.8566486835479736 0.30171307921409607
vn 0.22739936411380768 -0.9720175266265869 0.05891928821802139
vn 0.1707048863172531 -0.9840779900550842 -0.04950249567627907
vn 0.18223461508750916 -0.9726405739784241 -0.14408689737319946
vn -0.4338267743587494 0.8912888169288635 -0.13190384209156036
vn 0.47530147433280945 -0.8746084570884705 -0.0956483855843544
vn 0.6220179796218872 -0.782860279083252 -0.014949743635952473
vn -0.5161691904067993 0.8003005981445312 -0.30510368943214417
vn 0.7247787117958069 -0.6840733289718628 0.08209449797868729
vn -0.5925514698028564 0.7015940546989441 -0.3957884609699249
vn 0.761123776435852 -0.6320245862007141 0.1457245945930481
vn 0.8856765031814575 -0.42027193307876587 0.19735433161258698
vn -0.9230276346206665 0.3286187946796417 -0.2000741809606552
vn -0.961509644985199 0.27311331033706665 0.030139494687318802
vn -0.9759277701377869 0.2030124068260193 0.07969294488430023
vn 0.8952083587646484 -0.3485659956932068 0.2776755392551422
vn -0.9459487199783325 -0.022148625925183296 0.3235591650009155
vn -0.7618471384048462 -0.2979132831096649 0.5751839280128479
vn -0.5777654051780701 -0.5052125453948975 0.6410518288612366
vn -0.11473523825407028 -0.6640433073043823 0.7388385534286499
vn 0.2363540232181549 0.6213244199752808 0.7470560669898987
vn 0.5960315465927124 0.29204750061035156 0.7479670643806458
vn 0.8432286977767944 -0.046600911766290665 0.535531222820282
vn -0.8903218507766724 0.3770386874675751 -0.2552821934223175
vn 0.9374931454658508 -0.307845801115036 0.16228853166103363
vn 0.9019510746002197 -0.2145565003156662 0.37476637959480286
vn -0.7719631791114807 0.5805805921554565 -0.2588419020175934
vn 0.6928088068962097 -0.5886211395263672 0.41658270359039307
vn 0.5274437069892883 -0.7688400745391846 0.3615080714225769
vn 0.31440800428390503 -0.9226535558700562 0.22328916192054749
vn 0.3660101294517517 -0.9143833518028259 -0.17303073406219482
vn 0.4579167664051056 -0.878450870513916 -0.13651488721370697
vn -0.39864134788513184 0.8992635011672974 -0.1800285428762436
vn -0.4308447241783142 0.8812113404273987 -0.1945239007472992
vn 0.8351701498031616 -0.5205547213554382 0.17752061784267426
vn -0.8127455115318298 0.5029652118682861 -0.2940591275691986
vn -0.8764267563819885 0.4261934757232666 -0.22413241863250732
vn -0.9278000593185425 0.01208299770951271 0.3728821575641632
vn -0.8046476244926453 -0.1635359525680542 0.5707873702049255
vn 0.6402942538261414 -0.5092579126358032 0.5750476121902466
vn -0.19014275074005127 -0.6244792342185974 0.7575430274009705
vn 0.19889134168624878 0.5875420570373535 0.7843701839447021
vn -0.10561484098434448 0.7755671739578247 0.6223673224449158
vn 0.7328940629959106 0.07776076346635818 0.6758843064308167
vn 0.5641471743583679 0.27573615312576294 0.7782722115516663
vn -0.4827999174594879 0.8078652024269104 0.3380207419395447
vn -0.678700864315033 0.7191162705421448 0.1491205394268036
vn 0.8525396585464478 -0.08302426338195801 0.5160263776779175
vn -0.8822364211082458 0.46788594126701355 0.05236058682203293
vn 0.8188380599021912 -0.04617000371217728 0.5721648335456848
vn 0.9097390174865723 -0.13644486665725708 0.39211949706077576
vn -0.7840021848678589 0.5180076360702515 -0.3420654535293579
vn 0.8949549794197083 -0.2679889500141144 0.3567036986351013
vn -0.5988873243331909 0.78596031665802 -0.15362435579299927
vn 0.3733050525188446 -0.8969136476516724 0.2370428442955017
vn -0.5248528718948364 0.8350947499275208 -0.16476120054721832
vn 0.27200889587402344 -0.9563674926757812 0.106641985476017
vn 0.3170114755630493 -0.9419910311698914 -0.11025756597518921
vn 0.46789392828941345 -0.8836067914962769 -0.01773262582719326
vn -0.4640205502510071 0.8439075946807861 -0.26926758885383606
vn -0.46878761053085327 0.7768972516059875 -0.42031997442245483
vn 0.666410505771637 -0.7381579279899597 0.10497644543647766
vn -0.6860365867614746 0.6451764106750488 -0.3363052308559418
vn -0.8166475892066956 0.5527410507202148 -0.16602452099323273
vn -0.919274628162384 0.393322229385376 0.015229296870529652
vn -0.9540587067604065 0.1014108657836914 0.28193581104278564
vn 0.822639524936676 -0.42906486988067627 0.3730517029762268
vn 0.6962083578109741 -0.486796110868454 0.5275638103485107
vn 0.6338975429534912 -0.5059905052185059 0.5849338173866272
vn 0.4820753037929535 -0.5658344030380249 0.6689057350158691
vn -0.5698736310005188 -0.4102615416049957 0.7119898200035095
vn 0.38463205099105835 -0.6037529706954956 0.6982410550117493
vn -0.2876793146133423 -0.5612335205078125 0.7760525345802307
vn -0.4406290352344513 -0.551019549369812 0.7086772918701172
vn 0.07373299449682236 -0.6422648429870605 0.7629281878471375
vn 0.4404504895210266 0.4402298629283905 0.7824328541755676
vn 0.09089979529380798 0.6557939052581787 0.7494475245475769
vn -0.3871317207813263 0.8073161840438843 0.44538718461990356
vn -0.706697404384613 0.6462216973304749 0.2880561053752899
vn -0.3177501857280731 0.6684276461601257 0.6724873781204224
vn 0.7256755828857422 0.03725442290306091 0.6870276927947998
vn -0.9140745997428894 0.40552639961242676 0.004001487046480179
vn -0.831977367401123 0.46333882212638855 -0.3051733374595642
vn 0.8504812717437744 -0.16466543078422546 0.4995667636394501
vn 0.8460489511489868 -0.32913026213645935 0.41937392950057983
vn -0.6285638809204102 0.7322831749916077 -0.26204752922058105
vn -0.6602972149848938 0.6773269176483154 -0.3244008421897888
vn 0.4225156605243683 -0.843503475189209 0.33163607120513916
vn 0.3356740474700928 -0.9400715827941895 0.05990241840481758
vn -0.46355289220809937 0.8641867637634277 -0.19570392370224
vn 0.4425223171710968 -0.8962174654006958 0.031118188053369522
vn -0.380323201417923 0.8959468603134155 -0.22942017018795013
vn -0.39684155583381653 0.8438310027122498 -0.3612009286880493
vn 0.6404812335968018 -0.7641069293022156 0.07697021216154099
vn -0.5340651273727417 0.7440919876098633 -0.40137454867362976
vn 0.6812491416931152 -0.7156451344490051 0.15411578118801117
vn -0.6955758929252625 0.6882463097572327 -0.2061338722705841
vn -0.8112220168113708 0.5847342610359192 -0.0021812855266034603
vn -0.896703839302063 0.42748910188674927 0.11478356271982193
vn -0.9281808733940125 0.1947656273841858 0.3170909285545349
vn -0.8610721230506897 -0.03137389197945595 0.5075140595436096
vn 0.809887707233429 -0.472467839717865 0.3476436138153076
vn 0.4190117120742798 0.2871425449848175 0.8613817095756531
vn -0.8039383292198181 0.5497146248817444 0.22692963480949402
vn 0.7452921867370605 0.0032426523976027966 0.6667301058769226
vn -0.8852199912071228 0.4646618068218231 -0.02179485745728016
vn -0.8534504175186157 0.5114296674728394 -0.10031040012836456
vn -0.7859541773796082 0.5137388110160828 -0.34401825070381165
vn 0.8300181031227112 -0.23926934599876404 0.5038056373596191
vn -0.7185521125793457 0.6033919453620911 -0.34583398699760437
vn 0.7589718103408813 -0.40175655484199524 0.5123997926712036
vn -0.5905306935310364 0.7700161933898926 -0.24155467748641968
vn 0.4541870951652527 -0.8055338263511658 0.38056445121765137
vn 0.3960748314857483 -0.9182115793228149 -0.003505064407363534
vn -0.4185861647129059 0.8796265125274658 -0.22592651844024658
vn 0.5587377548217773 -0.827003002166748 0.062275197356939316
vn -0.6892547011375427 0.6585764288902283 -0.30200180411338806
vn -0.7793561220169067 0.5929362177848816 -0.2025604099035263
vn -0.8291065096855164 0.5585892200469971 0.023677226155996323
vn -0.8825937509536743 0.2358449250459671 0.4067007005214691
vn -0.8119784593582153 0.05582977458834648 0.581011176109314
vn -0.742996335029602 -0.12162738293409348 0.6581514477729797
vn 0.7565299272537231 -0.49105337262153625 0.4318900406360626
vn -0.6579834818840027 -0.28539544343948364 0.6968551874160767
vn 0.19428835809230804 -0.6130488514900208 0.7657827734947205
vn -0.07203197479248047 -0.6186186671257019 0.7823824882507324
vn 0.07319857180118561 0.4716927409172058 0.8787195086479187
vn -0.16740873456001282 0.5742859244346619 0.8013551831245422
vn -0.5601035356521606 0.6261611580848694 0.5424078106880188
vn 0.5951079726219177 0.11533411592245102 0.7953267097473145
vn 0.276359885931015 0.3704626262187958 0.8867822289466858
vn 0.6959966421127319 0.08864600211381912 0.7125521898269653
vn -0.8107391595840454 0.5701512694358826 -0.1327766627073288
vn 0.7554998397827148 0.05582931265234947 0.6527657508850098
vn -0.802430272102356 0.5478494763374329 -0.23657269775867462
vn 0.7811741828918457 -0.08312617987394333 0.6187543272972107
vn 0.6399126052856445 -0.6302297711372375 0.4396843910217285
vn 0.5382960438728333 -0.7505205273628235 0.38334891200065613
vn -0.5117831826210022 0.8080716133117676 -0.291716068983078
vn 0.40607893466949463 -0.8860520720481873 0.22363309562206268
vn -0.42781171202659607 0.8407168388366699 -0.3319222033023834
vn -0.387116014957428 0.8684516549110413 -0.3097304403781891
vn 0.48318037390708923 -0.8707416653633118 0.09135482460260391
vn -0.3846198320388794 0.879531741142273 -0.28016337752342224
vn -0.5016928911209106 0.7919623255729675 -0.34799423813819885
vn -0.46588125824928284 0.8424512147903442 -0.270611435174942
vn -0.6839866042137146 0.7176754474639893 -0.1307832896709442
vn -0.8371880054473877 0.5431216955184937 0.06430492550134659
vn -0.872221827507019 0.38182756304740906 0.30567431449890137
vn 0.6789171695709229 -0.6945374011993408 0.2380950152873993
vn 0.7590357661247253 -0.6102193593978882 0.2269299030303955
vn 0.7888906598091125 -0.540229856967926 0.29292184114456177
vn 0.5955893397331238 -0.5417481660842896 0.5931124091148376
vn -0.41075599193573 -0.4424656629562378 0.7971848845481873
vn 0.46963635087013245 -0.5732223987579346 0.6714594960212708
vn 0.23578105866909027 -0.5925403237342834 0.7702618837356567
vn -0.0793408527970314 -0.5442171692848206 0.8351842761039734
vn 0.04534390941262245 0.5416219234466553 0.8393983840942383
vn -0.7378091812133789 0.6256512403488159 0.25337353348731995
vn 0.480652779340744 0.2798658311367035 0.8310523629188538
vn -0.7820037007331848 0.603333592414856 0.1563934087753296
vn -0.7883541584014893 0.5692710280418396 -0.23329876363277435
vn -0.7494194507598877 0.5877448916435242 -0.3048383891582489
vn -0.6429442167282104 0.685471773147583 -0.34168878197669983
vn 0.7173067927360535 -0.488521009683609 0.4968079924583435
vn -0.5704317688941956 0.7398495674133301 -0.3566933572292328
vn 0.4917413890361786 -0.8142243027687073 0.30859240889549255
vn 0.46447256207466125 -0.8455210328102112 0.26336178183555603
vn -0.40772104263305664 0.8506908416748047 -0.3317961096763611
vn 0.42216357588768005 -0.8937958478927612 0.1513502150774002
vn 0.45589351654052734 -0.8708004355430603 0.18403178453445435
vn -0.35464155673980713 0.8844153881072998 -0.30337902903556824
vn 0.5859099626541138 -0.7875635623931885 0.19092720746994019
vn -0.4257207214832306 0.8651163578033447 -0.2652086615562439
vn 0.6321309208869934 -0.7573457956314087 0.16382291913032532
vn -0.6484667658805847 0.7546592354774475 -0.09990168362855911
vn -0.8678393363952637 0.37073254585266113 0.33077529072761536
vn -0.8116390705108643 0.18576933443546295 0.5538336634635925
vn -0.7447280287742615 0.056433241814374924 0.6649778485298157
vn -0.706775426864624 -0.03261356055736542 0.7066858410835266
vn 0.6673528552055359 -0.5395666360855103 0.5133302807807922
vn -0.5823377966880798 -0.23580166697502136 0.777997612953186
vn -0.05731390789151192 -0.5726445317268372 0.8177979588508606
vn -0.3146979808807373 -0.45384344458580017 0.8336613774299622
vn -0.36974355578422546 0.6765344142913818 0.6368602514266968
vn -0.4066500961780548 0.6448917984962463 0.6471092104911804
vn 0.6201578378677368 0.15356364846229553 0.7692999839782715
vn -0.7261908650398254 0.6850523352622986 0.05788078531622887
vn -0.7237016558647156 0.689084529876709 0.037662915885448456
vn -0.7790629863739014 0.6248292326927185 -0.05147244408726692
vn 0.7621398568153381 -0.2790031135082245 0.5842089653015137
vn -0.6849372386932373 0.6720423102378845 -0.2814607322216034
vn -0.6040282249450684 0.6911614537239075 -0.3967944383621216
vn -0.5127684473991394 0.7492523789405823 -0.4191533327102661
vn -0.43411222100257874 0.7885521054267883 -0.4355826675891876
vn -0.39378562569618225 0.8093324899673462 -0.4357909858226776
vn 0.43146541714668274 -0.8623514771461487 0.26492929458618164
vn 0.5017542243003845 -0.8358124494552612 0.22284556925296783
vn -0.39088568091392517 0.8777401447296143 -0.27709344029426575
vn -0.585086464881897 0.8036018013954163 -0.10907817631959915
vn -0.8009629249572754 0.5610528588294983 0.20899315178394318
vn 0.6231949925422668 -0.7400553226470947 0.25287583470344543
vn -0.8385946154594421 0.32724446058273315 0.43551135063171387
vn 0.693800687789917 -0.6376197338104248 0.33478614687919617
vn 0.7068189382553101 -0.5615323781967163 0.4302191138267517
vn 0.29399141669273376 -0.5713514685630798 0.7662419080734253
vn -0.07077912986278534 -0.4883560538291931 0.8697693347930908
vn 0.23268195986747742 0.42689865827560425 0.8738516569137573
vn -0.14734357595443726 0.5795944333076477 0.8014737367630005
vn -0.5280252695083618 0.6285778284072876 0.5710335373878479
vn 0.1587711125612259 0.5042784810066223 0.8488197326660156
vn -0.5820907950401306 0.7477114200592041 0.3195277750492096
vn 0.712611198425293 0.12232275307178497 0.690812885761261
vn 0.5836501121520996 0.23717737197875977 0.7765948176383972
vn -0.7136541604995728 0.690936803817749 -0.11534354090690613
vn 0.7476678490638733 -0.3831818103790283 0.5423693656921387
vn 0.7000533938407898 -0.5123758316040039 0.4973895847797394
vn -0.5800580978393555 0.7369083166122437 -0.3471294939517975
vn 0.646609365940094 -0.6312921643257141 0.4282131493091583
vn -0.367859423160553 0.8096423745155334 -0.45733875036239624
vn 0.3548993468284607 -0.8764569759368896 0.3253762125968933
vn -0.41461095213890076 0.8622730374336243 -0.2908317744731903
vn -0.5649012923240662 0.8221529126167297 -0.07036475092172623
vn 0.6011521816253662 -0.7453485131263733 0.2882215976715088
vn -0.7486652135848999 0.6333112716674805 0.19600309431552887
vn -0.8178274631500244 0.3273753225803375 0.47326910495758057
vn 0.615242600440979 -0.6918749809265137 0.3778698146343231
vn -0.711453914642334 0.11359226703643799 0.6934912800788879
vn -0.5895977020263672 -0.11772306263446808 0.7990718483924866
vn 0.5629251599311829 -0.5475032329559326 0.6191571354866028
vn -0.3082485795021057 -0.3286703824996948 0.89272540807724
vn 0.354179710149765 -0.5977851748466492 0.7191729545593262
vn 0.47691476345062256 -0.5666419267654419 0.6719146370887756
vn 0.09740105271339417 -0.5286161303520203 0.8432544469833374
vn -0.28300610184669495 -0.38490885496139526 0.8784945607185364
vn -0.2538205683231354 0.720227062702179 0.6456378102302551
vn 0.05639778822660446 0.6524090766906738 0.7557656764984131
vn -0.46850547194480896 0.7790464162826538 0.41664057970046997
vn 0.40920013189315796 0.43051090836524963 0.8044971823692322
vn -0.620374321937561 0.6942591667175293 0.36488354206085205
vn -0.6728990077972412 0.7264218926429749 0.13970763981342316
vn 0.7008920907974243 0.068953737616539 0.7099265456199646
vn -0.6195954084396362 0.7800996899604797 -0.08686811476945877
vn -0.615929126739502 0.7656458020210266 -0.18552060425281525
vn -0.5620049834251404 0.7310042381286621 -0.3870183527469635
vn 0.5603864192962646 -0.7543087601661682 0.3420310914516449
vn -0.5119519233703613 0.7382671236991882 -0.4391661584377289
vn -0.46075958013534546 0.7399260401725769 -0.4901123344898224
vn 0.4096136689186096 -0.8709162473678589 0.271517276763916
vn 0.3968665301799774 -0.860856294631958 0.31847044825553894
vn 0.46511906385421753 -0.8069536685943604 0.36399194598197937
vn -0.43462228775024414 0.8135174512863159 -0.3863842785358429
vn 0.4754363000392914 -0.8255672454833984 0.3039723038673401
vn -0.5257834792137146 0.8461763262748718 -0.08681850880384445
vn 0.5496353507041931 -0.7678919434547424 0.3290030062198639
vn -0.7060689330101013 0.6130833029747009 0.3543946146965027
vn -0.7724100947380066 0.32646605372428894 0.5447958707809448
vn 0.5438753962516785 -0.7267160415649414 0.4196228086948395
vn 0.59767746925354 -0.6238805055618286 0.5035422444343567
vn -0.5295397639274597 -0.09552373737096786 0.8428896069526672
vn 0.5322569012641907 -0.5691502094268799 0.6267141699790955
vn -0.35292723774909973 -0.28103336691856384 0.8924475908279419
vn -0.07526350021362305 -0.5116123557090759 0.8559136390686035
vn 0.17528147995471954 0.518875002861023 0.8366870284080505
vn -0.2027067393064499 0.6808745265007019 0.7037897109985352
vn 0.5287570953369141 0.24749311804771423 0.8118886351585388
vn -0.5812352299690247 0.726383626461029 0.36678680777549744
vn -0.5544665455818176 0.8270195126533508 0.09276656061410904
vn 0.7041811347007751 -0.1441800743341446 0.695227324962616
vn 0.7112749218940735 -0.2847534418106079 0.6426535248756409
vn 0.5013968348503113 -0.8045117855072021 0.3183740973472595
vn -0.38460689783096313 0.7844710350036621 -0.4865005612373352
vn -0.4708613157272339 0.8063240647315979 -0.35795411467552185
vn -0.443939745426178 0.8766252398490906 -0.1855958253145218
vn -0.648720920085907 0.7370882630348206 0.18937289714813232
vn 0.5654587745666504 -0.7273035645484924 0.38895484805107117
vn 0.5047553181648254 -0.6578406095504761 0.5589882731437683
vn 0.16276560723781586 -0.4851272404193878 0.8591617941856384
vn -0.12399910390377045 0.6078706383705139 0.7842942476272583
vn -0.34137117862701416 0.6853931546211243 0.6431967616081238
vn 0.3320004343986511 0.3825858533382416 0.8622087240219116
vn -0.0627475157380104 0.6631799936294556 0.7458251118659973
vn -0.4112929105758667 0.8265640735626221 0.38422656059265137
vn -0.534664511680603 0.8364524841308594 -0.12033762782812119
vn 0.6660125255584717 -0.36632055044174194 0.6497974395751953
vn -0.48211824893951416 0.7883221507072449 -0.38224369287490845
vn -0.4983147084712982 0.7956272959709167 -0.34447014331817627
vn -0.45978817343711853 0.8405397534370422 -0.28650963306427
vn 0.3977079689502716 -0.808233380317688 0.43426626920700073
vn 0.328839510679245 -0.8402745723724365 0.43104904890060425
vn -0.5529626607894897 0.8202027678489685 -0.146627739071846
vn -0.5185485482215881 0.8505904078483582 -0.08719712495803833
vn 0.4627269506454468 -0.7817586660385132 0.41801580786705017
vn -0.6194497346878052 0.7576479911804199 0.20555183291435242
vn -0.7025201320648193 0.5559992790222168 0.4442187249660492
vn -0.7142793536186218 0.29216474294662476 0.6359597444534302
vn 0.5179470181465149 -0.72856205701828 0.44825026392936707
vn 0.4917558431625366 -0.6959618330001831 0.5232717394828796
vn -0.6145151257514954 0.029989810660481453 0.7883349061012268
vn 0.4378153681755066 -0.6850646138191223 0.5822407007217407
vn -0.404234915971756 -0.12331900745630264 0.9063038229942322
vn -0.4335678815841675 -0.1658640205860138 0.8857245445251465
vn 0.2454458475112915 -0.5774965286254883 0.7786232233047485
vn 0.3812916576862335 -0.5456194281578064 0.7462681531906128
vn -0.07313910126686096 -0.32937631011009216 0.9413617253303528
vn -0.16586725413799286 -0.34466853737831116 0.923954427242279
vn -0.44016796350479126 0.8469975590705872 0.2980727255344391
vn -0.2431318163871765 0.7905334234237671 0.5620888471603394
vn 0.6203088164329529 -0.009601070545613766 0.7842990159988403
vn -0.5338918566703796 0.8418152928352356 0.07941431552171707
vn -0.5252872109413147 0.8285251259803772 -0.1939575970172882
vn 0.5877314209938049 -0.6194337606430054 0.5204551815986633
vn -0.4856482446193695 0.8600873351097107 -0.15619118511676788
vn -0.5220808982849121 0.8448585271835327 -0.11681430786848068
vn 0.4395579695701599 -0.6713625192642212 0.5967087149620056
vn -0.5147662162780762 0.8550820350646973 -0.06205308437347412
vn -0.5031507015228271 0.8641207218170166 0.011604986153542995
vn -0.47660690546035767 0.8688286542892456 -0.1340993493795395
vn -0.5658509731292725 0.8239555954933167 -0.03016478195786476
vn 0.403573215007782 -0.8074504733085632 0.43029338121414185
vn 0.43877771496772766 -0.7897019982337952 0.42877134680747986
vn -0.7242782711982727 0.5156297087669373 0.4577631950378418
vn -0.6034991145133972 0.21204179525375366 0.7686528563499451
vn -0.4367341697216034 -0.12179361283779144 0.8913078308105469
vn 0.3435079753398895 -0.6084599494934082 0.715387225151062
vn 0.28282982110977173 -0.619222104549408 0.7325102686882019
vn -0.011877215467393398 -0.5017749667167664 0.8649166822433472
vn -0.2916020154953003 -0.31151413917541504 0.9043932557106018
vn 0.3960564136505127 0.20411135256290436 0.8952529430389404
vn 0.10764559358358383 0.44745519757270813 0.8878042101860046
vn -0.11701059341430664 0.6016160845756531 0.7901687622070312
vn -0.3640499413013458 0.7852177023887634 0.5009000897407532
vn 0.5038360953330994 -0.09849059581756592 0.8581659197807312
vn -0.41301706433296204 0.8398294448852539 0.35228317975997925
vn -0.4389228820800781 0.8577165007591248 0.26771092414855957
vn -0.49321654438972473 0.8254502415657043 0.27453476190567017
vn -0.509846031665802 0.8577154874801636 0.06619114428758621
vn 0.3141734302043915 -0.654061496257782 0.6881123185157776
vn -0.5010887980461121 0.8410597443580627 0.20378552377223969
vn 0.33462563157081604 -0.7383074164390564 0.5856004357337952
vn 0.4288691580295563 -0.7139596343040466 0.5534734129905701
vn -0.6127517223358154 0.6787526607513428 0.40475937724113464
vn 0.4143945872783661 -0.7221507430076599 0.5538731813430786
vn -0.5951311588287354 0.5136075019836426 0.6180827617645264
vn 0.41084176301956177 -0.6841046810150146 0.6026690006256104
vn -0.008957818150520325 -0.4408104717731476 0.8975555300712585
vn 0.21200114488601685 0.13393013179302216 0.9680486917495728
vn -0.014798915013670921 0.34719523787498474 0.9376761317253113
vn -0.19746063649654388 0.6081315875053406 0.7688857316970825
vn 0.30850598216056824 -0.12783028185367584 0.942594051361084
vn 0.48475751280784607 -0.3725447356700897 0.7913410067558289
vn 0.10621653497219086 0.09527044743299484 0.9897685050964355
vn -0.27460771799087524 0.6708148717880249 0.6889107823371887
vn 0.3385186195373535 -0.41820281744003296 0.8429184556007385
vn 0.16661018133163452 -0.09159722179174423 0.9817591905593872
vn -0.46449798345565796 0.8162581324577332 0.34345921874046326
vn 0.23831121623516083 -0.3901294767856598 0.8893856406211853
vn -0.36186420917510986 0.5888328552246094 0.7227241396903992
vn 0.2515239417552948 -0.4878341257572174 0.8359148502349854
vn -0.4643632173538208 0.7605020403862 0.4538760781288147
vn -0.43088027834892273 0.6948070526123047 0.5758345127105713
vn 0.301883727312088 -0.5192476511001587 0.7995299696922302
vn -0.44848012924194336 0.5706583857536316 0.6879059076309204
vn -0.5671361088752747 0.7633382081985474 0.30930793285369873
vn 0.3345889747142792 -0.578719437122345 0.743729829788208
vn -0.42238670587539673 0.30088141560554504 0.8550204038619995
vn -0.16172614693641663 -0.06586918234825134 0.9846349358558655
vn -0.45152711868286133 0.3175652325153351 0.8338319063186646
vn 0.23729243874549866 -0.4797472655773163 0.8447099328041077
vn -0.37426120042800903 0.08434755355119705 0.9234793186187744
vn 0.11312884837388992 -0.4148116409778595 0.9028472900390625
vn 0.06929076462984085 -0.3178018033504486 0.9456219673156738
vn -0.1791050285100937 -0.18924029171466827 0.9654582142829895
vn -0.05247706174850464 0.30405259132385254 0.9512088298797607
vn 0.03890909254550934 0.048655662685632706 0.99805748462677
vn -0.2740497291088104 0.5536300539970398 0.7863781452178955
vn -0.13602514564990997 0.26166486740112305 0.9555253386497498
vn 0.13696171343326569 -0.2017292082309723 0.9698179364204407
vn 0.03726956248283386 -0.04828548803925514 0.9981380105018616
vn -0.2782634496688843 0.441180020570755 0.8531879782676697
vn 0.17251817882061005 -0.27509018778800964 0.9458133578300476
vn -0.07344512641429901 0.1027081087231636 0.9919964671134949
vn 0.1417214274406433 -0.26047447323799133 0.9550225734710693
vn 0.005851422436535358 -0.10920340567827225 0.9940022230148315
vn -0.2053513526916504 0.2971039414405823 0.932502031326294
vn -0.1762494146823883 0.11786722391843796 0.9772632718086243
f 1//1 2//2 3//3
f 3//3 2//2 4//4
f 3//3 5//5 1//1
f 6//6 7//7 2//2
f 6//6 2//2 8//8
f 9//9 6//6 8//8
f 1//1 8//8 2//2
f 1//1 10//10 8//8
f 2//2 7//7 11//11
f 10//10 1//1 12//12
f 2//2 11//11 4//4
f 1//1 5//5 12//12
f 5//5 13//13 12//12
f 13//13 5//5 14//14
f 4//4 11//11 15//15
f 3//3 14//14 5//5
f 15//15 16//16 17//17
f 15//15 17//17 4//4
f 18//18 14//14 3//3
f 4//4 18//18 3//3
f 19//19 20//20 16//16
f 17//17 16//16 20//20
f 17//17 18//18 4//4
f 21//21 18//18 17//17
f 17//17 20//20 21//21
f 22//22 23//23 24//24
f 22//22 25//25 23//23
f 24//24 6//6 22//22
f 25//25 22//22 9//9
f 26//26 25//25 9//9
f 9//9 22//22 6//6
f 24//24 27//27 7//7
f 6//6 24//24 7//7
f 26//26 9//9 28//28
f 28//28 9//9 8//8
f 28//28 8//8 10//10
f 27//27 29//29 7//7
f 28//28 10//10 12//12
f 12//12 30//30 28//28
f 30//30 12//12 13//13
f 29//29 11//11 7//7
f 31//31 32//32 13//13
f 31//31 13//13 33//33
f 30//30 13//13 32//32
f 14//14 33//33 13//13
f 34//34 29//29 35//35
f 11//11 29//29 15//15
f 15//15 29//29 34//34
f 36//36 31//31 33//33
f 37//37 33//33 14//14
f 15//15 34//34 38//38
f 14//14 18//18 37//37
f 16//16 38//38 19//19
f 15//15 38//38 16//16
f 33//33 37//37 39//39
f 40//40 38//38 34//34
f 41//41 40//40 34//34
f 37//37 18//18 42//42
f 38//38 40//40 19//19
f 42//42 39//39 37//37
f 20//20 43//43 21//21
f 20//20 19//19 43//43
f 21//21 44//44 18//18
f 42//42 18//18 44//44
f 45//45 40//40 41//41
f 19//19 40//40 46//46
f 43//43 19//19 46//46
f 47//47 40//40 45//45
f 46//46 40//40 47//47
f 43//43 46//46 48//48
f 21//21 43//43 44//44
f 42//42 44//44 49//49
f 43//43 48//48 50//50
f 51//51 49//49 44//44
f 51//51 44//44 50//50
f 50//50 44//44 43//43
f 46//46 47//47 52//52
f 48//48 46//46 52//52
f 48//48 52//52 53//53
f 53//53 54//54 50//50
f 53//53 50//50 48//48
f 51//51 50//50 54//54
f 55//55 23//23 56//56
f 23//23 25//25 57//57
f 56//56 23//23 57//57
f 25//25 58//58 57//57
f 24//24 59//59 60//60
f 55//55 59//59 24//24
f 55//55 24//24 23//23
f 58//58 25//25 26//26
f 61//61 58//58 26//26
f 60//60 62//62 27//27
f 60//60 27//27 24//24
f 61//61 26//26 28//28
f 63//63 61//61 28//28
f 27//27 62//62 29//29
f 63//63 28//28 30//30
f 35//35 62//62 64//64
f 62//62 35//35 29//29
f 63//63 30//30 65//65
f 30//30 32//32 65//65
f 34//34 35//35 66//66
f 67//67 41//41 66//66
f 41//41 34//34 66//66
f 39//39 42//42 68//68
f 39//39 68//68 69//69
f 41//41 67//67 70//70
f 41//41 70//70 45//45
f 49//49 68//68 42//42
f 45//45 71//71 47//47
f 72//72 73//73 71//71
f 47//47 71//71 52//52
f 71//71 73//73 52//52
f 52//52 74//74 53//53
f 52//52 73//73 74//74
f 53//53 75//75 54//54
f 75//75 53//53 74//74
f 75//75 74//74 76//76
f 76//76 74//74 73//73
f 77//77 72//72 78//78
f 73//73 72//72 76//76
f 76//76 72//72 77//77
f 76//76 77//77 79//79
f 58//58 80//80 57//57
f 81//81 80//80 58//58
f 58//58 61//61 81//81
f 82//82 62//62 60//60
f 62//62 83//83 64//64
f 63//63 65//65 84//84
f 65//65 32//32 85//85
f 64//64 86//86 35//35
f 66//66 86//86 87//87
f 66//66 35//35 86//86
f 31//31 36//36 88//88
f 67//67 66//66 87//87
f 33//33 39//39 36//36
f 67//67 89//89 70//70
f 36//36 39//39 69//69
f 90//90 45//45 89//89
f 89//89 45//45 70//70
f 45//45 90//90 71//71
f 51//51 91//91 49//49
f 91//91 68//68 49//49
f 71//71 92//92 72//72
f 90//90 92//92 71//71
f 54//54 93//93 51//51
f 51//51 93//93 91//91
f 72//72 92//92 78//78
f 75//75 94//94 54//54
f 95//95 78//78 96//96
f 97//97 94//94 75//75
f 98//98 78//78 95//95
f 99//99 98//98 95//95
f 78//78 98//98 77//77
f 75//75 76//76 97//97
f 98//98 79//79 77//77
f 76//76 79//79 97//97
f 100//100 98//98 99//99
f 98//98 100//100 101//101
f 101//101 79//79 98//98
f 56//56 102//102 55//55
f 56//56 57//57 103//103
f 55//55 104//104 59//59
f 80//80 105//105 57//57
f 80//80 106//106 105//105
f 106//106 80//80 81//81
f 60//60 59//59 82//82
f 107//107 106//106 81//81
f 107//107 81//81 61//61
f 107//107 61//61 63//63
f 107//107 63//63 108//108
f 82//82 109//109 83//83
f 62//62 82//82 83//83
f 108//108 63//63 84//84
f 110//110 108//108 84//84
f 64//64 111//111 86//86
f 64//64 83//83 111//111
f 84//84 65//65 85//85
f 85//85 112//112 84//84
f 86//86 113//113 87//87
f 114//114 32//32 31//31
f 115//115 85//85 32//32
f 31//31 88//88 114//114
f 67//67 87//87 89//89
f 87//87 116//116 89//89
f 36//36 69//69 117//117
f 36//36 117//117 118//118
f 36//36 118//118 88//88
f 89//89 119//119 90//90
f 69//69 68//68 120//120
f 120//120 68//68 91//91
f 121//121 90//90 119//119
f 90//90 121//121 92//92
f 91//91 93//93 122//122
f 96//96 121//121 123//123
f 92//92 96//96 78//78
f 121//121 96//96 92//92
f 54//54 94//94 93//93
f 94//94 97//97 124//124
f 96//96 125//125 95//95
f 126//126 95//95 125//125
f 99//99 95//95 126//126
f 79//79 127//127 97//97
f 124//124 97//97 127//127
f 99//99 126//126 128//128
f 99//99 128//128 100//100
f 101//101 129//129 79//79
f 127//127 79//79 129//129
f 130//130 124//124 127//127
f 100//100 128//128 101//101
f 130//130 127//127 131//131
f 132//132 126//126 133//133
f 128//128 126//126 132//132
f 101//101 128//128 134//134
f 129//129 101//101 134//134
f 134//134 128//128 132//132
f 135//135 127//127 129//129
f 134//134 132//132 136//136
f 129//129 134//134 136//136
f 135//135 129//129 136//136
f 102//102 103//103 137//137
f 102//102 56//56 103//103
f 57//57 105//105 103//103
f 82//82 138//138 109//109
f 107//107 108//108 139//139
f 139//139 108//108 140//140
f 109//109 111//111 83//83
f 141//141 108//108 110//110
f 84//84 142//142 110//110
f 143//143 84//84 112//112
f 142//142 84//84 143//143
f 86//86 111//111 113//113
f 115//115 32//32 114//114
f 87//87 113//113 116//116
f 114//114 88//88 118//118
f 114//114 118//118 144//144
f 116//116 145//145 89//89
f 89//89 145//145 119//119
f 69//69 120//120 117//117
f 119//119 146//146 121//121
f 120//120 91//91 147//147
f 122//122 148//148 91//91
f 121//121 146//146 123//123
f 94//94 149//149 93//93
f 123//123 150//150 96//96
f 94//94 124//124 149//149
f 125//125 150//150 151//151
f 96//96 150//150 125//125
f 152//152 125//125 151//151
f 133//133 125//125 152//152
f 126//126 125//125 133//133
f 131//131 127//127 135//135
f 153//153 131//131 135//135
f 133//133 154//154 132//132
f 153//153 135//135 155//155
f 132//132 154//154 156//156
f 136//136 157//157 135//135
f 132//132 158//158 136//136
f 132//132 156//156 158//158
f 158//158 157//157 136//136
f 158//158 156//156 159//159
f 103//103 160//160 161//161
f 103//103 161//161 137//137
f 105//105 160//160 103//103
f 55//55 102//102 104//104
f 82//82 59//59 162//162
f 138//138 82//82 162//162
f 138//138 163//163 109//109
f 109//109 163//163 164//164
f 140//140 108//108 141//141
f 109//109 164//164 111//111
f 164//164 165//165 111//111
f 141//141 110//110 142//142
f 111//111 165//165 113//113
f 166//166 113//113 165//165
f 115//115 112//112 85//85
f 115//115 167//167 112//112
f 167//167 143//143 112//112
f 168//168 143//143 167//167
f 113//113 166//166 169//169
f 114//114 144//144 115//115
f 115//115 144//144 170//170
f 167//167 115//115 170//170
f 113//113 169//169 116//116
f 170//170 144//144 171//171
f 116//116 169//169 145//145
f 118//118 117//117 172//172
f 120//120 147//147 173//173
f 173//173 117//117 120//120
f 145//145 146//146 119//119
f 91//91 148//148 147//147
f 146//146 174//174 123//123
f 148//148 122//122 175//175
f 93//93 176//176 122//122
f 122//122 176//176 175//175
f 93//93 149//149 176//176
f 124//124 177//177 149//149
f 124//124 130//130 177//177
f 130//130 131//131 178//178
f 152//152 179//179 133//133
f 131//131 153//153 178//178
f 133//133 179//179 180//180
f 133//133 180//180 154//154
f 180//180 181//181 154//154
f 182//182 155//155 135//135
f 154//154 181//181 156//156
f 157//157 182//182 135//135
f 183//183 157//157 158//158
f 183//183 158//158 159//159
f 184//184 137//137 161//161
f 184//184 102//102 137//137
f 160//160 105//105 185//185
f 162//162 104//104 186//186
f 102//102 186//186 104//104
f 106//106 185//185 105//105
f 187//187 185//185 106//106
f 104//104 162//162 59//59
f 106//106 107//107 187//187
f 107//107 139//139 187//187
f 188//188 163//163 138//138
f 189//189 187//187 139//139
f 139//139 140//140 189//189
f 140//140 190//190 189//189
f 191//191 140//140 141//141
f 142//142 143//143 168//168
f 192//192 141//141 142//142
f 168//168 192//192 142//142
f 167//167 193//193 168//168
f 193//193 194//194 168//168
f 192//192 168//168 194//194
f 170//170 193//193 167//167
f 170//170 195//195 193//193
f 171//171 196//196 170//170
f 195//195 170//170 196//196
f 194//194 193//193 197//197
f 198//198 196//196 171//171
f 193//193 195//195 199//199
f 197//197 193//193 199//199
f 118//118 172//172 144//144
f 144//144 200//200 171//171
f 198//198 171//171 200//200
f 198//198 201//201 196//196
f 195//195 196//196 201//201
f 197//197 199//199 202//202
f 117//117 173//173 172//172
f 200//200 144//144 172//172
f 203//203 198//198 200//200
f 201//201 198//198 203//203
f 199//199 195//195 201//201
f 204//204 203//203 205//205
f 201//201 203//203 206//206
f 207//207 199//199 201//201
f 145//145 169//169 208//208
f 146//146 145//145 208//208
f 206//206 203//203 204//204
f 209//209 201//201 206//206
f 207//207 201//201 209//209
f 210//210 204//204 211//211
f 205//205 211//211 204//204
f 146//146 208//208 174//174
f 212//212 213//213 204//204
f 206//206 204//204 213//213
f 209//209 206//206 213//213
f 211//211 214//214 210//210
f 204//204 210//210 215//215
f 212//212 204//204 215//215
f 216//216 214//214 217//217
f 214//214 216//216 210//210
f 212//212 215//215 218//218
f 123//123 174//174 150//150
f 176//176 219//219 220//220
f 221//221 217//217 222//222
f 221//221 216//216 217//217
f 218//218 215//215 216//216
f 216//216 215//215 210//210
f 149//149 219//219 176//176
f 149//149 177//177 219//219
f 222//222 220//220 219//219
f 222//222 219//219 221//221
f 221//221 219//219 177//177
f 216//216 221//221 223//223
f 224//224 216//216 223//223
f 218//218 216//216 224//224
f 150//150 174//174 151//151
f 221//221 177//177 225//225
f 223//223 221//221 225//225
f 226//226 223//223 225//225
f 224//224 223//223 226//226
f 174//174 227//227 151//151
f 225//225 177//177 228//228
f 226//226 225//225 228//228
f 228//228 130//130 229//229
f 177//177 130//130 228//228
f 230//230 228//228 229//229
f 226//226 228//228 230//230
f 151//151 227//227 152//152
f 179//179 152//152 227//227
f 130//130 178//178 229//229
f 231//231 229//229 178//178
f 178//178 232//232 231//231
f 180//180 233//233 234//234
f 180//180 179//179 233//233
f 178//178 153//153 232//232
f 153//153 155//155 232//232
f 155//155 235//235 232//232
f 236//236 180//180 234//234
f 181//181 180//180 236//236
f 182//182 237//237 155//155
f 237//237 235//235 155//155
f 157//157 238//238 182//182
f 239//239 181//181 240//240
f 156//156 239//239 159//159
f 181//181 239//239 156//156
f 157//157 183//183 238//238
f 237//237 182//182 238//238
f 159//159 239//239 241//241
f 241//241 183//183 159//159
f 242//242 237//237 238//238
f 239//239 240//240 243//243
f 239//239 243//243 244//244
f 241//241 239//239 244//244
f 245//245 242//242 238//238
f 245//245 238//238 183//183
f 241//241 244//244 183//183
f 246//246 183//183 244//244
f 245//245 183//183 246//246
f 161//161 247//247 184//184
f 102//102 184//184 186//186
f 161//161 160//160 248//248
f 185//185 249//249 160//160
f 162//162 188//188 138//138
f 250//250 187//187 189//189
f 251//251 163//163 188//188
f 190//190 250//250 189//189
f 251//251 164//164 163//163
f 251//251 252//252 164//164
f 190//190 140//140 191//191
f 191//191 253//253 190//190
f 164//164 252//252 165//165
f 252//252 254//254 255//255
f 165//165 252//252 255//255
f 141//141 192//192 191//191
f 165//165 255//255 166//166
f 194//194 197//197 256//256
f 256//256 192//192 194//194
f 169//169 166//166 257//257
f 172//172 173//173 258//258
f 258//258 205//205 172//172
f 172//172 205//205 200//200
f 200//200 205//205 203//203
f 256//256 202//202 259//259
f 197//197 202//202 256//256
f 259//259 260//260 256//256
f 257//257 261//261 169//169
f 173//173 262//262 258//258
f 263//263 258//258 262//262
f 205//205 258//258 263//263
f 207//207 202//202 199//199
f 169//169 261//261 208//208
f 173//173 147//147 264//264
f 264//264 262//262 173//173
f 265//265 263//263 262//262
f 265//265 211//211 263//263
f 205//205 263//263 211//211
f 211//211 265//265 266//266
f 148//148 267//267 147//147
f 267//267 264//264 147//147
f 148//148 175//175 267//267
f 211//211 266//266 214//214
f 174//174 208//208 268//268
f 175//175 176//176 220//220
f 217//217 214//214 269//269
f 270//270 212//212 218//218
f 217//217 271//271 222//222
f 270//270 218//218 224//224
f 222//222 272//272 220//220
f 227//227 174//174 268//268
f 273//273 230//230 229//229
f 273//273 229//229 231//231
f 274//274 273//273 231//231
f 179//179 227//227 233//233
f 275//275 274//274 231//231
f 231//231 232//232 276//276
f 232//232 277//277 276//276
f 235//235 277//277 232//232
f 235//235 278//278 277//277
f 181//181 236//236 279//279
f 237//237 278//278 235//235
f 181//181 279//279 240//240
f 279//279 280//280 240//240
f 240//240 280//280 243//243
f 242//242 281//281 237//237
f 242//242 245//245 281//281
f 282//282 283//283 243//243
f 243//243 283//283 244//244
f 246//246 244//244 284//284
f 244//244 283//283 285//285
f 284//284 244//244 285//285
f 184//184 286//286 287//287
f 184//184 247//247 286//286
f 186//186 287//287 288//288
f 287//287 186//186 184//184
f 249//249 248//248 160//160
f 288//288 162//162 186//186
f 289//289 249//249 185//185
f 288//288 188//188 162//162
f 185//185 187//187 289//289
f 188//188 290//290 251//251
f 250//250 190//190 291//291
f 292//292 291//291 190//190
f 190//190 253//253 292//292
f 253//253 191//191 293//293
f 191//191 192//192 293//293
f 255//255 294//294 166//166
f 256//256 293//293 192//192
f 166//166 294//294 257//257
f 260//260 293//293 256//256
f 260//260 259//259 295//295
f 207//207 296//296 202//202
f 296//296 297//297 202//202
f 202//202 297//297 298//298
f 259//259 202//202 298//298
f 208//208 261//261 299//299
f 264//264 300//300 262//262
f 300//300 265//265 262//262
f 207//207 209//209 296//296
f 264//264 267//267 301//301
f 264//264 301//301 300//300
f 209//209 213//213 296//296
f 213//213 212//212 270//270
f 302//302 213//213 270//270
f 296//296 213//213 302//302
f 175//175 220//220 267//267
f 214//214 266//266 269//269
f 270//270 303//303 304//304
f 302//302 270//270 304//304
f 208//208 305//305 268//268
f 217//217 306//306 271//271
f 306//306 217//217 269//269
f 303//303 270//270 224//224
f 271//271 272//272 222//222
f 226//226 307//307 224//224
f 303//303 224//224 307//307
f 308//308 307//307 226//226
f 268//268 309//309 227//227
f 230//230 273//273 308//308
f 308//308 226//226 230//230
f 227//227 309//309 310//310
f 233//233 227//227 310//310
f 275//275 273//273 274//274
f 233//233 310//310 311//311
f 233//233 311//311 234//234
f 231//231 276//276 275//275
f 234//234 312//312 236//236
f 279//279 312//312 313//313
f 279//279 236//236 312//312
f 314//314 278//278 237//237
f 281//281 314//314 237//237
f 280//280 282//282 243//243
f 246//246 315//315 245//245
f 315//315 281//281 245//245
f 246//246 284//284 316//316
f 316//316 315//315 246//246
f 247//247 317//317 286//286
f 161//161 317//317 247//247
f 161//161 248//248 317//317
f 318//318 288//288 287//287
f 248//248 249//249 319//319
f 188//188 320//320 290//290
f 188//188 288//288 320//320
f 289//289 187//187 250//250
f 321//321 322//322 323//323
f 323//323 324//324 321//321
f 290//290 325//325 251//251
f 326//326 252//252 251//251
f 252//252 326//326 254//254
f 253//253 293//293 327//327
f 255//255 254//254 294//294
f 260//260 328//328 293//293
f 294//294 329//329 257//257
f 294//294 330//330 329//329
f 260//260 295//295 328//328
f 257//257 329//329 261//261
f 331//331 261//261 329//329
f 295//295 259//259 298//298
f 331//331 332//332 261//261
f 261//261 332//332 299//299
f 298//298 297//297 333//333
f 301//301 334//334 300//300
f 265//265 300//300 334//334
f 266//266 334//334 269//269
f 266//266 265//265 334//334
f 296//296 302//302 335//335
f 297//297 296//296 335//335
f 299//299 336//336 208//208
f 301//301 272//272 337//337
f 301//301 267//267 272//272
f 267//267 220//220 272//272
f 334//334 301//301 337//337
f 338//338 334//334 337//337
f 338//338 339//339 306//306
f 338//338 306//306 334//334
f 334//334 306//306 269//269
f 335//335 302//302 304//304
f 208//208 336//336 305//305
f 340//340 272//272 271//271
f 339//339 340//340 306//306
f 340//340 271//271 306//306
f 341//341 268//268 305//305
f 342//342 343//343 344//344
f 344//344 343//343 308//308
f 343//343 345//345 308//308
f 307//307 308//308 345//345
f 268//268 341//341 309//309
f 344//344 346//346 342//342
f 344//344 273//273 346//346
f 344//344 308//308 273//273
f 342//342 346//346 347//347
f 310//310 309//309 311//311
f 275//275 347//347 346//346
f 273//273 275//275 346//346
f 347//347 275//275 348//348
f 276//276 348//348 275//275
f 276//276 277//277 348//348
f 234//234 311//311 312//312
f 311//311 349//349 312//312
f 350//350 348//348 277//277
f 350//350 277//277 351//351
f 313//313 312//312 349//349
f 278//278 351//351 277//277
f 351//351 278//278 352//352
f 313//313 353//353 354//354
f 352//352 278//278 314//314
f 279//279 354//354 280//280
f 313//313 354//354 279//279
f 314//314 281//281 355//355
f 280//280 354//354 356//356
f 280//280 356//356 282//282
f 281//281 315//315 357//357
f 281//281 357//357 355//355
f 358//358 282//282 356//356
f 359//359 358//358 356//356
f 283//283 282//282 360//360
f 282//282 358//358 360//360
f 283//283 360//360 285//285
f 359//359 361//361 358//358
f 360//360 358//358 361//361
f 285//285 360//360 362//362
f 285//285 362//362 284//284
f 362//362 363//363 284//284
f 363//363 316//316 284//284
f 360//360 361//361 364//364
f 362//362 360//360 364//364
f 287//287 365//365 318//318
f 287//287 286//286 365//365
f 248//248 319//319 317//317
f 319//319 249//249 366//366
f 288//288 318//318 320//320
f 289//289 367//367 249//249
f 367//367 289//289 368//368
f 320//320 369//369 290//290
f 322//322 321//321 370//370
f 322//322 371//371 323//323
f 371//371 372//372 323//323
f 250//250 368//368 289//289
f 290//290 369//369 373//373
f 324//324 374//374 370//370
f 324//324 370//370 321//321
f 323//323 375//375 324//324
f 376//376 375//375 323//323
f 372//372 376//376 323//323
f 250//250 291//291 368//368
f 290//290 373//373 325//325
f 251//251 325//325 326//326
f 292//292 253//253 377//377
f 254//254 326//326 378//378
f 254//254 379//379 294//294
f 378//378 379//379 254//254
f 380//380 327//327 293//293
f 328//328 380//380 293//293
f 294//294 379//379 330//330
f 379//379 381//381 330//330
f 328//328 295//295 382//382
f 295//295 383//383 382//382
f 295//295 298//298 384//384
f 384//384 383//383 295//295
f 299//299 332//332 385//385
f 386//386 337//337 272//272
f 338//338 337//337 387//387
f 339//339 388//388 389//389
f 339//339 338//338 388//388
f 338//338 387//387 388//388
f 390//390 391//391 304//304
f 391//391 335//335 304//304
f 299//299 385//385 336//336
f 272//272 340//340 392//392
f 272//272 392//392 386//386
f 392//392 340//340 393//393
f 339//339 393//393 340//340
f 339//339 389//389 393//393
f 303//303 394//394 390//390
f 304//304 303//303 390//390
f 395//395 396//396 386//386
f 392//392 397//397 386//386
f 397//397 395//395 386//386
f 393//393 397//397 392//392
f 303//303 307//307 398//398
f 398//398 394//394 303//303
f 397//397 399//399 395//395
f 400//400 399//399 397//397
f 400//400 397//397 393//393
f 341//341 305//305 401//401
f 305//305 336//336 401//401
f 399//399 342//342 395//395
f 343//343 342//342 399//399
f 400//400 343//343 399//399
f 398//398 307//307 345//345
f 342//342 402//402 395//395
f 342//342 347//347 402//402
f 341//341 403//403 309//309
f 347//347 348//348 404//404
f 309//309 405//405 311//311
f 404//404 350//350 406//406
f 348//348 350//350 404//404
f 349//349 407//407 313//313
f 351//351 352//352 408//408
f 407//407 353//353 313//313
f 354//354 353//353 409//409
f 314//314 355//355 410//410
f 410//410 352//352 314//314
f 354//354 409//409 356//356
f 411//411 412//412 413//413
f 412//412 414//414 413//413
f 355//355 357//357 415//415
f 356//356 416//416 359//359
f 417//417 361//361 359//359
f 316//316 363//363 315//315
f 418//418 362//362 364//364
f 418//418 363//363 362//362
f 286//286 419//419 365//365
f 317//317 419//419 286//286
f 317//317 420//420 419//419
f 319//319 420//420 317//317
f 318//318 365//365 369//369
f 249//249 367//367 366//366
f 318//318 369//369 320//320
f 322//322 421//421 371//371
f 422//422 423//423 370//370
f 421//421 370//370 423//423
f 322//322 370//370 421//421
f 424//424 372//372 371//371
f 425//425 373//373 369//369
f 370//370 374//374 422//422
f 426//426 376//376 372//372
f 376//376 426//426 375//375
f 372//372 424//424 426//426
f 368//368 291//291 427//427
f 427//427 291//291 292//292
f 428//428 429//429 430//430
f 431//431 432//432 253//253
f 431//431 253//253 327//327
f 379//379 378//378 433//433
f 434//434 435//435 436//436
f 436//436 437//437 434//434
f 328//328 382//382 438//438
f 330//330 381//381 329//329
f 434//434 439//439 435//435
f 437//437 439//439 434//434
f 381//381 440//440 329//329
f 329//329 440//440 441//441
f 329//329 441//441 331//331
f 442//442 441//441 440//440
f 443//443 442//442 440//440
f 384//384 298//298 333//333
f 444//444 331//331 441//441
f 445//445 446//446 447//447
f 448//448 297//297 335//335
f 333//333 297//297 448//448
f 331//331 444//444 385//385
f 332//332 331//331 385//385
f 447//447 337//337 386//386
f 446//446 337//337 447//447
f 387//387 337//337 446//446
f 449//449 387//387 446//446
f 449//449 450//450 387//387
f 388//388 451//451 389//389
f 335//335 391//391 452//452
f 448//448 335//335 452//452
f 447//447 386//386 396//396
f 393//393 389//389 453//453
f 453//453 389//389 451//451
f 385//385 444//444 336//336
f 453//453 400//400 393//393
f 454//454 455//455 394//394
f 395//395 456//456 396//396
f 457//457 456//456 395//395
f 458//458 400//400 453//453
f 398//398 454//454 394//394
f 398//398 458//458 454//454
f 400//400 458//458 343//343
f 343//343 458//458 345//345
f 345//345 458//458 398//398
f 401//401 336//336 459//459
f 395//395 402//402 457//457
f 347//347 460//460 402//402
f 404//404 460//460 347//347
f 406//406 460//460 404//404
f 309//309 403//403 405//405
f 311//311 405//405 349//349
f 405//405 461//461 349//349
f 351//351 462//462 406//406
f 350//350 351//351 406//406
f 349//349 461//461 407//407
f 462//462 351//351 408//408
f 463//463 408//408 352//352
f 353//353 464//464 465//465
f 353//353 465//465 409//409
f 407//407 464//464 353//353
f 411//411 466//466 467//467
f 413//413 466//466 411//411
f 467//467 412//412 411//411
f 415//415 410//410 355//355
f 409//409 468//468 356//356
f 413//413 469//469 466//466
f 414//414 469//469 413//413
f 469//469 414//414 412//412
f 470//470 356//356 468//468
f 416//416 356//356 470//470
f 359//359 416//416 417//417
f 471//471 417//417 416//416
f 361//361 472//472 364//364
f 361//361 417//417 472//472
f 364//364 472//472 473//473
f 418//418 364//364 473//473
f 365//365 419//419 474//474
f 475//475 365//365 474//474
f 319//319 476//476 420//420
f 476//476 319//319 366//366
f 477//477 476//476 366//366
f 367//367 478//478 366//366
f 367//367 479//479 478//478
f 480//480 367//367 368//368
f 481//481 423//423 422//422
f 481//481 482//482 423//423
f 421//421 423//423 482//482
f 483//483 421//421 482//482
f 371//371 421//421 483//483
f 484//484 424//424 371//371
f 375//375 485//485 324//324
f 368//368 427//427 480//480
f 374//374 324//324 485//485
f 486//486 426//426 424//424
f 485//485 487//487 374//374
f 488//488 485//485 375//375
f 489//489 488//488 375//375
f 489//489 375//375 426//426
f 489//489 426//426 490//490
f 426//426 486//486 490//490
f 490//490 491//491 489//489
f 377//377 492//492 427//427
f 493//493 373//373 494//494
f 495//495 430//430 429//429
f 495//495 488//488 430//430
f 488//488 489//489 430//430
f 430//430 489//489 491//491
f 427//427 292//292 377//377
f 373//373 326//326 325//325
f 326//326 373//373 493//493
f 430//430 491//491 428//428
f 496//496 429//429 428//428
f 496//496 428//428 497//497
f 377//377 253//253 432//432
f 326//326 433//433 378//378
f 379//379 498//498 381//381
f 499//499 380//380 328//328
f 436//436 435//435 500//500
f 436//436 500//500 437//437
f 438//438 499//499 328//328
f 498//498 501//501 440//440
f 381//381 498//498 440//440
f 435//435 439//439 500//500
f 437//437 500//500 439//439
f 501//501 443//443 440//440
f 501//501 502//502 443//443
f 502//502 503//503 443//443
f 503//503 504//504 443//443
f 504//504 442//442 443//443
f 503//503 502//502 505//505
f 445//445 504//504 503//503
f 450//450 503//503 505//505
f 450//450 449//449 503//503
f 449//449 445//445 503//503
f 506//506 384//384 333//333
f 441//441 442//442 507//507
f 504//504 507//507 442//442
f 449//449 446//446 445//445
f 387//387 450//450 508//508
f 441//441 509//509 444//444
f 441//441 507//507 509//509
f 504//504 510//510 507//507
f 511//511 510//510 504//504
f 447//447 396//396 511//511
f 447//447 511//511 445//445
f 445//445 511//511 504//504
f 508//508 388//388 387//387
f 388//388 512//512 451//451
f 388//388 508//508 512//512
f 507//507 513//513 509//509
f 514//514 451//451 512//512
f 390//390 455//455 515//515
f 394//394 455//455 390//390
f 390//390 515//515 391//391
f 516//516 513//513 507//507
f 516//516 507//507 510//510
f 511//511 456//456 510//510
f 396//396 456//456 511//511
f 454//454 453//453 514//514
f 514//514 453//453 451//451
f 514//514 455//455 454//454
f 517//517 509//509 513//513
f 517//517 444//444 509//509
f 516//516 510//510 456//456
f 453//453 454//454 458//458
f 336//336 444//444 517//517
f 336//336 517//517 459//459
f 518//518 456//456 457//457
f 519//519 456//456 518//518
f 402//402 518//518 457//457
f 401//401 520//520 341//341
f 401//401 459//459 520//520
f 341//341 520//520 403//403
f 402//402 521//521 518//518
f 402//402 460//460 521//521
f 460//460 406//406 521//521
f 521//521 406//406 462//462
f 461//461 405//405 403//403
f 461//461 522//522 407//407
f 407//407 522//522 464//464
f 352//352 410//410 463//463
f 467//467 466//466 412//412
f 410//410 415//415 523//523
f 465//465 524//524 409//409
f 412//412 466//466 469//469
f 525//525 468//468 524//524
f 468//468 409//409 524//524
f 470//470 468//468 525//525
f 357//357 315//315 415//415
f 470//470 526//526 416//416
f 363//363 418//418 527//527
f 363//363 527//527 528//528
f 315//315 363//363 528//528
f 529//529 471//471 526//526
f 416//416 526//526 471//471
f 530//530 528//528 527//527
f 531//531 471//471 529//529
f 417//417 532//532 472//472
f 417//417 471//471 532//532
f 418//418 473//473 527//527
f 533//533 471//471 531//531
f 532//532 471//471 533//533
f 472//472 532//532 534//534
f 473//473 472//472 535//535
f 535//535 472//472 534//534
f 536//536 527//527 473//473
f 536//536 473//473 535//535
f 532//532 533//533 534//534
f 537//537 474//474 419//419
f 537//537 419//419 420//420
f 420//420 476//476 537//537
f 477//477 366//366 478//478
f 365//365 425//425 369//369
f 365//365 475//475 425//425
f 479//479 367//367 480//480
f 371//371 483//483 484//484
f 422//422 374//374 481//481
f 425//425 538//538 373//373
f 481//481 374//374 539//539
f 424//424 484//484 486//486
f 373//373 538//538 494//494
f 374//374 487//487 539//539
f 540//540 541//541 487//487
f 540//540 487//487 485//485
f 485//485 488//488 540//540
f 486//486 542//542 490//490
f 488//488 495//495 540//540
f 542//542 491//491 490//490
f 543//543 428//428 491//491
f 543//543 491//491 542//542
f 428//428 543//543 497//497
f 544//544 429//429 496//496
f 543//543 545//545 497//497
f 326//326 493//493 433//433
f 496//496 497//497 546//546
f 431//431 327//327 547//547
f 433//433 548//548 379//379
f 547//547 327//327 549//549
f 327//327 380//380 549//549
f 379//379 548//548 498//498
f 501//501 498//498 548//548
f 550//550 501//501 548//548
f 502//502 501//501 550//550
f 382//382 383//383 551//551
f 550//550 505//505 502//502
f 508//508 450//450 552//552
f 450//450 505//505 552//552
f 508//508 552//552 512//512
f 452//452 553//553 448//448
f 514//514 512//512 554//554
f 455//455 514//514 554//554
f 455//455 554//554 515//515
f 555//555 513//513 516//516
f 517//517 513//513 556//556
f 555//555 556//556 513//513
f 557//557 517//517 556//556
f 516//516 558//558 555//555
f 517//517 557//557 459//459
f 558//558 556//556 555//555
f 516//516 519//519 558//558
f 516//516 456//456 519//519
f 459//459 557//557 559//559
f 560//560 558//558 519//519
f 459//459 559//559 520//520
f 518//518 521//521 561//561
f 519//519 518//518 561//561
f 403//403 520//520 562//562
f 462//462 561//561 521//521
f 403//403 562//562 461//461
f 561//561 462//462 563//563
f 462//462 564//564 563//563
f 562//562 565//565 461//461
f 462//462 408//408 564//564
f 565//565 522//522 461//461
f 564//564 408//408 463//463
f 464//464 566//566 567//567
f 464//464 567//567 465//465
f 522//522 566//566 464//464
f 463//463 410//410 568//568
f 465//465 567//567 524//524
f 410//410 523//523 569//569
f 569//569 568//568 410//410
f 570//570 470//470 525//525
f 470//470 570//570 526//526
f 526//526 570//570 571//571
f 528//528 415//415 315//315
f 571//571 529//529 526//526
f 531//531 529//529 572//572
f 536//536 530//530 527//527
f 573//573 531//531 572//572
f 534//534 574//574 535//535
f 575//575 536//536 535//535
f 576//576 531//531 573//573
f 533//533 531//531 576//576
f 534//534 533//533 577//577
f 577//577 574//574 534//534
f 576//576 577//577 533//533
f 578//578 537//537 476//476
f 475//475 474//474 579//579
f 580//580 579//579 474//474
f 581//581 578//578 476//476
f 477//477 581//581 476//476
f 425//425 475//475 582//582
f 582//582 475//475 579//579
f 477//477 478//478 581//581
f 425//425 582//582 538//538
f 482//482 583//583 483//483
f 584//584 479//479 480//480
f 582//582 585//585 538//538
f 481//481 583//583 482//482
f 494//494 538//538 585//585
f 539//539 583//583 481//481
f 484//484 483//483 586//586
f 486//486 484//484 586//586
f 480//480 427//427 492//492
f 487//487 587//587 539//539
f 587//587 487//487 541//541
f 588//588 587//587 541//541
f 589//589 542//542 486//486
f 494//494 590//590 493//493
f 540//540 591//591 541//541
f 495//495 591//591 540//540
f 429//429 591//591 495//495
f 591//591 429//429 544//544
f 377//377 432//432 592//592
f 544//544 593//593 591//591
f 544//544 594//594 593//593
f 546//546 497//497 545//545
f 493//493 595//595 433//433
f 546//546 596//596 544//544
f 496//496 546//546 544//544
f 595//595 548//548 433//433
f 597//597 598//598 599//599
f 599//599 600//600 597//597
f 601//601 602//602 603//603
f 603//603 604//604 601//601
f 597//597 605//605 598//598
f 600//600 605//605 597//597
f 601//601 606//606 602//602
f 604//604 606//606 601//601
f 607//607 548//548 595//595
f 607//607 608//608 548//548
f 380//380 499//499 549//549
f 608//608 550//550 548//548
f 608//608 609//609 550//550
f 438//438 382//382 551//551
f 609//609 610//610 550//550
f 610//610 505//505 550//550
f 384//384 506//506 611//611
f 384//384 611//611 383//383
f 505//505 610//610 552//552
f 512//512 552//552 612//612
f 613//613 512//512 612//612
f 506//506 333//333 614//614
f 554//554 512//512 613//613
f 333//333 448//448 614//614
f 515//515 554//554 615//615
f 615//615 616//616 515//515
f 616//616 391//391 515//515
f 614//614 448//448 553//553
f 617//617 452//452 391//391
f 557//557 618//618 559//559
f 557//557 556//556 619//619
f 558//558 619//619 556//556
f 558//558 560//560 619//619
f 519//519 561//561 560//560
f 520//520 559//559 620//620
f 557//557 621//621 618//618
f 622//622 621//621 557//557
f 619//619 622//622 557//557
f 623//623 622//622 619//619
f 560//560 623//623 619//619
f 563//563 624//624 560//560
f 560//560 624//624 623//623
f 561//561 563//563 560//560
f 520//520 620//620 562//562
f 625//625 624//624 563//563
f 564//564 625//625 563//563
f 626//626 625//625 564//564
f 627//627 522//522 565//565
f 463//463 626//626 564//564
f 463//463 568//568 626//626
f 525//525 524//524 628//628
f 628//628 524//524 567//567
f 570//570 525//525 628//628
f 523//523 415//415 629//629
f 571//571 570//570 630//630
f 415//415 528//528 629//629
f 571//571 630//630 631//631
f 571//571 631//631 529//529
f 529//529 631//631 572//572
f 632//632 572//572 631//631
f 633//633 530//530 536//536
f 573//573 572//572 632//632
f 535//535 574//574 575//575
f 575//575 633//633 536//536
f 634//634 573//573 632//632
f 576//576 573//573 634//634
f 577//577 576//576 634//634
f 574//574 577//577 635//635
f 635//635 575//575 574//574
f 577//577 634//634 635//635
f 634//634 636//636 635//635
f 580//580 474//474 537//537
f 537//537 578//578 580//580
f 637//637 578//578 581//581
f 583//583 638//638 483//483
f 539//539 638//638 583//583
f 586//586 639//639 640//640
f 586//586 638//638 639//639
f 586//586 483//483 638//638
f 486//486 586//586 589//589
f 638//638 539//539 587//587
f 588//588 641//641 639//639
f 587//587 588//588 639//639
f 587//587 639//639 638//638
f 589//589 642//642 542//542
f 642//642 589//589 643//643
f 592//592 492//492 377//377
f 591//591 588//588 541//541
f 642//642 543//543 542//542
f 644//644 588//588 591//591
f 591//591 593//593 644//644
f 594//594 645//645 593//593
f 593//593 645//645 644//644
f 646//646 645//645 594//594
f 646//646 594//594 647//647
f 545//545 543//543 648//648
f 647//647 648//648 646//646
f 647//647 545//545 648//648
f 544//544 596//596 594//594
f 647//647 594//594 596//596
f 545//545 647//647 546//546
f 599//599 598//598 649//649
f 599//599 649//649 600//600
f 603//603 602//602 650//650
f 603//603 650//650 604//604
f 547//547 651//651 431//431
f 598//598 605//605 649//649
f 600//600 649//649 605//605
f 602//602 606//606 650//650
f 604//604 650//650 606//606
f 607//607 652//652 608//608
f 653//653 549//549 654//654
f 549//549 499//499 654//654
f 608//608 652//652 609//609
f 609//609 652//652 655//655
f 499//499 438//438 656//656
f 656//656 438//438 551//551
f 551//551 383//383 657//657
f 657//657 383//383 611//611
f 552//552 610//610 658//658
f 506//506 614//614 611//611
f 554//554 613//613 615//615
f 617//617 553//553 452//452
f 615//615 659//659 616//616
f 617//617 391//391 660//660
f 618//618 621//621 559//559
f 661//661 621//621 622//622
f 559//559 621//621 620//620
f 623//623 624//624 622//622
f 662//662 622//622 624//624
f 562//562 620//620 663//663
f 625//625 662//662 624//624
f 562//562 663//663 565//565
f 565//565 664//664 627//627
f 565//565 663//663 664//664
f 665//665 625//625 626//626
f 665//665 626//626 568//568
f 566//566 522//522 666//666
f 627//627 666//666 522//522
f 665//665 568//568 569//569
f 567//567 566//566 628//628
f 569//569 523//523 667//667
f 566//566 668//668 628//628
f 628//628 669//669 570//570
f 570//570 669//669 630//630
f 630//630 669//669 670//670
f 670//670 631//631 630//630
f 671//671 629//629 528//528
f 528//528 530//530 671//671
f 631//631 672//672 632//632
f 673//673 672//672 674//674
f 673//673 632//632 672//672
f 675//675 673//673 674//674
f 632//632 673//673 634//634
f 676//676 673//673 675//675
f 673//673 676//676 634//634
f 575//575 635//635 677//677
f 634//634 676//676 636//636
f 635//635 678//678 677//677
f 635//635 636//636 678//678
f 679//679 579//579 580//580
f 680//680 679//679 580//580
f 578//578 680//680 580//580
f 578//578 637//637 680//680
f 581//581 681//681 637//637
f 581//581 682//682 681//681
f 581//581 478//478 682//682
f 479//479 584//584 478//478
f 683//683 582//582 579//579
f 684//684 582//582 683//683
f 685//685 584//584 480//480
f 582//582 684//684 585//585
f 685//685 480//480 492//492
f 686//686 685//685 492//492
f 640//640 639//639 687//687
f 586//586 640//640 687//687
f 687//687 643//643 586//586
f 586//586 643//643 589//589
f 640//640 639//639 641//641
f 686//686 492//492 592//592
f 688//688 494//494 585//585
f 639//639 689//689 641//641
f 588//588 689//689 641//641
f 690//690 648//648 543//543
f 690//690 543//543 642//642
f 690//690 691//691 648//648
f 590//590 494//494 692//692
f 494//494 688//688 692//692
f 588//588 644//644 689//689
f 691//691 646//646 648//648
f 645//645 693//693 644//644
f 645//645 646//646 693//693
f 493//493 590//590 595//595
f 546//546 647//647 596//596
f 694//694 595//595 590//590
f 595//595 694//694 607//607
f 547//547 549//549 653//653
f 694//694 652//652 607//607
f 694//694 695//695 652//652
f 653//653 654//654 696//696
f 654//654 499//499 656//656
f 658//658 609//609 655//655
f 610//610 609//609 658//658
f 658//658 612//612 552//552
f 657//657 611//611 697//697
f 611//611 614//614 697//697
f 612//612 698//698 613//613
f 614//614 699//699 697//697
f 613//613 700//700 701//701
f 615//615 613//613 701//701
f 699//699 614//614 553//553
f 659//659 615//615 701//701
f 616//616 659//659 702//702
f 391//391 616//616 660//660
f 621//621 703//703 620//620
f 621//621 661//661 703//703
f 703//703 661//661 704//704
f 622//622 662//662 661//661
f 620//620 703//703 663//663
f 661//661 662//662 704//704
f 705//705 704//704 662//662
f 662//662 625//625 705//705
f 625//625 665//665 705//705
f 569//569 706//706 665//665
f 569//569 667//667 706//706
f 566//566 666//666 668//668
f 707//707 667//667 523//523
f 669//669 628//628 708//708
f 708//708 628//628 668//668
f 523//523 629//629 707//707
f 669//669 708//708 670//670
f 671//671 709//709 629//629
f 631//631 670//670 672//672
f 670//670 710//710 672//672
f 674//674 672//672 710//710
f 530//530 633//633 671//671
f 674//674 711//711 675//675
f 676//676 675//675 712//712
f 712//712 675//675 711//711
f 713//713 676//676 712//712
f 676//676 713//713 636//636
f 636//636 713//713 714//714
f 715//715 636//636 714//714
f 678//678 636//636 715//715
f 683//683 579//579 679//679
f 680//680 716//716 679//679
f 680//680 637//637 716//716
f 478//478 717//717 682//682
f 584//584 717//717 478//478
f 687//687 639//639 718//718
f 687//687 719//719 643//643
f 585//585 720//720 688//688
f 585//585 684//684 720//720
f 643//643 719//719 642//642
f 721//721 722//722 723//723
f 723//723 724//724 721//721
f 690//690 642//642 719//719
f 721//721 725//725 722//722
f 724//724 725//725 721//721
f 644//644 693//693 726//726
f 689//689 644//644 726//726
f 727//727 686//686 592//592
f 728//728 692//692 688//688
f 729//729 730//730 731//731
f 731//731 732//732 729//729
f 726//726 693//693 646//646
f 691//691 726//726 646//646
f 729//729 733//733 730//730
f 732//732 733//733 729//729
f 692//692 694//694 590//590
f 432//432 431//431 734//734
f 734//734 431//431 651//651
f 653//653 651//651 547//547
f 694//694 735//735 695//695
f 696//696 654//654 736//736
f 695//695 737//737 652//652
f 736//736 654//654 656//656
f 652//652 737//737 655//655
f 656//656 551//551 657//657
f 655//655 737//737 658//658
f 738//738 656//656 657//657
f 739//739 738//738 657//657
f 657//657 697//697 739//739
f 740//740 739//739 697//697
f 658//658 698//698 612//612
f 698//698 700//700 613//613
f 699//699 741//741 697//697
f 740//740 697//697 741//741
f 553//553 617//617 742//742
f 742//742 743//743 553//553
f 553//553 743//743 699//699
f 741//741 699//699 743//743
f 744//744 740//740 741//741
f 701//701 700//700 745//745
f 702//702 660//660 616//616
f 660//660 742//742 617//617
f 743//743 742//742 746//746
f 741//741 743//743 747//747
f 744//744 741//741 747//747
f 659//659 701//701 745//745
f 748//748 659//659 745//745
f 702//702 659//659 748//748
f 660//660 702//702 749//749
f 750//750 660//660 749//749
f 742//742 660//660 751//751
f 746//746 742//742 752//752
f 747//747 743//743 753//753
f 753//753 743//743 746//746
f 753//753 754//754 747//747
f 747//747 754//754 744//744
f 755//755 744//744 754//754
f 756//756 755//755 754//754
f 757//757 755//755 756//756
f 758//758 757//757 756//756
f 759//759 758//758 756//756
f 759//759 756//756 754//754
f 703//703 760//760 663//663
f 703//703 704//704 760//760
f 663//663 761//761 664//664
f 663//663 760//760 761//761
f 761//761 760//760 762//762
f 704//704 763//763 760//760
f 704//704 705//705 763//763
f 664//664 761//761 627//627
f 763//763 762//762 760//760
f 764//764 762//762 763//763
f 705//705 765//765 763//763
f 705//705 665//665 765//765
f 627//627 766//766 666//666
f 627//627 761//761 766//766
f 767//767 761//761 762//762
f 763//763 765//765 764//764
f 665//665 706//706 765//765
f 766//766 761//761 767//767
f 768//768 764//764 765//765
f 765//765 706//706 768//768
f 769//769 766//766 767//767
f 768//768 706//706 770//770
f 770//770 706//706 667//667
f 668//668 666//666 771//771
f 667//667 707//707 770//770
f 668//668 771//771 708//708
f 766//766 771//771 666//666
f 707//707 629//629 772//772
f 772//772 773//773 707//707
f 708//708 774//774 670//670
f 629//629 709//709 772//772
f 671//671 633//633 709//709
f 710//710 775//775 674//674
f 776//776 709//709 633//633
f 674//674 775//775 711//711
f 575//575 777//777 633//633
f 777//777 776//776 633//633
f 711//711 778//778 712//712
f 677//677 777//777 575//575
f 777//777 677//677 779//779
f 677//677 678//678 779//779
f 780//780 777//777 779//779
f 678//678 715//715 781//781
f 782//782 678//678 781//781
f 779//779 678//678 782//782
f 783//783 679//679 716//716
f 637//637 681//681 716//716
f 783//783 784//784 679//679
f 584//584 785//785 717//717
f 685//685 785//785 584//584
f 786//786 683//683 679//679
f 787//787 685//685 686//686
f 684//684 683//683 786//786
f 718//718 719//719 687//687
f 684//684 786//786 720//720
f 718//718 639//639 689//689
f 723//723 722//722 724//724
f 691//691 690//690 719//719
f 691//691 719//719 788//788
f 720//720 728//728 688//688
f 724//724 722//722 725//725
f 731//731 730//730 789//789
f 731//731 789//789 732//732
f 592//592 432//432 727//727
f 727//727 432//432 734//734
f 730//730 733//733 789//789
f 732//732 789//789 733//733
f 692//692 735//735 694//694
f 735//735 790//790 695//695
f 790//790 791//791 695//695
f 696//696 736//736 792//792
f 736//736 656//656 738//738
f 737//737 793//793 658//658
f 794//794 739//739 740//740
f 738//738 739//739 794//794
f 658//658 793//793 698//698
f 795//795 794//794 740//740
f 795//795 740//740 744//744
f 698//698 793//793 796//796
f 797//797 795//795 798//798
f 698//698 796//796 700//700
f 755//755 795//795 744//744
f 798//798 795//795 755//755
f 797//797 798//798 799//799
f 745//745 700//700 800//800
f 800//800 700//700 796//796
f 801//801 702//702 748//748
f 702//702 801//801 749//749
f 751//751 752//752 742//742
f 757//757 798//798 755//755
f 757//757 799//799 798//798
f 746//746 802//802 753//753
f 746//746 752//752 802//802
f 799//799 758//758 803//803
f 799//799 757//757 758//758
f 754//754 753//753 802//802
f 802//802 804//804 754//754
f 754//754 804//804 759//759
f 759//759 805//805 758//758
f 805//805 806//806 758//758
f 759//759 804//804 807//807
f 759//759 807//807 808//808
f 759//759 808//808 805//805
f 762//762 764//764 767//767
f 764//764 809//809 767//767
f 766//766 769//769 810//810
f 708//708 771//771 811//811
f 707//707 773//773 770//770
f 708//708 811//811 774//774
f 773//773 772//772 812//812
f 772//772 709//709 813//813
f 813//813 812//812 772//772
f 774//774 814//814 670//670
f 670//670 814//814 710//710
f 813//813 709//709 815//815
f 815//815 709//709 776//776
f 710//710 816//816 775//775
f 814//814 816//816 710//710
f 711//711 775//775 778//778
f 712//712 714//714 713//713
f 817//817 714//714 712//712
f 779//779 782//782 818//818
f 780//780 779//779 818//818
f 681//681 819//819 716//716
f 682//682 820//820 681//681
f 681//681 820//820 819//819
f 717//717 820//820 682//682
f 679//679 784//784 786//786
f 785//785 685//685 787//787
f 720//720 786//786 821//821
f 719//719 718//718 788//788
f 720//720 822//822 823//823
f 822//822 720//720 821//821
f 718//718 689//689 726//726
f 788//788 718//718 726//726
f 787//787 686//686 727//727
f 823//823 728//728 720//720
f 691//691 788//788 726//726
f 692//692 728//728 790//790
f 692//692 790//790 735//735
f 824//824 651//651 825//825
f 651//651 653//653 825//825
f 825//825 653//653 826//826
f 653//653 696//696 826//826
f 791//791 827//827 695//695
f 826//826 696//696 828//828
f 828//828 696//696 792//792
f 737//737 695//695 827//827
f 792//792 738//738 829//829
f 736//736 738//738 792//792
f 830//830 792//792 829//829
f 738//738 794//794 829//829
f 829//829 794//794 831//831
f 832//832 829//829 831//831
f 832//832 830//830 829//829
f 737//737 833//833 793//793
f 831//831 794//794 795//795
f 831//831 834//834 832//832
f 832//832 834//834 835//835
f 834//834 831//831 797//797
f 797//797 831//831 795//795
f 835//835 834//834 797//797
f 836//836 835//835 797//797
f 797//797 799//799 836//836
f 836//836 799//799 803//803
f 837//837 745//745 800//800
f 837//837 800//800 838//838
f 745//745 837//837 748//748
f 749//749 801//801 839//839
f 801//801 840//840 839//839
f 749//749 841//841 750//750
f 842//842 751//751 750//750
f 751//751 660//660 750//750
f 748//748 837//837 843//843
f 843//843 837//837 844//844
f 843//843 801//801 748//748
f 752//752 751//751 842//842
f 758//758 806//806 803//803
f 837//837 838//838 844//844
f 802//802 752//752 842//842
f 802//802 842//842 804//804
f 808//808 845//845 805//805
f 807//807 846//846 808//808
f 808//808 846//846 845//845
f 809//809 764//764 847//847
f 769//769 767//767 848//848
f 767//767 809//809 848//848
f 848//848 810//810 769//769
f 768//768 847//847 764//764
f 847//847 768//768 770//770
f 849//849 847//847 770//770
f 766//766 810//810 771//771
f 849//849 770//770 850//850
f 850//850 773//773 812//812
f 850//850 770//770 773//773
f 774//774 811//811 851//851
f 816//816 852//852 775//775
f 775//775 852//852 778//778
f 853//853 776//776 777//777
f 777//777 780//780 854//854
f 817//817 712//712 778//778
f 855//855 715//715 714//714
f 855//855 714//714 856//856
f 856//856 714//714 817//817
f 855//855 781//781 715//715
f 819//819 783//783 716//716
f 717//717 785//785 820//820
f 784//784 821//821 786//786
f 727//727 857//857 787//787
f 823//823 858//858 728//728
f 859//859 727//727 734//734
f 860//860 859//859 734//734
f 728//728 858//858 790//790
f 651//651 824//824 860//860
f 734//734 651//651 860//860
f 790//790 861//861 791//791
f 861//861 862//862 791//791
f 828//828 863//863 826//826
f 827//827 833//833 737//737
f 828//828 792//792 830//830
f 863//863 828//828 830//830
f 864//864 863//863 830//830
f 864//864 830//830 865//865
f 865//865 830//830 866//866
f 833//833 867//867 793//793
f 835//835 830//830 832//832
f 866//866 830//830 835//835
f 866//866 835//835 868//868
f 793//793 867//867 796//796
f 835//835 836//836 868//868
f 869//869 868//868 870//870
f 796//796 867//867 800//800
f 836//836 803//803 871//871
f 868//868 836//836 871//871
f 870//870 868//868 871//871
f 871//871 872//872 873//873
f 871//871 803//803 872//872
f 800//800 874//874 838//838
f 841//841 749//749 839//839
f 801//801 843//843 875//875
f 801//801 875//875 840//840
f 841//841 876//876 842//842
f 841//841 842//842 750//750
f 872//872 806//806 877//877
f 803//803 806//806 872//872
f 878//878 842//842 876//876
f 877//877 806//806 879//879
f 880//880 844//844 838//838
f 843//843 844//844 881//881
f 881//881 875//875 843//843
f 878//878 882//882 842//842
f 842//842 882//882 804//804
f 804//804 883//883 807//807
f 879//879 806//806 805//805
f 883//883 804//804 882//882
f 883//883 846//846 807//807
f 879//879 805//805 845//845
f 880//880 881//881 844//844
f 884//884 845//845 846//846
f 885//885 848//848 809//809
f 847//847 885//885 809//809
f 886//886 885//885 847//847
f 847//847 849//849 886//886
f 848//848 887//887 810//810
f 771//771 810//810 887//887
f 888//888 849//849 850//850
f 771//771 889//889 811//811
f 889//889 771//771 887//887
f 890//890 850//850 812//812
f 851//851 811//811 891//891
f 891//891 811//811 889//889
f 892//892 890//890 812//812
f 892//892 812//812 813//813
f 813//813 815//815 893//893
f 893//893 815//815 894//894
f 895//895 816//816 814//814
f 815//815 776//776 896//896
f 816//816 895//895 852//852
f 853//853 896//896 776//776
f 853//853 777//777 854//854
f 818//818 854//854 780//780
f 817//817 897//897 856//856
f 897//897 898//898 856//856
f 781//781 899//899 782//782
f 899//899 900//900 782//782
f 818//818 782//782 900//900
f 901//901 781//781 855//855
f 899//899 781//781 901//901
f 819//819 820//820 902//902
f 820//820 903//903 902//902
f 820//820 904//904 903//903
f 785//785 904//904 820//820
f 783//783 905//905 784//784
f 785//785 906//906 904//904
f 907//907 821//821 784//784
f 906//906 785//785 787//787
f 822//822 821//821 908//908
f 822//822 908//908 823//823
f 823//823 909//909 858//858
f 857//857 727//727 859//859
f 858//858 861//861 790//790
f 910//910 791//791 862//862
f 791//791 910//910 827//827
f 826//826 863//863 911//911
f 912//912 913//913 914//914
f 914//914 915//915 912//912
f 912//912 916//916 913//913
f 915//915 916//916 912//912
f 865//865 866//866 917//917
f 917//917 866//866 869//869
f 917//917 869//869 918//918
f 866//866 868//868 869//869
f 919//919 867//867 920//920
f 869//869 870//870 921//921
f 918//918 869//869 921//921
f 870//870 871//871 873//873
f 867//867 874//874 800//800
f 919//919 874//874 867//867
f 922//922 923//923 872//872
f 923//923 873//873 872//872
f 839//839 840//840 924//924
f 924//924 841//841 839//839
f 922//922 872//872 877//877
f 841//841 924//924 925//925
f 841//841 925//925 876//876
f 840//840 875//875 926//926
f 879//879 927//927 877//877
f 838//838 874//874 880//880
f 874//874 928//928 880//880
f 881//881 929//929 875//875
f 875//875 929//929 926//926
f 927//927 879//879 845//845
f 930//930 880//880 928//928
f 846//846 883//883 931//931
f 884//884 846//846 931//931
f 927//927 845//845 884//884
f 932//932 930//930 933//933
f 880//880 930//930 932//932
f 880//880 932//932 934//934
f 881//881 880//880 934//934
f 935//935 887//887 848//848
f 935//935 848//848 885//885
f 936//936 886//886 849//849
f 849//849 888//888 936//936
f 888//888 850//850 890//890
f 892//892 888//888 890//890
f 813//813 893//893 937//937
f 813//813 937//937 892//892
f 774//774 938//938 814//814
f 851//851 938//938 774//774
f 815//815 896//896 894//894
f 852//852 939//939 778//778
f 778//778 939//939 897//897
f 817//817 778//778 897//897
f 940//940 854//854 818//818
f 818//818 900//900 941//941
f 818//818 941//941 940//940
f 855//855 856//856 901//901
f 819//819 942//942 783//783
f 942//942 819//819 943//943
f 819//819 902//902 943//943
f 942//942 905//905 783//783
f 907//907 944//944 821//821
f 905//905 907//907 784//784
f 905//905 944//944 907//907
f 904//904 906//906 945//945
f 821//821 946//946 908//908
f 908//908 946//946 947//947
f 823//823 908//908 948//948
f 787//787 949//949 906//906
f 857//857 949//949 787//787
f 909//909 823//823 948//948
f 859//859 949//949 857//857
f 949//949 859//859 950//950
f 859//859 860//860 950//950
f 860//860 824//824 951//951
f 952//952 825//825 911//911
f 825//825 826//826 911//911
f 910//910 953//953 827//827
f 827//827 953//953 833//833
f 914//914 913//913 954//954
f 914//914 954//954 915//915
f 913//913 916//916 954//954
f 915//915 954//954 916//916
f 865//865 955//955 864//864
f 865//865 917//917 955//955
f 867//867 833//833 920//920
f 956//956 873//873 923//923
f 921//921 873//873 956//956
f 870//870 873//873 921//921
f 957//957 874//874 919//919
f 922//922 877//877 958//958
f 957//957 928//928 874//874
f 926//926 959//959 840//840
f 840//840 959//959 924//924
f 877//877 927//927 958//958
f 878//878 876//876 960//960
f 878//878 960//960 882//882
f 929//929 959//959 926//926
f 961//961 959//959 929//929
f 931//931 883//883 882//882
f 884//884 931//931 962//962
f 927//927 884//884 962//962
f 928//928 933//933 930//930
f 929//929 881//881 934//934
f 932//932 963//963 934//934
f 935//935 885//885 964//964
f 885//885 886//886 964//964
f 965//965 936//936 888//888
f 937//937 966//966 892//892
f 937//937 893//893 967//967
f 851//851 968//968 938//938
f 891//891 968//968 851//851
f 969//969 895//895 814//814
f 970//970 897//897 939//939
f 940//940 971//971 854//854
f 970//970 898//898 897//897
f 901//901 972//972 899//899
f 902//902 903//903 943//943
f 903//903 904//904 945//945
f 946//946 821//821 944//944
f 903//903 973//973 943//943
f 945//945 973//973 903//903
f 908//908 947//947 948//948
f 974//974 945//945 906//906
f 949//949 975//975 976//976
f 949//949 976//976 906//906
f 977//977 909//909 948//948
f 949//949 978//978 975//975
f 978//978 949//949 950//950
f 858//858 909//909 861//861
f 951//951 950//950 860//860
f 951//951 824//824 979//979
f 824//824 825//825 979//979
f 979//979 825//825 952//952
f 864//864 911//911 863//863
f 864//864 980//980 911//911
f 864//864 955//955 981//981
f 918//918 921//921 982//982
f 982//982 983//983 918//918
f 920//920 984//984 919//919
f 923//923 985//985 956//956
f 921//921 956//956 986//986
f 922//922 985//985 923//923
f 987//987 985//985 922//922
f 922//922 958//958 987//987
f 924//924 959//959 988//988
f 924//924 988//988 925//925
f 989//989 959//959 990//990
f 925//925 991//991 876//876
f 958//958 927//927 992//992
f 960//960 991//991 993//993
f 960//960 876//876 991//991
f 990//990 959//959 961//961
f 960//960 993//993 882//882
f 994//994 928//928 957//957
f 882//882 993//993 995//995
f 882//882 995//995 931//931
f 996//996 992//992 962//962
f 927//927 962//962 992//992
f 929//929 934//934 997//997
f 929//929 997//997 961//961
f 962//962 931//931 995//995
f 928//928 994//994 933//933
f 998//998 932//932 933//933
f 998//998 933//933 999//999
f 999//999 933//933 994//994
f 998//998 963//963 932//932
f 963//963 997//997 934//934
f 961//961 997//997 1000//1000
f 997//997 963//963 1001//1001
f 1001//1001 963//963 998//998
f 1002//1002 998//998 999//999
f 1001//1001 998//998 1003//1003
f 1003//1003 998//998 1002//1002
f 1004//1004 1002//1002 999//999
f 935//935 1005//1005 887//887
f 886//886 936//936 964//964
f 1006//1006 1005//1005 964//964
f 1005//1005 935//935 964//964
f 1007//1007 1006//1006 964//964
f 936//936 1007//1007 964//964
f 936//936 965//965 1007//1007
f 889//889 887//887 1005//1005
f 888//888 892//892 965//965
f 965//965 892//892 966//966
f 1008//1008 889//889 1005//1005
f 1009//1009 889//889 1008//1008
f 1010//1010 937//937 967//967
f 1010//1010 966//966 937//937
f 1010//1010 967//967 1011//1011
f 891//891 889//889 1009//1009
f 893//893 894//894 967//967
f 1012//1012 967//967 894//894
f 814//814 938//938 969//969
f 1012//1012 894//894 896//896
f 1012//1012 896//896 1013//1013
f 853//853 1013//1013 896//896
f 895//895 1014//1014 852//852
f 852//852 1014//1014 939//939
f 853//853 854//854 971//971
f 971//971 1015//1015 853//853
f 1015//1015 1013//1013 853//853
f 1015//1015 971//971 940//940
f 970//970 1016//1016 898//898
f 1016//1016 856//856 898//898
f 901//901 856//856 1016//1016
f 1017//1017 940//940 941//941
f 1018//1018 901//901 1016//1016
f 901//901 1018//1018 972//972
f 972//972 900//900 899//899
f 1017//1017 941//941 900//900
f 946//946 944//944 1019//1019
f 905//905 1020//1020 944//944
f 942//942 1020//1020 905//905
f 943//943 1020//1020 942//942
f 974//974 973//973 945//945
f 906//906 976//976 974//974
f 1021//1021 950//950 951//951
f 1022//1022 862//862 861//861
f 951//951 979//979 1023//1023
f 862//862 1022//1022 910//910
f 910//910 1024//1024 953//953
f 981//981 980//980 864//864
f 833//833 953//953 920//920
f 1025//1025 955//955 917//917
f 983//983 917//917 918//918
f 1026//1026 986//986 956//956
f 986//986 982//982 921//921
f 986//986 1027//1027 982//982
f 984//984 920//920 1028//1028
f 985//985 1029//1029 956//956
f 958//958 1030//1030 987//987
f 919//919 984//984 1031//1031
f 989//989 988//988 959//959
f 989//989 1032//1032 988//988
f 1032//1032 925//925 988//988
f 925//925 1032//1032 1033//1033
f 1030//1030 958//958 992//992
f 919//919 1034//1034 957//957
f 1033//1033 991//991 925//925
f 1035//1035 993//993 991//991
f 996//996 1030//1030 992//992
f 957//957 1034//1034 994//994
f 990//990 961//961 1036//1036
f 993//993 1035//1035 1037//1037
f 1037//1037 995//995 993//993
f 996//996 962//962 1038//1038
f 962//962 995//995 1038//1038
f 994//994 1039//1039 999//999
f 1000//1000 1040//1040 961//961
f 961//961 1040//1040 1036//1036
f 997//997 1001//1001 1000//1000
f 1041//1041 1040//1040 1000//1000
f 1000//1000 1001//1001 1042//1042
f 1042//1042 1041//1041 1000//1000
f 1003//1003 1042//1042 1001//1001
f 1002//1002 1043//1043 1003//1003
f 1042//1042 1003//1003 1043//1043
f 1006//1006 1007//1007 1044//1044
f 1044//1044 1045//1045 1006//1006
f 965//965 1044//1044 1007//1007
f 1046//1046 1047//1047 1048//1048
f 1049//1049 1046//1046 1048//1048
f 1050//1050 1049//1049 1048//1048
f 1048//1048 1047//1047 1051//1051
f 1050//1050 1048//1048 1052//1052
f 1052//1052 1053//1053 1050//1050
f 1011//1011 967//967 1054//1054
f 891//891 1009//1009 1055//1055
f 1009//1009 1008//1008 1055//1055
f 1051//1051 1056//1056 1048//1048
f 1056//1056 1052//1052 1048//1048
f 967//967 1012//1012 1054//1054
f 969//969 1057//1057 1014//1014
f 969//969 1014//1014 895//895
f 1058//1058 970//970 939//939
f 970//970 1058//1058 1016//1016
f 940//940 1017//1017 1015//1015
f 972//972 1018//1018 1059//1059
f 900//900 972//972 1059//1059
f 900//900 1059//1059 1017//1017
f 944//944 1060//1060 1019//1019
f 944//944 1020//1020 1060//1060
f 943//943 1061//1061 1020//1020
f 973//973 1061//1061 943//943
f 974//974 1061//1061 973//973
f 948//948 947//947 1062//1062
f 1062//1062 977//977 948//948
f 975//975 1063//1063 1064//1064
f 976//976 975//975 1064//1064
f 976//976 1064//1064 974//974
f 977//977 1065//1065 909//909
f 975//975 978//978 1063//1063
f 909//909 1065//1065 861//861
f 1065//1065 1022//1022 861//861
f 950//950 1066//1066 978//978
f 950//950 1021//1021 1066//1066
f 979//979 1067//1067 1023//1023
f 1067//1067 979//979 952//952
f 1022//1022 1024//1024 910//910
f 911//911 980//980 952//952
f 1068//1068 1069//1069 1070//1070
f 1070//1070 1071//1071 1068//1068
f 1068//1068 1072//1072 1069//1069
f 1071//1071 1072//1072 1068//1068
f 1073//1073 980//980 981//981
f 981//981 955//955 1074//1074
f 1074//1074 955//955 1025//1025
f 953//953 1075//1075 920//920
f 1029//1029 1076//1076 956//956
f 1076//1076 1026//1026 956//956
f 986//986 1026//1026 1027//1027
f 1077//1077 983//983 982//982
f 1027//1027 1077//1077 982//982
f 1078//1078 1029//1029 985//985
f 1078//1078 985//985 987//987
f 919//919 1031//1031 1034//1034
f 1030//1030 996//996 1079//1079
f 1033//1033 1035//1035 991//991
f 1038//1038 1080//1080 1079//1079
f 996//996 1038//1038 1079//1079
f 995//995 1037//1037 1081//1081
f 995//995 1081//1081 1080//1080
f 1080//1080 1038//1038 995//995
f 1039//1039 1004//1004 999//999
f 1039//1039 1082//1082 1004//1004
f 1082//1082 1083//1083 1004//1004
f 1004//1004 1083//1083 1084//1084
f 1002//1002 1004//1004 1084//1084
f 1084//1084 1043//1043 1002//1002
f 1043//1043 1085//1085 1042//1042
f 1085//1085 1041//1041 1042//1042
f 1086//1086 1085//1085 1043//1043
f 1049//1049 1087//1087 1046//1046
f 1047//1047 1046//1046 1088//1088
f 1089//1089 1047//1047 1088//1088
f 1090//1090 1087//1087 1049//1049
f 1091//1091 1090//1090 1092//1092
f 1093//1093 1047//1047 1089//1089
f 1050//1050 1090//1090 1049//1049
f 1006//1006 1045//1045 1005//1005
f 965//965 1094//1094 1044//1044
f 966//966 1095//1095 965//965
f 965//965 1095//1095 1094//1094
f 1096//1096 1092//1092 1090//1090
f 1050//1050 1096//1096 1090//1090
f 1008//1008 1005//1005 1097//1097
f 1005//1005 1045//1045 1097//1097
f 966//966 1010//1010 1095//1095
f 1098//1098 1051//1051 1093//1093
f 1051//1051 1047//1047 1093//1093
f 1053//1053 1096//1096 1050//1050
f 1099//1099 1008//1008 1097//1097
f 1010//1010 1011//1011 1100//1100
f 1054//1054 1100//1100 1011//1011
f 1051//1051 1098//1098 1101//1101
f 1101//1101 1098//1098 1102//1102
f 1052//1052 1103//1103 1053//1053
f 1104//1104 1008//1008 1099//1099
f 1102//1102 1105//1105 1101//1101
f 1051//1051 1106//1106 1056//1056
f 1051//1051 1101//1101 1106//1106
f 1107//1107 1103//1103 1052//1052
f 1106//1106 1101//1101 1105//1105
f 1056//1056 1106//1106 1108//1108
f 1056//1056 1108//1108 1052//1052
f 968//968 891//891 1055//1055
f 1055//1055 1008//1008 1104//1104
f 1107//1107 1052//1052 1108//1108
f 1105//1105 1109//1109 1110//1110
f 1106//1106 1105//1105 1110//1110
f 1107//1107 1108//1108 1110//1110
f 1110//1110 1108//1108 1106//1106
f 968//968 1111//1111 938//938
f 1111//1111 968//968 1055//1055
f 1112//1112 1113//1113 1012//1012
f 1012//1012 1013//1013 1112//1112
f 1113//1113 1112//1112 1114//1114
f 969//969 938//938 1057//1057
f 1115//1115 1114//1114 1112//1112
f 1014//1014 1116//1116 939//939
f 1015//1015 1117//1117 1013//1013
f 1115//1115 1112//1112 1117//1117
f 1117//1117 1112//1112 1013//1013
f 1116//1116 1118//1118 939//939
f 939//939 1118//1118 1058//1058
f 1015//1015 1119//1119 1117//1117
f 1058//1058 1120//1120 1016//1016
f 1015//1015 1017//1017 1119//1119
f 1119//1119 1017//1017 1121//1121
f 1122//1122 1018//1018 1016//1016
f 1122//1122 1016//1016 1120//1120
f 1059//1059 1121//1121 1017//1017
f 1119//1119 1121//1121 1123//1123
f 1018//1018 1122//1122 1059//1059
f 1124//1124 1121//1121 1059//1059
f 947//947 1125//1125 1126//1126
f 947//947 1126//1126 1062//1062
f 946//946 1125//1125 947//947
f 946//946 1019//1019 1125//1125
f 1019//1019 1060//1060 1125//1125
f 1061//1061 1127//1127 1020//1020
f 1062//1062 1126//1126 977//977
f 974//974 1064//1064 1061//1061
f 978//978 1066//1066 1063//1063
f 1021//1021 951//951 1023//1023
f 1128//1128 1021//1021 1023//1023
f 952//952 1129//1129 1130//1130
f 1067//1067 952//952 1130//1130
f 952//952 980//980 1129//1129
f 1073//1073 1129//1129 980//980
f 1070//1070 1069//1069 1131//1131
f 1070//1070 1131//1131 1071//1071
f 1069//1069 1072//1072 1131//1131
f 1071//1071 1131//1131 1072//1072
f 1024//1024 1075//1075 953//953
f 1074//1074 1073//1073 981//981
f 1132//1132 1133//1133 1134//1134
f 1134//1134 1135//1135 1132//1132
f 1025//1025 917//917 1136//1136
f 1075//1075 1028//1028 920//920
f 1132//1132 1137//1137 1133//1133
f 1135//1135 1137//1137 1132//1132
f 917//917 983//983 1136//1136
f 983//983 1077//1077 1136//1136
f 1029//1029 1078//1078 1076//1076
f 1138//1138 987//987 1030//1030
f 1032//1032 989//989 1139//1139
f 989//989 1140//1140 1139//1139
f 1139//1139 1033//1033 1032//1032
f 1139//1139 1141//1141 1033//1033
f 1141//1141 1142//1142 1033//1033
f 989//989 990//990 1140//1140
f 1140//1140 990//990 1143//1143
f 1033//1033 1142//1142 1035//1035
f 990//990 1036//1036 1143//1143
f 1035//1035 1144//1144 1037//1037
f 1037//1037 1144//1144 1081//1081
f 1144//1144 1145//1145 1081//1081
f 1080//1080 1081//1081 1145//1145
f 1034//1034 1039//1039 994//994
f 1034//1034 1146//1146 1039//1039
f 1036//1036 1040//1040 1147//1147
f 1082//1082 1148//1148 1083//1083
f 1148//1148 1149//1149 1083//1083
f 1150//1150 1147//1147 1040//1040
f 1151//1151 1084//1084 1083//1083
f 1150//1150 1041//1041 1152//1152
f 1040//1040 1041//1041 1150//1150
f 1153//1153 1084//1084 1151//1151
f 1084//1084 1153//1153 1043//1043
f 1041//1041 1085//1085 1152//1152
f 1043//1043 1153//1153 1154//1154
f 1043//1043 1154//1154 1086//1086
f 1155//1155 1153//1153 1151//1151
f 1154//1154 1153//1153 1155//1155
f 1085//1085 1086//1086 1152//1152
f 1156//1156 1150//1150 1152//1152
f 1157//1157 1155//1155 1151//1151
f 1152//1152 1086//1086 1158//1158
f 1156//1156 1152//1152 1158//1158
f 1155//1155 1159//1159 1154//1154
f 1086//1086 1154//1154 1088//1088
f 1088//1088 1154//1154 1159//1159
f 1158//1158 1086//1086 1160//1160
f 1160//1160 1086//1086 1088//1088
f 1158//1158 1161//1161 1156//1156
f 1158//1158 1160//1160 1087//1087
f 1161//1161 1158//1158 1091//1091
f 1091//1091 1158//1158 1087//1087
f 1161//1161 1091//1091 1162//1162
f 1159//1159 1093//1093 1089//1089
f 1159//1159 1089//1089 1088//1088
f 1087//1087 1088//1088 1046//1046
f 1087//1087 1160//1160 1088//1088
f 1087//1087 1090//1090 1091//1091
f 1091//1091 1092//1092 1162//1162
f 1163//1163 1092//1092 1096//1096
f 1164//1164 1097//1097 1044//1044
f 1097//1097 1045//1045 1044//1044
f 1165//1165 1044//1044 1094//1094
f 1094//1094 1095//1095 1165//1165
f 1010//1010 1100//1100 1166//1166
f 1095//1095 1010//1010 1166//1166
f 1095//1095 1166//1166 1165//1165
f 1100//1100 1167//1167 1166//1166
f 1163//1163 1096//1096 1168//1168
f 1169//1169 1099//1099 1097//1097
f 1164//1164 1169//1169 1097//1097
f 1096//1096 1053//1053 1170//1170
f 1100//1100 1054//1054 1171//1171
f 1167//1167 1100//1100 1171//1171
f 1172//1172 1167//1167 1171//1171
f 1170//1170 1053//1053 1103//1103
f 1173//1173 1099//1099 1169//1169
f 1102//1102 1174//1174 1105//1105
f 1171//1171 1054//1054 1175//1175
f 1176//1176 1104//1104 1099//1099
f 1173//1173 1176//1176 1099//1099
f 1012//1012 1175//1175 1054//1054
f 1105//1105 1174//1174 1109//1109
f 1103//1103 1107//1107 1177//1177
f 1178//1178 1103//1103 1177//1177
f 1170//1170 1103//1103 1178//1178
f 1055//1055 1104//1104 1179//1179
f 1175//1175 1012//1012 1113//1113
f 1180//1180 1175//1175 1113//1113
f 1181//1181 1182//1182 1174//1174
f 1174//1174 1182//1182 1109//1109
f 1177//1177 1107//1107 1183//1183
f 1184//1184 1179//1179 1104//1104
f 1184//1184 1104//1104 1176//1176
f 1109//1109 1182//1182 1185//1185
f 1109//1109 1185//1185 1110//1110
f 1110//1110 1183//1183 1107//1107
f 1110//1110 1186//1186 1183//1183
f 1111//1111 1055//1055 1179//1179
f 1187//1187 1188//1188 1113//1113
f 1180//1180 1113//1113 1188//1188
f 1189//1189 1182//1182 1190//1190
f 1182//1182 1189//1189 1191//1191
f 1185//1185 1182//1182 1191//1191
f 1192//1192 1185//1185 1191//1191
f 1110//1110 1185//1185 1186//1186
f 1186//1186 1185//1185 1192//1192
f 1114//1114 1187//1187 1113//1113
f 1189//1189 1190//1190 1193//1193
f 1192//1192 1191//1191 1194//1194
f 1186//1186 1192//1192 1195//1195
f 938//938 1111//1111 1057//1057
f 1179//1179 1196//1196 1111//1111
f 1187//1187 1114//1114 1197//1197
f 1198//1198 1199//1199 1188//1188
f 1200//1200 1193//1193 1198//1198
f 1193//1193 1200//1200 1189//1189
f 1189//1189 1200//1200 1201//1201
f 1191//1191 1189//1189 1201//1201
f 1194//1194 1191//1191 1201//1201
f 1057//1057 1111//1111 1202//1202
f 1196//1196 1202//1202 1111//1111
f 1203//1203 1187//1187 1197//1197
f 1188//1188 1187//1187 1203//1203
f 1198//1198 1188//1188 1203//1203
f 1194//1194 1201//1201 1204//1204
f 1205//1205 1194//1194 1204//1204
f 1057//1057 1202//1202 1116//1116
f 1057//1057 1116//1116 1014//1014
f 1114//1114 1115//1115 1197//1197
f 1203//1203 1197//1197 1206//1206
f 1200//1200 1198//1198 1207//1207
f 1207//1207 1198//1198 1203//1203
f 1208//1208 1209//1209 1200//1200
f 1208//1208 1200//1200 1207//1207
f 1201//1201 1200//1200 1209//1209
f 1204//1204 1201//1201 1209//1209
f 1115//1115 1210//1210 1197//1197
f 1211//1211 1197//1197 1210//1210
f 1206//1206 1197//1197 1211//1211
f 1208//1208 1207//1207 1212//1212
f 1212//1212 1207//1207 1203//1203
f 1115//1115 1213//1213 1210//1210
f 1213//1213 1214//1214 1210//1210
f 1203//1203 1206//1206 1212//1212
f 1208//1208 1212//1212 1215//1215
f 1117//1117 1213//1213 1115//1115
f 1216//1216 1215//1215 1212//1212
f 1216//1216 1212//1212 1217//1217
f 1217//1217 1212//1212 1206//1206
f 1119//1119 1213//1213 1117//1117
f 1210//1210 1214//1214 1211//1211
f 1206//1206 1211//1211 1217//1217
f 1218//1218 1216//1216 1217//1217
f 1120//1120 1058//1058 1219//1219
f 1219//1219 1058//1058 1118//1118
f 1214//1214 1213//1213 1220//1220
f 1217//1217 1211//1211 1218//1218
f 1119//1119 1123//1123 1213//1213
f 1123//1123 1220//1220 1213//1213
f 1214//1214 1220//1220 1221//1221
f 1211//1211 1214//1214 1221//1221
f 1222//1222 1120//1120 1219//1219
f 1220//1220 1123//1123 1223//1223
f 1218//1218 1211//1211 1224//1224
f 1224//1224 1225//1225 1218//1218
f 1120//1120 1222//1222 1226//1226
f 1122//1122 1226//1226 1227//1227
f 1122//1122 1120//1120 1226//1226
f 1122//1122 1228//1228 1059//1059
f 1227//1227 1228//1228 1122//1122
f 1124//1124 1123//1123 1121//1121
f 1211//1211 1221//1221 1224//1224
f 1224//1224 1221//1221 1229//1229
f 1220//1220 1223//1223 1230//1230
f 1221//1221 1220//1220 1230//1230
f 1228//1228 1231//1231 1059//1059
f 1124//1124 1059//1059 1231//1231
f 1232//1232 1124//1124 1231//1231
f 1123//1123 1124//1124 1233//1233
f 1233//1233 1124//1124 1232//1232
f 1223//1223 1123//1123 1233//1233
f 1230//1230 1223//1223 1233//1233
f 1229//1229 1221//1221 1230//1230
f 1234//1234 1233//1233 1232//1232
f 1230//1230 1233//1233 1234//1234
f 1229//1229 1230//1230 1235//1235
f 1236//1236 1229//1229 1235//1235
f 1236//1236 1237//1237 1224//1224
f 1236//1236 1224//1224 1229//1229
f 1235//1235 1230//1230 1234//1234
f 1238//1238 1234//1234 1239//1239
f 1235//1235 1234//1234 1238//1238
f 1125//1125 1240//1240 1126//1126
f 1125//1125 1241//1241 1240//1240
f 1241//1241 1125//1125 1242//1242
f 1125//1125 1060//1060 1242//1242
f 1020//1020 1243//1243 1060//1060
f 1020//1020 1127//1127 1243//1243
f 1061//1061 1064//1064 1127//1127
f 1064//1064 1244//1244 1245//1245
f 1063//1063 1244//1244 1064//1064
f 977//977 1246//1246 1065//1065
f 1066//1066 1244//1244 1063//1063
f 1247//1247 1244//1244 1066//1066
f 1065//1065 1248//1248 1022//1022
f 1066//1066 1128//1128 1247//1247
f 1021//1021 1128//1128 1066//1066
f 1022//1022 1248//1248 1024//1024
f 1073//1073 1074//1074 1249//1249
f 1250//1250 1074//1074 1025//1025
f 1134//1134 1133//1133 1251//1251
f 1134//1134 1251//1251 1135//1135
f 1025//1025 1136//1136 1250//1250
f 1133//1133 1137//1137 1251//1251
f 1135//1135 1251//1251 1137//1137
f 1076//1076 1252//1252 1026//1026
f 1027//1027 1026//1026 1253//1253
f 1254//1254 1077//1077 1027//1027
f 1078//1078 1255//1255 1256//1256
f 1078//1078 1256//1256 1076//1076
f 987//987 1255//1255 1078//1078
f 1138//1138 1257//1257 1255//1255
f 1255//1255 987//987 1138//1138
f 1079//1079 1258//1258 1030//1030
f 1258//1258 1138//1138 1030//1030
f 1035//1035 1142//1142 1144//1144
f 1079//1079 1080//1080 1259//1259
f 1031//1031 1146//1146 1034//1034
f 1039//1039 1148//1148 1082//1082
f 1260//1260 1036//1036 1147//1147
f 1083//1083 1149//1149 1151//1151
f 1149//1149 1261//1261 1151//1151
f 1262//1262 1150//1150 1263//1263
f 1261//1261 1157//1157 1151//1151
f 1150//1150 1161//1161 1263//1263
f 1156//1156 1161//1161 1150//1150
f 1264//1264 1161//1161 1162//1162
f 1265//1265 1264//1264 1162//1162
f 1159//1159 1266//1266 1093//1093
f 1159//1159 1155//1155 1266//1266
f 1092//1092 1267//1267 1162//1162
f 1098//1098 1093//1093 1268//1268
f 1163//1163 1267//1267 1092//1092
f 1164//1164 1044//1044 1269//1269
f 1269//1269 1044//1044 1165//1165
f 1270//1270 1269//1269 1165//1165
f 1165//1165 1166//1166 1270//1270
f 1271//1271 1270//1270 1166//1166
f 1167//1167 1272//1272 1273//1273
f 1167//1167 1273//1273 1166//1166
f 1166//1166 1273//1273 1271//1271
f 1098//1098 1268//1268 1102//1102
f 1167//1167 1172//1172 1272//1272
f 1172//1172 1274//1274 1272//1272
f 1168//1168 1096//1096 1170//1170
f 1168//1168 1170//1170 1275//1275
f 1169//1169 1276//1276 1173//1173
f 1102//1102 1268//1268 1174//1174
f 1174//1174 1268//1268 1277//1277
f 1172//1172 1171//1171 1278//1278
f 1279//1279 1170//1170 1178//1178
f 1279//1279 1275//1275 1170//1170
f 1278//1278 1175//1175 1180//1180
f 1171//1171 1175//1175 1278//1278
f 1181//1181 1174//1174 1277//1277
f 1280//1280 1181//1181 1277//1277
f 1173//1173 1281//1281 1176//1176
f 1278//1278 1180//1180 1199//1199
f 1199//1199 1282//1282 1278//1278
f 1283//1283 1181//1181 1280//1280
f 1178//1178 1177//1177 1279//1279
f 1284//1284 1176//1176 1281//1281
f 1282//1282 1199//1199 1285//1285
f 1181//1181 1283//1283 1182//1182
f 1286//1286 1177//1177 1183//1183
f 1176//1176 1284//1284 1184//1184
f 1284//1284 1287//1287 1184//1184
f 1180//1180 1188//1188 1199//1199
f 1288//1288 1285//1285 1283//1283
f 1182//1182 1283//1283 1190//1190
f 1289//1289 1183//1183 1186//1186
f 1286//1286 1183//1183 1289//1289
f 1285//1285 1199//1199 1198//1198
f 1193//1193 1285//1285 1198//1198
f 1285//1285 1193//1193 1190//1190
f 1283//1283 1285//1285 1190//1190
f 1195//1195 1192//1192 1194//1194
f 1289//1289 1186//1186 1195//1195
f 1196//1196 1179//1179 1290//1290
f 1290//1290 1179//1179 1184//1184
f 1195//1195 1194//1194 1205//1205
f 1205//1205 1204//1204 1291//1291
f 1116//1116 1202//1202 1292//1292
f 1204//1204 1209//1209 1291//1291
f 1208//1208 1293//1293 1294//1294
f 1209//1209 1208//1208 1294//1294
f 1116//1116 1292//1292 1118//1118
f 1208//1208 1295//1295 1293//1293
f 1295//1295 1208//1208 1215//1215
f 1215//1215 1216//1216 1295//1295
f 1216//1216 1218//1218 1296//1296
f 1118//1118 1297//1297 1219//1219
f 1297//1297 1222//1222 1219//1219
f 1225//1225 1298//1298 1296//1296
f 1296//1296 1218//1218 1225//1225
f 1225//1225 1224//1224 1298//1298
f 1299//1299 1227//1227 1226//1226
f 1228//1228 1227//1227 1300//1300
f 1298//1298 1224//1224 1237//1237
f 1231//1231 1228//1228 1301//1301
f 1232//1232 1231//1231 1302//1302
f 1231//1231 1301//1301 1302//1302
f 1232//1232 1302//1302 1234//1234
f 1236//1236 1303//1303 1237//1237
f 1239//1239 1302//1302 1304//1304
f 1239//1239 1234//1234 1302//1302
f 1236//1236 1235//1235 1238//1238
f 1238//1238 1303//1303 1236//1236
f 1238//1238 1239//1239 1305//1305
f 1126//1126 1240//1240 1306//1306
f 1306//1306 1246//1246 1126//1126
f 1060//1060 1243//1243 1242//1242
f 1127//1127 1245//1245 1243//1243
f 1126//1126 1246//1246 977//977
f 1064//1064 1245//1245 1127//1127
f 1128//1128 1307//1307 1247//1247
f 1128//1128 1023//1023 1308//1308
f 1308//1308 1023//1023 1067//1067
f 1309//1309 1308//1308 1067//1067
f 1248//1248 1075//1075 1024//1024
f 1129//1129 1073//1073 1310//1310
f 1310//1310 1073//1073 1311//1311
f 1311//1311 1073//1073 1249//1249
f 1312//1312 1077//1077 1254//1254
f 1256//1256 1252//1252 1076//1076
f 1026//1026 1252//1252 1253//1253
f 1027//1027 1253//1253 1313//1313
f 1313//1313 1254//1254 1027//1027
f 1028//1028 1314//1314 984//984
f 984//984 1314//1314 1031//1031
f 1257//1257 1258//1258 1315//1315
f 1257//1257 1138//1138 1258//1258
f 1139//1139 1140//1140 1316//1316
f 1316//1316 1141//1141 1139//1139
f 1259//1259 1258//1258 1079//1079
f 1142//1142 1141//1141 1317//1317
f 1144//1144 1142//1142 1317//1317
f 1144//1144 1317//1317 1318//1318
f 1145//1145 1144//1144 1318//1318
f 1145//1145 1319//1319 1080//1080
f 1145//1145 1318//1318 1319//1319
f 1080//1080 1319//1319 1259//1259
f 1031//1031 1320//1320 1146//1146
f 1321//1321 1146//1146 1320//1320
f 1036//1036 1260//1260 1143//1143
f 1146//1146 1321//1321 1039//1039
f 1039//1039 1321//1321 1148//1148
f 1148//1148 1322//1322 1149//1149
f 1147//1147 1150//1150 1262//1262
f 1147//1147 1262//1262 1323//1323
f 1322//1322 1261//1261 1149//1149
f 1261//1261 1324//1324 1157//1157
f 1264//1264 1263//1263 1161//1161
f 1325//1325 1157//1157 1324//1324
f 1155//1155 1157//1157 1325//1325
f 1325//1325 1266//1266 1155//1155
f 1326//1326 1264//1264 1265//1265
f 1093//1093 1266//1266 1268//1268
f 1267//1267 1265//1265 1162//1162
f 1267//1267 1163//1163 1327//1327
f 1270//1270 1328//1328 1269//1269
f 1271//1271 1328//1328 1270//1270
f 1329//1329 1271//1271 1330//1330
f 1329//1329 1328//1328 1271//1271
f 1273//1273 1330//1330 1271//1271
f 1274//1274 1331//1331 1332//1332
f 1272//1272 1274//1274 1332//1332
f 1327//1327 1163//1163 1333//1333
f 1333//1333 1163//1163 1168//1168
f 1169//1169 1164//1164 1334//1334
f 1335//1335 1331//1331 1274//1274
f 1268//1268 1336//1336 1277//1277
f 1334//1334 1337//1337 1169//1169
f 1172//1172 1278//1278 1274//1274
f 1278//1278 1335//1335 1274//1274
f 1275//1275 1279//1279 1338//1338
f 1282//1282 1335//1335 1278//1278
f 1339//1339 1335//1335 1282//1282
f 1340//1340 1338//1338 1279//1279
f 1339//1339 1282//1282 1285//1285
f 1288//1288 1339//1339 1285//1285
f 1279//1279 1177//1177 1286//1286
f 1340//1340 1279//1279 1286//1286
f 1173//1173 1276//1276 1281//1281
f 1280//1280 1288//1288 1283//1283
f 1289//1289 1195//1195 1341//1341
f 1290//1290 1184//1184 1287//1287
f 1195//1195 1205//1205 1341//1341
f 1205//1205 1342//1342 1341//1341
f 1291//1291 1342//1342 1205//1205
f 1292//1292 1202//1202 1343//1343
f 1202//1202 1196//1196 1343//1343
f 1343//1343 1196//1196 1290//1290
f 1287//1287 1344//1344 1290//1290
f 1209//1209 1294//1294 1345//1345
f 1209//1209 1345//1345 1291//1291
f 1294//1294 1293//1293 1346//1346
f 1295//1295 1347//1347 1293//1293
f 1118//1118 1292//1292 1297//1297
f 1216//1216 1296//1296 1347//1347
f 1347//1347 1295//1295 1216//1216
f 1297//1297 1348//1348 1222//1222
f 1296//1296 1298//1298 1349//1349
f 1222//1222 1299//1299 1226//1226
f 1222//1222 1350//1350 1299//1299
f 1298//1298 1351//1351 1352//1352
f 1299//1299 1300//1300 1227//1227
f 1351//1351 1298//1298 1237//1237
f 1301//1301 1228//1228 1300//1300
f 1303//1303 1351//1351 1237//1237
f 1301//1301 1300//1300 1353//1353
f 1354//1354 1301//1301 1353//1353
f 1302//1302 1301//1301 1354//1354
f 1302//1302 1354//1354 1304//1304
f 1239//1239 1304//1304 1355//1355
f 1238//1238 1356//1356 1303//1303
f 1357//1357 1303//1303 1356//1356
f 1351//1351 1303//1303 1357//1357
f 1305//1305 1239//1239 1355//1355
f 1305//1305 1355//1355 1356//1356
f 1356//1356 1238//1238 1305//1305
f 1241//1241 1358//1358 1240//1240
f 1242//1242 1358//1358 1241//1241
f 1242//1242 1359//1359 1358//1358
f 1243//1243 1359//1359 1242//1242
f 1243//1243 1245//1245 1359//1359
f 1245//1245 1244//1244 1360//1360
f 1246//1246 1361//1361 1065//1065
f 1244//1244 1247//1247 1360//1360
f 1065//1065 1361//1361 1248//1248
f 1307//1307 1128//1128 1308//1308
f 1130//1130 1309//1309 1067//1067
f 1130//1130 1129//1129 1362//1362
f 1363//1363 1075//1075 1248//1248
f 1311//1311 1249//1249 1364//1364
f 1365//1365 1028//1028 1075//1075
f 1249//1249 1074//1074 1250//1250
f 1364//1364 1249//1249 1250//1250
f 1136//1136 1312//1312 1250//1250
f 1312//1312 1364//1364 1250//1250
f 1366//1366 1364//1364 1312//1312
f 1136//1136 1077//1077 1312//1312
f 1367//1367 1366//1366 1312//1312
f 1254//1254 1368//1368 1312//1312
f 1367//1367 1312//1312 1369//1369
f 1369//1369 1312//1312 1368//1368
f 1370//1370 1367//1367 1369//1369
f 1253//1253 1252//1252 1371//1371
f 1254//1254 1313//1313 1368//1368
f 1368//1368 1313//1313 1253//1253
f 1255//1255 1372//1372 1256//1256
f 1369//1369 1368//1368 1373//1373
f 1255//1255 1374//1374 1372//1372
f 1255//1255 1257//1257 1374//1374
f 1314//1314 1375//1375 1031//1031
f 1257//1257 1315//1315 1374//1374
f 1316//1316 1140//1140 1376//1376
f 1316//1316 1377//1377 1141//1141
f 1378//1378 1315//1315 1258//1258
f 1140//1140 1143//1143 1376//1376
f 1317//1317 1141//1141 1377//1377
f 1258//1258 1259//1259 1378//1378
f 1031//1031 1375//1375 1320//1320
f 1378//1378 1259//1259 1319//1319
f 1260//1260 1376//1376 1143//1143
f 1147//1147 1379//1379 1260//1260
f 1323//1323 1379//1379 1147//1147
f 1322//1322 1380//1380 1261//1261
f 1261//1261 1380//1380 1324//1324
f 1262//1262 1263//1263 1381//1381
f 1324//1324 1382//1382 1325//1325
f 1325//1325 1383//1383 1266//1266
f 1332//1332 1384//1384 1385//1385
f 1386//1386 1332//1332 1385//1385
f 1387//1387 1385//1385 1384//1384
f 1387//1387 1384//1384 1388//1388
f 1265//1265 1267//1267 1389//1389
f 1273//1273 1332//1332 1386//1386
f 1273//1273 1386//1386 1330//1330
f 1383//1383 1388//1388 1336//1336
f 1266//1266 1383//1383 1336//1336
f 1266//1266 1336//1336 1268//1268
f 1267//1267 1327//1327 1389//1389
f 1269//1269 1328//1328 1334//1334
f 1273//1273 1272//1272 1332//1332
f 1384//1384 1332//1332 1390//1390
f 1390//1390 1332//1332 1331//1331
f 1388//1388 1384//1384 1390//1390
f 1269//1269 1334//1334 1164//1164
f 1168//1168 1391//1391 1333//1333
f 1337//1337 1334//1334 1392//1392
f 1390//1390 1331//1331 1335//1335
f 1388//1388 1390//1390 1393//1393
f 1394//1394 1388//1388 1393//1393
f 1336//1336 1388//1388 1394//1394
f 1336//1336 1394//1394 1277//1277
f 1168//1168 1275//1275 1391//1391
f 1390//1390 1335//1335 1393//1393
f 1395//1395 1391//1391 1275//1275
f 1169//1169 1396//1396 1276//1276
f 1169//1169 1337//1337 1396//1396
f 1393//1393 1335//1335 1339//1339
f 1277//1277 1394//1394 1280//1280
f 1275//1275 1338//1338 1397//1397
f 1395//1395 1275//1275 1397//1397
f 1396//1396 1398//1398 1276//1276
f 1288//1288 1393//1393 1339//1339
f 1280//1280 1394//1394 1288//1288
f 1394//1394 1393//1393 1288//1288
f 1399//1399 1398//1398 1396//1396
f 1400//1400 1286//1286 1289//1289
f 1286//1286 1400//1400 1401//1401
f 1401//1401 1340//1340 1286//1286
f 1400//1400 1289//1289 1402//1402
f 1398//1398 1281//1281 1276//1276
f 1341//1341 1342//1342 1402//1402
f 1289//1289 1341//1341 1402//1402
f 1398//1398 1403//1403 1281//1281
f 1291//1291 1404//1404 1342//1342
f 1290//1290 1344//1344 1405//1405
f 1344//1344 1287//1287 1284//1284
f 1281//1281 1406//1406 1284//1284
f 1403//1403 1406//1406 1281//1281
f 1291//1291 1345//1345 1404//1404
f 1290//1290 1407//1407 1343//1343
f 1407//1407 1290//1290 1405//1405
f 1408//1408 1284//1284 1406//1406
f 1345//1345 1294//1294 1346//1346
f 1344//1344 1409//1409 1405//1405
f 1343//1343 1410//1410 1292//1292
f 1407//1407 1410//1410 1343//1343
f 1284//1284 1408//1408 1344//1344
f 1408//1408 1409//1409 1344//1344
f 1292//1292 1410//1410 1297//1297
f 1405//1405 1409//1409 1407//1407
f 1409//1409 1410//1410 1407//1407
f 1348//1348 1297//1297 1410//1410
f 1411//1411 1410//1410 1409//1409
f 1347//1347 1296//1296 1349//1349
f 1348//1348 1410//1410 1412//1412
f 1411//1411 1412//1412 1410//1410
f 1348//1348 1350//1350 1222//1222
f 1349//1349 1298//1298 1352//1352
f 1351//1351 1413//1413 1352//1352
f 1300//1300 1299//1299 1414//1414
f 1414//1414 1299//1299 1350//1350
f 1413//1413 1351//1351 1357//1357
f 1353//1353 1300//1300 1414//1414
f 1354//1354 1353//1353 1415//1415
f 1304//1304 1354//1354 1415//1415
f 1355//1355 1304//1304 1415//1415
f 1355//1355 1416//1416 1356//1356
f 1240//1240 1417//1417 1306//1306
f 1240//1240 1358//1358 1417//1417
f 1246//1246 1306//1306 1418//1418
f 1245//1245 1419//1419 1359//1359
f 1418//1418 1361//1361 1246//1246
f 1307//1307 1420//1420 1247//1247
f 1361//1361 1363//1363 1248//1248
f 1130//1130 1362//1362 1309//1309
f 1421//1421 1310//1310 1311//1311
f 1311//1311 1364//1364 1422//1422
f 1367//1367 1370//1370 1423//1423
f 1367//1367 1423//1423 1424//1424
f 1252//1252 1256//1256 1371//1371
f 1253//1253 1371//1371 1425//1425
f 1368//1368 1253//1253 1425//1425
f 1426//1426 1368//1368 1425//1425
f 1368//1368 1426//1426 1373//1373
f 1427//1427 1423//1423 1370//1370
f 1428//1428 1427//1427 1370//1370
f 1256//1256 1372//1372 1429//1429
f 1430//1430 1369//1369 1373//1373
f 1369//1369 1428//1428 1370//1370
f 1369//1369 1430//1430 1428//1428
f 1431//1431 1432//1432 1433//1433
f 1433//1433 1434//1434 1431//1431
f 1431//1431 1435//1435 1432//1432
f 1434//1434 1435//1435 1431//1431
f 1316//1316 1376//1376 1377//1377
f 1436//1436 1437//1437 1378//1378
f 1315//1315 1378//1378 1437//1437
f 1377//1377 1438//1438 1317//1317
f 1319//1319 1439//1439 1440//1440
f 1440//1440 1378//1378 1319//1319
f 1317//1317 1438//1438 1441//1441
f 1318//1318 1317//1317 1439//1439
f 1317//1317 1441//1441 1439//1439
f 1439//1439 1319//1319 1318//1318
f 1376//1376 1260//1260 1442//1442
f 1442//1442 1260//1260 1379//1379
f 1321//1321 1320//1320 1443//1443
f 1321//1321 1443//1443 1148//1148
f 1148//1148 1443//1443 1322//1322
f 1323//1323 1262//1262 1444//1444
f 1380//1380 1445//1445 1324//1324
f 1262//1262 1381//1381 1444//1444
f 1324//1324 1445//1445 1382//1382
f 1264//1264 1446//1446 1263//1263
f 1446//1446 1381//1381 1263//1263
f 1447//1447 1382//1382 1448//1448
f 1447//1447 1325//1325 1382//1382
f 1446//1446 1264//1264 1326//1326
f 1325//1325 1447//1447 1383//1383
f 1447//1447 1449//1449 1387//1387
f 1383//1383 1447//1447 1387//1387
f 1326//1326 1265//1265 1450//1450
f 1449//1449 1451//1451 1452//1452
f 1383//1383 1387//1387 1388//1388
f 1389//1389 1453//1453 1265//1265
f 1385//1385 1452//1452 1386//1386
f 1452//1452 1385//1385 1449//1449
f 1387//1387 1449//1449 1385//1385
f 1454//1454 1329//1329 1330//1330
f 1330//1330 1386//1386 1452//1452
f 1329//1329 1455//1455 1328//1328
f 1333//1333 1456//1456 1327//1327
f 1328//1328 1455//1455 1334//1334
f 1455//1455 1392//1392 1334//1334
f 1395//1395 1397//1397 1457//1457
f 1340//1340 1458//1458 1338//1338
f 1401//1401 1458//1458 1340//1340
f 1401//1401 1400//1400 1459//1459
f 1342//1342 1460//1460 1402//1402
f 1342//1342 1461//1461 1460//1460
f 1403//1403 1398//1398 1399//1399
f 1342//1342 1404//1404 1461//1461
f 1462//1462 1346//1346 1293//1293
f 1462//1462 1463//1463 1346//1346
f 1462//1462 1293//1293 1347//1347
f 1409//1409 1408//1408 1464//1464
f 1464//1464 1408//1408 1406//1406
f 1347//1347 1465//1465 1462//1462
f 1411//1411 1409//1409 1464//1464
f 1465//1465 1347//1347 1349//1349
f 1348//1348 1412//1412 1350//1350
f 1349//1349 1352//1352 1466//1466
f 1466//1466 1352//1352 1467//1467
f 1412//1412 1468//1468 1350//1350
f 1352//1352 1413//1413 1467//1467
f 1413//1413 1469//1469 1470//1470
f 1468//1468 1414//1414 1350//1350
f 1468//1468 1471//1471 1414//1414
f 1472//1472 1469//1469 1357//1357
f 1469//1469 1413//1413 1357//1357
f 1353//1353 1414//1414 1473//1473
f 1415//1415 1353//1353 1474//1474
f 1353//1353 1473//1473 1474//1474
f 1355//1355 1415//1415 1474//1474
f 1355//1355 1474//1474 1416//1416
f 1472//1472 1356//1356 1416//1416
f 1357//1357 1356//1356 1472//1472
f 1306//1306 1417//1417 1475//1475
f 1306//1306 1475//1475 1418//1418
f 1359//1359 1419//1419 1476//1476
f 1419//1419 1245//1245 1360//1360
f 1477//1477 1419//1419 1360//1360
f 1247//1247 1420//1420 1360//1360
f 1361//1361 1478//1478 1363//1363
f 1307//1307 1308//1308 1479//1479
f 1309//1309 1480//1480 1308//1308
f 1129//1129 1481//1481 1362//1362
f 1481//1481 1129//1129 1310//1310
f 1363//1363 1482//1482 1075//1075
f 1310//1310 1421//1421 1481//1481
f 1482//1482 1365//1365 1075//1075
f 1422//1422 1364//1364 1483//1483
f 1364//1364 1366//1366 1483//1483
f 1366//1366 1424//1424 1483//1483
f 1366//1366 1367//1367 1424//1424
f 1028//1028 1484//1484 1314//1314
f 1256//1256 1429//1429 1371//1371
f 1423//1423 1427//1427 1485//1485
f 1372//1372 1486//1486 1429//1429
f 1373//1373 1426//1426 1487//1487
f 1487//1487 1430//1430 1373//1373
f 1485//1485 1427//1427 1488//1488
f 1428//1428 1430//1430 1489//1489
f 1427//1427 1428//1428 1489//1489
f 1490//1490 1488//1488 1427//1427
f 1490//1490 1427//1427 1489//1489
f 1314//1314 1484//1484 1375//1375
f 1433//1433 1432//1432 1491//1491
f 1433//1433 1491//1491 1434//1434
f 1492//1492 1374//1374 1315//1315
f 1372//1372 1374//1374 1492//1492
f 1489//1489 1430//1430 1493//1493
f 1490//1490 1489//1489 1493//1493
f 1432//1432 1435//1435 1491//1491
f 1434//1434 1491//1491 1435//1435
f 1437//1437 1492//1492 1315//1315
f 1377//1377 1376//1376 1442//1442
f 1378//1378 1440//1440 1436//1436
f 1494//1494 1377//1377 1442//1442
f 1442//1442 1379//1379 1495//1495
f 1445//1445 1448//1448 1382//1382
f 1496//1496 1497//1497 1498//1498
f 1498//1498 1499//1499 1496//1496
f 1447//1447 1448//1448 1451//1451
f 1449//1449 1447//1447 1451//1451
f 1500//1500 1501//1501 1502//1502
f 1497//1497 1500//1500 1502//1502
f 1497//1497 1496//1496 1500//1500
f 1496//1496 1503//1503 1500//1500
f 1504//1504 1496//1496 1499//1499
f 1503//1503 1496//1496 1504//1504
f 1446//1446 1326//1326 1505//1505
f 1500//1500 1506//1506 1501//1501
f 1503//1503 1506//1506 1500//1500
f 1507//1507 1506//1506 1503//1503
f 1504//1504 1507//1507 1503//1503
f 1505//1505 1326//1326 1450//1450
f 1450//1450 1265//1265 1453//1453
f 1508//1508 1452//1452 1451//1451
f 1508//1508 1330//1330 1452//1452
f 1454//1454 1330//1330 1508//1508
f 1389//1389 1509//1509 1453//1453
f 1327//1327 1456//1456 1389//1389
f 1389//1389 1456//1456 1509//1509
f 1329//1329 1510//1510 1455//1455
f 1329//1329 1454//1454 1510//1510
f 1511//1511 1456//1456 1333//1333
f 1511//1511 1333//1333 1391//1391
f 1512//1512 1391//1391 1395//1395
f 1512//1512 1395//1395 1457//1457
f 1458//1458 1397//1397 1338//1338
f 1402//1402 1513//1513 1514//1514
f 1514//1514 1400//1400 1402//1402
f 1460//1460 1461//1461 1515//1515
f 1345//1345 1516//1516 1517//1517
f 1404//1404 1345//1345 1517//1517
f 1346//1346 1463//1463 1516//1516
f 1516//1516 1345//1345 1346//1346
f 1406//1406 1403//1403 1518//1518
f 1519//1519 1406//1406 1518//1518
f 1464//1464 1406//1406 1519//1519
f 1349//1349 1466//1466 1465//1465
f 1519//1519 1520//1520 1464//1464
f 1464//1464 1521//1521 1411//1411
f 1520//1520 1521//1521 1464//1464
f 1411//1411 1468//1468 1412//1412
f 1411//1411 1521//1521 1468//1468
f 1468//1468 1521//1521 1522//1522
f 1413//1413 1470//1470 1467//1467
f 1471//1471 1468//1468 1522//1522
f 1471//1471 1473//1473 1414//1414
f 1523//1523 1416//1416 1474//1474
f 1472//1472 1416//1416 1523//1523
f 1358//1358 1476//1476 1417//1417
f 1359//1359 1476//1476 1358//1358
f 1361//1361 1418//1418 1524//1524
f 1420//1420 1525//1525 1360//1360
f 1420//1420 1307//1307 1479//1479
f 1479//1479 1308//1308 1480//1480
f 1309//1309 1362//1362 1526//1526
f 1527//1527 1365//1365 1482//1482
f 1421//1421 1311//1311 1422//1422
f 1483//1483 1424//1424 1528//1528
f 1528//1528 1424//1424 1529//1529
f 1424//1424 1423//1423 1529//1529
f 1530//1530 1371//1371 1429//1429
f 1371//1371 1530//1530 1531//1531
f 1425//1425 1371//1371 1531//1531
f 1531//1531 1426//1426 1425//1425
f 1423//1423 1485//1485 1529//1529
f 1530//1530 1429//1429 1486//1486
f 1372//1372 1532//1532 1486//1486
f 1490//1490 1533//1533 1488//1488
f 1372//1372 1492//1492 1532//1532
f 1493//1493 1487//1487 1534//1534
f 1493//1493 1430//1430 1487//1487
f 1490//1490 1493//1493 1533//1533
f 1437//1437 1436//1436 1535//1535
f 1492//1492 1437//1437 1536//1536
f 1536//1536 1437//1437 1535//1535
f 1377//1377 1537//1537 1438//1438
f 1439//1439 1538//1538 1440//1440
f 1436//1436 1440//1440 1538//1538
f 1377//1377 1494//1494 1537//1537
f 1539//1539 1438//1438 1537//1537
f 1539//1539 1538//1538 1438//1438
f 1538//1538 1441//1441 1438//1438
f 1538//1538 1439//1439 1441//1441
f 1540//1540 1541//1541 1375//1375
f 1494//1494 1539//1539 1537//1537
f 1375//1375 1541//1541 1320//1320
f 1494//1494 1442//1442 1542//1542
f 1542//1542 1539//1539 1494//1494
f 1442//1442 1495//1495 1542//1542
f 1495//1495 1379//1379 1543//1543
f 1379//1379 1323//1323 1543//1543
f 1323//1323 1444//1444 1543//1543
f 1443//1443 1380//1380 1322//1322
f 1445//1445 1544//1544 1448//1448
f 1498//1498 1497//1497 1545//1545
f 1498//1498 1545//1545 1499//1499
f 1502//1502 1501//1501 1546//1546
f 1502//1502 1545//1545 1497//1497
f 1502//1502 1546//1546 1545//1545
f 1546//1546 1547//1547 1545//1545
f 1499//1499 1547//1547 1504//1504
f 1545//1545 1547//1547 1499//1499
f 1501//1501 1506//1506 1546//1546
f 1507//1507 1546//1546 1506//1506
f 1547//1547 1546//1546 1507//1507
f 1504//1504 1547//1547 1507//1507
f 1508//1508 1451//1451 1548//1548
f 1505//1505 1549//1549 1550//1550
f 1450//1450 1549//1549 1505//1505
f 1450//1450 1453//1453 1549//1549
f 1508//1508 1551//1551 1454//1454
f 1552//1552 1553//1553 1554//1554
f 1555//1555 1509//1509 1456//1456
f 1391//1391 1556//1556 1511//1511
f 1391//1391 1512//1512 1556//1556
f 1512//1512 1557//1557 1556//1556
f 1558//1558 1392//1392 1455//1455
f 1512//1512 1457//1457 1557//1557
f 1392//1392 1558//1558 1337//1337
f 1457//1457 1397//1397 1458//1458
f 1558//1558 1559//1559 1337//1337
f 1559//1559 1396//1396 1337//1337
f 1402//1402 1460//1460 1513//1513
f 1399//1399 1396//1396 1559//1559
f 1517//1517 1461//1461 1404//1404
f 1517//1517 1560//1560 1461//1461
f 1399//1399 1518//1518 1403//1403
f 1518//1518 1399//1399 1561//1561
f 1463//1463 1465//1465 1562//1562
f 1462//1462 1465//1465 1463//1463
f 1518//1518 1563//1563 1519//1519
f 1563//1563 1564//1564 1519//1519
f 1565//1565 1465//1465 1466//1466
f 1564//1564 1566//1566 1519//1519
f 1467//1467 1567//1567 1568//1568
f 1467//1467 1568//1568 1565//1565
f 1467//1467 1565//1565 1466//1466
f 1520//1520 1519//1519 1566//1566
f 1520//1520 1569//1569 1521//1521
f 1520//1520 1566//1566 1569//1569
f 1569//1569 1566//1566 1570//1570
f 1564//1564 1570//1570 1566//1566
f 1567//1567 1470//1470 1571//1571
f 1567//1567 1467//1467 1470//1470
f 1521//1521 1569//1569 1522//1522
f 1572//1572 1573//1573 1574//1574
f 1569//1569 1575//1575 1522//1522
f 1570//1570 1575//1575 1569//1569
f 1576//1576 1575//1575 1570//1570
f 1577//1577 1572//1572 1570//1570
f 1572//1572 1576//1576 1570//1570
f 1574//1574 1523//1523 1572//1572
f 1469//1469 1574//1574 1571//1571
f 1470//1470 1469//1469 1571//1571
f 1471//1471 1522//1522 1575//1575
f 1523//1523 1576//1576 1572//1572
f 1574//1574 1472//1472 1523//1523
f 1469//1469 1472//1472 1574//1574
f 1575//1575 1473//1473 1471//1471
f 1474//1474 1473//1473 1575//1575
f 1576//1576 1474//1474 1575//1575
f 1523//1523 1474//1474 1576//1576
f 1578//1578 1475//1475 1579//1579
f 1579//1579 1475//1475 1417//1417
f 1580//1580 1579//1579 1417//1417
f 1581//1581 1580//1580 1417//1417
f 1476//1476 1581//1581 1417//1417
f 1578//1578 1524//1524 1418//1418
f 1475//1475 1578//1578 1418//1418
f 1582//1582 1477//1477 1360//1360
f 1361//1361 1524//1524 1478//1478
f 1479//1479 1583//1583 1420//1420
f 1584//1584 1479//1479 1480//1480
f 1480//1480 1309//1309 1526//1526
f 1478//1478 1482//1482 1363//1363
f 1362//1362 1585//1585 1526//1526
f 1362//1362 1481//1481 1585//1585
f 1586//1586 1481//1481 1421//1421
f 1586//1586 1421//1421 1422//1422
f 1483//1483 1586//1586 1422//1422
f 1365//1365 1587//1587 1028//1028
f 1028//1028 1587//1587 1484//1484
f 1531//1531 1530//1530 1588//1588
f 1426//1426 1531//1531 1589//1589
f 1487//1487 1426//1426 1589//1589
f 1590//1590 1485//1485 1591//1591
f 1488//1488 1591//1591 1485//1485
f 1592//1592 1591//1591 1488//1488
f 1488//1488 1533//1533 1592//1592
f 1484//1484 1540//1540 1375//1375
f 1532//1532 1492//1492 1536//1536
f 1593//1593 1493//1493 1534//1534
f 1493//1493 1593//1593 1533//1533
f 1535//1535 1436//1436 1594//1594
f 1436//1436 1538//1538 1594//1594
f 1538//1538 1595//1595 1594//1594
f 1320//1320 1596//1596 1443//1443
f 1320//1320 1541//1541 1596//1596
f 1597//1597 1380//1380 1443//1443
f 1598//1598 1380//1380 1597//1597
f 1543//1543 1444//1444 1599//1599
f 1444//1444 1381//1381 1599//1599
f 1380//1380 1598//1598 1445//1445
f 1445//1445 1598//1598 1544//1544
f 1381//1381 1446//1446 1599//1599
f 1599//1599 1446//1446 1600//1600
f 1448//1448 1544//1544 1451//1451
f 1451//1451 1544//1544 1548//1548
f 1446//1446 1505//1505 1600//1600
f 1600//1600 1505//1505 1550//1550
f 1601//1601 1550//1550 1549//1549
f 1551//1551 1508//1508 1548//1548
f 1453//1453 1602//1602 1601//1601
f 1453//1453 1601//1601 1549//1549
f 1603//1603 1510//1510 1454//1454
f 1603//1603 1454//1454 1551//1551
f 1509//1509 1602//1602 1453//1453
f 1602//1602 1509//1509 1555//1555
f 1603//1603 1604//1604 1510//1510
f 1456//1456 1511//1511 1555//1555
f 1511//1511 1556//1556 1605//1605
f 1510//1510 1606//1606 1455//1455
f 1510//1510 1604//1604 1606//1606
f 1557//1557 1607//1607 1556//1556
f 1455//1455 1606//1606 1558//1558
f 1457//1457 1458//1458 1608//1608
f 1557//1557 1457//1457 1608//1608
f 1459//1459 1458//1458 1401//1401
f 1558//1558 1609//1609 1559//1559
f 1459//1459 1514//1514 1610//1610
f 1400//1400 1514//1514 1459//1459
f 1513//1513 1611//1611 1612//1612
f 1613//1613 1611//1611 1515//1515
f 1460//1460 1515//1515 1611//1611
f 1513//1513 1460//1460 1611//1611
f 1560//1560 1515//1515 1461//1461
f 1559//1559 1561//1561 1399//1399
f 1463//1463 1562//1562 1516//1516
f 1561//1561 1614//1614 1518//1518
f 1465//1465 1565//1565 1562//1562
f 1518//1518 1614//1614 1563//1563
f 1614//1614 1615//1615 1563//1563
f 1564//1564 1563//1563 1616//1616
f 1616//1616 1563//1563 1615//1615
f 1617//1617 1564//1564 1616//1616
f 1618//1618 1617//1617 1616//1616
f 1573//1573 1619//1619 1620//1620
f 1620//1620 1567//1567 1571//1571
f 1617//1617 1577//1577 1570//1570
f 1564//1564 1617//1617 1570//1570
f 1618//1618 1577//1577 1617//1617
f 1619//1619 1573//1573 1618//1618
f 1572//1572 1577//1577 1618//1618
f 1573//1573 1572//1572 1618//1618
f 1620//1620 1574//1574 1573//1573
f 1571//1571 1574//1574 1620//1620
f 1581//1581 1621//1621 1580//1580
f 1419//1419 1622//1622 1476//1476
f 1476//1476 1622//1622 1581//1581
f 1419//1419 1477//1477 1622//1622
f 1360//1360 1525//1525 1582//1582
f 1420//1420 1583//1583 1525//1525
f 1524//1524 1623//1623 1478//1478
f 1479//1479 1584//1584 1583//1583
f 1480//1480 1526//1526 1584//1584
f 1585//1585 1481//1481 1624//1624
f 1481//1481 1586//1586 1624//1624
f 1527//1527 1587//1587 1365//1365
f 1528//1528 1625//1625 1483//1483
f 1626//1626 1484//1484 1587//1587
f 1590//1590 1625//1625 1528//1528
f 1626//1626 1627//1627 1484//1484
f 1529//1529 1590//1590 1528//1528
f 1485//1485 1590//1590 1529//1529
f 1628//1628 1530//1530 1486//1486
f 1530//1530 1628//1628 1588//1588
f 1589//1589 1531//1531 1588//1588
f 1487//1487 1589//1589 1629//1629
f 1534//1534 1487//1487 1630//1630
f 1487//1487 1629//1629 1630//1630
f 1484//1484 1627//1627 1540//1540
f 1592//1592 1533//1533 1631//1631
f 1632//1632 1633//1633 1535//1535
f 1633//1633 1536//1536 1535//1535
f 1631//1631 1533//1533 1593//1593
f 1634//1634 1631//1631 1593//1593
f 1635//1635 1594//1594 1595//1595
f 1538//1538 1539//1539 1595//1595
f 1542//1542 1495//1495 1636//1636
f 1596//1596 1597//1597 1443//1443
f 1495//1495 1543//1543 1636//1636
f 1636//1636 1543//1543 1637//1637
f 1637//1637 1543//1543 1599//1599
f 1598//1598 1638//1638 1544//1544
f 1600//1600 1550//1550 1639//1639
f 1602//1602 1555//1555 1640//1640
f 1605//1605 1641//1641 1511//1511
f 1511//1511 1641//1641 1555//1555
f 1607//1607 1557//1557 1608//1608
f 1608//1608 1458//1458 1642//1642
f 1642//1642 1458//1458 1459//1459
f 1558//1558 1606//1606 1609//1609
f 1514//1514 1513//1513 1612//1612
f 1559//1559 1609//1609 1643//1643
f 1644//1644 1613//1613 1515//1515
f 1559//1559 1643//1643 1561//1561
f 1562//1562 1645//1645 1516//1516
f 1646//1646 1561//1561 1643//1643
f 1614//1614 1561//1561 1646//1646
f 1565//1565 1647//1647 1562//1562
f 1646//1646 1648//1648 1614//1614
f 1648//1648 1615//1615 1614//1614
f 1648//1648 1647//1647 1568//1568
f 1646//1646 1647//1647 1648//1648
f 1568//1568 1647//1647 1565//1565
f 1648//1648 1649//1649 1615//1615
f 1650//1650 1649//1649 1648//1648
f 1568//1568 1650//1650 1648//1648
f 1615//1615 1649//1649 1616//1616
f 1616//1616 1649//1649 1619//1619
f 1620//1620 1619//1619 1649//1649
f 1567//1567 1620//1620 1650//1650
f 1650//1650 1620//1620 1649//1649
f 1568//1568 1567//1567 1650//1650
f 1619//1619 1618//1618 1616//1616
f 1578//1578 1651//1651 1524//1524
f 1525//1525 1583//1583 1652//1652
f 1583//1583 1653//1653 1652//1652
f 1584//1584 1653//1653 1583//1583
f 1623//1623 1482//1482 1478//1478
f 1654//1654 1584//1584 1526//1526
f 1526//1526 1585//1585 1654//1654
f 1586//1586 1655//1655 1624//1624
f 1625//1625 1586//1586 1483//1483
f 1625//1625 1655//1655 1586//1586
f 1656//1656 1625//1625 1590//1590
f 1627//1627 1626//1626 1657//1657
f 1590//1590 1591//1591 1658//1658
f 1659//1659 1627//1627 1657//1657
f 1532//1532 1660//1660 1486//1486
f 1660//1660 1628//1628 1486//1486
f 1661//1661 1588//1588 1628//1628
f 1589//1589 1588//1588 1662//1662
f 1662//1662 1629//1629 1589//1589
f 1592//1592 1658//1658 1591//1591
f 1536//1536 1660//1660 1532//1532
f 1630//1630 1663//1663 1534//1534
f 1627//1627 1659//1659 1540//1540
f 1535//1535 1594//1594 1632//1632
f 1660//1660 1536//1536 1633//1633
f 1534//1534 1663//1663 1593//1593
f 1593//1593 1663//1663 1664//1664
f 1634//1634 1593//1593 1664//1664
f 1665//1665 1632//1632 1594//1594
f 1665//1665 1666//1666 1632//1632
f 1632//1632 1666//1666 1667//1667
f 1541//1541 1540//1540 1659//1659
f 1595//1595 1539//1539 1668//1668
f 1539//1539 1542//1542 1668//1668
f 1542//1542 1636//1636 1668//1668
f 1636//1636 1637//1637 1669//1669
f 1669//1669 1599//1599 1670//1670
f 1637//1637 1599//1599 1669//1669
f 1670//1670 1671//1671 1669//1669
f 1600//1600 1639//1639 1599//1599
f 1672//1672 1670//1670 1599//1599
f 1639//1639 1672//1672 1599//1599
f 1548//1548 1544//1544 1673//1673
f 1639//1639 1550//1550 1674//1674
f 1548//1548 1675//1675 1551//1551
f 1548//1548 1673//1673 1675//1675
f 1550//1550 1601//1601 1674//1674
f 1676//1676 1601//1601 1602//1602
f 1602//1602 1640//1640 1676//1676
f 1640//1640 1555//1555 1641//1641
f 1605//1605 1677//1677 1641//1641
f 1605//1605 1556//1556 1677//1677
f 1678//1678 1679//1679 1556//1556
f 1556//1556 1679//1679 1677//1677
f 1678//1678 1680//1680 1681//1681
f 1679//1679 1678//1678 1681//1681
f 1607//1607 1678//1678 1556//1556
f 1680//1680 1678//1678 1682//1682
f 1682//1682 1678//1678 1607//1607
f 1604//1604 1683//1683 1606//1606
f 1608//1608 1682//1682 1607//1607
f 1684//1684 1608//1608 1642//1642
f 1682//1682 1608//1608 1684//1684
f 1642//1642 1459//1459 1610//1610
f 1609//1609 1606//1606 1685//1685
f 1611//1611 1686//1686 1612//1612
f 1611//1611 1613//1613 1687//1687
f 1609//1609 1688//1688 1643//1643
f 1689//1689 1644//1644 1515//1515
f 1689//1689 1515//1515 1560//1560
f 1688//1688 1690//1690 1643//1643
f 1643//1643 1690//1690 1691//1691
f 1692//1692 1691//1691 1690//1690
f 1692//1692 1645//1645 1562//1562
f 1692//1692 1693//1693 1645//1645
f 1645//1645 1517//1517 1516//1516
f 1562//1562 1694//1694 1692//1692
f 1692//1692 1694//1694 1691//1691
f 1643//1643 1691//1691 1646//1646
f 1562//1562 1647//1647 1694//1694
f 1646//1646 1691//1691 1647//1647
f 1694//1694 1647//1647 1691//1691
f 1579//1579 1695//1695 1578//1578
f 1695//1695 1579//1579 1580//1580
f 1621//1621 1696//1696 1580//1580
f 1696//1696 1695//1695 1580//1580
f 1581//1581 1696//1696 1621//1621
f 1581//1581 1622//1622 1696//1696
f 1622//1622 1697//1697 1696//1696
f 1578//1578 1695//1695 1651//1651
f 1622//1622 1582//1582 1697//1697
f 1622//1622 1477//1477 1582//1582
f 1582//1582 1525//1525 1652//1652
f 1652//1652 1653//1653 1698//1698
f 1584//1584 1699//1699 1653//1653
f 1699//1699 1584//1584 1654//1654
f 1623//1623 1700//1700 1482//1482
f 1482//1482 1700//1700 1527//1527
f 1701//1701 1585//1585 1624//1624
f 1700//1700 1587//1587 1527//1527
f 1702//1702 1655//1655 1625//1625
f 1590//1590 1703//1703 1656//1656
f 1590//1590 1658//1658 1703//1703
f 1661//1661 1662//1662 1588//1588
f 1628//1628 1660//1660 1704//1704
f 1661//1661 1628//1628 1705//1705
f 1629//1629 1662//1662 1706//1706
f 1707//1707 1658//1658 1592//1592
f 1630//1630 1629//1629 1663//1663
f 1592//1592 1631//1631 1707//1707
f 1708//1708 1660//1660 1633//1633
f 1709//1709 1710//1710 1664//1664
f 1634//1634 1664//1664 1710//1710
f 1634//1634 1710//1710 1631//1631
f 1635//1635 1665//1665 1594//1594
f 1633//1633 1632//1632 1667//1667
f 1708//1708 1633//1633 1667//1667
f 1635//1635 1711//1711 1665//1665
f 1635//1635 1595//1595 1711//1711
f 1712//1712 1666//1666 1665//1665
f 1666//1666 1712//1712 1667//1667
f 1541//1541 1713//1713 1596//1596
f 1668//1668 1636//1636 1714//1714
f 1668//1668 1714//1714 1715//1715
f 1636//1636 1669//1669 1714//1714
f 1716//1716 1671//1671 1670//1670
f 1716//1716 1670//1670 1672//1672
f 1717//1717 1638//1638 1598//1598
f 1544//1544 1638//1638 1673//1673
f 1718//1718 1672//1672 1639//1639
f 1639//1639 1674//1674 1718//1718
f 1674//1674 1601//1601 1676//1676
f 1551//1551 1675//1675 1603//1603
f 1676//1676 1640//1640 1719//1719
f 1640//1640 1641//1641 1719//1719
f 1603//1603 1720//1720 1604//1604
f 1677//1677 1679//1679 1721//1721
f 1680//1680 1682//1682 1722//1722
f 1683//1683 1685//1685 1606//1606
f 1684//1684 1642//1642 1723//1723
f 1514//1514 1724//1724 1610//1610
f 1613//1613 1644//1644 1725//1725
f 1724//1724 1612//1612 1686//1686
f 1514//1514 1612//1612 1724//1724
f 1685//1685 1726//1726 1609//1609
f 1609//1609 1726//1726 1688//1688
f 1726//1726 1727//1727 1688//1688
f 1728//1728 1729//1729 1560//1560
f 1560//1560 1729//1729 1689//1689
f 1727//1727 1690//1690 1688//1688
f 1727//1727 1693//1693 1690//1690
f 1560//1560 1517//1517 1728//1728
f 1693//1693 1692//1692 1690//1690
f 1728//1728 1645//1645 1693//1693
f 1517//1517 1645//1645 1728//1728
f 1652//1652 1730//1730 1582//1582
f 1651//1651 1731//1731 1732//1732
f 1733//1733 1698//1698 1653//1653
f 1524//1524 1651//1651 1623//1623
f 1653//1653 1699//1699 1733//1733
f 1734//1734 1654//1654 1585//1585
f 1585//1585 1701//1701 1734//1734
f 1701//1701 1624//1624 1655//1655
f 1625//1625 1656//1656 1702//1702
f 1628//1628 1704//1704 1705//1705
f 1661//1661 1705//1705 1735//1735
f 1662//1662 1661//1661 1735//1735
f 1662//1662 1735//1735 1706//1706
f 1629//1629 1706//1706 1736//1736
f 1663//1663 1629//1629 1736//1736
f 1631//1631 1710//1710 1707//1707
f 1663//1663 1736//1736 1737//1737
f 1664//1664 1663//1663 1737//1737
f 1664//1664 1737//1737 1709//1709
f 1659//1659 1738//1738 1541//1541
f 1712//1712 1739//1739 1667//1667
f 1738//1738 1713//1713 1541//1541
f 1595//1595 1668//1668 1740//1740
f 1711//1711 1595//1595 1740//1740
f 1668//1668 1715//1715 1740//1740
f 1596//1596 1713//1713 1597//1597
f 1714//1714 1669//1669 1671//1671
f 1597//1597 1741//1741 1598//1598
f 1717//1717 1598//1598 1741//1741
f 1672//1672 1742//1742 1716//1716
f 1673//1673 1743//1743 1675//1675
f 1674//1674 1744//1744 1718//1718
f 1674//1674 1676//1676 1744//1744
f 1676//1676 1745//1745 1744//1744
f 1603//1603 1675//1675 1746//1746
f 1675//1675 1743//1743 1746//1746
f 1676//1676 1719//1719 1745//1745
f 1719//1719 1747//1747 1745//1745
f 1719//1719 1641//1641 1747//1747
f 1747//1747 1641//1641 1748//1748
f 1603//1603 1746//1746 1720//1720
f 1641//1641 1677//1677 1748//1748
f 1677//1677 1721//1721 1748//1748
f 1679//1679 1749//1749 1721//1721
f 1681//1681 1750//1750 1679//1679
f 1679//1679 1750//1750 1749//1749
f 1681//1681 1751//1751 1752//1752
f 1750//1750 1681//1681 1752//1752
f 1680//1680 1751//1751 1681//1681
f 1604//1604 1720//1720 1683//1683
f 1682//1682 1753//1753 1722//1722
f 1754//1754 1753//1753 1682//1682
f 1754//1754 1684//1684 1723//1723
f 1682//1682 1684//1684 1754//1754
f 1610//1610 1755//1755 1723//1723
f 1642//1642 1610//1610 1723//1723
f 1686//1686 1611//1611 1756//1756
f 1724//1724 1686//1686 1757//1757
f 1724//1724 1757//1757 1755//1755
f 1755//1755 1610//1610 1724//1724
f 1758//1758 1685//1685 1759//1759
f 1613//1613 1725//1725 1687//1687
f 1685//1685 1758//1758 1726//1726
f 1644//1644 1689//1689 1725//1725
f 1729//1729 1728//1728 1727//1727
f 1760//1760 1689//1689 1729//1729
f 1693//1693 1727//1727 1728//1728
f 1695//1695 1696//1696 1761//1761
f 1762//1762 1695//1695 1761//1761
f 1763//1763 1761//1761 1696//1696
f 1697//1697 1763//1763 1696//1696
f 1582//1582 1764//1764 1697//1697
f 1695//1695 1762//1762 1651//1651
f 1761//1761 1765//1765 1762//1762
f 1582//1582 1730//1730 1764//1764
f 1651//1651 1762//1762 1731//1731
f 1699//1699 1766//1766 1733//1733
f 1651//1651 1732//1732 1623//1623
f 1699//1699 1767//1767 1766//1766
f 1699//1699 1654//1654 1767//1767
f 1654//1654 1734//1734 1767//1767
f 1768//1768 1700//1700 1623//1623
f 1701//1701 1769//1769 1734//1734
f 1700//1700 1768//1768 1587//1587
f 1702//1702 1701//1701 1655//1655
f 1768//1768 1626//1626 1587//1587
f 1656//1656 1770//1770 1702//1702
f 1626//1626 1771//1771 1657//1657
f 1770//1770 1656//1656 1703//1703
f 1703//1703 1658//1658 1772//1772
f 1704//1704 1773//1773 1705//1705
f 1772//1772 1707//1707 1774//1774
f 1772//1772 1658//1658 1707//1707
f 1704//1704 1660//1660 1708//1708
f 1775//1775 1705//1705 1773//1773
f 1735//1735 1705//1705 1775//1775
f 1707//1707 1710//1710 1774//1774
f 1704//1704 1708//1708 1776//1776
f 1773//1773 1704//1704 1776//1776
f 1706//1706 1735//1735 1777//1777
f 1777//1777 1735//1735 1775//1775
f 1736//1736 1706//1706 1777//1777
f 1774//1774 1709//1709 1778//1778
f 1710//1710 1709//1709 1774//1774
f 1708//1708 1779//1779 1776//1776
f 1737//1737 1736//1736 1780//1780
f 1737//1737 1781//1781 1709//1709
f 1780//1780 1781//1781 1737//1737
f 1709//1709 1781//1781 1778//1778
f 1738//1738 1659//1659 1782//1782
f 1667//1667 1779//1779 1708//1708
f 1777//1777 1783//1783 1736//1736
f 1780//1780 1736//1736 1783//1783
f 1781//1781 1780//1780 1784//1784
f 1785//1785 1774//1774 1778//1778
f 1785//1785 1778//1778 1781//1781
f 1779//1779 1667//1667 1786//1786
f 1776//1776 1779//1779 1787//1787
f 1784//1784 1780//1780 1788//1788
f 1788//1788 1780//1780 1783//1783
f 1789//1789 1790//1790 1784//1784
f 1785//1785 1781//1781 1790//1790
f 1784//1784 1790//1790 1781//1781
f 1791//1791 1665//1665 1711//1711
f 1712//1712 1665//1665 1791//1791
f 1712//1712 1791//1791 1792//1792
f 1739//1739 1786//1786 1667//1667
f 1787//1787 1779//1779 1786//1786
f 1783//1783 1793//1793 1788//1788
f 1789//1789 1784//1784 1788//1788
f 1740//1740 1791//1791 1711//1711
f 1739//1739 1712//1712 1794//1794
f 1786//1786 1739//1739 1794//1794
f 1795//1795 1788//1788 1793//1793
f 1796//1796 1789//1789 1788//1788
f 1795//1795 1796//1796 1788//1788
f 1792//1792 1794//1794 1712//1712
f 1797//1797 1786//1786 1794//1794
f 1798//1798 1740//1740 1715//1715
f 1798//1798 1715//1715 1799//1799
f 1794//1794 1792//1792 1800//1800
f 1715//1715 1714//1714 1799//1799
f 1798//1798 1799//1799 1801//1801
f 1801//1801 1802//1802 1798//1798
f 1800//1800 1797//1797 1794//1794
f 1714//1714 1671//1671 1799//1799
f 1799//1799 1671//1671 1716//1716
f 1801//1801 1799//1799 1716//1716
f 1742//1742 1801//1801 1716//1716
f 1803//1803 1801//1801 1742//1742
f 1804//1804 1803//1803 1742//1742
f 1742//1742 1805//1805 1806//1806
f 1804//1804 1742//1742 1806//1806
f 1742//1742 1672//1672 1805//1805
f 1807//1807 1806//1806 1805//1805
f 1672//1672 1718//1718 1805//1805
f 1744//1744 1805//1805 1718//1718
f 1807//1807 1805//1805 1744//1744
f 1745//1745 1807//1807 1744//1744
f 1807//1807 1745//1745 1808//1808
f 1809//1809 1810//1810 1811//1811
f 1745//1745 1747//1747 1812//1812
f 1745//1745 1812//1812 1808//1808
f 1813//1813 1810//1810 1809//1809
f 1814//1814 1810//1810 1813//1813
f 1814//1814 1813//1813 1815//1815
f 1814//1814 1815//1815 1816//1816
f 1817//1817 1746//1746 1743//1743
f 1748//1748 1749//1749 1818//1818
f 1812//1812 1748//1748 1818//1818
f 1813//1813 1809//1809 1750//1750
f 1748//1748 1812//1812 1747//1747
f 1750//1750 1809//1809 1749//1749
f 1813//1813 1750//1750 1752//1752
f 1815//1815 1813//1813 1752//1752
f 1816//1816 1815//1815 1819//1819
f 1819//1819 1815//1815 1752//1752
f 1819//1819 1820//1820 1816//1816
f 1749//1749 1748//1748 1721//1721
f 1819//1819 1752//1752 1751//1751
f 1751//1751 1680//1680 1722//1722
f 1819//1819 1751//1751 1722//1722
f 1754//1754 1821//1821 1753//1753
f 1722//1722 1753//1753 1822//1822
f 1683//1683 1720//1720 1823//1823
f 1683//1683 1823//1823 1685//1685
f 1823//1823 1824//1824 1685//1685
f 1755//1755 1825//1825 1723//1723
f 1754//1754 1723//1723 1825//1825
f 1759//1759 1685//1685 1824//1824
f 1756//1756 1611//1611 1687//1687
f 1757//1757 1686//1686 1756//1756
f 1826//1826 1758//1758 1759//1759
f 1826//1826 1827//1827 1726//1726
f 1758//1758 1826//1826 1726//1726
f 1828//1828 1689//1689 1760//1760
f 1828//1828 1725//1725 1689//1689
f 1827//1827 1729//1729 1727//1727
f 1726//1726 1827//1827 1727//1727
f 1760//1760 1729//1729 1827//1827
f 1761//1761 1763//1763 1829//1829
f 1731//1731 1762//1762 1765//1765
f 1698//1698 1730//1730 1652//1652
f 1698//1698 1733//1733 1730//1730
f 1767//1767 1830//1830 1766//1766
f 1830//1830 1767//1767 1734//1734
f 1734//1734 1831//1831 1830//1830
f 1623//1623 1732//1732 1768//1768
f 1734//1734 1769//1769 1831//1831
f 1769//1769 1832//1832 1831//1831
f 1769//1769 1833//1833 1832//1832
f 1701//1701 1833//1833 1769//1769
f 1833//1833 1701//1701 1702//1702
f 1768//1768 1771//1771 1626//1626
f 1657//1657 1771//1771 1834//1834
f 1835//1835 1657//1657 1834//1834
f 1657//1657 1835//1835 1659//1659
f 1659//1659 1835//1835 1782//1782
f 1773//1773 1836//1836 1775//1775
f 1782//1782 1837//1837 1738//1738
f 1836//1836 1773//1773 1776//1776
f 1775//1775 1836//1836 1838//1838
f 1783//1783 1777//1777 1839//1839
f 1774//1774 1785//1785 1840//1840
f 1785//1785 1790//1790 1840//1840
f 1783//1783 1841//1841 1793//1793
f 1798//1798 1791//1791 1740//1740
f 1842//1842 1792//1792 1791//1791
f 1795//1795 1793//1793 1843//1843
f 1792//1792 1842//1842 1800//1800
f 1797//1797 1844//1844 1786//1786
f 1844//1844 1845//1845 1786//1786
f 1802//1802 1800//1800 1842//1842
f 1802//1802 1801//1801 1846//1846
f 1847//1847 1797//1797 1800//1800
f 1847//1847 1800//1800 1846//1846
f 1846//1846 1800//1800 1802//1802
f 1797//1797 1847//1847 1848//1848
f 1848//1848 1844//1844 1797//1797
f 1801//1801 1803//1803 1846//1846
f 1849//1849 1846//1846 1803//1803
f 1846//1846 1849//1849 1847//1847
f 1850//1850 1844//1844 1848//1848
f 1804//1804 1849//1849 1803//1803
f 1851//1851 1811//1811 1852//1852
f 1673//1673 1638//1638 1743//1743
f 1808//1808 1853//1853 1807//1807
f 1854//1854 1811//1811 1851//1851
f 1810//1810 1852//1852 1811//1811
f 1814//1814 1852//1852 1810//1810
f 1814//1814 1855//1855 1856//1856
f 1811//1811 1854//1854 1809//1809
f 1818//1818 1857//1857 1812//1812
f 1855//1855 1814//1814 1816//1816
f 1816//1816 1858//1858 1855//1855
f 1858//1858 1859//1859 1860//1860
f 1818//1818 1749//1749 1809//1809
f 1858//1858 1816//1816 1820//1820
f 1859//1859 1858//1858 1820//1820
f 1861//1861 1859//1859 1820//1820
f 1746//1746 1817//1817 1720//1720
f 1820//1820 1819//1819 1861//1861
f 1861//1861 1819//1819 1862//1862
f 1720//1720 1817//1817 1823//1823
f 1722//1722 1822//1822 1862//1862
f 1862//1862 1819//1819 1722//1722
f 1755//1755 1863//1863 1825//1825
f 1863//1863 1821//1821 1825//1825
f 1754//1754 1825//1825 1821//1821
f 1757//1757 1864//1864 1755//1755
f 1756//1756 1687//1687 1865//1865
f 1757//1757 1756//1756 1866//1866
f 1867//1867 1759//1759 1824//1824
f 1867//1867 1826//1826 1759//1759
f 1828//1828 1865//1865 1725//1725
f 1687//1687 1725//1725 1865//1865
f 1867//1867 1827//1827 1826//1826
f 1760//1760 1827//1827 1867//1867
f 1828//1828 1760//1760 1867//1867
f 1697//1697 1868//1868 1763//1763
f 1764//1764 1868//1868 1697//1697
f 1761//1761 1829//1829 1765//1765
f 1764//1764 1869//1869 1868//1868
f 1764//1764 1730//1730 1869//1869
f 1733//1733 1870//1870 1730//1730
f 1732//1732 1871//1871 1768//1768
f 1872//1872 1771//1771 1768//1768
f 1872//1872 1834//1834 1771//1771
f 1702//1702 1770//1770 1833//1833
f 1770//1770 1703//1703 1873//1873
f 1703//1703 1772//1772 1873//1873
f 1873//1873 1772//1772 1874//1874
f 1772//1772 1774//1774 1874//1874
f 1875//1875 1836//1836 1776//1776
f 1775//1775 1839//1839 1777//1777
f 1838//1838 1839//1839 1775//1775
f 1774//1774 1840//1840 1874//1874
f 1776//1776 1787//1787 1875//1875
f 1783//1783 1839//1839 1876//1876
f 1876//1876 1841//1841 1783//1783
f 1877//1877 1790//1790 1789//1789
f 1877//1877 1789//1789 1878//1878
f 1798//1798 1802//1802 1791//1791
f 1786//1786 1845//1845 1787//1787
f 1879//1879 1787//1787 1845//1845
f 1875//1875 1787//1787 1879//1879
f 1793//1793 1880//1880 1843//1843
f 1841//1841 1880//1880 1793//1793
f 1795//1795 1843//1843 1881//1881
f 1795//1795 1881//1881 1796//1796
f 1878//1878 1789//1789 1796//1796
f 1738//1738 1882//1882 1713//1713
f 1842//1842 1791//1791 1802//1802
f 1883//1883 1880//1880 1841//1841
f 1713//1713 1882//1882 1597//1597
f 1882//1882 1741//1741 1597//1597
f 1844//1844 1884//1884 1845//1845
f 1850//1850 1884//1884 1844//1844
f 1848//1848 1847//1847 1849//1849
f 1884//1884 1850//1850 1885//1885
f 1885//1885 1850//1850 1848//1848
f 1849//1849 1804//1804 1848//1848
f 1804//1804 1886//1886 1848//1848
f 1886//1886 1887//1887 1848//1848
f 1848//1848 1887//1887 1885//1885
f 1888//1888 1887//1887 1886//1886
f 1889//1889 1885//1885 1890//1890
f 1890//1890 1885//1885 1887//1887
f 1804//1804 1806//1806 1891//1891
f 1891//1891 1888//1888 1886//1886
f 1891//1891 1886//1886 1804//1804
f 1890//1890 1887//1887 1892//1892
f 1892//1892 1887//1887 1888//1888
f 1891//1891 1806//1806 1807//1807
f 1892//1892 1888//1888 1893//1893
f 1717//1717 1894//1894 1638//1638
f 1853//1853 1891//1891 1807//1807
f 1854//1854 1892//1892 1893//1893
f 1851//1851 1892//1892 1854//1854
f 1814//1814 1856//1856 1852//1852
f 1638//1638 1894//1894 1743//1743
f 1853//1853 1857//1857 1893//1893
f 1854//1854 1893//1893 1857//1857
f 1857//1857 1853//1853 1808//1808
f 1858//1858 1895//1895 1855//1855
f 1858//1858 1860//1860 1895//1895
f 1860//1860 1896//1896 1895//1895
f 1743//1743 1894//1894 1817//1817
f 1808//1808 1812//1812 1857//1857
f 1818//1818 1854//1854 1857//1857
f 1809//1809 1854//1854 1818//1818
f 1859//1859 1861//1861 1897//1897
f 1898//1898 1899//1899 1823//1823
f 1817//1817 1898//1898 1823//1823
f 1900//1900 1862//1862 1901//1901
f 1901//1901 1862//1862 1822//1822
f 1899//1899 1902//1902 1823//1823
f 1821//1821 1863//1863 1901//1901
f 1753//1753 1821//1821 1901//1901
f 1822//1822 1753//1753 1901//1901
f 1823//1823 1902//1902 1824//1824
f 1755//1755 1864//1864 1863//1863
f 1902//1902 1903//1903 1824//1824
f 1904//1904 1905//1905 1865//1865
f 1865//1865 1905//1905 1756//1756
f 1905//1905 1866//1866 1756//1756
f 1757//1757 1866//1866 1906//1906
f 1906//1906 1864//1864 1757//1757
f 1824//1824 1903//1903 1867//1867
f 1867//1867 1903//1903 1907//1907
f 1904//1904 1865//1865 1907//1907
f 1828//1828 1867//1867 1907//1907
f 1865//1865 1828//1828 1907//1907
f 1829//1829 1763//1763 1908//1908
f 1765//1765 1829//1829 1908//1908
f 1868//1868 1908//1908 1763//1763
f 1731//1731 1765//1765 1909//1909
f 1730//1730 1870//1870 1869//1869
f 1910//1910 1731//1731 1909//1909
f 1733//1733 1911//1911 1870//1870
f 1731//1731 1871//1871 1732//1732
f 1871//1871 1731//1731 1910//1910
f 1830//1830 1831//1831 1912//1912
f 1831//1831 1913//1913 1912//1912
f 1832//1832 1913//1913 1831//1831
f 1872//1872 1768//1768 1871//1871
f 1833//1833 1914//1914 1832//1832
f 1833//1833 1915//1915 1914//1914
f 1770//1770 1915//1915 1833//1833
f 1770//1770 1916//1916 1915//1915
f 1916//1916 1770//1770 1873//1873
f 1782//1782 1835//1835 1917//1917
f 1782//1782 1917//1917 1918//1918
f 1782//1782 1918//1918 1837//1837
f 1836//1836 1919//1919 1838//1838
f 1838//1838 1919//1919 1839//1839
f 1874//1874 1840//1840 1920//1920
f 1837//1837 1921//1921 1738//1738
f 1875//1875 1922//1922 1836//1836
f 1840//1840 1790//1790 1920//1920
f 1919//1919 1836//1836 1922//1922
f 1876//1876 1839//1839 1923//1923
f 1924//1924 1919//1919 1922//1922
f 1925//1925 1919//1919 1924//1924
f 1839//1839 1919//1919 1925//1925
f 1926//1926 1839//1839 1925//1925
f 1923//1923 1839//1839 1926//1926
f 1881//1881 1843//1843 1927//1927
f 1878//1878 1796//1796 1881//1881
f 1879//1879 1845//1845 1884//1884
f 1875//1875 1879//1879 1928//1928
f 1928//1928 1922//1922 1875//1875
f 1883//1883 1923//1923 1926//1926
f 1876//1876 1923//1923 1883//1883
f 1876//1876 1883//1883 1841//1841
f 1880//1880 1883//1883 1929//1929
f 1880//1880 1927//1927 1843//1843
f 1930//1930 1881//1881 1927//1927
f 1931//1931 1879//1879 1884//1884
f 1931//1931 1928//1928 1879//1879
f 1926//1926 1932//1932 1883//1883
f 1929//1929 1927//1927 1880//1880
f 1931//1931 1884//1884 1933//1933
f 1883//1883 1932//1932 1934//1934
f 1935//1935 1883//1883 1934//1934
f 1929//1929 1883//1883 1935//1935
f 1741//1741 1936//1936 1937//1937
f 1741//1741 1882//1882 1936//1936
f 1934//1934 1932//1932 1938//1938
f 1939//1939 1927//1927 1929//1929
f 1885//1885 1933//1933 1884//1884
f 1940//1940 1933//1933 1885//1885
f 1929//1929 1935//1935 1941//1941
f 1941//1941 1939//1939 1929//1929
f 1935//1935 1934//1934 1942//1942
f 1941//1941 1935//1935 1942//1942
f 1940//1940 1885//1885 1889//1889
f 1943//1943 1939//1939 1941//1941
f 1741//1741 1937//1937 1717//1717
f 1944//1944 1940//1940 1889//1889
f 1945//1945 1946//1946 1938//1938
f 1934//1934 1938//1938 1946//1946
f 1942//1942 1934//1934 1947//1947
f 1947//1947 1934//1934 1946//1946
f 1941//1941 1942//1942 1947//1947
f 1944//1944 1889//1889 1890//1890
f 1948//1948 1944//1944 1890//1890
f 1946//1946 1945//1945 1949//1949
f 1948//1948 1890//1890 1852//1852
f 1895//1895 1948//1948 1852//1852
f 1950//1950 1943//1943 1941//1941
f 1950//1950 1941//1941 1947//1947
f 1937//1937 1894//1894 1717//1717
f 1851//1851 1890//1890 1892//1892
f 1852//1852 1890//1890 1851//1851
f 1895//1895 1852//1852 1856//1856
f 1951//1951 1948//1948 1895//1895
f 1949//1949 1948//1948 1951//1951
f 1946//1946 1949//1949 1951//1951
f 1947//1947 1946//1946 1951//1951
f 1888//1888 1891//1891 1853//1853
f 1888//1888 1853//1853 1893//1893
f 1947//1947 1951//1951 1952//1952
f 1953//1953 1950//1950 1947//1947
f 1895//1895 1856//1856 1855//1855
f 1896//1896 1951//1951 1895//1895
f 1952//1952 1951//1951 1896//1896
f 1952//1952 1953//1953 1947//1947
f 1954//1954 1952//1952 1896//1896
f 1860//1860 1954//1954 1896//1896
f 1894//1894 1955//1955 1817//1817
f 1860//1860 1897//1897 1954//1954
f 1817//1817 1955//1955 1898//1898
f 1860//1860 1859//1859 1897//1897
f 1899//1899 1898//1898 1956//1956
f 1862//1862 1957//1957 1861//1861
f 1957//1957 1958//1958 1861//1861
f 1959//1959 1899//1899 1956//1956
f 1901//1901 1960//1960 1961//1961
f 1957//1957 1862//1862 1900//1900
f 1959//1959 1962//1962 1899//1899
f 1899//1899 1962//1962 1902//1902
f 1963//1963 1962//1962 1959//1959
f 1904//1904 1964//1964 1905//1905
f 1965//1965 1964//1964 1904//1904
f 1864//1864 1960//1960 1863//1863
f 1901//1901 1863//1863 1960//1960
f 1962//1962 1903//1903 1902//1902
f 1963//1963 1903//1903 1962//1962
f 1965//1965 1904//1904 1963//1963
f 1905//1905 1966//1966 1866//1866
f 1966//1966 1906//1906 1866//1866
f 1963//1963 1907//1907 1903//1903
f 1904//1904 1907//1907 1963//1963
f 1967//1967 1765//1765 1908//1908
f 1967//1967 1908//1908 1868//1868
f 1967//1967 1909//1909 1765//1765
f 1733//1733 1968//1968 1911//1911
f 1766//1766 1968//1968 1733//1733
f 1969//1969 1766//1766 1830//1830
f 1912//1912 1969//1969 1830//1830
f 1970//1970 1871//1871 1910//1910
f 1871//1871 1970//1970 1872//1872
f 1971//1971 1915//1915 1916//1916
f 1972//1972 1916//1916 1873//1873
f 1873//1873 1874//1874 1973//1973
f 1918//1918 1974//1974 1837//1837
f 1874//1874 1920//1920 1975//1975
f 1920//1920 1790//1790 1877//1877
f 1878//1878 1881//1881 1976//1976
f 1977//1977 1877//1877 1878//1878
f 1976//1976 1977//1977 1878//1878
f 1738//1738 1921//1921 1882//1882
f 1928//1928 1924//1924 1922//1922
f 1978//1978 1926//1926 1925//1925
f 1930//1930 1927//1927 1939//1939
f 1936//1936 1882//1882 1921//1921
f 1979//1979 1928//1928 1931//1931
f 1924//1924 1928//1928 1979//1979
f 1932//1932 1926//1926 1978//1978
f 1979//1979 1931//1931 1933//1933
f 1932//1932 1978//1978 1980//1980
f 1940//1940 1981//1981 1933//1933
f 1981//1981 1979//1979 1933//1933
f 1932//1932 1980//1980 1938//1938
f 1982//1982 1930//1930 1939//1939
f 1981//1981 1940//1940 1944//1944
f 1944//1944 1983//1983 1981//1981
f 1939//1939 1943//1943 1982//1982
f 1983//1983 1944//1944 1948//1948
f 1980//1980 1983//1983 1945//1945
f 1938//1938 1980//1980 1945//1945
f 1949//1949 1983//1983 1948//1948
f 1945//1945 1983//1983 1949//1949
f 1943//1943 1950//1950 1984//1984
f 1943//1943 1984//1984 1985//1985
f 1937//1937 1986//1986 1894//1894
f 1950//1950 1953//1953 1987//1987
f 1950//1950 1987//1987 1984//1984
f 1988//1988 1984//1984 1987//1987
f 1986//1986 1955//1955 1894//1894
f 1952//1952 1954//1954 1989//1989
f 1952//1952 1989//1989 1990//1990
f 1952//1952 1990//1990 1953//1953
f 1990//1990 1987//1987 1953//1953
f 1989//1989 1954//1954 1897//1897
f 1991//1991 1956//1956 1898//1898
f 1955//1955 1991//1991 1898//1898
f 1961//1961 1957//1957 1900//1900
f 1958//1958 1897//1897 1861//1861
f 1960//1960 1864//1864 1992//1992
f 1992//1992 1961//1961 1960//1960
f 1961//1961 1900//1900 1901//1901
f 1993//1993 1965//1965 1959//1959
f 1965//1965 1963//1963 1959//1959
f 1964//1964 1994//1994 1905//1905
f 1966//1966 1905//1905 1994//1994
f 1868//1868 1995//1995 1967//1967
f 1869//1869 1870//1870 1868//1868
f 1766//1766 1969//1969 1968//1968
f 1970//1970 1910//1910 1996//1996
f 1970//1970 1997//1997 1872//1872
f 1832//1832 1998//1998 1913//1913
f 1998//1998 1832//1832 1914//1914
f 1872//1872 1997//1997 1834//1834
f 1834//1834 1997//1997 1835//1835
f 1971//1971 1916//1916 1972//1972
f 1999//1999 1971//1971 1972//1972
f 1973//1973 1874//1874 1975//1975
f 1974//1974 1921//1921 1837//1837
f 1881//1881 1930//1930 1976//1976
f 1979//1979 2000//2000 1924//1924
f 1925//1925 1924//1924 2000//2000
f 1978//1978 1925//1925 2000//2000
f 1976//1976 1930//1930 2001//2001
f 1978//1978 2000//2000 1980//1980
f 1983//1983 1979//1979 1981//1981
f 2000//2000 1979//1979 1983//1983
f 1980//1980 2000//2000 1983//1983
f 1930//1930 1982//1982 2001//2001
f 1937//1937 1936//1936 2002//2002
f 1943//1943 1985//1985 1982//1982
f 1937//1937 2002//2002 1986//1986
f 1984//1984 1982//1982 1985//1985
f 1986//1986 2003//2003 1955//1955
f 2003//2003 1991//1991 1955//1955
f 1988//1988 1987//1987 1990//1990
f 1988//1988 1990//1990 2004//2004
f 1989//1989 1897//1897 1958//1958
f 2005//2005 1990//1990 1989//1989
f 1956//1956 1993//1993 1959//1959
f 1957//1957 1961//1961 2006//2006
f 1958//1958 1957//1957 2007//2007
f 1957//1957 2006//2006 2007//2007
f 2007//2007 2008//2008 1958//1958
f 1989//1989 1958//1958 2005//2005
f 2005//2005 1958//1958 2008//2008
f 2009//2009 1990//1990 2005//2005
f 2010//2010 1990//1990 2009//2009
f 2004//2004 1990//1990 2010//2010
f 1965//1965 1993//1993 1964//1964
f 1994//1994 2011//2011 1966//1966
f 1906//1906 2012//2012 1864//1864
f 1967//1967 1995//1995 2013//2013
f 1909//1909 1967//1967 2013//2013
f 2014//2014 1995//1995 1868//1868
f 1870//1870 2014//2014 1868//1868
f 1870//1870 1911//1911 2014//2014
f 1909//1909 2013//2013 1910//1910
f 1910//1910 2013//2013 2015//2015
f 1996//1996 1910//1910 2015//2015
f 1912//1912 2016//2016 1969//1969
f 1913//1913 2017//2017 1912//1912
f 2018//2018 1970//1970 1996//1996
f 2018//2018 1997//1997 1970//1970
f 1913//1913 2019//2019 2017//2017
f 1913//1913 1998//1998 2019//2019
f 1998//1998 1914//1914 2020//2020
f 1835//1835 1997//1997 2021//2021
f 1915//1915 2020//2020 1914//1914
f 1917//1917 1835//1835 2021//2021
f 1971//1971 2022//2022 1915//1915
f 1972//1972 1873//1873 1973//1973
f 1920//1920 1877//1877 2023//2023
f 1877//1877 1977//1977 2023//2023
f 1977//1977 1976//1976 2001//2001
f 2002//2002 1936//1936 1921//1921
f 2002//2002 2024//2024 1986//1986
f 1982//1982 1984//1984 2025//2025
f 2024//2024 2003//2003 1986//1986
f 1984//1984 2026//2026 2025//2025
f 2027//2027 1984//1984 1988//1988
f 2028//2028 1956//1956 1991//1991
f 2004//2004 2027//2027 1988//1988
f 1993//1993 1956//1956 2028//2028
f 2029//2029 1993//1993 2028//2028
f 1964//1964 1993//1993 2029//2029
f 2030//2030 1964//1964 2029//2029
f 1906//1906 2031//2031 2012//2012
f 2006//2006 1961//1961 2032//2032
f 2032//2032 2033//2033 2006//2006
f 2007//2007 2006//2006 2034//2034
f 2006//2006 2033//2033 2034//2034
f 2035//2035 2007//2007 2034//2034
f 2036//2036 2009//2009 2005//2005
f 2037//2037 1964//1964 2030//2030
f 2031//2031 1966//1966 2011//2011
f 1992//1992 1864//1864 2012//2012
f 2007//2007 2035//2035 2038//2038
f 2008//2008 2007//2007 2038//2038
f 2005//2005 2008//2008 2036//2036
f 1994//1994 1964//1964 2037//2037
f 2011//2011 1994//1994 2037//2037
f 1906//1906 1966//1966 2031//2031
f 2039//2039 2008//2008 2038//2038
f 2040//2040 2010//2010 2009//2009
f 2039//2039 2041//2041 2008//2008
f 2008//2008 2041//2041 2036//2036
f 2009//2009 2036//2036 2042//2042
f 2042//2042 2036//2036 2041//2041
f 2042//2042 2040//2040 2009//2009
f 2043//2043 2015//2015 1995//1995
f 2015//2015 2013//2013 1995//1995
f 2014//2014 2044//2044 1995//1995
f 2017//2017 2016//2016 1912//1912
f 1996//1996 2045//2045 2018//2018
f 1915//1915 2022//2022 2020//2020
f 2021//2021 2046//2046 1917//1917
f 1917//1917 2046//2046 1918//1918
f 1974//1974 2047//2047 1921//1921
f 2048//2048 2023//2023 1977//1977
f 2048//2048 1977//1977 2001//2001
f 1921//1921 2047//2047 2002//2002
f 2001//2001 1982//1982 2049//2049
f 2002//2002 2050//2050 2024//2024
f 2003//2003 2024//2024 2051//2051
f 2025//2025 2049//2049 1982//1982
f 2052//2052 2003//2003 2051//2051
f 1991//1991 2003//2003 2052//2052
f 2028//2028 1991//1991 2052//2052
f 2053//2053 2028//2028 2052//2052
f 1984//1984 2027//2027 2026//2026
f 2054//2054 2028//2028 2053//2053
f 2054//2054 2029//2029 2028//2028
f 2054//2054 2055//2055 2030//2030
f 2030//2030 2029//2029 2054//2054
f 2056//2056 2030//2030 2055//2055
f 2056//2056 2037//2037 2030//2030
f 2011//2011 2057//2057 2031//2031
f 1961//1961 2058//2058 2032//2032
f 2059//2059 2027//2027 2004//2004
f 2060//2060 1992//1992 2012//2012
f 2004//2004 2010//2010 2059//2059
f 2035//2035 2061//2061 2038//2038
f 2062//2062 2061//2061 2035//2035
f 2039//2039 2038//2038 2061//2061
f 2042//2042 2063//2063 2040//2040
f 2064//2064 2042//2042 2041//2041
f 2065//2065 2063//2063 2042//2042
f 2065//2065 2042//2042 2064//2064
f 2043//2043 1995//1995 2044//2044
f 1968//1968 2066//2066 2014//2014
f 1968//1968 2014//2014 1911//1911
f 2016//2016 2017//2017 2067//2067
f 2019//2019 1998//1998 2068//2068
f 1997//1997 2018//2018 2021//2021
f 2046//2046 2021//2021 2069//2069
f 1918//1918 2046//2046 2070//2070
f 1918//1918 2070//2070 1974//1974
f 2023//2023 1973//1973 1975//1975
f 1975//1975 1920//1920 2023//2023
f 1974//1974 2071//2071 2047//2047
f 2048//2048 2072//2072 2023//2023
f 2001//2001 2049//2049 2048//2048
f 2048//2048 2049//2049 2073//2073
f 2047//2047 2050//2050 2002//2002
f 2073//2073 2049//2049 2074//2074
f 2050//2050 2051//2051 2024//2024
f 2055//2055 2054//2054 2053//2053
f 2057//2057 2037//2037 2056//2056
f 2011//2011 2037//2037 2057//2057
f 2057//2057 2075//2075 2031//2031
f 2031//2031 2060//2060 2012//2012
f 1992//1992 2060//2060 2076//2076
f 1961//1961 1992//1992 2076//2076
f 1961//1961 2076//2076 2058//2058
f 2034//2034 2033//2033 2077//2077
f 2077//2077 2035//2035 2034//2034
f 2059//2059 2010//2010 2040//2040
f 2040//2040 2078//2078 2059//2059
f 2078//2078 2040//2040 2063//2063
f 2062//2062 2039//2039 2061//2061
f 2039//2039 2062//2062 2079//2079
f 2041//2041 2039//2039 2079//2079
f 2079//2079 2064//2064 2041//2041
f 2064//2064 2079//2079 2080//2080
f 2064//2064 2081//2081 2065//2065
f 2080//2080 2081//2081 2064//2064
f 2082//2082 2044//2044 2083//2083
f 2082//2082 2043//2043 2044//2044
f 2066//2066 2083//2083 2044//2044
f 2014//2014 2066//2066 2044//2044
f 2015//2015 2045//2045 1996//1996
f 2015//2015 2043//2043 2045//2045
f 2045//2045 2043//2043 2082//2082
f 1969//1969 2084//2084 1968//1968
f 2016//2016 2084//2084 1969//1969
f 2082//2082 2085//2085 2045//2045
f 2016//2016 2086//2086 2084//2084
f 2016//2016 2067//2067 2086//2086
f 2045//2045 2087//2087 2018//2018
f 2087//2087 2088//2088 2018//2018
f 2067//2067 2089//2089 2090//2090
f 2019//2019 2089//2089 2067//2067
f 2019//2019 2067//2067 2017//2017
f 2019//2019 2068//2068 2089//2089
f 2088//2088 2069//2069 2021//2021
f 2018//2018 2088//2088 2021//2021
f 1998//1998 2091//2091 2068//2068
f 1998//1998 2020//2020 2091//2091
f 2092//2092 2020//2020 2022//2022
f 2022//2022 1971//1971 2092//2092
f 1974//1974 2070//2070 2093//2093
f 1973//1973 2094//2094 1972//1972
f 1973//1973 2023//2023 2094//2094
f 2023//2023 2072//2072 2095//2095
f 2048//2048 2073//2073 2072//2072
f 2096//2096 2047//2047 2071//2071
f 2047//2047 2096//2096 2050//2050
f 2051//2051 2050//2050 2096//2096
f 2073//2073 2074//2074 2097//2097
f 2049//2049 2025//2025 2074//2074
f 2098//2098 2052//2052 2051//2051
f 2098//2098 2099//2099 2052//2052
f 2099//2099 2053//2053 2052//2052
f 2099//2099 2100//2100 2101//2101
f 2055//2055 2053//2053 2099//2099
f 2101//2101 2055//2055 2099//2099
f 2026//2026 2102//2102 2103//2103
f 2026//2026 2027//2027 2102//2102
f 2026//2026 2103//2103 2025//2025
f 2104//2104 2074//2074 2025//2025
f 2103//2103 2104//2104 2025//2025
f 2101//2101 2105//2105 2057//2057
f 2057//2057 2105//2105 2075//2075
f 2102//2102 2027//2027 2059//2059
f 2101//2101 2056//2056 2055//2055
f 2057//2057 2056//2056 2101//2101
f 2102//2102 2059//2059 2106//2106
f 2107//2107 2102//2102 2106//2106
f 2060//2060 2031//2031 2075//2075
f 2108//2108 2032//2032 2058//2058
f 2032//2032 2109//2109 2033//2033
f 2078//2078 2106//2106 2059//2059
f 2033//2033 2109//2109 2077//2077
f 2107//2107 2106//2106 2110//2110
f 2110//2110 2103//2103 2107//2107
f 2035//2035 2077//2077 2111//2111
f 2106//2106 2078//2078 2112//2112
f 2112//2112 2078//2078 2063//2063
f 2110//2110 2106//2106 2112//2112
f 2035//2035 2111//2111 2062//2062
f 2111//2111 2113//2113 2062//2062
f 2110//2110 2112//2112 2114//2114
f 2112//2112 2063//2063 2115//2115
f 2115//2115 2114//2114 2112//2112
f 2063//2063 2065//2065 2115//2115
f 2065//2065 2116//2116 2115//2115
f 2081//2081 2117//2117 2065//2065
f 2117//2117 2116//2116 2065//2065
f 2118//2118 2081//2081 2080//2080
f 2119//2119 2117//2117 2081//2081
f 2081//2081 2118//2118 2119//2119
f 2120//2120 2084//2084 2086//2086
f 2087//2087 2045//2045 2085//2085
f 2067//2067 2121//2121 2086//2086
f 2067//2067 2090//2090 2121//2121
f 2087//2087 2122//2122 2088//2088
f 2020//2020 2123//2123 2091//2091
f 2020//2020 2092//2092 2123//2123
f 2046//2046 2069//2069 2124//2124
f 1971//1971 2125//2125 2092//2092
f 1971//1971 1999//1999 2125//2125
f 2046//2046 2124//2124 2070//2070
f 1999//1999 2126//2126 2125//2125
f 1974//1974 2093//2093 2071//2071
f 2094//2094 2023//2023 2095//2095
f 2072//2072 2073//2073 2127//2127
f 2127//2127 2073//2073 2097//2097
f 2128//2128 2051//2051 2096//2096
f 2128//2128 2098//2098 2051//2051
f 2128//2128 2129//2129 2098//2098
f 2098//2098 2129//2129 2099//2099
f 2100//2100 2099//2099 2129//2129
f 2101//2101 2100//2100 2130//2130
f 2105//2105 2101//2101 2130//2130
f 2075//2075 2131//2131 2076//2076
f 2107//2107 2103//2103 2102//2102
f 2076//2076 2060//2060 2075//2075
f 2132//2132 2058//2058 2076//2076
f 2108//2108 2058//2058 2132//2132
f 2108//2108 2109//2109 2032//2032
f 2114//2114 2104//2104 2103//2103
f 2133//2133 2104//2104 2114//2114
f 2103//2103 2110//2110 2114//2114
f 2062//2062 2113//2113 2134//2134
f 2134//2134 2079//2079 2062//2062
f 2134//2134 2135//2135 2079//2079
f 2079//2079 2135//2135 2136//2136
f 2080//2080 2079//2079 2136//2136
f 2080//2080 2136//2136 2118//2118
f 2119//2119 2118//2118 2137//2137
f 2138//2138 2083//2083 2066//2066
f 1968//1968 2139//2139 2066//2066
f 2066//2066 2139//2139 2138//2138
f 2083//2083 2140//2140 2082//2082
f 2084//2084 2139//2139 1968//1968
f 2084//2084 2120//2120 2139//2139
f 2140//2140 2085//2085 2082//2082
f 2087//2087 2085//2085 2122//2122
f 2141//2141 2121//2121 2090//2090
f 2142//2142 2090//2090 2089//2089
f 2088//2088 2122//2122 2143//2143
f 2142//2142 2089//2089 2068//2068
f 2144//2144 2069//2069 2088//2088
f 2124//2124 2145//2145 2070//2070
f 1972//1972 2126//2126 1999//1999
f 1972//1972 2146//2146 2126//2126
f 2070//2070 2145//2145 2093//2093
f 2094//2094 2146//2146 1972//1972
f 2071//2071 2093//2093 2147//2147
f 2148//2148 2071//2071 2147//2147
f 2095//2095 2072//2072 2149//2149
f 2072//2072 2127//2127 2149//2149
f 2071//2071 2148//2148 2096//2096
f 2096//2096 2148//2148 2128//2128
f 2150//2150 2128//2128 2148//2148
f 2129//2129 2128//2128 2150//2150
f 2151//2151 2129//2129 2150//2150
f 2097//2097 2074//2074 2152//2152
f 2100//2100 2129//2129 2151//2151
f 2130//2130 2100//2100 2151//2151
f 2074//2074 2104//2104 2152//2152
f 2152//2152 2104//2104 2153//2153
f 2105//2105 2131//2131 2075//2075
f 2132//2132 2076//2076 2154//2154
f 2076//2076 2131//2131 2154//2154
f 2108//2108 2155//2155 2109//2109
f 2153//2153 2104//2104 2156//2156
f 2155//2155 2077//2077 2109//2109
f 2104//2104 2133//2133 2156//2156
f 2114//2114 2157//2157 2158//2158
f 2114//2114 2158//2158 2133//2133
f 2159//2159 2134//2134 2113//2113
f 2114//2114 2115//2115 2157//2157
f 2115//2115 2116//2116 2157//2157
f 2134//2134 2159//2159 2135//2135
f 2116//2116 2117//2117 2160//2160
f 2157//2157 2116//2116 2160//2160
f 2118//2118 2136//2136 2137//2137
f 2161//2161 2119//2119 2137//2137
f 2117//2117 2119//2119 2161//2161
f 2083//2083 2138//2138 2140//2140
f 2086//2086 2162//2162 2120//2120
f 2086//2086 2163//2163 2162//2162
f 2121//2121 2163//2163 2086//2086
f 2121//2121 2141//2141 2163//2163
f 2164//2164 2141//2141 2090//2090
f 2088//2088 2143//2143 2144//2144
f 2091//2091 2165//2165 2068//2068
f 2144//2144 2166//2166 2069//2069
f 2166//2166 2124//2124 2069//2069
f 2092//2092 2125//2125 2123//2123
f 2166//2166 2167//2167 2124//2124
f 2094//2094 2095//2095 2168//2168
f 2095//2095 2149//2149 2168//2168
f 2147//2147 2169//2169 2148//2148
f 2170//2170 2148//2148 2169//2169
f 2170//2170 2150//2150 2148//2148
f 2170//2170 2171//2171 2172//2172
f 2127//2127 2097//2097 2173//2173
f 2172//2172 2150//2150 2170//2170
f 2171//2171 2174//2174 2172//2172
f 2173//2173 2097//2097 2152//2152
f 2151//2151 2150//2150 2172//2172
f 2174//2174 2151//2151 2172//2172
f 2171//2171 2175//2175 2174//2174
f 2175//2175 2176//2176 2174//2174
f 2130//2130 2151//2151 2174//2174
f 2176//2176 2130//2130 2174//2174
f 2177//2177 2176//2176 2175//2175
f 2177//2177 2178//2178 2154//2154
f 2105//2105 2130//2130 2176//2176
f 2177//2177 2105//2105 2176//2176
f 2154//2154 2131//2131 2177//2177
f 2131//2131 2105//2105 2177//2177
f 2132//2132 2154//2154 2179//2179
f 2132//2132 2180//2180 2108//2108
f 2108//2108 2180//2180 2155//2155
f 2153//2153 2156//2156 2181//2181
f 2077//2077 2182//2182 2111//2111
f 2182//2182 2113//2113 2111//2111
f 2183//2183 2156//2156 2133//2133
f 2158//2158 2183//2183 2133//2133
f 2159//2159 2184//2184 2135//2135
f 2157//2157 2160//2160 2185//2185
f 2161//2161 2186//2186 2117//2117
f 2186//2186 2161//2161 2187//2187
f 2138//2138 2188//2188 2140//2140
f 2139//2139 2189//2189 2138//2138
f 2138//2138 2189//2189 2188//2188
f 2139//2139 2190//2190 2189//2189
f 2120//2120 2190//2190 2139//2139
f 2190//2190 2120//2120 2162//2162
f 2140//2140 2191//2191 2085//2085
f 2191//2191 2192//2192 2085//2085
f 2193//2193 2163//2163 2194//2194
f 2085//2085 2192//2192 2122//2122
f 2122//2122 2192//2192 2143//2143
f 2164//2164 2090//2090 2142//2142
f 2195//2195 2164//2164 2142//2142
f 2165//2165 2091//2091 2123//2123
f 2144//2144 2196//2196 2166//2166
f 2197//2197 2123//2123 2125//2125
f 2125//2125 2126//2126 2197//2197
f 2167//2167 2145//2145 2124//2124
f 2197//2197 2126//2126 2198//2198
f 2146//2146 2198//2198 2126//2126
f 2145//2145 2147//2147 2093//2093
f 2199//2199 2198//2198 2146//2146
f 2199//2199 2146//2146 2094//2094
f 2199//2199 2094//2094 2168//2168
f 2200//2200 2169//2169 2147//2147
f 2201//2201 2169//2169 2200//2200
f 2170//2170 2169//2169 2201//2201
f 2149//2149 2127//2127 2173//2173
f 2202//2202 2154//2154 2178//2178
f 2202//2202 2179//2179 2154//2154
f 2132//2132 2179//2179 2180//2180
f 2077//2077 2155//2155 2203//2203
f 2203//2203 2182//2182 2077//2077
f 2156//2156 2204//2204 2181//2181
f 2205//2205 2113//2113 2182//2182
f 2205//2205 2206//2206 2113//2113
f 2156//2156 2183//2183 2204//2204
f 2206//2206 2159//2159 2113//2113
f 2183//2183 2158//2158 2207//2207
f 2158//2158 2157//2157 2208//2208
f 2158//2158 2208//2208 2207//2207
f 2184//2184 2136//2136 2135//2135
f 2209//2209 2137//2137 2136//2136
f 2160//2160 2117//2117 2186//2186
f 2185//2185 2160//2160 2210//2210
f 2137//2137 2209//2209 2211//2211
f 2161//2161 2137//2137 2187//2187
f 2137//2137 2211//2211 2187//2187
f 2162//2162 2212//2212 2190//2190
f 2188//2188 2213//2213 2140//2140
f 2162//2162 2163//2163 2212//2212
f 2193//2193 2212//2212 2163//2163
f 2194//2194 2163//2163 2141//2141
f 2214//2214 2143//2143 2192//2192
f 2142//2142 2165//2165 2195//2195
f 2068//2068 2165//2165 2142//2142
f 2143//2143 2196//2196 2144//2144
f 2123//2123 2197//2197 2165//2165
f 2196//2196 2215//2215 2166//2166
f 2167//2167 2166//2166 2215//2215
f 2216//2216 2197//2197 2198//2198
f 2198//2198 2217//2217 2216//2216
f 2145//2145 2218//2218 2147//2147
f 2218//2218 2200//2200 2147//2147
f 2219//2219 2168//2168 2149//2149
f 2219//2219 2149//2149 2173//2173
f 2175//2175 2171//2171 2220//2220
f 2175//2175 2178//2178 2177//2177
f 2152//2152 2153//2153 2221//2221
f 2153//2153 2181//2181 2221//2221
f 2222//2222 2155//2155 2180//2180
f 2204//2204 2183//2183 2223//2223
f 2183//2183 2207//2207 2223//2223
f 2159//2159 2206//2206 2184//2184
f 2206//2206 2224//2224 2184//2184
f 2208//2208 2157//2157 2185//2185
f 2208//2208 2185//2185 2225//2225
f 2136//2136 2184//2184 2209//2209
f 2160//2160 2186//2186 2210//2210
f 2186//2186 2187//2187 2226//2226
f 2189//2189 2227//2227 2188//2188
f 2190//2190 2228//2228 2189//2189
f 2189//2189 2228//2228 2227//2227
f 2190//2190 2229//2229 2228//2228
f 2212//2212 2230//2230 2190//2190
f 2190//2190 2230//2230 2229//2229
f 2188//2188 2227//2227 2213//2213
f 2140//2140 2213//2213 2191//2191
f 2191//2191 2214//2214 2192//2192
f 2191//2191 2213//2213 2214//2214
f 2193//2193 2194//2194 2231//2231
f 2194//2194 2141//2141 2164//2164
f 2214//2214 2232//2232 2143//2143
f 2233//2233 2164//2164 2195//2195
f 2143//2143 2232//2232 2196//2196
f 2232//2232 2234//2234 2196//2196
f 2197//2197 2235//2235 2165//2165
f 2167//2167 2215//2215 2236//2236
f 2235//2235 2197//2197 2216//2216
f 2167//2167 2218//2218 2145//2145
f 2200//2200 2218//2218 2237//2237
f 2217//2217 2198//2198 2199//2199
f 2201//2201 2200//2200 2238//2238
f 2239//2239 2240//2240 2201//2201
f 2201//2201 2240//2240 2170//2170
f 2239//2239 2241//2241 2240//2240
f 2171//2171 2170//2170 2240//2240
f 2241//2241 2220//2220 2240//2240
f 2220//2220 2171//2171 2240//2240
f 2220//2220 2242//2242 2178//2178
f 2178//2178 2242//2242 2202//2202
f 2178//2178 2175//2175 2220//2220
f 2202//2202 2243//2243 2179//2179
f 2179//2179 2244//2244 2180//2180
f 2179//2179 2243//2243 2244//2244
f 2180//2180 2244//2244 2222//2222
f 2155//2155 2222//2222 2203//2203
f 2223//2223 2207//2207 2208//2208
f 2185//2185 2210//2210 2225//2225
f 2184//2184 2224//2224 2245//2245
f 2209//2209 2184//2184 2245//2245
f 2245//2245 2246//2246 2209//2209
f 2247//2247 2210//2210 2186//2186
f 2209//2209 2246//2246 2211//2211
f 2211//2211 2246//2246 2187//2187
f 2226//2226 2187//2187 2246//2246
f 2248//2248 2228//2228 2229//2229
f 2229//2229 2230//2230 2249//2249
f 2227//2227 2250//2250 2213//2213
f 2212//2212 2251//2251 2230//2230
f 2212//2212 2193//2193 2251//2251
f 2213//2213 2250//2250 2214//2214
f 2193//2193 2231//2231 2251//2251
f 2214//2214 2252//2252 2232//2232
f 2194//2194 2164//2164 2233//2233
f 2253//2253 2195//2195 2165//2165
f 2234//2234 2215//2215 2196//2196
f 2167//2167 2237//2237 2218//2218
f 2216//2216 2217//2217 2254//2254
f 2255//2255 2238//2238 2200//2200
f 2255//2255 2200//2200 2237//2237
f 2217//2217 2199//2199 2256//2256
f 2257//2257 2199//2199 2168//2168
f 2201//2201 2238//2238 2239//2239
f 2257//2257 2168//2168 2219//2219
f 2241//2241 2242//2242 2220//2220
f 2258//2258 2219//2219 2173//2173
f 2173//2173 2152//2152 2258//2258
f 2258//2258 2152//2152 2221//2221
f 2222//2222 2244//2244 2259//2259
f 2221//2221 2181//2181 2260//2260
f 2260//2260 2181//2181 2204//2204
f 2205//2205 2261//2261 2206//2206
f 2206//2206 2261//2261 2224//2224
f 2225//2225 2262//2262 2208//2208
f 2225//2225 2210//2210 2263//2263
f 2224//2224 2264//2264 2245//2245
f 2265//2265 2246//2246 2245//2245
f 2186//2186 2226//2226 2247//2247
f 2226//2226 2246//2246 2266//2266
f 2246//2246 2265//2265 2266//2266
f 2228//2228 2267//2267 2268//2268
f 2228//2228 2248//2248 2267//2267
f 2229//2229 2249//2249 2248//2248
f 2227//2227 2268//2268 2250//2250
f 2268//2268 2227//2227 2228//2228
f 2230//2230 2251//2251 2249//2249
f 2214//2214 2250//2250 2269//2269
f 2269//2269 2252//2252 2214//2214
f 2270//2270 2231//2231 2194//2194
f 2195//2195 2271//2271 2233//2233
f 2252//2252 2234//2234 2232//2232
f 2271//2271 2195//2195 2253//2253
f 2215//2215 2234//2234 2272//2272
f 2253//2253 2165//2165 2235//2235
f 2272//2272 2236//2236 2215//2215
f 2273//2273 2274//2274 2235//2235
f 2236//2236 2275//2275 2167//2167
f 2275//2275 2237//2237 2167//2167
f 2216//2216 2273//2273 2235//2235
f 2217//2217 2256//2256 2254//2254
f 2199//2199 2257//2257 2256//2256
f 2239//2239 2238//2238 2276//2276
f 2257//2257 2219//2219 2258//2258
f 2243//2243 2202//2202 2277//2277
f 2258//2258 2221//2221 2278//2278
f 2278//2278 2221//2221 2260//2260
f 2279//2279 2203//2203 2222//2222
f 2279//2279 2182//2182 2203//2203
f 2260//2260 2204//2204 2280//2280
f 2261//2261 2205//2205 2182//2182
f 2204//2204 2223//2223 2280//2280
f 2223//2223 2208//2208 2281//2281
f 2262//2262 2281//2281 2208//2208
f 2262//2262 2225//2225 2263//2263
f 2210//2210 2247//2247 2263//2263
f 2264//2264 2282//2282 2245//2245
f 2282//2282 2265//2265 2245//2245
f 2283//2283 2247//2247 2226//2226
f 2284//2284 2285//2285 2267//2267
f 2286//2286 2268//2268 2285//2285
f 2267//2267 2285//2285 2268//2268
f 2287//2287 2267//2267 2248//2248
f 2249//2249 2287//2287 2248//2248
f 2249//2249 2288//2288 2287//2287
f 2268//2268 2286//2286 2250//2250
f 2286//2286 2269//2269 2250//2250
f 2286//2286 2289//2289 2269//2269
f 2269//2269 2289//2289 2252//2252
f 2270//2270 2194//2194 2233//2233
f 2290//2290 2233//2233 2271//2271
f 2234//2234 2252//2252 2289//2289
f 2272//2272 2289//2289 2291//2291
f 2289//2289 2272//2272 2234//2234
f 2235//2235 2274//2274 2253//2253
f 2292//2292 2237//2237 2275//2275
f 2293//2293 2276//2276 2255//2255
f 2255//2255 2276//2276 2238//2238
f 2276//2276 2294//2294 2239//2239
f 2239//2239 2294//2294 2241//2241
f 2241//2241 2294//2294 2295//2295
f 2257//2257 2258//2258 2296//2296
f 2295//2295 2297//2297 2242//2242
f 2242//2242 2241//2241 2295//2295
f 2277//2277 2242//2242 2297//2297
f 2242//2242 2277//2277 2202//2202
f 2258//2258 2278//2278 2298//2298
f 2244//2244 2243//2243 2277//2277
f 2278//2278 2260//2260 2299//2299
f 2222//2222 2259//2259 2279//2279
f 2182//2182 2279//2279 2300//2300
f 2182//2182 2300//2300 2261//2261
f 2300//2300 2301//2301 2261//2261
f 2280//2280 2223//2223 2302//2302
f 2302//2302 2223//2223 2303//2303
f 2261//2261 2301//2301 2224//2224
f 2301//2301 2264//2264 2224//2224
f 2223//2223 2281//2281 2303//2303
f 2263//2263 2247//2247 2304//2304
f 2247//2247 2283//2283 2305//2305
f 2304//2304 2247//2247 2305//2305
f 2282//2282 2306//2306 2265//2265
f 2226//2226 2266//2266 2283//2283
f 2266//2266 2265//2265 2307//2307
f 2308//2308 2309//2309 2284//2284
f 2310//2310 2308//2308 2284//2284
f 2311//2311 2310//2310 2284//2284
f 2267//2267 2311//2311 2284//2284
f 2287//2287 2311//2311 2267//2267
f 2312//2312 2313//2313 2309//2309
f 2285//2285 2284//2284 2313//2313
f 2284//2284 2309//2309 2313//2313
f 2287//2287 2288//2288 2311//2311
f 2285//2285 2314//2314 2286//2286
f 2313//2313 2314//2314 2285//2285
f 2249//2249 2251//2251 2288//2288
f 2314//2314 2313//2313 2315//2315
f 2316//2316 2251//2251 2231//2231
f 2270//2270 2316//2316 2231//2231
f 2317//2317 2314//2314 2315//2315
f 2289//2289 2314//2314 2317//2317
f 2286//2286 2314//2314 2289//2289
f 2233//2233 2290//2290 2270//2270
f 2317//2317 2291//2291 2289//2289
f 2291//2291 2318//2318 2272//2272
f 2271//2271 2253//2253 2319//2319
f 2272//2272 2320//2320 2236//2236
f 2253//2253 2274//2274 2321//2321
f 2320//2320 2275//2275 2236//2236
f 2292//2292 2322//2322 2237//2237
f 2323//2323 2273//2273 2216//2216
f 2322//2322 2255//2255 2237//2237
f 2216//2216 2254//2254 2323//2323
f 2293//2293 2255//2255 2322//2322
f 2293//2293 2324//2324 2276//2276
f 2276//2276 2324//2324 2294//2294
f 2256//2256 2325//2325 2254//2254
f 2256//2256 2257//2257 2325//2325
f 2325//2325 2257//2257 2296//2296
f 2294//2294 2326//2326 2295//2295
f 2244//2244 2277//2277 2327//2327
f 2328//2328 2244//2244 2327//2327
f 2329//2329 2278//2278 2299//2299
f 2259//2259 2244//2244 2328//2328
f 2299//2299 2260//2260 2280//2280
f 2330//2330 2302//2302 2303//2303
f 2262//2262 2331//2331 2332//2332
f 2262//2262 2263//2263 2331//2331
f 2281//2281 2262//2262 2332//2332
f 2331//2331 2263//2263 2304//2304
f 2265//2265 2306//2306 2333//2333
f 2333//2333 2307//2307 2265//2265
f 2307//2307 2283//2283 2266//2266
f 2305//2305 2283//2283 2307//2307
f 2334//2334 2335//2335 2308//2308
f 2308//2308 2335//2335 2336//2336
f 2310//2310 2334//2334 2308//2308
f 2308//2308 2336//2336 2309//2309
f 2310//2310 2311//2311 2337//2337
f 2338//2338 2312//2312 2336//2336
f 2309//2309 2336//2336 2312//2312
f 2313//2313 2312//2312 2339//2339
f 2251//2251 2340//2340 2288//2288
f 2316//2316 2340//2340 2251//2251
f 2341//2341 2317//2317 2315//2315
f 2342//2342 2317//2317 2341//2341
f 2291//2291 2317//2317 2342//2342
f 2342//2342 2318//2318 2291//2291
f 2290//2290 2319//2319 2343//2343
f 2271//2271 2319//2319 2290//2290
f 2318//2318 2344//2344 2272//2272
f 2344//2344 2320//2320 2272//2272
f 2320//2320 2292//2292 2275//2275
f 2273//2273 2321//2321 2274//2274
f 2323//2323 2254//2254 2325//2325
f 2324//2324 2326//2326 2294//2294
f 2345//2345 2296//2296 2346//2346
f 2346//2346 2296//2296 2258//2258
f 2258//2258 2298//2298 2346//2346
f 2277//2277 2297//2297 2347//2347
f 2277//2277 2347//2347 2327//2327
f 2298//2298 2278//2278 2329//2329
f 2328//2328 2348//2348 2259//2259
f 2299//2299 2280//2280 2349//2349
f 2259//2259 2350//2350 2279//2279
f 2300//2300 2351//2351 2301//2301
f 2330//2330 2303//2303 2281//2281
f 2301//2301 2352//2352 2264//2264
f 2352//2352 2282//2282 2264//2264
f 2353//2353 2281//2281 2332//2332
f 2354//2354 2306//2306 2282//2282
f 2306//2306 2355//2355 2333//2333
f 2305//2305 2307//2307 2356//2356
f 2304//2304 2305//2305 2356//2356
f 2357//2357 2358//2358 2359//2359
f 2357//2357 2359//2359 2360//2360
f 2361//2361 2360//2360 2359//2359
f 2362//2362 2361//2361 2363//2363
f 2361//2361 2359//2359 2364//2364
f 2364//2364 2359//2359 2358//2358
f 2363//2363 2361//2361 2364//2364
f 2365//2365 2358//2358 2366//2366
f 2367//2367 2362//2362 2368//2368
f 2368//2368 2362//2362 2363//2363
f 2369//2369 2365//2365 2366//2366
f 2363//2363 2364//2364 2370//2370
f 2368//2368 2363//2363 2370//2370
f 2364//2364 2358//2358 2335//2335
f 2371//2371 2364//2364 2335//2335
f 2335//2335 2358//2358 2372//2372
f 2372//2372 2358//2358 2365//2365
f 2370//2370 2364//2364 2371//2371
f 2373//2373 2367//2367 2368//2368
f 2368//2368 2370//2370 2374//2374
f 2373//2373 2368//2368 2374//2374
f 2369//2369 2375//2375 2365//2365
f 2372//2372 2365//2365 2375//2375
f 2334//2334 2371//2371 2335//2335
f 2334//2334 2370//2370 2371//2371
f 2374//2374 2370//2370 2334//2334
f 2372//2372 2336//2336 2335//2335
f 2373//2373 2374//2374 2376//2376
f 2376//2376 2374//2374 2334//2334
f 2377//2377 2373//2373 2376//2376
f 2372//2372 2375//2375 2338//2338
f 2336//2336 2372//2372 2338//2338
f 2310//2310 2376//2376 2334//2334
f 2377//2377 2376//2376 2378//2378
f 2379//2379 2338//2338 2375//2375
f 2310//2310 2337//2337 2376//2376
f 2378//2378 2376//2376 2337//2337
f 2288//2288 2378//2378 2337//2337
f 2340//2340 2378//2378 2288//2288
f 2337//2337 2311//2311 2288//2288
f 2339//2339 2338//2338 2379//2379
f 2338//2338 2339//2339 2312//2312
f 2313//2313 2339//2339 2315//2315
f 2316//2316 2270//2270 2380//2380
f 2315//2315 2339//2339 2341//2341
f 2380//2380 2270//2270 2290//2290
f 2381//2381 2380//2380 2290//2290
f 2382//2382 2383//2383 2341//2341
f 2342//2342 2341//2341 2383//2383
f 2384//2384 2342//2342 2383//2383
f 2342//2342 2384//2384 2318//2318
f 2253//2253 2385//2385 2319//2319
f 2344//2344 2386//2386 2320//2320
f 2321//2321 2385//2385 2253//2253
f 2320//2320 2387//2387 2292//2292
f 2388//2388 2321//2321 2273//2273
f 2322//2322 2292//2292 2387//2387
f 2273//2273 2323//2323 2388//2388
f 2293//2293 2389//2389 2324//2324
f 2390//2390 2326//2326 2324//2324
f 2391//2391 2325//2325 2296//2296
f 2326//2326 2390//2390 2295//2295
f 2295//2295 2390//2390 2297//2297
f 2390//2390 2392//2392 2297//2297
f 2392//2392 2347//2347 2297//2297
f 2346//2346 2298//2298 2393//2393
f 2298//2298 2329//2329 2393//2393
f 2328//2328 2327//2327 2348//2348
f 2279//2279 2394//2394 2300//2300
f 2279//2279 2350//2350 2394//2394
f 2280//2280 2395//2395 2349//2349
f 2394//2394 2351//2351 2300//2300
f 2302//2302 2395//2395 2280//2280
f 2281//2281 2353//2353 2330//2330
f 2282//2282 2352//2352 2354//2354
f 2306//2306 2354//2354 2355//2355
f 2332//2332 2331//2331 2396//2396
f 2307//2307 2333//2333 2397//2397
f 2356//2356 2307//2307 2397//2397
f 2304//2304 2356//2356 2396//2396
f 2304//2304 2396//2396 2331//2331
f 2397//2397 2398//2398 2356//2356
f 2360//2360 2361//2361 2399//2399
f 2399//2399 2361//2361 2400//2400
f 2360//2360 2401//2401 2357//2357
f 2402//2402 2357//2357 2401//2401
f 2357//2357 2402//2402 2358//2358
f 2362//2362 2400//2400 2361//2361
f 2366//2366 2402//2402 2403//2403
f 2402//2402 2366//2366 2358//2358
f 2373//2373 2404//2404 2367//2367
f 2404//2404 2373//2373 2405//2405
f 2373//2373 2377//2377 2405//2405
f 2369//2369 2406//2406 2407//2407
f 2369//2369 2407//2407 2375//2375
f 2375//2375 2407//2407 2379//2379
f 2378//2378 2340//2340 2408//2408
f 2407//2407 2409//2409 2379//2379
f 2410//2410 2379//2379 2409//2409
f 2339//2339 2379//2379 2410//2410
f 2339//2339 2411//2411 2341//2341
f 2382//2382 2341//2341 2411//2411
f 2381//2381 2290//2290 2343//2343
f 2383//2383 2412//2412 2384//2384
f 2413//2413 2318//2318 2384//2384
f 2413//2413 2344//2344 2318//2318
f 2386//2386 2414//2414 2320//2320
f 2320//2320 2414//2414 2387//2387
f 2415//2415 2321//2321 2388//2388
f 2389//2389 2293//2293 2416//2416
f 2416//2416 2293//2293 2322//2322
f 2323//2323 2325//2325 2391//2391
f 2391//2391 2296//2296 2345//2345
f 2392//2392 2417//2417 2347//2347
f 2393//2393 2329//2329 2418//2418
f 2327//2327 2417//2417 2348//2348
f 2418//2418 2329//2329 2299//2299
f 2348//2348 2350//2350 2259//2259
f 2418//2418 2299//2299 2349//2349
f 2395//2395 2302//2302 2330//2330
f 2419//2419 2354//2354 2352//2352
f 2353//2353 2332//2332 2420//2420
f 2421//2421 2355//2355 2354//2354
f 2422//2422 2420//2420 2396//2396
f 2420//2420 2332//2332 2396//2396
f 2355//2355 2421//2421 2423//2423
f 2333//2333 2355//2355 2423//2423
f 2397//2397 2333//2333 2423//2423
f 2424//2424 2422//2422 2396//2396
f 2397//2397 2423//2423 2425//2425
f 2397//2397 2425//2425 2398//2398
f 2424//2424 2396//2396 2426//2426
f 2396//2396 2356//2356 2426//2426
f 2426//2426 2356//2356 2398//2398
f 2427//2427 2401//2401 2428//2428
f 2401//2401 2427//2427 2402//2402
f 2360//2360 2428//2428 2401//2401
f 2399//2399 2428//2428 2360//2360
f 2399//2399 2400//2400 2429//2429
f 2430//2430 2402//2402 2427//2427
f 2402//2402 2430//2430 2403//2403
f 2362//2362 2431//2431 2400//2400
f 2362//2362 2367//2367 2431//2431
f 2432//2432 2366//2366 2403//2403
f 2367//2367 2404//2404 2431//2431
f 2406//2406 2366//2366 2432//2432
f 2366//2366 2406//2406 2369//2369
f 2433//2433 2407//2407 2406//2406
f 2377//2377 2378//2378 2405//2405
f 2434//2434 2378//2378 2408//2408
f 2407//2407 2433//2433 2409//2409
f 2408//2408 2340//2340 2316//2316
f 2435//2435 2316//2316 2380//2380
f 2410//2410 2411//2411 2339//2339
f 2380//2380 2381//2381 2436//2436
f 2412//2412 2383//2383 2382//2382
f 2343//2343 2319//2319 2385//2385
f 2344//2344 2437//2437 2386//2386
f 2386//2386 2437//2437 2414//2414
f 2321//2321 2415//2415 2385//2385
f 2414//2414 2438//2438 2387//2387
f 2438//2438 2322//2322 2387//2387
f 2388//2388 2439//2439 2415//2415
f 2438//2438 2416//2416 2322//2322
f 2440//2440 2439//2439 2388//2388
f 2440//2440 2388//2388 2323//2323
f 2324//2324 2389//2389 2390//2390
f 2440//2440 2323//2323 2391//2391
f 2392//2392 2390//2390 2441//2441
f 2345//2345 2346//2346 2442//2442
f 2346//2346 2393//2393 2442//2442
f 2327//2327 2347//2347 2417//2417
f 2443//2443 2350//2350 2348//2348
f 2395//2395 2330//2330 2444//2444
f 2351//2351 2445//2445 2301//2301
f 2301//2301 2445//2445 2352//2352
f 2330//2330 2353//2353 2444//2444
f 2444//2444 2353//2353 2420//2420
f 2419//2419 2352//2352 2446//2446
f 2419//2419 2421//2421 2354//2354
f 2420//2420 2422//2422 2447//2447
f 2448//2448 2398//2398 2449//2449
f 2398//2398 2448//2448 2426//2426
f 2427//2427 2450//2450 2451//2451
f 2428//2428 2450//2450 2427//2427
f 2452//2452 2450//2450 2428//2428
f 2453//2453 2452//2452 2428//2428
f 2399//2399 2453//2453 2428//2428
f 2399//2399 2429//2429 2453//2453
f 2427//2427 2451//2451 2454//2454
f 2427//2427 2454//2454 2430//2430
f 2430//2430 2454//2454 2455//2455
f 2429//2429 2400//2400 2456//2456
f 2457//2457 2456//2456 2400//2400
f 2430//2430 2458//2458 2403//2403
f 2431//2431 2457//2457 2400//2400
f 2457//2457 2431//2431 2459//2459
f 2403//2403 2458//2458 2432//2432
f 2460//2460 2432//2432 2458//2458
f 2431//2431 2461//2461 2459//2459
f 2431//2431 2404//2404 2461//2461
f 2462//2462 2432//2432 2460//2460
f 2463//2463 2462//2462 2460//2460
f 2432//2432 2462//2462 2406//2406
f 2404//2404 2405//2405 2461//2461
f 2462//2462 2463//2463 2464//2464
f 2406//2406 2462//2462 2464//2464
f 2406//2406 2464//2464 2433//2433
f 2405//2405 2378//2378 2465//2465
f 2465//2465 2378//2378 2434//2434
f 2466//2466 2464//2464 2463//2463
f 2467//2467 2464//2464 2466//2466
f 2433//2433 2464//2464 2467//2467
f 2467//2467 2468//2468 2469//2469
f 2469//2469 2470//2470 2467//2467
f 2467//2467 2470//2470 2433//2433
f 2409//2409 2433//2433 2470//2470
f 2408//2408 2316//2316 2435//2435
f 2409//2409 2470//2470 2410//2410
f 2435//2435 2380//2380 2436//2436
f 2410//2410 2470//2470 2471//2471
f 2471//2471 2470//2470 2472//2472
f 2472//2472 2473//2473 2471//2471
f 2410//2410 2471//2471 2411//2411
f 2411//2411 2471//2471 2473//2473
f 2436//2436 2381//2381 2474//2474
f 2411//2411 2473//2473 2382//2382
f 2473//2473 2475//2475 2382//2382
f 2475//2475 2476//2476 2412//2412
f 2475//2475 2412//2412 2382//2382
f 2343//2343 2474//2474 2381//2381
f 2412//2412 2476//2476 2477//2477
f 2477//2477 2384//2384 2412//2412
f 2384//2384 2477//2477 2413//2413
f 2343//2343 2385//2385 2478//2478
f 2413//2413 2437//2437 2344//2344
f 2437//2437 2479//2479 2414//2414
f 2480//2480 2385//2385 2415//2415
f 2415//2415 2439//2439 2481//2481
f 2438//2438 2482//2482 2416//2416
f 2483//2483 2389//2389 2416//2416
f 2390//2390 2389//2389 2483//2483
f 2484//2484 2390//2390 2483//2483
f 2484//2484 2485//2485 2390//2390
f 2485//2485 2441//2441 2390//2390
f 2485//2485 2486//2486 2441//2441
f 2345//2345 2487//2487 2391//2391
f 2486//2486 2392//2392 2441//2441
f 2345//2345 2442//2442 2487//2487
f 2417//2417 2392//2392 2486//2486
f 2488//2488 2443//2443 2417//2417
f 2348//2348 2417//2417 2443//2443
f 2443//2443 2489//2489 2350//2350
f 2395//2395 2418//2418 2349//2349
f 2445//2445 2446//2446 2352//2352
f 2444//2444 2420//2420 2447//2447
f 2490//2490 2421//2421 2419//2419
f 2447//2447 2422//2422 2491//2491
f 2492//2492 2423//2423 2421//2421
f 2493//2493 2425//2425 2423//2423
f 2425//2425 2493//2493 2449//2449
f 2398//2398 2425//2425 2449//2449
f 2448//2448 2449//2449 2494//2494
f 2426//2426 2448//2448 2494//2494
f 2453//2453 2495//2495 2452//2452
f 2453//2453 2429//2429 2496//2496
f 2429//2429 2456//2456 2497//2497
f 2455//2455 2498//2498 2430//2430
f 2430//2430 2498//2498 2458//2458
f 2456//2456 2457//2457 2459//2459
f 2499//2499 2456//2456 2459//2459
f 2458//2458 2498//2498 2460//2460
f 2498//2498 2500//2500 2460//2460
f 2459//2459 2461//2461 2501//2501
f 2502//2502 2460//2460 2500//2500
f 2460//2460 2502//2502 2463//2463
f 2461//2461 2405//2405 2465//2465
f 2463//2463 2502//2502 2503//2503
f 2463//2463 2503//2503 2466//2466
f 2504//2504 2466//2466 2503//2503
f 2468//2468 2466//2466 2504//2504
f 2466//2466 2468//2468 2467//2467
f 2434//2434 2408//2408 2505//2505
f 2468//2468 2504//2504 2506//2506
f 2469//2469 2468//2468 2506//2506
f 2469//2469 2506//2506 2507//2507
f 2470//2470 2507//2507 2472//2472
f 2470//2470 2469//2469 2507//2507
f 2435//2435 2436//2436 2508//2508
f 2475//2475 2509//2509 2510//2510
f 2473//2473 2509//2509 2475//2475
f 2473//2473 2472//2472 2509//2509
f 2436//2436 2474//2474 2511//2511
f 2510//2510 2476//2476 2475//2475
f 2413//2413 2477//2477 2437//2437
f 2480//2480 2478//2478 2385//2385
f 2512//2512 2414//2414 2479//2479
f 2415//2415 2513//2513 2480//2480
f 2481//2481 2513//2513 2415//2415
f 2512//2512 2438//2438 2414//2414
f 2512//2512 2514//2514 2438//2438
f 2438//2438 2514//2514 2482//2482
f 2482//2482 2515//2515 2416//2416
f 2440//2440 2516//2516 2439//2439
f 2517//2517 2516//2516 2440//2440
f 2517//2517 2440//2440 2391//2391
f 2417//2417 2486//2486 2488//2488
f 2393//2393 2418//2418 2442//2442
f 2489//2489 2518//2518 2350//2350
f 2418//2418 2395//2395 2519//2519
f 2350//2350 2518//2518 2394//2394
f 2518//2518 2351//2351 2394//2394
f 2518//2518 2520//2520 2351//2351
f 2395//2395 2444//2444 2521//2521
f 2421//2421 2490//2490 2492//2492
f 2492//2492 2522//2522 2493//2493
f 2423//2423 2492//2492 2493//2493
f 2491//2491 2422//2422 2523//2523
f 2523//2523 2424//2424 2524//2524
f 2523//2523 2422//2422 2424//2424
f 2426//2426 2524//2524 2424//2424
f 2426//2426 2494//2494 2524//2524
f 2450//2450 2452//2452 2525//2525
f 2526//2526 2450//2450 2525//2525
f 2450//2450 2526//2526 2527//2527
f 2452//2452 2495//2495 2525//2525
f 2495//2495 2453//2453 2496//2496
f 2450//2450 2527//2527 2451//2451
f 2497//2497 2496//2496 2429//2429
f 2451//2451 2527//2527 2454//2454
f 2454//2454 2528//2528 2455//2455
f 2528//2528 2529//2529 2455//2455
f 2455//2455 2530//2530 2498//2498
f 2530//2530 2531//2531 2498//2498
f 2459//2459 2501//2501 2499//2499
f 2531//2531 2500//2500 2498//2498
f 2532//2532 2502//2502 2500//2500
f 2465//2465 2501//2501 2461//2461
f 2501//2501 2465//2465 2533//2533
f 2465//2465 2434//2434 2533//2533
f 2533//2533 2434//2434 2505//2505
f 2408//2408 2435//2435 2505//2505
f 2506//2506 2504//2504 2534//2534
f 2534//2534 2504//2504 2535//2535
f 2506//2506 2534//2534 2507//2507
f 2536//2536 2472//2472 2507//2507
f 2536//2536 2509//2509 2472//2472
f 2476//2476 2510//2510 2537//2537
f 2477//2477 2479//2479 2437//2437
f 2479//2479 2538//2538 2512//2512
f 2483//2483 2416//2416 2539//2539
f 2483//2483 2539//2539 2484//2484
f 2487//2487 2517//2517 2391//2391
f 2442//2442 2418//2418 2540//2540
f 2541//2541 2489//2489 2443//2443
f 2541//2541 2443//2443 2488//2488
f 2489//2489 2542//2542 2518//2518
f 2395//2395 2521//2521 2519//2519
f 2520//2520 2445//2445 2351//2351
f 2520//2520 2446//2446 2445//2445
f 2446//2446 2490//2490 2419//2419
f 2490//2490 2522//2522 2492//2492
f 2447//2447 2491//2491 2543//2543
f 2543//2543 2491//2491 2523//2523
f 2544//2544 2449//2449 2493//2493
f 2523//2523 2524//2524 2545//2545
f 2494//2494 2449//2449 2544//2544
f 2546//2546 2494//2494 2544//2544
f 2494//2494 2546//2546 2524//2524
f 2496//2496 2547//2547 2495//2495
f 2527//2527 2528//2528 2454//2454
f 2529//2529 2530//2530 2455//2455
f 2502//2502 2548//2548 2549//2549
f 2502//2502 2549//2549 2503//2503
f 2532//2532 2548//2548 2502//2502
f 2549//2549 2535//2535 2504//2504
f 2503//2503 2549//2549 2504//2504
f 2535//2535 2549//2549 2550//2550
f 2505//2505 2435//2435 2508//2508
f 2551//2551 2534//2534 2535//2535
f 2507//2507 2534//2534 2552//2552
f 2536//2536 2552//2552 2509//2509
f 2536//2536 2507//2507 2552//2552
f 2553//2553 2509//2509 2552//2552
f 2509//2509 2553//2553 2510//2510
f 2553//2553 2554//2554 2510//2510
f 2554//2554 2537//2537 2510//2510
f 2474//2474 2343//2343 2478//2478
f 2537//2537 2477//2477 2476//2476
f 2477//2477 2537//2537 2479//2479
f 2538//2538 2514//2514 2512//2512
f 2514//2514 2555//2555 2482//2482
f 2482//2482 2555//2555 2515//2515
f 2416//2416 2515//2515 2539//2539
f 2556//2556 2481//2481 2439//2439
f 2539//2539 2557//2557 2484//2484
f 2556//2556 2439//2439 2516//2516
f 2484//2484 2557//2557 2485//2485
f 2486//2486 2558//2558 2559//2559
f 2485//2485 2558//2558 2486//2486
f 2559//2559 2560//2560 2486//2486
f 2561//2561 2487//2487 2442//2442
f 2560//2560 2559//2559 2562//2562
f 2561//2561 2442//2442 2563//2563
f 2486//2486 2560//2560 2488//2488
f 2541//2541 2560//2560 2562//2562
f 2442//2442 2540//2540 2563//2563
f 2541//2541 2488//2488 2560//2560
f 2418//2418 2564//2564 2540//2540
f 2564//2564 2418//2418 2519//2519
f 2542//2542 2520//2520 2518//2518
f 2521//2521 2565//2565 2519//2519
f 2565//2565 2521//2521 2566//2566
f 2521//2521 2444//2444 2566//2566
f 2566//2566 2444//2444 2567//2567
f 2567//2567 2444//2444 2447//2447
f 2446//2446 2568//2568 2490//2490
f 2567//2567 2447//2447 2543//2543
f 2490//2490 2569//2569 2522//2522
f 2543//2543 2523//2523 2570//2570
f 2522//2522 2571//2571 2493//2493
f 2523//2523 2545//2545 2570//2570
f 2570//2570 2545//2545 2572//2572
f 2571//2571 2544//2544 2493//2493
f 2545//2545 2524//2524 2573//2573
f 2573//2573 2572//2572 2545//2545
f 2574//2574 2546//2546 2544//2544
f 2574//2574 2544//2544 2575//2575
f 2574//2574 2576//2576 2546//2546
f 2546//2546 2573//2573 2524//2524
f 2546//2546 2576//2576 2573//2573
f 2577//2577 2572//2572 2573//2573
f 2578//2578 2574//2574 2575//2575
f 2576//2576 2574//2574 2578//2578
f 2579//2579 2573//2573 2576//2576
f 2578//2578 2579//2579 2576//2576
f 2526//2526 2580//2580 2527//2527
f 2580//2580 2581//2581 2527//2527
f 2526//2526 2525//2525 2582//2582
f 2525//2525 2547//2547 2583//2583
f 2525//2525 2583//2583 2582//2582
f 2527//2527 2584//2584 2528//2528
f 2584//2584 2527//2527 2581//2581
f 2525//2525 2495//2495 2547//2547
f 2496//2496 2497//2497 2547//2547
f 2585//2585 2497//2497 2456//2456
f 2585//2585 2456//2456 2499//2499
f 2586//2586 2531//2531 2530//2530
f 2531//2531 2532//2532 2500//2500
f 2587//2587 2501//2501 2588//2588
f 2588//2588 2501//2501 2533//2533
f 2549//2549 2589//2589 2550//2550
f 2550//2550 2590//2590 2535//2535
f 2590//2590 2551//2551 2535//2535
f 2591//2591 2592//2592 2534//2534
f 2591//2591 2534//2534 2551//2551
f 2592//2592 2552//2552 2534//2534
f 2508//2508 2436//2436 2593//2593
f 2594//2594 2552//2552 2592//2592
f 2552//2552 2594//2594 2553//2553
f 2553//2553 2594//2594 2595//2595
f 2595//2595 2554//2554 2553//2553
f 2596//2596 2537//2537 2554//2554
f 2597//2597 2478//2478 2480//2480
f 2538//2538 2479//2479 2537//2537
f 2480//2480 2513//2513 2598//2598
f 2599//2599 2514//2514 2538//2538
f 2481//2481 2556//2556 2600//2600
f 2485//2485 2557//2557 2558//2558
f 2601//2601 2516//2516 2517//2517
f 2487//2487 2561//2561 2517//2517
f 2602//2602 2541//2541 2562//2562
f 2489//2489 2603//2603 2542//2542
f 2604//2604 2568//2568 2446//2446
f 2604//2604 2446//2446 2520//2520
f 2568//2568 2569//2569 2490//2490
f 2569//2569 2605//2605 2522//2522
f 2522//2522 2606//2606 2571//2571
f 2607//2607 2570//2570 2572//2572
f 2571//2571 2575//2575 2544//2544
f 2607//2607 2572//2572 2608//2608
f 2571//2571 2609//2609 2575//2575
f 2572//2572 2577//2577 2608//2608
f 2575//2575 2609//2609 2610//2610
f 2610//2610 2611//2611 2575//2575
f 2573//2573 2579//2579 2577//2577
f 2578//2578 2575//2575 2611//2611
f 2526//2526 2612//2612 2580//2580
f 2526//2526 2582//2582 2612//2612
f 2613//2613 2583//2583 2547//2547
f 2528//2528 2614//2614 2529//2529
f 2529//2529 2614//2614 2530//2530
f 2614//2614 2586//2586 2530//2530
f 2499//2499 2615//2615 2585//2585
f 2531//2531 2586//2586 2616//2616
f 2499//2499 2587//2587 2615//2615
f 2501//2501 2587//2587 2499//2499
f 2588//2588 2533//2533 2505//2505
f 2588//2588 2505//2505 2508//2508
f 2548//2548 2589//2589 2549//2549
f 2589//2589 2590//2590 2550//2550
f 2551//2551 2590//2590 2591//2591
f 2591//2591 2617//2617 2592//2592
f 2436//2436 2511//2511 2593//2593
f 2618//2618 2554//2554 2595//2595
f 2474//2474 2478//2478 2597//2597
f 2554//2554 2618//2618 2596//2596
f 2537//2537 2596//2596 2619//2619
f 2620//2620 2597//2597 2480//2480
f 2619//2619 2538//2538 2537//2537
f 2480//2480 2598//2598 2620//2620
f 2621//2621 2598//2598 2513//2513
f 2621//2621 2513//2513 2481//2481
f 2599//2599 2555//2555 2514//2514
f 2600//2600 2621//2621 2481//2481
f 2539//2539 2515//2515 2622//2622
f 2622//2622 2623//2623 2539//2539
f 2624//2624 2516//2516 2601//2601
f 2561//2561 2601//2601 2517//2517
f 2563//2563 2540//2540 2625//2625
f 2603//2603 2541//2541 2602//2602
f 2541//2541 2603//2603 2489//2489
f 2564//2564 2519//2519 2565//2565
f 2567//2567 2543//2543 2626//2626
f 2605//2605 2606//2606 2522//2522
f 2607//2607 2608//2608 2627//2627
f 2608//2608 2577//2577 2628//2628
f 2629//2629 2611//2611 2610//2610
f 2577//2577 2579//2579 2628//2628
f 2630//2630 2611//2611 2629//2629
f 2579//2579 2578//2578 2631//2631
f 2579//2579 2631//2631 2632//2632
f 2579//2579 2632//2632 2628//2628
f 2578//2578 2611//2611 2631//2631
f 2633//2633 2632//2632 2631//2631
f 2634//2634 2633//2633 2631//2631
f 2635//2635 2611//2611 2630//2630
f 2631//2631 2611//2611 2635//2635
f 2635//2635 2634//2634 2631//2631
f 2612//2612 2636//2636 2637//2637
f 2636//2636 2612//2612 2638//2638
f 2612//2612 2637//2637 2580//2580
f 2582//2582 2638//2638 2612//2612
f 2639//2639 2581//2581 2580//2580
f 2581//2581 2639//2639 2584//2584
f 2547//2547 2497//2497 2640//2640
f 2641//2641 2584//2584 2639//2639
f 2528//2528 2584//2584 2614//2614
f 2614//2614 2584//2584 2642//2642
f 2497//2497 2585//2585 2643//2643
f 2586//2586 2614//2614 2616//2616
f 2531//2531 2644//2644 2532//2532
f 2644//2644 2531//2531 2616//2616
f 2532//2532 2644//2644 2548//2548
f 2644//2644 2589//2589 2548//2548
f 2588//2588 2508//2508 2645//2645
f 2591//2591 2590//2590 2646//2646
f 2591//2591 2646//2646 2617//2617
f 2617//2617 2647//2647 2592//2592
f 2592//2592 2647//2647 2594//2594
f 2648//2648 2594//2594 2647//2647
f 2594//2594 2648//2648 2595//2595
f 2649//2649 2595//2595 2648//2648
f 2595//2595 2650//2650 2618//2618
f 2474//2474 2597//2597 2511//2511
f 2538//2538 2619//2619 2599//2599
f 2599//2599 2651//2651 2555//2555
f 2555//2555 2652//2652 2515//2515
f 2515//2515 2652//2652 2622//2622
f 2557//2557 2539//2539 2623//2623
f 2653//2653 2654//2654 2557//2557
f 2516//2516 2655//2655 2556//2556
f 2655//2655 2516//2516 2624//2624
f 2557//2557 2654//2654 2558//2558
f 2558//2558 2654//2654 2656//2656
f 2558//2558 2656//2656 2559//2559
f 2657//2657 2559//2559 2656//2656
f 2601//2601 2561//2561 2658//2658
f 2559//2559 2657//2657 2562//2562
f 2658//2658 2563//2563 2625//2625
f 2658//2658 2561//2561 2563//2563
f 2602//2602 2562//2562 2657//2657
f 2603//2603 2659//2659 2542//2542
f 2660//2660 2542//2542 2659//2659
f 2520//2520 2542//2542 2604//2604
f 2604//2604 2542//2542 2660//2660
f 2604//2604 2661//2661 2568//2568
f 2661//2661 2569//2569 2568//2568
f 2566//2566 2567//2567 2662//2662
f 2662//2662 2567//2567 2626//2626
f 2626//2626 2543//2543 2570//2570
f 2663//2663 2570//2570 2607//2607
f 2606//2606 2609//2609 2571//2571
f 2664//2664 2627//2627 2608//2608
f 2629//2629 2610//2610 2609//2609
f 2629//2629 2609//2609 2665//2665
f 2665//2665 2609//2609 2666//2666
f 2608//2608 2628//2628 2664//2664
f 2667//2667 2629//2629 2665//2665
f 2630//2630 2629//2629 2667//2667
f 2634//2634 2668//2668 2633//2633
f 2669//2669 2632//2632 2633//2633
f 2668//2668 2669//2669 2633//2633
f 2634//2634 2635//2635 2670//2670
f 2668//2668 2634//2634 2670//2670
f 2582//2582 2583//2583 2638//2638
f 2580//2580 2637//2637 2671//2671
f 2639//2639 2580//2580 2671//2671
f 2639//2639 2671//2671 2672//2672
f 2613//2613 2547//2547 2640//2640
f 2639//2639 2672//2672 2641//2641
f 2497//2497 2643//2643 2640//2640
f 2584//2584 2641//2641 2642//2642
f 2585//2585 2615//2615 2673//2673
f 2616//2616 2614//2614 2674//2674
f 2674//2674 2614//2614 2642//2642
f 2587//2587 2588//2588 2675//2675
f 2616//2616 2676//2676 2644//2644
f 2644//2644 2677//2677 2589//2589
f 2508//2508 2678//2678 2645//2645
f 2679//2679 2590//2590 2589//2589
f 2678//2678 2508//2508 2593//2593
f 2680//2680 2648//2648 2647//2647
f 2649//2649 2650//2650 2595//2595
f 2650//2650 2596//2596 2618//2618
f 2681//2681 2596//2596 2650//2650
f 2596//2596 2681//2681 2619//2619
f 2599//2599 2619//2619 2681//2681
f 2682//2682 2599//2599 2681//2681
f 2682//2682 2651//2651 2599//2599
f 2555//2555 2651//2651 2652//2652
f 2683//2683 2621//2621 2600//2600
f 2623//2623 2684//2684 2557//2557
f 2557//2557 2685//2685 2653//2653
f 2557//2557 2684//2684 2685//2685
f 2686//2686 2602//2602 2657//2657
f 2540//2540 2564//2564 2687//2687
f 2564//2564 2565//2565 2687//2687
f 2565//2565 2566//2566 2688//2688
f 2689//2689 2604//2604 2660//2660
f 2661//2661 2690//2690 2569//2569
f 2690//2690 2605//2605 2569//2569
f 2626//2626 2570//2570 2663//2663
f 2605//2605 2691//2691 2606//2606
f 2692//2692 2663//2663 2607//2607
f 2606//2606 2691//2691 2666//2666
f 2609//2609 2606//2606 2666//2666
f 2692//2692 2607//2607 2627//2627
f 2627//2627 2664//2664 2693//2693
f 2664//2664 2628//2628 2694//2694
f 2694//2694 2628//2628 2695//2695
f 2632//2632 2669//2669 2696//2696
f 2632//2632 2696//2696 2628//2628
f 2628//2628 2696//2696 2695//2695
f 2635//2635 2630//2630 2670//2670
f 2669//2669 2668//2668 2697//2697
f 2668//2668 2670//2670 2698//2698
f 2697//2697 2668//2668 2698//2698
f 2638//2638 2699//2699 2636//2636
f 2583//2583 2613//2613 2638//2638
f 2671//2671 2700//2700 2672//2672
f 2672//2672 2700//2700 2641//2641
f 2641//2641 2701//2701 2642//2642
f 2702//2702 2615//2615 2587//2587
f 2675//2675 2702//2702 2587//2587
f 2675//2675 2588//2588 2703//2703
f 2644//2644 2676//2676 2677//2677
f 2677//2677 2679//2679 2589//2589
f 2590//2590 2704//2704 2646//2646
f 2705//2705 2646//2646 2704//2704
f 2646//2646 2705//2705 2617//2617
f 2617//2617 2705//2705 2647//2647
f 2648//2648 2680//2680 2706//2706
f 2706//2706 2707//2707 2648//2648
f 2707//2707 2649//2649 2648//2648
f 2593//2593 2511//2511 2708//2708
f 2649//2649 2709//2709 2650//2650
f 2709//2709 2681//2681 2650//2650
f 2620//2620 2598//2598 2710//2710
f 2652//2652 2651//2651 2711//2711
f 2711//2711 2622//2622 2652//2652
f 2622//2622 2712//2712 2684//2684
f 2684//2684 2623//2623 2622//2622
f 2600//2600 2713//2713 2683//2683
f 2685//2685 2714//2714 2653//2653
f 2556//2556 2713//2713 2600//2600
f 2556//2556 2655//2655 2713//2713
f 2715//2715 2657//2657 2656//2656
f 2540//2540 2687//2687 2716//2716
f 2687//2687 2565//2565 2717//2717
f 2659//2659 2689//2689 2660//2660
f 2565//2565 2688//2688 2717//2717
f 2566//2566 2662//2662 2688//2688
f 2662//2662 2718//2718 2688//2688
f 2719//2719 2718//2718 2662//2662
f 2662//2662 2626//2626 2719//2719
f 2720//2720 2691//2691 2605//2605
f 2692//2692 2627//2627 2693//2693
f 2721//2721 2667//2667 2665//2665
f 2664//2664 2694//2694 2722//2722
f 2667//2667 2723//2723 2724//2724
f 2630//2630 2667//2667 2724//2724
f 2696//2696 2669//2669 2725//2725
f 2726//2726 2630//2630 2724//2724
f 2630//2630 2726//2726 2670//2670
f 2669//2669 2697//2697 2725//2725
f 2670//2670 2726//2726 2727//2727
f 2727//2727 2698//2698 2670//2670
f 2728//2728 2729//2729 2730//2730
f 2731//2731 2728//2728 2730//2730
f 2699//2699 2729//2729 2728//2728
f 2732//2732 2733//2733 2729//2729
f 2732//2732 2729//2729 2699//2699
f 2637//2637 2728//2728 2731//2731
f 2636//2636 2728//2728 2637//2637
f 2699//2699 2728//2728 2636//2636
f 2699//2699 2613//2613 2732//2732
f 2637//2637 2731//2731 2671//2671
f 2699//2699 2638//2638 2613//2613
f 2640//2640 2734//2734 2613//2613
f 2735//2735 2671//2671 2736//2736
f 2731//2731 2736//2736 2671//2671
f 2700//2700 2671//2671 2735//2735
f 2585//2585 2673//2673 2643//2643
f 2700//2700 2737//2737 2641//2641
f 2641//2641 2737//2737 2701//2701
f 2588//2588 2645//2645 2703//2703
f 2616//2616 2674//2674 2676//2676
f 2738//2738 2704//2704 2677//2677
f 2738//2738 2677//2677 2676//2676
f 2679//2679 2677//2677 2704//2704
f 2739//2739 2704//2704 2738//2738
f 2740//2740 2704//2704 2739//2739
f 2678//2678 2741//2741 2645//2645
f 2679//2679 2704//2704 2590//2590
f 2704//2704 2740//2740 2705//2705
f 2705//2705 2742//2742 2647//2647
f 2705//2705 2740//2740 2742//2742
f 2743//2743 2741//2741 2678//2678
f 2680//2680 2647//2647 2744//2744
f 2743//2743 2678//2678 2593//2593
f 2707//2707 2745//2745 2649//2649
f 2708//2708 2511//2511 2597//2597
f 2746//2746 2649//2649 2745//2745
f 2746//2746 2709//2709 2649//2649
f 2747//2747 2681//2681 2709//2709
f 2621//2621 2748//2748 2598//2598
f 2681//2681 2747//2747 2682//2682
f 2748//2748 2621//2621 2683//2683
f 2685//2685 2684//2684 2749//2749
f 2714//2714 2750//2750 2654//2654
f 2654//2654 2653//2653 2714//2714
f 2656//2656 2654//2654 2750//2750
f 2656//2656 2750//2750 2715//2715
f 2601//2601 2751//2751 2752//2752
f 2601//2601 2752//2752 2624//2624
f 2657//2657 2715//2715 2753//2753
f 2601//2601 2658//2658 2751//2751
f 2657//2657 2753//2753 2686//2686
f 2625//2625 2754//2754 2658//2658
f 2625//2625 2540//2540 2716//2716
f 2755//2755 2602//2602 2756//2756
f 2755//2755 2603//2603 2602//2602
f 2659//2659 2603//2603 2755//2755
f 2757//2757 2659//2659 2755//2755
f 2758//2758 2716//2716 2687//2687
f 2758//2758 2687//2687 2717//2717
f 2689//2689 2659//2659 2759//2759
f 2760//2760 2604//2604 2689//2689
f 2661//2661 2604//2604 2760//2760
f 2688//2688 2718//2718 2761//2761
f 2605//2605 2690//2690 2720//2720
f 2626//2626 2663//2663 2719//2719
f 2720//2720 2762//2762 2691//2691
f 2691//2691 2762//2762 2666//2666
f 2666//2666 2762//2762 2665//2665
f 2762//2762 2721//2721 2665//2665
f 2693//2693 2664//2664 2722//2722
f 2721//2721 2723//2723 2667//2667
f 2727//2727 2726//2726 2724//2724
f 2697//2697 2763//2763 2764//2764
f 2698//2698 2763//2763 2697//2697
f 2764//2764 2725//2725 2697//2697
f 2698//2698 2727//2727 2765//2765
f 2765//2765 2763//2763 2698//2698
f 2766//2766 2767//2767 2729//2729
f 2729//2729 2767//2767 2730//2730
f 2766//2766 2729//2729 2733//2733
f 2730//2730 2768//2768 2731//2731
f 2736//2736 2731//2731 2768//2768
f 2734//2734 2732//2732 2613//2613
f 2769//2769 2734//2734 2640//2640
f 2735//2735 2736//2736 2770//2770
f 2771//2771 2735//2735 2770//2770
f 2700//2700 2735//2735 2737//2737
f 2771//2771 2737//2737 2735//2735
f 2771//2771 2772//2772 2737//2737
f 2673//2673 2615//2615 2702//2702
f 2772//2772 2701//2701 2737//2737
f 2772//2772 2773//2773 2701//2701
f 2701//2701 2773//2773 2642//2642
f 2674//2674 2738//2738 2676//2676
f 2740//2740 2774//2774 2742//2742
f 2744//2744 2647//2647 2742//2742
f 2744//2744 2742//2742 2774//2774
f 2680//2680 2744//2744 2706//2706
f 2775//2775 2745//2745 2707//2707
f 2593//2593 2708//2708 2743//2743
f 2710//2710 2708//2708 2620//2620
f 2708//2708 2597//2597 2620//2620
f 2746//2746 2776//2776 2709//2709
f 2776//2776 2747//2747 2709//2709
f 2776//2776 2777//2777 2747//2747
f 2778//2778 2747//2747 2777//2777
f 2747//2747 2778//2778 2682//2682
f 2711//2711 2779//2779 2712//2712
f 2780//2780 2749//2749 2712//2712
f 2711//2711 2712//2712 2622//2622
f 2749//2749 2684//2684 2712//2712
f 2685//2685 2749//2749 2714//2714
f 2713//2713 2781//2781 2683//2683
f 2655//2655 2624//2624 2782//2782
f 2782//2782 2624//2624 2752//2752
f 2715//2715 2750//2750 2783//2783
f 2754//2754 2751//2751 2658//2658
f 2756//2756 2602//2602 2686//2686
f 2754//2754 2625//2625 2716//2716
f 2757//2757 2759//2759 2659//2659
f 2760//2760 2784//2784 2661//2661
f 2661//2661 2784//2784 2690//2690
f 2718//2718 2719//2719 2785//2785
f 2786//2786 2663//2663 2692//2692
f 2786//2786 2719//2719 2663//2663
f 2786//2786 2692//2692 2787//2787
f 2692//2692 2788//2788 2787//2787
f 2693//2693 2788//2788 2692//2692
f 2788//2788 2693//2693 2722//2722
f 2722//2722 2694//2694 2789//2789
f 2789//2789 2694//2694 2695//2695
f 2695//2695 2790//2790 2789//2789
f 2721//2721 2791//2791 2723//2723
f 2695//2695 2696//2696 2790//2790
f 2724//2724 2723//2723 2792//2792
f 2727//2727 2792//2792 2793//2793
f 2724//2724 2792//2792 2727//2727
f 2763//2763 2794//2794 2764//2764
f 2795//2795 2730//2730 2796//2796
f 2767//2767 2796//2796 2730//2730
f 2795//2795 2768//2768 2730//2730
f 2734//2734 2733//2733 2732//2732
f 2736//2736 2768//2768 2797//2797
f 2798//2798 2770//2770 2736//2736
f 2734//2734 2769//2769 2799//2799
f 2769//2769 2640//2640 2643//2643
f 2673//2673 2800//2800 2643//2643
f 2673//2673 2702//2702 2800//2800
f 2773//2773 2674//2674 2642//2642
f 2801//2801 2674//2674 2773//2773
f 2801//2801 2738//2738 2674//2674
f 2802//2802 2738//2738 2801//2801
f 2738//2738 2802//2802 2739//2739
f 2803//2803 2645//2645 2741//2741
f 2740//2740 2739//2739 2774//2774
f 2741//2741 2743//2743 2804//2804
f 2805//2805 2706//2706 2744//2744
f 2706//2706 2805//2805 2775//2775
f 2775//2775 2707//2707 2706//2706
f 2745//2745 2775//2775 2746//2746
f 2598//2598 2806//2806 2710//2710
f 2598//2598 2807//2807 2806//2806
f 2777//2777 2808//2808 2778//2778
f 2598//2598 2748//2748 2807//2807
f 2651//2651 2682//2682 2778//2778
f 2651//2651 2778//2778 2779//2779
f 2651//2651 2779//2779 2711//2711
f 2712//2712 2779//2779 2809//2809
f 2683//2683 2781//2781 2748//2748
f 2782//2782 2781//2781 2713//2713
f 2782//2782 2713//2713 2655//2655
f 2753//2753 2810//2810 2686//2686
f 2811//2811 2716//2716 2758//2758
f 2689//2689 2812//2812 2760//2760
f 2813//2813 2814//2814 2688//2688
f 2688//2688 2761//2761 2813//2813
f 2761//2761 2718//2718 2785//2785
f 2690//2690 2784//2784 2720//2720
f 2785//2785 2719//2719 2786//2786
f 2721//2721 2815//2815 2791//2791
f 2816//2816 2790//2790 2817//2817
f 2816//2816 2789//2789 2790//2790
f 2791//2791 2818//2818 2723//2723
f 2818//2818 2792//2792 2723//2723
f 2725//2725 2764//2764 2819//2819
f 2764//2764 2794//2794 2819//2819
f 2819//2819 2696//2696 2725//2725
f 2792//2792 2820//2820 2793//2793
f 2763//2763 2765//2765 2821//2821
f 2763//2763 2821//2821 2794//2794
f 2793//2793 2765//2765 2727//2727
f 2822//2822 2823//2823 2824//2824
f 2822//2822 2824//2824 2796//2796
f 2825//2825 2796//2796 2824//2824
f 2822//2822 2796//2796 2767//2767
f 2767//2767 2826//2826 2822//2822
f 2795//2795 2796//2796 2825//2825
f 2827//2827 2795//2795 2825//2825
f 2767//2767 2766//2766 2826//2826
f 2766//2766 2828//2828 2826//2826
f 2766//2766 2733//2733 2828//2828
f 2795//2795 2827//2827 2768//2768
f 2768//2768 2827//2827 2797//2797
f 2733//2733 2734//2734 2829//2829
f 2797//2797 2798//2798 2736//2736
f 2643//2643 2800//2800 2769//2769
f 2770//2770 2830//2830 2771//2771
f 2831//2831 2771//2771 2830//2830
f 2772//2772 2771//2771 2831//2831
f 2772//2772 2831//2831 2832//2832
f 2702//2702 2675//2675 2833//2833
f 2833//2833 2675//2675 2834//2834
f 2832//2832 2773//2773 2772//2772
f 2834//2834 2675//2675 2703//2703
f 2703//2703 2645//2645 2803//2803
f 2835//2835 2801//2801 2773//2773
f 2739//2739 2802//2802 2774//2774
f 2802//2802 2836//2836 2774//2774
f 2837//2837 2744//2744 2774//2774
f 2805//2805 2744//2744 2837//2837
f 2805//2805 2838//2838 2775//2775
f 2743//2743 2708//2708 2839//2839
f 2708//2708 2710//2710 2839//2839
f 2746//2746 2775//2775 2840//2840
f 2746//2746 2840//2840 2776//2776
f 2840//2840 2841//2841 2776//2776
f 2776//2776 2841//2841 2777//2777
f 2841//2841 2808//2808 2777//2777
f 2842//2842 2843//2843 2780//2780
f 2779//2779 2778//2778 2844//2844
f 2779//2779 2844//2844 2809//2809
f 2780//2780 2809//2809 2842//2842
f 2748//2748 2781//2781 2845//2845
f 2780//2780 2712//2712 2809//2809
f 2749//2749 2780//2780 2843//2843
f 2749//2749 2843//2843 2846//2846
f 2714//2714 2749//2749 2846//2846
f 2714//2714 2846//2846 2847//2847
f 2750//2750 2714//2714 2847//2847
f 2781//2781 2782//2782 2848//2848
f 2848//2848 2782//2782 2752//2752
f 2783//2783 2810//2810 2715//2715
f 2810//2810 2753//2753 2715//2715
f 2686//2686 2810//2810 2756//2756
f 2849//2849 2756//2756 2850//2850
f 2755//2755 2756//2756 2849//2849
f 2755//2755 2849//2849 2757//2757
f 2851//2851 2757//2757 2849//2849
f 2758//2758 2852//2852 2811//2811
f 2853//2853 2758//2758 2717//2717
f 2853//2853 2717//2717 2814//2814
f 2717//2717 2688//2688 2814//2814
f 2812//2812 2689//2689 2759//2759
f 2784//2784 2854//2854 2720//2720
f 2785//2785 2786//2786 2855//2855
f 2720//2720 2854//2854 2762//2762
f 2855//2855 2786//2786 2787//2787
f 2854//2854 2856//2856 2762//2762
f 2788//2788 2857//2857 2787//2787
f 2788//2788 2722//2722 2857//2857
f 2762//2762 2815//2815 2721//2721
f 2762//2762 2856//2856 2815//2815
f 2722//2722 2789//2789 2858//2858
f 2722//2722 2858//2858 2857//2857
f 2818//2818 2791//2791 2859//2859
f 2790//2790 2819//2819 2860//2860
f 2790//2790 2696//2696 2819//2819
f 2817//2817 2790//2790 2860//2860
f 2792//2792 2818//2818 2820//2820
f 2793//2793 2861//2861 2765//2765
f 2820//2820 2861//2861 2793//2793
f 2765//2765 2861//2861 2821//2821
f 2862//2862 2827//2827 2825//2825
f 2829//2829 2828//2828 2733//2733
f 2827//2827 2862//2862 2797//2797
f 2829//2829 2734//2734 2799//2799
f 2797//2797 2863//2863 2798//2798
f 2830//2830 2770//2770 2798//2798
f 2831//2831 2864//2864 2832//2832
f 2773//2773 2832//2832 2835//2835
f 2801//2801 2835//2835 2802//2802
f 2865//2865 2803//2803 2741//2741
f 2774//2774 2836//2836 2837//2837
f 2866//2866 2804//2804 2743//2743
f 2743//2743 2839//2839 2866//2866
f 2838//2838 2867//2867 2775//2775
f 2867//2867 2840//2840 2775//2775
f 2839//2839 2710//2710 2868//2868
f 2710//2710 2869//2869 2868//2868
f 2806//2806 2869//2869 2710//2710
f 2870//2870 2841//2841 2840//2840
f 2871//2871 2808//2808 2841//2841
f 2807//2807 2748//2748 2845//2845
f 2781//2781 2872//2872 2845//2845
f 2781//2781 2848//2848 2872//2872
f 2751//2751 2754//2754 2873//2873
f 2874//2874 2756//2756 2810//2810
f 2756//2756 2874//2874 2850//2850
f 2754//2754 2716//2716 2873//2873
f 2873//2873 2716//2716 2811//2811
f 2851//2851 2759//2759 2757//2757
f 2852//2852 2758//2758 2853//2853
f 2853//2853 2814//2814 2875//2875
f 2875//2875 2814//2814 2813//2813
f 2760//2760 2812//2812 2876//2876
f 2813//2813 2761//2761 2785//2785
f 2877//2877 2785//2785 2855//2855
f 2878//2878 2858//2858 2789//2789
f 2878//2878 2789//2789 2816//2816
f 2879//2879 2860//2860 2819//2819
f 2880//2880 2861//2861 2820//2820
f 2880//2880 2820//2820 2881//2881
f 2881//2881 2820//2820 2818//2818
f 2861//2861 2882//2882 2821//2821
f 2880//2880 2882//2882 2861//2861
f 2794//2794 2821//2821 2879//2879
f 2821//2821 2882//2882 2879//2879
f 2879//2879 2819//2819 2794//2794
f 2823//2823 2883//2883 2884//2884
f 2883//2883 2823//2823 2885//2885
f 2823//2823 2884//2884 2824//2824
f 2823//2823 2822//2822 2885//2885
f 2886//2886 2885//2885 2822//2822
f 2884//2884 2825//2825 2824//2824
f 2826//2826 2886//2886 2822//2822
f 2826//2826 2828//2828 2886//2886
f 2828//2828 2829//2829 2886//2886
f 2825//2825 2887//2887 2862//2862
f 2863//2863 2797//2797 2862//2862
f 2702//2702 2833//2833 2800//2800
f 2831//2831 2830//2830 2864//2864
f 2864//2864 2888//2888 2832//2832
f 2803//2803 2834//2834 2703//2703
f 2888//2888 2889//2889 2832//2832
f 2832//2832 2889//2889 2835//2835
f 2889//2889 2890//2890 2835//2835
f 2802//2802 2890//2890 2891//2891
f 2802//2802 2835//2835 2890//2890
f 2891//2891 2836//2836 2802//2802
f 2741//2741 2892//2892 2865//2865
f 2893//2893 2837//2837 2836//2836
f 2894//2894 2837//2837 2893//2893
f 2894//2894 2805//2805 2837//2837
f 2805//2805 2894//2894 2838//2838
f 2867//2867 2870//2870 2840//2840
f 2806//2806 2807//2807 2895//2895
f 2896//2896 2808//2808 2871//2871
f 2808//2808 2896//2896 2778//2778
f 2846//2846 2843//2843 2897//2897
f 2846//2846 2897//2897 2847//2847
f 2750//2750 2847//2847 2898//2898
f 2752//2752 2899//2899 2848//2848
f 2752//2752 2751//2751 2900//2900
f 2873//2873 2901//2901 2751//2751
f 2902//2902 2874//2874 2810//2810
f 2903//2903 2873//2873 2811//2811
f 2904//2904 2903//2903 2811//2811
f 2850//2850 2905//2905 2849//2849
f 2904//2904 2811//2811 2852//2852
f 2906//2906 2904//2904 2852//2852
f 2853//2853 2906//2906 2852//2852
f 2875//2875 2906//2906 2853//2853
f 2875//2875 2813//2813 2907//2907
f 2812//2812 2908//2908 2876//2876
f 2785//2785 2907//2907 2813//2813
f 2877//2877 2907//2907 2785//2785
f 2760//2760 2876//2876 2784//2784
f 2876//2876 2854//2854 2784//2784
f 2909//2909 2855//2855 2787//2787
f 2910//2910 2909//2909 2787//2787
f 2854//2854 2911//2911 2856//2856
f 2787//2787 2857//2857 2910//2910
f 2857//2857 2858//2858 2910//2910
f 2912//2912 2858//2858 2878//2878
f 2912//2912 2878//2878 2816//2816
f 2816//2816 2913//2913 2912//2912
f 2815//2815 2856//2856 2791//2791
f 2913//2913 2817//2817 2914//2914
f 2816//2816 2817//2817 2913//2913
f 2817//2817 2860//2860 2914//2914
f 2791//2791 2915//2915 2859//2859
f 2881//2881 2818//2818 2859//2859
f 2881//2881 2859//2859 2915//2915
f 2860//2860 2879//2879 2916//2916
f 2880//2880 2917//2917 2882//2882
f 2885//2885 2886//2886 2918//2918
f 2884//2884 2887//2887 2825//2825
f 2862//2862 2887//2887 2919//2919
f 2829//2829 2799//2799 2920//2920
f 2863//2863 2862//2862 2921//2921
f 2769//2769 2920//2920 2799//2799
f 2769//2769 2800//2800 2922//2922
f 2923//2923 2798//2798 2863//2863
f 2798//2798 2923//2923 2830//2830
f 2800//2800 2833//2833 2924//2924
f 2925//2925 2864//2864 2830//2830
f 2925//2925 2926//2926 2864//2864
f 2833//2833 2834//2834 2927//2927
f 2864//2864 2926//2926 2888//2888
f 2928//2928 2834//2834 2803//2803
f 2888//2888 2929//2929 2889//2889
f 2891//2891 2890//2890 2930//2930
f 2891//2891 2893//2893 2836//2836
f 2741//2741 2804//2804 2892//2892
f 2838//2838 2894//2894 2931//2931
f 2838//2838 2931//2931 2867//2867
f 2839//2839 2932//2932 2866//2866
f 2839//2839 2868//2868 2932//2932
f 2933//2933 2870//2870 2867//2867
f 2869//2869 2806//2806 2895//2895
f 2870//2870 2934//2934 2841//2841
f 2934//2934 2871//2871 2841//2841
f 2778//2778 2896//2896 2844//2844
f 2842//2842 2809//2809 2935//2935
f 2842//2842 2935//2935 2936//2936
f 2843//2843 2842//2842 2936//2936
f 2845//2845 2937//2937 2807//2807
f 2938//2938 2897//2897 2843//2843
f 2937//2937 2845//2845 2872//2872
f 2847//2847 2897//2897 2939//2939
f 2848//2848 2940//2940 2872//2872
f 2939//2939 2898//2898 2847//2847
f 2848//2848 2899//2899 2940//2940
f 2750//2750 2898//2898 2783//2783
f 2752//2752 2900//2900 2899//2899
f 2751//2751 2901//2901 2900//2900
f 2901//2901 2903//2903 2941//2941
f 2873//2873 2903//2903 2901//2901
f 2874//2874 2905//2905 2850//2850
f 2942//2942 2906//2906 2875//2875
f 2759//2759 2943//2943 2812//2812
f 2910//2910 2858//2858 2944//2944
f 2858//2858 2912//2912 2944//2944
f 2856//2856 2915//2915 2791//2791
f 2916//2916 2914//2914 2860//2860
f 2915//2915 2945//2945 2881//2881
f 2946//2946 2916//2916 2879//2879
f 2946//2946 2947//2947 2916//2916
f 2880//2880 2881//2881 2945//2945
f 2880//2880 2945//2945 2917//2917
f 2917//2917 2948//2948 2882//2882
f 2882//2882 2948//2948 2946//2946
f 2946//2946 2879//2879 2882//2882
f 2884//2884 2949//2949 2950//2950
f 2949//2949 2884//2884 2883//2883
f 2883//2883 2885//2885 2918//2918
f 2884//2884 2950//2950 2887//2887
f 2887//2887 2951//2951 2919//2919
f 2951//2951 2952//2952 2919//2919
f 2829//2829 2953//2953 2886//2886
f 2829//2829 2920//2920 2953//2953
f 2952//2952 2954//2954 2919//2919
f 2919//2919 2921//2921 2862//2862
f 2923//2923 2863//2863 2921//2921
f 2769//2769 2922//2922 2920//2920
f 2955//2955 2925//2925 2923//2923
f 2925//2925 2830//2830 2923//2923
f 2926//2926 2956//2956 2888//2888
f 2888//2888 2956//2956 2929//2929
f 2957//2957 2928//2928 2803//2803
f 2889//2889 2929//2929 2890//2890
f 2804//2804 2958//2958 2892//2892
f 2866//2866 2958//2958 2804//2804
f 2959//2959 2866//2866 2932//2932
f 2960//2960 2867//2867 2931//2931
f 2867//2867 2960//2960 2933//2933
f 2961//2961 2870//2870 2933//2933
f 2870//2870 2961//2961 2934//2934
f 2962//2962 2895//2895 2807//2807
f 2844//2844 2963//2963 2809//2809
f 2896//2896 2963//2963 2844//2844
f 2809//2809 2963//2963 2935//2935
f 2843//2843 2936//2936 2938//2938
f 2898//2898 2964//2964 2783//2783
f 2810//2810 2783//2783 2965//2965
f 2902//2902 2810//2810 2965//2965
f 2905//2905 2966//2966 2849//2849
f 2849//2849 2966//2966 2851//2851
f 2851//2851 2966//2966 2967//2967
f 2851//2851 2967//2967 2759//2759
f 2967//2967 2943//2943 2759//2759
f 2968//2968 2855//2855 2909//2909
f 2968//2968 2877//2877 2855//2855
f 2968//2968 2909//2909 2969//2969
f 2876//2876 2970//2970 2854//2854
f 2911//2911 2854//2854 2970//2970
f 2971//2971 2912//2912 2913//2913
f 2971//2971 2913//2913 2972//2972
f 2856//2856 2973//2973 2915//2915
f 2913//2913 2914//2914 2972//2972
f 2972//2972 2914//2914 2974//2974
f 2914//2914 2947//2947 2975//2975
f 2914//2914 2975//2975 2974//2974
f 2914//2914 2916//2916 2947//2947
f 2948//2948 2976//2976 2946//2946
f 2976//2976 2947//2947 2946//2946
f 2950//2950 2951//2951 2887//2887
f 2977//2977 2886//2886 2953//2953
f 2919//2919 2954//2954 2921//2921
f 2978//2978 2921//2921 2954//2954
f 2922//2922 2800//2800 2924//2924
f 2923//2923 2921//2921 2978//2978
f 2955//2955 2923//2923 2978//2978
f 2979//2979 2925//2925 2955//2955
f 2956//2956 2925//2925 2979//2979
f 2926//2926 2925//2925 2956//2956
f 2927//2927 2834//2834 2980//2980
f 2834//2834 2928//2928 2980//2980
f 2956//2956 2981//2981 2929//2929
f 2981//2981 2982//2982 2929//2929
f 2890//2890 2929//2929 2982//2982
f 2983//2983 2957//2957 2803//2803
f 2890//2890 2982//2982 2984//2984
f 2890//2890 2984//2984 2930//2930
f 2803//2803 2865//2865 2983//2983
f 2930//2930 2984//2984 2985//2985
f 2930//2930 2985//2985 2891//2891
f 2893//2893 2891//2891 2986//2986
f 2987//2987 2893//2893 2986//2986
f 2893//2893 2987//2987 2894//2894
f 2988//2988 2894//2894 2987//2987
f 2894//2894 2988//2988 2931//2931
f 2989//2989 2932//2932 2868//2868
f 2869//2869 2989//2989 2868//2868
f 2895//2895 2990//2990 2869//2869
f 2871//2871 2991//2991 2896//2896
f 2871//2871 2934//2934 2991//2991
f 2963//2963 2992//2992 2935//2935
f 2963//2963 2896//2896 2991//2991
f 2993//2993 2936//2936 2935//2935
f 2897//2897 2994//2994 2939//2939
f 2872//2872 2940//2940 2937//2937
f 2783//2783 2964//2964 2965//2965
f 2900//2900 2901//2901 2995//2995
f 2874//2874 2902//2902 2996//2996
f 2874//2874 2996//2996 2905//2905
f 2903//2903 2997//2997 2941//2941
f 2905//2905 2998//2998 2966//2966
f 2903//2903 2904//2904 2999//2999
f 2906//2906 3000//3000 2904//2904
f 3000//3000 2906//2906 2942//2942
f 2943//2943 2908//2908 2812//2812
f 2875//2875 2907//2907 2942//2942
f 2907//2907 3001//3001 2942//2942
f 3002//3002 2908//2908 3003//3003
f 3004//3004 3001//3001 2907//2907
f 2877//2877 3004//3004 2907//2907
f 3002//3002 3005//3005 2908//2908
f 2908//2908 3005//3005 2876//2876
f 3005//3005 2970//2970 2876//2876
f 2969//2969 2909//2909 3006//3006
f 2909//2909 2910//2910 3006//3006
f 2944//2944 3006//3006 2910//2910
f 3007//3007 3006//3006 2944//2944
f 3008//3008 3007//3007 2944//2944
f 3009//3009 3008//3008 2944//2944
f 2912//2912 3009//3009 2944//2944
f 2912//2912 2971//2971 3009//3009
f 2971//2971 3010//3010 3009//3009
f 2911//2911 2973//2973 2856//2856
f 2915//2915 2973//2973 3011//3011
f 2947//2947 2976//2976 3012//3012
f 2947//2947 3012//3012 2975//2975
f 3013//3013 2974//2974 2975//2975
f 2915//2915 3011//3011 2945//2945
f 3014//3014 2945//2945 3011//3011
f 3015//3015 2945//2945 3014//3014
f 3015//3015 2917//2917 2945//2945
f 2948//2948 2917//2917 3015//3015
f 2950//2950 2949//2949 3016//3016
f 3017//3017 2949//2949 2883//2883
f 3018//3018 3017//3017 2883//2883
f 2918//2918 3018//3018 2883//2883
f 2918//2918 2886//2886 2977//2977
f 2951//2951 3019//3019 2952//2952
f 2953//2953 2920//2920 3020//3020
f 2952//2952 3021//3021 2954//2954
f 3022//3022 2920//2920 2922//2922
f 2978//2978 2954//2954 3021//3021
f 2978//2978 3023//3023 2955//2955
f 2924//2924 2833//2833 3024//3024
f 3024//3024 2833//2833 2927//2927
f 3023//3023 2979//2979 2955//2955
f 2956//2956 2979//2979 2981//2981
f 2981//2981 2979//2979 3025//3025
f 3025//3025 2982//2982 2981//2981
f 2982//2982 3025//3025 2984//2984
f 3026//3026 2891//2891 2985//2985
f 2891//2891 3026//3026 2986//2986
f 2989//2989 2959//2959 2932//2932
f 2933//2933 2960//2960 3027//3027
f 3028//3028 2934//2934 2961//2961
f 2991//2991 2934//2934 3028//3028
f 2963//2963 3029//3029 2992//2992
f 2935//2935 2992//2992 2993//2993
f 2993//2993 3030//3030 2936//2936
f 2936//2936 3030//3030 2938//2938
f 3031//3031 2962//2962 2807//2807
f 2937//2937 3031//3031 2807//2807
f 2937//2937 2940//2940 3031//3031
f 3031//3031 2940//2940 3032//3032
f 3033//3033 2940//2940 2899//2899
f 2900//2900 3033//3033 2899//2899
f 2902//2902 2965//2965 3034//3034
f 2941//2941 2995//2995 2901//2901
f 2905//2905 2996//2996 2998//2998
f 3035//3035 2903//2903 2999//2999
f 2904//2904 3000//3000 2999//2999
f 2943//2943 2967//2967 3036//3036
f 3003//3003 2908//2908 2943//2943
f 3004//3004 2877//2877 2968//2968
f 2968//2968 3037//3037 3004//3004
f 3006//3006 3007//3007 2969//2969
f 2970//2970 3038//3038 2911//2911
f 3008//3008 3009//3009 3010//3010
f 2911//2911 3038//3038 2973//2973
f 3010//3010 3039//3039 3040//3040
f 3010//3010 2971//2971 3039//3039
f 2971//2971 2972//2972 3039//3039
f 3038//3038 3041//3041 2973//2973
f 3039//3039 2972//2972 2974//2974
f 3013//3013 3039//3039 2974//2974
f 3041//3041 3042//3042 2973//2973
f 3042//3042 3043//3043 3011//3011
f 3042//3042 3011//3011 2973//2973
f 2976//2976 3044//3044 3045//3045
f 2976//2976 3045//3045 3012//3012
f 3043//3043 3014//3014 3011//3011
f 3015//3015 3014//3014 3043//3043
f 3044//3044 3015//3015 3043//3043
f 2948//2948 3015//3015 3044//3044
f 2976//2976 2948//2948 3044//3044
f 2949//2949 3017//3017 3016//3016
f 3016//3016 3019//3019 2950//2950
f 2977//2977 3018//3018 2918//2918
f 3019//3019 2951//2951 2950//2950
f 2977//2977 2953//2953 3020//3020
f 2952//2952 3046//3046 3021//3021
f 3021//3021 3047//3047 2978//2978
f 3023//3023 2978//2978 3047//3047
f 3048//3048 3023//3023 3047//3047
f 3023//3023 3048//3048 3049//3049
f 3023//3023 3049//3049 2979//2979
f 3049//3049 3050//3050 2979//2979
f 3050//3050 3025//3025 2979//2979
f 2957//2957 3051//3051 2928//2928
f 3025//3025 3052//3052 3053//3053
f 2984//2984 3025//3025 3053//3053
f 2892//2892 3054//3054 2865//2865
f 2931//2931 2988//2988 2960//2960
f 2933//2933 3027//3027 3055//3055
f 3055//3055 2961//2961 2933//2933
f 2962//2962 2990//2990 2895//2895
f 2961//2961 3055//3055 3028//3028
f 2991//2991 3028//3028 3056//3056
f 2963//2963 2991//2991 3057//3057
f 2991//2991 3056//3056 3057//3057
f 2963//2963 3057//3057 3029//3029
f 3058//3058 2992//2992 3029//3029
f 3031//3031 3059//3059 2962//2962
f 2938//2938 3030//3030 2897//2897
f 2897//2897 3030//3030 2994//2994
f 3060//3060 2939//2939 2994//2994
f 2898//2898 2939//2939 3060//3060
f 2940//2940 3033//3033 3032//3032
f 2900//2900 2995//2995 3033//3033
f 3034//3034 2965//2965 3061//3061
f 3034//3034 2996//2996 2902//2902
f 3034//3034 3062//3062 2996//2996
f 2996//2996 3063//3063 2998//2998
f 2997//2997 2903//2903 3035//3035
f 3064//3064 2966//2966 2998//2998
f 3065//3065 2966//2966 3064//3064
f 2999//2999 3000//3000 3066//3066
f 3067//3067 2967//2967 2966//2966
f 2967//2967 3067//3067 3036//3036
f 2942//2942 3001//3001 3068//3068
f 3001//3001 3069//3069 3068//3068
f 3003//3003 2943//2943 3036//3036
f 3070//3070 3069//3069 3001//3001
f 3001//3001 3004//3004 3070//3070
f 3004//3004 3071//3071 3070//3070
f 3004//3004 3037//3037 3071//3071
f 2968//2968 2969//2969 3037//3037
f 3005//3005 3072//3072 2970//2970
f 3010//3010 3040//3040 3073//3073
f 3012//3012 3074//3074 2975//2975
f 3075//3075 3013//3013 2975//2975
f 3074//3074 3075//3075 2975//2975
f 3076//3076 3016//3016 3017//3017
f 2920//2920 3022//3022 3020//3020
f 3077//3077 3022//3022 2922//2922
f 3078//3078 3048//3048 3047//3047
f 2980//2980 3024//3024 2927//2927
f 3049//3049 3079//3079 3050//3050
f 3051//3051 3080//3080 2980//2980
f 2980//2980 2928//2928 3051//3051
f 3025//3025 3050//3050 3052//3052
f 3050//3050 3081//3081 3052//3052
f 3082//3082 2984//2984 3053//3053
f 2985//2985 2984//2984 3082//3082
f 3054//3054 2983//2983 2865//2865
f 3082//3082 3026//3026 2985//2985
f 3083//3083 3026//3026 3082//3082
f 3026//3026 3083//3083 2986//2986
f 3083//3083 3084//3084 2986//2986
f 2986//2986 3084//3084 3085//3085
f 3085//3085 2987//2987 2986//2986
f 2866//2866 2959//2959 2958//2958
f 3086//3086 2959//2959 2989//2989
f 2988//2988 2987//2987 3087//3087
f 2989//2989 2869//2869 3088//3088
f 3088//3088 2869//2869 2990//2990
f 2962//2962 3089//3089 2990//2990
f 3028//3028 3055//3055 3090//3090
f 3028//3028 3090//3090 3056//3056
f 2993//2993 3091//3091 3030//3030
f 3058//3058 3029//3029 3057//3057
f 2898//2898 3060//3060 2964//2964
f 2965//2965 2964//2964 3061//3061
f 2997//2997 2995//2995 2941//2941
f 2999//2999 3092//3092 3035//3035
f 3065//3065 3067//3067 2966//2966
f 3093//3093 3066//3066 3000//3000
f 3000//3000 2942//2942 3093//3093
f 2942//2942 3068//3068 3093//3093
f 3093//3093 3068//3068 3094//3094
f 3069//3069 3094//3094 3068//3068
f 3069//3069 3070//3070 3095//3095
f 3095//3095 3096//3096 3069//3069
f 3095//3095 3070//3070 3097//3097
f 3097//3097 3070//3070 3071//3071
f 3098//3098 3002//3002 3003//3003
f 3005//3005 3002//3002 3098//3098
f 3099//3099 3005//3005 3098//3098
f 3100//3100 3071//3071 3037//3037
f 3097//3097 3071//3071 3100//3100
f 3097//3097 3100//3100 3101//3101
f 3100//3100 3037//3037 3007//3007
f 3037//3037 2969//2969 3007//3007
f 3100//3100 3007//3007 3102//3102
f 3102//3102 3101//3101 3100//3100
f 3008//3008 3102//3102 3007//3007
f 3038//3038 2970//2970 3072//3072
f 3102//3102 3008//3008 3103//3103
f 3008//3008 3010//3010 3103//3103
f 3010//3010 3073//3073 3103//3103
f 3073//3073 3040//3040 3104//3104
f 3105//3105 3039//3039 3075//3075
f 3040//3040 3039//3039 3105//3105
f 3041//3041 3106//3106 3042//3042
f 3042//3042 3106//3106 3107//3107
f 3045//3045 3108//3108 3074//3074
f 3039//3039 3013//3013 3075//3075
f 3012//3012 3045//3045 3074//3074
f 3042//3042 3107//3107 3043//3043
f 3044//3044 3043//3043 3107//3107
f 3109//3109 3044//3044 3107//3107
f 3045//3045 3044//3044 3109//3109
f 3110//3110 3017//3017 3018//3018
f 2977//2977 3111//3111 3018//3018
f 3018//3018 3111//3111 3110//3110
f 3019//3019 3112//3112 2952//2952
f 3113//3113 3022//3022 3077//3077
f 3021//3021 3078//3078 3047//3047
f 3077//3077 2922//2922 2924//2924
f 3077//3077 2924//2924 3114//3114
f 3114//3114 2924//2924 3024//3024
f 3115//3115 3024//3024 2980//2980
f 3048//3048 3116//3116 3049//3049
f 3116//3116 3117//3117 3049//3049
f 2980//2980 3080//3080 3115//3115
f 3117//3117 3079//3079 3049//3049
f 2983//2983 3051//3051 2957//2957
f 3052//3052 3082//3082 3053//3053
f 3118//3118 3082//3082 3052//3052
f 3082//3082 3118//3118 3083//3083
f 3118//3118 3119//3119 3083//3083
f 2892//2892 2958//2958 3120//3120
f 3119//3119 3084//3084 3083//3083
f 3121//3121 3120//3120 2958//2958
f 3085//3085 3084//3084 3122//3122
f 2987//2987 3085//3085 3123//3123
f 3123//3123 3087//3087 2987//2987
f 2960//2960 2988//2988 3124//3124
f 3124//3124 3027//3027 2960//2960
f 3124//3124 3125//3125 3027//3027
f 3125//3125 3055//3055 3027//3027
f 3090//3090 3055//3055 3125//3125
f 3057//3057 3056//3056 3126//3126
f 3091//3091 2993//2993 2992//2992
f 3030//3030 3091//3091 3127//3127
f 2962//2962 3059//3059 3089//3089
f 2994//2994 3030//3030 3128//3128
f 2994//2994 3128//3128 3129//3129
f 2994//2994 3129//3129 3060//3060
f 3130//3130 3031//3031 3032//3032
f 3131//3131 2964//2964 3060//3060
f 3033//3033 3132//3132 3032//3032
f 3131//3131 3061//3061 2964//2964
f 2995//2995 3133//3133 3033//3033
f 3134//3134 2996//2996 3062//3062
f 3063//3063 3064//3064 2998//2998
f 3067//3067 3065//3065 3135//3135
f 3135//3135 3036//3036 3067//3067
f 3094//3094 3069//3069 3096//3096
f 3136//3136 3003//3003 3036//3036
f 3136//3136 3098//3098 3003//3003
f 3096//3096 3095//3095 3137//3137
f 3138//3138 3137//3137 3095//3095
f 3095//3095 3097//3097 3138//3138
f 3101//3101 3138//3138 3097//3097
f 3101//3101 3139//3139 3138//3138
f 3099//3099 3072//3072 3005//3005
f 3103//3103 3139//3139 3101//3101
f 3101//3101 3102//3102 3103//3103
f 3103//3103 3073//3073 3140//3140
f 3141//3141 3106//3106 3041//3041
f 3141//3141 3041//3041 3038//3038
f 3141//3141 3142//3142 3106//3106
f 3105//3105 3104//3104 3040//3040
f 3143//3143 3073//3073 3104//3104
f 3107//3107 3106//3106 3144//3144
f 3107//3107 3144//3144 3109//3109
f 3075//3075 3074//3074 3108//3108
f 3145//3145 3045//3045 3109//3109
f 3108//3108 3045//3045 3145//3145
f 3016//3016 3076//3076 3146//3146
f 3076//3076 3017//3017 3110//3110
f 3016//3016 3146//3146 3019//3019
f 3019//3019 3146//3146 3112//3112
f 3111//3111 2977//2977 3020//3020
f 2952//2952 3112//3112 3046//3046
f 3022//3022 3113//3113 3020//3020
f 3114//3114 3024//3024 3115//3115
f 3117//3117 3147//3147 3079//3079
f 3147//3147 3148//3148 3079//3079
f 3079//3079 3148//3148 3050//3050
f 3148//3148 3081//3081 3050//3050
f 3148//3148 3149//3149 3081//3081
f 3052//3052 3081//3081 3149//3149
f 3150//3150 3052//3052 3149//3149
f 3150//3150 3118//3118 3052//3052
f 3120//3120 3054//3054 2892//2892
f 3084//3084 3119//3119 3151//3151
f 3122//3122 3084//3084 3151//3151
f 2958//2958 2959//2959 3121//3121
f 3085//3085 3152//3152 3123//3123
f 2989//2989 3153//3153 3086//3086
f 3153//3153 2989//2989 3088//3088
f 3124//3124 2988//2988 3087//3087
f 3124//3124 3087//3087 3154//3154
f 3154//3154 3087//3087 3123//3123
f 3155//3155 3125//3125 3124//3124
f 3056//3056 3090//3090 3126//3126
f 3057//3057 3156//3156 3058//3058
f 3058//3058 3157//3157 2992//2992
f 2992//2992 3157//3157 3091//3091
f 3030//3030 3127//3127 3128//3128
f 3060//3060 3129//3129 3158//3158
f 3060//3060 3158//3158 3131//3131
f 3032//3032 3132//3132 3130//3130
f 3132//3132 3033//3033 3133//3133
f 3133//3133 2995//2995 3159//3159
f 3034//3034 3061//3061 3062//3062
f 3159//3159 2995//2995 2997//2997
f 3134//3134 3063//3063 2996//2996
f 3064//3064 3160//3160 3065//3065
f 3065//3065 3161//3161 3135//3135
f 3096//3096 3162//3162 3094//3094
f 3137//3137 3138//3138 3139//3139
f 3139//3139 3103//3103 3140//3140
f 3163//3163 3072//3072 3099//3099
f 3072//3072 3163//3163 3038//3038
f 3038//3038 3163//3163 3141//3141
f 3164//3164 3140//3140 3143//3143
f 3140//3140 3073//3073 3143//3143
f 3142//3142 3165//3165 3106//3106
f 3108//3108 3105//3105 3075//3075
f 3144//3144 3106//3106 3165//3165
f 3109//3109 3144//3144 3145//3145
f 3108//3108 3145//3145 3166//3166
f 3110//3110 3167//3167 3076//3076
f 3110//3110 3111//3111 3167//3167
f 3020//3020 3168//3168 3111//3111
f 3112//3112 3169//3169 3046//3046
f 3168//3168 3020//3020 3113//3113
f 3046//3046 3170//3170 3021//3021
f 3171//3171 3113//3113 3077//3077
f 3114//3114 3171//3171 3077//3077
f 3172//3172 3115//3115 3080//3080
f 3147//3147 3117//3117 3173//3173
f 3174//3174 3051//3051 2983//2983
f 2983//2983 3054//3054 3174//3174
f 3118//3118 3150//3150 3151//3151
f 3119//3119 3118//3118 3151//3151
f 3085//3085 3122//3122 3152//3152
f 3154//3154 3155//3155 3124//3124
f 3175//3175 3125//3125 3155//3155
f 2990//2990 3176//3176 3088//3088
f 3090//3090 3125//3125 3177//3177
f 3157//3157 3058//3058 3178//3178
f 3126//3126 3090//3090 3177//3177
f 3179//3179 3126//3126 3177//3177
f 3057//3057 3126//3126 3179//3179
f 3156//3156 3057//3057 3179//3179
f 3089//3089 3176//3176 2990//2990
f 3128//3128 3180//3180 3129//3129
f 3158//3158 3129//3129 3181//3181
f 3062//3062 3061//3061 3182//3182
f 3035//3035 3183//3183 2997//2997
f 3063//3063 3184//3184 3064//3064
f 3184//3184 3160//3160 3064//3064
f 3035//3035 3092//3092 3183//3183
f 3160//3160 3161//3161 3065//3065
f 2999//2999 3066//3066 3092//3092
f 3161//3161 3185//3185 3135//3135
f 3093//3093 3186//3186 3066//3066
f 3093//3093 3094//3094 3186//3186
f 3162//3162 3186//3186 3094//3094
f 3135//3135 3187//3187 3036//3036
f 3136//3136 3036//3036 3187//3187
f 3162//3162 3096//3096 3188//3188
f 3096//3096 3137//3137 3188//3188
f 3137//3137 3189//3189 3188//3188
f 3136//3136 3190//3190 3098//3098
f 3098//3098 3190//3190 3099//3099
f 3189//3189 3137//3137 3191//3191
f 3191//3191 3137//3137 3139//3139
f 3191//3191 3139//3139 3192//3192
f 3163//3163 3099//3099 3190//3190
f 3193//3193 3192//3192 3139//3139
f 3140//3140 3193//3193 3139//3139
f 3140//3140 3164//3164 3193//3193
f 3194//3194 3141//3141 3163//3163
f 3104//3104 3195//3195 3143//3143
f 3145//3145 3196//3196 3166//3166
f 3197//3197 3196//3196 3145//3145
f 3195//3195 3105//3105 3108//3108
f 3104//3104 3105//3105 3195//3195
f 3165//3165 3197//3197 3144//3144
f 3145//3145 3144//3144 3197//3197
f 3198//3198 3146//3146 3199//3199
f 3076//3076 3199//3199 3146//3146
f 3076//3076 3167//3167 3199//3199
f 3200//3200 3146//3146 3198//3198
f 3112//3112 3146//3146 3200//3200
f 3111//3111 3201//3201 3167//3167
f 3111//3111 3168//3168 3201//3201
f 3112//3112 3200//3200 3169//3169
f 3170//3170 3046//3046 3169//3169
f 3021//3021 3202//3202 3078//3078
f 3203//3203 3171//3171 3114//3114
f 3078//3078 3204//3204 3048//3048
f 3048//3048 3204//3204 3116//3116
f 3114//3114 3172//3172 3205//3205
f 3172//3172 3114//3114 3115//3115
f 3116//3116 3173//3173 3117//3117
f 3172//3172 3080//3080 3206//3206
f 3207//3207 3149//3149 3148//3148
f 3150//3150 3208//3208 3151//3151
f 3151//3151 3152//3152 3122//3122
f 2959//2959 3086//3086 3121//3121
f 3086//3086 3153//3153 3209//3209
f 3123//3123 3152//3152 3210//3210
f 3154//3154 3123//3123 3210//3210
f 3156//3156 3178//3178 3058//3058
f 3088//3088 3176//3176 3211//3211
f 3125//3125 3175//3175 3177//3177
f 3127//3127 3091//3091 3212//3212
f 3091//3091 3157//3157 3212//3212
f 3127//3127 3213//3213 3128//3128
f 3180//3180 3181//3181 3129//3129
f 3059//3059 3214//3214 3089//3089
f 3059//3059 3215//3215 3214//3214
f 3216//3216 3158//3158 3181//3181
f 3059//3059 3031//3031 3215//3215
f 3130//3130 3215//3215 3031//3031
f 3131//3131 3158//3158 3216//3216
f 3132//3132 3217//3217 3130//3130
f 3131//3131 3216//3216 3218//3218
f 3061//3061 3131//3131 3218//3218
f 3133//3133 3219//3219 3132//3132
f 3218//3218 3182//3182 3061//3061
f 3159//3159 2997//2997 3220//3220
f 3184//3184 3063//3063 3134//3134
f 3220//3220 2997//2997 3183//3183
f 3184//3184 3221//3221 3160//3160
f 3222//3222 3185//3185 3161//3161
f 3092//3092 3066//3066 3186//3186
f 3187//3187 3135//3135 3185//3185
f 3187//3187 3223//3223 3136//3136
f 3136//3136 3223//3223 3190//3190
f 3190//3190 3224//3224 3163//3163
f 3224//3224 3225//3225 3163//3163
f 3163//3163 3225//3225 3194//3194
f 3193//3193 3164//3164 3226//3226
f 3194//3194 3227//3227 3141//3141
f 3195//3195 3228//3228 3226//3226
f 3195//3195 3226//3226 3143//3143
f 3143//3143 3226//3226 3164//3164
f 3227//3227 3165//3165 3142//3142
f 3227//3227 3142//3142 3141//3141
f 3227//3227 3229//3229 3165//3165
f 3229//3229 3197//3197 3165//3165
f 3229//3229 3196//3196 3197//3197
f 3196//3196 3230//3230 3166//3166
f 3108//3108 3166//3166 3230//3230
f 3231//3231 3108//3108 3230//3230
f 3195//3195 3108//3108 3231//3231
f 3167//3167 3201//3201 3199//3199
f 3168//3168 3232//3232 3201//3201
f 3168//3168 3233//3233 3232//3232
f 3233//3233 3168//3168 3113//3113
f 3021//3021 3170//3170 3202//3202
f 3205//3205 3203//3203 3114//3114
f 3078//3078 3202//3202 3204//3204
f 3173//3173 3116//3116 3204//3204
f 3234//3234 3235//3235 3173//3173
f 3173//3173 3235//3235 3147//3147
f 3235//3235 3236//3236 3147//3147
f 3080//3080 3051//3051 3206//3206
f 3147//3147 3236//3236 3148//3148
f 3206//3206 3051//3051 3174//3174
f 3237//3237 3174//3174 3054//3054
f 3149//3149 3208//3208 3150//3150
f 3149//3149 3238//3238 3208//3208
f 3237//3237 3054//3054 3120//3120
f 3239//3239 3240//3240 3151//3151
f 3240//3240 3152//3152 3151//3151
f 3241//3241 3153//3153 3088//3088
f 3157//3157 3178//3178 3242//3242
f 3157//3157 3242//3242 3212//3212
f 3179//3179 3177//3177 3243//3243
f 3212//3212 3213//3213 3127//3127
f 3213//3213 3244//3244 3128//3128
f 3128//3128 3244//3244 3180//3180
f 3245//3245 3216//3216 3181//3181
f 3219//3219 3217//3217 3132//3132
f 3220//3220 3246//3246 3159//3159
f 3182//3182 3134//3134 3062//3062
f 3247//3247 3186//3186 3162//3162
f 3187//3187 3185//3185 3248//3248
f 3162//3162 3188//3188 3247//3247
f 3248//3248 3249//3249 3187//3187
f 3188//3188 3189//3189 3250//3250
f 3192//3192 3193//3193 3251//3251
f 3251//3251 3226//3226 3252//3252
f 3193//3193 3226//3226 3251//3251
f 3230//3230 3253//3253 3231//3231
f 3228//3228 3195//3195 3231//3231
f 3253//3253 3228//3228 3231//3231
f 3196//3196 3229//3229 3254//3254
f 3254//3254 3230//3230 3196//3196
f 3255//3255 3198//3198 3256//3256
f 3255//3255 3200//3200 3198//3198
f 3199//3199 3256//3256 3198//3198
f 3199//3199 3257//3257 3256//3256
f 3201//3201 3257//3257 3199//3199
f 3232//3232 3258//3258 3201//3201
f 3259//3259 3170//3170 3169//3169
f 3260//3260 3233//3233 3113//3113
f 3260//3260 3113//3113 3171//3171
f 3207//3207 3148//3148 3236//3236
f 3206//3206 3174//3174 3261//3261
f 3238//3238 3149//3149 3207//3207
f 3174//3174 3262//3262 3261//3261
f 3174//3174 3237//3237 3262//3262
f 3263//3263 3237//3237 3120//3120
f 3208//3208 3239//3239 3151//3151
f 3120//3120 3121//3121 3263//3263
f 3240//3240 3264//3264 3152//3152
f 3152//3152 3264//3264 3210//3210
f 3086//3086 3209//3209 3265//3265
f 3210//3210 3266//3266 3154//3154
f 3266//3266 3155//3155 3154//3154
f 3267//3267 3268//3268 3156//3156
f 3156//3156 3268//3268 3178//3178
f 3178//3178 3268//3268 3242//3242
f 3088//3088 3211//3211 3241//3241
f 3269//3269 3155//3155 3266//3266
f 3155//3155 3269//3269 3175//3175
f 3270//3270 3243//3243 3177//3177
f 3267//3267 3179//3179 3243//3243
f 3156//3156 3179//3179 3267//3267
f 3213//3213 3271//3271 3244//3244
f 3272//3272 3176//3176 3089//3089
f 3180//3180 3244//3244 3181//3181
f 3133//3133 3273//3273 3219//3219
f 3246//3246 3273//3273 3133//3133
f 3159//3159 3246//3246 3133//3133
f 3134//3134 3274//3274 3184//3184
f 3184//3184 3274//3274 3221//3221
f 3092//3092 3275//3275 3183//3183
f 3092//3092 3276//3276 3275//3275
f 3186//3186 3276//3276 3092//3092
f 3160//3160 3222//3222 3161//3161
f 3247//3247 3277//3277 3186//3186
f 3222//3222 3248//3248 3185//3185
f 3278//3278 3277//3277 3247//3247
f 3247//3247 3188//3188 3278//3278
f 3279//3279 3278//3278 3188//3188
f 3250//3250 3279//3279 3188//3188
f 3249//3249 3223//3223 3187//3187
f 3279//3279 3250//3250 3280//3280
f 3189//3189 3280//3280 3250//3250
f 3281//3281 3280//3280 3189//3189
f 3191//3191 3281//3281 3189//3189
f 3282//3282 3281//3281 3191//3191
f 3223//3223 3283//3283 3190//3190
f 3190//3190 3283//3283 3224//3224
f 3282//3282 3192//3192 3251//3251
f 3191//3191 3192//3192 3282//3282
f 3284//3284 3282//3282 3251//3251
f 3225//3225 3285//3285 3194//3194
f 3286//3286 3287//3287 3285//3285
f 3228//3228 3252//3252 3226//3226
f 3194//3194 3285//3285 3227//3227
f 3227//3227 3285//3285 3287//3287
f 3286//3286 3288//3288 3287//3287
f 3287//3287 3229//3229 3227//3227
f 3254//3254 3287//3287 3288//3288
f 3230//3230 3289//3289 3253//3253
f 3254//3254 3289//3289 3230//3230
f 3254//3254 3229//3229 3287//3287
f 3201//3201 3258//3258 3257//3257
f 3255//3255 3290//3290 3200//3200
f 3232//3232 3291//3291 3258//3258
f 3200//3200 3290//3290 3169//3169
f 3232//3232 3292//3292 3291//3291
f 3233//3233 3292//3292 3232//3232
f 3169//3169 3290//3290 3259//3259
f 3293//3293 3171//3171 3203//3203
f 3205//3205 3172//3172 3294//3294
f 3204//3204 3234//3234 3173//3173
f 3172//3172 3206//3206 3295//3295
f 3207//3207 3236//3236 3296//3296
f 3262//3262 3237//3237 3263//3263
f 3153//3153 3241//3241 3209//3209
f 3267//3267 3297//3297 3268//3268
f 3243//3243 3270//3270 3298//3298
f 3267//3267 3243//3243 3298//3298
f 3242//3242 3299//3299 3212//3212
f 3177//3177 3175//3175 3270//3270
f 3213//3213 3212//3212 3271//3271
f 3244//3244 3300//3300 3301//3301
f 3181//3181 3244//3244 3301//3301
f 3245//3245 3181//3181 3301//3301
f 3273//3273 3302//3302 3219//3219
f 3303//3303 3134//3134 3182//3182
f 3134//3134 3303//3303 3274//3274
f 3220//3220 3183//3183 3275//3275
f 3221//3221 3222//3222 3160//3160
f 3276//3276 3186//3186 3277//3277
f 3279//3279 3280//3280 3304//3304
f 3283//3283 3305//3305 3224//3224
f 3305//3305 3225//3225 3224//3224
f 3251//3251 3306//3306 3284//3284
f 3307//3307 3286//3286 3225//3225
f 3252//3252 3308//3308 3309//3309
f 3252//3252 3309//3309 3306//3306
f 3252//3252 3306//3306 3251//3251
f 3225//3225 3286//3286 3285//3285
f 3289//3289 3310//3310 3253//3253
f 3308//3308 3253//3253 3310//3310
f 3308//3308 3228//3228 3253//3253
f 3252//3252 3228//3228 3308//3308
f 3289//3289 3254//3254 3288//3288
f 3256//3256 3311//3311 3255//3255
f 3312//3312 3256//3256 3257//3257
f 3258//3258 3312//3312 3257//3257
f 3258//3258 3291//3291 3312//3312
f 3255//3255 3311//3311 3290//3290
f 3260//3260 3292//3292 3233//3233
f 3293//3293 3260//3260 3171//3171
f 3313//3313 3170//3170 3259//3259
f 3202//3202 3234//3234 3204//3204
f 3314//3314 3294//3294 3172//3172
f 3172//3172 3295//3295 3314//3314
f 3235//3235 3296//3296 3236//3236
f 3295//3295 3261//3261 3315//3315
f 3206//3206 3261//3261 3295//3295
f 3238//3238 3207//3207 3316//3316
f 3238//3238 3316//3316 3208//3208
f 3208//3208 3316//3316 3239//3239
f 3317//3317 3121//3121 3086//3086
f 3086//3086 3265//3265 3317//3317
f 3318//3318 3210//3210 3264//3264
f 3319//3319 3269//3269 3266//3266
f 3298//3298 3297//3297 3267//3267
f 3268//3268 3297//3297 3320//3320
f 3242//3242 3268//3268 3299//3299
f 3268//3268 3320//3320 3299//3299
f 3175//3175 3321//3321 3270//3270
f 3175//3175 3269//3269 3321//3321
f 3299//3299 3271//3271 3212//3212
f 3176//3176 3272//3272 3211//3211
f 3214//3214 3322//3322 3089//3089
f 3301//3301 3323//3323 3245//3245
f 3130//3130 3217//3217 3215//3215
f 3245//3245 3218//3218 3216//3216
f 3324//3324 3218//3218 3245//3245
f 3217//3217 3219//3219 3302//3302
f 3218//3218 3324//3324 3182//3182
f 3246//3246 3220//3220 3325//3325
f 3325//3325 3220//3220 3326//3326
f 3275//3275 3326//3326 3220//3220
f 3275//3275 3276//3276 3327//3327
f 3277//3277 3327//3327 3276//3276
f 3222//3222 3328//3328 3248//3248
f 3223//3223 3249//3249 3329//3329
f 3304//3304 3280//3280 3281//3281
f 3223//3223 3329//3329 3283//3283
f 3281//3281 3282//3282 3330//3330
f 3330//3330 3282//3282 3331//3331
f 3331//3331 3282//3282 3284//3284
f 3332//3332 3310//3310 3289//3289
f 3286//3286 3333//3333 3288//3288
f 3334//3334 3288//3288 3333//3333
f 3332//3332 3288//3288 3334//3334
f 3289//3289 3288//3288 3332//3332
f 3256//3256 3312//3312 3335//3335
f 3311//3311 3256//3256 3335//3335
f 3312//3312 3336//3336 3335//3335
f 3291//3291 3292//3292 3337//3337
f 3311//3311 3338//3338 3290//3290
f 3291//3291 3337//3337 3312//3312
f 3290//3290 3338//3338 3259//3259
f 3313//3313 3259//3259 3338//3338
f 3313//3313 3339//3339 3170//3170
f 3293//3293 3203//3203 3340//3340
f 3170//3170 3339//3339 3202//3202
f 3340//3340 3203//3203 3205//3205
f 3339//3339 3234//3234 3202//3202
f 3205//3205 3294//3294 3340//3340
f 3314//3314 3295//3295 3315//3315
f 3207//3207 3296//3296 3316//3316
f 3315//3315 3261//3261 3341//3341
f 3261//3261 3262//3262 3341//3341
f 3316//3316 3342//3342 3239//3239
f 3342//3342 3240//3240 3239//3239
f 3121//3121 3343//3343 3263//3263
f 3121//3121 3317//3317 3343//3343
f 3344//3344 3319//3319 3266//3266
f 3319//3319 3345//3345 3269//3269
f 3299//3299 3320//3320 3346//3346
f 3269//3269 3345//3345 3321//3321
f 3270//3270 3321//3321 3347//3347
f 3298//3298 3270//3270 3348//3348
f 3270//3270 3347//3347 3348//3348
f 3299//3299 3346//3346 3349//3349
f 3349//3349 3271//3271 3299//3299
f 3271//3271 3349//3349 3350//3350
f 3271//3271 3350//3350 3300//3300
f 3271//3271 3300//3300 3244//3244
f 3272//3272 3089//3089 3322//3322
f 3301//3301 3300//3300 3351//3351
f 3214//3214 3352//3352 3322//3322
f 3215//3215 3353//3353 3214//3214
f 3245//3245 3323//3323 3354//3354
f 3245//3245 3354//3354 3324//3324
f 3355//3355 3182//3182 3324//3324
f 3273//3273 3246//3246 3356//3356
f 3246//3246 3325//3325 3356//3356
f 3182//3182 3355//3355 3303//3303
f 3275//3275 3327//3327 3326//3326
f 3326//3326 3327//3327 3357//3357
f 3327//3327 3277//3277 3358//3358
f 3358//3358 3357//3357 3327//3327
f 3277//3277 3278//3278 3358//3358
f 3359//3359 3358//3358 3278//3278
f 3328//3328 3249//3249 3248//3248
f 3278//3278 3279//3279 3359//3359
f 3279//3279 3360//3360 3359//3359
f 3360//3360 3279//3279 3304//3304
f 3360//3360 3304//3304 3361//3361
f 3304//3304 3281//3281 3361//3361
f 3281//3281 3362//3362 3361//3361
f 3330//3330 3362//3362 3281//3281
f 3363//3363 3362//3362 3330//3330
f 3329//3329 3305//3305 3283//3283
f 3330//3330 3331//3331 3363//3363
f 3225//3225 3305//3305 3364//3364
f 3284//3284 3365//3365 3363//3363
f 3284//3284 3363//3363 3331//3331
f 3284//3284 3306//3306 3365//3365
f 3366//3366 3333//3333 3307//3307
f 3367//3367 3309//3309 3368//3368
f 3306//3306 3309//3309 3365//3365
f 3365//3365 3309//3309 3367//3367
f 3307//3307 3333//3333 3286//3286
f 3334//3334 3333//3333 3366//3366
f 3334//3334 3369//3369 3332//3332
f 3309//3309 3308//3308 3368//3368
f 3368//3368 3310//3310 3332//3332
f 3308//3308 3310//3310 3368//3368
f 3336//3336 3311//3311 3335//3335
f 3292//3292 3370//3370 3337//3337
f 3260//3260 3370//3370 3292//3292
f 3260//3260 3293//3293 3370//3370
f 3371//3371 3293//3293 3340//3340
f 3294//3294 3314//3314 3372//3372
f 3314//3314 3315//3315 3373//3373
f 3374//3374 3235//3235 3234//3234
f 3235//3235 3374//3374 3296//3296
f 3296//3296 3375//3375 3316//3316
f 3262//3262 3263//3263 3341//3341
f 3342//3342 3376//3376 3240//3240
f 3240//3240 3376//3376 3264//3264
f 3377//3377 3318//3318 3264//3264
f 3266//3266 3210//3210 3344//3344
f 3298//3298 3378//3378 3297//3297
f 3297//3297 3379//3379 3320//3320
f 3378//3378 3379//3379 3297//3297
f 3346//3346 3320//3320 3379//3379
f 3347//3347 3321//3321 3380//3380
f 3321//3321 3345//3345 3380//3380
f 3378//3378 3298//3298 3348//3348
f 3353//3353 3352//3352 3214//3214
f 3323//3323 3301//3301 3351//3351
f 3381//3381 3302//3302 3273//3273
f 3221//3221 3274//3274 3382//3382
f 3221//3221 3382//3382 3222//3222
f 3358//3358 3359//3359 3383//3383
f 3328//3328 3384//3384 3249//3249
f 3383//3383 3359//3359 3360//3360
f 3384//3384 3385//3385 3249//3249
f 3249//3249 3385//3385 3329//3329
f 3361//3361 3362//3362 3386//3386
f 3386//3386 3362//3362 3387//3387
f 3363//3363 3365//3365 3388//3388
f 3364//3364 3389//3389 3307//3307
f 3364//3364 3307//3307 3225//3225
f 3307//3307 3389//3389 3366//3366
f 3366//3366 3389//3389 3369//3369
f 3334//3334 3366//3366 3369//3369
f 3367//3367 3368//3368 3390//3390
f 3368//3368 3332//3332 3369//3369
f 3336//3336 3338//3338 3311//3311
f 3391//3391 3338//3338 3336//3336
f 3391//3391 3336//3336 3312//3312
f 3337//3337 3392//3392 3312//3312
f 3312//3312 3392//3392 3391//3391
f 3293//3293 3393//3393 3370//3370
f 3393//3393 3293//3293 3371//3371
f 3339//3339 3394//3394 3234//3234
f 3394//3394 3374//3374 3234//3234
f 3372//3372 3314//3314 3373//3373
f 3374//3374 3375//3375 3296//3296
f 3375//3375 3342//3342 3316//3316
f 3341//3341 3395//3395 3396//3396
f 3263//3263 3395//3395 3341//3341
f 3395//3395 3263//3263 3343//3343
f 3397//3397 3395//3395 3343//3343
f 3317//3317 3397//3397 3343//3343
f 3265//3265 3398//3398 3317//3317
f 3344//3344 3210//3210 3318//3318
f 3265//3265 3209//3209 3398//3398
f 3209//3209 3399//3399 3400//3400
f 3241//3241 3399//3399 3209//3209
f 3345//3345 3319//3319 3401//3401
f 3241//3241 3211//3211 3399//3399
f 3347//3347 3380//3380 3402//3402
f 3378//3378 3348//3348 3403//3403
f 3378//3378 3403//3403 3379//3379
f 3349//3349 3346//3346 3404//3404
f 3350//3350 3349//3349 3404//3404
f 3405//3405 3350//3350 3404//3404
f 3351//3351 3300//3300 3406//3406
f 3407//3407 3353//3353 3215//3215
f 3323//3323 3351//3351 3354//3354
f 3215//3215 3217//3217 3407//3407
f 3324//3324 3354//3354 3408//3408
f 3408//3408 3355//3355 3324//3324
f 3409//3409 3326//3326 3357//3357
f 3357//3357 3358//3358 3383//3383
f 3382//3382 3328//3328 3222//3222
f 3410//3410 3383//3383 3360//3360
f 3361//3361 3386//3386 3411//3411
f 3411//3411 3386//3386 3387//3387
f 3362//3362 3363//3363 3387//3387
f 3387//3387 3363//3363 3388//3388
f 3329//3329 3412//3412 3305//3305
f 3412//3412 3364//3364 3305//3305
f 3367//3367 3413//3413 3365//3365
f 3390//3390 3413//3413 3367//3367
f 3364//3364 3414//3414 3389//3389
f 3390//3390 3368//3368 3415//3415
f 3368//3368 3369//3369 3415//3415
f 3391//3391 3416//3416 3338//3338
f 3392//3392 3416//3416 3391//3391
f 3337//3337 3417//3417 3392//3392
f 3370//3370 3417//3417 3337//3337
f 3416//3416 3418//3418 3338//3338
f 3338//3338 3418//3418 3313//3313
f 3419//3419 3393//3393 3371//3371
f 3418//3418 3394//3394 3339//3339
f 3313//3313 3418//3418 3339//3339
f 3394//3394 3418//3418 3420//3420
f 3294//3294 3421//3421 3340//3340
f 3294//3294 3372//3372 3421//3421
f 3422//3422 3373//3373 3315//3315
f 3374//3374 3423//3423 3375//3375
f 3422//3422 3315//3315 3424//3424
f 3315//3315 3341//3341 3424//3424
f 3424//3424 3341//3341 3396//3396
f 3396//3396 3395//3395 3425//3425
f 3425//3425 3395//3395 3397//3397
f 3377//3377 3264//3264 3376//3376
f 3317//3317 3398//3398 3397//3397
f 3209//3209 3426//3426 3398//3398
f 3209//3209 3400//3400 3426//3426
f 3401//3401 3319//3319 3344//3344
f 3348//3348 3347//3347 3403//3403
f 3347//3347 3402//3402 3403//3403
f 3403//3403 3427//3427 3379//3379
f 3379//3379 3427//3427 3346//3346
f 3428//3428 3346//3346 3427//3427
f 3346//3346 3428//3428 3404//3404
f 3272//3272 3429//3429 3211//3211
f 3300//3300 3350//3350 3405//3405
f 3272//3272 3322//3322 3429//3429
f 3300//3300 3405//3405 3406//3406
f 3430//3430 3351//3351 3406//3406
f 3352//3352 3353//3353 3431//3431
f 3217//3217 3302//3302 3407//3407
f 3273//3273 3432//3432 3381//3381
f 3273//3273 3356//3356 3432//3432
f 3356//3356 3325//3325 3433//3433
f 3326//3326 3409//3409 3325//3325
f 3303//3303 3434//3434 3274//3274
f 3435//3435 3409//3409 3357//3357
f 3274//3274 3434//3434 3382//3382
f 3436//3436 3435//3435 3357//3357
f 3357//3357 3383//3383 3436//3436
f 3410//3410 3436//3436 3383//3383
f 3410//3410 3360//3360 3437//3437
f 3437//3437 3360//3360 3411//3411
f 3360//3360 3361//3361 3411//3411
f 3385//3385 3412//3412 3329//3329
f 3387//3387 3438//3438 3411//3411
f 3438//3438 3387//3387 3439//3439
f 3439//3439 3387//3387 3388//3388
f 3412//3412 3440//3440 3364//3364
f 3364//3364 3440//3440 3414//3414
f 3388//3388 3413//3413 3439//3439
f 3388//3388 3365//3365 3413//3413
f 3441//3441 3442//3442 3414//3414
f 3441//3441 3443//3443 3442//3442
f 3444//3444 3442//3442 3443//3443
f 3445//3445 3390//3390 3415//3415
f 3414//3414 3442//3442 3389//3389
f 3389//3389 3442//3442 3369//3369
f 3444//3444 3369//3369 3442//3442
f 3415//3415 3369//3369 3444//3444
f 3417//3417 3446//3446 3392//3392
f 3393//3393 3447//3447 3370//3370
f 3370//3370 3447//3447 3417//3417
f 3448//3448 3371//3371 3340//3340
f 3448//3448 3340//3340 3421//3421
f 3394//3394 3420//3420 3449//3449
f 3450//3450 3421//3421 3372//3372
f 3372//3372 3373//3373 3451//3451
f 3394//3394 3452//3452 3374//3374
f 3451//3451 3373//3373 3422//3422
f 3452//3452 3423//3423 3374//3374
f 3423//3423 3453//3453 3375//3375
f 3342//3342 3375//3375 3453//3453
f 3453//3453 3454//3454 3342//3342
f 3376//3376 3342//3342 3454//3454
f 3455//3455 3396//3396 3425//3425
f 3397//3397 3398//3398 3456//3456
f 3457//3457 3344//3344 3318//3318
f 3398//3398 3426//3426 3458//3458
f 3459//3459 3426//3426 3400//3400
f 3460//3460 3401//3401 3344//3344
f 3345//3345 3401//3401 3461//3461
f 3380//3380 3345//3345 3461//3461
f 3402//3402 3462//3462 3403//3403
f 3403//3403 3462//3462 3463//3463
f 3427//3427 3403//3403 3464//3464
f 3403//3403 3463//3463 3464//3464
f 3211//3211 3429//3429 3399//3399
f 3322//3322 3352//3352 3465//3465
f 3406//3406 3466//3466 3430//3430
f 3352//3352 3431//3431 3465//3465
f 3351//3351 3467//3467 3354//3354
f 3468//3468 3407//3407 3302//3302
f 3381//3381 3468//3468 3302//3302
f 3469//3469 3355//3355 3408//3408
f 3356//3356 3433//3433 3432//3432
f 3433//3433 3325//3325 3470//3470
f 3325//3325 3409//3409 3470//3470
f 3435//3435 3470//3470 3409//3409
f 3471//3471 3303//3303 3355//3355
f 3471//3471 3434//3434 3303//3303
f 3328//3328 3472//3472 3384//3384
f 3410//3410 3437//3437 3473//3473
f 3474//3474 3473//3473 3475//3475
f 3473//3473 3437//3437 3475//3475
f 3437//3437 3411//3411 3475//3475
f 3476//3476 3412//3412 3385//3385
f 3476//3476 3440//3440 3412//3412
f 3411//3411 3438//3438 3477//3477
f 3438//3438 3478//3478 3477//3477
f 3438//3438 3439//3439 3478//3478
f 3479//3479 3439//3439 3413//3413
f 3479//3479 3390//3390 3445//3445
f 3479//3479 3413//3413 3390//3390
f 3480//3480 3445//3445 3415//3415
f 3415//3415 3444//3444 3480//3480
f 3392//3392 3446//3446 3481//3481
f 3416//3416 3392//3392 3481//3481
f 3416//3416 3482//3482 3418//3418
f 3482//3482 3416//3416 3481//3481
f 3417//3417 3447//3447 3446//3446
f 3418//3418 3482//3482 3420//3420
f 3419//3419 3371//3371 3448//3448
f 3448//3448 3421//3421 3450//3450
f 3372//3372 3451//3451 3450//3450
f 3483//3483 3423//3423 3452//3452
f 3422//3422 3424//3424 3484//3484
f 3424//3424 3396//3396 3484//3484
f 3485//3485 3376//3376 3454//3454
f 3485//3485 3454//3454 3486//3486
f 3376//3376 3485//3485 3377//3377
f 3397//3397 3487//3487 3425//3425
f 3456//3456 3487//3487 3397//3397
f 3485//3485 3318//3318 3377//3377
f 3485//3485 3457//3457 3318//3318
f 3458//3458 3456//3456 3398//3398
f 3458//3458 3426//3426 3459//3459
f 3457//3457 3488//3488 3460//3460
f 3344//3344 3457//3457 3460//3460
f 3401//3401 3460//3460 3489//3489
f 3380//3380 3461//3461 3490//3490
f 3402//3402 3380//3380 3490//3490
f 3402//3402 3490//3490 3462//3462
f 3464//3464 3428//3428 3427//3427
f 3491//3491 3404//3404 3428//3428
f 3405//3405 3404//3404 3492//3492
f 3406//3406 3405//3405 3492//3492
f 3406//3406 3492//3492 3466//3466
f 3465//3465 3431//3431 3493//3493
f 3430//3430 3467//3467 3351//3351
f 3431//3431 3353//3353 3494//3494
f 3353//3353 3407//3407 3494//3494
f 3354//3354 3467//3467 3408//3408
f 3432//3432 3468//3468 3381//3381
f 3434//3434 3495//3495 3382//3382
f 3435//3435 3436//3436 3496//3496
f 3497//3497 3496//3496 3436//3436
f 3436//3436 3410//3410 3497//3497
f 3497//3497 3410//3410 3473//3473
f 3497//3497 3473//3473 3474//3474
f 3472//3472 3476//3476 3384//3384
f 3411//3411 3477//3477 3475//3475
f 3384//3384 3476//3476 3385//3385
f 3477//3477 3498//3498 3475//3475
f 3499//3499 3498//3498 3477//3477
f 3477//3477 3478//3478 3499//3499
f 3479//3479 3478//3478 3439//3439
f 3440//3440 3500//3500 3414//3414
f 3441//3441 3414//3414 3500//3500
f 3501//3501 3445//3445 3480//3480
f 3480//3480 3444//3444 3443//3443
f 3446//3446 3502//3502 3481//3481
f 3502//3502 3482//3482 3481//3481
f 3447//3447 3503//3503 3446//3446
f 3446//3446 3503//3503 3502//3502
f 3482//3482 3504//3504 3420//3420
f 3505//3505 3504//3504 3482//3482
f 3505//3505 3482//3482 3502//3502
f 3506//3506 3503//3503 3447//3447
f 3393//3393 3506//3506 3447//3447
f 3393//3393 3419//3419 3506//3506
f 3419//3419 3507//3507 3506//3506
f 3507//3507 3419//3419 3448//3448
f 3420//3420 3504//3504 3449//3449
f 3448//3448 3450//3450 3507//3507
f 3449//3449 3508//3508 3394//3394
f 3509//3509 3450//3450 3451//3451
f 3394//3394 3508//3508 3452//3452
f 3510//3510 3452//3452 3508//3508
f 3483//3483 3452//3452 3510//3510
f 3483//3483 3511//3511 3453//3453
f 3423//3423 3483//3483 3453//3453
f 3453//3453 3511//3511 3454//3454
f 3396//3396 3455//3455 3484//3484
f 3511//3511 3486//3486 3454//3454
f 3455//3455 3425//3425 3512//3512
f 3485//3485 3486//3486 3513//3513
f 3512//3512 3425//3425 3487//3487
f 3485//3485 3513//3513 3457//3457
f 3401//3401 3489//3489 3461//3461
f 3400//3400 3514//3514 3459//3459
f 3399//3399 3514//3514 3400//3400
f 3490//3490 3515//3515 3462//3462
f 3516//3516 3399//3399 3429//3429
f 3462//3462 3515//3515 3517//3517
f 3462//3462 3517//3517 3463//3463
f 3428//3428 3464//3464 3518//3518
f 3428//3428 3518//3518 3491//3491
f 3491//3491 3492//3492 3404//3404
f 3466//3466 3519//3519 3430//3430
f 3494//3494 3407//3407 3520//3520
f 3520//3520 3407//3407 3468//3468
f 3432//3432 3433//3433 3521//3521
f 3469//3469 3408//3408 3522//3522
f 3471//3471 3355//3355 3469//3469
f 3470//3470 3435//3435 3523//3523
f 3435//3435 3496//3496 3523//3523
f 3496//3496 3524//3524 3523//3523
f 3524//3524 3496//3496 3525//3525
f 3496//3496 3497//3497 3525//3525
f 3382//3382 3495//3495 3472//3472
f 3328//3328 3382//3382 3472//3472
f 3474//3474 3475//3475 3526//3526
f 3526//3526 3475//3475 3498//3498
f 3527//3527 3440//3440 3476//3476
f 3528//3528 3500//3500 3440//3440
f 3528//3528 3529//3529 3500//3500
f 3529//3529 3530//3530 3500//3500
f 3478//3478 3479//3479 3531//3531
f 3530//3530 3532//3532 3500//3500
f 3501//3501 3533//3533 3534//3534
f 3479//3479 3445//3445 3534//3534
f 3500//3500 3532//3532 3441//3441
f 3535//3535 3441//3441 3532//3532
f 3501//3501 3480//3480 3535//3535
f 3534//3534 3445//3445 3501//3501
f 3441//3441 3535//3535 3443//3443
f 3480//3480 3443//3443 3535//3535
f 3502//3502 3503//3503 3536//3536
f 3505//3505 3502//3502 3536//3536
f 3503//3503 3537//3537 3536//3536
f 3538//3538 3537//3537 3503//3503
f 3506//3506 3538//3538 3503//3503
f 3507//3507 3538//3538 3506//3506
f 3504//3504 3505//3505 3536//3536
f 3539//3539 3540//3540 3538//3538
f 3507//3507 3539//3539 3538//3538
f 3539//3539 3507//3507 3450//3450
f 3504//3504 3541//3541 3449//3449
f 3541//3541 3508//3508 3449//3449
f 3509//3509 3451//3451 3542//3542
f 3542//3542 3451//3451 3422//3422
f 3543//3543 3484//3484 3455//3455
f 3483//3483 3486//3486 3511//3511
f 3486//3486 3544//3544 3513//3513
f 3513//3513 3545//3545 3457//3457
f 3457//3457 3545//3545 3488//3488
f 3458//3458 3546//3546 3547//3547
f 3458//3458 3459//3459 3546//3546
f 3460//3460 3488//3488 3489//3489
f 3546//3546 3459//3459 3514//3514
f 3461//3461 3548//3548 3490//3490
f 3514//3514 3399//3399 3516//3516
f 3517//3517 3549//3549 3463//3463
f 3464//3464 3463//3463 3549//3549
f 3464//3464 3549//3549 3518//3518
f 3429//3429 3465//3465 3550//3550
f 3322//3322 3465//3465 3429//3429
f 3466//3466 3551//3551 3519//3519
f 3493//3493 3494//3494 3552//3552
f 3493//3493 3431//3431 3494//3494
f 3520//3520 3468//3468 3553//3553
f 3554//3554 3408//3408 3467//3467
f 3468//3468 3521//3521 3553//3553
f 3468//3468 3432//3432 3521//3521
f 3433//3433 3555//3555 3521//3521
f 3556//3556 3471//3471 3469//3469
f 3470//3470 3523//3523 3557//3557
f 3557//3557 3523//3523 3524//3524
f 3558//3558 3557//3557 3524//3524
f 3434//3434 3471//3471 3495//3495
f 3524//3524 3525//3525 3559//3559
f 3497//3497 3474//3474 3525//3525
f 3560//3560 3525//3525 3474//3474
f 3474//3474 3526//3526 3560//3560
f 3560//3560 3526//3526 3561//3561
f 3472//3472 3562//3562 3476//3476
f 3498//3498 3561//3561 3526//3526
f 3498//3498 3499//3499 3561//3561
f 3527//3527 3528//3528 3440//3440
f 3531//3531 3479//3479 3534//3534
f 3535//3535 3533//3533 3501//3501
f 3536//3536 3541//3541 3504//3504
f 3536//3536 3563//3563 3541//3541
f 3537//3537 3563//3563 3536//3536
f 3540//3540 3537//3537 3538//3538
f 3539//3539 3450//3450 3509//3509
f 3564//3564 3539//3539 3509//3509
f 3564//3564 3509//3509 3542//3542
f 3541//3541 3565//3565 3510//3510
f 3541//3541 3510//3510 3508//3508
f 3422//3422 3566//3566 3542//3542
f 3422//3422 3484//3484 3566//3566
f 3567//3567 3566//3566 3484//3484
f 3543//3543 3567//3567 3484//3484
f 3568//3568 3543//3543 3512//3512
f 3543//3543 3455//3455 3512//3512
f 3544//3544 3486//3486 3483//3483
f 3544//3544 3569//3569 3513//3513
f 3569//3569 3545//3545 3513//3513
f 3512//3512 3487//3487 3456//3456
f 3512//3512 3456//3456 3570//3570
f 3545//3545 3571//3571 3488//3488
f 3458//3458 3570//3570 3456//3456
f 3547//3547 3570//3570 3458//3458
f 3546//3546 3514//3514 3572//3572
f 3461//3461 3489//3489 3573//3573
f 3573//3573 3548//3548 3461//3461
f 3490//3490 3548//3548 3515//3515
f 3516//3516 3572//3572 3514//3514
f 3517//3517 3515//3515 3549//3549
f 3550//3550 3516//3516 3429//3429
f 3518//3518 3549//3549 3574//3574
f 3518//3518 3574//3574 3491//3491
f 3574//3574 3492//3492 3491//3491
f 3465//3465 3575//3575 3550//3550
f 3465//3465 3493//3493 3575//3575
f 3466//3466 3492//3492 3551//3551
f 3576//3576 3467//3467 3430//3430
f 3554//3554 3467//3467 3576//3576
f 3408//3408 3554//3554 3522//3522
f 3556//3556 3469//3469 3522//3522
f 3555//3555 3433//3433 3577//3577
f 3470//3470 3577//3577 3433//3433
f 3470//3470 3578//3578 3577//3577
f 3470//3470 3557//3557 3578//3578
f 3557//3557 3558//3558 3579//3579
f 3557//3557 3579//3579 3578//3578
f 3524//3524 3559//3559 3558//3558
f 3580//3580 3559//3559 3525//3525
f 3525//3525 3560//3560 3580//3580
f 3580//3580 3560//3560 3581//3581
f 3561//3561 3581//3581 3560//3560
f 3582//3582 3581//3581 3561//3561
f 3562//3562 3583//3583 3527//3527
f 3562//3562 3527//3527 3476//3476
f 3499//3499 3584//3584 3582//3582
f 3582//3582 3561//3561 3499//3499
f 3527//3527 3583//3583 3528//3528
f 3499//3499 3478//3478 3584//3584
f 3584//3584 3478//3478 3531//3531
f 3531//3531 3534//3534 3533//3533
f 3530//3530 3585//3585 3532//3532
f 3535//3535 3532//3532 3585//3585
f 3586//3586 3535//3535 3585//3585
f 3533//3533 3535//3535 3586//3586
f 3563//3563 3537//3537 3587//3587
f 3587//3587 3537//3537 3540//3540
f 3588//3588 3587//3587 3540//3540
f 3539//3539 3589//3589 3540//3540
f 3540//3540 3589//3589 3588//3588
f 3539//3539 3564//3564 3589//3589
f 3563//3563 3590//3590 3541//3541
f 3591//3591 3563//3563 3587//3587
f 3590//3590 3563//3563 3591//3591
f 3565//3565 3541//3541 3590//3590
f 3542//3542 3566//3566 3564//3564
f 3592//3592 3565//3565 3590//3590
f 3567//3567 3543//3543 3593//3593
f 3483//3483 3510//3510 3565//3565
f 3594//3594 3483//3483 3565//3565
f 3543//3543 3568//3568 3595//3595
f 3544//3544 3483//3483 3596//3596
f 3512//3512 3570//3570 3568//3568
f 3597//3597 3598//3598 3488//3488
f 3488//3488 3598//3598 3489//3489
f 3598//3598 3573//3573 3489//3489
f 3572//3572 3516//3516 3599//3599
f 3549//3549 3515//3515 3600//3600
f 3516//3516 3550//3550 3599//3599
f 3599//3599 3550//3550 3601//3601
f 3492//3492 3574//3574 3551//3551
f 3493//3493 3602//3602 3575//3575
f 3493//3493 3552//3552 3602//3602
f 3430//3430 3519//3519 3603//3603
f 3552//3552 3494//3494 3604//3604
f 3520//3520 3604//3604 3494//3494
f 3430//3430 3603//3603 3576//3576
f 3520//3520 3553//3553 3604//3604
f 3553//3553 3605//3605 3606//3606
f 3553//3553 3521//3521 3605//3605
f 3555//3555 3605//3605 3521//3521
f 3607//3607 3555//3555 3577//3577
f 3577//3577 3578//3578 3608//3608
f 3608//3608 3578//3578 3579//3579
f 3558//3558 3609//3609 3579//3579
f 3609//3609 3558//3558 3559//3559
f 3471//3471 3610//3610 3611//3611
f 3559//3559 3580//3580 3609//3609
f 3611//3611 3495//3495 3471//3471
f 3612//3612 3472//3472 3495//3495
f 3612//3612 3562//3562 3472//3472
f 3583//3583 3613//3613 3528//3528
f 3531//3531 3614//3614 3584//3584
f 3615//3615 3530//3530 3528//3528
f 3616//3616 3530//3530 3615//3615
f 3614//3614 3533//3533 3617//3617
f 3614//3614 3531//3531 3533//3533
f 3528//3528 3530//3530 3529//3529
f 3585//3585 3530//3530 3616//3616
f 3617//3617 3585//3585 3616//3616
f 3533//3533 3586//3586 3617//3617
f 3586//3586 3585//3585 3617//3617
f 3588//3588 3591//3591 3587//3587
f 3588//3588 3618//3618 3591//3591
f 3589//3589 3564//3564 3619//3619
f 3591//3591 3620//3620 3590//3590
f 3620//3620 3592//3592 3590//3590
f 3566//3566 3619//3619 3564//3564
f 3567//3567 3619//3619 3566//3566
f 3621//3621 3619//3619 3567//3567
f 3621//3621 3567//3567 3593//3593
f 3595//3595 3593//3593 3543//3543
f 3594//3594 3596//3596 3483//3483
f 3595//3595 3568//3568 3622//3622
f 3569//3569 3544//3544 3596//3596
f 3570//3570 3623//3623 3568//3568
f 3569//3569 3571//3571 3545//3545
f 3570//3570 3547//3547 3624//3624
f 3488//3488 3625//3625 3597//3597
f 3488//3488 3571//3571 3625//3625
f 3626//3626 3546//3546 3572//3572
f 3573//3573 3627//3627 3548//3548
f 3572//3572 3599//3599 3626//3626
f 3515//3515 3548//3548 3628//3628
f 3550//3550 3575//3575 3601//3601
f 3601//3601 3575//3575 3629//3629
f 3549//3549 3600//3600 3630//3630
f 3574//3574 3549//3549 3630//3630
f 3574//3574 3630//3630 3551//3551
f 3575//3575 3602//3602 3629//3629
f 3551//3551 3630//3630 3631//3631
f 3552//3552 3632//3632 3602//3602
f 3519//3519 3551//3551 3603//3603
f 3551//3551 3631//3631 3603//3603
f 3552//3552 3604//3604 3632//3632
f 3633//3633 3554//3554 3576//3576
f 3553//3553 3606//3606 3634//3634
f 3635//3635 3522//3522 3554//3554
f 3636//3636 3606//3606 3605//3605
f 3605//3605 3607//3607 3636//3636
f 3605//3605 3555//3555 3607//3607
f 3608//3608 3607//3607 3577//3577
f 3637//3637 3608//3608 3579//3579
f 3471//3471 3556//3556 3610//3610
f 3637//3637 3579//3579 3609//3609
f 3580//3580 3638//3638 3609//3609
f 3639//3639 3638//3638 3580//3580
f 3611//3611 3612//3612 3495//3495
f 3580//3580 3581//3581 3639//3639
f 3640//3640 3639//3639 3581//3581
f 3641//3641 3583//3583 3562//3562
f 3640//3640 3581//3581 3582//3582
f 3583//3583 3641//3641 3613//3613
f 3584//3584 3642//3642 3582//3582
f 3528//3528 3613//3613 3615//3615
f 3643//3643 3644//3644 3614//3614
f 3584//3584 3614//3614 3642//3642
f 3614//3614 3617//3617 3643//3643
f 3617//3617 3616//3616 3643//3643
f 3588//3588 3589//3589 3645//3645
f 3618//3618 3588//3588 3645//3645
f 3589//3589 3619//3619 3645//3645
f 3618//3618 3620//3620 3591//3591
f 3618//3618 3645//3645 3646//3646
f 3619//3619 3646//3646 3645//3645
f 3619//3619 3621//3621 3646//3646
f 3647//3647 3592//3592 3620//3620
f 3592//3592 3594//3594 3565//3565
f 3593//3593 3648//3648 3621//3621
f 3648//3648 3593//3593 3649//3649
f 3593//3593 3595//3595 3649//3649
f 3595//3595 3650//3650 3649//3649
f 3595//3595 3622//3622 3650//3650
f 3622//3622 3568//3568 3623//3623
f 3651//3651 3571//3571 3569//3569
f 3570//3570 3652//3652 3623//3623
f 3652//3652 3570//3570 3624//3624
f 3653//3653 3624//3624 3547//3547
f 3546//3546 3653//3653 3547//3547
f 3598//3598 3627//3627 3573//3573
f 3653//3653 3546//3546 3626//3626
f 3628//3628 3548//3548 3627//3627
f 3654//3654 3626//3626 3599//3599
f 3628//3628 3600//3600 3515//3515
f 3599//3599 3655//3655 3654//3654
f 3599//3599 3601//3601 3655//3655
f 3629//3629 3656//3656 3601//3601
f 3600//3600 3657//3657 3630//3630
f 3630//3630 3657//3657 3631//3631
f 3603//3603 3631//3631 3658//3658
f 3603//3603 3658//3658 3633//3633
f 3553//3553 3634//3634 3659//3659
f 3553//3553 3659//3659 3604//3604
f 3603//3603 3633//3633 3576//3576
f 3554//3554 3633//3633 3635//3635
f 3660//3660 3606//3606 3636//3636
f 3607//3607 3661//3661 3636//3636
f 3607//3607 3608//3608 3661//3661
f 3522//3522 3635//3635 3662//3662
f 3662//3662 3556//3556 3522//3522
f 3663//3663 3661//3661 3608//3608
f 3608//3608 3637//3637 3663//3663
f 3662//3662 3610//3610 3556//3556
f 3638//3638 3663//3663 3637//3637
f 3664//3664 3611//3611 3610//3610
f 3637//3637 3609//3609 3638//3638
f 3611//3611 3664//3664 3612//3612
f 3612//3612 3665//3665 3562//3562
f 3665//3665 3641//3641 3562//3562
f 3642//3642 3640//3640 3582//3582
f 3613//3613 3666//3666 3615//3615
f 3666//3666 3616//3616 3615//3615
f 3616//3616 3666//3666 3643//3643
f 3666//3666 3667//3667 3643//3643
f 3667//3667 3644//3644 3643//3643
f 3642//3642 3614//3614 3644//3644
f 3618//3618 3668//3668 3620//3620
f 3618//3618 3646//3646 3668//3668
f 3646//3646 3669//3669 3668//3668
f 3646//3646 3670//3670 3669//3669
f 3668//3668 3647//3647 3620//3620
f 3671//3671 3668//3668 3669//3669
f 3621//3621 3672//3672 3670//3670
f 3621//3621 3670//3670 3646//3646
f 3621//3621 3648//3648 3672//3672
f 3592//3592 3647//3647 3594//3594
f 3673//3673 3594//3594 3647//3647
f 3674//3674 3647//3647 3668//3668
f 3673//3673 3647//3647 3674//3674
f 3648//3648 3649//3649 3672//3672
f 3622//3622 3623//3623 3675//3675
f 3596//3596 3651//3651 3569//3569
f 3571//3571 3651//3651 3625//3625
f 3625//3625 3651//3651 3676//3676
f 3597//3597 3625//3625 3677//3677
f 3624//3624 3653//3653 3678//3678
f 3679//3679 3597//3597 3677//3677
f 3598//3598 3597//3597 3679//3679
f 3601//3601 3656//3656 3680//3680
f 3601//3601 3680//3680 3655//3655
f 3600//3600 3681//3681 3657//3657
f 3602//3602 3656//3656 3629//3629
f 3632//3632 3682//3682 3602//3602
f 3632//3632 3659//3659 3682//3682
f 3632//3632 3604//3604 3659//3659
f 3634//3634 3606//3606 3683//3683
f 3606//3606 3660//3660 3683//3683
f 3633//3633 3684//3684 3635//3635
f 3660//3660 3636//3636 3685//3685
f 3685//3685 3636//3636 3661//3661
f 3686//3686 3685//3685 3661//3661
f 3684//3684 3662//3662 3635//3635
f 3663//3663 3686//3686 3661//3661
f 3662//3662 3687//3687 3610//3610
f 3663//3663 3638//3638 3688//3688
f 3610//3610 3687//3687 3664//3664
f 3612//3612 3664//3664 3665//3665
f 3639//3639 3640//3640 3689//3689
f 3665//3665 3690//3690 3641//3641
f 3691//3691 3689//3689 3642//3642
f 3640//3640 3642//3642 3689//3689
f 3641//3641 3690//3690 3692//3692
f 3693//3693 3641//3641 3692//3692
f 3692//3692 3694//3694 3693//3693
f 3694//3694 3695//3695 3691//3691
f 3641//3641 3693//3693 3613//3613
f 3613//3613 3693//3693 3666//3666
f 3666//3666 3693//3693 3694//3694
f 3691//3691 3667//3667 3694//3694
f 3667//3667 3666//3666 3694//3694
f 3642//3642 3644//3644 3691//3691
f 3644//3644 3667//3667 3691//3691
f 3670//3670 3672//3672 3696//3696
f 3670//3670 3696//3696 3669//3669
f 3669//3669 3696//3696 3671//3671
f 3671//3671 3674//3674 3668//3668
f 3696//3696 3697//3697 3671//3671
f 3672//3672 3698//3698 3696//3696
f 3649//3649 3698//3698 3672//3672
f 3699//3699 3674//3674 3671//3671
f 3649//3649 3700//3700 3698//3698
f 3649//3649 3650//3650 3700//3700
f 3700//3700 3650//3650 3701//3701
f 3673//3673 3702//3702 3594//3594
f 3702//3702 3673//3673 3674//3674
f 3650//3650 3675//3675 3701//3701
f 3622//3622 3675//3675 3650//3650
f 3594//3594 3702//3702 3596//3596
f 3675//3675 3623//3623 3652//3652
f 3703//3703 3675//3675 3652//3652
f 3652//3652 3624//3624 3704//3704
f 3676//3676 3677//3677 3625//3625
f 3653//3653 3705//3705 3678//3678
f 3598//3598 3679//3679 3706//3706
f 3598//3598 3706//3706 3627//3627
f 3705//3705 3653//3653 3707//3707
f 3653//3653 3626//3626 3707//3707
f 3626//3626 3654//3654 3707//3707
f 3654//3654 3655//3655 3708//3708
f 3628//3628 3709//3709 3600//3600
f 3657//3657 3681//3681 3710//3710
f 3657//3657 3710//3710 3711//3711
f 3656//3656 3602//3602 3712//3712
f 3602//3602 3682//3682 3712//3712
f 3657//3657 3711//3711 3713//3713
f 3657//3657 3713//3713 3631//3631
f 3631//3631 3713//3713 3658//3658
f 3634//3634 3714//3714 3659//3659
f 3658//3658 3715//3715 3633//3633
f 3634//3634 3683//3683 3714//3714
f 3715//3715 3684//3684 3633//3633
f 3683//3683 3660//3660 3685//3685
f 3683//3683 3685//3685 3716//3716
f 3717//3717 3685//3685 3686//3686
f 3684//3684 3718//3718 3662//3662
f 3686//3686 3663//3663 3688//3688
f 3638//3638 3639//3639 3688//3688
f 3687//3687 3719//3719 3664//3664
f 3664//3664 3719//3719 3665//3665
f 3688//3688 3639//3639 3720//3720
f 3665//3665 3721//3721 3690//3690
f 3665//3665 3719//3719 3721//3721
f 3639//3639 3689//3689 3720//3720
f 3695//3695 3722//3722 3689//3689
f 3689//3689 3691//3691 3695//3695
f 3694//3694 3723//3723 3695//3695
f 3692//3692 3723//3723 3694//3694
f 3724//3724 3697//3697 3725//3725
f 3724//3724 3699//3699 3697//3697
f 3699//3699 3671//3671 3697//3697
f 3696//3696 3725//3725 3697//3697
f 3698//3698 3725//3725 3696//3696
f 3698//3698 3700//3700 3725//3725
f 3674//3674 3699//3699 3726//3726
f 3727//3727 3700//3700 3701//3701
f 3702//3702 3674//3674 3726//3726
f 3675//3675 3728//3728 3701//3701
f 3728//3728 3675//3675 3703//3703
f 3651//3651 3596//3596 3729//3729
f 3729//3729 3730//3730 3651//3651
f 3704//3704 3703//3703 3652//3652
f 3730//3730 3676//3676 3651//3651
f 3627//3627 3706//3706 3731//3731
f 3654//3654 3708//3708 3707//3707
f 3627//3627 3731//3731 3628//3628
f 3628//3628 3731//3731 3709//3709
f 3680//3680 3732//3732 3655//3655
f 3600//3600 3709//3709 3681//3681
f 3656//3656 3732//3732 3680//3680
f 3732//3732 3656//3656 3733//3733
f 3712//3712 3733//3733 3656//3656
f 3713//3713 3715//3715 3658//3658
f 3659//3659 3714//3714 3734//3734
f 3716//3716 3735//3735 3683//3683
f 3683//3683 3735//3735 3714//3714
f 3736//3736 3684//3684 3715//3715
f 3685//3685 3717//3717 3716//3716
f 3684//3684 3736//3736 3718//3718
f 3717//3717 3686//3686 3688//3688
f 3662//3662 3718//3718 3687//3687
f 3687//3687 3718//3718 3737//3737
f 3687//3687 3737//3737 3719//3719
f 3721//3721 3738//3738 3690//3690
f 3720//3720 3689//3689 3722//3722
f 3692//3692 3690//3690 3738//3738
f 3723//3723 3692//3692 3738//3738
f 3722//3722 3723//3723 3738//3738
f 3722//3722 3695//3695 3723//3723
f 3725//3725 3739//3739 3724//3724
f 3724//3724 3726//3726 3699//3699
f 3700//3700 3740//3740 3725//3725
f 3725//3725 3740//3740 3739//3739
f 3741//3741 3724//3724 3742//3742
f 3741//3741 3726//3726 3724//3724
f 3739//3739 3742//3742 3724//3724
f 3742//3742 3739//3739 3740//3740
f 3700//3700 3727//3727 3740//3740
f 3701//3701 3743//3743 3727//3727
f 3702//3702 3729//3729 3596//3596
f 3701//3701 3728//3728 3743//3743
f 3676//3676 3730//3730 3677//3677
f 3704//3704 3624//3624 3744//3744
f 3678//3678 3744//3744 3624//3624
f 3745//3745 3677//3677 3730//3730
f 3677//3677 3745//3745 3679//3679
f 3708//3708 3746//3746 3707//3707
f 3746//3746 3708//3708 3747//3747
f 3747//3747 3708//3708 3748//3748
f 3748//3748 3708//3708 3732//3732
f 3731//3731 3749//3749 3709//3709
f 3732//3732 3708//3708 3655//3655
f 3748//3748 3732//3732 3733//3733
f 3709//3709 3750//3750 3681//3681
f 3733//3733 3712//3712 3751//3751
f 3712//3712 3682//3682 3751//3751
f 3751//3751 3682//3682 3752//3752
f 3713//3713 3711//3711 3753//3753
f 3659//3659 3734//3734 3682//3682
f 3682//3682 3734//3734 3752//3752
f 3752//3752 3734//3734 3714//3714
f 3754//3754 3752//3752 3714//3714
f 3714//3714 3735//3735 3754//3754
f 3735//3735 3716//3716 3755//3755
f 3755//3755 3716//3716 3756//3756
f 3715//3715 3757//3757 3736//3736
f 3757//3757 3758//3758 3736//3736
f 3688//3688 3759//3759 3756//3756
f 3716//3716 3717//3717 3756//3756
f 3756//3756 3717//3717 3688//3688
f 3758//3758 3718//3718 3736//3736
f 3737//3737 3718//3718 3760//3760
f 3761//3761 3762//3762 3759//3759
f 3688//3688 3761//3761 3759//3759
f 3737//3737 3763//3763 3764//3764
f 3688//3688 3720//3720 3761//3761
f 3737//3737 3764//3764 3719//3719
f 3763//3763 3765//3765 3764//3764
f 3765//3765 3766//3766 3761//3761
f 3721//3721 3719//3719 3764//3764
f 3765//3765 3738//3738 3764//3764
f 3720//3720 3765//3765 3761//3761
f 3721//3721 3764//3764 3738//3738
f 3720//3720 3722//3722 3765//3765
f 3722//3722 3738//3738 3765//3765
f 3740//3740 3727//3727 3743//3743
f 3742//3742 3740//3740 3743//3743
f 3728//3728 3767//3767 3743//3743
f 3743//3743 3767//3767 3768//3768
f 3726//3726 3769//3769 3702//3702
f 3769//3769 3726//3726 3741//3741
f 3770//3770 3728//3728 3703//3703
f 3702//3702 3769//3769 3729//3729
f 3704//3704 3770//3770 3703//3703
f 3769//3769 3730//3730 3729//3729
f 3704//3704 3744//3744 3770//3770
f 3745//3745 3730//3730 3769//3769
f 3678//3678 3771//3771 3744//3744
f 3678//3678 3705//3705 3771//3771
f 3679//3679 3745//3745 3772//3772
f 3705//3705 3773//3773 3771//3771
f 3705//3705 3707//3707 3773//3773
f 3746//3746 3773//3773 3707//3707
f 3773//3773 3746//3746 3774//3774
f 3679//3679 3772//3772 3706//3706
f 3746//3746 3747//3747 3774//3774
f 3772//3772 3731//3731 3706//3706
f 3775//3775 3731//3731 3772//3772
f 3747//3747 3748//3748 3776//3776
f 3776//3776 3748//3748 3777//3777
f 3731//3731 3775//3775 3749//3749
f 3709//3709 3749//3749 3750//3750
f 3748//3748 3733//3733 3778//3778
f 3778//3778 3733//3733 3779//3779
f 3681//3681 3780//3780 3710//3710
f 3710//3710 3780//3780 3711//3711
f 3733//3733 3751//3751 3779//3779
f 3751//3751 3752//3752 3754//3754
f 3753//3753 3781//3781 3713//3713
f 3713//3713 3781//3781 3715//3715
f 3781//3781 3757//3757 3715//3715
f 3782//3782 3754//3754 3735//3735
f 3756//3756 3783//3783 3782//3782
f 3755//3755 3756//3756 3782//3782
f 3755//3755 3782//3782 3735//3735
f 3759//3759 3784//3784 3783//3783
f 3783//3783 3756//3756 3759//3759
f 3758//3758 3760//3760 3718//3718
f 3758//3758 3785//3785 3760//3760
f 3784//3784 3759//3759 3762//3762
f 3760//3760 3786//3786 3763//3763
f 3737//3737 3760//3760 3763//3763
f 3787//3787 3763//3763 3786//3786
f 3763//3763 3787//3787 3766//3766
f 3788//3788 3766//3766 3787//3787
f 3788//3788 3762//3762 3766//3766
f 3765//3765 3763//3763 3766//3766
f 3761//3761 3766//3766 3762//3762
f 3742//3742 3743//3743 3768//3768
f 3769//3769 3741//3741 3789//3789
f 3789//3789 3741//3741 3790//3790
f 3742//3742 3790//3790 3741//3741
f 3791//3791 3790//3790 3742//3742
f 3768//3768 3791//3791 3742//3742
f 3728//3728 3770//3770 3767//3767
f 3770//3770 3792//3792 3767//3767
f 3793//3793 3769//3769 3789//3789
f 3770//3770 3794//3794 3792//3792
f 3744//3744 3794//3794 3770//3770
f 3769//3769 3793//3793 3745//3745
f 3795//3795 3744//3744 3771//3771
f 3771//3771 3773//3773 3795//3795
f 3774//3774 3747//3747 3776//3776
f 3776//3776 3777//3777 3796//3796
f 3777//3777 3748//3748 3797//3797
f 3748//3748 3778//3778 3797//3797
f 3749//3749 3798//3798 3750//3750
f 3778//3778 3799//3799 3797//3797
f 3681//3681 3750//3750 3800//3800
f 3780//3780 3681//3681 3800//3800
f 3778//3778 3779//3779 3799//3799
f 3780//3780 3801//3801 3711//3711
f 3751//3751 3802//3802 3779//3779
f 3711//3711 3801//3801 3753//3753
f 3754//3754 3802//3802 3751//3751
f 3753//3753 3803//3803 3781//3781
f 3754//3754 3782//3782 3804//3804
f 3757//3757 3781//3781 3805//3805
f 3783//3783 3804//3804 3782//3782
f 3757//3757 3805//3805 3758//3758
f 3806//3806 3784//3784 3788//3788
f 3786//3786 3760//3760 3785//3785
f 3786//3786 3785//3785 3806//3806
f 3787//3787 3786//3786 3806//3806
f 3806//3806 3788//3788 3787//3787
f 3784//3784 3762//3762 3788//3788
f 3768//3768 3767//3767 3792//3792
f 3791//3791 3768//3768 3792//3792
f 3790//3790 3807//3807 3789//3789
f 3807//3807 3793//3793 3789//3789
f 3791//3791 3808//3808 3790//3790
f 3808//3808 3807//3807 3790//3790
f 3809//3809 3791//3791 3792//3792
f 3807//3807 3810//3810 3793//3793
f 3810//3810 3811//3811 3793//3793
f 3812//3812 3807//3807 3808//3808
f 3809//3809 3808//3808 3791//3791
f 3794//3794 3809//3809 3792//3792
f 3794//3794 3744//3744 3795//3795
f 3793//3793 3811//3811 3745//3745
f 3812//3812 3810//3810 3807//3807
f 3813//3813 3809//3809 3794//3794
f 3794//3794 3795//3795 3813//3813
f 3745//3745 3811//3811 3772//3772
f 3810//3810 3814//3814 3811//3811
f 3812//3812 3815//3815 3810//3810
f 3815//3815 3814//3814 3810//3810
f 3773//3773 3816//3816 3795//3795
f 3774//3774 3816//3816 3773//3773
f 3817//3817 3814//3814 3815//3815
f 3774//3774 3776//3776 3816//3816
f 3772//3772 3811//3811 3775//3775
f 3775//3775 3811//3811 3814//3814
f 3816//3816 3796//3796 3818//3818
f 3776//3776 3796//3796 3816//3816
f 3798//3798 3775//3775 3814//3814
f 3817//3817 3798//3798 3814//3814
f 3819//3819 3798//3798 3817//3817
f 3777//3777 3820//3820 3796//3796
f 3798//3798 3749//3749 3775//3775
f 3797//3797 3820//3820 3777//3777
f 3819//3819 3800//3800 3798//3798
f 3800//3800 3750//3750 3798//3798
f 3797//3797 3821//3821 3820//3820
f 3799//3799 3821//3821 3797//3797
f 3822//3822 3800//3800 3819//3819
f 3799//3799 3823//3823 3821//3821
f 3799//3799 3779//3779 3824//3824
f 3823//3823 3799//3799 3824//3824
f 3780//3780 3800//3800 3801//3801
f 3822//3822 3801//3801 3800//3800
f 3801//3801 3822//3822 3825//3825
f 3779//3779 3802//3802 3824//3824
f 3803//3803 3801//3801 3825//3825
f 3824//3824 3802//3802 3823//3823
f 3801//3801 3803//3803 3753//3753
f 3823//3823 3802//3802 3826//3826
f 3805//3805 3803//3803 3825//3825
f 3827//3827 3826//3826 3828//3828
f 3802//3802 3828//3828 3826//3826
f 3754//3754 3804//3804 3802//3802
f 3802//3802 3804//3804 3828//3828
f 3805//3805 3781//3781 3803//3803
f 3829//3829 3805//3805 3825//3825
f 3830//3830 3827//3827 3828//3828
f 3831//3831 3829//3829 3832//3832
f 3827//3827 3831//3831 3832//3832
f 3827//3827 3833//3833 3831//3831
f 3830//3830 3833//3833 3827//3827
f 3804//3804 3783//3783 3828//3828
f 3783//3783 3830//3830 3828//3828
f 3758//3758 3805//3805 3785//3785
f 3785//3785 3805//3805 3829//3829
f 3785//3785 3829//3829 3831//3831
f 3806//3806 3785//3785 3831//3831
f 3783//3783 3784//3784 3830//3830
f 3784//3784 3833//3833 3830//3830
f 3833//3833 3806//3806 3831//3831
f 3833//3833 3784//3784 3806//3806
f 3812//3812 3808//3808 3834//3834
f 3808//3808 3809//3809 3834//3834
f 3809//3809 3813//3813 3834//3834
f 3834//3834 3815//3815 3812//3812
f 3835//3835 3815//3815 3834//3834
f 3834//3834 3813//3813 3836//3836
f 3813//3813 3795//3795 3836//3836
f 3836//3836 3795//3795 3816//3816
f 3836//3836 3837//3837 3834//3834
f 3837//3837 3835//3835 3834//3834
f 3816//3816 3818//3818 3836//3836
f 3817//3817 3815//3815 3838//3838
f 3835//3835 3838//3838 3815//3815
f 3837//3837 3839//3839 3835//3835
f 3839//3839 3838//3838 3835//3835
f 3818//3818 3837//3837 3836//3836
f 3840//3840 3837//3837 3818//3818
f 3818//3818 3796//3796 3820//3820
f 3817//3817 3838//3838 3819//3819
f 3819//3819 3838//3838 3841//3841
f 3839//3839 3841//3841 3838//3838
f 3840//3840 3842//3842 3837//3837
f 3842//3842 3839//3839 3837//3837
f 3820//3820 3840//3840 3818//3818
f 3820//3820 3821//3821 3840//3840
f 3819//3819 3841//3841 3822//3822
f 3842//3842 3843//3843 3839//3839
f 3843//3843 3841//3841 3839//3839
f 3844//3844 3843//3843 3842//3842
f 3821//3821 3845//3845 3840//3840
f 3845//3845 3842//3842 3840//3840
f 3821//3821 3823//3823 3845//3845
f 3843//3843 3822//3822 3841//3841
f 3845//3845 3844//3844 3842//3842
f 3843//3843 3825//3825 3822//3822
f 3846//3846 3844//3844 3845//3845
f 3823//3823 3846//3846 3845//3845
f 3823//3823 3826//3826 3846//3846
f 3825//3825 3843//3843 3829//3829
f 3829//3829 3843//3843 3844//3844
f 3832//3832 3829//3829 3844//3844
f 3827//3827 3844//3844 3846//3846
f 3826//3826 3827//3827 3846//3846
f 3832//3832 3844//3844 3827//3827
