# Generated by Visualization Toolkit
v -208.01644897460938 -208.12673950195312 479.2907409667969
v -212.9186553955078 -208.18783569335938 479.076904296875
v -210.1860809326172 -207.21229553222656 479.6047668457031
v -216.90509033203125 -207.35028076171875 479.9498596191406
v -218.9623260498047 -208.09808349609375 479.17864990234375
v -221.75872802734375 -207.59811401367188 479.0833435058594
v -224.2288055419922 -208.72569274902344 479.2767333984375
v -224.03196716308594 -206.09634399414062 480.9156494140625
v -208.22372436523438 -208.70396423339844 479.34814453125
v -212.52650451660156 -208.96725463867188 479.1556396484375
v -217.33236694335938 -208.85377502441406 479.4152526855469
v -219.42144775390625 -209.37229919433594 479.1551513671875
v -222.2798614501953 -209.87803649902344 478.3739013671875
v -211.26104736328125 -209.77806091308594 480.0926208496094
v -216.95724487304688 -209.81198120117188 480.748291015625
v -221.9779815673828 -211.57168579101562 479.3321838378906
v -224.07879638671875 -211.50193786621094 479.524169921875
v -221.42543029785156 -213.41876220703125 482.37005615234375
v -223.78147888183594 -212.2147979736328 479.7430725097656
v -206.82264709472656 -204.73541259765625 482.05755615234375
v -207.27032470703125 -206.42578125 481.08062744140625
v -209.37855529785156 -205.52830505371094 481.5928955078125
v -204.76087951660156 -207.4150390625 482.46295166015625
v -205.42892456054688 -208.66677856445312 482.31121826171875
v -206.4940643310547 -207.59848022460938 480.9410400390625
v -204.6969451904297 -205.7893829345703 482.3630065917969
v -214.6731719970703 -205.2970428466797 482.0846252441406
v -218.0561065673828 -205.39163208007812 482.4298400878906
v -222.13204956054688 -205.1510467529297 481.7982177734375
v -227.33731079101562 -207.64805603027344 482.6717529296875
v -226.21356201171875 -206.3894500732422 482.04608154296875
v -226.56295776367188 -209.77883911132812 481.9339904785156
v -208.0355987548828 -210.0700225830078 481.54962158203125
v -209.78086853027344 -210.96176147460938 482.25201416015625
v -214.73922729492188 -211.16165161132812 482.6069030761719
v -218.92015075683594 -210.89830017089844 481.9919738769531
v -223.12730407714844 -214.0184326171875 482.13311767578125
v -224.53993225097656 -213.7588653564453 482.22509765625
v -195.9995574951172 -197.60528564453125 483.42803955078125
v -195.9320831298828 -195.31495666503906 483.57159423828125
v -195.2646026611328 -196.00595092773438 484.3388977050781
v -197.32958984375 -195.55615234375 483.4297790527344
v -197.31063842773438 -197.59909057617188 482.9529113769531
v -201.1968231201172 -198.4556121826172 483.9039306640625
v -202.06088256835938 -200.58274841308594 483.0148620605469
v -196.80072021484375 -198.83657836914062 484.0586853027344
v -199.1872100830078 -200.9670867919922 484.43048095703125
v -203.64395141601562 -199.83482360839844 484.1731872558594
v -206.1380157470703 -200.4591064453125 483.7253112792969
v -200.22564697265625 -202.30548095703125 483.7387390136719
v -200.8321990966797 -202.36920166015625 483.1520690917969
v -204.09022521972656 -203.90098571777344 482.4345703125
v -203.93466186523438 -202.14031982421875 482.5570068359375
v -208.04165649414062 -202.6663360595703 483.2800598144531
v -207.70303344726562 -200.56304931640625 484.5144958496094
v -209.310791015625 -201.24685668945312 485.7564697265625
v -201.1724395751953 -203.28994750976562 485.1278076171875
v -209.61199951171875 -202.48406982421875 484.4798278808594
v -210.38644409179688 -203.7803497314453 483.1227722167969
v -212.60067749023438 -200.85353088378906 485.494384765625
v -216.91468811035156 -203.83734130859375 484.0227966308594
v -215.3961639404297 -202.83755493164062 484.7082214355469
v -202.87803649902344 -204.90087890625 484.4903869628906
v -203.2027587890625 -204.6814727783203 483.325439453125
v -218.84835815429688 -203.69288635253906 484.55877685546875
v -222.13873291015625 -203.52792358398438 483.94854736328125
v -225.36859130859375 -204.17002868652344 484.14410400390625
v -223.17642211914062 -203.0753173828125 485.8189392089844
v -225.19970703125 -205.00930786132812 482.66912841796875
v -228.8856201171875 -205.2784423828125 483.3421936035156
v -228.1328582763672 -204.47421264648438 483.85894775390625
v -229.21844482421875 -203.6161651611328 485.44873046875
v -204.09413146972656 -206.4199981689453 483.9288635253906
v -229.2211151123047 -205.9814910888672 484.2184753417969
v -228.05331420898438 -208.22230529785156 484.2308654785156
v -207.06521606445312 -211.00125122070312 483.17108154296875
v -227.59228515625 -211.0774688720703 484.684814453125
v -205.39852905273438 -210.9890594482422 484.22784423828125
v -208.99937438964844 -212.97901916503906 483.6692199707031
v -210.90052795410156 -212.1150665283203 483.1236877441406
v -214.0174102783203 -212.2779541015625 483.5554504394531
v -218.23419189453125 -212.43402099609375 483.17962646484375
v -225.7725372314453 -213.77383422851562 483.1094055175781
v -226.48211669921875 -214.5522003173828 483.9407958984375
v -206.29635620117188 -212.86923217773438 484.26220703125
v -210.82716369628906 -213.69863891601562 483.5517272949219
v -213.77108764648438 -213.3871307373047 484.1084289550781
v -211.44581604003906 -216.92750549316406 483.45452880859375
v -214.9092559814453 -215.53575134277344 484.20697021484375
v -218.9654541015625 -215.62313842773438 483.6885070800781
v -222.52162170410156 -215.48257446289062 482.6809997558594
v -224.3278045654297 -215.47702026367188 482.73944091796875
v -205.7033233642578 -215.1358184814453 484.1191711425781
v -209.1858367919922 -217.0017852783203 483.57318115234375
v -223.11209106445312 -219.29835510253906 483.4055480957031
v -209.33746337890625 -218.35595703125 483.91162109375
v -211.0598602294922 -218.6042022705078 483.6445007324219
v -220.23680114746094 -217.14324951171875 484.1238708496094
v -224.6876678466797 -218.71900939941406 483.11865234375
v -226.6617431640625 -217.3511199951172 484.8140869140625
v -224.39060974121094 -220.61805725097656 483.9655456542969
v -226.28794860839844 -220.25888061523438 484.71856689453125
v -195.76844787597656 -194.3896942138672 484.7103576660156
v -195.67481994628906 -193.27606201171875 485.496337890625
v -194.59967041015625 -194.5220947265625 486.18621826171875
v -197.68190002441406 -192.9342803955078 485.6917419433594
v -199.19088745117188 -193.26669311523438 485.84588623046875
v -194.17762756347656 -195.37289428710938 485.6512451171875
v -199.60446166992188 -195.5509490966797 484.6447448730469
v -203.26536560058594 -194.55198669433594 487.30584716796875
v -195.24942016601562 -196.7294921875 485.9678039550781
v -202.51571655273438 -197.40187072753906 485.50103759765625
v -203.623779296875 -198.25125122070312 486.0762939453125
v -198.1113739013672 -199.3759002685547 485.5818786621094
v -204.58645629882812 -199.00123596191406 486.15740966796875
v -206.17674255371094 -199.2589111328125 485.6285705566406
v -207.68008422851562 -198.7754364013672 485.69580078125
v -208.99423217773438 -199.6632080078125 486.6009521484375
v -209.72665405273438 -200.2713165283203 485.71630859375
v -210.25758361816406 -201.6896514892578 485.07977294921875
v -201.7710723876953 -203.43548583984375 487.4691162109375
v -209.27389526367188 -200.82826232910156 487.45452880859375
v -214.8297119140625 -200.54885864257812 486.9196472167969
v -221.970947265625 -202.3975067138672 487.13580322265625
v -229.03077697753906 -202.02188110351562 488.070068359375
v -228.71853637695312 -203.49221801757812 486.2110900878906
v -203.44313049316406 -205.390625 485.880126953125
v -227.0009765625 -204.1892852783203 485.2012023925781
v -204.6366424560547 -207.23643493652344 486.0980224609375
v -228.5389862060547 -206.97525024414062 485.8408508300781
v -229.24005126953125 -204.67018127441406 485.64276123046875
v -204.6616973876953 -209.82119750976562 484.7460021972656
v -204.6326141357422 -209.98475646972656 485.6753845214844
v -228.22427368164062 -209.3868865966797 487.009521484375
v -204.73667907714844 -212.16697692871094 484.9350280761719
v -203.8856658935547 -212.4791259765625 486.0172424316406
v -202.7167510986328 -215.74205017089844 486.02398681640625
v -203.06692504882812 -215.97801208496094 485.46826171875
v -227.6934356689453 -217.01547241210938 487.4633483886719
v -203.7570343017578 -217.85858154296875 485.3350524902344
v -214.9345703125 -216.88951110839844 484.495361328125
v -217.2107696533203 -217.4158935546875 484.9776306152344
v -204.14413452148438 -219.42929077148438 486.4781494140625
v -207.7813262939453 -218.14019775390625 484.5280456542969
v -205.21844482421875 -218.50326538085938 485.189697265625
v -213.35739135742188 -218.78321838378906 484.990478515625
v -218.7847137451172 -218.0330047607422 486.0345764160156
v -220.424560546875 -218.08238220214844 484.9647216796875
v -203.64501953125 -220.28045654296875 485.65264892578125
v -206.24801635742188 -219.18942260742188 486.37298583984375
v -208.47947692871094 -219.31422424316406 485.8537292480469
v -210.7385711669922 -220.98101806640625 485.3976135253906
v -209.58941650390625 -220.34539794921875 485.9963073730469
v -212.25265502929688 -219.7684783935547 485.48077392578125
v -213.84742736816406 -219.54319763183594 486.55487060546875
v -215.5592803955078 -219.47486877441406 486.14251708984375
v -216.15252685546875 -219.5605010986328 487.0635681152344
v -221.78179931640625 -220.80657958984375 486.02313232421875
v -220.3706512451172 -218.97000122070312 486.3710021972656
v -226.82357788085938 -219.02281188964844 486.0589294433594
v -209.73355102539062 -221.87103271484375 486.5908203125
v -211.7587432861328 -220.77024841308594 486.5069274902344
v -223.43434143066406 -221.62884521484375 485.9342346191406
v -225.61380004882812 -221.71705627441406 486.0885009765625
v -210.7733612060547 -222.83143615722656 485.6941223144531
v -222.4021453857422 -221.64109802246094 487.45941162109375
v -194.55947875976562 -193.08615112304688 487.7840270996094
v -197.69387817382812 -191.2411346435547 488.8290100097656
v -198.7668914794922 -191.3766326904297 488.0042419433594
v -201.91941833496094 -192.9007568359375 487.4457702636719
v -200.52139282226562 -191.32843017578125 488.0356750488281
v -203.3481903076172 -191.1220245361328 488.5502014160156
v -194.0857391357422 -194.4537353515625 488.813720703125
v -194.61866760253906 -195.60240173339844 487.8982238769531
v -195.71896362304688 -196.671630859375 488.7288818359375
v -205.217041015625 -198.28472900390625 488.2694396972656
v -197.88424682617188 -197.7496337890625 489.7481994628906
v -199.99598693847656 -198.7167510986328 490.4910583496094
v -200.76568603515625 -199.97906494140625 489.9037780761719
v -207.5920867919922 -199.3452911376953 487.3938293457031
v -209.39370727539062 -200.76837158203125 486.9115905761719
v -210.2692413330078 -199.75613403320312 487.5509948730469
v -212.5886688232422 -199.5874481201172 487.3121032714844
v -218.50001525878906 -201.80072021484375 487.8818054199219
v -216.97071838378906 -199.64588928222656 488.3512268066406
v -200.8074951171875 -201.21876525878906 488.1385498046875
v -223.9106903076172 -202.44947814941406 488.52337646484375
v -229.2057342529297 -202.8571014404297 488.7844543457031
v -203.98902893066406 -205.39785766601562 486.9361877441406
v -225.7194061279297 -203.90879821777344 488.5633239746094
v -226.9059295654297 -204.4044952392578 487.1733703613281
v -228.59841918945312 -204.24732971191406 486.852294921875
v -227.9361114501953 -205.65960693359375 487.53173828125
v -228.015625 -207.30662536621094 488.6474304199219
v -205.1184539794922 -209.87098693847656 486.6729431152344
v -206.27235412597656 -208.38287353515625 488.1552429199219
v -206.68617248535156 -209.72433471679688 488.59967041015625
v -204.96798706054688 -211.430908203125 487.0079040527344
v -206.61219787597656 -212.38108825683594 488.14990234375
v -228.5939178466797 -212.53831481933594 489.6050109863281
v -203.10118103027344 -214.43637084960938 486.856201171875
v -204.16001892089844 -214.18695068359375 487.8421630859375
v -203.75567626953125 -216.28082275390625 487.9591064453125
v -205.30519104003906 -218.10726928710938 488.34051513671875
v -228.04736328125 -217.18006896972656 489.96429443359375
v -207.21189880371094 -218.69699096679688 488.774169921875
v -208.4309844970703 -219.42654418945312 487.65789794921875
v -209.2498779296875 -220.7010498046875 487.90771484375
v -212.6929168701172 -219.99147033691406 487.8681945800781
v -218.5460205078125 -219.2284698486328 488.44287109375
v -216.9229736328125 -220.0475616455078 488.18475341796875
v -220.15647888183594 -219.01116943359375 487.98504638671875
v -208.49742126464844 -221.43479919433594 488.026123046875
v -211.99667358398438 -221.62753295898438 487.8837890625
v -226.79005432128906 -219.16754150390625 488.5025939941406
v -210.87130737304688 -222.337158203125 487.5536804199219
v -224.18431091308594 -221.79055786132812 487.7835998535156
v -225.29730224609375 -221.5174560546875 487.5972595214844
v -209.529052734375 -184.6185302734375 489.2366638183594
v -211.24618530273438 -183.9398193359375 489.62359619140625
v -209.40475463867188 -182.64382934570312 490.04254150390625
v -198.64772033691406 -186.8756103515625 489.8100280761719
v -200.2558135986328 -187.43511962890625 489.1282653808594
v -199.5369415283203 -185.89907836914062 490.4449462890625
v -202.1700897216797 -184.4378662109375 490.4369201660156
v -204.99581909179688 -186.66632080078125 489.2292175292969
v -202.6263885498047 -187.75437927246094 489.0019226074219
v -208.81581115722656 -188.7447509765625 488.62841796875
v -211.04525756835938 -187.68252563476562 489.2533264160156
v -198.85467529296875 -189.7700958251953 489.16925048828125
v -198.01129150390625 -189.6455078125 490.51873779296875
v -205.8334503173828 -190.44664001464844 488.79876708984375
v -211.79750061035156 -191.04473876953125 489.03582763671875
v -213.3348846435547 -188.35983276367188 490.2787170410156
v -197.28494262695312 -191.0411834716797 490.33062744140625
v -210.12684631347656 -191.6892852783203 488.7083740234375
v -195.2333221435547 -192.56341552734375 490.020263671875
v -206.44314575195312 -193.20013427734375 488.95391845703125
v -204.98611450195312 -193.47128295898438 488.5801696777344
v -210.54115295410156 -195.59432983398438 489.23193359375
v -212.2119903564453 -194.85629272460938 489.72979736328125
v -214.88330078125 -191.8893585205078 490.5220947265625
v -194.9278564453125 -196.17413330078125 491.84716796875
v -207.18052673339844 -197.11602783203125 489.356689453125
v -224.98934936523438 -194.911865234375 490.52618408203125
v -223.50387573242188 -194.11087036132812 489.5594482421875
v -224.83998107910156 -196.05401611328125 489.8791809082031
v -222.83706665039062 -194.75640869140625 489.1368103027344
v -210.27764892578125 -197.15863037109375 489.162109375
v -213.25257873535156 -196.3621826171875 490.3486328125
v -213.33963012695312 -197.5383758544922 489.3428039550781
v -214.92837524414062 -197.61712646484375 491.03125
v -217.12176513671875 -197.50718688964844 489.06646728515625
v -218.14784240722656 -195.77687072753906 489.1885681152344
v -216.87342834472656 -195.9771270751953 489.8848571777344
v -215.8804168701172 -197.52651977539062 490.47174072265625
v -222.5624237060547 -195.46730041503906 489.6451721191406
v -223.42437744140625 -197.5583953857422 490.34149169921875
v -223.62892150878906 -197.29051208496094 489.567626953125
v -207.96620178222656 -198.78506469726562 488.79498291015625
v -209.55540466308594 -198.753662109375 488.897705078125
v -212.97402954101562 -198.4578857421875 488.4355163574219
v -215.1346893310547 -197.78550720214844 490.3814697265625
v -215.45449829101562 -198.4273681640625 488.8295593261719
v -218.56622314453125 -198.80038452148438 489.3043518066406
v -218.8088836669922 -198.1825714111328 490.6341552734375
v -223.2610321044922 -199.24900817871094 489.6675720214844
v -219.90621948242188 -199.2529296875 490.7670593261719
v -220.24900817871094 -200.25119018554688 489.2829895019531
v -222.68582153320312 -200.26400756835938 490.199462890625
v -201.8053436279297 -201.1756591796875 489.861083984375
v -202.6605682373047 -201.75428771972656 489.784912109375
v -220.89068603515625 -201.27142333984375 488.5269470214844
v -224.4307403564453 -201.7222137451172 490.3609313964844
v -228.36190795898438 -199.45285034179688 490.029541015625
v -204.54421997070312 -202.14268493652344 490.2721252441406
v -204.18284606933594 -203.89889526367188 488.91571044921875
v -205.46974182128906 -203.68724060058594 490.4114074707031
v -225.3214569091797 -203.24307250976562 491.45391845703125
v -226.21157836914062 -204.94972229003906 490.6871337890625
v -227.71426391601562 -207.36752319335938 491.14227294921875
v -228.5753173828125 -209.52879333496094 490.2330017089844
v -208.2759552001953 -210.5415802001953 491.6343994140625
v -208.33876037597656 -212.3699493408203 489.6460266113281
v -209.20950317382812 -213.98365783691406 489.46282958984375
v -208.91900634765625 -214.5709991455078 489.1866455078125
v -208.81765747070312 -218.11940002441406 490.1237487792969
v -209.59739685058594 -218.65463256835938 491.7534484863281
v -208.75479125976562 -219.214599609375 489.4845886230469
v -209.36703491210938 -220.154296875 490.782958984375
v -214.37278747558594 -220.46566772460938 488.1282958984375
v -219.1620330810547 -219.6745147705078 490.1394958496094
v -219.9466552734375 -218.88592529296875 489.89013671875
v -221.55166625976562 -219.7598419189453 489.2732238769531
v -224.7778778076172 -219.18289184570312 491.1817626953125
v -226.0261688232422 -219.37255859375 489.9432067871094
v -227.68548583984375 -217.66456604003906 491.28887939453125
v -209.65560913085938 -221.5435333251953 490.1646728515625
v -215.40928649902344 -221.09812927246094 488.2221374511719
v -217.48272705078125 -221.6030731201172 489.6341552734375
v -218.72848510742188 -221.74375915527344 491.1612243652344
v -222.928955078125 -219.8417510986328 490.393310546875
v -210.51931762695312 -222.35452270507812 489.93212890625
v -213.6409912109375 -222.54739379882812 491.2183837890625
v -214.0899658203125 -221.92962646484375 489.3206787109375
v -215.97479248046875 -223.18214416503906 491.2970275878906
v -200.9128875732422 -181.42776489257812 492.03192138671875
v -204.59014892578125 -180.94573974609375 491.216796875
v -204.02383422851562 -179.1726531982422 492.5010986328125
v -200.16111755371094 -180.8373260498047 492.8362731933594
v -206.38108825683594 -180.03997802734375 492.0168762207031
v -210.36427307128906 -181.34774780273438 491.1434020996094
v -210.6298065185547 -180.66864013671875 492.1388244628906
v -213.1675567626953 -183.1619873046875 491.150634765625
v -214.1064910888672 -183.23248291015625 492.4051818847656
v -200.47918701171875 -184.2639923095703 491.2235412597656
v -199.61988830566406 -184.61106872558594 492.28240966796875
v -214.53262329101562 -185.96189880371094 490.7605895996094
v -216.6089630126953 -186.349609375 491.520263671875
v -216.13938903808594 -185.0997314453125 493.1132507324219
v -198.40440368652344 -186.75631713867188 491.1220397949219
v -218.17263793945312 -186.73057556152344 492.2926025390625
v -197.96026611328125 -189.56512451171875 492.6725158691406
v -215.7589569091797 -189.10781860351562 490.846435546875
v -219.83290100097656 -190.47695922851562 491.6855163574219
v -197.05450439453125 -191.40321350097656 492.6805114746094
v -217.36866760253906 -192.1345672607422 490.79541015625
v -218.3372039794922 -191.16500854492188 490.9059143066406
v -216.02340698242188 -192.8365020751953 491.0751647949219
v -220.049560546875 -193.0009765625 490.2865905761719
v -221.7919464111328 -193.0789794921875 490.82763671875
v -222.23233032226562 -191.99339294433594 492.0354309082031
v -224.23260498046875 -193.04078674316406 491.50238037109375
v -194.05593872070312 -193.97361755371094 494.5105895996094
v -193.95143127441406 -194.64169311523438 492.07171630859375
v -214.63525390625 -194.4427032470703 491.5298156738281
v -216.5312042236328 -194.32164001464844 491.98486328125
v -218.4223175048828 -194.23971557617188 491.3326721191406
v -221.4978485107422 -194.48223876953125 490.6564025878906
v -225.3599395751953 -194.6063690185547 492.2544250488281
v -214.24575805664062 -195.62896728515625 491.7017822265625
v -215.4286651611328 -195.65408325195312 493.61492919921875
v -216.66639709472656 -195.55673217773438 493.2529296875
v -218.7630157470703 -195.72386169433594 493.09259033203125
v -216.93234252929688 -195.78677368164062 491.6944274902344
v -219.76864624023438 -195.44692993164062 491.2088928222656
v -219.2981719970703 -195.49668884277344 491.95941162109375
v -220.39126586914062 -195.99853515625 491.99310302734375
v -221.29205322265625 -195.67015075683594 492.8639221191406
v -222.6585235595703 -195.39260864257812 491.7238464355469
v -223.1750946044922 -196.19760131835938 491.17950439453125
v -226.24154663085938 -196.8034210205078 492.177734375
v -215.11488342285156 -196.51100158691406 491.3027648925781
v -218.55914306640625 -195.93899536132812 491.502197265625
v -219.33775329589844 -197.0722198486328 491.2584228515625
v -197.57086181640625 -197.57705688476562 492.1533508300781
v -199.49546813964844 -198.46527099609375 492.7059020996094
v -215.1892547607422 -198.9003143310547 492.8381042480469
v -215.4972381591797 -198.16964721679688 492.18011474609375
v -216.77017211914062 -198.3685302734375 491.55975341796875
v -218.49609375 -198.28280639648438 492.0077819824219
v -218.4645233154297 -199.01727294921875 491.7804260253906
v -220.74220275878906 -197.17800903320312 493.01629638671875
v -225.14561462402344 -197.4819793701172 491.9175720214844
v -201.43045043945312 -200.29991149902344 492.29974365234375
v -215.99205017089844 -199.53929138183594 492.9874572753906
v -222.80870056152344 -199.97389221191406 492.00689697265625
v -202.82241821289062 -200.67909240722656 491.9242248535156
v -204.5506591796875 -200.92147827148438 491.5545654296875
v -206.2781524658203 -201.8960418701172 491.9124755859375
v -224.29006958007812 -201.686767578125 492.5908203125
v -206.779541015625 -204.98635864257812 492.16162109375
v -225.74339294433594 -205.46383666992188 492.39666748046875
v -228.8869171142578 -209.381103515625 492.1513366699219
v -228.6713104248047 -210.86996459960938 491.4878845214844
v -228.81344604492188 -212.80441284179688 492.1051940917969
v -209.3483123779297 -214.29098510742188 491.7650451660156
v -228.31016540527344 -214.1140594482422 491.40618896484375
v -220.10394287109375 -217.74623107910156 490.8140869140625
v -219.39759826660156 -218.65342712402344 491.2248229980469
v -219.8485870361328 -217.4869842529297 490.9086608886719
v -224.38909912109375 -218.39678955078125 492.349609375
v -227.07716369628906 -216.9710235595703 492.1542053222656
v -209.4680633544922 -219.7923583984375 492.155517578125
v -222.0172576904297 -218.92062377929688 492.0491027832031
v -222.65338134765625 -219.66258239746094 492.1613464355469
v -210.91099548339844 -222.79054260253906 492.0762023925781
v -211.8845977783203 -222.57984924316406 491.4600524902344
v -216.04116821289062 -223.2848358154297 492.0543518066406
v -217.57423400878906 -222.5565185546875 491.4971618652344
v -205.792236328125 -178.8697967529297 493.2344970703125
v -203.3614501953125 -178.86456298828125 493.4662780761719
v -200.12152099609375 -180.67628479003906 493.60748291015625
v -207.5646209716797 -179.50308227539062 494.1902160644531
v -210.9795684814453 -180.3894500732422 493.421630859375
v -199.63943481445312 -185.61669921875 493.4488525390625
v -214.7717742919922 -183.87429809570312 494.5810546875
v -198.65061950683594 -187.3549346923828 492.8147277832031
v -218.45004272460938 -186.70187377929688 493.1400146484375
v -199.22340393066406 -189.64300537109375 494.91650390625
v -221.40414428710938 -190.06166076660156 493.2908935546875
v -219.64779663085938 -188.04388427734375 493.8690490722656
v -223.1917266845703 -190.8930206298828 495.1520080566406
v -224.50311279296875 -192.4426727294922 492.835693359375
v -193.46762084960938 -195.45135498046875 495.34027099609375
v -226.60084533691406 -193.97357177734375 494.3111267089844
v -225.90127563476562 -192.56182861328125 494.9781494140625
v -219.7234344482422 -196.30587768554688 494.1457824707031
v -220.05213928222656 -195.7497100830078 493.03515625
v -221.42294311523438 -196.4002685546875 493.887939453125
v -220.6544952392578 -196.30946350097656 494.3495788574219
v -222.86685180664062 -195.51336669921875 494.1913757324219
v -224.5789031982422 -195.264892578125 493.4852294921875
v -225.03128051757812 -196.05076599121094 492.4193420410156
v -227.62831115722656 -194.17860412597656 496.0258483886719
v -194.40707397460938 -196.71742248535156 493.77655029296875
v -220.07955932617188 -196.25198364257812 492.9255065917969
v -221.17660522460938 -196.89666748046875 494.1050109863281
v -196.35789489746094 -197.95741271972656 493.6692810058594
v -198.80621337890625 -198.60313415527344 493.65142822265625
v -215.29942321777344 -198.4958038330078 494.70758056640625
v -217.75025939941406 -198.34146118164062 493.5538024902344
v -219.51296997070312 -197.8729248046875 493.8351135253906
v -200.17953491210938 -200.23822021484375 494.3957824707031
v -204.7534637451172 -199.10440063476562 494.1486511230469
v -204.70196533203125 -199.3099365234375 492.5094299316406
v -204.0964813232422 -199.5919952392578 492.8408508300781
v -206.177734375 -199.8607940673828 493.92156982421875
v -221.39256286621094 -200.17672729492188 493.7581787109375
v -223.02769470214844 -200.68980407714844 493.6083068847656
v -201.84552001953125 -200.46902465820312 494.01507568359375
v -209.21661376953125 -200.82327270507812 496.30572509765625
v -209.3787384033203 -202.32174682617188 495.3243713378906
v -215.3939208984375 -201.8957061767578 493.9549255371094
v -217.19544982910156 -200.4131622314453 493.7572326660156
v -218.19454956054688 -202.15814208984375 493.94512939453125
v -222.82618713378906 -202.94662475585938 494.9709777832031
v -224.2135772705078 -202.5762176513672 493.8531188964844
v -207.8953857421875 -205.0763397216797 493.8301696777344
v -223.91085815429688 -204.96287536621094 494.8046875
v -224.90940856933594 -206.14430236816406 493.6645812988281
v -209.4783477783203 -208.54991149902344 493.4205322265625
v -210.0023956298828 -205.05593872070312 494.6883544921875
v -210.7277069091797 -208.35675048828125 493.71234130859375
v -214.19424438476562 -208.39019775390625 493.4800109863281
v -213.2522430419922 -205.7913818359375 494.4739074707031
v -225.36453247070312 -207.7787322998047 493.5343933105469
v -208.8876190185547 -210.34535217285156 492.6159973144531
v -214.8131103515625 -210.1595458984375 493.1519470214844
v -210.72984313964844 -210.77847290039062 493.43853759765625
v -214.37046813964844 -211.83773803710938 492.6964416503906
v -217.2762451171875 -209.0525665283203 494.4498596191406
v -218.3904571533203 -211.95120239257812 493.068359375
v -219.3368682861328 -208.3328399658203 495.00164794921875
v -222.88247680664062 -211.0911407470703 493.3753967285156
v -227.68544006347656 -210.3130340576172 492.7375793457031
v -225.06973266601562 -209.79898071289062 493.50994873046875
v -209.7744140625 -212.69334411621094 492.93267822265625
v -210.5258026123047 -212.1774139404297 493.937255859375
v -211.98167419433594 -212.51881408691406 493.2577819824219
v -225.65078735351562 -214.14736938476562 492.97149658203125
v -227.55447387695312 -212.907958984375 492.7288513183594
v -210.78616333007812 -213.98712158203125 493.4187927246094
v -214.86929321289062 -213.395751953125 492.6470031738281
v -218.52345275878906 -214.90972900390625 492.8433532714844
v -210.02223205566406 -215.70962524414062 492.94891357421875
v -210.50997924804688 -215.44732666015625 493.79248046875
v -212.13111877441406 -216.072998046875 493.4718017578125
v -215.7376708984375 -215.6470489501953 493.0121154785156
v -222.87704467773438 -217.20657348632812 492.9212646484375
v -225.8483123779297 -216.39263916015625 492.6990051269531
v -210.9852294921875 -217.20361328125 493.4372253417969
v -216.88046264648438 -216.82826232910156 493.2382507324219
v -219.7425079345703 -217.03231811523438 492.5331115722656
v -210.9912872314453 -218.22361755371094 493.9106750488281
v -211.66708374023438 -218.57736206054688 494.1325988769531
v -213.84434509277344 -218.33013916015625 493.7730407714844
v -216.257568359375 -218.5556182861328 494.1133117675781
v -217.01556396484375 -218.6215057373047 493.8932800292969
v -218.23703002929688 -218.13760375976562 492.88812255859375
v -213.30133056640625 -220.21725463867188 493.5263671875
v -218.39134216308594 -220.73602294921875 492.3993225097656
v -213.25779724121094 -221.5274658203125 492.8590087890625
v -216.34027099609375 -221.3850555419922 493.1827087402344
v -203.29379272460938 -179.29966735839844 494.32635498046875
v -203.54217529296875 -180.69041442871094 496.07073974609375
v -205.27159118652344 -180.3718719482422 497.35992431640625
v -207.05149841308594 -179.50917053222656 495.9423522949219
v -210.3003387451172 -180.02053833007812 496.4696960449219
v -211.9388427734375 -180.77740478515625 496.1158752441406
v -203.33653259277344 -181.99041748046875 496.6713562011719
v -200.54611206054688 -183.47317504882812 494.67376708984375
v -213.0785369873047 -181.9868927001953 497.5697021484375
v -203.62979125976562 -183.2850799560547 497.1683654785156
v -200.50201416015625 -186.87847900390625 494.6243591308594
v -202.72010803222656 -188.0614776611328 496.14837646484375
v -215.5341339111328 -185.15155029296875 496.31744384765625
v -218.5268096923828 -187.4197235107422 496.1182861328125
v -202.0676727294922 -189.5873260498047 496.30987548828125
v -199.60897827148438 -190.7357177734375 496.1117248535156
v -197.9335479736328 -191.35643005371094 495.23260498046875
v -223.12767028808594 -190.6864776611328 498.46636962890625
v -195.868896484375 -192.82369995117188 495.9378662109375
v -227.11422729492188 -193.13009643554688 497.70330810546875
v -193.9141845703125 -194.81471252441406 496.6502380371094
v -223.21539306640625 -195.2633056640625 497.7685241699219
v -227.0818328857422 -194.80030822753906 498.0008239746094
v -193.25527954101562 -197.18357849121094 495.30157470703125
v -192.40103149414062 -197.21649169921875 497.3298645019531
v -192.58412170410156 -197.98304748535156 495.91290283203125
v -220.33056640625 -196.95169067382812 494.24072265625
v -219.43038940429688 -197.2911834716797 495.5351257324219
v -220.43089294433594 -196.3594970703125 496.0307922363281
v -194.45196533203125 -198.85952758789062 494.8428039550781
v -213.86190795898438 -199.40896606445312 494.8427734375
v -212.12844848632812 -199.02377319335938 497.05328369140625
v -213.79962158203125 -198.31668090820312 496.8282165527344
v -217.6736297607422 -197.78099060058594 496.7898864746094
v -194.819580078125 -201.52833557128906 496.7311096191406
v -196.66746520996094 -201.40896606445312 495.7117614746094
v -203.6318359375 -198.64613342285156 496.34320068359375
v -206.03550720214844 -199.04034423828125 495.77288818359375
v -208.06065368652344 -199.13934326171875 497.4011535644531
v -211.3233184814453 -200.97193908691406 496.6534423828125
v -214.64210510253906 -200.38018798828125 494.15985107421875
v -198.0493621826172 -201.7877655029297 496.2955322265625
v -198.91026306152344 -201.8037872314453 495.8641357421875
v -200.1612091064453 -201.05699157714844 495.86700439453125
v -200.97372436523438 -200.3273468017578 498.6405334472656
v -210.2427520751953 -200.70867919921875 497.1783142089844
v -212.42562866210938 -201.88272094726562 495.4930725097656
v -221.41229248046875 -202.4639892578125 494.88470458984375
v -197.3151092529297 -202.3152618408203 496.9313049316406
v -208.43641662597656 -203.63511657714844 494.2218017578125
v -211.06639099121094 -202.94078063964844 495.530517578125
v -213.5923614501953 -203.76844787597656 494.97705078125
v -215.75161743164062 -204.0297393798828 494.603515625
v -219.29443359375 -204.8719940185547 494.9313659667969
v -215.4672088623047 -205.70188903808594 494.8279113769531
v -221.70181274414062 -204.65179443359375 495.4195861816406
v -222.634765625 -204.760498046875 496.0262145996094
v -221.060546875 -206.46214294433594 495.2177429199219
v -222.92251586914062 -206.0345001220703 495.03265380859375
v -208.82508850097656 -180.02915954589844 497.65576171875
v -211.43777465820312 -180.923828125 498.26593017578125
v -215.1720733642578 -185.65451049804688 497.8701477050781
v -203.57659912109375 -187.1367950439453 496.9663391113281
v -217.0110321044922 -187.14068603515625 498.0830078125
v -219.12232971191406 -188.20172119140625 498.3770751953125
v -202.74337768554688 -191.17042541503906 498.2674560546875
v -196.77195739746094 -193.16197204589844 498.5055236816406
v -195.16958618164062 -194.26644897460938 497.90625
v -227.80323791503906 -194.299072265625 499.1432800292969
v -193.8399200439453 -195.62855529785156 498.9421081542969
v -220.2528533935547 -195.61573791503906 499.6928405761719
v -192.55943298339844 -197.13853454589844 499.3362731933594
v -206.38710021972656 -197.89430236816406 499.55645751953125
v -209.20265197753906 -198.1266326904297 499.9782409667969
v -211.37953186035156 -198.07821655273438 499.531982421875
v -192.93959045410156 -201.17677307128906 499.4745178222656
v -198.93258666992188 -201.6258087158203 497.9338684082031
v -194.57568359375 -202.28335571289062 499.4183349609375
v -208.6273651123047 -181.08624267578125 499.2650451660156
v -206.89292907714844 -181.85984802246094 499.484375
v -205.83248901367188 -183.80384826660156 499.9320983886719
v -210.51925659179688 -182.6232452392578 499.9186096191406
v -212.69677734375 -182.3509521484375 498.6397399902344
v -207.29782104492188 -183.38673400878906 500.3733215332031
v -213.0839080810547 -184.2841796875 499.2500915527344
v -212.59906005859375 -185.71380615234375 499.8342590332031
v -205.18240356445312 -189.6754913330078 499.5571594238281
v -206.170654296875 -185.71380615234375 500.3036804199219
v -215.26109313964844 -187.00181579589844 499.3030700683594
v -214.4311065673828 -187.99234008789062 500.17059326171875
v -218.29953002929688 -188.28627014160156 499.5497131347656
v -222.1722412109375 -190.26287841796875 499.54132080078125
v -203.54185485839844 -192.05824279785156 499.5229797363281
v -226.60325622558594 -192.96087646484375 500.1254577636719
v -199.3616943359375 -193.03807067871094 499.717529296875
v -197.73391723632812 -193.969970703125 499.89013671875
v -196.12506103515625 -195.3603057861328 499.8561706542969
v -222.87600708007812 -194.75401306152344 500.08612060546875
v -226.71009826660156 -194.59091186523438 499.56158447265625
v -193.41098022460938 -196.8137969970703 500.02838134765625
v -215.62416076660156 -196.80245971679688 500.37213134765625
v -192.2761993408203 -198.90447998046875 499.4756774902344
v -203.4598388671875 -198.5769805908203 499.0546569824219
v -210.3725128173828 -199.1225128173828 498.526123046875
v -212.32125854492188 -197.12599182128906 501.57928466796875
v -192.67471313476562 -201.66595458984375 500.452392578125
v -202.60250854492188 -199.3310089111328 500.4586181640625
v -197.22457885742188 -202.21449279785156 499.44647216796875
v -208.17137145996094 -185.48538208007812 500.5794372558594
v -208.0699462890625 -189.28042602539062 500.9468688964844
v -206.78404235839844 -191.13902282714844 500.7083435058594
v -217.99365234375 -189.03086853027344 500.3199462890625
v -209.96571350097656 -191.05508422851562 501.2203369140625
v -215.392822265625 -191.23800659179688 500.8805236816406
v -221.6768798828125 -190.6706085205078 500.6374816894531
v -204.01414489746094 -192.92520141601562 500.2999267578125
v -206.88710021972656 -193.2256622314453 501.342529296875
v -209.72314453125 -192.24681091308594 501.6234436035156
v -213.11795043945312 -192.4326171875 501.5183410644531
v -220.8639373779297 -192.47752380371094 501.6974182128906
v -225.66534423828125 -192.9606475830078 500.7324523925781
v -205.38621520996094 -195.71517944335938 502.3663635253906
v -209.73764038085938 -193.54989624023438 502.51934814453125
v -212.40919494628906 -193.10218811035156 502.2791748046875
v -220.18743896484375 -193.2809295654297 502.59844970703125
v -222.5713348388672 -194.19786071777344 502.67938232421875
v -223.18524169921875 -193.82835388183594 500.9978332519531
v -226.956298828125 -193.92881774902344 500.4919738769531
v -199.30015563964844 -196.5435333251953 501.3780822753906
v -201.96299743652344 -195.27914428710938 501.4381103515625
v -216.8553009033203 -195.87205505371094 501.5341796875
v -221.23045349121094 -194.8598175048828 503.0389404296875
v -193.0089111328125 -198.72039794921875 500.7855224609375
v -201.7975616455078 -196.35633850097656 502.4690856933594
v -215.29769897460938 -196.1304931640625 503.6359558105469
v -215.87802124023438 -196.19178771972656 502.3272399902344
v -195.06532287597656 -198.8723602294922 501.7436828613281
v -198.35289001464844 -198.2439422607422 502.4751281738281
v -206.09146118164062 -198.24415588378906 501.8855285644531
v -210.8059844970703 -197.82803344726562 501.7320251464844
v -194.30392456054688 -200.42056274414062 501.60687255859375
v -195.69644165039062 -200.572998046875 503.30474853515625
v -196.67420959472656 -199.8141632080078 503.4808349609375
v -199.334716796875 -200.60061645507812 502.54278564453125
v -203.27529907226562 -199.53977966308594 502.2096862792969
v -195.63272094726562 -201.72328186035156 501.0770568847656
v -198.08126831054688 -200.6123809814453 503.8354187011719
v -211.0837860107422 -195.13145446777344 505.3988342285156
v -214.1503448486328 -194.07264709472656 504.3240966796875
v -218.59947204589844 -194.36105346679688 504.7473449707031
v -222.7021026611328 -194.29869079589844 503.81646728515625
v -208.70318603515625 -195.63406372070312 504.8416442871094
v -219.531494140625 -195.40579223632812 504.0584411621094
v -213.2050323486328 -197.10824584960938 503.2940673828125
v -214.3599853515625 -196.46986389160156 504.6849670410156
v -216.9528350830078 -196.30931091308594 503.834228515625
v -218.32574462890625 -196.48931884765625 504.6563720703125
v -225.91262817382812 -194.09628295898438 503.4462890625
v -225.0383758544922 -195.9872589111328 504.8407287597656
v -226.4696807861328 -195.90994262695312 503.9557189941406
v -227.7309112548828 -197.1085662841797 504.8221435546875
v -228.22434997558594 -196.32833862304688 505.3551330566406
v -200.9019775390625 -198.39627075195312 505.3932800292969
v -208.40972900390625 -198.74603271484375 503.6412658691406
v -211.1393280029297 -198.54075622558594 503.62677001953125
v -213.09274291992188 -197.9465789794922 503.78759765625
v -195.91879272460938 -200.55548095703125 503.8929443359375
v -200.33673095703125 -200.7662353515625 503.98150634765625
v -202.5953826904297 -200.6097412109375 503.88519287109375
v -205.18568420410156 -200.5172576904297 504.814453125
v -216.24684143066406 -194.612060546875 504.9061279296875
v -220.0939178466797 -194.66949462890625 504.6236877441406
v -213.31349182128906 -195.36300659179688 505.4057922363281
v -214.80209350585938 -195.17478942871094 504.88671875
v -216.15802001953125 -196.1703643798828 505.2641906738281
v -217.51803588867188 -195.9604949951172 506.3179016113281
v -218.3299102783203 -195.91958618164062 506.2969665527344
v -219.29641723632812 -196.34722900390625 505.6018981933594
v -227.02381896972656 -194.89463806152344 505.4127502441406
v -224.92050170898438 -195.7698974609375 505.5423889160156
v -202.83676147460938 -197.4836883544922 504.98675537109375
v -206.14456176757812 -197.10780334472656 505.25506591796875
v -211.37692260742188 -195.98199462890625 506.2373352050781
v -214.1915283203125 -196.55462646484375 506.2106628417969
v -215.4388885498047 -197.78639221191406 505.0742492675781
v -215.4332275390625 -196.75904846191406 505.9525451660156
v -216.9840087890625 -197.57763671875 505.0146789550781
v -220.50230407714844 -197.40570068359375 506.17156982421875
v -222.06927490234375 -197.19754028320312 506.12786865234375
v -225.39572143554688 -197.14337158203125 505.2081298828125
v -230.5843963623047 -199.05422973632812 505.9554748535156
v -202.12310791015625 -198.587158203125 506.4658203125
v -206.36184692382812 -198.10250854492188 506.2029724121094
v -207.927978515625 -200.1040496826172 505.38580322265625
v -214.1686248779297 -198.99876403808594 504.7466125488281
v -216.784912109375 -199.11956787109375 505.4572448730469
v -225.1976776123047 -197.62826538085938 505.982421875
v -227.47268676757812 -198.72877502441406 506.51983642578125
v -230.35365295410156 -200.04225158691406 506.0541687011719
v -198.426513671875 -199.85183715820312 504.6441955566406
v -199.48812866210938 -200.62115478515625 505.4679870605469
v -200.4507293701172 -200.69496154785156 506.5953063964844
v -213.18939208984375 -200.20606994628906 505.3985595703125
v -215.46047973632812 -200.53128051757812 505.9166564941406
v -217.45791625976562 -199.16432189941406 506.1321716308594
v -200.228271484375 -201.86705017089844 505.25262451171875
v -198.40577697753906 -201.8345489501953 505.9105529785156
v -202.69476318359375 -202.98207092285156 506.1728210449219
v -206.01622009277344 -200.4401092529297 506.1687316894531
v -197.23776245117188 -202.3284149169922 505.913818359375
v -198.49258422851562 -203.03933715820312 505.8160400390625
v -200.50253295898438 -203.53224182128906 506.17376708984375
v -225.7288818359375 -196.3084716796875 506.43170166015625
v -227.7821502685547 -196.12277221679688 506.39044189453125
v -215.4013671875 -197.5768585205078 506.8536682128906
v -211.05288696289062 -197.69064331054688 506.8045654296875
v -217.73587036132812 -197.38818359375 506.94073486328125
v -227.429443359375 -197.83641052246094 506.8586120605469
v -206.8463592529297 -199.09451293945312 506.6244201660156
v -202.7718048095703 -199.81927490234375 507.0422058105469
v -208.90895080566406 -199.8802490234375 506.77423095703125
v -216.80776977539062 -198.57723999023438 506.8430480957031
v -205.0900421142578 -200.1717987060547 506.7159118652344
v -213.33241271972656 -200.18605041503906 506.60302734375
v -201.3113555908203 -202.04598999023438 506.9517822265625
v -202.53797912597656 -202.3358612060547 506.7359313964844
vn 0.36436375975608826 0.2521437108516693 -0.8964723348617554
vn -0.0004675435775425285 0.16279533505439758 -0.9866597652435303
vn 0.039313334971666336 0.6609870195388794 -0.7493668794631958
vn -0.0002563568123150617 0.6977828145027161 -0.7163093686103821
vn 0.10696955770254135 0.19498345255851746 -0.9749558568000793
vn -0.024306070059537888 0.5872105956077576 -0.8090692162513733
vn -0.5430121421813965 0.2066260427236557 -0.8139063119888306
vn -0.25390350818634033 0.6747958660125732 -0.6929528713226318
vn 0.34633687138557434 -0.5151188969612122 -0.7840301990509033
vn 0.00419937539845705 -0.45612606406211853 -0.8899052739143372
vn 0.03664365038275719 -0.5170133709907532 -0.8551926016807556
vn 0.3558862805366516 -0.5427245497703552 -0.7607858180999756
vn -0.022318655624985695 -0.09187385439872742 -0.9955205321311951
vn 0.03641681373119354 -0.8154220581054688 -0.5777202248573303
vn 0.07045909017324448 -0.8172030448913574 -0.5720269083976746
vn 0.20149938762187958 -0.6148759126663208 -0.7624471783638
vn -0.5086126923561096 -0.37784263491630554 -0.7736589312553406
vn 0.4158332347869873 -0.5489804148674011 -0.7250540256500244
vn -0.24016541242599487 -0.6501712799072266 -0.7208313941955566
vn -0.08004775643348694 0.4251801073551178 -0.9015621542930603
vn 0.256475567817688 0.4702889025211334 -0.8444221019744873
vn 0.004113218281418085 0.6617201566696167 -0.7497396469116211
vn 0.8245082497596741 -0.20615936815738678 -0.5269578099250793
vn 0.6958136558532715 -0.39649122953414917 -0.5988640189170837
vn 0.6556349992752075 -0.0021997096482664347 -0.7550747990608215
vn 0.666235089302063 -0.10870218276977539 -0.7377768158912659
vn -0.09330663084983826 0.7095670104026794 -0.698432981967926
vn 0.028805552050471306 0.775761067867279 -0.6303690075874329
vn 0.028473274782299995 0.7723402976989746 -0.6345705986022949
vn -0.7368472814559937 -0.07457143068313599 -0.6719339489936829
vn -0.45823991298675537 0.3847297430038452 -0.8012486100196838
vn -0.7890949845314026 -0.1968226432800293 -0.5818848013877869
vn 0.1512131690979004 -0.8216172456741333 -0.5496178269386292
vn 0.09837625920772552 -0.7079897522926331 -0.6993373036384583
vn 0.008363177068531513 -0.718704879283905 -0.6952649354934692
vn 0.2572574317455292 -0.7010719776153564 -0.6650689840316772
vn 0.06611748784780502 -0.584254801273346 -0.8088725209236145
vn -0.4299560487270355 -0.536310076713562 -0.7262983322143555
vn 0.715783953666687 -0.4017626643180847 -0.5711742639541626
vn 0.44692230224609375 0.33088478446006775 -0.8311291933059692
vn 0.8688862919807434 -0.054143499583005905 -0.49204176664352417
vn -0.20400838553905487 0.5137274265289307 -0.8333455324172974
vn 0.126326784491539 0.038598593324422836 -0.991237461566925
vn -0.4757937490940094 0.4860231578350067 -0.7330769896507263
vn -0.1792145073413849 0.4129631519317627 -0.8929409980773926
vn 0.692558765411377 -0.7205355167388916 0.03451136499643326
vn 0.7827122211456299 -0.6223381757736206 0.007542632520198822
vn -0.2727374732494354 0.7544140815734863 -0.5970541834831238
vn -0.17805655300617218 0.612257182598114 -0.7703486680984497
vn 0.6979185938835144 -0.6218658089637756 -0.35523608326911926
vn 0.5791696310043335 -0.5669460296630859 -0.5857771635055542
vn 0.2581492066383362 -0.018247468397021294 -0.9659327268600464
vn -0.003491821698844433 0.23845010995864868 -0.9711484909057617
vn -0.37274232506752014 0.5633153319358826 -0.7373866438865662
vn -0.5055887699127197 0.3658856153488159 -0.7813500165939331
vn -0.7526372671127319 -0.0038209669291973114 -0.6584243774414062
vn 0.6910884380340576 -0.7221304774284363 0.030405525118112564
vn -0.25135132670402527 0.7734358906745911 -0.5819101929664612
vn -0.05008392035961151 0.6488897204399109 -0.7592323422431946
vn -0.12970207631587982 0.6858086585998535 -0.7161311507225037
vn -0.14318111538887024 0.7787232398986816 -0.610810399055481
vn -0.2842617928981781 0.7134295701980591 -0.6404792070388794
vn 0.7336233854293823 -0.6635684370994568 -0.14653930068016052
vn 0.6624224185943604 -0.49658143520355225 -0.5608952641487122
vn 0.004093878902494907 0.8566795587539673 -0.5158326625823975
vn -0.05531087890267372 0.8685237169265747 -0.4925518035888672
vn -0.15352267026901245 0.9197070002555847 -0.361344575881958
vn -0.28918784856796265 0.9198598265647888 -0.26500627398490906
vn -0.20147527754306793 0.730307400226593 -0.6527317762374878
vn -0.6201617121696472 0.20852111279964447 -0.7562529444694519
vn -0.040213026106357574 0.8852521777153015 -0.463369756937027
vn -0.7386115193367004 0.5669132471084595 -0.36477720737457275
vn 0.9185463190078735 -0.3619045615196228 -0.15905267000198364
vn -0.9714807868003845 -0.2059057205915451 -0.11759214848279953
vn -0.9024325609207153 -0.2895747125148773 -0.3190016448497772
vn 0.34198838472366333 -0.6686736345291138 -0.6602421402931213
vn -0.9286657571792603 -0.14626672863960266 -0.34086060523986816
vn 0.539987325668335 -0.3430193364620209 -0.7686035633087158
vn 0.17768917977809906 -0.21710547804832458 -0.9598395228385925
vn -0.047377098351716995 -0.47909384965896606 -0.876484215259552
vn 0.005921232048422098 -0.548355758190155 -0.8362241983413696
vn 0.19230790436267853 -0.37477555871009827 -0.9069514870643616
vn -0.5872488021850586 -0.29807817935943604 -0.752521276473999
vn -0.7358049154281616 -0.2157018631696701 -0.6419220566749573
vn 0.31529471278190613 -0.025799868628382683 -0.9486430287361145
vn -0.04312067851424217 -0.1105988398194313 -0.9929292798042297
vn -0.06969860196113586 -0.2018606960773468 -0.976931095123291
vn -0.11276852339506149 -0.04472045600414276 -0.9926143884658813
vn -0.008623202331364155 -0.13706326484680176 -0.9905248284339905
vn 0.23295602202415466 -0.37365251779556274 -0.8978392481803894
vn 0.15917865931987762 -0.2414066642522812 -0.9572799801826477
vn -0.21895140409469604 -0.23646627366542816 -0.9466488361358643
vn 0.31561633944511414 0.007532764691859484 -0.9488570690155029
vn 0.18850432336330414 -0.1866345852613449 -0.9641751646995544
vn 0.3982257544994354 -0.5297597050666809 -0.7488464713096619
vn 0.34806087613105774 -0.521344780921936 -0.7791362404823303
vn -0.1618824154138565 -0.44042500853538513 -0.883074164390564
vn 0.3930114209651947 -0.673588216304779 -0.6259560585021973
vn -0.30842477083206177 -0.21909856796264648 -0.9256727695465088
vn -0.827549397945404 -0.14046289026737213 -0.5435367226600647
vn -0.0645064041018486 -0.681423008441925 -0.729041576385498
vn -0.7461255788803101 -0.38999342918395996 -0.5396311283111572
vn 0.4602701663970947 0.5754256844520569 -0.6760449409484863
vn 0.41608405113220215 0.7225958108901978 -0.5520230531692505
vn 0.9110154509544373 0.29222315549850464 -0.2909579575061798
vn -0.04354292154312134 0.7062088847160339 -0.7066633105278015
vn -0.29797330498695374 0.5960705280303955 -0.7455949783325195
vn 0.9564257860183716 0.012698748148977757 -0.2916993200778961
vn -0.4496613144874573 0.4485262930393219 -0.7724175453186035
vn -0.48779726028442383 0.3174876570701599 -0.813176155090332
vn 0.7609908580780029 -0.6486012935638428 0.014469006098806858
vn -0.6124891042709351 0.39326396584510803 -0.685711681842804
vn -0.585513710975647 0.5928037166595459 -0.5529534816741943
vn 0.6300323009490967 -0.7111614942550659 0.3119432330131531
vn -0.3238588571548462 0.8693448305130005 -0.3733028471469879
vn 0.05918844789266586 0.9634291529655457 -0.26134464144706726
vn -0.2515086233615875 0.9164289236068726 -0.31129005551338196
vn -0.3418634235858917 0.8431622385978699 0.41497817635536194
vn -0.20857012271881104 0.6737359166145325 -0.7089276313781738
vn 0.13062861561775208 0.5708070397377014 -0.8106266856193542
vn 0.6679031252861023 -0.6192384362220764 0.41285502910614014
vn -0.451294481754303 0.8077391982078552 -0.3793293833732605
vn -0.2664632201194763 0.6577861309051514 -0.7044962048530579
vn -0.11167702823877335 0.8995476365089417 -0.4223059415817261
vn 0.9073494076728821 0.3677608370780945 -0.20363938808441162
vn 0.7212239503860474 0.690989077091217 -0.04868354648351669
vn 0.7698570489883423 -0.6129909753799438 0.17765766382217407
vn -0.043813370168209076 0.9990220665931702 0.005935195367783308
vn 0.8476076722145081 -0.3295166492462158 0.41590869426727295
vn -0.9685210585594177 -0.17292992770671844 0.17905957996845245
vn -0.9168694615364075 -0.25926652550697327 0.30353137850761414
vn 0.9125387668609619 -0.21638254821300507 -0.347061425447464
vn 0.9972374439239502 0.028483808040618896 0.06860238313674927
vn -0.9949932098388672 -0.046785254031419754 -0.0883154571056366
vn 0.7146077156066895 0.07678109407424927 -0.6952989101409912
vn 0.9411354660987854 0.3367888629436493 0.028938032686710358
vn 0.9862226843833923 -0.019103610888123512 -0.16431620717048645
vn 0.6726804971694946 -0.010921282693743706 -0.7398524880409241
vn -0.955729603767395 -0.16592326760292053 -0.2430027425289154
vn 0.60825514793396 -0.2685147821903229 -0.7469441294670105
vn -0.16969986259937286 -0.35343217849731445 -0.9199389815330505
vn -0.12659987807273865 -0.6520282626152039 -0.7475504279136658
vn 0.6190250515937805 -0.6000231504440308 0.5067348480224609
vn 0.23078888654708862 -0.605305016040802 -0.7618020176887512
vn -0.018617376685142517 -0.5012183785438538 -0.865120530128479
vn -0.25026705861091614 -0.6664283275604248 -0.70231032371521
vn 0.12598131597042084 -0.8653762340545654 -0.48502853512763977
vn 0.5579500198364258 -0.6303660273551941 -0.5397504568099976
vn 0.3277202546596527 -0.8672195076942444 -0.37487316131591797
vn -0.022856416180729866 -0.9919446110725403 -0.12459347397089005
vn 0.42588555812835693 -0.8159776926040649 -0.39089882373809814
vn 0.13503113389015198 -0.5944334268569946 -0.7927266359329224
vn 0.7684583067893982 -0.5336370468139648 -0.35313376784324646
vn -0.4977319836616516 -0.7434297204017639 -0.44673842191696167
vn -0.13893264532089233 -0.9449166655540466 -0.2963615953922272
vn -0.19697128236293793 -0.8637364506721497 -0.4638552665710449
vn -0.21671785414218903 -0.8492525219917297 -0.48145976662635803
vn 0.6245638132095337 -0.6740657091140747 -0.39440521597862244
vn 0.6639626026153564 -0.7126386761665344 -0.22649484872817993
vn -0.9354848861694336 -0.32696333527565 -0.13402613997459412
vn 0.7996010780334473 -0.4047468304634094 -0.44364187121391296
vn -0.8043262362480164 -0.4268304109573364 -0.4133705496788025
vn 0.24379710853099823 -0.8994455933570862 -0.36271288990974426
vn -0.5376185774803162 -0.835018515586853 -0.11709173023700714
vn -0.3269006907939911 -0.8193436861038208 -0.47096920013427734
vn 0.5340883135795593 -0.8326960206031799 0.14617453515529633
vn 0.8110284209251404 0.5660821795463562 -0.14759401977062225
vn 0.5425103902816772 0.755325436592102 -0.3676491975784302
vn 0.09601468592882156 0.7564707398414612 -0.6469414830207825
vn -0.3029356896877289 0.4461522102355957 -0.84212726354599
vn -0.03322722762823105 0.45569878816604614 -0.8895137310028076
vn -0.20698951184749603 0.21603688597679138 -0.954192578792572
vn 0.9824640154838562 -0.16021467745304108 -0.09537163376808167
vn 0.9002904891967773 -0.4333471655845642 0.04107697308063507
vn 0.5973600745201111 -0.8001543283462524 0.05398264527320862
vn -0.5143784284591675 0.5244637727737427 -0.6784929633140564
vn 0.504906177520752 -0.854525089263916 0.12188800424337387
vn 0.6460921168327332 -0.7480128407478333 0.15179526805877686
vn 0.7458801865577698 -0.6038607358932495 0.2810961902141571
vn -0.362635999917984 0.93093341588974 0.04310552775859833
vn -0.4889947772026062 0.27050530910491943 0.8292834758758545
vn 0.39606019854545593 0.8782336115837097 -0.2680337727069855
vn -0.026749029755592346 0.8121092915534973 -0.5828920006752014
vn -0.21527904272079468 0.6780794262886047 -0.7027540802955627
vn -0.2573930323123932 0.41567227244377136 -0.8723333477973938
vn 0.7127870917320251 -0.5747044086456299 0.40205639600753784
vn -0.5371946692466736 0.7442412376403809 -0.3968966007232666
vn 0.5167385339736938 -0.5637987852096558 0.6442921757698059
vn 0.6902132630348206 -0.6138339042663574 0.3831626772880554
vn -0.6091905832290649 0.793013870716095 -0.003987692762166262
vn -0.42531511187553406 0.8273005485534668 0.3669889569282532
vn 0.08900068700313568 0.41633686423301697 0.9048439860343933
vn -0.8586945533752441 0.24601957201957703 0.4495754539966583
vn -0.9820413589477539 0.15599386394023895 0.10611633211374283
vn 0.8218099474906921 0.10477906465530396 0.5600444674491882
vn 0.8529515862464905 -0.1890551745891571 0.48655086755752563
vn 0.8147050738334656 -0.1364748775959015 0.5635870099067688
vn 0.6937903165817261 0.265580952167511 0.6694190502166748
vn 0.4839446544647217 0.010667141526937485 0.8750336170196533
vn -0.9907435178756714 -0.07584786415100098 -0.11258092522621155
vn 0.8510072827339172 0.2854456901550293 0.4408031404018402
vn 0.4892246425151825 0.26043882966041565 0.8323646783828735
vn 0.689432680606842 -0.1104680523276329 0.7158766984939575
vn 0.4574213922023773 -0.47936299443244934 0.7489838600158691
vn -0.9519829750061035 -0.30609220266342163 -0.00600121496245265
vn 0.31281766295433044 -0.8098016977310181 0.4963531494140625
vn 0.5495055913925171 -0.8336590528488159 0.055282410234212875
vn 0.9907960295677185 -0.12340102344751358 -0.05563655495643616
vn -0.39844605326652527 -0.7366130352020264 -0.5464814901351929
vn -0.45564407110214233 -0.7582003474235535 -0.4663911759853363
vn -0.28270044922828674 -0.7008605003356934 -0.6548855304718018
vn 0.4184070825576782 -0.9074401259422302 -0.038574665784835815
vn 0.873311460018158 -0.48651283979415894 -0.025147929787635803
vn -0.5711317658424377 -0.6516911387443542 -0.49910643696784973
vn -0.8032816648483276 -0.581373929977417 0.12939460575580597
vn 0.05219680443406105 -0.998351514339447 -0.023870673030614853
vn -0.052784569561481476 -0.9493200182914734 0.30984729528427124
vn -0.5217224359512329 -0.7630623579025269 0.3814990818500519
vn -0.027281835675239563 0.24026602506637573 -0.9703236818313599
vn -0.30540451407432556 0.2979341447353363 -0.9044133424758911
vn -0.046559251844882965 0.5176082849502563 -0.8543500304222107
vn 0.6792004108428955 0.4074326455593109 -0.6104797124862671
vn 0.1801641434431076 0.3659093677997589 -0.9130450487136841
vn 0.49404245615005493 0.6413650512695312 -0.5870034098625183
vn 0.24139481782913208 0.42222657799720764 -0.8737581372261047
vn 0.07555340230464935 0.28524625301361084 -0.9554717540740967
vn -0.018691234290599823 0.18005329370498657 -0.9834792613983154
vn -0.06251416355371475 0.09123757481575012 -0.9938650727272034
vn -0.3007428050041199 0.10588997602462769 -0.9478086233139038
vn 0.48499587178230286 0.396474689245224 -0.7794785499572754
vn 0.90609210729599 0.3531406819820404 -0.2329995483160019
vn -0.0070208096876740456 0.0021456987597048283 -0.9999731183052063
vn -0.32814398407936096 0.014512929134070873 -0.9445163011550903
vn -0.36079031229019165 0.0826302319765091 -0.9289793968200684
vn 0.7443207502365112 0.6552634239196777 -0.12890498340129852
vn -0.06446243077516556 -0.05965978279709816 -0.9961351752281189
vn 0.5987957119941711 0.8005279302597046 -0.024471430107951164
vn -0.09163788706064224 -0.04056267812848091 -0.9949659109115601
vn -0.39155417680740356 0.11114974319934845 -0.9134172797203064
vn -0.17785899341106415 0.00933841522783041 -0.9840116500854492
vn -0.5180941224098206 -0.14142993092536926 -0.8435496687889099
vn -0.3004605174064636 -0.15557552874088287 -0.9410206079483032
vn 0.6865803599357605 -0.7175514101982117 -0.11716434359550476
vn -0.13120904564857483 0.1363530158996582 -0.9819328188896179
vn -0.7988983392715454 0.3839612603187561 -0.4629635214805603
vn -0.18400198221206665 0.5661287903785706 -0.8035182356834412
vn -0.5940364599227905 0.01911476068198681 -0.8042110204696655
vn 0.2624700963497162 0.09423453360795975 -0.960327684879303
vn 0.01686965860426426 0.2443273514509201 -0.9695461392402649
vn -0.5286933183670044 0.35873472690582275 -0.769280731678009
vn -0.3007507622241974 0.6898690462112427 -0.6585056781768799
vn -0.526134729385376 0.18784190714359283 -0.8293960094451904
vn 0.22231541574001312 0.3848704695701599 -0.8957960605621338
vn -0.4776512384414673 0.6426414251327515 -0.5990502834320068
vn 0.5666839480400085 0.6089177131652832 -0.5550572276115417
vn 0.7137203812599182 0.25765514373779297 -0.6513195037841797
vn 0.840414822101593 -0.4742068350315094 -0.26235637068748474
vn 0.9197457432746887 -0.30990517139434814 0.24088728427886963
vn 0.45806393027305603 -0.2094195932149887 -0.8638986349105835
vn -0.2537594735622406 0.6143509745597839 -0.7471137642860413
vn 0.13519132137298584 0.5030015707015991 -0.8536467552185059
vn -0.034581802785396576 0.6191123723983765 -0.784540593624115
vn -0.23018808662891388 0.9590516090393066 0.16502568125724792
vn -0.009825077839195728 0.7520056962966919 -0.659083366394043
vn -0.5461330413818359 0.4037910997867584 -0.7339560389518738
vn -0.9897007346153259 0.13614022731781006 -0.04425330087542534
vn 0.036012038588523865 -0.8902584910392761 -0.4540296792984009
vn -0.46645429730415344 0.8730307817459106 -0.14225925505161285
vn -0.30930882692337036 0.6794657111167908 -0.6653228402137756
vn -0.3961152732372284 0.7920592427253723 -0.4644727110862732
vn 0.5365533828735352 -0.7781607508659363 0.3264603316783905
vn 0.41623038053512573 -0.7069250345230103 0.5718472599983215
vn -0.1882290244102478 0.7320063710212708 -0.6547797322273254
vn -0.7789160013198853 0.5999124646186829 -0.18274298310279846
vn 0.9727272391319275 -0.22992593050003052 -0.03059004247188568
vn 0.49668633937835693 -0.5180885195732117 0.6963382363319397
vn 0.5645543932914734 -0.5480128526687622 0.6172198057174683
vn 0.7488779425621033 -0.3433407247066498 0.566832423210144
vn -0.8883061408996582 0.4508577287197113 0.08740455657243729
vn -0.7890064120292664 0.5579441785812378 0.2572298049926758
vn -0.8800566792488098 0.4399953782558441 0.17861773073673248
vn -0.9849075675010681 0.15318946540355682 -0.08056126534938812
vn 0.8479647040367126 -0.2764117419719696 0.45227473974227905
vn 0.8357165455818176 -0.3503638505935669 0.42287471890449524
vn 0.8602776527404785 -0.20115190744400024 0.4684659242630005
vn 0.6527617573738098 0.11893502622842789 0.7481688857078552
vn 0.5418260097503662 -0.09402258694171906 0.835215151309967
vn 0.9107896685600281 0.03898846358060837 0.411025732755661
vn 0.8104546666145325 -0.45759639143943787 0.3657442033290863
vn 0.971148669719696 -0.18270739912986755 0.15325909852981567
vn -0.16266466677188873 -0.48431551456451416 -0.8596386909484863
vn -0.8506590723991394 -0.5130482316017151 -0.11472050845623016
vn -0.14811837673187256 -0.9486681818962097 0.27944526076316833
vn 0.4702436625957489 -0.8246268630027771 0.3144225478172302
vn -0.3184519112110138 -0.79400235414505 0.5178306698799133
vn -0.5525189638137817 -0.7306883931159973 0.4010203778743744
vn -0.6693119406700134 -0.5841737985610962 0.4590887725353241
vn 0.9169293642044067 -0.3293132483959198 0.225373774766922
vn -0.16248257458209991 -0.515146791934967 -0.8415599465370178
vn -0.45073413848876953 -0.5851965546607971 -0.674079954624176
vn -0.8466858267784119 -0.5267452001571655 -0.07525075227022171
vn 0.25715434551239014 -0.8879286050796509 0.3813849091529846
vn 0.2935390770435333 -0.955513060092926 -0.028803585097193718
vn 0.03145382180809975 -0.9977594614028931 -0.05904913693666458
vn 0.005489781033247709 -0.8246902823448181 -0.5655580163002014
vn -0.08873149007558823 -0.9181642532348633 -0.3861362338066101
vn 0.35906746983528137 0.425312876701355 -0.8307704329490662
vn 0.1158231794834137 0.4516909122467041 -0.8846244215965271
vn 0.13621677458286285 0.7296278476715088 -0.6701405048370361
vn 0.6564136147499084 0.5344796776771545 -0.5324026942253113
vn -0.15949176251888275 0.7836202383041382 -0.6004180312156677
vn -0.24043726921081543 0.6571394205093384 -0.7143933176994324
vn -0.38728073239326477 0.8110262155532837 -0.4384634792804718
vn -0.4970187246799469 0.5633450746536255 -0.6600111722946167
vn -0.6698702573776245 0.7143166065216064 -0.2025478482246399
vn 0.5777409672737122 0.4081483483314514 -0.7068454027175903
vn 0.9149143695831299 0.35797029733657837 -0.1865183264017105
vn -0.3465381860733032 0.17972706258296967 -0.9206570982933044
vn -0.5282504558563232 0.5222354531288147 -0.6694934964179993
vn -0.6332823634147644 0.7642071843147278 -0.12223295122385025
vn 0.9145137071609497 0.4045545756816864 0.0005985843599773943
vn -0.6347172856330872 0.6225253939628601 -0.4578167796134949
vn 0.9013392329216003 0.3650676906108856 0.23305176198482513
vn -0.19999532401561737 0.10908124595880508 -0.9737058877944946
vn -0.39689069986343384 0.3803389370441437 -0.8353562951087952
vn 0.7371793389320374 0.6682934761047363 0.09975215047597885
vn 0.038902122527360916 -0.13007541000843048 -0.9907406568527222
vn -0.12046661972999573 0.2857069671154022 -0.950715184211731
vn -0.024134067818522453 -0.43235906958580017 -0.9013785123825073
vn -0.045106686651706696 0.12849318981170654 -0.9906840920448303
vn -0.07964979112148285 0.5552079081535339 -0.8278889656066895
vn -0.3916671574115753 0.6981065273284912 -0.5993698239326477
vn -0.5693633556365967 0.6445776224136353 -0.5102401971817017
vn 0.7758778929710388 0.6221667528152466 0.10450884699821472
vn 0.9871361255645752 -0.0812213122844696 -0.13771480321884155
vn -0.4523444175720215 -0.465593546628952 -0.7606623768806458
vn 0.04464050382375717 -0.6940293908119202 -0.7185613512992859
vn 0.3596317768096924 -0.5430223941802979 -0.7588094472885132
vn 0.2581124007701874 -0.4192045032978058 -0.8704284429550171
vn -0.997241735458374 0.034586723893880844 -0.06567121297121048
vn -0.7114444971084595 0.22809267044067383 -0.6646957397460938
vn -0.35302528738975525 0.26478901505470276 -0.8973627686500549
vn 0.09846483170986176 0.6396267414093018 -0.7623531818389893
vn 0.0647469162940979 -0.41968291997909546 -0.9053585529327393
vn 0.1371106207370758 0.9828416109085083 -0.123382069170475
vn 0.17024068534374237 -0.2564115822315216 -0.9514574408531189
vn 0.9275970458984375 -0.3735824525356293 -8.1618782132864e-05
vn -0.8252688050270081 -0.49325501918792725 -0.2750109136104584
vn -0.1191212460398674 -0.9376209378242493 -0.3266145884990692
vn 0.36522090435028076 -0.9307941198348999 0.015361047349870205
vn 0.6425782442092896 -0.5782759189605713 0.5026831030845642
vn -0.926739513874054 -0.27043119072914124 0.26080816984176636
vn 0.06995701789855957 0.7027792930603027 -0.7079600095748901
vn -0.02068449929356575 0.9865695238113403 -0.16202719509601593
vn -0.775916576385498 -0.2143547683954239 -0.5933005809783936
vn 0.39638128876686096 -0.8735284805297852 -0.28254184126853943
vn 0.5299939513206482 -0.8180842995643616 -0.22325900197029114
vn -0.9499382972717285 0.01931634172797203 0.3118398189544678
vn -0.15872609615325928 -0.9501956105232239 -0.26820582151412964
vn 0.301523357629776 -0.3430931270122528 0.8895902633666992
vn -0.5432357788085938 -0.8250117897987366 0.15572592616081238
vn -0.3574610948562622 0.7066238522529602 0.6106589436531067
vn -0.835727334022522 -0.4465888738632202 -0.3195594251155853
vn 0.30371785163879395 -0.5224796533584595 0.7967249155044556
vn 0.5429960489273071 -0.8397243022918701 0.004295897204428911
vn -0.15193472802639008 0.7585950493812561 0.6336004137992859
vn -0.4694085717201233 0.8783197999000549 0.09060919284820557
vn 0.07449159771203995 -0.9154321551322937 0.3955186605453491
vn 0.10831370204687119 -0.6911066770553589 0.7145905494689941
vn 0.6901794075965881 -0.28855058550834656 0.6636196374893188
vn -0.8014948964118958 0.5613991618156433 0.2060023993253708
vn 0.865911066532135 -0.21081030368804932 0.45360445976257324
vn -0.7979750037193298 0.3224997818470001 0.5091460943222046
vn -0.8499094247817993 0.19546383619308472 0.4893341362476349
vn -0.9785882830619812 -0.03726227954030037 0.2024267315864563
vn -0.8688761591911316 -0.1437833160161972 0.4736883044242859
vn 0.9357839226722717 -0.19449298083782196 0.2940765917301178
vn -0.881973147392273 -0.26773601770401 0.3878670334815979
vn 0.2165345400571823 -0.6873072385787964 0.6933409571647644
vn -0.8299602270126343 -0.23948366940021515 0.5037992596626282
vn -0.42386627197265625 -0.5674611330032349 0.7059215307235718
vn -0.28584203124046326 -0.4999122619628906 0.8175464272499084
vn -0.4795377850532532 -0.26220738887786865 0.8374310731887817
vn 0.864911675453186 -0.1831744909286499 0.46730607748031616
vn 0.5209547877311707 -0.6813960671424866 0.5141066312789917
vn 0.09319572895765305 -0.7437050938606262 0.6619798541069031
vn 0.3753014802932739 -0.8127893805503845 0.4455582797527313
vn -0.1441502571105957 -0.9813408255577087 0.12724365293979645
vn -0.12218479812145233 -0.8632273077964783 0.48980557918548584
vn -0.5267928242683411 -0.8480167388916016 0.057939738035202026
vn -0.20382995903491974 0.9481273293495178 -0.24394264817237854
vn 0.2521805167198181 0.9655837416648865 0.06366428732872009
vn 0.7795547246932983 0.4763774573802948 0.4066436290740967
vn -0.2808894217014313 0.9484364986419678 -0.14686530828475952
vn -0.3775523006916046 0.9066259264945984 -0.18837125599384308
vn 0.8609140515327454 0.22479715943336487 0.45639148354530334
vn -0.7409046292304993 0.6692416667938232 0.05635553598403931
vn 0.8754695057868958 0.2986478805541992 0.3799509108066559
vn -0.6597766876220703 0.7514106631278992 -0.008765066042542458
vn 0.6263560056686401 0.4286302924156189 0.6511176824569702
vn -0.6571727395057678 0.6013537049293518 -0.4544203281402588
vn -0.6814770102500916 0.729149580001831 -0.06269004940986633
vn -0.5691547989845276 0.7806171178817749 -0.25826290249824524
vn -0.4598247706890106 0.7983220815658569 -0.3888997435569763
vn 0.9574436545372009 0.2074146419763565 -0.2007010281085968
vn -0.791209876537323 0.4405745565891266 -0.4241238534450531
vn -0.6424239277839661 0.7245765924453735 -0.24956026673316956
vn -0.9992747902870178 -0.035297222435474396 -0.014281709678471088
vn -0.029705068096518517 -0.9983219504356384 -0.04970832169055939
vn -0.6984173655509949 -0.678341805934906 -0.22817885875701904
vn 0.7450417876243591 -0.6639416217803955 0.06398710608482361
vn -0.2755727171897888 -0.9560460448265076 -0.1001780778169632
vn -0.23038996756076813 -0.9512609839439392 0.2049952745437622
vn -0.07623773068189621 -0.389657199382782 0.9177990555763245
vn -0.9082485437393188 -0.30622997879981995 -0.28514522314071655
vn 0.6884649395942688 -0.4724302291870117 -0.5502960681915283
vn -0.27428141236305237 0.902390718460083 0.33235636353492737
vn -0.4480034410953522 -0.756725013256073 0.4760885238647461
vn 0.2965191602706909 -0.6272249817848206 -0.7201841473579407
vn 0.26244205236434937 -0.7135469913482666 -0.6495959162712097
vn -0.41576138138771057 -0.8968652486801147 0.15091463923454285
vn -0.09285886585712433 -0.9938535094261169 0.060270052403211594
vn -0.41447970271110535 -0.8751238584518433 0.24972958862781525
vn 0.25372403860092163 -0.833422839641571 -0.4909485876560211
vn 0.09755710512399673 -0.9655042290687561 0.24142129719257355
vn 0.11286002397537231 -0.8988664150238037 0.4234403073787689
vn -0.3918444514274597 -0.8186903595924377 0.41976672410964966
vn 0.3834255337715149 -0.900223970413208 0.2063533365726471
vn -0.12309691309928894 0.7189776301383972 0.6840454936027527
vn -0.5340204834938049 0.6403494477272034 0.5520641207695007
vn -0.21530672907829285 -0.9755527973175049 0.044043269008398056
vn 0.5225961804389954 -0.6762463450431824 0.519214928150177
vn 0.5234768986701965 -0.38194531202316284 0.7616362571716309
vn -0.2608410120010376 0.17743930220603943 0.94893479347229
vn 0.011280374601483345 0.32527831196784973 0.9455510973930359
vn 0.10153643041849136 0.18959848582744598 0.9765976071357727
vn -0.25771564245224 0.4057045578956604 0.8769187331199646
vn -0.7613469958305359 0.3425859212875366 0.5504413843154907
vn 0.633392333984375 -0.18176887929439545 0.7521796822547913
vn -0.6965282559394836 0.012973492965102196 0.7174120545387268
vn -0.6910947561264038 0.014489087276160717 0.7226189970970154
vn 0.3138853907585144 -0.24395416676998138 0.9175851345062256
vn 0.20599010586738586 -0.2888394594192505 0.9349545240402222
vn 0.011960885487496853 -0.2076694667339325 0.9781259894371033
vn 0.12054596841335297 -0.29897552728652954 0.9466162919998169
vn 0.038513973355293274 -0.3212370276451111 0.9462153315544128
vn -0.5082105398178101 0.09042590856552124 0.8564725518226624
vn 0.5865583419799805 -0.21903616189956665 0.7797259092330933
vn 0.1191554144024849 -0.2929253876209259 0.9486815929412842
vn 0.17317216098308563 0.014049815945327282 0.9847913980484009
vn -0.05048748850822449 -0.09544321149587631 0.9941537380218506
vn 0.23770660161972046 -0.3484236001968384 0.9066954851150513
vn 0.07416834682226181 -0.28789231181144714 0.9547864198684692
vn -0.0032594241201877594 -0.3075433075428009 0.9515284895896912
vn -0.03969036415219307 -0.2822142541408539 0.958530068397522
vn -0.49716219305992126 -0.032065242528915405 0.8670649528503418
vn -0.21813496947288513 -0.16255761682987213 0.9622848629951477
vn 0.7355836033821106 -0.08636428415775299 0.6719062924385071
vn 0.23184001445770264 0.011520463041961193 0.9726857542991638
vn -0.29608187079429626 0.015511861070990562 0.9550366401672363
vn -0.10603168606758118 -0.10234404355287552 0.9890819191932678
vn -0.4061546325683594 -0.17911534011363983 0.8960781693458557
vn 0.17577537894248962 0.0029953038319945335 0.9844257831573486
vn -0.10378623008728027 0.07214699685573578 0.9919794797897339
vn 0.008612238802015781 -0.009230493567883968 0.9999203681945801
vn 0.797102153301239 -0.07011783868074417 0.5997596979141235
vn 0.3969253599643707 -0.006020212080329657 0.9178311824798584
vn -0.0837860181927681 0.15983599424362183 0.9835814237594604
vn -0.056718628853559494 0.24871909618377686 0.9669135808944702
vn 0.04996979609131813 -0.22441604733467102 0.9732114672660828
vn -0.21933209896087646 -0.2020418792963028 0.954501211643219
vn 0.4881564974784851 0.05057363957166672 0.8712896704673767
vn -0.25819477438926697 0.21099036931991577 0.9427717328071594
vn 0.08575356751680374 -0.543394923210144 0.8350858092308044
vn 0.6336742043495178 0.14207682013511658 0.7604414820671082
vn 0.17877085506916046 -0.11105618625879288 0.9776029586791992
vn -0.034044742584228516 0.1044388860464096 0.9939484596252441
vn -0.08624797314405441 0.06533454358577728 0.9941291213035583
vn -0.4526905417442322 -0.009535462595522404 0.891616702079773
vn -0.6706856489181519 -0.1377234011888504 0.7288436889648438
vn 0.03516426309943199 -0.30062219500541687 0.9530948996543884
vn -0.6414526700973511 -0.3441103398799896 0.685657799243927
vn 0.040386952459812164 -0.6727011799812317 0.7388112545013428
vn -0.16471882164478302 -0.41147056221961975 0.8964149355888367
vn 0.40551096200942993 0.7623302936553955 0.5043941140174866
vn 0.5278394818305969 0.5387442111968994 0.6566126942634583
vn 0.3542391061782837 0.7187479138374329 0.5982609987258911
vn -0.06037912145256996 0.9721917510032654 0.22626864910125732
vn -0.27338355779647827 0.956481397151947 0.10200411826372147
vn -0.5768133401870728 0.8158674836158752 0.04057933762669563
vn 0.6345593333244324 0.2809513509273529 0.7200005650520325
vn 0.7201047539710999 0.08220308274030685 0.6889788508415222
vn -0.7393571138381958 0.6384764313697815 0.21377311646938324
vn 0.7115113139152527 0.022397339344024658 0.7023175954818726
vn 0.5878362655639648 0.14356088638305664 0.7961399555206299
vn 0.6418708562850952 0.1430167555809021 0.7533578276634216
vn -0.6948641538619995 0.6876299977302551 0.21054428815841675
vn -0.5878505110740662 0.7776685953140259 0.2228526622056961
vn 0.4903871715068817 0.4618447422981262 0.7390668988227844
vn 0.4023415446281433 0.7093145847320557 0.5787868499755859
vn 0.6179530620574951 0.6975783109664917 0.3626549243927002
vn -0.5377798080444336 0.8422834873199463 0.03676358610391617
vn 0.5832014679908752 0.7778463363647461 0.2341606765985489
vn -0.7109971642494202 0.6991562247276306 -0.07525686174631119
vn 0.7629163861274719 0.6280314326286316 0.1534118354320526
vn -0.22276544570922852 -0.9637145400047302 0.14707107841968536
vn -0.30567696690559387 -0.9514235854148865 0.036808643490076065
vn 0.8096150755882263 0.03680412471294403 -0.5858061909675598
vn 0.9447536468505859 0.30519476532936096 -0.1195688471198082
vn 0.8640619516372681 -0.21045897901058197 -0.4572789669036865
vn -0.3977169096469879 0.056639693677425385 0.9157583117485046
vn -0.7088130712509155 -0.6534469127655029 0.2656901478767395
vn -0.36136505007743835 -0.9323632717132568 0.01068208459764719
vn 0.4787483513355255 -0.4314112663269043 -0.764646589756012
vn -0.6582371592521667 -0.45350125432014465 0.6008831262588501
vn -0.5157075524330139 -0.664763867855072 0.5404948592185974
vn -0.29581183195114136 -0.8880360126495361 0.35197654366493225
vn -0.2610461413860321 -0.928490161895752 0.2641230523586273
vn 0.4738018214702606 -0.7296867370605469 -0.4930203855037689
vn 0.1716177761554718 -0.7072990536689758 -0.6857662200927734
vn -0.3529927134513855 -0.919195294380188 0.17457446455955505
vn 0.32713183760643005 -0.8725836277008057 0.3627433180809021
vn 0.37921449542045593 -0.7843884825706482 0.4908473491668701
vn -0.4827764630317688 -0.449127733707428 0.7518051862716675
vn -0.46021637320518494 0.25922879576683044 0.8491179943084717
vn -0.10365992784500122 -0.9612464904785156 -0.25546011328697205
vn -0.10995109379291534 -0.9038853049278259 -0.413403183221817
vn -0.3688395917415619 -0.9186413884162903 -0.1416168361902237
vn -0.5129259824752808 -0.8532068729400635 0.09457795321941376
vn 0.18876692652702332 -0.6035481691360474 0.7746590971946716
vn -0.4669656753540039 -0.1846461296081543 0.8647825717926025
vn 0.11207402497529984 0.257733017206192 0.9596943259239197
vn -0.07452448457479477 -0.9612869024276733 -0.2652803957462311
vn 0.5981411933898926 -0.09579923748970032 0.795644223690033
vn -0.061512596905231476 -0.4027112126350403 0.9132578372955322
vn -0.17064891755580902 -0.05297112837433815 0.9839070439338684
vn -0.15682777762413025 0.2194453924894333 0.962937593460083
vn 0.14836649596691132 0.17180031538009644 0.9738953113555908
vn 0.10985291749238968 -0.13367682695388794 0.9849177002906799
vn 0.21645556390285492 0.024422679096460342 0.9759869575500488
vn -0.13035288453102112 -0.0753476619720459 0.988600492477417
vn -0.012083105742931366 -0.08156244456768036 0.9965949654579163
vn -0.3139502704143524 -0.27867400646209717 0.9076211452484131
vn -0.056168872863054276 0.91372150182724 0.40244022011756897
vn -0.3987370729446411 0.7828109860420227 0.47771939635276794
vn -0.6614148020744324 0.5842776298522949 0.47026607394218445
vn 0.7729861736297607 0.03710472956299782 0.6333369016647339
vn -0.4410344362258911 0.8165934681892395 0.37237581610679626
vn -0.48879173398017883 0.8483256101608276 0.20353490114212036
vn 0.3884409964084625 0.6846082210540771 0.6167861819267273
vn 0.44990816712379456 0.7488631010055542 0.4866074323654175
vn 0.5737327933311462 0.7218241691589355 0.38704076409339905
vn -0.9356586337089539 -0.23421801626682281 0.26397889852523804
vn 0.5302975177764893 0.7253825068473816 0.4388676583766937
vn -0.3342690169811249 -0.9102454781532288 0.24437153339385986
vn 0.8267368078231812 0.4544122517108917 0.33168625831604004
vn 0.0021285293623805046 -0.9916213154792786 0.12916132807731628
vn 0.11799933016300201 -0.9132049679756165 0.390042245388031
vn -0.28883102536201477 -0.8840944766998291 0.367360383272171
vn 0.757323682308197 -0.5450559258460999 -0.3596871793270111
vn -0.40355533361434937 -0.9134316444396973 0.052780479192733765
vn 0.24849429726600647 -0.9668097496032715 -0.05940977856516838
vn 0.008034504018723965 0.669385552406311 0.7428717613220215
vn 0.3139207661151886 0.5201321840286255 0.7943023443222046
vn 0.5968196392059326 0.22684581577777863 0.769641101360321
vn -0.25696003437042236 0.35021650791168213 0.9007329940795898
vn -0.5906183123588562 0.48548266291618347 0.6445748209953308
vn 0.13676941394805908 0.2750542163848877 0.9516507983207703
vn -0.5123666524887085 0.36087703704833984 0.7792612314224243
vn -0.2846165895462036 0.26020368933677673 0.9226524233818054
vn 0.6820889115333557 0.19720031321048737 0.7041781544685364
vn 0.3607390224933624 0.056385572999715805 0.9309608340263367
vn -0.376578688621521 0.599711537361145 0.7060697674751282
vn -0.15227271616458893 0.3209831416606903 0.9347635507583618
vn -0.33936214447021484 0.7912313342094421 0.5087104439735413
vn -0.4594959616661072 0.8306578993797302 0.31443750858306885
vn 0.3494902551174164 0.5249544382095337 0.7760666012763977
vn -0.5924567580223083 0.7113283276557922 0.37816280126571655
vn 0.19653479754924774 0.6284967660903931 0.7525728940963745
vn 0.3279433846473694 0.5148611068725586 0.7920677065849304
vn 0.3629922866821289 0.5712709426879883 0.7361291646957397
vn -0.37321388721466064 -0.8750881552696228 0.30811062455177307
vn -0.18501494824886322 -0.8989914655685425 0.39696842432022095
vn 0.4546869099140167 0.5491530299186707 0.7012066841125488
vn -0.27900058031082153 -0.9123907089233398 0.2995026409626007
vn 0.996854305267334 -0.03694131225347519 0.07012075930833817
vn -0.40733686089515686 -0.9105726480484009 -0.07024399936199188
vn -0.04981690272688866 -0.7357158064842224 0.6754558682441711
vn -0.3260253667831421 -0.9393531680107117 0.10641035437583923
vn 0.7292898297309875 -0.5645536184310913 0.38654327392578125
vn -0.4073977768421173 -0.9030622839927673 -0.13603562116622925
vn -0.24933339655399323 -0.94804847240448 0.19757768511772156
vn -0.03386238217353821 0.12939587235450745 0.9910146594047546
vn 0.15092474222183228 0.0562906488776207 0.9869412779808044
vn 0.3152267336845398 0.2101217657327652 0.9254626035690308
vn -0.11408107727766037 0.49450239539146423 0.8616570830345154
vn 0.008350048214197159 0.2153167724609375 0.9765085577964783
vn -0.015446679666638374 0.32870280742645264 0.9443070888519287
vn -0.3056032061576843 0.6525003910064697 0.6934334635734558
vn 0.2296939343214035 0.4910367429256439 0.8403116464614868
vn 0.2606576085090637 0.4205746352672577 0.8690078258514404
vn 0.09011857211589813 0.4726976454257965 0.8766046166419983
vn -0.023954005911946297 0.5811124444007874 0.813470721244812
vn -0.16190877556800842 0.49312567710876465 0.8547587990760803
vn -0.3034336566925049 0.28400900959968567 0.9095422029495239
vn 0.2384522259235382 0.7153250575065613 0.6568489670753479
vn 0.23253153264522552 0.6863297820091248 0.6891158223152161
vn 0.030660269781947136 0.7892523407936096 0.6133031249046326
vn -0.10048289597034454 0.8500663638114929 0.5170013308525085
vn -0.8911780714988708 0.028998518362641335 0.452725887298584
vn -0.4187673032283783 -0.3432474136352539 0.8407230377197266
vn -0.4980491101741791 -0.20994800329208374 0.8413495421409607
vn 0.2679441273212433 0.526071310043335 0.8071276545524597
vn 0.18949410319328308 0.576532244682312 0.7947972416877747
vn -0.29470667243003845 -0.9386243224143982 0.17925556004047394
vn -0.33163076639175415 -0.9353762865066528 0.12285099178552628
vn 0.6572189331054688 0.19569861888885498 0.7278498411178589
vn 0.2806883454322815 0.7652753591537476 0.5792821049690247
vn -0.19558165967464447 -0.9653012752532959 0.17303575575351715
vn -0.23122867941856384 -0.9722135663032532 -0.036525942385196686
vn 0.38626769185066223 0.474554181098938 0.7909460067749023
vn 0.36537793278694153 0.7181479334831238 0.5922520756721497
vn -0.24890945851802826 -0.9146180748939514 -0.31861886382102966
vn -0.22356930375099182 -0.9577613472938538 -0.1808592677116394
vn 0.5535614490509033 -0.1954246461391449 0.8095548152923584
vn 0.6898531913757324 -0.2920762002468109 0.6624153852462769
vn 0.46950003504753113 0.6666558980941772 0.5789124369621277
vn -0.2744349241256714 -0.961601734161377 -0.002756909467279911
vn -0.23532193899154663 -0.8945205211639404 -0.38007447123527527
vn 0.15504391491413116 -0.8677515983581543 0.47219547629356384
vn 0.0897870808839798 -0.9392023086547852 0.3314172029495239
vn 0.11525429040193558 0.7542291879653931 0.646416962146759
vn 0.0008954245131462812 0.7249402403831482 0.6888112425804138
vn -0.061479758471250534 0.735919713973999 0.6742717623710632
vn -0.623241662979126 0.23868076503276825 0.744715690612793
vn 0.3317849040031433 0.7285315990447998 0.5993000864982605
vn -0.5517246127128601 -0.8178231120109558 -0.16360118985176086
vn -0.5637487173080444 -0.7614147067070007 -0.32005488872528076
vn -0.9973041415214539 0.0666026771068573 -0.030799277126789093
vn 0.19989964365959167 -0.9481279253959656 -0.24717126786708832
vn -0.3567345440387726 -0.6139416694641113 -0.7041422128677368
vn -0.0830913558602333 0.4982273578643799 -0.8630558252334595
vn 0.6471028923988342 -0.01360291801393032 -0.7622813582420349
vn 0.15299154818058014 -0.422186017036438 -0.8935058116912842
vn -0.31762880086898804 -0.19761818647384644 -0.9273936748504639
vn -0.7920966744422913 0.5231474041938782 -0.31448328495025635
vn 0.46829214692115784 0.6353760361671448 0.6140031218528748
vn -0.1359260231256485 -0.8605298399925232 -0.49093031883239746
vn -0.14429453015327454 -0.7661121487617493 -0.6262996792793274
vn -0.515349805355072 -0.4359791576862335 -0.7377918362617493
vn 0.5517576932907104 -0.14053550362586975 0.8220786452293396
vn 0.12277424335479736 -0.9272720217704773 -0.35368508100509644
vn -0.08327409625053406 -0.7388787865638733 -0.668673038482666
vn -0.2938818335533142 -0.8355327248573303 -0.4642397165298462
vn 0.197198748588562 0.4677441716194153 0.8615846037864685
vn -0.6548585295677185 -0.208229199051857 0.726499080657959
vn -0.3028705418109894 0.5480186939239502 0.779708206653595
vn -0.09741592407226562 -0.040855009108781815 0.9944048523902893
vn 0.9861133098602295 -0.07856814563274384 0.1463136225938797
vn 0.22833509743213654 0.6094344854354858 0.7592448592185974
vn -0.29341408610343933 0.5480543971061707 0.7832909226417542
vn -0.9976047277450562 1.7702790501061827e-05 -0.06917262077331543
vn -0.22565722465515137 0.840322732925415 0.4928859770298004
vn 0.5283355712890625 0.7952327728271484 0.2974329888820648
vn 0.17704394459724426 0.8244657516479492 0.5375050902366638
vn 0.24314533174037933 0.7394590377807617 0.6277585029602051
vn 0.08659937232732773 0.5856812596321106 0.8059020042419434
vn -0.32096225023269653 0.7896780967712402 0.5228687524795532
vn -0.19152571260929108 0.09656170755624771 -0.9767260551452637
vn 0.09130861610174179 0.982393205165863 0.1629917472600937
vn 0.13379409909248352 -0.33606839179992676 -0.9322860240936279
vn -0.9319785833358765 -0.20918332040309906 0.296071320772171
vn 0.9391071200370789 -0.3416411280632019 -0.03686748445034027
vn 0.2673020362854004 -0.6520333886146545 -0.7095082998275757
vn -0.902262806892395 0.4142950475215912 0.11950492113828659
vn 0.20228083431720734 0.5704137086868286 0.7960595488548279
vn 0.12892918288707733 0.5450266003608704 0.8284463286399841
vn -0.08712593466043472 -0.8742928504943848 -0.4775155186653137
vn -0.25524356961250305 -0.4133584201335907 -0.874062716960907
vn -0.2681354284286499 -0.44446974992752075 -0.8547222018241882
vn 0.28927499055862427 -0.95604008436203 -0.048034846782684326
vn 0.39224866032600403 -0.8565476536750793 0.3353613317012787
vn 0.014692972414195538 -0.9906895160675049 -0.13534575700759888
vn 0.49828553199768066 0.10010992735624313 0.8612140417098999
vn 0.9390964508056641 -0.09280697256326675 0.3308848738670349
vn 0.48342135548591614 0.4926413893699646 0.7236078977584839
vn -0.05433124303817749 -0.752441942691803 -0.6564139723777771
vn -0.2744699716567993 -0.951756477355957 -0.137207493185997
vn -0.5199341177940369 -0.839774489402771 0.15635666251182556
vn 0.30482831597328186 -0.3957206606864929 -0.8663052916526794
vn 0.45681968331336975 0.4559256434440613 -0.763837456703186
vn -0.43789026141166687 -0.8968972563743591 -0.06186680868268013
vn -0.2060137838125229 -0.9393896460533142 0.27405375242233276
vn 0.6638695001602173 0.042191993445158005 0.7466573715209961
vn 0.26124343276023865 -0.4044730067253113 -0.87644362449646
vn 0.0776400938630104 -0.9708608984947205 0.22671839594841003
vn 0.13490216434001923 0.512997031211853 0.8477237224578857
vn -0.41766151785850525 0.5531073808670044 0.7208544015884399
vn 0.01719294860959053 0.4127819836139679 0.9106675982475281
vn 0.06621304899454117 0.16752392053604126 0.983642041683197
vn -0.08791946619749069 0.1591743379831314 0.9833279252052307
vn 0.002280829707160592 -0.1829451620578766 0.9831205010414124
vn 0.013746783137321472 0.20538096129894257 0.9785855412483215
vn 0.019617930054664612 0.07705509662628174 0.996833860874176
vn 0.004896727856248617 -0.29005247354507446 0.9569982886314392
vn -0.13603425025939941 -0.29057565331459045 0.9471328258514404
vn -0.13975141942501068 -0.3060349225997925 0.9417070746421814
vn -0.050929781049489975 -0.6071200370788574 0.7929763793945312
vn 0.1053425669670105 -0.1614445149898529 0.9812434315681458
vn -0.21333865821361542 -0.40224912762641907 0.8903270363807678
f 1//1 2//2 3//3
f 3//3 2//2 4//4
f 2//2 5//5 4//4
f 4//4 5//5 6//6
f 6//6 7//7 8//8
f 2//2 1//1 9//9
f 10//10 2//2 9//9
f 11//11 2//2 10//10
f 5//5 2//2 11//11
f 12//12 5//5 11//11
f 6//6 5//5 13//13
f 13//13 5//5 12//12
f 7//7 6//6 13//13
f 10//10 9//9 14//14
f 11//11 10//10 14//14
f 15//15 11//11 14//14
f 12//12 11//11 15//15
f 12//12 16//16 13//13
f 7//7 13//13 17//17
f 18//18 16//16 12//12
f 19//19 17//17 16//16
f 16//16 17//17 13//13
f 20//20 21//21 22//22
f 23//23 24//24 25//25
f 23//23 25//25 26//26
f 26//26 25//25 21//21
f 1//1 21//21 25//25
f 3//3 21//21 1//1
f 22//22 21//21 3//3
f 27//27 22//22 3//3
f 4//4 27//27 3//3
f 28//28 27//27 4//4
f 6//6 28//28 4//4
f 29//29 28//28 6//6
f 8//8 29//29 6//6
f 7//7 30//30 31//31
f 8//8 7//7 31//31
f 1//1 25//25 9//9
f 25//25 24//24 9//9
f 30//30 7//7 32//32
f 9//9 33//33 14//14
f 14//14 33//33 34//34
f 14//14 34//34 35//35
f 14//14 35//35 15//15
f 12//12 15//15 36//36
f 7//7 17//17 32//32
f 12//12 36//36 18//18
f 19//19 16//16 37//37
f 16//16 18//18 37//37
f 38//38 19//19 37//37
f 17//17 19//19 38//38
f 39//39 40//40 41//41
f 42//42 40//40 43//43
f 43//43 40//40 39//39
f 44//44 42//42 45//45
f 45//45 42//42 43//43
f 46//46 47//47 39//39
f 44//44 45//45 48//48
f 45//45 49//49 48//48
f 47//47 50//50 51//51
f 47//47 51//51 39//39
f 39//39 51//51 43//43
f 45//45 43//43 52//52
f 52//52 43//43 51//51
f 53//53 45//45 52//52
f 49//49 45//45 53//53
f 49//49 54//54 55//55
f 55//55 54//54 56//56
f 50//50 57//57 51//51
f 20//20 53//53 52//52
f 49//49 53//53 20//20
f 54//54 49//49 20//20
f 58//58 56//56 54//54
f 58//58 54//54 59//59
f 59//59 27//27 60//60
f 27//27 61//61 62//62
f 60//60 27//27 62//62
f 51//51 57//57 63//63
f 63//63 64//64 51//51
f 51//51 64//64 52//52
f 59//59 54//54 20//20
f 61//61 28//28 65//65
f 28//28 29//29 66//66
f 65//65 28//28 66//66
f 67//67 68//68 66//66
f 67//67 66//66 69//69
f 69//69 70//70 71//71
f 67//67 69//69 71//71
f 71//71 70//70 72//72
f 26//26 73//73 23//23
f 26//26 64//64 73//73
f 26//26 52//52 64//64
f 64//64 63//63 73//73
f 21//21 52//52 26//26
f 20//20 52//52 21//21
f 59//59 20//20 22//22
f 27//27 59//59 22//22
f 28//28 61//61 27//27
f 8//8 66//66 29//29
f 69//69 66//66 8//8
f 8//8 31//31 69//69
f 70//70 69//69 31//31
f 74//74 72//72 70//70
f 75//75 74//74 70//70
f 75//75 70//70 30//30
f 30//30 70//70 31//31
f 32//32 75//75 30//30
f 9//9 24//24 76//76
f 33//33 9//9 76//76
f 76//76 34//34 33//33
f 35//35 36//36 15//15
f 77//77 75//75 32//32
f 76//76 78//78 79//79
f 34//34 76//76 79//79
f 80//80 34//34 79//79
f 35//35 34//34 80//80
f 81//81 35//35 80//80
f 82//82 35//35 81//81
f 36//36 35//35 82//82
f 18//18 36//36 82//82
f 32//32 17//17 83//83
f 84//84 77//77 32//32
f 84//84 32//32 83//83
f 79//79 78//78 85//85
f 79//79 86//86 80//80
f 87//87 80//80 86//86
f 81//81 80//80 87//87
f 87//87 82//82 81//81
f 38//38 83//83 17//17
f 86//86 79//79 88//88
f 87//87 86//86 88//88
f 88//88 89//89 87//87
f 89//89 82//82 87//87
f 90//90 82//82 89//89
f 18//18 82//82 91//91
f 91//91 82//82 90//90
f 37//37 18//18 91//91
f 38//38 37//37 92//92
f 92//92 37//37 91//91
f 83//83 38//38 92//92
f 79//79 93//93 94//94
f 94//94 88//88 79//79
f 90//90 95//95 91//91
f 94//94 96//96 97//97
f 94//94 97//97 88//88
f 95//95 90//90 98//98
f 92//92 91//91 99//99
f 99//99 91//91 95//95
f 83//83 92//92 99//99
f 100//100 84//84 83//83
f 99//99 100//100 83//83
f 95//95 101//101 99//99
f 100//100 99//99 102//102
f 102//102 99//99 101//101
f 103//103 104//104 105//105
f 104//104 103//103 106//106
f 106//106 103//103 42//42
f 107//107 106//106 42//42
f 103//103 105//105 108//108
f 103//103 108//108 41//41
f 103//103 41//41 40//40
f 42//42 103//103 40//40
f 109//109 107//107 42//42
f 109//109 110//110 107//107
f 111//111 41//41 108//108
f 111//111 39//39 41//41
f 44//44 109//109 42//42
f 112//112 110//110 109//109
f 112//112 109//109 44//44
f 46//46 39//39 111//111
f 113//113 112//112 44//44
f 46//46 114//114 47//47
f 113//113 44//44 48//48
f 113//113 48//48 115//115
f 48//48 49//49 116//116
f 48//48 116//116 115//115
f 117//117 116//116 49//49
f 117//117 49//49 55//55
f 118//118 117//117 119//119
f 119//119 117//117 55//55
f 50//50 47//47 57//57
f 56//56 119//119 55//55
f 56//56 120//120 119//119
f 119//119 120//120 60//60
f 47//47 121//121 57//57
f 56//56 58//58 122//122
f 59//59 120//120 58//58
f 60//60 120//120 59//59
f 60//60 62//62 123//123
f 65//65 66//66 124//124
f 124//124 66//66 68//68
f 72//72 125//125 126//126
f 127//127 63//63 57//57
f 67//67 128//128 68//68
f 71//71 128//128 67//67
f 126//126 71//71 72//72
f 126//126 128//128 71//71
f 127//127 73//73 63//63
f 129//129 73//73 127//127
f 74//74 130//130 131//131
f 74//74 131//131 72//72
f 74//74 75//75 130//130
f 132//132 23//23 73//73
f 132//132 73//73 133//133
f 133//133 73//73 129//129
f 23//23 132//132 24//24
f 130//130 75//75 134//134
f 24//24 78//78 76//76
f 24//24 132//132 78//78
f 75//75 77//77 134//134
f 135//135 132//132 133//133
f 136//136 135//135 133//133
f 78//78 135//135 85//85
f 78//78 132//132 135//135
f 135//135 136//136 137//137
f 135//135 93//93 85//85
f 138//138 135//135 137//137
f 93//93 135//135 138//138
f 79//79 85//85 93//93
f 77//77 100//100 139//139
f 77//77 84//84 100//100
f 93//93 138//138 140//140
f 140//140 94//94 93//93
f 89//89 88//88 141//141
f 89//89 141//141 90//90
f 141//141 142//142 90//90
f 142//142 98//98 90//90
f 137//137 143//143 140//140
f 137//137 140//140 138//138
f 94//94 140//140 144//144
f 144//144 140//140 145//145
f 96//96 94//94 144//144
f 88//88 97//97 141//141
f 146//146 141//141 97//97
f 142//142 141//141 146//146
f 98//98 142//142 147//147
f 148//148 98//98 147//147
f 98//98 148//148 95//95
f 143//143 149//149 140//140
f 149//149 150//150 145//145
f 149//149 145//145 140//140
f 144//144 145//145 150//150
f 151//151 144//144 150//150
f 152//152 151//151 153//153
f 96//96 151//151 152//152
f 96//96 144//144 151//151
f 152//152 97//97 96//96
f 154//154 155//155 146//146
f 154//154 146//146 97//97
f 155//155 156//156 146//146
f 156//156 157//157 142//142
f 156//156 142//142 146//146
f 147//147 142//142 157//157
f 158//158 148//148 159//159
f 148//148 158//158 95//95
f 102//102 160//160 100//100
f 153//153 161//161 152//152
f 162//162 154//154 152//152
f 152//152 154//154 97//97
f 101//101 95//95 163//163
f 95//95 158//158 163//163
f 101//101 163//163 164//164
f 102//102 101//101 164//164
f 165//165 152//152 161//161
f 165//165 162//162 152//152
f 158//158 166//166 163//163
f 167//167 104//104 168//168
f 106//106 107//107 169//169
f 106//106 169//169 104//104
f 104//104 169//169 168//168
f 107//107 170//170 171//171
f 169//169 107//107 171//171
f 104//104 167//167 105//105
f 107//107 110//110 170//170
f 172//172 170//170 110//110
f 173//173 105//105 167//167
f 173//173 174//174 105//105
f 108//108 105//105 174//174
f 111//111 174//174 175//175
f 111//111 108//108 174//174
f 110//110 112//112 176//176
f 175//175 177//177 111//111
f 111//111 177//177 46//46
f 177//177 114//114 46//46
f 178//178 114//114 177//177
f 176//176 113//113 115//115
f 176//176 112//112 113//113
f 179//179 47//47 114//114
f 117//117 180//180 116//116
f 180//180 115//115 116//116
f 181//181 122//122 180//180
f 118//118 181//181 180//180
f 118//118 180//180 117//117
f 181//181 118//118 182//182
f 182//182 118//118 119//119
f 60//60 183//183 119//119
f 119//119 183//183 182//182
f 123//123 184//184 185//185
f 47//47 179//179 186//186
f 56//56 122//122 181//181
f 181//181 120//120 122//122
f 56//56 181//181 120//120
f 123//123 183//183 60//60
f 47//47 186//186 121//121
f 120//120 122//122 58//58
f 123//123 62//62 184//184
f 62//62 61//61 184//184
f 65//65 184//184 61//61
f 65//65 124//124 184//184
f 187//187 124//124 68//68
f 126//126 125//125 188//188
f 125//125 72//72 188//188
f 127//127 57//57 189//189
f 57//57 121//121 189//189
f 68//68 190//190 187//187
f 128//128 190//190 68//68
f 128//128 191//191 190//190
f 188//188 192//192 126//126
f 126//126 192//192 128//128
f 193//193 191//191 192//192
f 128//128 192//192 191//191
f 192//192 188//188 131//131
f 131//131 188//188 72//72
f 127//127 189//189 129//129
f 131//131 193//193 192//192
f 131//131 130//130 193//193
f 130//130 194//194 193//193
f 194//194 130//130 134//134
f 129//129 195//195 133//133
f 195//195 129//129 196//196
f 197//197 195//195 196//196
f 197//197 198//198 195//195
f 195//195 198//198 136//136
f 133//133 195//195 136//136
f 197//197 199//199 198//198
f 134//134 77//77 200//200
f 136//136 201//201 137//137
f 136//136 198//198 201//201
f 201//201 198//198 202//202
f 202//202 198//198 199//199
f 77//77 139//139 200//200
f 203//203 137//137 201//201
f 203//203 204//204 143//143
f 137//137 203//203 143//143
f 148//148 147//147 159//159
f 139//139 160//160 205//205
f 139//139 100//100 160//160
f 149//149 143//143 150//150
f 143//143 206//206 150//150
f 151//151 150//150 207//207
f 150//150 206//206 207//207
f 153//153 151//151 207//207
f 207//207 208//208 153//153
f 154//154 209//209 155//155
f 156//156 155//155 157//157
f 155//155 209//209 157//157
f 147//147 157//157 210//210
f 210//210 157//157 211//211
f 212//212 147//147 210//210
f 212//212 159//159 147//147
f 161//161 208//208 213//213
f 153//153 208//208 161//161
f 209//209 162//162 214//214
f 154//154 162//162 209//209
f 159//159 212//212 166//166
f 158//158 159//159 166//166
f 102//102 164//164 160//160
f 160//160 164//164 215//215
f 161//161 216//216 165//165
f 161//161 213//213 216//216
f 214//214 165//165 216//216
f 214//214 162//162 165//165
f 164//164 163//163 217//217
f 163//163 166//166 217//217
f 218//218 164//164 217//217
f 219//219 220//220 221//221
f 222//222 223//223 224//224
f 224//224 223//223 225//225
f 223//223 226//226 225//225
f 226//226 223//223 227//227
f 228//228 226//226 227//227
f 219//219 226//226 228//228
f 220//220 219//219 229//229
f 229//229 219//219 228//228
f 230//230 222//222 231//231
f 223//223 222//222 230//230
f 232//232 227//227 172//172
f 228//228 227//227 232//232
f 229//229 228//228 233//233
f 234//234 229//229 233//233
f 231//231 235//235 168//168
f 231//231 168//168 230//230
f 230//230 168//168 169//169
f 223//223 230//230 171//171
f 171//171 230//230 169//169
f 227//227 223//223 171//171
f 172//172 227//227 171//171
f 236//236 228//228 232//232
f 233//233 228//228 236//236
f 235//235 237//237 168//168
f 237//237 167//167 168//168
f 172//172 171//171 170//170
f 232//232 172//172 238//238
f 238//238 172//172 239//239
f 236//236 232//232 238//238
f 172//172 110//110 239//239
f 236//236 238//238 240//240
f 241//241 242//242 233//233
f 241//241 233//233 240//240
f 240//240 233//233 236//236
f 243//243 174//174 173//173
f 239//239 110//110 176//176
f 238//238 239//239 244//244
f 244//244 239//239 176//176
f 240//240 238//238 244//244
f 245//245 246//246 247//247
f 247//247 246//246 248//248
f 174//174 243//243 175//175
f 240//240 244//244 249//249
f 250//250 241//241 240//240
f 250//250 240//240 251//251
f 251//251 240//240 249//249
f 250//250 251//251 252//252
f 253//253 254//254 255//255
f 256//256 253//253 255//255
f 257//257 258//258 259//259
f 257//257 259//259 248//248
f 248//248 259//259 247//247
f 260//260 244//244 176//176
f 249//249 244//244 261//261
f 261//261 244//244 260//260
f 251//251 249//249 262//262
f 262//262 249//249 261//261
f 263//263 252//252 251//251
f 263//263 251//251 264//264
f 264//264 251//251 262//262
f 256//256 263//263 264//264
f 256//256 264//264 253//253
f 253//253 264//264 185//185
f 254//254 253//253 265//265
f 265//265 253//253 185//185
f 265//265 266//266 254//254
f 258//258 267//267 259//259
f 267//267 247//247 259//259
f 114//114 178//178 179//179
f 180//180 176//176 115//115
f 260//260 176//176 180//180
f 122//122 260//260 180//180
f 122//122 261//261 260//260
f 182//182 122//122 181//181
f 182//182 261//261 122//122
f 183//183 261//261 182//182
f 262//262 261//261 183//183
f 123//123 262//262 183//183
f 264//264 262//262 123//123
f 185//185 264//264 123//123
f 184//184 265//265 185//185
f 268//268 266//266 265//265
f 268//268 265//265 269//269
f 269//269 265//265 184//184
f 268//268 269//269 270//270
f 186//186 271//271 272//272
f 186//186 179//179 271//271
f 269//269 184//184 273//273
f 270//270 269//269 273//273
f 187//187 270//270 273//273
f 270//270 187//187 274//274
f 125//125 275//275 188//188
f 186//186 272//272 121//121
f 276//276 277//277 272//272
f 277//277 121//121 272//272
f 276//276 278//278 277//277
f 124//124 273//273 184//184
f 187//187 273//273 124//124
f 187//187 279//279 274//274
f 277//277 189//189 121//121
f 187//187 190//190 279//279
f 280//280 190//190 191//191
f 193//193 280//280 191//191
f 277//277 129//129 189//189
f 277//277 278//278 129//129
f 278//278 196//196 129//129
f 281//281 280//280 193//193
f 281//281 193//193 194//194
f 194//194 134//134 282//282
f 197//197 283//283 284//284
f 282//282 134//134 200//200
f 199//199 197//197 284//284
f 199//199 284//284 285//285
f 285//285 286//286 199//199
f 202//202 203//203 201//201
f 202//202 199//199 287//287
f 286//286 287//287 199//199
f 200//200 139//139 205//205
f 203//203 202//202 287//287
f 288//288 286//286 285//285
f 287//287 286//286 288//288
f 204//204 203//203 287//287
f 205//205 160//160 215//215
f 206//206 143//143 204//204
f 204//204 287//287 206//206
f 207//207 206//206 289//289
f 289//289 208//208 207//207
f 290//290 208//208 289//289
f 209//209 291//291 157//157
f 291//291 211//211 157//157
f 292//292 293//293 210//210
f 293//293 212//212 210//210
f 212//212 293//293 294//294
f 295//295 296//296 218//218
f 215//215 296//296 297//297
f 215//215 218//218 296//296
f 205//205 215//215 297//297
f 213//213 208//208 298//298
f 208//208 290//290 298//298
f 299//299 300//300 291//291
f 300//300 211//211 291//291
f 210//210 211//211 300//300
f 301//301 292//292 210//210
f 300//300 301//301 210//210
f 212//212 294//294 166//166
f 166//166 294//294 302//302
f 295//295 217//217 302//302
f 217//217 166//166 302//302
f 218//218 217//217 295//295
f 215//215 164//164 218//218
f 213//213 298//298 303//303
f 213//213 303//303 216//216
f 214//214 216//216 304//304
f 216//216 303//303 304//304
f 291//291 209//209 214//214
f 291//291 214//214 305//305
f 305//305 214//214 304//304
f 299//299 291//291 305//305
f 299//299 305//305 306//306
f 300//300 299//299 306//306
f 307//307 308//308 309//309
f 310//310 307//307 309//309
f 309//309 308//308 311//311
f 311//311 312//312 313//313
f 308//308 307//307 225//225
f 312//312 311//311 221//221
f 221//221 311//311 308//308
f 312//312 314//314 313//313
f 313//313 314//314 315//315
f 316//316 310//310 317//317
f 307//307 310//310 316//316
f 307//307 316//316 225//225
f 221//221 308//308 219//219
f 220//220 312//312 221//221
f 220//220 314//314 312//312
f 308//308 225//225 226//226
f 219//219 308//308 226//226
f 314//314 220//220 318//318
f 315//315 314//314 319//319
f 319//319 314//314 318//318
f 315//315 319//319 320//320
f 317//317 224//224 316//316
f 317//317 321//321 224//224
f 321//321 222//222 224//224
f 225//225 316//316 224//224
f 234//234 220//220 229//229
f 234//234 318//318 220//220
f 322//322 320//320 319//319
f 222//222 321//321 231//231
f 321//321 323//323 231//231
f 324//324 318//318 234//234
f 319//319 318//318 325//325
f 325//325 318//318 324//324
f 325//325 322//322 319//319
f 235//235 231//231 326//326
f 231//231 323//323 326//326
f 242//242 234//234 233//233
f 242//242 324//324 234//234
f 327//327 324//324 242//242
f 325//325 324//324 328//328
f 328//328 324//324 327//327
f 235//235 326//326 237//237
f 327//327 242//242 329//329
f 330//330 325//325 328//328
f 330//330 328//328 327//327
f 330//330 331//331 332//332
f 330//330 332//332 325//325
f 332//332 331//331 333//333
f 167//167 334//334 335//335
f 173//173 167//167 335//335
f 334//334 167//167 237//237
f 329//329 242//242 336//336
f 336//336 242//242 241//241
f 337//337 329//329 336//336
f 327//327 329//329 338//338
f 338//338 329//329 337//337
f 327//327 338//338 330//330
f 330//330 339//339 331//331
f 246//246 339//339 248//248
f 246//246 331//331 339//339
f 246//246 245//245 333//333
f 246//246 333//333 331//331
f 333//333 245//245 340//340
f 341//341 241//241 250//250
f 341//341 342//342 336//336
f 341//341 336//336 241//241
f 337//337 336//336 342//342
f 337//337 342//342 343//343
f 338//338 337//337 344//344
f 337//337 343//343 344//344
f 345//345 255//255 254//254
f 346//346 338//338 347//347
f 346//346 330//330 338//338
f 338//338 344//344 347//347
f 348//348 349//349 339//339
f 348//348 339//339 346//346
f 346//346 339//339 330//330
f 339//339 257//257 248//248
f 339//339 350//350 257//257
f 339//339 349//349 350//350
f 351//351 257//257 350//350
f 247//247 352//352 245//245
f 175//175 243//243 177//177
f 250//250 252//252 353//353
f 250//250 353//353 341//341
f 255//255 345//345 353//353
f 255//255 353//353 256//256
f 256//256 353//353 252//252
f 346//346 354//354 355//355
f 346//346 347//347 354//354
f 355//355 354//354 254//254
f 345//345 254//254 354//354
f 355//355 348//348 346//346
f 351//351 258//258 257//257
f 177//177 243//243 356//356
f 177//177 356//356 357//357
f 177//177 357//357 178//178
f 263//263 358//358 252//252
f 359//359 252//252 358//358
f 263//263 256//256 360//360
f 252//252 359//359 256//256
f 360//360 256//256 359//359
f 360//360 361//361 362//362
f 355//355 361//361 363//363
f 355//355 266//266 361//361
f 355//355 254//254 266//266
f 266//266 362//362 361//361
f 348//348 355//355 363//363
f 364//364 258//258 351//351
f 364//364 267//267 258//258
f 352//352 267//267 364//364
f 352//352 247//247 267//267
f 178//178 365//365 179//179
f 263//263 366//366 358//358
f 360//360 366//366 263//263
f 362//362 366//366 360//360
f 266//266 268//268 362//362
f 270//270 367//367 268//268
f 268//268 367//367 362//362
f 271//271 179//179 365//365
f 272//272 271//271 368//368
f 271//271 365//365 368//368
f 276//276 272//272 369//369
f 272//272 368//368 369//369
f 369//369 370//370 276//276
f 270//270 274//274 367//367
f 278//278 276//276 370//370
f 274//274 279//279 371//371
f 280//280 279//279 190//190
f 278//278 372//372 196//196
f 280//280 373//373 279//279
f 373//373 280//280 281//281
f 196//196 372//372 197//197
f 372//372 283//283 197//197
f 374//374 281//281 282//282
f 281//281 194//194 282//282
f 374//374 282//282 375//375
f 282//282 200//200 375//375
f 376//376 375//375 200//200
f 285//285 284//284 377//377
f 377//377 284//284 283//283
f 376//376 200//200 378//378
f 200//200 205//205 378//378
f 378//378 205//205 297//297
f 285//285 377//377 288//288
f 379//379 380//380 381//381
f 295//295 382//382 297//297
f 382//382 383//383 297//297
f 289//289 206//206 287//287
f 384//384 290//290 288//288
f 287//287 288//288 289//289
f 289//289 288//288 290//290
f 293//293 380//380 379//379
f 293//293 292//292 380//380
f 292//292 301//301 380//380
f 379//379 385//385 293//293
f 293//293 385//385 294//294
f 386//386 302//302 385//385
f 302//302 294//294 385//385
f 295//295 386//386 382//382
f 295//295 302//302 386//386
f 297//297 296//296 295//295
f 384//384 298//298 290//290
f 387//387 303//303 298//298
f 387//387 298//298 384//384
f 387//387 388//388 303//303
f 388//388 304//304 303//303
f 306//306 304//304 389//389
f 306//306 305//305 304//304
f 390//390 300//300 306//306
f 390//390 301//301 300//300
f 390//390 306//306 389//389
f 309//309 391//391 392//392
f 393//393 310//310 392//392
f 392//392 310//310 309//309
f 311//311 391//391 309//309
f 391//391 311//311 394//394
f 313//313 395//395 311//311
f 311//311 395//395 394//394
f 395//395 313//313 315//315
f 310//310 393//393 317//317
f 317//317 393//393 396//396
f 315//315 320//320 397//397
f 321//321 396//396 398//398
f 321//321 317//317 396//396
f 322//322 399//399 320//320
f 321//321 398//398 323//323
f 400//400 398//398 396//396
f 322//322 401//401 402//402
f 322//322 402//402 399//399
f 398//398 400//400 323//323
f 322//322 325//325 401//401
f 402//402 401//401 403//403
f 401//401 325//325 332//332
f 237//237 326//326 334//334
f 332//332 333//333 404//404
f 332//332 404//404 403//403
f 332//332 403//403 401//401
f 335//335 334//334 405//405
f 333//333 340//340 406//406
f 333//333 406//406 407//407
f 333//333 407//407 404//404
f 243//243 173//173 335//335
f 408//408 409//409 344//344
f 347//347 344//344 409//409
f 409//409 349//349 348//348
f 410//410 349//349 411//411
f 411//411 349//349 409//409
f 410//410 412//412 349//349
f 412//412 350//350 349//349
f 351//351 413//413 414//414
f 351//351 350//350 413//413
f 350//350 412//412 413//413
f 415//415 340//340 413//413
f 415//415 406//406 340//340
f 413//413 340//340 414//414
f 245//245 352//352 340//340
f 414//414 340//340 352//352
f 243//243 335//335 416//416
f 243//243 416//416 356//356
f 353//353 342//342 341//341
f 342//342 345//345 343//343
f 342//342 353//353 345//345
f 354//354 343//343 345//345
f 344//344 343//343 354//354
f 344//344 417//417 408//408
f 344//344 354//354 417//417
f 409//409 417//417 347//347
f 347//347 417//417 354//354
f 410//410 417//417 363//363
f 410//410 411//411 417//417
f 363//363 417//417 348//348
f 409//409 348//348 417//417
f 363//363 418//418 410//410
f 414//414 364//364 351//351
f 352//352 364//364 414//414
f 356//356 416//416 419//419
f 356//356 419//419 420//420
f 357//357 356//356 420//420
f 178//178 357//357 365//365
f 359//359 358//358 421//421
f 360//360 359//359 422//422
f 359//359 421//421 422//422
f 361//361 360//360 422//422
f 363//363 361//361 423//423
f 361//361 422//422 423//423
f 418//418 363//363 423//423
f 424//424 357//357 420//420
f 424//424 365//365 357//357
f 425//425 426//426 427//427
f 425//425 428//428 426//426
f 362//362 429//429 366//366
f 367//367 429//429 362//362
f 430//430 429//429 367//367
f 365//365 424//424 431//431
f 431//431 427//427 368//368
f 431//431 368//368 365//365
f 369//369 368//368 427//427
f 426//426 369//369 427//427
f 369//369 426//426 370//370
f 370//370 432//432 433//433
f 370//370 426//426 432//432
f 434//434 435//435 436//436
f 437//437 429//429 430//430
f 367//367 274//274 371//371
f 367//367 371//371 430//430
f 430//430 438//438 437//437
f 371//371 438//438 430//430
f 438//438 371//371 279//279
f 372//372 370//370 439//439
f 372//372 278//278 370//370
f 373//373 440//440 438//438
f 373//373 438//438 279//279
f 373//373 441//441 440//440
f 442//442 443//443 444//444
f 444//444 443//443 445//445
f 443//443 446//446 445//445
f 441//441 373//373 447//447
f 439//439 448//448 283//283
f 372//372 439//439 283//283
f 442//442 448//448 439//439
f 449//449 444//444 445//445
f 281//281 374//374 373//373
f 373//373 374//374 447//447
f 444//444 450//450 442//442
f 450//450 448//448 442//442
f 444//444 451//451 450//450
f 449//449 451//451 444//444
f 449//449 452//452 453//453
f 452//452 454//454 453//453
f 454//454 455//455 453//453
f 447//447 456//456 457//457
f 374//374 375//375 456//456
f 374//374 456//456 447//447
f 448//448 458//458 283//283
f 459//459 458//458 450//450
f 458//458 448//448 450//450
f 459//459 450//450 460//460
f 450//450 451//451 460//460
f 453//453 451//451 449//449
f 461//461 455//455 457//457
f 456//456 462//462 457//457
f 462//462 461//461 457//457
f 375//375 376//376 456//456
f 456//456 376//376 462//462
f 283//283 458//458 377//377
f 459//459 463//463 458//458
f 459//459 460//460 463//463
f 460//460 464//464 463//463
f 451//451 464//464 460//460
f 453//453 465//465 451//451
f 465//465 464//464 451//451
f 461//461 465//465 453//453
f 455//455 461//461 453//453
f 376//376 378//378 462//462
f 458//458 466//466 377//377
f 467//467 466//466 463//463
f 466//466 458//458 463//463
f 467//467 463//463 468//468
f 463//463 464//464 468//468
f 469//469 468//468 464//464
f 465//465 469//469 464//464
f 461//461 470//470 465//465
f 462//462 383//383 461//461
f 383//383 471//471 461//461
f 378//378 297//297 383//383
f 462//462 378//378 383//383
f 467//467 472//472 466//466
f 467//467 468//468 472//472
f 465//465 473//473 469//469
f 474//474 473//473 465//465
f 470//470 474//474 465//465
f 471//471 470//470 461//461
f 472//472 288//288 466//466
f 472//472 475//475 288//288
f 377//377 466//466 288//288
f 476//476 472//472 468//468
f 476//476 468//468 477//477
f 478//478 477//477 469//469
f 477//477 468//468 469//469
f 473//473 478//478 469//469
f 479//479 478//478 473//473
f 479//479 473//473 480//480
f 381//381 380//380 480//480
f 381//381 480//480 474//474
f 474//474 480//480 473//473
f 379//379 381//381 474//474
f 379//379 474//474 385//385
f 385//385 474//474 470//470
f 471//471 382//382 470//470
f 383//383 382//382 471//471
f 475//475 384//384 288//288
f 475//475 476//476 384//384
f 476//476 477//477 481//481
f 478//478 481//481 477//477
f 480//480 482//482 479//479
f 380//380 301//301 482//482
f 480//480 380//380 482//482
f 386//386 385//385 470//470
f 470//470 382//382 386//386
f 387//387 384//384 476//476
f 481//481 483//483 476//476
f 483//483 387//387 476//476
f 478//478 484//484 481//481
f 484//484 483//483 481//481
f 479//479 484//484 478//478
f 482//482 484//484 479//479
f 388//388 387//387 483//483
f 304//304 388//388 483//483
f 389//389 304//304 483//483
f 389//389 483//483 484//484
f 390//390 389//389 482//482
f 482//482 389//389 484//484
f 301//301 390//390 482//482
f 392//392 485//485 393//393
f 393//393 485//485 486//486
f 486//486 485//485 487//487
f 392//392 487//487 485//485
f 488//488 487//487 392//392
f 391//391 488//488 392//392
f 391//391 394//394 488//488
f 395//395 489//489 394//394
f 394//394 489//489 488//488
f 490//490 489//489 395//395
f 491//491 492//492 393//393
f 491//491 393//393 486//486
f 490//490 395//395 315//315
f 493//493 490//490 315//315
f 393//393 492//492 396//396
f 492//492 491//491 494//494
f 315//315 397//397 493//493
f 492//492 495//495 396//396
f 495//495 492//492 494//494
f 496//496 495//495 494//494
f 320//320 497//497 397//397
f 399//399 498//498 497//497
f 399//399 497//497 320//320
f 396//396 495//495 400//400
f 402//402 498//498 399//399
f 499//499 400//400 495//495
f 496//496 499//499 495//495
f 400//400 500//500 501//501
f 400//400 501//501 323//323
f 323//323 501//501 326//326
f 499//499 500//500 400//400
f 402//402 403//403 502//502
f 326//326 503//503 334//334
f 503//503 326//326 501//501
f 404//404 407//407 403//403
f 406//406 415//415 504//504
f 406//406 504//504 407//407
f 334//334 505//505 405//405
f 412//412 410//410 506//506
f 413//413 412//412 507//507
f 412//412 506//506 507//507
f 415//415 413//413 507//507
f 508//508 509//509 510//510
f 416//416 405//405 508//508
f 416//416 335//335 405//405
f 509//509 508//508 405//405
f 511//511 408//408 417//417
f 511//511 512//512 408//408
f 409//409 408//408 513//513
f 513//513 408//408 512//512
f 511//511 411//411 418//418
f 511//511 417//417 411//411
f 418//418 411//411 513//513
f 409//409 513//513 411//411
f 418//418 513//513 410//410
f 416//416 508//508 514//514
f 514//514 508//508 510//510
f 416//416 514//514 419//419
f 515//515 516//516 517//517
f 515//515 421//421 358//358
f 515//515 517//517 421//421
f 517//517 518//518 421//421
f 422//422 421//421 518//518
f 512//512 511//511 423//423
f 512//512 423//423 518//518
f 518//518 423//423 422//422
f 418//418 423//423 511//511
f 519//519 514//514 510//510
f 520//520 419//419 514//514
f 419//419 520//520 420//420
f 427//427 431//431 521//521
f 521//521 425//425 427//427
f 428//428 425//425 522//522
f 428//428 523//523 432//432
f 522//522 523//523 428//428
f 515//515 524//524 516//516
f 358//358 366//366 525//525
f 358//358 525//525 515//515
f 525//525 366//366 435//435
f 366//366 429//429 435//435
f 520//520 514//514 519//519
f 526//526 527//527 520//520
f 520//520 527//527 420//420
f 527//527 528//528 424//424
f 527//527 424//424 420//420
f 424//424 528//528 431//431
f 431//431 528//528 529//529
f 432//432 426//426 428//428
f 432//432 530//530 433//433
f 531//531 524//524 515//515
f 525//525 531//531 515//515
f 435//435 434//434 525//525
f 532//532 435//435 429//429
f 429//429 437//437 532//532
f 520//520 519//519 533//533
f 433//433 534//534 370//370
f 534//534 433//433 443//443
f 535//535 433//433 530//530
f 535//535 443//443 433//433
f 524//524 531//531 535//535
f 531//531 536//536 535//535
f 525//525 536//536 531//531
f 434//434 537//537 525//525
f 525//525 537//537 536//536
f 434//434 436//436 537//537
f 537//537 436//436 538//538
f 538//538 436//436 532//532
f 436//436 435//435 532//532
f 370//370 534//534 439//439
f 439//439 534//534 443//443
f 536//536 446//446 535//535
f 446//446 443//443 535//535
f 537//537 539//539 536//536
f 540//540 538//538 532//532
f 541//541 540//540 437//437
f 540//540 532//532 437//437
f 440//440 437//437 438//438
f 437//437 440//440 541//541
f 539//539 446//446 536//536
f 538//538 542//542 537//537
f 542//542 539//539 537//537
f 540//540 542//542 538//538
f 541//541 543//543 540//540
f 543//543 542//542 540//540
f 441//441 447//447 543//543
f 441//441 543//543 440//440
f 541//541 440//440 543//543
f 439//439 443//443 442//442
f 539//539 445//445 446//446
f 445//445 539//539 452//452
f 542//542 454//454 539//539
f 454//454 452//452 539//539
f 447//447 457//457 543//543
f 543//543 457//457 542//542
f 457//457 454//454 542//542
f 449//449 445//445 452//452
f 457//457 455//455 454//454
f 472//472 476//476 475//475
f 488//488 544//544 487//487
f 489//489 544//544 488//488
f 545//545 489//489 490//490
f 486//486 487//487 491//491
f 490//490 493//493 545//545
f 493//493 397//397 497//497
f 546//546 493//493 497//497
f 494//494 547//547 496//496
f 497//497 498//498 546//546
f 498//498 548//548 546//546
f 498//498 549//549 548//548
f 402//402 549//549 498//498
f 402//402 502//502 549//549
f 500//500 499//499 550//550
f 503//503 501//501 551//551
f 500//500 551//551 501//501
f 550//550 551//551 500//500
f 407//407 502//502 403//403
f 407//407 504//504 502//502
f 503//503 551//551 552//552
f 334//334 503//503 552//552
f 553//553 504//504 415//415
f 552//552 505//505 334//334
f 554//554 505//505 552//552
f 410//410 555//555 506//506
f 507//507 553//553 415//415
f 505//505 509//509 405//405
f 556//556 509//509 505//505
f 555//555 410//410 513//513
f 557//557 558//558 522//522
f 558//558 523//523 522//522
f 516//516 559//559 517//517
f 510//510 560//560 519//519
f 529//529 521//521 431//431
f 521//521 557//557 425//425
f 522//522 425//425 557//557
f 526//526 520//520 533//533
f 533//533 561//561 526//526
f 527//527 526//526 561//561
f 527//527 561//561 528//528
f 561//561 529//529 528//528
f 535//535 530//530 524//524
f 533//533 519//519 562//562
f 487//487 544//544 563//563
f 564//564 487//487 563//563
f 544//544 489//489 545//545
f 563//563 544//544 545//545
f 487//487 565//565 491//491
f 487//487 564//564 565//565
f 545//545 566//566 563//563
f 545//545 493//493 567//567
f 545//545 567//567 566//566
f 491//491 565//565 494//494
f 564//564 568//568 565//565
f 563//563 568//568 564//564
f 566//566 568//568 563//563
f 566//566 569//569 570//570
f 566//566 567//567 569//569
f 493//493 546//546 567//567
f 567//567 546//546 569//569
f 494//494 571//571 547//547
f 572//572 571//571 565//565
f 571//571 494//494 565//565
f 546//546 573//573 569//569
f 569//569 573//573 570//570
f 546//546 548//548 573//573
f 573//573 574//574 570//570
f 548//548 575//575 573//573
f 549//549 575//575 548//548
f 547//547 571//571 496//496
f 502//502 576//576 549//549
f 549//549 576//576 575//575
f 499//499 496//496 571//571
f 499//499 571//571 550//550
f 550//550 571//571 577//577
f 578//578 576//576 502//502
f 551//551 550//550 579//579
f 577//577 579//579 550//550
f 504//504 578//578 502//502
f 580//580 551//551 579//579
f 504//504 553//553 578//578
f 552//552 581//581 554//554
f 552//552 551//551 581//581
f 580//580 581//581 551//551
f 506//506 555//555 582//582
f 507//507 506//506 583//583
f 506//506 582//582 583//583
f 583//583 553//553 507//507
f 554//554 556//556 505//505
f 554//554 584//584 556//556
f 585//585 555//555 518//518
f 555//555 513//513 512//512
f 586//586 510//510 509//509
f 586//586 509//509 556//556
f 510//510 586//586 560//560
f 557//557 521//521 587//587
f 523//523 558//558 588//588
f 558//558 559//559 588//588
f 588//588 559//559 516//516
f 559//559 589//589 517//517
f 585//585 518//518 517//517
f 512//512 518//518 555//555
f 590//590 560//560 586//586
f 587//587 521//521 529//529
f 587//587 529//529 591//591
f 523//523 588//588 432//432
f 530//530 432//432 588//588
f 516//516 524//524 588//588
f 533//533 592//592 561//561
f 561//561 592//592 529//529
f 524//524 530//530 588//588
f 562//562 560//560 590//590
f 519//519 560//560 562//562
f 533//533 562//562 592//592
f 572//572 565//565 568//568
f 572//572 568//568 593//593
f 593//593 568//568 566//566
f 566//566 570//570 593//593
f 593//593 594//594 572//572
f 594//594 595//595 572//572
f 570//570 574//574 593//593
f 573//573 575//575 596//596
f 574//574 573//573 596//596
f 572//572 595//595 571//571
f 593//593 597//597 594//594
f 574//574 597//597 593//593
f 596//596 598//598 574//574
f 575//575 576//576 599//599
f 596//596 575//575 599//599
f 597//597 595//595 594//594
f 598//598 597//597 574//574
f 576//576 578//578 599//599
f 579//579 577//577 600//600
f 577//577 571//571 595//595
f 577//577 595//595 600//600
f 601//601 600//600 595//595
f 597//597 602//602 595//595
f 602//602 601//601 595//595
f 603//603 602//602 597//597
f 597//597 598//598 603//603
f 604//604 603//603 598//598
f 596//596 604//604 598//598
f 599//599 604//604 596//596
f 578//578 605//605 599//599
f 599//599 605//605 604//604
f 606//606 601//601 607//607
f 602//602 607//607 601//601
f 608//608 607//607 602//602
f 603//603 608//608 602//602
f 609//609 608//608 603//603
f 604//604 609//609 603//603
f 610//610 609//609 604//604
f 610//610 604//604 611//611
f 605//605 611//611 604//604
f 612//612 611//611 605//605
f 578//578 553//553 612//612
f 578//578 612//612 605//605
f 581//581 580//580 613//613
f 579//579 613//613 580//580
f 600//600 614//614 579//579
f 614//614 613//613 579//579
f 606//606 614//614 600//600
f 601//601 606//606 600//600
f 615//615 616//616 555//555
f 582//582 555//555 616//616
f 610//610 611//611 582//582
f 610//610 582//582 616//616
f 583//583 582//582 611//611
f 612//612 583//583 611//611
f 553//553 583//583 612//612
f 584//584 617//617 556//556
f 584//584 554//554 581//581
f 614//614 618//618 613//613
f 606//606 618//618 614//614
f 589//589 619//619 585//585
f 619//619 620//620 585//585
f 615//615 585//585 620//620
f 555//555 585//585 615//615
f 556//556 617//617 586//586
f 581//581 621//621 584//584
f 621//621 617//617 584//584
f 622//622 621//621 613//613
f 621//621 581//581 613//613
f 557//557 587//587 623//623
f 558//558 557//557 624//624
f 557//557 623//623 624//624
f 559//559 558//558 624//624
f 624//624 589//589 559//559
f 585//585 517//517 589//589
f 586//586 617//617 590//590
f 625//625 590//590 617//617
f 626//626 621//621 627//627
f 626//626 625//625 621//621
f 625//625 617//617 621//621
f 622//622 627//627 621//621
f 628//628 591//591 529//529
f 628//628 629//629 591//591
f 623//623 587//587 591//591
f 623//623 591//591 629//629
f 625//625 630//630 590//590
f 626//626 630//630 625//625
f 630//630 631//631 592//592
f 626//626 631//631 630//630
f 631//631 628//628 592//592
f 628//628 529//529 592//592
f 630//630 562//562 590//590
f 592//592 562//562 630//630
f 632//632 607//607 608//608
f 609//609 633//633 608//608
f 609//609 634//634 633//633
f 610//610 635//635 609//609
f 609//609 635//635 634//634
f 606//606 607//607 636//636
f 615//615 620//620 616//616
f 620//620 637//637 616//616
f 635//635 610//610 616//616
f 618//618 622//622 613//613
f 589//589 638//638 619//619
f 624//624 638//638 589//589
f 639//639 619//619 638//638
f 640//640 620//620 619//619
f 641//641 620//620 640//640
f 637//637 620//620 641//641
f 642//642 643//643 644//644
f 645//645 642//642 644//644
f 646//646 642//642 645//645
f 647//647 627//627 622//622
f 618//618 647//647 622//622
f 648//648 624//624 623//623
f 624//624 648//648 649//649
f 650//650 624//624 649//649
f 638//638 624//624 650//650
f 639//639 638//638 650//650
f 626//626 627//627 651//651
f 628//628 652//652 629//629
f 653//653 629//629 652//652
f 623//623 629//629 654//654
f 629//629 653//653 654//654
f 648//648 623//623 654//654
f 631//631 626//626 651//651
f 652//652 628//628 631//631
f 632//632 608//608 633//633
f 633//633 634//634 655//655
f 634//634 635//635 656//656
f 607//607 632//632 636//636
f 633//633 657//657 632//632
f 658//658 657//657 633//633
f 659//659 655//655 660//660
f 659//659 658//658 655//655
f 658//658 633//633 655//655
f 634//634 660//660 655//655
f 661//661 660//660 634//634
f 661//661 656//656 662//662
f 661//661 634//634 656//656
f 616//616 637//637 656//656
f 635//635 616//616 656//656
f 642//642 663//663 664//664
f 642//642 664//664 643//643
f 663//663 642//642 646//646
f 647//647 618//618 665//665
f 618//618 606//606 665//665
f 665//665 606//606 666//666
f 606//606 636//636 666//666
f 667//667 666//666 636//636
f 632//632 667//667 636//636
f 657//657 667//667 632//632
f 668//668 667//667 657//657
f 658//658 639//639 657//657
f 658//658 619//619 639//639
f 657//657 639//639 668//668
f 669//669 670//670 639//639
f 668//668 639//639 670//670
f 619//619 659//659 640//640
f 619//619 658//658 659//659
f 640//640 659//659 671//671
f 670//670 669//669 659//659
f 671//671 659//659 669//669
f 671//671 641//641 640//640
f 672//672 662//662 641//641
f 656//656 637//637 662//662
f 641//641 662//662 637//637
f 664//664 673//673 643//643
f 643//643 674//674 644//644
f 643//643 673//673 674//674
f 674//674 645//645 644//644
f 646//646 645//645 675//675
f 676//676 647//647 665//665
f 677//677 676//676 665//665
f 666//666 677//677 665//665
f 666//666 667//667 677//677
f 678//678 649//649 648//648
f 649//649 679//679 650//650
f 650//650 669//669 639//639
f 650//650 679//679 669//669
f 679//679 680//680 669//669
f 671//671 669//669 680//680
f 641//641 671//671 680//680
f 680//680 672//672 641//641
f 674//674 673//673 681//681
f 681//681 682//682 674//674
f 675//675 645//645 683//683
f 683//683 645//645 674//674
f 651//651 627//627 684//684
f 685//685 647//647 686//686
f 685//685 684//684 647//647
f 684//684 627//627 647//647
f 676//676 686//686 647//647
f 654//654 678//678 648//648
f 649//649 678//678 687//687
f 679//679 649//649 687//687
f 680//680 679//679 688//688
f 688//688 679//679 687//687
f 688//688 689//689 680//680
f 672//672 680//680 689//689
f 674//674 682//682 683//683
f 684//684 631//631 651//651
f 631//631 685//685 652//652
f 631//631 684//684 685//685
f 652//652 685//685 690//690
f 690//690 685//685 691//691
f 690//690 653//653 652//652
f 692//692 693//693 654//654
f 692//692 654//654 653//653
f 678//678 654//654 693//693
f 687//687 678//678 693//693
f 688//688 687//687 693//693
f 694//694 695//695 691//691
f 690//690 691//691 695//695
f 653//653 690//690 696//696
f 696//696 690//690 695//695
f 696//696 692//692 653//653
f 664//664 663//663 697//697
f 697//697 663//663 698//698
f 667//667 668//668 699//699
f 700//700 667//667 699//699
f 668//668 670//670 699//699
f 670//670 659//659 660//660
f 670//670 660//660 699//699
f 699//699 660//660 701//701
f 661//661 701//701 660//660
f 662//662 672//672 661//661
f 661//661 672//672 701//701
f 673//673 664//664 697//697
f 673//673 697//697 702//702
f 698//698 702//702 697//697
f 663//663 646//646 698//698
f 646//646 675//675 698//698
f 676//676 677//677 703//703
f 704//704 676//676 703//703
f 677//677 667//667 700//700
f 677//677 700//700 703//703
f 703//703 700//700 705//705
f 699//699 706//706 700//700
f 706//706 705//705 700//700
f 701//701 706//706 699//699
f 672//672 706//706 701//701
f 702//702 681//681 673//673
f 682//682 681//681 702//702
f 698//698 675//675 702//702
f 686//686 676//676 704//704
f 703//703 707//707 704//704
f 705//705 707//707 703//703
f 706//706 708//708 705//705
f 689//689 688//688 706//706
f 672//672 689//689 706//706
f 702//702 683//683 682//682
f 683//683 702//702 675//675
f 691//691 685//685 686//686
f 691//691 686//686 694//694
f 694//694 686//686 709//709
f 704//704 709//709 686//686
f 710//710 709//709 704//704
f 693//693 692//692 710//710
f 693//693 710//710 707//707
f 707//707 710//710 704//704
f 705//705 693//693 707//707
f 708//708 693//693 705//705
f 688//688 693//693 708//708
f 706//706 688//688 708//708
f 695//695 694//694 696//696
f 709//709 696//696 694//694
f 710//710 696//696 709//709
f 692//692 696//696 710//710
