# Generated by Visualization Toolkit
v 141.32369995117188 -184.1526336669922 380.4882507324219
v 139.48193359375 -182.3590087890625 381.31695556640625
v 141.65496826171875 -181.96160888671875 381.3933410644531
v 145.64483642578125 -182.41448974609375 382.5948181152344
v 144.49366760253906 -184.0065460205078 380.99969482421875
v 143.70082092285156 -181.8032684326172 381.8412780761719
v 137.07374572753906 -184.68995666503906 381.2181396484375
v 147.32371520996094 -186.43955993652344 382.23870849609375
v 145.81834411621094 -188.32717895507812 380.5076904296875
v 138.5440673828125 -187.72994995117188 380.2861328125
v 143.11886596679688 -188.33506774902344 379.7660827636719
v 147.2470245361328 -188.7213592529297 382.0937805175781
v 144.2128448486328 -189.43824768066406 379.4708251953125
v 134.77487182617188 -192.4695587158203 380.9469299316406
v 145.82058715820312 -192.5889434814453 381.4374694824219
v 142.20404052734375 -190.57992553710938 379.5945739746094
v 143.96046447753906 -191.60560607910156 380.0442199707031
v 133.45016479492188 -191.29632568359375 381.7885437011719
v 136.67794799804688 -195.7275390625 380.31768798828125
v 145.86544799804688 -194.18931579589844 382.2345886230469
v 143.9012451171875 -197.9322509765625 381.5121154785156
v 139.34588623046875 -196.51210021972656 380.0934753417969
v 132.35885620117188 -194.8512725830078 381.97344970703125
v 143.06927490234375 -198.75318908691406 381.1895751953125
v 141.14773559570312 -198.5620574951172 380.59393310546875
v 133.98883056640625 -197.48130798339844 381.2457580566406
v 136.8341827392578 -199.00608825683594 380.84197998046875
v 140.60633850097656 -201.1273956298828 382.2315368652344
v 137.3572540283203 -200.81173706054688 381.80621337890625
v 140.05029296875 -176.80117797851562 384.7937316894531
v 137.3721160888672 -177.7302703857422 384.4271240234375
v 142.28842163085938 -177.51344299316406 384.77313232421875
v 137.61753845214844 -181.5018310546875 382.43463134765625
v 135.055419921875 -180.06869506835938 384.3427734375
v 147.8030242919922 -185.22325134277344 383.6179504394531
v 132.9318084716797 -182.9131622314453 384.7785949707031
v 148.2519073486328 -187.49871826171875 385.1966552734375
v 146.94479370117188 -193.0462188720703 383.9749755859375
v 128.18746948242188 -193.3325958251953 385.2539367675781
v 145.89393615722656 -195.7201385498047 383.84814453125
v 131.9534912109375 -198.90773010253906 382.4146423339844
v 144.05857849121094 -200.19850158691406 384.9134826660156
v 133.64053344726562 -200.9719696044922 382.5691223144531
v 142.14688110351562 -201.61929321289062 383.4608154296875
v 140.6949005126953 -202.89810180664062 384.6849365234375
v 134.96343994140625 -204.10191345214844 384.9088134765625
v 132.45059204101562 -179.09310913085938 385.8418884277344
v 144.28872680664062 -177.67225646972656 385.5800476074219
v 146.53138732910156 -178.68264770507812 386.9421691894531
v 147.73666381835938 -191.1805877685547 385.608154296875
v 148.31024169921875 -188.296142578125 387.3428039550781
v 123.91436004638672 -200.6707305908203 387.2743835449219
v 128.14642333984375 -199.69110107421875 384.77520751953125
v 143.01605224609375 -202.6293182373047 388.06268310546875
v 128.98452758789062 -202.5996551513672 385.08319091796875
v 131.51748657226562 -203.1796875 384.6517333984375
v 141.85470581054688 -172.5382843017578 387.4954833984375
v 144.90724182128906 -173.1458740234375 388.89971923828125
v 138.9051971435547 -171.45433044433594 387.5989685058594
v 136.1444549560547 -171.97763061523438 387.3565979003906
v 136.1813507080078 -175.8998565673828 385.5242919921875
v 130.71395874023438 -174.39044189453125 387.4551086425781
v 129.78152465820312 -175.5693817138672 387.49090576171875
v 128.14059448242188 -180.41366577148438 387.8933410644531
v 147.9689483642578 -181.1046142578125 388.4003601074219
v 127.41624450683594 -186.7404022216797 387.20196533203125
v 127.43208312988281 -181.0972442626953 388.41357421875
v 125.95413208007812 -185.66030883789062 388.6142883300781
v 124.53865051269531 -191.36636352539062 388.5251770019531
v 145.38314819335938 -199.05064392089844 389.87835693359375
v 122.38152313232422 -200.4003448486328 388.6414794921875
v 125.20431518554688 -202.87136840820312 386.4621887207031
v 140.7105712890625 -205.02398681640625 388.7997131347656
v 123.0028076171875 -204.33348083496094 387.9939880371094
v 137.37261962890625 -205.4354248046875 386.91094970703125
v 131.96426391601562 -205.69635009765625 385.9586181640625
v 125.97773742675781 -207.1467742919922 387.1467590332031
v 134.47010803222656 -206.95101928710938 387.1683654785156
v 123.79608154296875 -207.1459503173828 388.13885498046875
v 136.56631469726562 -207.27679443359375 388.4659118652344
v 128.72740173339844 -209.25997924804688 387.50537109375
v 142.3134002685547 -170.40672302246094 389.4306945800781
v 138.49188232421875 -166.9861602783203 391.6163330078125
v 135.7442169189453 -167.69784545898438 391.22955322265625
v 131.45260620117188 -169.43963623046875 391.1539001464844
v 128.00225830078125 -171.9364013671875 391.0877380371094
v 125.74964141845703 -174.3326873779297 391.64447021484375
v 146.05722045898438 -172.54852294921875 390.8006286621094
v 147.45269775390625 -175.6668701171875 390.7695617675781
v 125.66602325439453 -177.16151428222656 390.89141845703125
v 148.18524169921875 -174.6186065673828 394.21771240234375
v 148.44564819335938 -181.29302978515625 393.3436584472656
v 147.8877716064453 -189.88197326660156 390.332763671875
v 146.58494567871094 -194.81085205078125 390.63751220703125
v 122.56362915039062 -194.9172821044922 390.0380554199219
v 143.8051300048828 -202.8088836669922 392.8270568847656
v 121.01224517822266 -205.01287841796875 390.3075866699219
v 120.91374969482422 -201.9774627685547 390.5080261230469
v 138.66827392578125 -207.5047149658203 390.7254943847656
v 131.63040161132812 -210.77919006347656 388.70196533203125
v 125.59674835205078 -210.23048400878906 388.5118103027344
v 121.67143249511719 -208.557373046875 390.5149230957031
v 134.7601776123047 -211.30136108398438 390.5921630859375
v 133.62567138671875 -211.5541229248047 390.0400390625
v 123.5447006225586 -210.59701538085938 389.756591796875
v 130.82823181152344 -214.26593017578125 390.9754943847656
v 128.23146057128906 -214.15802001953125 390.4709167480469
v 140.75286865234375 -166.60565185546875 392.3871765136719
v 144.05911254882812 -168.44161987304688 392.69329833984375
v 120.12940979003906 -187.97686767578125 394.4724426269531
v 141.26490783691406 -206.47821044921875 394.7745666503906
v 140.37722778320312 -206.8801727294922 392.869140625
v 125.29701232910156 -214.62008666992188 391.1991271972656
v 122.94857025146484 -213.26589965820312 391.6789245605469
v 138.19876098632812 -162.70130920410156 394.7354736328125
v 134.9106903076172 -163.32957458496094 393.94586181640625
v 131.4251251220703 -164.9781036376953 393.6336975097656
v 142.15362548828125 -165.244140625 394.27069091796875
v 128.83828735351562 -166.72174072265625 393.7763671875
v 128.5762176513672 -169.86241149902344 392.1862487792969
v 125.48615264892578 -169.19210815429688 394.6603698730469
v 147.48687744140625 -171.38705444335938 394.6721496582031
v 145.48062133789062 -166.6873779296875 396.19110107421875
v 122.64781188964844 -172.94998168945312 394.939208984375
v 121.11589050292969 -178.2672576904297 395.2437438964844
v 148.77597045898438 -176.65464782714844 397.2184753417969
v 120.76446533203125 -183.85597229003906 394.7095642089844
v 148.21849060058594 -183.61331176757812 397.1119689941406
v 146.91458129882812 -192.2935333251953 394.3427429199219
v 118.64813232421875 -191.3954620361328 395.84271240234375
v 119.94357299804688 -196.54771423339844 393.241455078125
v 119.13338470458984 -202.4472198486328 393.9405212402344
v 119.36155700683594 -210.888671875 394.8775634765625
v 121.00276184082031 -211.6493377685547 392.81182861328125
v 135.64076232910156 -213.2101593017578 393.9483337402344
v 133.29861450195312 -215.35235595703125 393.5191955566406
v 120.20435333251953 -216.6228790283203 395.2424011230469
v 126.99368286132812 -217.3708038330078 392.5050964355469
v 122.75731658935547 -217.78453063964844 393.6422424316406
v 131.27162170410156 -217.56875610351562 394.03082275390625
v 128.72830200195312 -218.2599639892578 393.5150146484375
v 129.7469024658203 -219.54649353027344 395.36553955078125
v 130.38453674316406 -159.83685302734375 397.6922912597656
v 127.24371337890625 -162.57809448242188 397.6328430175781
v 125.55118560791016 -165.2062225341797 397.30450439453125
v 118.5535888671875 -184.6417694091797 397.28704833984375
v 145.89739990234375 -197.58175659179688 396.6342468261719
v 144.38961791992188 -201.8560333251953 398.83154296875
v 141.91116333007812 -206.20849609375 397.6968078613281
v 117.91265869140625 -208.3558807373047 397.2741394042969
v 137.76751708984375 -212.47711181640625 397.0638427734375
v 133.6028289794922 -216.66665649414062 395.49957275390625
v 123.26387023925781 -221.7926483154297 396.041748046875
v 121.87911224365234 -221.46148681640625 396.11102294921875
v 120.2328872680664 -220.44508361816406 396.4991149902344
v 125.22900390625 -222.27085876464844 396.8753662109375
v 136.12591552734375 -158.8417205810547 397.6796569824219
v 139.3097686767578 -160.54910278320312 397.0827331542969
v 133.56394958496094 -159.50848388671875 397.19146728515625
v 142.576171875 -162.594482421875 397.2884521484375
v 145.7464141845703 -163.7454376220703 400.1431579589844
v 147.7274169921875 -167.91329956054688 399.58831787109375
v 149.02479553222656 -173.59439086914062 400.96502685546875
v 118.91256713867188 -173.71823120117188 400.05487060546875
v 117.26868438720703 -188.285400390625 399.2759094238281
v 146.88607788085938 -190.00076293945312 398.8985595703125
v 146.0919647216797 -195.18589782714844 401.6640625
v 117.5694580078125 -196.8013458251953 398.05755615234375
v 117.50190734863281 -204.29132080078125 398.42669677734375
v 139.92047119140625 -209.835205078125 398.9432373046875
v 117.22293090820312 -211.92005920410156 398.616455078125
v 116.82445526123047 -215.22763061523438 399.2770690917969
v 117.9833755493164 -219.07933044433594 398.1411437988281
v 134.0975341796875 -216.95603942871094 397.54412841796875
v 131.39151000976562 -219.6348876953125 397.8275451660156
v 129.07705688476562 -221.1278533935547 397.9064636230469
v 118.90587615966797 -225.00404357910156 398.39508056640625
v 119.61957550048828 -226.394287109375 399.04132080078125
v 132.9368133544922 -155.54495239257812 400.0828857421875
v 137.06048583984375 -156.19383239746094 399.9278869628906
v 129.5967254638672 -156.34519958496094 400.0395812988281
v 126.27147674560547 -158.52593994140625 400.14373779296875
v 140.14942932128906 -158.0392608642578 399.6435852050781
v 141.2003936767578 -157.5659942626953 400.82244873046875
v 124.1781234741211 -161.1494598388672 400.3172607421875
v 143.36813354492188 -159.6573028564453 401.01873779296875
v 124.10816192626953 -163.57614135742188 399.3978576660156
v 122.22239685058594 -168.29696655273438 398.61322021484375
v 120.02198028564453 -168.0956573486328 401.0259704589844
v 120.25365447998047 -171.48565673828125 399.0804748535156
v 147.93365478515625 -166.97726440429688 402.0442199707031
v 116.52958679199219 -180.16122436523438 402.0779113769531
v 115.57377624511719 -183.7116241455078 403.4339599609375
v 144.6437225341797 -200.2974090576172 403.73846435546875
v 139.85226440429688 -209.95938110351562 402.76885986328125
v 116.50430297851562 -206.7669219970703 401.0569152832031
v 115.25076293945312 -210.93995666503906 402.5764465332031
v 137.41156005859375 -213.7674560546875 400.20831298828125
v 132.85214233398438 -218.75155639648438 400.02142333984375
v 115.28414154052734 -218.8758087158203 401.2374572753906
v 126.83314514160156 -222.91476440429688 399.17041015625
v 116.35787963867188 -224.7986297607422 399.8324890136719
v 121.62705993652344 -226.4065399169922 399.51116943359375
v 122.99793243408203 -226.3140869140625 400.36688232421875
v 120.74186706542969 -227.5054931640625 401.1340637207031
v 116.18748474121094 -226.57470703125 400.55938720703125
v 117.67610931396484 -227.34898376464844 400.6144104003906
v 137.31532287597656 -154.0884246826172 402.07623291015625
v 134.89784240722656 -154.11407470703125 401.48968505859375
v 130.55970764160156 -151.35736083984375 404.3628845214844
v 127.45211791992188 -153.44895935058594 403.50897216796875
v 125.11226654052734 -155.54347229003906 403.2006530761719
v 123.37889862060547 -157.4520721435547 403.1791687011719
v 145.27207946777344 -160.5224609375 403.6244812011719
v 119.94086456298828 -164.693359375 402.8443603515625
v 118.53081512451172 -169.001708984375 401.8883972167969
v 117.78131866455078 -172.52719116210938 401.6064147949219
v 148.38766479492188 -178.24160766601562 404.07275390625
v 116.04959869384766 -185.88595581054688 402.5439453125
v 146.98855590820312 -184.861328125 405.4973449707031
v 146.51181030273438 -188.7244110107422 403.88238525390625
v 115.66084289550781 -194.48643493652344 404.7894592285156
v 115.92777252197266 -200.4920196533203 404.3267517089844
v 143.3306427001953 -203.0263671875 404.7644348144531
v 114.31855010986328 -216.7311248779297 403.0148010253906
v 128.21566772460938 -222.45669555664062 401.15667724609375
v 113.79957580566406 -223.6189422607422 402.6342468261719
v 124.63600158691406 -225.58973693847656 402.4557800292969
v 113.33155822753906 -225.90072631835938 403.3298645019531
v 117.18115234375 -228.04107666015625 402.5118713378906
v 114.76263427734375 -227.19447326660156 402.5579833984375
v 140.40682983398438 -154.32843017578125 403.82537841796875
v 142.2215118408203 -155.32264709472656 404.7720031738281
v 121.30872344970703 -161.2660369873047 402.9342956542969
v 115.90604400634766 -168.73190307617188 403.2041015625
v 116.62897491455078 -170.9315185546875 402.6827697753906
v 112.88713836669922 -167.4622802734375 403.7274475097656
v 114.27871704101562 -170.9639434814453 403.5688781738281
v 148.3434295654297 -168.5335235595703 406.0252990722656
v 115.84114074707031 -174.1181640625 403.1785583496094
v 115.069580078125 -177.81875610351562 403.9447326660156
v 147.68161010742188 -180.21475219726562 408.07623291015625
v 144.61660766601562 -198.4893798828125 408.37835693359375
v 140.84512329101562 -207.41709899902344 405.3594970703125
v 138.46261596679688 -211.54344177246094 405.4789123535156
v 136.7307891845703 -214.40106201171875 403.8389587402344
v 133.426025390625 -218.141357421875 402.3607482910156
v 112.91935729980469 -219.2471466064453 404.66998291015625
v 128.63929748535156 -222.2650604248047 404.0921936035156
v 121.86152648925781 -227.41770935058594 403.6245422363281
v 119.51602935791016 -228.08685302734375 404.0443420410156
v 128.34136962890625 -149.16543579101562 406.4108581542969
v 126.0196762084961 -151.54757690429688 404.8529968261719
v 123.0395278930664 -149.54727172851562 405.9646911621094
v 136.8798065185547 -148.65403747558594 408.1717529296875
v 139.25025939941406 -151.58763122558594 406.0606994628906
v 133.4813995361328 -149.2848358154297 406.4787292480469
v 121.44049072265625 -152.42459106445312 404.8736267089844
v 120.68087768554688 -150.4738006591797 405.76947021484375
v 118.5307846069336 -152.91757202148438 405.40643310546875
v 123.68357849121094 -153.9792938232422 404.2709655761719
v 115.76885223388672 -157.34474182128906 404.9494323730469
v 121.01313781738281 -157.3383026123047 404.21759033203125
v 112.76065826416016 -158.438720703125 405.8166198730469
v 142.13133239746094 -152.88265991210938 408.3943176269531
v 144.489013671875 -157.57826232910156 406.9654846191406
v 146.01278686523438 -160.97647094726562 406.1589660644531
v 113.15390014648438 -162.47903442382812 404.6541442871094
v 117.74716186523438 -162.35084533691406 404.2313232421875
v 110.77433776855469 -164.17433166503906 405.01605224609375
v 109.26315307617188 -163.04234313964844 406.3763122558594
v 147.63143920898438 -164.99232482910156 406.58203125
v 108.69361877441406 -168.70004272460938 404.9298095703125
v 110.30941772460938 -170.54446411132812 404.26690673828125
v 106.74871826171875 -167.51646423339844 406.67706298828125
v 106.91717529296875 -171.17584228515625 405.81134033203125
v 148.23870849609375 -169.87257385253906 408.9369812011719
v 113.12433624267578 -175.304931640625 404.61126708984375
v 109.30123138427734 -173.5967254638672 405.3100891113281
v 112.09300231933594 -177.7261962890625 405.7104797363281
v 114.58687591552734 -181.50714111328125 404.6640625
v 113.39075469970703 -180.0469970703125 405.6172790527344
v 113.2496109008789 -183.4516143798828 406.9292297363281
v 114.55411529541016 -193.11778259277344 407.2458190917969
v 145.57797241210938 -193.94737243652344 406.2437744140625
v 114.7008056640625 -200.12989807128906 407.7808532714844
v 114.44985961914062 -204.14044189453125 407.7205810546875
v 112.8345718383789 -215.07373046875 406.4181213378906
v 132.50924682617188 -218.35699462890625 406.6141357421875
v 110.07075500488281 -222.36886596679688 407.8808898925781
v 109.53031158447266 -224.16250610351562 408.6278076171875
v 124.91685485839844 -225.0971221923828 405.9732971191406
v 111.88167572021484 -227.11566162109375 406.3177795410156
v 115.30955505371094 -228.2410888671875 406.811767578125
v 113.56613159179688 -227.92279052734375 406.4240417480469
v 133.20166015625 -145.95094299316406 410.4362487792969
v 119.73894500732422 -146.44033813476562 409.29425048828125
v 118.5837173461914 -150.5537109375 406.9834289550781
v 140.80076599121094 -151.45277404785156 408.1474914550781
v 114.9495849609375 -152.43179321289062 408.8186340332031
v 143.06649780273438 -153.79530334472656 409.734619140625
v 110.16007232666016 -156.5186004638672 409.3351135253906
v 105.35834503173828 -168.93426513671875 407.9225769042969
v 105.04011535644531 -172.9899139404297 408.11053466796875
v 148.0965576171875 -173.8944854736328 409.5409240722656
v 107.22901153564453 -175.43946838378906 407.30914306640625
v 110.77084350585938 -179.5232391357422 407.3229675292969
v 145.96316528320312 -185.9546661376953 409.1233825683594
v 144.6402130126953 -196.03619384765625 410.98394775390625
v 143.21263122558594 -201.38320922851562 410.14642333984375
v 140.36952209472656 -205.9352264404297 409.951171875
v 112.16570281982422 -212.50352478027344 409.0804748535156
v 134.8662872314453 -214.19482421875 409.8202819824219
v 109.71292877197266 -219.5663604736328 408.918212890625
v 110.82747650146484 -216.06956481933594 409.19171142578125
v 128.9164276123047 -220.83676147460938 409.2348327636719
v 110.69902038574219 -226.49485778808594 407.9435729980469
v 121.50997161865234 -226.41209411621094 408.5057678222656
v 119.53323364257812 -227.45391845703125 407.8206787109375
v 116.17998504638672 -227.78636169433594 409.9153747558594
v 131.10665893554688 -144.99847412109375 411.0534362792969
v 122.26792907714844 -144.80018615722656 410.3057556152344
v 117.19783782958984 -148.83682250976562 408.9930419921875
v 143.5799102783203 -154.31298828125 412.15911865234375
v 145.80799865722656 -160.16586303710938 410.8684387207031
v 108.49689483642578 -159.9491424560547 409.0147705078125
v 105.07742309570312 -164.12619018554688 411.2903747558594
v 147.42523193359375 -165.16551208496094 410.61077880859375
v 102.7564468383789 -172.23109436035156 411.6308288574219
v 104.89651489257812 -177.99539184570312 410.7515563964844
v 110.54949951171875 -183.55027770996094 409.3520812988281
v 144.76583862304688 -189.01646423339844 411.8632507324219
v 112.535888671875 -191.8281707763672 410.00616455078125
v 112.80206298828125 -200.53643798828125 411.7657470703125
v 134.86334228515625 -211.54359436035156 414.03631591796875
v 131.72291564941406 -217.721435546875 410.4809265136719
v 126.06023406982422 -222.68226623535156 411.1733093261719
v 124.28849029541016 -224.27635192871094 410.4180908203125
v 108.3863296508789 -225.91229248046875 411.4453430175781
v 110.22340393066406 -227.11032104492188 410.2127380371094
v 112.37495422363281 -227.74281311035156 410.94354248046875
v 117.80449676513672 -144.15150451660156 410.9149169921875
v 119.53173828125 -141.45211791992188 412.5240478515625
v 125.08416748046875 -144.179443359375 410.99786376953125
v 110.88265991210938 -143.1594696044922 411.48724365234375
v 114.07852935791016 -141.75628662109375 412.1939697265625
v 111.02102661132812 -145.24673461914062 410.7648010253906
v 107.61637115478516 -145.13150024414062 411.27642822265625
v 116.5567398071289 -147.1484375 409.8985900878906
v 114.6268539428711 -146.5209503173828 410.45953369140625
v 134.63323974609375 -145.19381713867188 412.0639343261719
v 137.02845764160156 -146.26864624023438 412.35150146484375
v 108.21145629882812 -148.0184326171875 410.60699462890625
v 104.8945541381836 -147.80813598632812 411.1893310546875
v 138.86843872070312 -147.6441650390625 412.3302917480469
v 110.49754333496094 -150.85301208496094 410.5138854980469
v 141.26657104492188 -150.10952758789062 412.6591491699219
v 108.62708282470703 -154.21681213378906 410.63275146484375
v 104.52970123291016 -150.59336853027344 411.11199951171875
v 106.0804672241211 -155.61611938476562 411.31768798828125
v 109.08236694335938 -155.88833618164062 410.1767883300781
v 106.87056732177734 -158.6601104736328 410.85968017578125
v 103.35623931884766 -158.7440185546875 412.79205322265625
v 103.93621826171875 -162.27012634277344 412.88690185546875
v 147.30996704101562 -167.67811584472656 413.0500183105469
v 101.98189544677734 -168.63980102539062 414.2832336425781
v 102.5818862915039 -175.96432495117188 412.3775939941406
v 147.47828674316406 -173.75062561035156 412.321533203125
v 146.25782775878906 -178.1893768310547 413.55126953125
v 145.11294555664062 -185.0216827392578 412.3981018066406
v 104.57295227050781 -184.624755859375 414.33551025390625
v 110.96976470947266 -191.13328552246094 411.52777099609375
v 108.05663299560547 -191.48211669921875 414.34271240234375
v 111.46541595458984 -197.5371856689453 413.32373046875
v 142.98973083496094 -199.4434051513672 413.76129150390625
v 141.38726806640625 -201.95126342773438 414.13446044921875
v 111.61837768554688 -206.70147705078125 412.4844665527344
v 137.05288696289062 -208.4017333984375 413.35650634765625
v 139.07461547851562 -204.4656524658203 414.35107421875
v 109.99805450439453 -209.32916259765625 413.83697509765625
v 109.3372573852539 -211.90475463867188 413.5151672363281
v 108.5774154663086 -216.59487915039062 411.3857727050781
v 131.06564331054688 -216.42440795898438 414.90667724609375
v 105.60184478759766 -217.43405151367188 413.33209228515625
v 105.8606185913086 -219.29617309570312 412.5023193359375
v 106.90614318847656 -222.31906127929688 411.41387939453125
v 107.01956176757812 -225.02252197265625 412.13824462890625
v 111.12283325195312 -138.9515380859375 415.131591796875
v 124.43512725830078 -139.43527221679688 414.8688049316406
v 89.87752532958984 -144.29598999023438 413.36834716796875
v 86.62194061279297 -144.3379669189453 412.6705017089844
v 86.71441650390625 -142.15187072753906 413.35345458984375
v 82.2832260131836 -143.27528381347656 412.9809265136719
v 129.18316650390625 -140.32620239257812 415.1264343261719
v 105.87622833251953 -141.42115783691406 414.5582580566406
v 104.53961181640625 -144.01840209960938 413.14129638671875
v 102.76273345947266 -146.48219299316406 412.43609619140625
v 98.05057525634766 -143.93531799316406 414.609375
v 136.23703002929688 -144.40687561035156 415.0173645019531
v 88.03816986083984 -146.52745056152344 412.9248046875
v 91.902587890625 -147.00595092773438 413.9034423828125
v 85.29750061035156 -146.17848205566406 412.84197998046875
v 81.66524505615234 -145.20021057128906 413.3551025390625
v 84.41919708251953 -147.7987060546875 413.9224853515625
v 99.20700073242188 -149.94493103027344 412.8907470703125
v 96.65510559082031 -146.56834411621094 413.9671325683594
v 95.79647064208984 -148.7289581298828 413.9364013671875
v 91.01004791259766 -148.7001495361328 414.3060302734375
v 88.04763793945312 -148.23272705078125 413.74774169921875
v 141.59188842773438 -150.2052764892578 414.7483825683594
v 101.10398864746094 -153.1250762939453 412.3962707519531
v 96.136962890625 -152.2138671875 414.4715270996094
v 99.07247161865234 -154.30543518066406 413.5641174316406
v 143.38980102539062 -154.15599060058594 415.9012451171875
v 144.31768798828125 -156.8206787109375 414.5895080566406
v 145.63674926757812 -162.4554901123047 415.6155090332031
v 102.0725326538086 -161.92848205566406 414.5008544921875
v 102.7442855834961 -166.08677673339844 413.7564392089844
v 146.40411376953125 -171.1319122314453 415.802001953125
v 101.6593017578125 -182.55677795410156 416.3503112792969
v 144.04055786132812 -184.17771911621094 415.3987731933594
v 104.5587387084961 -187.2321319580078 415.4740905761719
v 143.4102783203125 -193.17674255371094 415.3186340332031
v 108.80360412597656 -196.05796813964844 415.5809631347656
v 143.22337341308594 -196.87916564941406 414.6486511230469
v 111.28709411621094 -201.34439086914062 414.09783935546875
v 103.48058319091797 -220.92088317871094 414.92242431640625
v 103.79006958007812 -222.92172241210938 415.15191650390625
v 122.08487701416016 -223.2371826171875 416.5477294921875
v 105.28872680664062 -224.24658203125 414.1042785644531
v 114.20170593261719 -225.83401489257812 417.6695861816406
v 108.80047607421875 -226.74996948242188 413.9384765625
v 105.52735900878906 -225.4021453857422 415.57073974609375
v 109.01615905761719 -226.03443908691406 420.041259765625
v 125.3001937866211 -137.41647338867188 417.0912170410156
v 84.17321014404297 -140.4927215576172 414.1739807128906
v 79.88748168945312 -141.0086212158203 415.055908203125
v 80.0025405883789 -140.06373596191406 415.6943359375
v 83.45018005371094 -138.5325469970703 416.1600036621094
v 115.72634887695312 -138.0319061279297 415.29498291015625
v 95.70939636230469 -141.59181213378906 415.444580078125
v 92.7679214477539 -142.0473175048828 414.8681945800781
v 91.45418548583984 -139.31039428710938 415.9601135253906
v 100.32821655273438 -141.01910400390625 415.74530029296875
v 78.83848571777344 -142.342529296875 415.271240234375
v 130.86663818359375 -139.60305786132812 416.92340087890625
v 133.90554809570312 -142.58819580078125 415.1596984863281
v 94.15410614013672 -145.34783935546875 414.31158447265625
v 78.74744415283203 -144.16978454589844 415.5279235839844
v 81.40980529785156 -147.0178985595703 414.58935546875
v 77.10420227050781 -144.75009155273438 417.44134521484375
v 137.6134796142578 -145.1680450439453 417.1762390136719
v 93.8004379272461 -148.12469482421875 414.2424011230469
v 79.6100082397461 -147.2343292236328 416.7601013183594
v 87.3905258178711 -149.4185791015625 414.93951416015625
v 83.49264526367188 -148.6912384033203 415.2711486816406
v 81.36997985839844 -148.64791870117188 416.92962646484375
v 93.17222595214844 -150.5182647705078 415.0184631347656
v 89.9849624633789 -150.734375 415.9496154785156
v 85.2518310546875 -150.32470703125 417.2884216308594
v 141.64295959472656 -150.5181121826172 417.7881164550781
v 93.07135772705078 -151.53370666503906 415.6308288574219
v 100.59386444091797 -159.00860595703125 414.6179504394531
v 96.54544067382812 -155.16110229492188 415.7763366699219
v 99.5497817993164 -160.4812469482422 416.3858947753906
v 101.1358413696289 -164.70530700683594 416.0901184082031
v 145.83316040039062 -167.84632873535156 417.30206298828125
v 99.33914184570312 -171.11459350585938 419.1573486328125
v 145.26541137695312 -171.71371459960938 418.1558837890625
v 143.00344848632812 -187.28228759765625 416.7456359863281
v 109.55936431884766 -199.8768310546875 415.79840087890625
v 109.56826782226562 -203.84414672851562 415.79449462890625
v 136.46817016601562 -204.878662109375 418.0889892578125
v 137.84315490722656 -203.73757934570312 416.9088134765625
v 132.5392608642578 -210.42050170898438 420.4598693847656
v 131.86117553710938 -213.84945678710938 417.4336853027344
v 103.97388458251953 -216.85238647460938 415.0458679199219
v 126.64346313476562 -219.17494201660156 417.49072265625
v 103.99163055419922 -224.3075714111328 416.8700256347656
v 107.69392395019531 -226.42442321777344 417.3066711425781
v 119.99429321289062 -135.0687255859375 417.8772888183594
v 116.97602844238281 -133.8882598876953 418.58270263671875
v 111.27230072021484 -134.78668212890625 418.20831298828125
v 102.21784973144531 -137.18724060058594 417.9768981933594
v 88.63272094726562 -134.80657958984375 419.6221923828125
v 85.19439697265625 -135.53549194335938 419.3598937988281
v 127.34133911132812 -137.28646850585938 418.150390625
v 128.74046325683594 -136.796142578125 420.2672119140625
v 89.66101837158203 -137.55430603027344 417.0103759765625
v 77.79873657226562 -138.51515197753906 418.505126953125
v 97.22908782958984 -137.4794921875 417.8228454589844
v 76.20874786376953 -140.79830932617188 418.01422119140625
v 132.26931762695312 -139.26205444335938 419.53436279296875
v 134.5594940185547 -141.49696350097656 418.78839111328125
v 76.6282730102539 -142.77078247070312 417.4550476074219
v 138.00936889648438 -145.3777618408203 420.1205749511719
v 76.7063217163086 -145.54554748535156 418.4537048339844
v 92.3056869506836 -152.5706024169922 417.113525390625
v 89.18669891357422 -152.21197509765625 419.0062255859375
v 94.41788482666016 -154.24774169921875 417.11968994140625
v 95.80797576904297 -157.09371948242188 418.2969970703125
v 142.9650115966797 -154.80335998535156 419.2658996582031
v 97.41681671142578 -160.99554443359375 419.3868713378906
v 143.96458435058594 -159.43568420410156 418.66900634765625
v 100.27250671386719 -163.1475372314453 416.90435791015625
v 99.02336120605469 -168.30926513671875 419.7623291015625
v 99.75362396240234 -178.25289916992188 418.12554931640625
v 142.2382354736328 -180.25698852539062 420.2530212402344
v 100.54875183105469 -182.5745391845703 417.8722229003906
v 102.60881042480469 -188.77609252929688 417.4548645019531
v 99.69123077392578 -187.86700439453125 420.4270324707031
v 103.03872680664062 -195.3246307373047 418.6712951660156
v 141.93270874023438 -194.57752990722656 417.9731750488281
v 139.6922607421875 -194.28604125976562 421.7052001953125
v 104.82015228271484 -200.65406799316406 419.2096252441406
v 138.4925537109375 -196.8373565673828 421.9559020996094
v 104.81224822998047 -204.12344360351562 419.76220703125
v 106.60569763183594 -206.55331420898438 418.0368347167969
v 105.50536346435547 -209.42169189453125 418.0484313964844
v 105.77259063720703 -211.6322479248047 416.67535400390625
v 102.58473205566406 -214.2344207763672 418.01190185546875
v 128.57533264160156 -215.86407470703125 420.1562194824219
v 100.80828857421875 -216.4823760986328 419.0831298828125
v 101.78276824951172 -219.23367309570312 417.0813903808594
v 100.76358032226562 -219.59201049804688 418.9338073730469
v 101.83755493164062 -222.15985107421875 418.0598449707031
v 122.70785522460938 -220.735595703125 420.46185302734375
v 120.18070983886719 -222.45433044433594 420.6599426269531
v 117.4900131225586 -224.04161071777344 419.8851318359375
v 105.69914245605469 -225.65016174316406 418.77813720703125
v 120.06038665771484 -132.66473388671875 420.5780944824219
v 124.09114837646484 -134.16790771484375 420.5836181640625
v 95.83244323730469 -131.88890075683594 422.3924560546875
v 79.74337005615234 -135.4661102294922 421.7207946777344
v 74.39266967773438 -140.086181640625 420.017333984375
v 71.68753814697266 -141.59210205078125 421.7437744140625
v 136.75375366210938 -143.57778930664062 420.1316223144531
v 73.95696258544922 -143.70655822753906 420.0492858886719
v 141.60610961914062 -151.8682098388672 421.33819580078125
v 92.9909439086914 -154.96182250976562 420.2239685058594
v 143.05421447753906 -160.7337646484375 421.4881286621094
v 97.55294799804688 -165.517333984375 421.7621765136719
v 142.39828491210938 -164.84359741210938 423.4501953125
v 97.71772003173828 -186.49122619628906 423.1315612792969
v 140.66522216796875 -184.2600555419922 422.03326416015625
v 140.33641052246094 -191.29554748535156 421.5978088378906
v 102.68930053710938 -208.4971923828125 421.1918029785156
v 133.3856201171875 -206.88143920898438 422.0801086425781
v 101.79803466796875 -211.39688110351562 420.9955749511719
v 129.64163208007812 -213.8607940673828 420.99237060546875
v 100.10086822509766 -217.8765869140625 421.1923522949219
v 100.2791748046875 -219.638916015625 422.78466796875
v 102.3044204711914 -223.1463623046875 420.9963684082031
v 112.0685043334961 -224.2708740234375 423.5597839355469
v 115.83553314208984 -129.9808807373047 422.9622802734375
v 111.90552520751953 -130.4303741455078 422.45611572265625
v 107.6122055053711 -131.73052978515625 421.7577819824219
v 101.93535614013672 -133.1241455078125 421.3482360839844
v 85.36701965332031 -133.09066772460938 421.85650634765625
v 129.87094116210938 -137.0080108642578 421.9044494628906
v 74.28069305419922 -136.79502868652344 423.5968933105469
v 132.07029724121094 -138.60289001464844 423.2518005371094
v 75.4637451171875 -146.41104125976562 420.9646911621094
v 137.7963104248047 -145.6226806640625 423.9625244140625
v 78.02120208740234 -148.725341796875 422.00872802734375
v 139.8311004638672 -149.0897674560547 423.57586669921875
v 82.04872131347656 -150.8387908935547 422.45245361328125
v 95.6059341430664 -162.47830200195312 423.1864013671875
v 99.78492736816406 -195.26405334472656 421.6149597167969
v 99.66795349121094 -201.46031188964844 423.4394836425781
v 100.6597671508789 -204.78195190429688 423.2413635253906
v 106.1011962890625 -224.673583984375 423.1793212890625
v 103.66500091552734 -223.6058807373047 423.5607604980469
v 117.02677917480469 -127.50527954101562 426.4189758300781
v 104.88607788085938 -128.15219116210938 424.7576599121094
v 98.84776306152344 -129.76441955566406 424.0711669921875
v 93.41315460205078 -126.19712829589844 427.5921936035156
v 86.29389190673828 -128.07470703125 426.1636962890625
v 119.79615020751953 -129.21823120117188 425.707275390625
v 122.93888092041016 -131.279052734375 424.90966796875
v 126.7685775756836 -133.20230102539062 426.3720397949219
v 80.64530944824219 -133.20762634277344 423.7019348144531
v 74.75172424316406 -134.68222045898438 425.9715881347656
v 130.57177734375 -137.1980438232422 423.9923095703125
v 71.50796508789062 -139.53179931640625 422.7135314941406
v 67.91958618164062 -138.7285919189453 425.37896728515625
v 67.10458374023438 -140.07032775878906 424.6813049316406
v 134.23858642578125 -141.09420776367188 424.6056823730469
v 67.51256561279297 -141.64173889160156 423.836181640625
v 71.05333709716797 -143.3601531982422 422.1583557128906
v 72.67926788330078 -145.32359313964844 422.03143310546875
v 70.1355209350586 -145.3098602294922 423.2358093261719
v 67.05028533935547 -143.708251953125 424.3227844238281
v 76.41989135742188 -149.3778076171875 424.4847106933594
v 73.74103546142578 -148.48580932617188 424.6095275878906
v 70.41706848144531 -147.5576629638672 424.8437194824219
v 80.12022399902344 -151.5560302734375 425.9216613769531
v 85.64415740966797 -153.22483825683594 424.9002685546875
v 140.42552185058594 -154.2442626953125 427.11767578125
v 140.0028533935547 -151.57711791992188 426.49078369140625
v 89.70274353027344 -155.87986755371094 425.0093688964844
v 91.21930694580078 -158.1175537109375 425.9288330078125
v 93.29570770263672 -160.26565551757812 425.08428955078125
v 141.01817321777344 -168.75775146484375 425.4624938964844
v 139.90554809570312 -173.42893981933594 425.90924072265625
v 95.000732421875 -174.08282470703125 427.738037109375
v 96.401123046875 -181.44509887695312 424.84954833984375
v 137.71282958984375 -188.51559448242188 427.5807189941406
v 98.01664733886719 -196.35467529296875 423.9688720703125
v 97.23040771484375 -194.0257568359375 424.9673767089844
v 136.8879852294922 -193.98745727539062 426.56134033203125
v 131.51019287109375 -207.19395446777344 425.0318298339844
v 133.94122314453125 -198.2736358642578 427.70281982421875
v 101.33716583251953 -206.83607482910156 422.78778076171875
v 100.09849548339844 -212.43612670898438 423.45135498046875
v 99.6272964477539 -208.77088928222656 425.0254821777344
v 128.5891876220703 -210.4131622314453 426.1075744628906
v 119.9478759765625 -218.99391174316406 426.1533203125
v 99.5195541381836 -215.16860961914062 424.9040832519531
v 116.55120086669922 -221.60414123535156 425.6316833496094
v 112.12550354003906 -222.99417114257812 426.1977844238281
v 100.93048858642578 -220.3054962158203 425.1497497558594
v 104.7155990600586 -223.13621520996094 425.6640625
v 108.62417602539062 -224.2335662841797 424.6392517089844
v 113.48582458496094 -126.16453552246094 426.7797546386719
v 109.76290893554688 -125.599853515625 426.9374694824219
v 105.86764526367188 -126.31095886230469 426.26177978515625
v 82.2145004272461 -128.1434783935547 427.1331481933594
v 80.42497253417969 -130.90408325195312 425.7076110839844
v 124.17964935302734 -131.2762908935547 426.8538818359375
v 70.5479507446289 -134.87322998046875 428.4485168457031
v 64.12271881103516 -141.60292053222656 426.4878234863281
v 61.4930419921875 -143.51010131835938 427.9658203125
v 134.58981323242188 -142.52597045898438 427.7958679199219
v 62.68992614746094 -145.4367218017578 427.3910827636719
v 136.2545166015625 -145.3151397705078 428.4670715332031
v 67.06314849853516 -146.3658905029297 425.5384521484375
v 63.547027587890625 -146.30491638183594 427.3006286621094
v 137.45997619628906 -147.30674743652344 428.4321594238281
v 87.13189697265625 -155.41549682617188 426.80474853515625
v 141.1513671875 -162.3721923828125 426.0501708984375
v 92.13584899902344 -164.4041290283203 429.31396484375
v 136.6798095703125 -180.3040771484375 430.40533447265625
v 96.54837799072266 -188.70831298828125 426.1101379394531
v 97.0943374633789 -200.17523193359375 426.61810302734375
v 98.19621276855469 -204.98785400390625 426.3135070800781
v 102.31476593017578 -220.71392822265625 427.2796630859375
v 106.68011474609375 -222.88720703125 426.8255615234375
v 125.07550048828125 -131.3334197998047 429.4700012207031
v 127.13023376464844 -133.18019104003906 429.1929626464844
v 127.4986572265625 -133.7477264404297 430.9598388671875
v 131.94107055664062 -139.2904815673828 428.40435791015625
v 61.89253234863281 -141.046630859375 428.7051086425781
v 64.3869400024414 -147.97576904296875 427.84869384765625
v 138.43051147460938 -150.54005432128906 429.69580078125
v 65.53076934814453 -150.20602416992188 429.3326110839844
v 74.9384536743164 -151.28353881835938 427.9605407714844
v 138.98928833007812 -157.74095153808594 431.3150939941406
v 94.12676239013672 -168.67735290527344 428.1190185546875
v 93.000732421875 -176.85894775390625 432.6951599121094
v 94.97528839111328 -182.43447875976562 429.0870056152344
v 95.95714569091797 -188.57801818847656 428.17938232421875
v 135.596923828125 -188.58108520507812 431.2875671386719
v 96.24515533447266 -197.88888549804688 428.0888671875
v 97.13848114013672 -205.367431640625 428.866943359375
v 98.90435028076172 -210.39675903320312 426.6900329589844
v 98.54997253417969 -211.14259338378906 428.4143371582031
v 98.39026641845703 -211.6001434326172 430.3271179199219
v 121.33963775634766 -215.42684936523438 428.45733642578125
v 99.52032470703125 -216.0087890625 427.6018981933594
v 100.8565673828125 -218.35682678222656 428.4139099121094
v 100.83244323730469 -123.56327819824219 429.36669921875
v 103.37102508544922 -121.98561096191406 431.55059814453125
v 109.8965072631836 -123.29463195800781 430.4120788574219
v 91.01483154296875 -123.81843566894531 430.6953430175781
v 98.67826080322266 -121.83155822753906 431.8706359863281
v 83.02632904052734 -125.23223876953125 429.5796203613281
v 114.62211608886719 -124.55638122558594 430.2402648925781
v 116.61361694335938 -125.24226379394531 430.4766845703125
v 77.77548217773438 -126.42744445800781 430.5987854003906
v 75.41922760009766 -128.04061889648438 430.5190124511719
v 120.81185913085938 -128.0496826171875 429.3909912109375
v 123.29833221435547 -129.61080932617188 429.579833984375
v 72.5159912109375 -132.3850555419922 429.22650146484375
v 72.9716796875 -129.4208984375 431.1398010253906
v 64.5940170288086 -138.12571716308594 429.0727844238281
v 64.59724426269531 -134.01258850097656 434.4290466308594
v 130.29165649414062 -137.65667724609375 430.49078369140625
v 61.150604248046875 -138.2004852294922 431.7054138183594
v 58.326263427734375 -140.6331329345703 431.5194091796875
v 132.1179962158203 -140.92271423339844 430.95989990234375
v 56.6092529296875 -144.26016235351562 430.5894470214844
v 56.56341552734375 -146.46868896484375 430.2620544433594
v 56.57794189453125 -148.1422576904297 430.50030517578125
v 56.90788269042969 -149.5381317138672 430.90478515625
v 78.36273956298828 -154.7324676513672 431.73101806640625
v 75.93193054199219 -153.53768920898438 431.1145935058594
v 81.13060760498047 -156.46859741210938 432.051513671875
v 88.65359497070312 -162.6024169921875 432.0856018066406
v 138.52330017089844 -163.4553680419922 432.0500183105469
v 90.0542221069336 -163.8304901123047 431.7121887207031
v 92.01446533203125 -172.72889709472656 433.1598815917969
v 136.4591827392578 -172.15394592285156 433.0023193359375
v 93.45931243896484 -174.6344451904297 430.98114013671875
v 134.51177978515625 -193.5651092529297 430.11279296875
v 95.58221435546875 -189.96153259277344 430.9154968261719
v 95.73641204833984 -198.40390014648438 431.2422180175781
v 129.85140991210938 -201.2792510986328 431.6766662597656
v 96.19902038574219 -203.73873901367188 431.662841796875
v 127.89836883544922 -204.9093017578125 431.61767578125
v 126.903564453125 -207.30682373046875 430.77069091796875
v 96.93561553955078 -206.99969482421875 431.7819519042969
v 118.88317108154297 -214.1954803466797 432.35723876953125
v 117.40380859375 -217.66261291503906 429.95306396484375
v 115.35430145263672 -217.51339721679688 431.913818359375
v 112.90855407714844 -218.93687438964844 431.6590270996094
v 110.98194885253906 -219.1471710205078 432.033203125
v 108.8165054321289 -220.54522705078125 430.4949035644531
v 105.67626190185547 -220.03326416015625 430.61212158203125
v 103.65267181396484 -218.22816467285156 431.8981628417969
v 108.40202331542969 -121.71083068847656 433.85662841796875
v 112.70194244384766 -122.87055969238281 433.77789306640625
v 84.4107437133789 -123.19007873535156 432.2535400390625
v 79.90509796142578 -124.69825744628906 431.6081237792969
v 122.95526885986328 -128.9433135986328 431.69219970703125
v 118.25527954101562 -125.51295471191406 432.7515869140625
v 74.65238189697266 -126.86175537109375 432.763916015625
v 123.06964874267578 -129.15884399414062 434.6455383300781
v 67.85563659667969 -131.60198974609375 434.40814208984375
v 128.4398651123047 -135.47525024414062 432.3293762207031
v 129.79515075683594 -139.71990966796875 434.824462890625
v 56.4234619140625 -141.95437622070312 432.4543762207031
v 136.00860595703125 -147.86306762695312 431.988525390625
v 54.07719421386719 -148.5697479248047 433.0386657714844
v 57.81378173828125 -150.39505004882812 431.3269348144531
v 64.3858871459961 -151.9068145751953 431.7864685058594
v 58.56620788574219 -152.1332550048828 433.1812744140625
v 137.82896423339844 -153.2961883544922 432.4680480957031
v 70.81605529785156 -155.13986206054688 434.9294738769531
v 83.46996307373047 -161.46182250976562 434.40716552734375
v 93.11292266845703 -179.19393920898438 433.39471435546875
v 95.06378173828125 -186.82107543945312 432.2149658203125
v 94.17021942138672 -183.34091186523438 433.54071044921875
v 134.22210693359375 -189.84613037109375 432.5067443847656
v 121.06871032714844 -208.98106384277344 435.19561767578125
v 99.1488037109375 -211.8379364013672 435.0546569824219
v 97.53453826904297 -208.68370056152344 434.63433837890625
v 101.1636962890625 -216.79257202148438 431.4634094238281
v 103.11824035644531 -120.19253540039062 435.3367004394531
v 98.44184112548828 -119.70613098144531 435.7774658203125
v 91.5341796875 -120.14613342285156 436.2322998046875
v 81.67736053466797 -122.62358093261719 434.0411682128906
v 79.47248077392578 -122.35063171386719 436.25390625
v 76.822509765625 -124.62168884277344 434.5675048828125
v 120.52085876464844 -126.89361572265625 435.26123046875
v 124.76644897460938 -131.3299102783203 435.3281555175781
v 126.66246032714844 -133.6414337158203 434.44696044921875
v 128.08897399902344 -136.49693298339844 435.1717834472656
v 131.50601196289062 -143.19659423828125 434.8458557128906
v 54.42588806152344 -143.7534942626953 433.74285888671875
v 53.58238220214844 -147.30197143554688 433.416259765625
v 53.95310974121094 -151.272216796875 434.47552490234375
v 54.94146728515625 -152.2915802001953 434.4452209472656
v 136.6258544921875 -161.03524780273438 435.55035400390625
v 89.11016845703125 -169.1171112060547 435.51153564453125
v 134.1087188720703 -181.73301696777344 434.35736083984375
v 94.13524627685547 -184.26365661621094 437.7053527832031
v 95.54218292236328 -190.55491638183594 433.46124267578125
v 131.21527099609375 -195.436279296875 432.9236755371094
v 96.17381286621094 -203.17697143554688 434.10809326171875
v 101.09321594238281 -213.38467407226562 435.9846496582031
v 107.2010269165039 -216.9895477294922 434.69293212890625
v 88.15113830566406 -118.86541748046875 439.16448974609375
v 83.54498291015625 -120.39347839355469 437.72491455078125
v 114.2139892578125 -123.17915344238281 437.32904052734375
v 117.19336700439453 -124.81643676757812 437.1683654785156
v 72.6768798828125 -126.48176574707031 436.0017395019531
v 66.61077880859375 -130.83204650878906 436.9873962402344
v 63.03602600097656 -133.28427124023438 437.33282470703125
v 57.52021789550781 -136.77993774414062 436.8639221191406
v 55.89971923828125 -138.36485290527344 436.58868408203125
v 54.08122253417969 -140.47923278808594 437.40521240234375
v 52.44581604003906 -144.14549255371094 437.107177734375
v 132.88238525390625 -148.32264709472656 436.96051025390625
v 51.71665954589844 -148.28689575195312 437.4424743652344
v 51.07295227050781 -150.73562622070312 438.1231384277344
v 133.43389892578125 -152.42860412597656 437.98883056640625
v 51.11875915527344 -151.5762939453125 438.0695495605469
v 52.4912109375 -153.59413146972656 436.9905090332031
v 135.7800750732422 -157.87303161621094 436.623779296875
v 74.52290344238281 -157.3763427734375 436.2901611328125
v 65.49270629882812 -155.7303924560547 437.6506042480469
v 53.84992980957031 -154.86288452148438 437.19879150390625
v 77.46080780029297 -158.9112091064453 436.4036560058594
v 79.95072174072266 -159.68418884277344 435.5181579589844
v 83.16018676757812 -164.24034118652344 436.88232421875
v 136.0633544921875 -164.4061737060547 435.8519592285156
v 87.39524841308594 -166.15103149414062 435.23687744140625
v 86.44773864746094 -168.0257110595703 437.4242858886719
v 134.10595703125 -169.13270568847656 437.3994140625
v 90.43540954589844 -171.67503356933594 435.4549255371094
v 91.0607681274414 -176.39682006835938 437.5421447753906
v 133.3852996826172 -176.13800048828125 436.8941650390625
v 91.4867172241211 -179.26702880859375 439.8819580078125
v 131.72341918945312 -187.04364013671875 436.0163879394531
v 128.256591796875 -192.45156860351562 437.4170837402344
v 95.6686019897461 -189.86807250976562 437.3309326171875
v 95.99024200439453 -194.37596130371094 435.4040832519531
v 127.27357482910156 -198.49542236328125 435.8673095703125
v 97.2806625366211 -202.69229125976562 437.2126159667969
v 96.78597259521484 -196.73190307617188 437.05670166015625
v 123.74637603759766 -202.12554931640625 437.63848876953125
v 124.09172821044922 -205.76341247558594 434.81884765625
v 120.24547576904297 -207.00833129882812 438.0347595214844
v 97.97642517089844 -208.0836944580078 436.3226318359375
v 116.24566650390625 -210.2816162109375 438.32586669921875
v 114.70159912109375 -214.54112243652344 435.08917236328125
v 111.86420440673828 -212.64366149902344 438.4918212890625
v 110.05107879638672 -215.36891174316406 436.392578125
v 107.60499572753906 -213.86492919921875 438.2618713378906
v 104.5970458984375 -214.03399658203125 437.6155700683594
v 101.67752838134766 -118.68521118164062 439.92498779296875
v 109.74684143066406 -121.33772277832031 437.878662109375
v 97.70406341552734 -118.74031066894531 438.30438232421875
v 78.12654876708984 -122.0272216796875 439.2350769042969
v 73.89384460449219 -124.99104309082031 437.98223876953125
v 119.81533813476562 -127.14637756347656 439.34423828125
v 70.01220703125 -126.75715637207031 440.7853698730469
v 67.2601089477539 -129.63002014160156 438.552001953125
v 122.05740356445312 -129.77430725097656 439.2627258300781
v 124.29411315917969 -132.990966796875 439.1896057128906
v 58.80363464355469 -135.28062438964844 438.5067443847656
v 55.69438171386719 -137.32955932617188 439.22705078125
v 127.95341491699219 -139.56201171875 438.17791748046875
v 129.43746948242188 -144.2892608642578 438.9757385253906
v 61.645111083984375 -155.4102783203125 437.72607421875
v 56.17857360839844 -155.2836151123047 437.3357849121094
v 69.7844009399414 -160.35763549804688 442.33624267578125
v 79.61627197265625 -162.2222137451172 438.5532531738281
v 133.86683654785156 -162.14198303222656 439.1038513183594
v 83.16686248779297 -165.9866180419922 438.62847900390625
v 89.02651977539062 -174.01881408691406 440.1905212402344
v 92.67086029052734 -181.96484375 442.107666015625
v 94.90291595458984 -186.2458953857422 438.48406982421875
v 128.77706909179688 -186.9144744873047 439.4136657714844
v 97.12996673583984 -193.4922637939453 439.0244445800781
v 97.09942626953125 -190.2540740966797 442.2154846191406
v 124.40886688232422 -196.9401397705078 439.9990539550781
v 98.80863952636719 -206.4687042236328 438.36029052734375
v 100.02384185791016 -211.064697265625 437.5397644042969
v 102.7653579711914 -211.6822967529297 438.9640808105469
v 96.3006591796875 -118.10011291503906 440.9731140136719
v 102.15898132324219 -118.66812133789062 442.6431579589844
v 81.5237045288086 -120.12687683105469 440.6781005859375
v 86.03833770751953 -118.47503662109375 441.51519775390625
v 109.28958129882812 -121.10137939453125 441.2972717285156
v 113.16487121582031 -122.9808349609375 440.5327453613281
v 114.73731231689453 -124.17459106445312 441.1388244628906
v 119.75180053710938 -128.2225799560547 441.5233154296875
v 65.10456848144531 -131.1620330810547 440.1503601074219
v 62.36756896972656 -133.13160705566406 439.605712890625
v 57.60978698730469 -135.4785614013672 442.21820068359375
v 53.730987548828125 -139.68417358398438 440.4508972167969
v 52.3448486328125 -142.70162963867188 440.3097839355469
v 51.4017333984375 -147.3500213623047 440.7057800292969
v 50.85130310058594 -149.443115234375 440.2457580566406
v 127.6531982421875 -147.82493591308594 442.85595703125
v 50.67106628417969 -152.2990264892578 442.32733154296875
v 50.983734130859375 -153.6260528564453 440.6736145019531
v 52.77873229980469 -154.97723388671875 438.49676513671875
v 133.72657775878906 -158.37860107421875 439.0881652832031
v 58.431732177734375 -157.7620086669922 440.99407958984375
v 56.77813720703125 -158.46595764160156 442.4914245605469
v 73.34601593017578 -160.5241241455078 440.9410095214844
v 76.51398468017578 -161.707275390625 440.73223876953125
v 130.14675903320312 -165.3320770263672 443.1318359375
v 78.76509094238281 -163.5450439453125 441.3013610839844
v 85.96212768554688 -170.33187866210938 440.6580810546875
v 129.1457061767578 -174.44834899902344 443.027587890625
v 128.53611755371094 -181.48353576660156 441.8385925292969
v 95.65290069580078 -187.13853454589844 442.2006530761719
v 98.4861831665039 -198.31948852539062 439.1927795410156
v 120.89447021484375 -202.0770721435547 440.412109375
v 99.8532943725586 -205.3844451904297 439.7710876464844
v 101.20144653320312 -209.68775939941406 439.4304504394531
v 106.26590728759766 -211.69100952148438 439.9475402832031
v 109.32819366455078 -212.485107421875 439.2586975097656
v 99.53053283691406 -118.2139892578125 443.3985900878906
v 105.17626190185547 -119.91148376464844 443.30133056640625
v 84.51090240478516 -118.73468017578125 442.95269775390625
v 112.56888580322266 -123.41728210449219 443.2847900390625
v 74.97732543945312 -123.3602294921875 442.1875
v 78.13745880126953 -121.37576293945312 444.5482177734375
v 114.78167724609375 -124.81788635253906 442.69781494140625
v 120.5732192993164 -130.4310760498047 442.9358215332031
v 118.58966827392578 -129.17889404296875 444.4532165527344
v 122.37831115722656 -133.2848663330078 442.8306884765625
v 61.7822265625 -133.31655883789062 442.8803405761719
v 123.45146942138672 -136.82034301757812 443.4515686035156
v 54.58502197265625 -138.3318328857422 443.7915344238281
v 126.71257019042969 -142.22715759277344 441.4984436035156
v 128.22850036621094 -150.69134521484375 443.1201171875
v 129.29074096679688 -159.3376007080078 443.82373046875
v 64.06315612792969 -159.04879760742188 442.40606689453125
v 55.35169982910156 -158.5618133544922 443.5470275878906
v 52.60490417480469 -156.38462829589844 443.048828125
v 53.99339294433594 -157.82337951660156 443.4505310058594
v 129.77548217773438 -162.72328186035156 443.6656799316406
v 76.32251739501953 -164.265625 445.0565490722656
v 83.47103118896484 -168.53211975097656 441.8565979003906
v 89.33369445800781 -176.63589477539062 442.9864196777344
v 94.83179473876953 -185.20291137695312 443.72906494140625
v 123.94005584716797 -190.97817993164062 443.97467041015625
v 99.16194152832031 -192.5446319580078 443.4647521972656
v 100.32499694824219 -195.2963409423828 442.6573181152344
v 122.16840362548828 -195.77101135253906 443.395751953125
v 101.42672729492188 -198.02728271484375 442.63238525390625
v 119.68653106689453 -198.14041137695312 444.3415832519531
v 103.24681091308594 -202.45501708984375 442.5870666503906
v 100.58118438720703 -200.80662536621094 440.8728942871094
v 117.76787567138672 -203.94729614257812 441.6329650878906
v 102.58675384521484 -204.62112426757812 441.5874938964844
v 113.4790267944336 -207.48480224609375 441.7065124511719
v 105.8910903930664 -206.0283660888672 442.8181457519531
v 105.6025619506836 -208.68580627441406 441.4827575683594
v 103.07684326171875 -209.09226989746094 440.6086120605469
v 110.56099700927734 -208.54238891601562 441.8862609863281
v 108.30471801757812 -207.53396606445312 442.690673828125
v 90.16429901123047 -118.09422302246094 443.72711181640625
v 109.4533920288086 -121.90275573730469 444.43359375
v 71.26212310791016 -125.63616943359375 446.2020263671875
v 116.94300079345703 -128.1954345703125 444.82373046875
v 69.03575134277344 -127.41732788085938 443.52252197265625
v 64.91436767578125 -131.26121520996094 443.94586181640625
v 56.306549072265625 -136.7572021484375 445.1363220214844
v 123.68736267089844 -142.25193786621094 445.0971374511719
v 52.54856872558594 -143.04281616210938 443.3573913574219
v 51.90361022949219 -147.1119384765625 444.4963684082031
v 51.12701416015625 -153.79066467285156 443.2233581542969
v 58.83345031738281 -160.8970489501953 445.3403625488281
v 56.74855041503906 -160.4279327392578 445.8345031738281
v 68.28570556640625 -162.87779235839844 446.3160400390625
v 73.81636047363281 -166.0739288330078 449.49285888671875
v 79.46092987060547 -166.7368621826172 445.35699462890625
v 86.87311553955078 -174.7322998046875 445.48516845703125
v 90.48224639892578 -179.76930236816406 445.8103332519531
v 102.26667785644531 -195.80209350585938 445.6340637207031
v 104.31959533691406 -199.611572265625 444.92584228515625
v 115.45689392089844 -201.96823120117188 444.8517150878906
v 112.15499114990234 -203.2350311279297 445.5369567871094
v 110.30517578125 -206.08477783203125 443.8897705078125
v 100.08084869384766 -118.87600708007812 445.4378356933594
v 94.12387084960938 -118.29963684082031 445.0709533691406
v 85.81350708007812 -118.59587097167969 445.4861145019531
v 105.54385375976562 -120.74343872070312 445.17181396484375
v 81.11924743652344 -120.080078125 446.6956787109375
v 109.59591674804688 -123.0196533203125 445.6220397949219
v 76.35215759277344 -122.58233642578125 447.9419250488281
v 113.32746887207031 -125.30448913574219 444.585693359375
v 67.66925048828125 -128.99290466308594 446.14306640625
v 121.21395874023438 -134.59608459472656 445.0489807128906
v 63.03448486328125 -132.9398956298828 445.6051330566406
v 58.46343994140625 -135.37966918945312 445.18560791015625
v 53.81443786621094 -141.39585876464844 446.1177978515625
v 52.2447509765625 -149.67030334472656 447.1460876464844
v 52.18052673339844 -153.34776306152344 447.44183349609375
v 52.566375732421875 -156.30377197265625 446.6007995605469
v 53.93829345703125 -158.11166381835938 445.9376220703125
v 55.96131896972656 -160.9127960205078 447.9413757324219
v 83.03953552246094 -170.75930786132812 447.0780029296875
v 94.4661636352539 -185.21437072753906 447.7828063964844
v 121.1046142578125 -185.61056518554688 449.97198486328125
v 96.95242309570312 -188.8826141357422 446.0785217285156
v 99.0757827758789 -191.54061889648438 446.6542663574219
v 121.70222473144531 -191.3505859375 446.3390808105469
v 101.6104736328125 -193.70867919921875 447.4800720214844
v 107.5880355834961 -202.66090393066406 445.62353515625
v 109.80170440673828 -203.3800048828125 445.6416320800781
v 90.39970397949219 -118.87771606445312 447.13092041015625
v 85.02059173583984 -119.11398315429688 447.3289489746094
v 102.0991439819336 -120.7528076171875 446.79339599609375
v 95.04923248291016 -120.08418273925781 448.08056640625
v 88.86479949951172 -120.21598815917969 449.6877136230469
v 96.95191192626953 -121.106201171875 448.47015380859375
v 107.63098907470703 -123.79653930664062 446.92010498046875
v 98.87538146972656 -122.54193115234375 448.7207336425781
v 112.18145751953125 -126.86338806152344 446.31390380859375
v 72.85702514648438 -125.1685791015625 449.6064453125
v 116.25013732910156 -129.9550323486328 446.28875732421875
v 107.68648529052734 -127.62611389160156 448.2612609863281
v 69.4088134765625 -127.84326171875 448.8630065917969
v 66.35331726074219 -131.16156005859375 448.88250732421875
v 118.77796173095703 -133.6105499267578 446.4442138671875
v 114.16239166259766 -132.71298217773438 448.45159912109375
v 117.26245880126953 -136.27809143066406 448.47320556640625
v 64.02857208251953 -133.14280700683594 448.6227111816406
v 62.418853759765625 -134.78602600097656 449.66064453125
v 57.69270324707031 -136.96470642089844 447.9111022949219
v 120.95610809326172 -140.7865753173828 447.21661376953125
v 55.36775207519531 -139.1710662841797 447.26593017578125
v 54.766693115234375 -142.43136596679688 448.5016174316406
v 121.71988677978516 -146.95794677734375 449.53460693359375
v 53.97029113769531 -146.8013916015625 449.6884765625
v 123.51026916503906 -150.64285278320312 449.17083740234375
v 53.12944030761719 -152.68890380859375 449.8001403808594
v 54.2847900390625 -158.6610565185547 449.000244140625
v 126.07921600341797 -161.869140625 448.99249267578125
v 55.07951354980469 -160.39468383789062 449.51837158203125
v 64.70709228515625 -163.7130126953125 448.0771179199219
v 57.7572021484375 -163.04156494140625 448.5806884765625
v 126.65589904785156 -167.15850830078125 448.56060791015625
v 60.04536437988281 -165.12355041503906 450.4027099609375
v 76.39215850830078 -166.6439208984375 448.7647399902344
v 69.38633728027344 -166.16249084472656 450.8831481933594
v 79.53660583496094 -170.0083770751953 451.7969970703125
v 125.2630615234375 -175.2025146484375 448.71551513671875
v 119.86492156982422 -188.39437866210938 450.1037902832031
v 97.02926635742188 -189.2935333251953 449.03643798828125
v 116.8708267211914 -191.88619995117188 450.7107849121094
v 119.37992858886719 -194.0447540283203 446.9409484863281
v 104.80661010742188 -195.99862670898438 447.9937744140625
v 103.52747344970703 -194.3885955810547 448.9076232910156
v 117.01683044433594 -195.6046142578125 447.56011962890625
v 114.1158218383789 -196.67124938964844 448.314453125
v 113.47606658935547 -199.2903289794922 447.0100402832031
v 111.26139831542969 -197.1168975830078 448.667236328125
v 110.2045669555664 -199.2180938720703 447.47265625
v 108.82566833496094 -197.08721923828125 448.6523742675781
v 107.25617218017578 -197.62115478515625 447.8121643066406
v 105.88333129882812 -198.3749237060547 446.8145446777344
v 83.87004089355469 -120.54661560058594 450.13592529296875
v 82.88636016845703 -120.24465942382812 449.3035888671875
v 78.75969696044922 -122.03274536132812 450.0738830566406
v 92.7673568725586 -123.43368530273438 450.9211120605469
v 76.62185668945312 -123.78439331054688 451.4405212402344
v 68.67205047607422 -129.2594757080078 450.18426513671875
v 107.39733123779297 -129.52078247070312 449.33465576171875
v 56.86444091796875 -139.1154327392578 449.1573791503906
v 60.477386474609375 -138.05438232421875 451.3583068847656
v 119.47335815429688 -145.44944763183594 450.7294006347656
v 116.06060791015625 -139.72006225585938 450.9150085449219
v 57.29931640625 -143.83966064453125 451.9862060546875
v 55.83842468261719 -144.7210235595703 451.1376953125
v 53.77922058105469 -155.93505859375 450.4781188964844
v 54.344085693359375 -157.8460693359375 451.1025695800781
v 123.27996063232422 -158.58908081054688 451.2745361328125
v 56.019439697265625 -163.60665893554688 450.6050109863281
v 55.330108642578125 -162.69908142089844 451.2222900390625
v 124.6973876953125 -165.1493377685547 450.89434814453125
v 125.03052520751953 -171.23004150390625 450.0780029296875
v 81.4337158203125 -171.95706176757812 453.19085693359375
v 123.49586486816406 -175.427490234375 450.7906188964844
v 84.37924194335938 -175.4196014404297 454.70733642578125
v 122.87293243408203 -177.83677673339844 450.6180114746094
v 88.6178207397461 -179.97991943359375 451.6809387207031
v 92.12553405761719 -183.9803924560547 451.0677185058594
v 99.1447525024414 -191.3882598876953 450.8771667480469
v 102.06260681152344 -192.8751220703125 450.8273620605469
v 100.66112518310547 -192.20599365234375 451.3111572265625
v 113.08760833740234 -193.4113006591797 451.31109619140625
v 111.10911560058594 -191.92367553710938 453.0596008300781
v 106.49848175048828 -194.93780517578125 450.1470947265625
v 87.99341583251953 -122.56906127929688 451.65765380859375
v 84.61920928955078 -122.47859191894531 451.8974609375
v 80.4991455078125 -123.15301513671875 451.9568786621094
v 98.3890380859375 -128.41700744628906 451.14886474609375
v 73.90583801269531 -125.42851257324219 451.4156188964844
v 94.36748504638672 -128.68324279785156 452.01531982421875
v 71.65361022949219 -127.0794677734375 451.0677795410156
v 101.98419189453125 -130.09954833984375 451.106201171875
v 70.24607849121094 -129.06204223632812 451.6891174316406
v 106.58805847167969 -133.552734375 451.9946594238281
v 66.07154846191406 -133.0496063232422 451.02093505859375
v 110.02342224121094 -134.89260864257812 451.7467956542969
v 113.02523803710938 -136.1869659423828 451.1083679199219
v 54.543853759765625 -149.1266632080078 451.42608642578125
v 121.51838684082031 -151.01258850097656 451.1734619140625
v 54.80146789550781 -154.8882293701172 452.9327697753906
v 54.73356628417969 -160.14874267578125 451.752685546875
v 54.40016174316406 -162.41880798339844 454.1602783203125
v 56.70561218261719 -166.5089111328125 453.2875671386719
v 123.28152465820312 -172.38421630859375 451.62896728515625
v 76.45337677001953 -169.30535888671875 452.76922607421875
v 82.6200180053711 -175.03372192382812 457.96661376953125
v 86.19466400146484 -178.02096557617188 454.7513427734375
v 94.98165130615234 -188.02879333496094 452.2535705566406
v 96.77005004882812 -189.95632934570312 452.64300537109375
v 105.43433380126953 -193.7343292236328 451.5928039550781
v 109.14630889892578 -193.50343322753906 452.0663146972656
v 85.23661041259766 -124.72230529785156 452.56201171875
v 78.6754150390625 -125.52235412597656 452.8499450683594
v 89.98979949951172 -129.28466796875 452.5635070800781
v 75.61875915527344 -126.939453125 452.8899230957031
v 77.4389419555664 -130.0233917236328 453.4148254394531
v 83.36311340332031 -130.17543029785156 453.0264892578125
v 95.86649322509766 -131.5966033935547 452.57281494140625
v 71.79755401611328 -133.4891815185547 453.70654296875
v 68.62217712402344 -133.69338989257812 452.90869140625
v 81.85289001464844 -132.15130615234375 453.67852783203125
v 76.73938751220703 -132.22752380371094 454.0184020996094
v 66.72539520263672 -134.06521606445312 452.2311706542969
v 100.600341796875 -136.2513427734375 453.69329833984375
v 95.89962768554688 -134.3406524658203 453.5604553222656
v 110.2745590209961 -137.87657165527344 452.6644287109375
v 71.1771469116211 -135.04762268066406 454.294189453125
v 112.9808578491211 -139.39236450195312 452.187744140625
v 66.32881927490234 -138.5037384033203 454.3077392578125
v 105.40644073486328 -139.04254150390625 453.6665954589844
v 61.23823547363281 -142.24240112304688 453.7551574707031
v 107.95004272460938 -142.74542236328125 453.9238586425781
v 116.64420318603516 -145.04217529296875 452.03582763671875
v 116.13397216796875 -147.61407470703125 452.75640869140625
v 61.67601013183594 -144.33518981933594 455.4240417480469
v 109.89895629882812 -146.7801971435547 454.2613830566406
v 119.56336212158203 -150.73011779785156 452.2235107421875
v 57.63810729980469 -150.79983520507812 455.1689453125
v 116.23202514648438 -151.59991455078125 453.7283935546875
v 55.97883605957031 -153.81224060058594 454.4557800292969
v 118.77509307861328 -156.7104034423828 454.05096435546875
v 116.31761169433594 -154.08827209472656 454.6826171875
v 119.44743347167969 -160.4680938720703 454.3255310058594
v 55.24540710449219 -157.6909942626953 454.3004150390625
v 54.77461242675781 -159.45033264160156 453.46002197265625
v 54.6649169921875 -164.33245849609375 453.981201171875
v 122.94257354736328 -167.6410369873047 452.20135498046875
v 60.432861328125 -168.36788940429688 454.15966796875
v 118.61641693115234 -170.54075622558594 454.90234375
v 73.63998413085938 -169.85061645507812 454.36810302734375
v 55.38957214355469 -167.64749145507812 455.7901611328125
v 58.75016784667969 -169.50149536132812 455.95452880859375
v 119.07254791259766 -177.1978759765625 454.1170349121094
v 115.78620147705078 -180.8107452392578 456.4652404785156
v 118.3257827758789 -183.1456756591797 453.3506774902344
v 88.6620864868164 -182.23260498046875 455.2837829589844
v 116.37418365478516 -186.50013732910156 453.495849609375
v 114.2476806640625 -183.9284210205078 456.7988586425781
v 113.60284423828125 -189.59303283691406 453.5666809082031
v 98.29654693603516 -191.2877655029297 453.8707580566406
v 107.71955108642578 -191.7520751953125 454.8008117675781
v 102.7509994506836 -192.4612274169922 454.2071838378906
v 100.04466247558594 -192.0157928466797 455.92767333984375
v 105.07415008544922 -192.79640197753906 453.5294189453125
v 88.26854705810547 -135.01992797851562 454.6301574707031
v 81.1171646118164 -133.77430725097656 454.75921630859375
v 77.0743637084961 -133.913818359375 455.1110534667969
v 94.81661987304688 -136.38626098632812 454.82550048828125
v 74.9281234741211 -135.93295288085938 456.4336853027344
v 99.4160385131836 -138.86288452148438 455.141845703125
v 81.54256439208984 -136.93589782714844 457.4211730957031
v 86.90252685546875 -137.5725555419922 456.92718505859375
v 72.55743408203125 -138.4927978515625 457.68975830078125
v 105.33055877685547 -141.67591857910156 454.4811096191406
v 104.70452117919922 -143.5517120361328 455.6067199707031
v 109.12482452392578 -148.42608642578125 455.3117980957031
v 61.039642333984375 -147.4300079345703 456.662841796875
v 113.28144073486328 -150.92047119140625 454.731689453125
v 112.42941284179688 -153.2384033203125 456.78656005859375
v 114.84004974365234 -155.74647521972656 456.7926940917969
v 56.207061767578125 -156.82298278808594 455.89678955078125
v 115.47831726074219 -158.40621948242188 457.3218994140625
v 54.60276794433594 -161.08106994628906 455.5327453613281
v 117.87041473388672 -161.64794921875 455.7733459472656
v 53.86665344238281 -163.57748413085938 456.13531494140625
v 114.765380859375 -171.08558654785156 457.7085876464844
v 65.9288558959961 -171.02764892578125 456.1192321777344
v 57.70783996582031 -169.97457885742188 457.60821533203125
v 78.92784881591797 -172.20333862304688 456.0809631347656
v 75.27481842041016 -172.2095489501953 457.2119140625
v 80.77975463867188 -174.04541015625 458.3143005371094
v 114.01395416259766 -179.02210998535156 458.1163024902344
v 86.01254272460938 -179.92648315429688 458.1287841796875
v 90.00801086425781 -186.50991821289062 458.6441955566406
v 92.1279296875 -188.7364501953125 458.7825927734375
v 105.87672424316406 -190.09548950195312 458.3291015625
v 103.45447540283203 -191.4927520751953 458.0084228515625
v 77.53799438476562 -136.81390380859375 457.6112060546875
v 92.84176635742188 -139.4703369140625 457.4574279785156
v 68.26486206054688 -141.74676513671875 457.9779968261719
v 96.92927551269531 -141.72743225097656 457.8549499511719
v 100.74799346923828 -144.8428192138672 458.3222351074219
v 64.05826568603516 -146.1002655029297 457.9599609375
v 106.61186981201172 -150.15719604492188 457.7673645019531
v 60.99250793457031 -153.92137145996094 458.3622741699219
v 59.12541198730469 -153.84478759765625 457.36102294921875
v 110.96128845214844 -154.9344024658203 458.35894775390625
v 57.39198303222656 -156.6060333251953 457.2511901855469
v 54.26069641113281 -162.8328094482422 457.2680358886719
v 55.03492736816406 -162.94508361816406 458.5059509277344
v 54.1790771484375 -165.26193237304688 457.55523681640625
v 115.85806274414062 -163.24417114257812 457.3897399902344
v 66.8718032836914 -172.2332000732422 457.5022277832031
v 62.268096923828125 -171.8804931640625 458.16766357421875
v 84.22986602783203 -177.567138671875 458.7214660644531
v 86.84124755859375 -184.25689697265625 461.4391784667969
v 108.0286636352539 -187.9414825439453 458.7115783691406
v 93.3951644897461 -189.8035430908203 459.164794921875
v 96.2503890991211 -191.41668701171875 459.13995361328125
v 99.54315185546875 -191.65234375 460.77996826171875
v 97.03668212890625 -191.6137237548828 460.62921142578125
v 85.59144592285156 -139.58688354492188 458.1962585449219
v 80.19318389892578 -139.47068786621094 458.60162353515625
v 76.02609252929688 -139.38803100585938 458.5992431640625
v 92.62373352050781 -142.0865478515625 458.78863525390625
v 84.34098815917969 -141.67559814453125 458.9203796386719
v 70.33724975585938 -142.87840270996094 458.8244934082031
v 96.89759826660156 -144.7211456298828 459.2195129394531
v 89.85746765136719 -145.85597229003906 460.078857421875
v 78.74520874023438 -144.89730834960938 459.71307373046875
v 71.12006378173828 -147.00856018066406 459.6523132324219
v 69.09759521484375 -149.7948760986328 460.125244140625
v 104.59994506835938 -151.36708068847656 459.2306823730469
v 100.03791046142578 -152.50404357910156 461.00592041015625
v 64.06550598144531 -153.76560974121094 459.4923095703125
v 67.318115234375 -152.20114135742188 460.3878173828125
v 112.69486236572266 -158.26214599609375 458.77191162109375
v 103.56806182861328 -154.9855194091797 460.8848571777344
v 63.2054443359375 -157.71006774902344 460.1996154785156
v 59.063385009765625 -158.70474243164062 459.1826477050781
v 113.66802978515625 -161.6923370361328 458.7301025390625
v 106.58203887939453 -158.5296630859375 460.7924499511719
v 57.15850830078125 -162.12088012695312 459.9279479980469
v 108.44280242919922 -163.15579223632812 460.77252197265625
v 56.893890380859375 -164.1174774169922 460.2425842285156
v 109.95438385009766 -168.4745330810547 460.3119812011719
v 56.1546630859375 -165.75782775878906 459.8076477050781
v 56.91773986816406 -168.17831420898438 459.8006286621094
v 57.02494812011719 -169.3007049560547 459.2274475097656
v 60.27500915527344 -171.4242401123047 459.5032958984375
v 75.54480743408203 -174.12673950195312 460.63165283203125
v 72.68177032470703 -173.373046875 459.84271240234375
v 66.0384292602539 -173.00111389160156 459.3663635253906
v 64.09579467773438 -172.7503662109375 460.0810241699219
v 109.61727142333984 -176.4999542236328 460.6993103027344
v 109.27217864990234 -180.9063720703125 460.7709655761719
v 108.64849090576172 -183.71241760253906 460.5310974121094
v 107.95843505859375 -186.7453155517578 459.56744384765625
v 102.0537109375 -189.82669067382812 462.7177429199219
v 101.03604125976562 -191.22738647460938 461.3604736328125
v 95.00590515136719 -150.51116943359375 461.2553405761719
v 74.1793441772461 -148.090576171875 460.55224609375
v 89.67666625976562 -149.47244262695312 461.4280090332031
v 81.99417114257812 -147.85350036621094 460.9615783691406
v 71.71813201904297 -151.9793243408203 461.9848937988281
v 69.93399047851562 -157.98072814941406 463.93359375
v 102.34001159667969 -160.34410095214844 463.3717041015625
v 62.96714782714844 -162.34384155273438 462.0816650390625
v 59.57830810546875 -165.1865234375 461.6791687011719
v 108.17247009277344 -168.61012268066406 461.33013916015625
v 105.1093978881836 -171.29769897460938 463.545166015625
v 60.13838195800781 -167.48046875 462.08184814453125
v 59.91697692871094 -169.6007843017578 461.4669494628906
v 63.556007385253906 -171.27239990234375 462.031982421875
v 68.18294525146484 -173.00604248046875 461.5399475097656
v 78.32746887207031 -175.54872131347656 462.7061767578125
v 74.8549575805664 -174.2274627685547 461.8970642089844
v 71.86920928955078 -173.2715301513672 461.6714782714844
v 81.11018371582031 -179.74307250976562 465.5346374511719
v 79.90010833740234 -176.96829223632812 463.5899353027344
v 106.12069702148438 -178.1316680908203 463.39739990234375
v 83.37340545654297 -181.49722290039062 464.2306213378906
v 84.3426742553711 -183.26828002929688 464.5477600097656
v 104.93962860107422 -183.93814086914062 463.486328125
v 87.13839721679688 -185.60214233398438 463.0738525390625
v 103.7271957397461 -187.36944580078125 462.99359130859375
v 89.20316314697266 -186.97398376464844 461.7184143066406
v 90.4166488647461 -188.34237670898438 462.37371826171875
v 94.51191711425781 -190.61399841308594 461.9515380859375
v 98.78488159179688 -190.98855590820312 463.1460876464844
v 76.61321258544922 -153.66357421875 463.9556579589844
v 81.6716079711914 -152.76199340820312 463.7306213378906
v 92.77086639404297 -154.8491973876953 463.71136474609375
v 98.58186340332031 -157.3800506591797 463.73577880859375
v 65.00407409667969 -164.3079376220703 463.6710205078125
v 102.63751983642578 -167.4060516357422 464.05950927734375
v 100.17228698730469 -161.1946258544922 464.2314147949219
v 64.67887115478516 -168.10142517089844 463.5801696777344
v 68.24411010742188 -168.92674255371094 464.1668395996094
v 70.4119873046875 -170.87173461914062 463.9394226074219
v 70.56253814697266 -171.9522705078125 463.32904052734375
v 72.43434143066406 -172.7237091064453 463.0269470214844
v 76.82754516601562 -174.8095245361328 463.2303466796875
v 85.81359100341797 -185.08242797851562 464.8671875
v 88.58297729492188 -186.95521545410156 463.9066162109375
v 91.56182098388672 -188.68560791015625 464.32373046875
v 95.01759338378906 -190.49452209472656 463.0992736816406
v 80.72886657714844 -155.0375213623047 464.5232238769531
v 91.29647064208984 -156.61276245117188 464.4531555175781
v 74.55061340332031 -157.3321990966797 464.72283935546875
v 79.08353424072266 -157.4669647216797 464.9016418457031
v 97.28192901611328 -159.63650512695312 464.5334167480469
v 92.29457092285156 -158.89263916015625 464.8059387207031
v 82.22331237792969 -158.9569854736328 464.90625
v 71.40948486328125 -161.91053771972656 464.987060546875
v 69.3333969116211 -160.90695190429688 464.50726318359375
v 95.6587142944336 -162.16055297851562 464.87811279296875
v 73.03787994384766 -165.212646484375 465.02874755859375
v 99.50897979736328 -168.95742797851562 464.77777099609375
v 86.39006042480469 -167.08917236328125 464.67742919921875
v 68.41830444335938 -165.2127227783203 464.727294921875
v 93.6933822631836 -165.88699340820312 464.8928527832031
v 79.6422119140625 -170.1455078125 464.9159851074219
v 72.826171875 -169.09506225585938 464.7788391113281
v 92.61570739746094 -169.0469970703125 465.1542053222656
v 86.24150848388672 -170.181640625 464.9411926269531
v 76.78455352783203 -171.38258361816406 464.69781494140625
v 102.58538818359375 -174.0625457763672 464.9289855957031
v 94.98226165771484 -172.7310333251953 465.8322448730469
v 90.3813247680664 -172.11849975585938 465.8824157714844
v 80.02001190185547 -173.30677795410156 465.27850341796875
v 81.4109115600586 -175.11541748046875 466.0030212402344
v 78.14795684814453 -173.45303344726562 464.7143859863281
v 75.04320526123047 -172.5315704345703 464.02130126953125
v 104.28311920166016 -178.41836547851562 464.50592041015625
v 79.91058349609375 -176.50352478027344 466.0682373046875
v 77.42427062988281 -174.61318969726562 464.0311584472656
v 79.1439208984375 -176.86683654785156 465.09027099609375
v 97.10701751708984 -179.48777770996094 466.8671875
v 97.5235366821289 -176.08314514160156 466.3100280761719
v 79.2820816040039 -177.96255493164062 466.0823669433594
v 100.95071411132812 -182.15383911132812 465.6598815917969
v 82.6985092163086 -181.59056091308594 466.80487060546875
v 100.72688293457031 -185.93080139160156 465.1254577636719
v 100.71693420410156 -189.09127807617188 464.0001220703125
v 96.6518783569336 -185.98410034179688 466.3089904785156
v 96.82270050048828 -188.7465057373047 465.1499328613281
v 93.81659698486328 -186.8677215576172 466.40997314453125
v 93.68183898925781 -188.49826049804688 465.3089904785156
v 90.46710968017578 -187.266845703125 465.6924133300781
v 87.72228240966797 -186.18992614746094 466.25848388671875
v 92.67697143554688 -177.7430877685547 467.98089599609375
v 88.63836669921875 -178.05316162109375 468.671630859375
v 83.85220336914062 -176.90057373046875 467.21844482421875
v 83.5438003540039 -178.46047973632812 467.844482421875
v 92.85945892333984 -181.1591339111328 468.4651794433594
v 82.12593078613281 -179.7142333984375 467.5899658203125
v 94.38941192626953 -183.43955993652344 467.4959716796875
v 83.1302490234375 -181.52197265625 467.6853942871094
v 85.48799133300781 -184.5908966064453 466.3443908691406
v 86.17894744873047 -184.6205291748047 467.52606201171875
v 91.26549530029297 -185.1341094970703 467.8794860839844
v 91.26478576660156 -186.48184204101562 466.7678527832031
v 88.22107696533203 -185.33775329589844 467.9241638183594
v 87.65369415283203 -180.3493194580078 469.3965148925781
v 87.11695861816406 -180.83628845214844 469.5046081542969
v 89.95198822021484 -182.8839569091797 468.9062194824219
v 87.21376037597656 -182.06378173828125 469.19207763671875
v 85.6155776977539 -182.27084350585938 468.69970703125
vn -0.040654830634593964 0.2617054879665375 -0.9642912149429321
vn -0.1722208559513092 0.42368850111961365 -0.889285147190094
vn 0.0839122012257576 0.48062875866889954 -0.8729002475738525
vn 0.573460042476654 0.47276991605758667 -0.669053316116333
vn 0.31804341077804565 0.32431966066360474 -0.8908789157867432
vn 0.3014599680900574 0.5212172269821167 -0.7984074950218201
vn -0.38038793206214905 0.25824791193008423 -0.8880388736724854
vn 0.7930601835250854 0.15922768414020538 -0.5879643559455872
vn 0.6211836934089661 -0.014936202205717564 -0.7835226058959961
vn -0.18486662209033966 0.11063695698976517 -0.9765161275863647
vn -0.03403043746948242 0.1759183257818222 -0.983816385269165
vn 0.8880431652069092 -0.1250775307416916 -0.44241946935653687
vn 0.22251270711421967 0.021160060539841652 -0.9747002124786377
vn -0.36486855149269104 0.07331115007400513 -0.9281683564186096
vn 0.7296606302261353 -0.2121153175830841 -0.6500788331031799
vn -0.016565676778554916 -0.04458538442850113 -0.9988682270050049
vn 0.40107932686805725 -0.21015390753746033 -0.8916113376617432
vn -0.531530499458313 0.17565937340259552 -0.8286248445510864
vn -0.19571737945079803 -0.048057787120342255 -0.979482114315033
vn 0.8501720428466797 -0.29559653997421265 -0.43569502234458923
vn 0.7298458218574524 -0.35394707322120667 -0.5848474502563477
vn -0.03470655903220177 -0.15110991895198822 -0.9879075288772583
vn -0.5061305165290833 0.029296046122908592 -0.8619592189788818
vn 0.4912402629852295 -0.48169878125190735 -0.7257061004638672
vn 0.11345277726650238 -0.33664920926094055 -0.9347704648971558
vn -0.34655922651290894 -0.10647483170032501 -0.9319655895233154
vn -0.1642400622367859 -0.31676995754241943 -0.9341745376586914
vn 0.16396208107471466 -0.6832799911499023 -0.7115088701248169
vn -0.040999021381139755 -0.5733374953269958 -0.8182929158210754
vn 0.025184907019138336 0.5022464394569397 -0.8643577694892883
vn -0.2547122538089752 0.43051230907440186 -0.865898847579956
vn 0.27065956592559814 0.5547235608100891 -0.7867815494537354
vn -0.35966911911964417 0.4028666615486145 -0.8416273593902588
vn -0.42731791734695435 0.3331802487373352 -0.8404703140258789
vn 0.8934764862060547 0.24327555298805237 -0.3775140047073364
vn -0.5165515542030334 0.21261578798294067 -0.8294389843940735
vn 0.9850721955299377 -0.0212093535810709 -0.17083029448986053
vn 0.9204878807067871 -0.2749914228916168 -0.27763599157333374
vn -0.5831977128982544 0.16491463780403137 -0.7954140901565552
vn 0.8874547481536865 -0.3809923827648163 -0.2593625783920288
vn -0.40714895725250244 -0.21804967522621155 -0.8869521021842957
vn 0.808036744594574 -0.5251235961914062 -0.2670617401599884
vn -0.2187984436750412 -0.49509918689727783 -0.8408353328704834
vn 0.5127636194229126 -0.7237910032272339 -0.46173596382141113
vn 0.3319492042064667 -0.8036487102508545 -0.49392157793045044
vn 0.04152723401784897 -0.6626253128051758 -0.7477989792823792
vn -0.3757477402687073 0.22572888433933258 -0.8988103866577148
vn 0.47568702697753906 0.5031450390815735 -0.7215033173561096
vn 0.7600899934768677 0.3965896964073181 -0.5147619247436523
vn 0.9710285663604736 -0.22377309203147888 -0.08383966237306595
vn 0.9943085312843323 -0.10644812881946564 0.004398464225232601
vn -0.5859683752059937 0.050650034099817276 -0.8087494969367981
vn -0.46943575143814087 -0.10337373614311218 -0.8768945336341858
vn 0.6851162314414978 -0.685649573802948 -0.2459685504436493
vn -0.27843376994132996 -0.33592990040779114 -0.8997920751571655
vn -0.17108257114887238 -0.5268559455871582 -0.8325584530830383
vn 0.29370975494384766 0.5251976251602173 -0.798687756061554
vn 0.5595666170120239 0.5088430643081665 -0.6541896462440491
vn 0.06742633879184723 0.6037822365760803 -0.7942926287651062
vn -0.14696002006530762 0.5411878824234009 -0.8279604911804199
vn -0.18873187899589539 0.3752901256084442 -0.9074897766113281
vn -0.34568071365356445 0.419260174036026 -0.8394794464111328
vn -0.5520584583282471 0.25260835886001587 -0.7946197390556335
vn -0.574620246887207 0.14819401502609253 -0.8048913478851318
vn 0.9647676348686218 0.15887795388698578 -0.20971694588661194
vn -0.587496280670166 0.1649654060602188 -0.7922338843345642
vn -0.6885250806808472 0.15909801423549652 -0.7075457572937012
vn -0.6784502267837524 0.18398049473762512 -0.7112359404563904
vn -0.6827918887138367 0.16211602091789246 -0.7124000191688538
vn 0.9322993755340576 -0.3563345670700073 -0.0619971938431263
vn -0.7587487101554871 0.09244991093873978 -0.6447893977165222
vn -0.43760716915130615 -0.13428275287151337 -0.8890827894210815
vn 0.5631857514381409 -0.7329255938529968 -0.3816305994987488
vn -0.6473020315170288 -0.09981350600719452 -0.7556701898574829
vn 0.2960357069969177 -0.7248094081878662 -0.6221047043800354
vn -0.006900862790644169 -0.48520439863204956 -0.8743735551834106
vn -0.2878238558769226 -0.29628702998161316 -0.9106983542442322
vn 0.2516206204891205 -0.5892614126205444 -0.7677617073059082
vn -0.5025776624679565 -0.26941996812820435 -0.8214795589447021
vn 0.4345102608203888 -0.6392500996589661 -0.634476363658905
vn -0.05330008640885353 -0.43043187260627747 -0.9010480046272278
vn 0.32026204466819763 0.6325628161430359 -0.7051925659179688
vn 0.08361564576625824 0.6171417832374573 -0.782396674156189
vn -0.12244725227355957 0.5829823017120361 -0.8032050728797913
vn -0.3070581555366516 0.5477907657623291 -0.7782291769981384
vn -0.5127012133598328 0.4612155854701996 -0.7241669297218323
vn -0.6325927972793579 0.30223557353019714 -0.7130778431892395
vn 0.7351482510566711 0.45826131105422974 -0.49955347180366516
vn 0.8812222480773926 0.29126933217048645 -0.3723030090332031
vn -0.6845642924308777 0.1616547703742981 -0.7108020186424255
vn 0.9661169648170471 0.17574506998062134 -0.18902821838855743
vn 0.9993963241577148 -0.004880061838775873 -0.03439703583717346
vn 0.9760968685150146 -0.2060602605342865 0.06909541040658951
vn 0.9689260125160217 -0.24525392055511475 0.03213813155889511
vn -0.7859522104263306 0.14058718085289001 -0.6020917296409607
vn 0.8446210026741028 -0.5263782739639282 -0.09768007695674896
vn -0.8332003951072693 -0.07229773700237274 -0.5482245087623596
vn -0.8530744314193726 0.05299248918890953 -0.5190913081169128
vn 0.5981200933456421 -0.6581547260284424 -0.45725783705711365
vn 0.1850966066122055 -0.5280689597129822 -0.8287837505340576
vn -0.278498113155365 -0.42920100688934326 -0.8592004179954529
vn -0.7185125350952148 -0.24629294872283936 -0.6504456996917725
vn 0.5198125839233398 -0.6253559589385986 -0.5820008516311646
vn 0.4163326919078827 -0.60020512342453 -0.6829501986503601
vn -0.5392484664916992 -0.3807964324951172 -0.7511360049247742
vn 0.27242863178253174 -0.5937975645065308 -0.7570912837982178
vn -0.006364773493260145 -0.5310701727867126 -0.8473039269447327
vn 0.29389581084251404 0.6269201636314392 -0.7215237021446228
vn 0.5318966507911682 0.5946066975593567 -0.6029335260391235
vn -0.7584747076034546 0.15285687148571014 -0.633522629737854
vn 0.7799003720283508 -0.5979328751564026 -0.18501794338226318
vn 0.7221189737319946 -0.6231654286384583 -0.3003484308719635
vn -0.2774861454963684 -0.4698180854320526 -0.8380169868469238
vn -0.5475337505340576 -0.34449172019958496 -0.7625826001167297
vn 0.19791638851165771 0.6247375011444092 -0.755335807800293
vn -0.0633264034986496 0.5851053595542908 -0.808480978012085
vn -0.27511486411094666 0.4989073872566223 -0.8218291997909546
vn 0.3994591236114502 0.6201527118682861 -0.6751615405082703
vn -0.46388769149780273 0.47255939245224 -0.7493302822113037
vn -0.4090212881565094 0.47058746218681335 -0.7818241715431213
vn -0.5481135249137878 0.44747838377952576 -0.7066361904144287
vn 0.8586410284042358 0.3743911683559418 -0.35009559988975525
vn 0.6929349899291992 0.5301542282104492 -0.48864880204200745
vn -0.692980170249939 0.317928671836853 -0.6470702886581421
vn -0.7651890516281128 0.14968183636665344 -0.6261637210845947
vn 0.9974210858345032 0.004648320842534304 -0.07162059098482132
vn -0.7335293889045715 0.1290554404258728 -0.6672925353050232
vn 0.9884486198425293 -0.13368019461631775 0.07140721380710602
vn 0.9809298515319824 -0.1796853393316269 0.07409369200468063
vn -0.8595181107521057 0.07232438772916794 -0.5059623122215271
vn -0.8350399136543274 0.10479866713285446 -0.5401163101196289
vn -0.9068021774291992 0.01262498740106821 -0.4213673770427704
vn -0.8300114870071411 -0.1151207759976387 -0.5457364320755005
vn -0.7169817686080933 -0.26810207962989807 -0.643473744392395
vn 0.6390097737312317 -0.6175679564476013 -0.45855912566185
vn 0.5385256409645081 -0.6061758995056152 -0.5852699875831604
vn -0.6729284524917603 -0.2260648012161255 -0.7043167352676392
vn -0.017258113250136375 -0.5649687647819519 -0.824931800365448
vn -0.37084606289863586 -0.4213595688343048 -0.8276045918464661
vn 0.4472484290599823 -0.6559284925460815 -0.608051598072052
vn 0.2080807238817215 -0.6707620620727539 -0.7118852734565735
vn 0.4255489110946655 -0.7596079111099243 -0.49183741211891174
vn -0.3015754520893097 0.5228559374809265 -0.7972916960716248
vn -0.4935065507888794 0.41882550716400146 -0.7622575759887695
vn -0.5891022086143494 0.43191006779670715 -0.6829438805580139
vn -0.8426958918571472 0.11537672579288483 -0.5258819460868835
vn 0.9675360918045044 -0.2507711946964264 0.03142838925123215
vn 0.9090966582298279 -0.4159849286079407 0.022358577698469162
vn 0.8528549671173096 -0.5192186832427979 -0.05522991716861725
vn -0.9092852473258972 -0.0039158109575510025 -0.416155070066452
vn 0.7685253620147705 -0.5906664729118347 -0.2459309697151184
vn 0.6389733552932739 -0.6619778275489807 -0.3917887806892395
vn -0.033360134810209274 -0.5742970108985901 -0.8179671168327332
vn -0.28781232237815857 -0.41825932264328003 -0.8615238070487976
vn -0.5368543863296509 -0.24396570026874542 -0.8076311945915222
vn 0.2729755938053131 -0.7341935634613037 -0.6216463446617126
vn 0.08601450175046921 0.6287299394607544 -0.7728520631790161
vn 0.31371477246284485 0.6262614727020264 -0.7137084007263184
vn -0.10382899641990662 0.5865964293479919 -0.8031963109970093
vn 0.5213263630867004 0.5932369828224182 -0.6134238243103027
vn 0.7937788963317871 0.4798434376716614 -0.37371841073036194
vn 0.90302574634552 0.348400741815567 -0.2513195276260376
vn 0.9995361566543579 0.030423976480960846 0.001365957548841834
vn -0.7920461893081665 0.17697809636592865 -0.5842444896697998
vn -0.9326673150062561 0.008355604484677315 -0.3606409728527069
vn 0.9841775894165039 -0.1468774527311325 0.09910335391759872
vn 0.9825263619422913 -0.15941482782363892 0.09606698155403137
vn -0.9473646879196167 0.003319168696179986 -0.3201393187046051
vn -0.9479098320007324 0.012357006780803204 -0.3182991147041321
vn 0.8429853320121765 -0.5301014184951782 -0.09147841483354568
vn -0.8690317869186401 0.01678542234003544 -0.4944714605808258
vn -0.8262713551521301 -0.011485325172543526 -0.5631552338600159
vn -0.7290764451026917 -0.0739053264260292 -0.6804304122924805
vn 0.7156639099121094 -0.6698595285415649 -0.1977713406085968
vn 0.5971542596817017 -0.7636311650276184 -0.2455081343650818
vn 0.4914754629135132 -0.8252530694007874 -0.27822524309158325
vn -0.33082613348960876 -0.37416666746139526 -0.8663448691368103
vn -0.03607184812426567 -0.6835506558418274 -0.7290112972259521
vn -0.024489784613251686 0.6391005516052246 -0.7687332630157471
vn 0.18766354024410248 0.6465086936950684 -0.7394652962684631
vn -0.267418771982193 0.5804333090782166 -0.7691452503204346
vn -0.4576801359653473 0.46147316694259644 -0.7599812150001526
vn 0.38407570123672485 0.626564085483551 -0.6781616806983948
vn 0.5194301605224609 0.6236777305603027 -0.5841390490531921
vn -0.5976715087890625 0.34061357378959656 -0.7257900238037109
vn 0.6813269853591919 0.5550448298454285 -0.47719886898994446
vn -0.6138790249824524 0.35391318798065186 -0.7056189179420471
vn -0.672536313533783 0.37519410252571106 -0.6379061937332153
vn -0.6498581767082214 0.35276156663894653 -0.6732337474822998
vn -0.7251683473587036 0.29847514629364014 -0.6205187439918518
vn 0.9518020153045654 0.27939844131469727 -0.126528799533844
vn -0.8117506504058838 0.06067994609475136 -0.5808432698249817
vn -0.8947961926460266 -0.020607367157936096 -0.44599905610084534
vn 0.9408454298973083 -0.32417747378349304 0.09858468919992447
vn 0.8617624044418335 -0.5037491917610168 0.06001982092857361
vn -0.9353672862052917 0.08745596557855606 -0.34269461035728455
vn -0.9036514759063721 0.12252768874168396 -0.4103669226169586
vn 0.7958709597587585 -0.6042309403419495 -0.038657642900943756
vn 0.6696876287460327 -0.7402899265289307 -0.05907142534852028
vn -0.8018407821655273 0.052047036588191986 -0.5952667593955994
vn 0.5064392685890198 -0.774339497089386 -0.3793647885322571
vn -0.6397982239723206 -0.13627207279205322 -0.7563651204109192
vn 0.3004262447357178 -0.7645695209503174 -0.5702434182167053
vn 0.4667433202266693 -0.830220103263855 -0.3047710657119751
vn 0.18160302937030792 -0.9317321181297302 -0.31447672843933105
vn -0.4980260729789734 -0.48650822043418884 -0.7178300023078918
vn -0.19341124594211578 -0.8387762904167175 -0.5089659690856934
vn 0.29839062690734863 0.6987589597702026 -0.6501531004905701
vn 0.07429327070713043 0.7029033899307251 -0.7073947787284851
vn -0.0943492203950882 0.6757590174674988 -0.7310595512390137
vn -0.2235388308763504 0.5390219688415527 -0.8120872378349304
vn -0.38701844215393066 0.47350743412971497 -0.7912063598632812
vn -0.47753292322158813 0.36799007654190063 -0.7978381514549255
vn 0.8335195183753967 0.47615042328834534 -0.28022506833076477
vn -0.5285307765007019 0.2891596555709839 -0.798149049282074
vn -0.5928635001182556 0.24273759126663208 -0.7678484916687012
vn -0.6736834049224854 0.0935603603720665 -0.7330738306045532
vn 0.9899324178695679 -0.1042521521449089 0.09573618322610855
vn -0.9377539753913879 -0.060120537877082825 -0.3420570194721222
vn 0.9681289196014404 -0.20062293112277985 0.14992296695709229
vn 0.9797379374504089 -0.13818874955177307 0.1449742168188095
vn -0.9441344141960144 -0.030354565009474754 -0.32815980911254883
vn -0.9525963664054871 0.028465114533901215 -0.30290257930755615
vn 0.8900592923164368 -0.44072115421295166 0.11644487082958221
vn -0.8578705787658691 0.09010561555624008 -0.5059041380882263
vn 0.6008331179618835 -0.7879098653793335 -0.13489830493927002
vn -0.7860496640205383 0.029519135132431984 -0.6174581050872803
vn 0.5979326963424683 -0.7976282835006714 -0.07915576547384262
vn -0.7706401348114014 -0.23878060281276703 -0.5908449292182922
vn -0.11636722832918167 -0.9672718644142151 -0.225485697388649
vn -0.48916691541671753 -0.7443104982376099 -0.45466214418411255
vn 0.5057367086410522 0.6566748023033142 -0.5594717264175415
vn 0.6705840826034546 0.5966669917106628 -0.44080111384391785
vn -0.5517903566360474 0.2923346161842346 -0.7810683846473694
vn -0.27319708466529846 0.1562959849834442 -0.9491759538650513
vn -0.4685947299003601 0.04006091505289078 -0.8825044631958008
vn -0.225156769156456 0.095506452023983 -0.9696303606033325
vn -0.25157520174980164 -0.05250121280550957 -0.9664127230644226
vn 0.9877822399139404 0.15229904651641846 0.033034924417734146
vn -0.5415142178535461 -0.02888900600373745 -0.8401951193809509
vn -0.6169788837432861 -0.07844985276460648 -0.78305983543396
vn 0.9609694480895996 -0.1789356768131256 0.21099714934825897
vn 0.9561009407043457 -0.2428179532289505 0.16404400765895844
vn 0.8523210287094116 -0.4877769947052002 0.1887393742799759
vn 0.8160624504089355 -0.5388393998146057 0.20903174579143524
vn 0.7633388042449951 -0.6352075934410095 0.11758103221654892
vn 0.7024796605110168 -0.7089471220970154 0.06258086860179901
vn -0.8186890482902527 0.15621469914913177 -0.5525805354118347
vn 0.647023618221283 -0.7595787644386292 0.066337451338768
vn 0.42743152379989624 -0.9029949903488159 0.043615832924842834
vn 0.1618523895740509 -0.9865092635154724 0.02456432394683361
vn -0.0029055471532046795 0.6468327641487122 -0.7626263499259949
vn -0.07402080297470093 0.44461143016815186 -0.8926598429679871
vn -0.07104882597923279 0.5508366823196411 -0.8315834403038025
vn 0.3698464334011078 0.7595643401145935 -0.5350472927093506
vn 0.49620747566223145 0.6874814033508301 -0.5302334427833557
vn 0.10279394686222076 0.7371863126754761 -0.6678246855735779
vn -0.13488052785396576 0.3004591763019562 -0.9442094564437866
vn -0.27963244915008545 0.48583218455314636 -0.8281140327453613
vn -0.42456191778182983 0.42508557438850403 -0.7994056940078735
vn -0.2196195423603058 0.2914665937423706 -0.9310287237167358
vn -0.22719669342041016 0.19984868168830872 -0.9531223177909851
vn -0.28727322816848755 0.19300425052642822 -0.9382022619247437
vn -0.45633265376091003 0.3347591161727905 -0.8244372606277466
vn 0.7866488695144653 0.5512841939926147 -0.27797359228134155
vn 0.8729799389839172 0.45483049750328064 -0.17616814374923706
vn 0.9120165705680847 0.39683008193969727 -0.10369060933589935
vn -0.19410640001296997 0.17412811517715454 -0.9654026031494141
vn -0.21539679169654846 0.1777535229921341 -0.9602124691009521
vn -0.3924909234046936 0.22965018451213837 -0.8906243443489075
vn -0.6336902976036072 0.3276911973953247 -0.7007532715797424
vn 0.95792555809021 0.28697890043258667 -0.004670356400310993
vn -0.4590187668800354 0.15031403303146362 -0.8756183385848999
vn -0.2901112139225006 -0.0959862619638443 -0.9521670937538147
vn -0.6954665780067444 0.25178784132003784 -0.6730000972747803
vn -0.592535138130188 -0.07724638283252716 -0.801832377910614
vn 0.9895855188369751 0.05909501761198044 0.13125674426555634
vn -0.3606957495212555 -0.16118976473808289 -0.9186492562294006
vn -0.38013386726379395 -0.28237414360046387 -0.8807741403579712
vn -0.46300458908081055 -0.2948930859565735 -0.8358617424964905
vn -0.7839858531951904 -0.08968336880207062 -0.6142662763595581
vn -0.619212806224823 -0.23522430658340454 -0.7491629123687744
vn -0.7261739373207092 -0.19920603930950165 -0.6580185294151306
vn -0.8779465556144714 -0.08913741260766983 -0.4703875482082367
vn 0.9790107011795044 -0.1137111485004425 0.16913847625255585
vn -0.9230661988258362 0.0019523531664162874 -0.3846362829208374
vn -0.9137481451034546 0.11908306926488876 -0.38843730092048645
vn -0.8652827739715576 0.1907660961151123 -0.4635666310787201
vn 0.7011900544166565 -0.6861211061477661 0.19383075833320618
vn -0.7807700634002686 0.06734581291675568 -0.6211784482002258
vn -0.7896177768707275 -0.1895119696855545 -0.5836001038551331
vn 0.5802401304244995 -0.7969034910202026 0.1681254804134369
vn -0.654978334903717 -0.6504755020141602 -0.3845582902431488
vn -0.03775904327630997 -0.9991281032562256 0.0178146343678236
vn -0.29375120997428894 -0.9440749287605286 -0.14977598190307617
vn 0.19154369831085205 0.7799518704414368 -0.5958071947097778
vn -0.24774885177612305 0.5352874398231506 -0.8075196146965027
vn -0.4913160800933838 0.48544836044311523 -0.7231517434120178
vn 0.636526346206665 0.6710332632064819 -0.3801954388618469
vn -0.4951687455177307 0.4035267233848572 -0.76939857006073
vn 0.8584691882133484 0.4885832369327545 -0.1559397578239441
vn -0.5369654893875122 0.3838784396648407 -0.7512027025222778
vn -0.8173572421073914 0.15980371832847595 -0.5535250902175903
vn -0.7527755498886108 -0.1620107889175415 -0.6380294561386108
vn 0.9847478866577148 -0.04918395355343819 0.16689111292362213
vn -0.5307084321975708 -0.3692370355129242 -0.7628975510597229
vn -0.5355249047279358 -0.37024423480033875 -0.7590338587760925
vn 0.9562999606132507 -0.1739540547132492 0.23501138389110565
vn 0.9583754539489746 -0.13484333455562592 0.2516619563102722
vn 0.8722658753395081 -0.4371567666530609 0.21919450163841248
vn 0.7878789305686951 -0.5152842402458191 0.33723732829093933
vn -0.8494463562965393 0.22965513169765472 -0.4750783145427704
vn 0.7606033682823181 -0.5799347758293152 0.2918187081813812
vn -0.7106020450592041 0.21244986355304718 -0.6707531809806824
vn -0.7709490656852722 0.2899552583694458 -0.5670657157897949
vn 0.6483420133590698 -0.7244491577148438 0.23414991796016693
vn -0.7937512397766113 -0.42054861783981323 -0.4394291043281555
vn 0.4265691041946411 -0.8653319478034973 0.2631339132785797
vn 0.30381152033805847 -0.9214420318603516 0.24216358363628387
vn 0.13742996752262115 -0.9700754284858704 0.20016661286354065
vn 0.13129481673240662 0.7042800188064575 -0.6976757049560547
vn 0.00553898187354207 0.615750789642334 -0.7879214882850647
vn -0.41789954900741577 0.40603330731391907 -0.812709629535675
vn 0.9114084243774414 0.4104052186012268 -0.030039021745324135
vn 0.9441820979118347 0.32195353507995605 0.0697583481669426
vn -0.6731467843055725 0.30234676599502563 -0.6748777031898499
vn -0.76109778881073 0.227412149310112 -0.6074652075767517
vn 0.9697257280349731 0.20478203892707825 0.13302744925022125
vn -0.8781867623329163 0.035059329122304916 -0.4770313799381256
vn -0.6388503313064575 -0.3539539575576782 -0.6830716133117676
vn -0.5953479409217834 -0.3030899465084076 -0.7441084980964661
vn 0.9483646750450134 -0.09233373403549194 0.3034451901912689
vn -0.7979480028152466 -0.16262763738632202 -0.5803716778755188
vn -0.8693759441375732 -0.015485231764614582 -0.493908554315567
vn 0.787457287311554 -0.4989335834980011 0.361906498670578
vn 0.7012597322463989 -0.6581770777702332 0.27393007278442383
vn 0.6076772212982178 -0.7386602163314819 0.29173544049263
vn 0.5219097137451172 -0.8087072372436523 0.27129822969436646
vn -0.6596755385398865 -0.6559186577796936 -0.36687731742858887
vn -0.5147444009780884 -0.8390712738037109 -0.1760617047548294
vn -0.14079922437667847 -0.987835168838501 0.06600949913263321
vn -0.06294384598731995 0.42427384853363037 -0.903343677520752
vn 0.04192691296339035 0.600575864315033 -0.7984678149223328
vn 0.08695702254772186 0.6043082475662231 -0.7919911742210388
vn -0.13589990139007568 0.5024895668029785 -0.8538357615470886
vn -0.0402112640440464 0.5877588391304016 -0.8080362677574158
vn -0.07227864116430283 0.23025088012218475 -0.9704434275627136
vn -0.23481984436511993 0.38320213556289673 -0.8933173418045044
vn -0.2753743827342987 0.2825992703437805 -0.9188616275787354
vn -0.09000163525342941 0.1788034737110138 -0.979759693145752
vn 0.347737580537796 0.7645799517631531 -0.5426748991012573
vn 0.4799394905567169 0.7679062485694885 -0.42423832416534424
vn -0.1075173020362854 0.08464792370796204 -0.9905931353569031
vn -0.2643146514892578 0.1831280142068863 -0.946890652179718
vn 0.6269775032997131 0.7153306603431702 -0.30854716897010803
vn -0.15150170028209686 0.04518045857548714 -0.9874239563941956
vn 0.7861340045928955 0.5948807597160339 -0.16766135394573212
vn -0.28952330350875854 0.11413532495498657 -0.9503417611122131
vn -0.21351249516010284 -0.028858482837677002 -0.9765140414237976
vn -0.2999902665615082 -0.02562381513416767 -0.9535980820655823
vn -0.41664305329322815 0.22138391435146332 -0.881701648235321
vn -0.5293437242507935 0.12693417072296143 -0.8388581871986389
vn -0.48070263862609863 -0.17327260971069336 -0.8595938682556152
vn -0.6862068176269531 -0.00876833125948906 -0.7273536920547485
vn 0.9640387892723083 0.06333519518375397 0.25810474157333374
vn -0.8581660389900208 0.1359148472547531 -0.49505379796028137
vn -0.8090915679931641 -0.18282555043697357 -0.5585210919380188
vn 0.9461145401000977 -0.09968388825654984 0.3081078827381134
vn 0.910258948802948 -0.18472956120967865 0.3705451786518097
vn 0.9265372157096863 -0.17935197055339813 0.33069875836372375
vn -0.607704222202301 -0.33450037240982056 -0.7202812433242798
vn -0.6938456296920776 -0.23782233893871307 -0.6797196269035339
vn -0.5949347019195557 -0.261393666267395 -0.7600829005241394
vn -0.7628517746925354 -0.16069185733795166 -0.6262869238853455
vn 0.8612188696861267 -0.3132518529891968 0.40021905303001404
vn 0.7414179444313049 -0.5108874440193176 0.4350787103176117
vn -0.8352221846580505 0.15286773443222046 -0.5282379984855652
vn 0.7774325609207153 -0.4655984342098236 0.42286738753318787
vn 0.7144066691398621 -0.5416265726089478 0.4430166780948639
vn -0.7388944625854492 0.22874191403388977 -0.6338076591491699
vn -0.6930380463600159 0.3324774205684662 -0.6396538615226746
vn -0.6209233999252319 0.38561373949050903 -0.6824633479118347
vn 0.6830886602401733 -0.6508091688156128 0.331417053937912
vn -0.6223630905151367 0.31782102584838867 -0.7153000235557556
vn -0.6958803534507751 0.12014943361282349 -0.7080358266830444
vn -0.7420810461044312 -0.0938340276479721 -0.6637099385261536
vn -0.7235372066497803 -0.4572424292564392 -0.5171299576759338
vn -0.14019587635993958 0.6151530146598816 -0.7758426666259766
vn 0.13975590467453003 0.6638489961624146 -0.734692394733429
vn 0.22808969020843506 0.14386750757694244 -0.9629523754119873
vn 0.0711246058344841 0.09489845484495163 -0.9929428696632385
vn 0.1208174005150795 0.39313867688179016 -0.9115070700645447
vn -0.23257878422737122 0.19752563536167145 -0.9523081183433533
vn 0.2424372285604477 0.7230525016784668 -0.6468534469604492
vn -0.20188075304031372 0.5517283082008362 -0.8092218637466431
vn -0.24421338737010956 0.4958084225654602 -0.8333869576454163
vn -0.2809942364692688 0.3253239095211029 -0.9028879404067993
vn -0.11494912207126617 0.38122478127479553 -0.9173082709312439
vn 0.5854557752609253 0.7390260100364685 -0.33328989148139954
vn 0.12601692974567413 -0.2187926024198532 -0.9675999283790588
vn 0.1721937209367752 -0.12426459044218063 -0.9771937727928162
vn -0.10401392728090286 -0.28441503643989563 -0.9530420899391174
vn -0.43875840306282043 -0.2638533115386963 -0.8589950799942017
vn -0.217185378074646 -0.6011602878570557 -0.769049346446991
vn -0.31844523549079895 0.01155657134950161 -0.9478708505630493
vn -0.16707895696163177 0.15702155232429504 -0.9733595848083496
vn -0.23498204350471497 -0.04134939983487129 -0.9711198806762695
vn 0.03612317144870758 -0.4272252917289734 -0.9034233093261719
vn -0.028655951842665672 -0.5700201392173767 -0.8211308717727661
vn 0.8312856554985046 0.5545656085014343 -0.037699706852436066
vn -0.34775033593177795 -0.1420729160308838 -0.9267604947090149
vn -0.45682796835899353 -0.3398822247982025 -0.8220635056495667
vn -0.4472646713256836 -0.2713320851325989 -0.8522518873214722
vn 0.9364767074584961 0.3323999345302582 0.11190009862184525
vn 0.9521573185920715 0.2680484652519226 0.14678725600242615
vn 0.9410915374755859 0.2046070098876953 0.2692263722419739
vn -0.6675432920455933 -0.21505339443683624 -0.7128379940986633
vn -0.8062499761581421 0.07853396981954575 -0.5863390564918518
vn 0.9296467900276184 -0.04822702705860138 0.36528220772743225
vn -0.7142479419708252 -0.2507514953613281 -0.6534321904182434
vn 0.8960416316986084 -0.16259120404720306 0.4131265878677368
vn -0.6035031080245972 -0.28056052327156067 -0.7463710904121399
vn 0.9185323715209961 -0.07106110453605652 0.3889070749282837
vn -0.5952275991439819 -0.22230084240436554 -0.7721959352493286
vn 0.9023463726043701 -0.16887754201889038 0.3965493440628052
vn -0.7871758937835693 0.011827117763459682 -0.6166152358055115
vn -0.7790292501449585 -0.05732142925262451 -0.6243618130683899
vn -0.7746320366859436 -0.36566632986068726 -0.5159781575202942
vn 0.4975584149360657 -0.7952503561973572 0.34642839431762695
vn -0.7472461462020874 -0.4627783000469208 -0.47692716121673584
vn 0.2357175201177597 -0.9218961000442505 0.30748146772384644
vn -0.4048956334590912 -0.910997748374939 -0.0783749371767044
vn -0.5992574691772461 -0.7658230662345886 -0.23325014114379883
vn -0.0003160084888804704 -0.9622393846511841 0.2722044885158539
vn 0.23418430984020233 0.7285337448120117 -0.6437363028526306
vn -0.06408025324344635 0.5958856344223022 -0.8005086183547974
vn -0.42612388730049133 0.4612562656402588 -0.7782423496246338
vn -0.4159069359302521 0.5750061869621277 -0.7045490145683289
vn -0.18062107264995575 0.740119218826294 -0.6477651000022888
vn -0.04866156727075577 0.6303818821907043 -0.774758517742157
vn 0.06370547413825989 0.37861156463623047 -0.9233607053756714
vn 0.19515441358089447 0.3383532762527466 -0.9205605983734131
vn 0.12601573765277863 0.5094485282897949 -0.8512240052223206
vn -0.05670640617609024 0.47590962052345276 -0.8776642680168152
vn -0.630352258682251 0.15239380300045013 -0.7612044215202332
vn 0.4079814553260803 0.7735080122947693 -0.48501184582710266
vn 0.5101251602172852 0.741611897945404 -0.4356422424316406
vn 0.0928172916173935 0.15208803117275238 -0.9839991331100464
vn -0.6689354181289673 -0.2155483514070511 -0.7113820314407349
vn -0.5114753842353821 -0.5651147365570068 -0.6473316550254822
vn -0.6668592095375061 -0.35592931509017944 -0.6546855568885803
vn 0.7422898411750793 0.6569562554359436 -0.1319635957479477
vn -0.03731365501880646 -0.11991453170776367 -0.9920827746391296
vn -0.6082627177238464 -0.6190035343170166 -0.496841162443161
vn -0.160400390625 -0.7622641324996948 -0.6270766854286194
vn -0.2972583770751953 -0.779599130153656 -0.5512374043464661
vn -0.4758090376853943 -0.7844514846801758 -0.39779600501060486
vn -0.30553603172302246 -0.3726782202720642 -0.8762183785438538
vn -0.17491532862186432 -0.7342990636825562 -0.6559035778045654
vn -0.2719385027885437 -0.8673170804977417 -0.4169059991836548
vn 0.8806359171867371 0.46449539065361023 0.09340477734804153
vn -0.5183767676353455 -0.48575136065483093 -0.7037976980209351
vn -0.5623659491539001 -0.3409869074821472 -0.7533077597618103
vn -0.632165789604187 -0.4414633810520172 -0.6367704272270203
vn -0.6893348693847656 -0.38949424028396606 -0.610828697681427
vn -0.7940717935562134 -0.07924234867095947 -0.602636456489563
vn 0.9141104221343994 0.053334321826696396 0.4019422233104706
vn -0.8958401679992676 0.028218423947691917 -0.44347962737083435
vn 0.8737421035766602 -0.11995638906955719 0.471365362405777
vn 0.9041213393211365 -0.08814971148967743 0.4180840849876404
vn -0.6687676906585693 -0.0873904898762703 -0.7383174896240234
vn -0.7114779949188232 0.09244406223297119 -0.696601152420044
vn 0.8016237616539001 -0.3887641131877899 0.4541606903076172
vn 0.7274591326713562 -0.47673797607421875 0.49348169565200806
vn 0.7713865041732788 -0.4631739854812622 0.43638598918914795
vn 0.7443271279335022 -0.5452290177345276 0.38561972975730896
vn -0.6869555711746216 0.27663126587867737 -0.6719875931739807
vn 0.6031237840652466 -0.7056034207344055 0.3719751834869385
vn -0.705694317817688 -0.6766905188560486 -0.2099655121564865
vn -0.22769978642463684 -0.9692745208740234 0.09305799752473831
vn 0.14733768999576569 0.68695068359375 -0.7116111516952515
vn 0.02880176343023777 0.6944074034690857 -0.7190054059028625
vn -0.09922528266906738 0.6485313177108765 -0.7546929717063904
vn -0.08891696482896805 0.5951521992683411 -0.7986787557601929
vn -0.052923474460840225 0.6991071701049805 -0.7130555510520935
vn -0.18385039269924164 0.7371155023574829 -0.650276780128479
vn 0.32561028003692627 0.7766420841217041 -0.5392634272575378
vn 0.47878777980804443 0.8027029633522034 -0.3555704653263092
vn 0.05299973487854004 0.6375113129615784 -0.7686159610748291
vn -0.4255104660987854 0.6541846394538879 -0.6252865791320801
vn 0.04592807590961456 0.5542130470275879 -0.8311068415641785
vn -0.6075263619422913 0.32419711351394653 -0.7251262068748474
vn 0.586158812046051 0.771294116973877 -0.24803882837295532
vn 0.6903367638587952 0.7052817344665527 -0.16128486394882202
vn -0.6860615015029907 -0.06501379609107971 -0.7246329188346863
vn 0.8146111965179443 0.5797885656356812 0.015936031937599182
vn -0.6356072425842285 -0.5812473893165588 -0.508089542388916
vn -0.47335460782051086 -0.6592118144035339 -0.5842732787132263
vn -0.3492099642753601 -0.838107705116272 -0.41907986998558044
vn -0.5676324963569641 -0.5678493976593018 -0.5961043834686279
vn -0.7002703547477722 -0.49350643157958984 -0.5158225297927856
vn 0.9473764300346375 0.22748811542987823 0.22522683441638947
vn -0.7053629159927368 -0.4702102839946747 -0.5304389595985413
vn 0.9420584440231323 0.16807492077350616 0.2903047502040863
vn -0.761228621006012 -0.22652316093444824 -0.6076334118843079
vn -0.8661184906959534 -0.008463273756206036 -0.49976709485054016
vn -0.8834273219108582 -0.0498727411031723 -0.46590656042099
vn 0.8653839826583862 -0.14417056739330292 0.4799223840236664
vn -0.8242647647857666 -0.15416845679283142 -0.5448117256164551
vn -0.6444306969642639 -0.20176461338996887 -0.7375637292861938
vn -0.7817519903182983 -0.13492217659950256 -0.6088184714317322
vn -0.5733537077903748 -0.23221029341220856 -0.7857124209403992
vn 0.8574602603912354 -0.17461591958999634 0.48401570320129395
vn 0.8320642709732056 -0.2408890426158905 0.499641478061676
vn -0.5807760953903198 -0.18145009875297546 -0.7935836911201477
vn 0.7587162256240845 -0.39140886068344116 0.5207194685935974
vn -0.6316139698028564 -0.025370851159095764 -0.7748678922653198
vn -0.6688907742500305 0.16784356534481049 -0.7241641879081726
vn -0.6569175124168396 0.3133324682712555 -0.6857712268829346
vn -0.5977138876914978 0.3976578414440155 -0.6961367726325989
vn -0.6869496703147888 0.3737487494945526 -0.6232271790504456
vn 0.6380703449249268 -0.6218615770339966 0.4540422856807709
vn -0.878781795501709 0.18165026605129242 -0.4413001239299774
vn -0.8261352181434631 -0.009678578935563564 -0.5633887648582458
vn -0.9395461678504944 -0.13915570080280304 -0.31287166476249695
vn -0.8637150526046753 -0.3903505206108093 -0.3187834620475769
vn 0.5605480670928955 -0.708322286605835 0.4290284514427185
vn 0.465961754322052 -0.7773707509040833 0.4225805997848511
vn 0.3381154239177704 -0.8707656860351562 0.35699462890625
vn -0.41794365644454956 -0.9042190313339233 0.08781261742115021
vn 0.22406485676765442 0.7658494114875793 -0.6027186512947083
vn 0.35238558053970337 0.7860947847366333 -0.5078182816505432
vn 0.0017365640960633755 0.6528077721595764 -0.7575216293334961
vn -0.2987369894981384 0.7359914183616638 -0.6075137853622437
vn -0.5853619575500488 0.4157123565673828 -0.6960852742195129
vn -0.5882648825645447 0.13249528408050537 -0.7977402806282043
vn 0.771730899810791 0.635901153087616 -0.007823850028216839
vn -0.6271141171455383 -0.3208041191101074 -0.7097975611686707
vn 0.9214628338813782 0.3195500075817108 0.22089384496212006
vn -0.5850536227226257 -0.6551342010498047 -0.47802871465682983
vn 0.918109118938446 0.08749828487634659 0.3865485191345215
vn -0.8212043046951294 -0.18650536239147186 -0.5392951965332031
vn 0.8828651309013367 0.0003551468253135681 0.4696265757083893
vn -0.8662240505218506 -0.08399681746959686 -0.49254482984542847
vn 0.8850997686386108 -0.08975779265165329 0.45666396617889404
vn 0.8830110430717468 -0.09858402609825134 0.4588821530342102
vn -0.718947172164917 0.1776038557291031 -0.6719910502433777
vn 0.8105500936508179 -0.35954806208610535 0.4623134434223175
vn -0.7693914771080017 0.33227482438087463 -0.5455549359321594
vn 0.6946192979812622 -0.542707622051239 0.47219976782798767
vn -0.9820378422737122 -0.05152856186032295 -0.1815118044614792
vn -0.9426565766334534 -0.3336312174797058 0.009424055926501751
vn -0.7275991439819336 -0.6841079592704773 0.050950076431035995
vn 0.19871863722801208 -0.9062493443489075 0.37312614917755127
vn 0.09845620393753052 0.7445656657218933 -0.6602488160133362
vn -0.03464093431830406 0.6835422515869141 -0.729088544845581
vn -0.10061845928430557 0.6430748701095581 -0.7591644525527954
vn -0.05298725515604019 0.6177360415458679 -0.7845983505249023
vn -0.2173367589712143 0.6728861331939697 -0.7070990800857544
vn 0.5889574885368347 0.7812692523002625 -0.2067544311285019
vn -0.39561930298805237 0.7052792310714722 -0.5882743000984192
vn 0.7228189706802368 0.6910045742988586 0.006737124174833298
vn -0.5061688423156738 -0.6667195558547974 -0.5470631718635559
vn 0.8241899609565735 0.5411856770515442 0.16682025790214539
vn -0.4308728277683258 -0.8103832006454468 -0.39702361822128296
vn 0.8753802180290222 0.4298499524593353 0.22122062742710114
vn -0.35837340354919434 -0.8725809454917908 -0.3319202661514282
vn -0.7552952170372009 -0.37518310546875 -0.5373702645301819
vn -0.7144625782966614 -0.15703365206718445 -0.6818237900733948
vn -0.6983163356781006 -0.17868055403232574 -0.6931288242340088
vn -0.6600551605224609 -0.11134861409664154 -0.7429190874099731
vn -0.20131979882717133 -0.9141627550125122 0.35181936621665955
vn -0.5183260440826416 -0.8064168095588684 0.28465789556503296
vn 0.2911375164985657 0.807120144367218 -0.51361083984375
vn -0.06924739480018616 0.6221253275871277 -0.7798492908477783
vn -0.058042749762535095 0.6359738707542419 -0.7695247530937195
vn -0.05533144250512123 0.7035028338432312 -0.7085352540016174
vn -0.12453506141901016 0.6838055849075317 -0.7189582586288452
vn 0.3933907747268677 0.8074714541435242 -0.43958356976509094
vn 0.4695913791656494 0.8031666874885559 -0.36661583185195923
vn 0.615855872631073 0.7662205696105957 -0.18337833881378174
vn -0.35500824451446533 0.6493358612060547 -0.6725564002990723
vn -0.41059982776641846 0.6377176642417908 -0.6517084836959839
vn 0.6803026795387268 0.7276785373687744 -0.0875910073518753
vn -0.47238394618034363 0.49075770378112793 -0.73212730884552
vn -0.4278661906719208 0.6587722301483154 -0.6188293099403381
vn -0.5263015031814575 0.4705923795700073 -0.7082016468048096
vn 0.7645000219345093 0.6322818398475647 0.12553717195987701
vn -0.5058076977729797 0.12913748621940613 -0.8529256582260132
vn -0.4938979148864746 -0.18712730705738068 -0.8491455912590027
vn -0.42712923884391785 -0.5247465372085571 -0.736343502998352
vn -0.4117770195007324 -0.4180199205875397 -0.8097525238990784
vn -0.5017940402030945 -0.19122850894927979 -0.8435842990875244
vn -0.32490015029907227 -0.7888233065605164 -0.5217257738113403
vn -0.2860276401042938 -0.7294116020202637 -0.6214072108268738
vn -0.3085772693157196 -0.6129499673843384 -0.7273736596107483
vn -0.3085249066352844 -0.8253999948501587 -0.47278669476509094
vn -0.3976224958896637 -0.7970653176307678 -0.45451435446739197
vn 0.9256290197372437 0.1475614756345749 0.34847748279571533
vn 0.8996374607086182 0.3174274265766144 0.2998203933238983
vn -0.517926037311554 -0.6786127090454102 -0.5208047032356262
vn -0.6239797472953796 -0.5255938768386841 -0.5782737135887146
vn -0.7361534833908081 -0.4288212060928345 -0.5236320495605469
vn 0.8740829229354858 -0.10426769405603409 0.4744548201560974
vn 0.8600021004676819 -0.1360367387533188 0.49182355403900146
vn -0.887139618396759 -0.07095937430858612 -0.45601335167884827
vn -0.9141996502876282 -0.061527982354164124 -0.4005662798881531
vn 0.8795601725578308 -0.10834707319736481 0.46328702569007874
vn -0.8152387738227844 -0.12528318166732788 -0.5654112100601196
vn -0.9044205546379089 -0.0676712766289711 -0.4212411046028137
vn 0.7892179489135742 -0.3265169560909271 0.5201171040534973
vn 0.7580732107162476 -0.4047994315624237 0.5113341212272644
vn 0.7717596888542175 -0.385569304227829 0.5056909322738647
vn -0.7347228527069092 0.03360491991043091 -0.6775346398353577
vn -0.9008309841156006 0.10596693307161331 -0.4210399389266968
vn -0.837131142616272 -0.07491552829742432 -0.5418478846549988
vn 0.6496090292930603 -0.5384696125984192 0.5367108583450317
vn 0.5412640571594238 -0.6567386984825134 0.5250976085662842
vn -0.9866272211074829 -0.057005997747182846 -0.15269944071769714
vn 0.40092381834983826 -0.7665973901748657 0.5015860795974731
vn 0.210322305560112 -0.8421512246131897 0.4965338706970215
vn -0.7829349040985107 -0.5772967338562012 0.2318221479654312
vn -0.3268277049064636 -0.8146504759788513 0.479091078042984
vn 0.025901250541210175 -0.8932967185974121 0.4487205147743225
vn 0.17869755625724792 0.8069995045661926 -0.5628668069839478
vn 0.03948017582297325 0.7591167688369751 -0.6497561931610107
vn -0.0488225556910038 0.6754115223884583 -0.7358231544494629
vn -0.30868586897850037 0.6357157230377197 -0.7075157761573792
vn -0.3976581394672394 0.5875716805458069 -0.7047180533409119
vn 0.5593008995056152 0.7845914363861084 -0.2675796449184418
vn -0.44707295298576355 0.6762257218360901 -0.5855293273925781
vn -0.6062927842140198 0.19960564374923706 -0.7697835564613342
vn -0.5273464918136597 0.1340043991804123 -0.8390163779258728
vn 0.7833211421966553 0.5695403814315796 0.2490616887807846
vn -0.4372255802154541 -0.25672459602355957 -0.8619318008422852
vn 0.7961913347244263 0.5097475051879883 0.3259400427341461
vn -0.40222567319869995 -0.4646514058113098 -0.7888685464859009
vn -0.4636298418045044 -0.4261946678161621 -0.7767918109893799
vn 0.8427671790122986 0.4375859498977661 0.3134678602218628
vn -0.4598616361618042 -0.6639495491981506 -0.589659571647644
vn 0.9152873754501343 -0.00498897535726428 0.4027705490589142
vn -0.7614381909370422 -0.34087273478507996 -0.5513780117034912
vn 0.8714182376861572 -0.08658552914857864 0.4828387498855591
vn -0.9382719993591309 -0.06495242565870285 -0.33974531292915344
vn -0.8978971838951111 -0.1350838989019394 -0.4189665913581848
vn -0.8475366234779358 -0.16943924129009247 -0.5029633641242981
vn -0.5831537246704102 -0.6958757638931274 0.41915223002433777
vn -0.11724574863910675 -0.8486676812171936 0.5157680511474609
vn 0.6677893400192261 0.7384955286979675 -0.0931762158870697
vn 0.7055087685585022 0.7085787057876587 -0.013178713619709015
vn 0.7603316307067871 0.6448772549629211 0.07764754444360733
vn 0.7793702483177185 0.5863611698150635 0.22082248330116272
vn -0.546191930770874 0.4568639397621155 -0.7021037936210632
vn -0.35772043466567993 -0.5221289396286011 -0.7742205858230591
vn 0.8657228946685791 0.3085182011127472 0.3941325545310974
vn -0.19443951547145844 -0.7076291441917419 -0.6793042421340942
vn -0.20586572587490082 -0.803011417388916 -0.5592781901359558
vn 0.8927078247070312 0.04563920944929123 0.4483189880847931
vn -0.8422025442123413 -0.16751337051391602 -0.5124785304069519
vn -0.9170352816581726 -0.13245636224746704 -0.376166969537735
vn -0.9544178247451782 -0.1414952129125595 -0.2628035545349121
vn -0.9754379391670227 -0.07830442488193512 -0.2058866322040558
vn 0.8097842335700989 -0.18213963508605957 0.5577406883239746
vn -0.9629260301589966 -0.0746716782450676 -0.25922513008117676
vn -0.932554304599762 -0.17812493443489075 -0.3140287399291992
vn -0.9311754107475281 -0.10477563738822937 -0.3491911292076111
vn -0.9635884761810303 -0.15589191019535065 -0.2172439843416214
vn -0.9712832570075989 -0.2276495397090912 -0.06917045265436172
vn 0.5818784832954407 -0.5828782916069031 0.56715989112854
vn -0.9327409267425537 -0.3427044749259949 0.11201796680688858
vn -0.830773651599884 -0.48103025555610657 0.2800447940826416
vn -0.04913226142525673 0.7624918818473816 -0.6451295018196106
vn 0.03925055265426636 0.8588045239448547 -0.5107976794242859
vn 0.14954429864883423 0.8817724585533142 -0.4473409354686737
vn -0.08450743556022644 0.7964090704917908 -0.5988247990608215
vn -0.06846398860216141 0.8378102779388428 -0.5416518449783325
vn -0.20601050555706024 0.7444217205047607 -0.6351346373558044
vn 0.27444398403167725 0.884440004825592 -0.3774208426475525
vn 0.4045203924179077 0.8567072153091431 -0.3200250566005707
vn -0.379863977432251 0.7077482342720032 -0.595647394657135
vn -0.4551035463809967 0.6042996644973755 -0.6539897918701172
vn 0.49820584058761597 0.818583607673645 -0.28585293889045715
vn 0.5886926651000977 0.7743191123008728 -0.23210111260414124
vn -0.48733481764793396 0.5501859784126282 -0.6780857443809509
vn -0.5564682483673096 0.6100038290023804 -0.5641263127326965
vn -0.4905353784561157 0.6555551290512085 -0.5741276144981384
vn -0.4695819318294525 0.7155556678771973 -0.517177939414978
vn 0.8256159424781799 0.5227913856506348 0.21224388480186462
vn -0.48055964708328247 0.6479154825210571 -0.5909889936447144
vn -0.5572136044502258 0.5563095211982727 -0.6164680123329163
vn 0.7831646800041199 0.5102255344390869 0.3554196357727051
vn -0.6368926167488098 0.30738648772239685 -0.7070229649543762
vn -0.5897718071937561 -0.009071039035916328 -0.8075190186500549
vn -0.5244632959365845 -0.23580867052078247 -0.8181275129318237
vn -0.39717966318130493 -0.47942644357681274 -0.7825590372085571
vn -0.3092309832572937 -0.7403349876403809 -0.596892237663269
vn -0.21931500732898712 -0.8066220283508301 -0.5488731861114502
vn -0.42769160866737366 -0.6104373335838318 -0.6666680574417114
vn -0.5470569729804993 -0.5314472913742065 -0.6467553377151489
vn 0.8829466104507446 -0.08113626390695572 0.462409108877182
vn -0.6515489816665649 -0.4426177442073822 -0.6160953640937805
vn -0.8704025745391846 -0.19498199224472046 -0.4520856440067291
vn 0.8545353412628174 -0.1427125781774521 0.49940210580825806
vn -0.880917489528656 -0.16036906838417053 -0.4452708959579468
vn 0.7509109973907471 -0.329116553068161 0.5725513100624084
vn -0.9917796850204468 -0.060853905975818634 -0.11256064474582672
vn -0.9969789385795593 -0.05503377690911293 -0.05481237918138504
vn 0.7244063019752502 -0.3513197600841522 0.5931356549263
vn -0.9815909266471863 -0.154446080327034 -0.11236399412155151
vn 0.6736440062522888 -0.43476077914237976 0.5976511836051941
vn 0.6349420547485352 -0.5081272125244141 0.5819411277770996
vn -0.9673058390617371 -0.24469788372516632 -0.06665129959583282
vn 0.53663170337677 -0.5991063714027405 0.5942205190658569
vn 0.512309193611145 -0.6486223340034485 0.5628750920295715
vn 0.4316211938858032 -0.6672777533531189 0.6069955229759216
vn 0.28952768445014954 -0.7259393930435181 0.6238475441932678
vn 0.11907646805047989 -0.7722348570823669 0.6240785717964172
vn 0.002593484241515398 -0.8128331303596497 0.5824908018112183
vn -0.20447468757629395 -0.7817651033401489 0.5890954732894897
vn -0.40494605898857117 -0.7306597828865051 0.5496863722801208
vn 0.22824910283088684 0.9372388124465942 -0.26360177993774414
vn 0.3382178843021393 0.9234959483146667 -0.1810079663991928
vn -0.10940330475568771 0.8488252758979797 -0.5172296762466431
vn -0.33627304434776306 0.7936404347419739 -0.5070062875747681
vn 0.6428017616271973 0.7617270946502686 -0.08110354840755463
vn 0.4935154318809509 0.8615084886550903 -0.11935536563396454
vn -0.5085453987121582 0.722326934337616 -0.46864214539527893
vn 0.7238205075263977 0.6708231568336487 0.16149374842643738
vn -0.5498366951942444 0.6421421766281128 -0.5341657400131226
vn 0.8215475678443909 0.5260825753211975 0.21976520121097565
vn 0.824955403804779 0.43819648027420044 0.3569768965244293
vn -0.6975088715553284 0.46472790837287903 -0.545444130897522
vn 0.7900510430335999 0.4156622588634491 0.45060431957244873
vn -0.7397291660308838 -0.19210612773895264 -0.6449000239372253
vn -0.2088657021522522 -0.692436158657074 -0.6905847787857056
vn -0.14116090536117554 -0.8146536350250244 -0.5625060796737671
vn -0.11536645144224167 -0.7798405885696411 -0.6152554154396057
vn 0.8356449604034424 0.2136702686548233 0.5060064792633057
vn -0.19643570482730865 -0.7957857251167297 -0.5728334188461304
vn -0.47441643476486206 -0.5375014543533325 -0.697152316570282
vn -0.9363114833831787 -0.22274819016456604 -0.2714848816394806
vn -0.9791812896728516 -0.17959749698638916 -0.0945974811911583
vn -0.943865954875946 -0.29334840178489685 -0.15186791121959686
vn 0.7212225198745728 -0.2768426239490509 0.6349774599075317
vn 0.6114535927772522 -0.5454414486885071 0.5732523798942566
vn -0.7981379628181458 -0.49076342582702637 0.3494669497013092
vn -0.9418054223060608 -0.2820030748844147 0.18296688795089722
vn -0.690189003944397 -0.5978251695632935 0.40773072838783264
vn 0.11676465719938278 0.9311957359313965 -0.345312237739563
vn -0.011035201139748096 0.9067633152008057 -0.421495646238327
vn -0.08397752046585083 0.8721470236778259 -0.4819827079772949
vn -0.23021632432937622 0.8473181128501892 -0.47859427332878113
vn -0.377052366733551 0.8485664129257202 -0.3711692988872528
vn -0.4565502405166626 0.801251232624054 -0.3867277503013611
vn 0.6107645630836487 0.7900900840759277 0.0521959587931633
vn 0.7733262181282043 0.5872158408164978 0.23904849588871002
vn 0.8061921000480652 0.5329035520553589 0.2570374310016632
vn 0.8290578126907349 0.44212424755096436 0.3423292338848114
vn 0.7915313839912415 0.41161054372787476 0.4517243802547455
vn -0.7849799394607544 0.35177165269851685 -0.5099639892578125
vn -0.8334153890609741 0.09166006743907928 -0.544992983341217
vn -0.6442932486534119 -0.3611184358596802 -0.6741510629653931
vn -0.3681720197200775 -0.6122440099716187 -0.6997190713882446
vn 0.8358524441719055 -0.02577400952577591 0.5483488440513611
vn -0.6901971697807312 -0.4286441504955292 -0.5830026865005493
vn 0.8088018894195557 -0.1370488405227661 0.5718891024589539
vn -0.9255471229553223 -0.3782910406589508 -0.01607656478881836
vn -0.994225263595581 -0.10065311938524246 0.03721794858574867
vn 0.6996195912361145 -0.30075713992118835 0.6481339931488037
vn -0.9769670963287354 -0.1212916150689125 0.1755666434764862
vn -0.5273813605308533 -0.6566539406776428 0.5391424298286438
vn -0.0444483608007431 -0.7602683901786804 0.648086667060852
vn -0.0966273844242096 0.9242538809776306 -0.3693479597568512
vn -0.2491135597229004 0.8986220955848694 -0.361138254404068
vn 0.4313778281211853 0.9021681547164917 -0.0024056746624410152
vn 0.5300861597061157 0.841235339641571 0.1064508929848671
vn -0.5366552472114563 0.773016095161438 -0.3383006751537323
vn -0.578245222568512 0.7260087132453918 -0.372214674949646
vn -0.5139579772949219 0.7897281646728516 -0.3349277973175049
vn -0.5276068449020386 0.7311325669288635 -0.43252313137054443
vn -0.6766077876091003 0.5878182649612427 -0.44347673654556274
vn -0.8150256276130676 0.46999746561050415 -0.33887407183647156
vn -0.9181082248687744 0.2599911689758301 -0.2991352677345276
vn 0.7605829238891602 0.32629653811454773 0.5612879991531372
vn -0.947311520576477 0.18099595606327057 -0.26427507400512695
vn -0.9333199858665466 0.021160680800676346 -0.3584217429161072
vn 0.7472551465034485 0.20311349630355835 0.6327358484268188
vn -0.921816349029541 -0.15378610789775848 -0.3558153510093689
vn -0.6714194416999817 -0.48575401306152344 -0.5596776604652405
vn 0.8011458516120911 0.08709217607975006 0.5920982956886292
vn -0.2859687805175781 -0.7399078607559204 -0.6088992953300476
vn -0.14460478723049164 -0.8131383657455444 -0.5638222098350525
vn -0.30265018343925476 -0.7631592750549316 -0.5709560513496399
vn -0.38653364777565 -0.6835263967514038 -0.6191796660423279
vn -0.4873996675014496 -0.5901958346366882 -0.6435142159461975
vn -0.5448396801948547 -0.5615871548652649 -0.6227114796638489
vn 0.8200082778930664 -0.12060315907001495 0.5595008730888367
vn -0.5416101217269897 -0.474798321723938 -0.6937038898468018
vn -0.5848945379257202 -0.5546022057533264 -0.5918740034103394
vn 0.8012109398841858 -0.12506484985351562 0.5851665735244751
vn -0.8187600374221802 -0.3159617483615875 -0.47937482595443726
vn -0.893213152885437 -0.2934311330318451 -0.3406882584095001
vn 0.8168030381202698 -0.13668572902679443 0.5604907274246216
vn -0.8918309807777405 -0.4033390283584595 -0.20482955873012543
vn 0.7259800434112549 -0.22855688631534576 0.6486253142356873
vn 0.7326229214668274 -0.28971394896507263 0.6158972382545471
vn -0.9606713056564331 -0.23331709206104279 0.1505783349275589
vn -0.9575247764587402 -0.1420810967683792 0.250916987657547
vn 0.7054299116134644 -0.31552883982658386 0.6346732378005981
vn -0.8605486750602722 -0.1268380731344223 0.49332350492477417
vn -0.8725606799125671 -0.08475468307733536 0.48109719157218933
vn 0.6593057513237 -0.39703482389450073 0.6384977102279663
vn 0.6340206861495972 -0.4742993414402008 0.6107847690582275
vn 0.5836208462715149 -0.4923393428325653 0.6457467079162598
vn -0.8537548780441284 -0.2926635146141052 0.43063995242118835
vn 0.43125152587890625 -0.5749819278717041 0.6952826380729675
vn 0.3950492739677429 -0.6402748823165894 0.6587747931480408
vn 0.27966535091400146 -0.6304782629013062 0.7240749001502991
vn 0.14094491302967072 -0.7143000364303589 0.6854998469352722
vn -0.006742706522345543 -0.692623496055603 0.7212677597999573
vn -0.2457738071680069 -0.7065082788467407 0.663657546043396
vn 0.17136463522911072 0.972960352897644 -0.15486237406730652
vn 0.3158622682094574 0.9447686076164246 -0.08742622286081314
vn 0.010705585591495037 0.9479557275772095 -0.3182221055030823
vn -0.44842883944511414 0.8633627891540527 -0.2313358038663864
vn -0.5107361674308777 0.820582926273346 -0.2565000355243683
vn 0.6272721290588379 0.7370740175247192 0.25149863958358765
vn -0.5832173824310303 0.7925270199775696 -0.17820897698402405
vn -0.6110837459564209 0.7441566586494446 -0.2698287069797516
vn 0.7498132586479187 0.5659790635108948 0.3427067697048187
vn 0.7930297255516052 0.471966028213501 0.38516488671302795
vn -0.5164510011672974 0.82912278175354 -0.21408794820308685
vn -0.6996840238571167 0.6889925003051758 -0.1890278458595276
vn 0.802495002746582 0.35586732625961304 0.47891566157341003
vn 0.7651912569999695 0.33285900950431824 0.551078200340271
vn -0.027668176218867302 -0.8137320876121521 -0.5805813074111938
vn -0.056486502289772034 -0.8213922381401062 -0.5675597786903381
vn -0.2218666821718216 -0.7913636565208435 -0.5696654915809631
vn -0.5373600125312805 -0.6427761316299438 -0.5459698438644409
vn 0.7731310129165649 -0.041894398629665375 0.6328612565994263
vn -0.6110153794288635 -0.6077041625976562 -0.5073026418685913
vn -0.7944782972335815 -0.449731707572937 -0.40810003876686096
vn -0.8483881950378418 -0.521905243396759 -0.0886143147945404
vn -0.9545769691467285 -0.2926843762397766 0.055844496935606
vn 0.7518733739852905 -0.2620459496974945 0.6049945950508118
vn -0.8276554346084595 -0.3301120400428772 0.4538860619068146
vn -0.8711450695991516 -0.4099074602127075 0.27033716440200806
vn 0.7103689908981323 -0.3576313853263855 0.6061977744102478
vn -0.7532746195793152 -0.23568135499954224 0.6140291094779968
vn -0.6687445640563965 -0.47273704409599304 0.5738470554351807
vn -0.3653331696987152 -0.5766612887382507 0.7307485342025757
vn 0.008601461537182331 0.9910008907318115 -0.1335785686969757
vn 0.28083425760269165 0.9546844959259033 0.09853760898113251
vn -0.36132556200027466 0.9139670729637146 -0.18468360602855682
vn -0.1699335128068924 0.9702421426773071 -0.17249010503292084
vn 0.3887917399406433 0.915309488773346 0.1051172986626625
vn 0.4934644401073456 0.8508495092391968 0.1804109811782837
vn 0.548480749130249 0.7973611950874329 0.25176188349723816
vn 0.6635966897010803 0.639154314994812 0.38874316215515137
vn -0.6171514391899109 0.77780681848526 -0.1189146414399147
vn -0.5068597197532654 0.8533675670623779 -0.12188888341188431
vn -0.5611463785171509 0.827695906162262 -0.005849864799529314
vn -0.8550460934638977 0.5067718029022217 -0.10990261286497116
vn -0.9383758306503296 0.34229156374931335 -0.047826237976551056
vn -0.9772478938102722 0.2112940102815628 -0.01847734861075878
vn -0.9891019463539124 0.13760478794574738 -0.05236702412366867
vn 0.7426232695579529 0.25477704405784607 0.6193540692329407
vn -0.9936515688896179 -0.025956667959690094 0.10946647822856903
vn -0.8957781791687012 -0.4121301770210266 -0.16652405261993408
vn -0.605562686920166 -0.7134429216384888 -0.3525524437427521
vn 0.7343494892120361 0.09901537001132965 0.6715108156204224
vn -0.0631192997097969 -0.8256333470344543 -0.5606652498245239
vn -0.21170729398727417 -0.8387033939361572 -0.5017536282539368
vn -0.306057870388031 -0.7825523614883423 -0.5421627759933472
vn -0.42366883158683777 -0.7462214231491089 -0.5134767889976501
vn 0.8033466935157776 -0.06798666715621948 0.5916181206703186
vn -0.564963161945343 -0.6831120848655701 -0.4627898931503296
vn -0.6564727425575256 -0.5882434844970703 -0.4722428023815155
vn 0.810870885848999 -0.13554246723651886 0.5693125128746033
vn 0.7802484035491943 -0.20385466516017914 0.5913169980049133
vn -0.9097296595573425 -0.39445775747299194 0.12959592044353485
vn -0.7479216456413269 -0.06888081133365631 0.6602035164833069
vn 0.5879277586936951 -0.44381052255630493 0.6762937903404236
vn -0.6267545819282532 -0.16009874641895294 0.7625923752784729
vn -0.5446736216545105 -0.36449819803237915 0.7552958130836487
vn -0.10944794863462448 -0.5618693828582764 0.8199536204338074
vn 0.1143539547920227 -0.6241294741630554 0.7729072570800781
vn 0.09969037771224976 0.9906275272369385 0.09337501227855682
vn 0.3336983025074005 0.904057502746582 0.26706844568252563
vn -0.269907146692276 0.9627874493598938 -0.013804241083562374
vn 0.5396277904510498 0.7287288904190063 0.42161130905151367
vn -0.5211605429649353 0.8467097878456116 -0.10711836069822311
vn -0.4582323729991913 0.8884720802307129 -0.025308312848210335
vn 0.557224690914154 0.7074914574623108 0.4346913695335388
vn 0.7273954749107361 0.4787876307964325 0.49158746004104614
vn 0.5869476795196533 0.4895448088645935 0.6448553204536438
vn 0.7637004852294922 0.4083562195301056 0.5000068545341492
vn -0.5198447108268738 0.8531036972999573 0.04444865882396698
vn 0.7603403329849243 0.28164589405059814 0.5852847695350647
vn -0.830051839351654 0.5450543165206909 0.11802443861961365
vn 0.7535039782524109 0.2800500690937042 0.594814121723175
vn 0.7413023114204407 0.17322023212909698 0.6484333276748657
vn 0.7686156630516052 0.12535424530506134 0.6273088455200195
vn -0.09898447245359421 -0.788993775844574 -0.6063751578330994
vn -0.436018705368042 -0.8277060985565186 -0.35325682163238525
vn -0.7837362289428711 -0.6143491864204407 -0.09128329157829285
vn -0.5735564827919006 -0.7919036149978638 -0.2095748782157898
vn 0.7859261631965637 0.03609238192439079 0.6172661781311035
vn -0.4183909296989441 -0.7684851884841919 -0.4841276705265045
vn -0.6538025140762329 -0.6479656100273132 -0.39074650406837463
vn -0.8318965435028076 -0.46903321146965027 -0.2965737581253052
vn -0.8738293647766113 -0.4860328137874603 0.013944587670266628
vn 0.7398531436920166 -0.310471773147583 0.5968456268310547
vn -0.7724857926368713 -0.5490189790725708 0.3191297650337219
vn -0.7889145612716675 -0.39275461435317993 0.47260746359825134
vn 0.6829301714897156 -0.3808716833591461 0.6233323812484741
vn -0.7461254000663757 -0.2645935118198395 0.6109724044799805
vn 0.5884832739830017 -0.4382500946521759 0.6794294118881226
vn -0.5917022228240967 -0.2770566940307617 0.7570523023605347
vn -0.6398907899856567 -0.16412298381328583 0.750735342502594
vn 0.49793151021003723 -0.49528032541275024 0.7118719220161438
vn -0.47034990787506104 -0.23356689512729645 0.8510096669197083
vn 0.3400413990020752 -0.5662356615066528 0.7508322596549988
vn -0.418988436460495 -0.3926795423030853 0.8186889290809631
vn -0.2730933427810669 -0.3987818956375122 0.8754388093948364
vn -0.3475012481212616 -0.3617853820323944 0.8650746941566467
vn 0.13283374905586243 -0.5882703065872192 0.7976799011230469
vn -0.13220776617527008 -0.5330103635787964 0.8357158899307251
vn -0.044861044734716415 0.9976108074188232 0.052537936717271805
vn 0.4248317778110504 0.8273249864578247 0.36749333143234253
vn -0.5965530872344971 0.8001529574394226 0.06228743493556976
vn 0.48936161398887634 0.6164977550506592 0.6168109774589539
vn -0.6631459593772888 0.748338520526886 0.015067728236317635
vn -0.6331883072853088 0.7680702209472656 0.09560726583003998
vn -0.6494781374931335 0.7227289080619812 0.23630723357200623
vn 0.7092122435569763 0.256979763507843 0.6564902067184448
vn -0.9471307396888733 0.2783299684524536 0.15961146354675293
vn -0.9588676691055298 0.19348032772541046 0.20769727230072021
vn -0.9382535219192505 -0.3261508047580719 0.11535169184207916
vn -0.15379108488559723 -0.7939565777778625 -0.5882017016410828
vn -0.41192135214805603 -0.7804751992225647 -0.47029706835746765
vn -0.14834269881248474 -0.8000359535217285 -0.5813234448432922
vn -0.2340688556432724 -0.8019019961357117 -0.5496953725814819
vn -0.556039571762085 -0.7191751599311829 -0.4166618287563324
vn -0.7542910575866699 -0.5742014050483704 -0.31833595037460327
vn -0.7866668105125427 -0.5733388066291809 -0.2289935201406479
vn -0.6759639978408813 -0.5219389796257019 0.5202426910400391
vn -0.5968180298805237 -0.39694514870643616 0.6973111629486084
vn 0.40788528323173523 -0.4888785183429718 0.7711209058761597
vn 0.20565640926361084 -0.4912785291671753 0.8463751673698425
vn 0.09822403639554977 -0.5896155834197998 0.8016892075538635
vn 0.2010640650987625 0.8784062266349792 0.4335617423057556
vn 0.022100668400526047 0.969079315662384 0.24575769901275635
vn -0.12339260429143906 0.979166567325592 0.16126753389835358
vn 0.3179997503757477 0.7933284640312195 0.51913982629776
vn -0.3432018458843231 0.9266771674156189 0.15323835611343384
vn 0.41467779874801636 0.5928046107292175 0.6903803944587708
vn -0.47831735014915466 0.8577900528907776 0.1881723254919052
vn 0.47544199228286743 0.5713553428649902 0.6689603924751282
vn -0.6946898698806763 0.7065503001213074 0.13488049805164337
vn 0.6560479998588562 0.312580406665802 0.6869458556175232
vn -0.5532130002975464 0.8140465021133423 0.176872119307518
vn -0.5036333203315735 0.8341707587242126 0.22475045919418335
vn -0.8890265226364136 0.2998132109642029 0.3460402488708496
vn -0.9307199120521545 0.1303808093070984 0.3417035639286041
vn -0.9449042677879333 -0.09410127252340317 0.3135297894477844
vn -0.9032061100006104 -0.399906188249588 0.1558648943901062
vn -0.7199999094009399 -0.6886087656021118 -0.08612895011901855
vn -0.7286913394927979 -0.5900527238845825 -0.34763026237487793
vn -0.6676956415176392 -0.6803271174430847 -0.3022210896015167
vn -0.79296875 -0.5862489938735962 -0.16586992144584656
vn 0.7326505780220032 -0.24439267814159393 0.6352128982543945
vn -0.8374602198600769 -0.5440409183502197 0.05176807567477226
vn -0.6931858658790588 -0.7157592177391052 0.0847470834851265
vn 0.6572211384773254 -0.38141942024230957 0.6500612497329712
vn -0.6072149276733398 -0.7398942708969116 0.2895626127719879
vn -0.3149113059043884 -0.4402501583099365 0.8408392667770386
vn -0.05453956872224808 -0.48581790924072266 0.8723567724227905
vn 0.026367396116256714 0.911447286605835 0.41057106852531433
vn -0.1358393430709839 0.9411754012107849 0.3094131648540497
vn 0.25345906615257263 0.6177712082862854 0.7443905472755432
vn 0.168463334441185 0.6839932203292847 0.7097699642181396
vn 0.07803444564342499 0.740906834602356 0.667059063911438
vn 0.20711830258369446 0.5442441701889038 0.812957763671875
vn 0.29901060461997986 0.4198349118232727 0.8569313883781433
vn 0.24749603867530823 0.4079439342021942 0.8788216710090637
vn 0.3748570382595062 0.4273201823234558 0.8227269649505615
vn -0.5556527376174927 0.7699236869812012 0.3137955963611603
vn 0.4152164161205292 0.4311106204986572 0.8010861277580261
vn 0.27102044224739075 0.3945627808570862 0.8779909610748291
vn -0.6645948886871338 0.6985486745834351 0.2652232348918915
vn -0.6727148294448853 0.681884229183197 0.287208616733551
vn 0.5220065712928772 0.34126681089401245 0.7816944718360901
vn 0.36565330624580383 0.4373314678668976 0.8216074705123901
vn 0.5268636345863342 0.3383379876613617 0.7797064185142517
vn -0.557529628276825 0.7524951100349426 0.35058802366256714
vn -0.5173772573471069 0.717627763748169 0.466187983751297
vn -0.5777148604393005 0.6683117747306824 0.46862033009529114
vn 0.6355892419815063 0.29467201232910156 0.7135788202285767
vn -0.7632981538772583 0.4817642569541931 0.4304408133029938
vn -0.7819920778274536 0.3206760883331299 0.5344672799110413
vn 0.6698523163795471 0.296120285987854 0.6808896660804749
vn -0.844168484210968 0.22145889699459076 0.4881962239742279
vn 0.7390785217285156 0.20938478410243988 0.6402507424354553
vn -0.8982221484184265 0.03659142181277275 0.4380161166191101
vn -0.8878898024559021 -0.459322988986969 -0.025964580476284027
vn 0.7789494395256042 0.1020321473479271 0.6187304258346558
vn -0.9003121256828308 -0.37250033020973206 -0.2251257747411728
vn -0.08586683869361877 -0.7882260680198669 -0.6093658208847046
vn -0.3754573166370392 -0.7201500535011292 -0.5834516286849976
vn 0.818088948726654 -0.04719133302569389 0.5731522440910339
vn -0.1212126836180687 -0.7738609910011292 -0.6216484308242798
vn -0.3967093825340271 -0.7817213535308838 -0.48117920756340027
vn -0.10020066052675247 -0.7849228382110596 -0.6114377379417419
vn -0.490719199180603 -0.7692508697509766 -0.40920376777648926
vn 0.7899662852287292 -0.18608854711055756 0.5842297673225403
vn 0.6449687480926514 -0.33003661036491394 0.6892685890197754
vn -0.7437461614608765 -0.6574524641036987 -0.12082163989543915
vn 0.4900221824645996 -0.47572076320648193 0.7304574847221375
vn 0.5718209147453308 -0.4437901973724365 0.689979076385498
vn -0.44092926383018494 -0.6304192543029785 0.6388685703277588
vn -0.44810378551483154 -0.7604218125343323 0.4700656533241272
vn 0.4577542841434479 -0.4907984435558319 0.7413352131843567
vn 0.2800237834453583 -0.5488600730895996 0.7876161932945251
vn 0.20277829468250275 -0.46152397990226746 0.8636415004730225
vn 0.09822172671556473 -0.5803334712982178 0.808434009552002
vn -0.027066877111792564 -0.4595167934894562 0.8877565860748291
vn -0.1136135384440422 -0.6260820031166077 0.7714359164237976
vn -0.26592662930488586 -0.5477308034896851 0.7932679057121277
vn -0.47713205218315125 -0.46923545002937317 0.743076741695404
vn -0.09552205353975296 0.8053048253059387 0.5851151347160339
vn -0.23480641841888428 0.8926259279251099 0.38481804728507996
vn -0.3194873332977295 0.8308850526809692 0.4555853307247162
vn 0.2124318778514862 0.4118801951408386 0.8861306309700012
vn -0.34679245948791504 0.6906874775886536 0.634575366973877
vn -0.6505475640296936 0.6135630011558533 0.44758057594299316
vn 0.27400171756744385 0.4823571741580963 0.8320184350013733
vn -0.6488942503929138 0.4311932921409607 0.6269040703773499
vn -0.48595130443573 0.495391845703125 0.7200265526771545
vn 0.5428147315979004 0.28732699155807495 0.7891738414764404
vn 0.46230238676071167 0.2929335832595825 0.836938738822937
vn -0.5668596625328064 0.37068846821784973 0.7357039451599121
vn -0.6986744403839111 0.3031846880912781 0.6480225324630737
vn -0.9294419884681702 -0.12278114259243011 0.3479402959346771
vn -0.9650216102600098 -0.16319526731967926 0.20518431067466736
vn 0.6588640213012695 0.13282862305641174 0.7404422760009766
vn -0.6952855587005615 -0.5252813696861267 -0.4905686676502228
vn -0.9123181104660034 -0.26497432589530945 -0.3121929168701172
vn 0.677783727645874 0.01498953066766262 0.7351086139678955
vn 0.7494269013404846 -0.1115260124206543 0.6526264548301697
vn -0.5048381090164185 -0.7802419066429138 -0.36927080154418945
vn 0.7012211680412292 -0.1871694177389145 0.6879363656044006
vn -0.756485641002655 -0.5821873545646667 -0.29797208309173584
vn 0.6929652094841003 -0.20446833968162537 0.6913696527481079
vn -0.7685850858688354 -0.5701267719268799 -0.2902284860610962
vn -0.730450451374054 -0.5979992747306824 -0.3299078345298767
vn -0.5750750303268433 -0.8150945901870728 -0.07006847858428955
vn -0.36202144622802734 -0.8927280902862549 0.2682856023311615
vn -0.4127715528011322 -0.9075482487678528 0.07730413228273392
vn 0.298193097114563 -0.5594192147254944 0.7733892798423767
vn 0.24653133749961853 -0.6209626793861389 0.7440615892410278
vn -0.2484114170074463 -0.7264950275421143 0.6407002210617065
vn 0.15380032360553741 0.42837008833885193 0.8904182314872742
vn 0.005191061180084944 0.49797511100769043 0.867175817489624
vn -0.15585128962993622 0.6094396114349365 0.7773633599281311
vn 0.21309086680412292 0.333680659532547 0.9182862043380737
vn -0.4585545063018799 0.607955813407898 0.6481648087501526
vn 0.15251894295215607 0.22457291185855865 0.9624474048614502
vn -0.5873882174491882 0.6491597294807434 0.483287513256073
vn 0.191297248005867 0.42547452449798584 0.8845206499099731
vn -0.48616674542427063 0.4796483814716339 0.7304651141166687
vn 0.17423927783966064 0.3881574273109436 0.9049721360206604
vn -0.5712440609931946 0.6004095673561096 0.5596325397491455
vn 0.30429932475090027 0.4040483832359314 0.8626394867897034
vn 0.4159241020679474 0.37776979804039 0.8272225856781006
vn -0.787714958190918 0.1805392950773239 0.5889914035797119
vn 0.577379047870636 0.20691601932048798 0.7898222804069519
vn -0.8744136095046997 0.07141979038715363 0.4798959493637085
vn -0.984391987323761 -0.1648479700088501 -0.06162438541650772
vn -0.9850280284881592 0.0235708337277174 -0.17077520489692688
vn -0.4656190574169159 -0.6689825057983398 -0.5793628692626953
vn 0.6466805338859558 -0.09467572718858719 0.756862461566925
vn -0.25703558325767517 -0.7987670302391052 -0.5439704060554504
vn -0.5984703898429871 -0.6847347617149353 -0.4158984422683716
vn -0.7888317108154297 -0.5364774465560913 -0.299894243478775
vn -0.7065532207489014 -0.6357733011245728 -0.3107650578022003
vn -0.6172528862953186 -0.7554122805595398 -0.2198893278837204
vn -0.12442527711391449 -0.8830022811889648 0.4525763690471649
vn 0.03236310929059982 -0.7381231188774109 0.6738893985748291
vn 0.07160811126232147 0.16612660884857178 0.9835010170936584
vn -0.07762568444013596 0.31484055519104004 0.9459649920463562
vn 0.07147498428821564 0.1777057647705078 0.9814846515655518
vn -0.22158031165599823 0.32693982124328613 0.9187015891075134
vn 9.381915879203007e-05 0.18308047950267792 0.9830979108810425
vn 0.05656987056136131 0.17214897274971008 0.9834452867507935
vn 0.11306272447109222 0.3011234998703003 0.9468587636947632
vn -0.19843117892742157 0.39969784021377563 0.8949115872383118
vn -0.3104269504547119 0.3679063618183136 0.8765158653259277
vn 0.06480911374092102 0.38199883699417114 0.9218875765800476
vn -0.053790535777807236 0.4081043601036072 0.9113492965698242
vn -0.43082115054130554 0.44522300362586975 0.7849647402763367
vn 0.15858981013298035 0.32488155364990234 0.9323632717132568
vn 0.11011270433664322 0.42085689306259155 0.9004191756248474
vn 0.20694226026535034 0.22925326228141785 0.9511140584945679
vn -0.312351256608963 0.49154484272003174 0.8129086494445801
vn 0.3386591374874115 0.24706144630908966 0.9078935384750366
vn -0.383911669254303 0.4735390543937683 0.7926995754241943
vn 0.19487011432647705 0.24347683787345886 0.9501287937164307
vn -0.46962034702301025 0.4505901336669922 0.7592267990112305
vn 0.28146985173225403 0.24418732523918152 0.9279802441596985
vn 0.38453608751296997 0.22065162658691406 0.8963508605957031
vn 0.28652116656303406 0.1951606720685959 0.9379861354827881
vn -0.5006484985351562 0.4443081319332123 0.742927610874176
vn 0.34472063183784485 0.3052074611186981 0.8877027630805969
vn 0.40602797269821167 0.22582949697971344 0.8855181336402893
vn -0.655480682849884 0.26939743757247925 0.7055282592773438
vn 0.37693625688552856 0.2953771948814392 0.8778789639472961
vn -0.7755908966064453 0.1929633915424347 0.6010191440582275
vn 0.5402624011039734 0.2516045868396759 0.8030016422271729
vn 0.5021941661834717 0.399821013212204 0.7667751908302307
vn 0.5981674790382385 0.0848371833562851 0.796867847442627
vn -0.956993043422699 0.12133210897445679 0.26352009177207947
vn -0.9919619560241699 0.09167637676000595 0.08721786737442017
vn -0.8660598993301392 -0.32442691922187805 -0.38037803769111633
vn 0.5705705285072327 -0.025829657912254333 0.8208422660827637
vn -0.13777728378772736 -0.7403616905212402 -0.6579377055168152
vn 0.5976341366767883 -0.026851298287510872 0.8013192415237427
vn -0.11669120192527771 -0.75831139087677 -0.6413633823394775
vn -0.7488800287246704 -0.5971889495849609 -0.28730490803718567
vn -0.25283926725387573 -0.7847791314125061 -0.56585693359375
vn 0.6186317205429077 -0.1073780506849289 0.7783089280128479
vn 0.6387453675270081 -0.1700039505958557 0.7504019737243652
vn 0.6456167697906494 -0.2623276114463806 0.717191219329834
vn -0.7711804509162903 -0.5237341523170471 -0.36191606521606445
vn 0.552761971950531 -0.3679681420326233 0.747698962688446
vn 0.5654776692390442 -0.3461682200431824 0.748600423336029
vn 0.42388269305229187 -0.5310770273208618 0.7336761355400085
vn -0.46700629591941833 -0.8694412708282471 -0.16117434203624725
vn 0.24947457015514374 -0.7939097285270691 0.5544996857643127
vn -0.1173313707113266 -0.9734460711479187 0.1965608149766922
vn -0.18566544353961945 -0.9826107621192932 -0.002113476861268282
vn 0.06660016626119614 -0.9248371720314026 0.3744872212409973
vn 0.10777583718299866 0.5662014484405518 0.8171904683113098
vn 0.08298000693321228 0.5893832445144653 0.8035805821418762
vn -0.03705210983753204 0.6019406318664551 0.7976807951927185
vn 0.15918919444084167 0.5469692349433899 0.8218780159950256
vn -0.2188604772090912 0.5861325860023499 0.7800953388214111
vn 0.2613716125488281 0.46050480008125305 0.8483043313026428
vn 0.09228279441595078 0.5509941577911377 0.8293910026550293
vn 0.1184966042637825 0.5631820559501648 0.8177924752235413
vn -0.2594532072544098 0.5142802000045776 0.8174350261688232
vn 0.27895957231521606 0.34980690479278564 0.8943247199058533
vn 0.39444950222969055 0.3871903419494629 0.8333626389503479
vn 0.41664329171180725 0.4288559556007385 0.801555335521698
vn -0.5319542288780212 0.3072861433029175 0.7890499830245972
vn 0.40362924337387085 0.42356178164482117 0.8109740614891052
vn 0.43273836374282837 0.4686853587627411 0.7701113820075989
vn 0.49686098098754883 0.3607160151004791 0.7893118858337402
vn -0.8077468276023865 0.25398939847946167 0.5320098996162415
vn 0.5671486854553223 0.15437564253807068 0.8090182542800903
vn -0.9751662015914917 0.2202046811580658 0.02368287369608879
vn 0.6328726410865784 0.010600815527141094 0.7741833329200745
vn -0.9969556331634521 -0.02194526419043541 -0.07481911033391953
vn 0.5474604368209839 -0.030500827357172966 0.836275577545166
vn -0.08295561373233795 -0.7575131058692932 -0.6475277543067932
vn -0.48346394300460815 -0.8491216897964478 -0.21273213624954224
vn -0.28354835510253906 -0.828758955001831 -0.48245111107826233
vn -0.09244315326213837 -0.8332054018974304 -0.5451817512512207
vn -0.3476255238056183 -0.8254867792129517 -0.4446663558483124
vn 0.5560897588729858 -0.08048771321773529 0.8272157907485962
vn -0.7765516042709351 -0.4954555630683899 -0.38921892642974854
vn -0.6981822848320007 -0.6303347945213318 -0.3394400477409363
vn -0.6174846291542053 -0.7326828837394714 -0.286161869764328
vn 0.4410121440887451 -0.6741242408752441 0.5925073027610779
vn 0.2617938220500946 -0.89913409948349 0.35074475407600403
vn -0.05318188667297363 0.5114564299583435 0.8576620221138
vn 0.13317368924617767 0.5065164566040039 0.8518837094306946
vn -0.35017552971839905 0.4288739860057831 0.8327330350875854
vn 0.21892888844013214 0.47577103972435 0.8518873453140259
vn 0.32258328795433044 0.3948090076446533 0.8602708578109741
vn -0.37020957469940186 0.27822592854499817 0.8863042593002319
vn 0.40770578384399414 0.4194272458553314 0.8110837936401367
vn -0.3916667401790619 0.24632635712623596 0.8865216374397278
vn -0.5116833448410034 0.28426676988601685 0.810785174369812
vn 0.3614382743835449 0.36455151438713074 0.8581751585006714
vn -0.6296278834342957 0.346733957529068 0.695229709148407
vn -0.9001180529594421 0.26041722297668457 0.34924277663230896
vn -0.7165046334266663 0.19443975389003754 0.6699360609054565
vn -0.8980822563171387 -0.19579888880252838 0.39384153485298157
vn 0.5780043005943298 0.00435970863327384 0.8160220980644226
vn -0.08226828277111053 -0.8519821166992188 -0.5170672535896301
vn -0.24584506452083588 -0.9045768976211548 -0.3482828736305237
vn -0.7360391616821289 -0.5345655679702759 -0.4153144061565399
vn -0.7414911389350891 -0.5497710704803467 -0.3846331536769867
vn 0.47331002354621887 -0.511357307434082 0.7172805666923523
vn -0.5269891619682312 -0.8336437344551086 -0.16528913378715515
vn -0.35541269183158875 -0.9318063259124756 -0.0736132562160492
vn 0.05905526876449585 -0.9799520373344421 0.1902802288532257
vn -0.1630607694387436 -0.9750258922576904 0.15078362822532654
vn 0.07426566630601883 0.38573339581489563 0.9196164608001709
vn 0.04154336825013161 0.3040977120399475 0.9517346024513245
vn -0.0855577364563942 0.28594085574150085 0.9544200897216797
vn 0.08143004029989243 0.36656680703163147 0.9268214106559753
vn 0.03255254030227661 0.26088830828666687 0.9648200273513794
vn -0.15755987167358398 0.23917168378829956 0.9581084847450256
vn 0.17166073620319366 0.34075623750686646 0.9243472218513489
vn 0.005170517135411501 0.3273121416568756 0.9449021816253662
vn -0.030298583209514618 0.28087446093559265 0.9592661261558533
vn -0.09208882600069046 0.24989274144172668 0.9638845324516296
vn -0.24564619362354279 0.3021228015422821 0.9210753440856934
vn 0.32223427295684814 0.34725162386894226 0.880670964717865
vn 0.2428707331418991 0.34046322107315063 0.9083493947982788
vn -0.3499071002006531 0.25086289644241333 0.9025701284408569
vn -0.3811466097831726 0.3349628150463104 0.861700177192688
vn 0.37175002694129944 0.20505401492118835 0.9054031372070312
vn 0.3179791569709778 0.31434905529022217 0.8944685459136963
vn -0.36796584725379944 0.2996631860733032 0.8802289962768555
vn -0.3850507140159607 0.3429349362850189 0.8568148016929626
vn 0.4480244517326355 0.03419749066233635 0.8933670520782471
vn 0.364489883184433 0.210541233420372 0.9070940017700195
vn -0.4622515141963959 0.311474084854126 0.8302454352378845
vn 0.42237699031829834 0.09360568225383759 0.9015740156173706
vn -0.4905356466770172 0.15514811873435974 0.8574986457824707
vn 0.466491162776947 0.013934647664427757 0.8844161629676819
vn -0.611032247543335 -0.06939894706010818 0.7885578274726868
vn -0.6772679090499878 -0.29596149921417236 0.6735837459564209
vn -0.699928879737854 -0.6191902160644531 0.3559536933898926
vn -0.43875864148139954 -0.8642239570617676 0.24618664383888245
vn -0.18825429677963257 -0.9032801985740662 -0.38554543256759644
vn -0.11226871609687805 -0.9699324369430542 -0.21593251824378967
vn -0.10615389794111252 -0.9769251942634583 -0.18533381819725037
vn -0.25602689385414124 -0.9528157114982605 0.16307204961776733
vn 0.5460665822029114 0.0051217591390013695 0.8377261757850647
vn 0.5727536082267761 -0.11210726946592331 0.8120254278182983
vn 0.572932779788971 -0.2730605900287628 0.7727780938148499
vn 0.5429279208183289 -0.46704649925231934 0.6979233026504517
vn 0.47671517729759216 -0.6526902318000793 0.5888447761535645
vn 0.30003681778907776 -0.876163899898529 0.377246230840683
vn 0.14131641387939453 0.363726943731308 0.9207238554954529
vn -0.1407729536294937 0.4083733856678009 0.901894748210907
vn 0.05218507722020149 0.39556872844696045 0.9169526696205139
vn -0.01655004732310772 0.42764484882354736 0.9037953615188599
vn -0.26672637462615967 0.39963299036026 0.877012312412262
vn -0.3322257399559021 0.3116830289363861 0.8902133107185364
vn 0.372901052236557 0.1999182552099228 0.9060781002044678
vn -0.3621942400932312 0.31281062960624695 0.8780460357666016
vn -0.41343313455581665 0.14418379962444305 0.8990461826324463
vn 0.5371096134185791 0.050397470593452454 0.8420055508613586
vn 0.4582519829273224 0.08586333692073822 0.8846652507781982
vn -0.4112928509712219 -0.05964379012584686 0.9095498323440552
vn -0.47471922636032104 -0.40287521481513977 0.7825172543525696
vn -0.2849821150302887 -0.6214475631713867 0.7297864556312561
vn -0.1397392302751541 -0.9187877178192139 0.3691912889480591
vn -0.45428457856178284 -0.8723413944244385 -0.18068242073059082
vn -0.33003073930740356 -0.9416346549987793 0.06636171787977219
vn -0.19530251622200012 -0.9580900073051453 0.20957230031490326
vn -0.6830386519432068 -0.6279371380805969 -0.3730325400829315
vn -0.6362300515174866 -0.6545159220695496 -0.4084364175796509
vn 0.5653886795043945 -0.011750823818147182 0.8247409462928772
vn -0.7512510418891907 -0.5467971563339233 -0.3696415424346924
vn -0.7738925814628601 -0.5803213119506836 -0.2536091208457947
vn 0.5155259966850281 -0.19681280851364136 0.8339650630950928
vn -0.6682065725326538 -0.690527081489563 -0.2768978178501129
vn 0.5550187826156616 -0.37463581562042236 0.7426993250846863
vn -0.6533759236335754 -0.7217316627502441 -0.22848066687583923
vn -0.5977161526679993 -0.7951411604881287 -0.1024012565612793
vn -0.40972957015037537 -0.9076927900314331 0.09063927829265594
vn 0.09402710944414139 -0.8199758529663086 0.5646224617958069
vn -0.11828336864709854 0.3864414095878601 0.9146978259086609
vn 0.024996448308229446 0.41250452399253845 0.9106125831604004
vn 0.10291209816932678 0.37346339225769043 0.9219188094139099
vn 0.22381429374217987 0.32423660159111023 0.9191179871559143
vn -0.34314271807670593 0.15020006895065308 0.9271963238716125
vn 0.2865312397480011 0.10171785205602646 0.9526559114456177
vn 0.2147836685180664 0.12012086808681488 0.9692466855049133
vn -0.27333730459213257 -0.20552828907966614 0.9397046566009521
vn -0.17550028860569 -0.22848346829414368 0.9575985670089722
vn -0.18292655050754547 -0.37384751439094543 0.9092721939086914
vn -0.19710001349449158 -0.6387178897857666 0.7437682151794434
vn -0.2527481019496918 -0.7874301075935364 0.562203049659729
vn -0.40068235993385315 -0.7888718247413635 0.46597740054130554
vn -0.6705871820449829 -0.7325339317321777 -0.11707661300897598
vn -0.558604896068573 -0.8287458419799805 0.03377686068415642
vn -0.39153537154197693 -0.8446162343025208 0.36513495445251465
vn -0.21991117298603058 -0.8848127126693726 0.41078656911849976
vn 0.012440846301615238 0.2328917235136032 0.9724231362342834
vn 0.06981493532657623 0.22726264595985413 0.9713277816772461
vn -0.11263531446456909 0.19883574545383453 0.9735387563705444
vn -0.001693870173767209 0.08085289597511292 0.9967246055603027
vn 0.12401414662599564 0.16291213035583496 0.9788157343864441
vn 0.042095597833395004 0.11724186688661575 0.992210865020752
vn 0.018639273941516876 0.04802711308002472 0.9986721277236938
vn -0.08661257475614548 0.06525019556283951 0.994102954864502
vn -0.23443202674388885 0.16730518639087677 0.9576275944709778
vn 0.045378878712654114 0.031385935842990875 0.9984766840934753
vn -0.023667503148317337 -0.028320029377937317 0.9993187189102173
vn 0.10726679116487503 0.08887356519699097 0.9902501702308655
vn -0.009264688938856125 0.030955055728554726 0.9994778633117676
vn -0.17341676354408264 -0.023325227200984955 0.9845722913742065
vn -0.011398118920624256 0.05347870662808418 0.9985039830207825
vn -0.05028431490063667 0.021675195544958115 0.9984996914863586
vn -0.09846000373363495 -0.16038259863853455 0.9821318984031677
vn 0.0016390226082876325 0.17422457039356232 0.9847046136856079
vn -0.052790842950344086 0.18113850057125092 0.9820396900177002
vn -0.1101158931851387 -0.15920810401439667 0.9810847640037537
vn 0.2613798677921295 0.10897140204906464 0.9590650796890259
vn 0.11487339437007904 0.26288092136383057 0.9579654335975647
vn -0.041046760976314545 0.33080363273620605 0.9428065419197083
vn -0.17706641554832458 0.19613847136497498 0.9644569754600525
vn -0.15642434358596802 0.3260766267776489 0.9323118925094604
vn -0.3219209909439087 -0.04537207633256912 0.9456787705421448
vn -0.2824339270591736 -0.47257500886917114 0.8348077535629272
vn 0.4406220614910126 -0.01026582159101963 0.8976340293884277
vn -0.46112456917762756 0.18810193240642548 0.8671688437461853
vn -0.6132612824440002 -0.5132726430892944 0.6003847122192383
vn -0.8972044587135315 -0.427757203578949 0.10976314544677734
vn 0.29787009954452515 0.04422625154256821 0.9535813927650452
vn 0.2194216251373291 0.20255054533481598 0.9543728232383728
vn -0.8649508357048035 -0.29041287302970886 0.40929269790649414
vn 0.33347514271736145 -0.08314014226198196 0.9390857815742493
vn -0.7543506622314453 -0.6363897919654846 0.1611306220293045
vn 0.33663105964660645 -0.25944066047668457 0.905190646648407
vn 0.36586567759513855 -0.4284035861492157 0.8262037634849548
vn 0.23627303540706635 -0.2954432964324951 0.9256826043128967
vn 0.14003901183605194 -0.4830646514892578 0.8643134236335754
vn 0.07415762543678284 -0.5247016549110413 0.848050057888031
vn -0.10301513969898224 -0.6985505819320679 0.7081065773963928
vn -0.2613774538040161 -0.8203675150871277 0.508604884147644
vn -0.44154685735702515 -0.8486402034759521 0.2912836968898773
vn 0.21387562155723572 0.21692325174808502 0.9524713158607483
vn -0.049509935081005096 0.3711071014404297 0.9272693395614624
vn -0.20680119097232819 0.3654681146144867 0.9075606465339661
vn -0.2658241093158722 0.28231677412986755 0.921756386756897
vn 0.26899483799934387 -0.016158128157258034 0.9630060791969299
vn -0.4956294894218445 -0.04541345313191414 0.8673459887504578
vn 0.2905079424381256 -0.1758534461259842 0.9405746459960938
vn -0.5748415589332581 -0.39003831148147583 0.7193242907524109
vn -0.6694349050521851 -0.7241489291191101 0.16572673618793488
vn -0.5191500782966614 -0.6650071144104004 0.536888062953949
vn 0.1332615315914154 -0.44858086109161377 0.8837514519691467
vn -0.03202774003148079 -0.6736854314804077 0.7383239269256592
vn -0.1470048576593399 -0.6129383444786072 0.7763350605964661
vn 0.031629778444767 0.1272229701280594 0.9913697242736816
vn -0.1956469863653183 -0.058902084827423096 0.9789038896560669
vn 0.13411545753479004 -0.23961250483989716 0.9615606665611267
vn -0.011517312377691269 -0.2825368046760559 0.9591873288154602
vn -0.33658507466316223 -0.35168570280075073 0.8735145926475525
f 1//1 2//2 3//3
f 4//4 5//5 6//6
f 3//3 5//5 1//1
f 7//7 2//2 1//1
f 8//8 5//5 4//4
f 9//9 5//5 8//8
f 10//10 1//1 11//11
f 7//7 1//1 10//10
f 8//8 12//12 9//9
f 5//5 9//9 13//13
f 1//1 5//5 11//11
f 11//11 5//5 13//13
f 14//14 7//7 10//10
f 12//12 15//15 9//9
f 13//13 16//16 11//11
f 10//10 11//11 16//16
f 13//13 9//9 17//17
f 9//9 15//15 17//17
f 17//17 16//16 13//13
f 18//18 7//7 14//14
f 10//10 16//16 19//19
f 14//14 10//10 19//19
f 20//20 21//21 15//15
f 15//15 21//21 17//17
f 19//19 16//16 22//22
f 23//23 18//18 14//14
f 17//17 21//21 24//24
f 16//16 17//17 25//25
f 25//25 17//17 24//24
f 22//22 16//16 25//25
f 26//26 14//14 19//19
f 26//26 23//23 14//14
f 27//27 22//22 25//25
f 19//19 22//22 27//27
f 27//27 26//26 19//19
f 25//25 24//24 28//28
f 29//29 25//25 28//28
f 27//27 25//25 29//29
f 2//2 30//30 3//3
f 30//30 2//2 31//31
f 6//6 32//32 4//4
f 31//31 2//2 33//33
f 33//33 34//34 31//31
f 3//3 6//6 5//5
f 7//7 33//33 2//2
f 34//34 33//33 7//7
f 4//4 35//35 8//8
f 36//36 34//34 7//7
f 8//8 35//35 37//37
f 8//8 37//37 12//12
f 18//18 36//36 7//7
f 12//12 38//38 15//15
f 15//15 38//38 20//20
f 39//39 18//18 23//23
f 40//40 21//21 20//20
f 23//23 26//26 41//41
f 42//42 21//21 40//40
f 21//21 42//42 24//24
f 27//27 41//41 26//26
f 27//27 43//43 41//41
f 24//24 42//42 44//44
f 28//28 24//24 44//44
f 29//29 43//43 27//27
f 45//45 28//28 44//44
f 46//46 29//29 28//28
f 43//43 29//29 46//46
f 30//30 32//32 3//3
f 34//34 47//47 31//31
f 48//48 4//4 32//32
f 3//3 32//32 6//6
f 4//4 49//49 35//35
f 36//36 47//47 34//34
f 18//18 39//39 36//36
f 50//50 12//12 37//37
f 50//50 37//37 51//51
f 12//12 50//50 38//38
f 40//40 20//20 38//38
f 52//52 39//39 23//23
f 23//23 41//41 53//53
f 44//44 42//42 54//54
f 53//53 41//41 55//55
f 45//45 46//46 28//28
f 46//46 56//56 43//43
f 43//43 55//55 41//41
f 43//43 56//56 55//55
f 57//57 58//58 48//48
f 59//59 57//57 30//30
f 60//60 59//59 30//30
f 61//61 60//60 30//30
f 62//62 60//60 61//61
f 32//32 57//57 48//48
f 30//30 57//57 32//32
f 61//61 30//30 31//31
f 48//48 58//58 49//49
f 31//31 47//47 61//61
f 62//62 61//61 47//47
f 63//63 62//62 47//47
f 48//48 49//49 4//4
f 63//63 47//47 64//64
f 65//65 35//35 49//49
f 64//64 47//47 36//36
f 35//35 65//65 37//37
f 64//64 36//36 66//66
f 67//67 64//64 66//66
f 66//66 68//68 67//67
f 36//36 39//39 66//66
f 69//69 68//68 66//66
f 39//39 69//69 66//66
f 50//50 70//70 38//38
f 70//70 40//40 38//38
f 69//69 39//39 52//52
f 71//71 69//69 52//52
f 42//42 40//40 70//70
f 52//52 53//53 72//72
f 23//23 53//53 52//52
f 53//53 55//55 72//72
f 45//45 54//54 73//73
f 45//45 44//44 54//54
f 74//74 71//71 52//52
f 72//72 74//74 52//52
f 73//73 75//75 45//45
f 45//45 75//75 46//46
f 46//46 76//76 56//56
f 56//56 76//76 55//55
f 72//72 55//55 77//77
f 76//76 46//46 78//78
f 78//78 46//46 75//75
f 79//79 74//74 72//72
f 77//77 79//79 72//72
f 75//75 73//73 80//80
f 78//78 75//75 80//80
f 55//55 76//76 81//81
f 77//77 55//55 81//81
f 82//82 59//59 83//83
f 59//59 60//60 84//84
f 83//83 59//59 84//84
f 59//59 82//82 57//57
f 84//84 60//60 85//85
f 57//57 82//82 58//58
f 62//62 85//85 60//60
f 63//63 86//86 62//62
f 87//87 86//86 63//63
f 58//58 88//88 49//49
f 49//49 88//88 89//89
f 90//90 87//87 63//63
f 64//64 90//90 63//63
f 65//65 89//89 91//91
f 65//65 49//49 89//89
f 67//67 90//90 64//64
f 65//65 92//92 37//37
f 51//51 93//93 50//50
f 50//50 94//94 70//70
f 95//95 69//69 71//71
f 42//42 70//70 96//96
f 96//96 54//54 42//42
f 71//71 74//74 97//97
f 97//97 98//98 71//71
f 80//80 73//73 99//99
f 78//78 100//100 76//76
f 79//79 77//77 101//101
f 102//102 97//97 74//74
f 79//79 102//102 74//74
f 80//80 99//99 103//103
f 78//78 80//80 104//104
f 100//100 78//78 104//104
f 76//76 100//100 81//81
f 77//77 81//81 101//101
f 79//79 101//101 105//105
f 105//105 102//102 79//79
f 103//103 104//104 80//80
f 106//106 100//100 104//104
f 107//107 100//100 106//106
f 81//81 100//100 107//107
f 101//101 81//81 107//107
f 82//82 83//83 108//108
f 109//109 88//88 58//58
f 82//82 109//109 58//58
f 86//86 85//85 62//62
f 92//92 51//51 37//37
f 110//110 68//68 69//69
f 110//110 67//67 68//68
f 93//93 94//94 50//50
f 69//69 95//95 110//110
f 111//111 73//73 54//54
f 73//73 111//111 112//112
f 99//99 73//73 112//112
f 105//105 101//101 113//113
f 105//105 113//113 114//114
f 107//107 113//113 101//101
f 115//115 83//83 116//116
f 115//115 108//108 83//83
f 117//117 116//116 84//84
f 116//116 83//83 84//84
f 117//117 84//84 85//85
f 108//108 109//109 82//82
f 108//108 118//118 109//109
f 119//119 117//117 120//120
f 120//120 117//117 85//85
f 119//119 120//120 121//121
f 122//122 88//88 123//123
f 86//86 120//120 85//85
f 121//121 120//120 86//86
f 121//121 86//86 124//124
f 87//87 124//124 86//86
f 91//91 89//89 122//122
f 122//122 89//89 88//88
f 124//124 87//87 90//90
f 125//125 124//124 90//90
f 126//126 92//92 65//65
f 127//127 90//90 67//67
f 127//127 125//125 90//90
f 92//92 128//128 51//51
f 128//128 93//93 51//51
f 127//127 67//67 110//110
f 129//129 93//93 128//128
f 93//93 129//129 94//94
f 95//95 130//130 110//110
f 131//131 130//130 95//95
f 131//131 71//71 98//98
f 95//95 71//71 131//131
f 96//96 111//111 54//54
f 98//98 97//97 132//132
f 133//133 102//102 134//134
f 97//97 102//102 133//133
f 102//102 105//105 134//134
f 99//99 112//112 135//135
f 103//103 99//99 135//135
f 105//105 114//114 134//134
f 104//104 135//135 136//136
f 104//104 103//103 135//135
f 104//104 136//136 106//106
f 133//133 134//134 137//137
f 106//106 138//138 107//107
f 137//137 134//134 114//114
f 139//139 137//137 114//114
f 136//136 140//140 106//106
f 138//138 106//106 141//141
f 141//141 106//106 140//140
f 113//113 107//107 138//138
f 114//114 113//113 139//139
f 139//139 113//113 138//138
f 141//141 140//140 142//142
f 116//116 117//117 143//143
f 115//115 118//118 108//108
f 143//143 117//117 119//119
f 143//143 119//119 144//144
f 109//109 123//123 88//88
f 121//121 145//145 119//119
f 91//91 126//126 65//65
f 110//110 146//146 127//127
f 130//130 131//131 132//132
f 147//147 94//94 129//129
f 147//147 70//70 94//94
f 147//147 148//148 70//70
f 131//131 98//98 132//132
f 148//148 96//96 70//70
f 96//96 149//149 111//111
f 132//132 97//97 150//150
f 150//150 97//97 133//133
f 112//112 111//111 151//151
f 135//135 112//112 151//151
f 135//135 152//152 136//136
f 140//140 136//136 152//152
f 140//140 152//152 142//142
f 141//141 153//153 138//138
f 138//138 153//153 139//139
f 153//153 154//154 139//139
f 154//154 155//155 139//139
f 156//156 141//141 142//142
f 153//153 141//141 156//156
f 157//157 158//158 115//115
f 116//116 157//157 115//115
f 159//159 157//157 116//116
f 143//143 159//159 116//116
f 158//158 160//160 118//118
f 115//115 158//158 118//118
f 160//160 123//123 109//109
f 160//160 109//109 118//118
f 144//144 119//119 145//145
f 123//123 161//161 122//122
f 121//121 124//124 145//145
f 122//122 162//162 91//91
f 163//163 126//126 91//91
f 164//164 124//124 125//125
f 146//146 164//164 125//125
f 126//126 128//128 92//92
f 125//125 127//127 146//146
f 110//110 130//130 146//146
f 130//130 165//165 146//146
f 166//166 167//167 129//129
f 130//130 132//132 168//168
f 168//168 132//132 169//169
f 132//132 150//150 169//169
f 170//170 111//111 149//149
f 151//151 111//111 170//170
f 171//171 150//150 133//133
f 151//151 152//152 135//135
f 172//172 171//171 133//133
f 133//133 137//137 173//173
f 173//173 172//172 133//133
f 152//152 151//151 174//174
f 152//152 174//174 175//175
f 137//137 139//139 155//155
f 142//142 152//152 175//175
f 142//142 175//175 176//176
f 156//156 142//142 176//176
f 155//155 154//154 177//177
f 177//177 154//154 153//153
f 153//153 156//156 178//178
f 179//179 180//180 157//157
f 181//181 179//179 159//159
f 143//143 181//181 159//159
f 181//181 143//143 182//182
f 180//180 183//183 158//158
f 157//157 180//180 158//158
f 159//159 179//179 157//157
f 183//183 184//184 160//160
f 158//158 183//183 160//160
f 182//182 143//143 144//144
f 185//185 182//182 144//144
f 184//184 186//186 160//160
f 185//185 144//144 187//187
f 123//123 186//186 161//161
f 160//160 186//186 123//123
f 187//187 144//144 145//145
f 188//188 187//187 145//145
f 122//122 161//161 162//162
f 189//189 187//187 188//188
f 145//145 124//124 188//188
f 189//189 188//188 190//190
f 162//162 191//191 91//91
f 124//124 190//190 188//188
f 163//163 91//91 191//191
f 124//124 164//164 190//190
f 163//163 128//128 126//126
f 164//164 146//146 192//192
f 146//146 193//193 192//192
f 165//165 193//193 146//146
f 128//128 166//166 129//129
f 130//130 168//168 165//165
f 147//147 129//129 167//167
f 194//194 147//147 167//167
f 147//147 194//194 148//148
f 148//148 149//149 96//96
f 148//148 195//195 149//149
f 150//150 196//196 169//169
f 171//171 197//197 150//150
f 198//198 151//151 170//170
f 151//151 198//198 174//174
f 199//199 175//175 174//174
f 200//200 172//172 173//173
f 137//137 155//155 173//173
f 156//156 176//176 201//201
f 173//173 155//155 202//202
f 202//202 155//155 177//177
f 156//156 203//203 178//178
f 156//156 201//201 203//203
f 178//178 177//177 153//153
f 201//201 204//204 203//203
f 204//204 205//205 203//203
f 206//206 202//202 177//177
f 178//178 206//206 177//177
f 178//178 203//203 205//205
f 207//207 178//178 205//205
f 206//206 178//178 207//207
f 208//208 180//180 209//209
f 179//179 181//181 210//210
f 210//210 181//181 211//211
f 183//183 180//180 208//208
f 184//184 183//183 208//208
f 179//179 209//209 180//180
f 212//212 182//182 213//213
f 186//186 214//214 161//161
f 185//185 213//213 182//182
f 161//161 214//214 162//162
f 187//187 215//215 185//185
f 187//187 189//189 215//215
f 216//216 190//190 164//164
f 189//189 190//190 216//216
f 164//164 217//217 216//216
f 163//163 218//218 128//128
f 193//193 165//165 219//219
f 128//128 220//220 166//166
f 220//220 221//221 166//166
f 165//165 168//168 222//222
f 168//168 169//169 223//223
f 148//148 224//224 195//195
f 196//196 150//150 197//197
f 170//170 149//149 195//195
f 170//170 195//195 198//198
f 225//225 197//197 171//171
f 172//172 225//225 171//171
f 174//174 198//198 199//199
f 200//200 225//225 172//172
f 176//176 175//175 199//199
f 199//199 226//226 176//176
f 201//201 176//176 226//226
f 227//227 200//200 173//173
f 202//202 227//227 173//173
f 228//228 201//201 226//226
f 204//204 201//201 228//228
f 206//206 229//229 202//202
f 207//207 205//205 230//230
f 206//206 207//207 231//231
f 231//231 207//207 230//230
f 184//184 208//208 232//232
f 210//210 209//209 179//179
f 184//184 232//232 233//233
f 181//181 212//212 211//211
f 184//184 233//233 186//186
f 181//181 182//182 212//212
f 186//186 233//233 214//214
f 213//213 185//185 234//234
f 162//162 214//214 191//191
f 185//185 215//215 234//234
f 189//189 216//216 215//215
f 216//216 235//235 215//215
f 235//235 216//216 236//236
f 237//237 235//235 238//238
f 191//191 239//239 163//163
f 216//216 217//217 236//236
f 236//236 238//238 235//235
f 240//240 236//236 217//217
f 217//217 164//164 192//192
f 240//240 217//217 241//241
f 241//241 217//217 192//192
f 218//218 242//242 128//128
f 242//242 220//220 128//128
f 221//221 167//167 166//166
f 222//222 168//168 223//223
f 167//167 243//243 194//194
f 169//169 196//196 223//223
f 224//224 244//244 195//195
f 198//198 195//195 245//245
f 245//245 246//246 198//198
f 199//199 198//198 246//246
f 246//246 247//247 199//199
f 200//200 248//248 225//225
f 199//199 247//247 249//249
f 227//227 248//248 200//200
f 226//226 199//199 249//249
f 226//226 249//249 228//228
f 227//227 202//202 229//229
f 204//204 228//228 250//250
f 204//204 250//250 205//205
f 229//229 206//206 231//231
f 205//205 250//250 251//251
f 230//230 205//205 251//251
f 252//252 253//253 254//254
f 255//255 256//256 208//208
f 257//257 255//255 208//208
f 253//253 252//252 211//211
f 211//211 252//252 210//210
f 258//258 254//254 253//253
f 259//259 254//254 258//258
f 260//260 259//259 258//258
f 257//257 208//208 209//209
f 210//210 257//257 209//209
f 261//261 253//253 211//211
f 258//258 253//253 261//261
f 256//256 233//233 232//232
f 208//208 256//256 232//232
f 212//212 261//261 211//211
f 260//260 258//258 262//262
f 262//262 258//258 261//261
f 213//213 261//261 212//212
f 263//263 261//261 213//213
f 262//262 261//261 263//263
f 264//264 260//260 262//262
f 233//233 265//265 214//214
f 214//214 266//266 267//267
f 234//234 263//263 213//213
f 262//262 263//263 268//268
f 268//268 263//263 269//269
f 263//263 234//234 215//215
f 269//269 263//263 215//215
f 264//264 262//262 268//268
f 264//264 268//268 270//270
f 270//270 271//271 264//264
f 214//214 267//267 191//191
f 267//267 272//272 191//191
f 268//268 269//269 235//235
f 237//237 268//268 235//235
f 270//270 268//268 237//237
f 235//235 269//269 215//215
f 273//273 270//270 237//237
f 271//271 270//270 273//273
f 272//272 239//239 191//191
f 273//273 237//237 274//274
f 275//275 271//271 273//273
f 238//238 274//274 237//237
f 275//275 273//273 276//276
f 239//239 277//277 163//163
f 273//273 274//274 276//276
f 238//238 236//236 278//278
f 274//274 238//238 278//278
f 276//276 274//274 279//279
f 236//236 240//240 278//278
f 274//274 278//278 279//279
f 278//278 240//240 241//241
f 278//278 241//241 280//280
f 279//279 278//278 280//280
f 241//241 192//192 281//281
f 282//282 241//241 281//281
f 280//280 241//241 282//282
f 281//281 192//192 193//193
f 283//283 282//282 281//281
f 193//193 219//219 284//284
f 193//193 284//284 281//281
f 219//219 165//165 222//222
f 222//222 284//284 219//219
f 167//167 221//221 285//285
f 167//167 285//285 243//243
f 223//223 286//286 222//222
f 194//194 224//224 148//148
f 196//196 287//287 223//223
f 287//287 196//196 197//197
f 244//244 245//245 195//195
f 288//288 197//197 225//225
f 247//247 246//246 289//289
f 248//248 288//288 225//225
f 249//249 247//247 289//289
f 227//227 290//290 248//248
f 227//227 229//229 291//291
f 249//249 292//292 228//228
f 250//250 228//228 292//292
f 229//229 231//231 293//293
f 230//230 251//251 294//294
f 231//231 230//230 295//295
f 230//230 294//294 295//295
f 293//293 231//231 295//295
f 255//255 257//257 296//296
f 297//297 254//254 259//259
f 259//259 298//298 297//297
f 252//252 257//257 210//210
f 233//233 299//299 265//265
f 256//256 299//299 233//233
f 259//259 260//260 298//298
f 300//300 298//298 260//260
f 265//265 301//301 266//266
f 300//300 260//260 302//302
f 302//302 260//260 264//264
f 214//214 265//265 266//266
f 275//275 276//276 303//303
f 304//304 303//303 276//276
f 277//277 305//305 163//163
f 276//276 279//279 306//306
f 306//306 304//304 276//276
f 163//163 305//305 218//218
f 279//279 280//280 306//306
f 307//307 306//306 280//280
f 218//218 305//305 242//242
f 280//280 282//282 307//307
f 220//220 308//308 221//221
f 281//281 284//284 283//283
f 308//308 285//285 221//221
f 285//285 309//309 243//243
f 222//222 286//286 284//284
f 194//194 310//310 224//224
f 286//286 223//223 287//287
f 224//224 310//310 244//244
f 245//245 244//244 311//311
f 287//287 197//197 312//312
f 312//312 197//197 288//288
f 246//246 245//245 313//313
f 313//313 289//289 246//246
f 314//314 315//315 248//248
f 289//289 316//316 249//249
f 248//248 290//290 314//314
f 249//249 316//316 292//292
f 290//290 227//227 291//291
f 291//291 229//229 317//317
f 292//292 318//318 250//250
f 319//319 250//250 318//318
f 293//293 317//317 229//229
f 251//251 250//250 319//319
f 251//251 319//319 320//320
f 251//251 320//320 294//294
f 296//296 257//257 321//321
f 321//321 252//252 322//322
f 252//252 254//254 322//322
f 254//254 297//297 322//322
f 252//252 321//321 257//257
f 298//298 323//323 297//297
f 299//299 256//256 255//255
f 298//298 300//300 323//323
f 324//324 266//266 301//301
f 266//266 324//324 267//267
f 324//324 325//325 267//267
f 302//302 264//264 271//271
f 271//271 326//326 302//302
f 267//267 325//325 272//272
f 275//275 327//327 271//271
f 272//272 328//328 239//239
f 328//328 277//277 239//239
f 303//303 304//304 329//329
f 307//307 330//330 306//306
f 282//282 283//283 331//331
f 242//242 308//308 220//220
f 308//308 332//332 285//285
f 283//283 284//284 333//333
f 332//332 309//309 285//285
f 286//286 334//334 284//284
f 243//243 310//310 194//194
f 334//334 286//286 287//287
f 310//310 311//311 244//244
f 335//335 245//245 311//311
f 335//335 313//313 245//245
f 315//315 312//312 288//288
f 336//336 289//289 313//313
f 288//288 248//248 315//315
f 316//316 289//289 336//336
f 292//292 316//316 337//337
f 338//338 292//292 337//337
f 338//338 318//318 292//292
f 317//317 339//339 291//291
f 339//339 317//317 340//340
f 295//295 294//294 341//341
f 293//293 295//295 340//340
f 295//295 341//341 340//340
f 340//340 317//317 293//293
f 322//322 342//342 343//343
f 344//344 322//322 343//343
f 342//342 345//345 346//346
f 343//343 342//342 346//346
f 347//347 345//345 342//342
f 348//348 345//345 347//347
f 344//344 321//321 322//322
f 342//342 322//322 297//297
f 349//349 342//342 297//297
f 350//350 342//342 349//349
f 347//347 342//342 350//350
f 351//351 352//352 255//255
f 296//296 351//351 255//255
f 323//323 349//349 297//297
f 353//353 347//347 350//350
f 348//348 347//347 353//353
f 354//354 348//348 353//353
f 352//352 355//355 255//255
f 356//356 350//350 349//349
f 353//353 350//350 356//356
f 299//299 355//355 357//357
f 255//255 355//355 299//299
f 349//349 323//323 300//300
f 356//356 349//349 358//358
f 359//359 353//353 356//356
f 354//354 353//353 359//359
f 357//357 265//265 299//299
f 359//359 356//356 360//360
f 301//301 357//357 324//324
f 301//301 265//265 357//357
f 302//302 349//349 300//300
f 358//358 349//349 361//361
f 361//361 349//349 302//302
f 360//360 356//356 358//358
f 361//361 302//302 362//362
f 358//358 361//361 362//362
f 363//363 360//360 362//362
f 362//362 360//360 358//358
f 302//302 326//326 362//362
f 362//362 326//326 327//327
f 364//364 362//362 327//327
f 271//271 327//327 326//326
f 272//272 325//325 328//328
f 275//275 303//303 327//327
f 328//328 365//365 277//277
f 366//366 327//327 303//303
f 303//303 329//329 366//366
f 329//329 304//304 367//367
f 304//304 306//306 330//330
f 304//304 330//330 367//367
f 305//305 368//368 242//242
f 242//242 368//368 369//369
f 369//369 370//370 242//242
f 307//307 371//371 330//330
f 307//307 282//282 331//331
f 371//371 307//307 331//331
f 370//370 308//308 242//242
f 308//308 370//370 332//332
f 283//283 333//333 372//372
f 373//373 331//331 283//283
f 372//372 373//373 283//283
f 372//372 333//333 374//374
f 333//333 284//284 334//334
f 334//334 374//374 333//333
f 309//309 375//375 243//243
f 375//375 310//310 243//243
f 375//375 376//376 310//310
f 376//376 311//311 310//310
f 334//334 287//287 377//377
f 378//378 311//311 379//379
f 377//377 287//287 312//312
f 311//311 378//378 335//335
f 312//312 380//380 377//377
f 381//381 380//380 312//312
f 315//315 382//382 381//381
f 315//315 381//381 312//312
f 313//313 383//383 336//336
f 315//315 314//314 382//382
f 314//314 384//384 382//382
f 385//385 384//384 314//314
f 314//314 290//290 386//386
f 385//385 314//314 386//386
f 290//290 291//291 386//386
f 386//386 291//291 387//387
f 291//291 339//339 387//387
f 294//294 320//320 341//341
f 346//346 345//345 388//388
f 343//343 389//389 344//344
f 390//390 391//391 392//392
f 391//391 393//393 392//392
f 394//394 351//351 321//321
f 351//351 296//296 321//321
f 389//389 394//394 321//321
f 344//344 389//389 321//321
f 395//395 345//345 348//348
f 348//348 396//396 395//395
f 396//396 397//397 398//398
f 399//399 352//352 351//351
f 348//348 397//397 396//396
f 391//391 390//390 400//400
f 400//400 390//390 401//401
f 402//402 391//391 400//400
f 393//393 391//391 402//402
f 403//403 393//393 402//402
f 348//348 354//354 397//397
f 404//404 403//403 402//402
f 354//354 405//405 397//397
f 406//406 397//397 405//405
f 407//407 406//406 405//405
f 400//400 401//401 408//408
f 409//409 400//400 408//408
f 402//402 400//400 409//409
f 404//404 402//402 409//409
f 354//354 359//359 405//405
f 357//357 410//410 324//324
f 405//405 359//359 411//411
f 411//411 412//412 405//405
f 411//411 359//359 360//360
f 412//412 411//411 413//413
f 324//324 414//414 415//415
f 411//411 360//360 363//363
f 363//363 413//413 411//411
f 324//324 415//415 325//325
f 415//415 416//416 325//325
f 364//364 363//363 362//362
f 325//325 416//416 328//328
f 417//417 363//363 364//364
f 418//418 364//364 327//327
f 327//327 366//366 418//418
f 365//365 368//368 305//305
f 277//277 365//365 305//305
f 368//368 365//365 419//419
f 367//367 330//330 420//420
f 420//420 330//330 371//371
f 421//421 332//332 370//370
f 331//331 422//422 371//371
f 373//373 422//422 331//331
f 309//309 332//332 423//423
f 373//373 372//372 424//424
f 423//423 425//425 309//309
f 425//425 375//375 309//309
f 426//426 334//334 377//377
f 376//376 379//379 311//311
f 316//316 336//336 383//383
f 337//337 316//316 383//383
f 385//385 386//386 427//427
f 427//427 386//386 428//428
f 337//337 429//429 338//338
f 428//428 386//386 430//430
f 386//386 387//387 430//430
f 318//318 338//338 429//429
f 320//320 319//319 431//431
f 340//340 432//432 339//339
f 387//387 339//339 433//433
f 433//433 339//339 432//432
f 341//341 320//320 434//434
f 340//340 341//341 432//432
f 394//394 389//389 435//435
f 436//436 437//437 438//438
f 439//439 436//436 438//438
f 440//440 343//343 346//346
f 388//388 440//440 346//346
f 441//441 442//442 443//443
f 442//442 392//392 443//443
f 436//436 443//443 392//392
f 388//388 345//345 395//395
f 444//444 395//395 398//398
f 398//398 395//395 396//396
f 441//441 444//444 398//398
f 392//392 442//442 390//390
f 393//393 436//436 392//392
f 437//437 436//436 393//393
f 393//393 445//445 437//437
f 446//446 447//447 351//351
f 394//394 446//446 351//351
f 448//448 441//441 398//398
f 442//442 441//441 448//448
f 390//390 442//442 448//448
f 445//445 403//403 449//449
f 393//393 403//403 445//445
f 351//351 447//447 399//399
f 406//406 398//398 397//397
f 448//448 398//398 406//406
f 403//403 450//450 449//449
f 450//450 451//451 449//449
f 399//399 355//355 352//352
f 452//452 355//355 399//399
f 448//448 406//406 453//453
f 390//390 448//448 401//401
f 401//401 448//448 453//453
f 403//403 404//404 450//450
f 451//451 450//450 454//454
f 452//452 357//357 355//355
f 410//410 357//357 452//452
f 407//407 453//453 406//406
f 401//401 453//453 408//408
f 409//409 455//455 404//404
f 455//455 456//456 404//404
f 404//404 456//456 450//450
f 454//454 450//450 457//457
f 405//405 458//458 407//407
f 453//453 407//407 458//458
f 458//458 459//459 408//408
f 458//458 408//408 453//453
f 409//409 408//408 459//459
f 455//455 409//409 459//459
f 456//456 455//455 460//460
f 324//324 410//410 461//461
f 405//405 412//412 458//458
f 462//462 458//458 412//412
f 414//414 324//324 461//461
f 413//413 463//463 412//412
f 463//463 464//464 412//412
f 413//413 363//363 463//463
f 465//465 464//464 463//463
f 465//465 463//463 417//417
f 417//417 463//463 363//363
f 417//417 364//364 466//466
f 328//328 416//416 365//365
f 364//364 418//418 466//466
f 416//416 467//467 365//365
f 467//467 419//419 365//365
f 366//366 329//329 468//468
f 419//419 469//469 368//368
f 469//469 369//369 368//368
f 369//369 421//421 370//370
f 421//421 470//470 332//332
f 470//470 423//423 332//332
f 372//372 374//374 424//424
f 374//374 426//426 471//471
f 374//374 471//471 424//424
f 374//374 334//334 426//426
f 472//472 426//426 377//377
f 472//472 377//377 380//380
f 473//473 378//378 474//474
f 474//474 378//378 379//379
f 335//335 378//378 475//475
f 476//476 313//313 335//335
f 476//476 383//383 313//313
f 477//477 382//382 384//384
f 383//383 478//478 337//337
f 477//477 385//385 427//427
f 384//384 385//385 477//477
f 429//429 337//337 478//478
f 428//428 430//430 479//479
f 430//430 387//387 433//433
f 479//479 430//430 433//433
f 432//432 341//341 480//480
f 341//341 434//434 480//480
f 481//481 435//435 389//389
f 481//481 389//389 343//343
f 482//482 481//481 343//343
f 440//440 482//482 343//343
f 483//483 482//482 440//440
f 388//388 483//483 440//440
f 484//484 483//483 388//388
f 485//485 439//439 486//486
f 446//446 394//394 487//487
f 488//488 446//446 487//487
f 394//394 435//435 487//487
f 484//484 388//388 395//395
f 485//485 489//489 436//436
f 439//439 485//485 436//436
f 439//439 438//438 490//490
f 444//444 484//484 395//395
f 491//491 484//484 444//444
f 489//489 491//491 443//443
f 443//443 491//491 441//441
f 436//436 489//489 443//443
f 438//438 492//492 490//490
f 441//441 491//491 444//444
f 437//437 445//445 438//438
f 492//492 438//438 445//445
f 493//493 494//494 399//399
f 493//493 399//399 447//447
f 446//446 493//493 447//447
f 495//495 492//492 445//445
f 494//494 452//452 399//399
f 449//449 495//495 445//445
f 449//449 451//451 495//495
f 452//452 496//496 410//410
f 451//451 454//454 497//497
f 456//456 457//457 450//450
f 459//459 460//460 455//455
f 457//457 456//456 460//460
f 462//462 498//498 458//458
f 458//458 498//498 459//459
f 460//460 459//459 499//499
f 464//464 500//500 412//412
f 412//412 500//500 462//462
f 500//500 498//498 462//462
f 459//459 498//498 499//499
f 501//501 500//500 464//464
f 414//414 502//502 415//415
f 465//465 503//503 464//464
f 503//503 501//501 464//464
f 415//415 504//504 416//416
f 415//415 502//502 504//504
f 465//465 417//417 505//505
f 417//417 466//466 505//505
f 466//466 418//418 506//506
f 418//418 366//366 506//506
f 468//468 506//506 366//366
f 329//329 367//367 507//507
f 507//507 468//468 329//329
f 469//469 421//421 369//369
f 421//421 469//469 508//508
f 367//367 420//420 509//509
f 509//509 507//507 367//367
f 470//470 421//421 508//508
f 510//510 511//511 420//420
f 509//509 420//420 511//511
f 371//371 422//422 420//420
f 422//422 510//510 420//420
f 510//510 422//422 373//373
f 510//510 373//373 512//512
f 512//512 373//373 424//424
f 425//425 423//423 513//513
f 513//513 375//375 425//425
f 375//375 513//513 514//514
f 512//512 424//424 515//515
f 516//516 375//375 514//514
f 375//375 516//516 376//376
f 515//515 424//424 517//517
f 517//517 424//424 471//471
f 474//474 376//376 516//516
f 471//471 426//426 472//472
f 379//379 376//376 474//474
f 472//472 517//517 471//471
f 378//378 473//473 475//475
f 472//472 380//380 518//518
f 518//518 380//380 519//519
f 380//380 381//381 519//519
f 381//381 520//520 519//519
f 521//521 519//519 520//520
f 335//335 475//475 476//476
f 381//381 382//382 520//520
f 476//476 522//522 383//383
f 382//382 477//477 520//520
f 477//477 521//521 520//520
f 477//477 523//523 521//521
f 383//383 522//522 478//478
f 523//523 477//477 524//524
f 523//523 524//524 525//525
f 477//477 427//427 524//524
f 524//524 427//427 526//526
f 526//526 525//525 524//524
f 478//478 527//527 429//429
f 427//427 428//428 526//526
f 528//528 529//529 429//429
f 428//428 479//479 526//526
f 529//529 318//318 429//429
f 318//318 529//529 319//319
f 319//319 529//529 431//431
f 320//320 431//431 434//434
f 433//433 432//432 530//530
f 530//530 432//432 480//480
f 481//481 482//482 531//531
f 487//487 435//435 532//532
f 531//531 532//532 435//435
f 481//481 531//531 435//435
f 484//484 491//491 533//533
f 491//491 489//489 533//533
f 488//488 487//487 532//532
f 486//486 439//439 534//534
f 446//446 488//488 493//493
f 490//490 534//534 439//439
f 492//492 535//535 490//490
f 535//535 492//492 536//536
f 492//492 495//495 536//536
f 452//452 494//494 537//537
f 495//495 451//451 538//538
f 452//452 537//537 496//496
f 451//451 497//497 538//538
f 454//454 457//457 497//497
f 461//461 410//410 496//496
f 461//461 539//539 414//414
f 539//539 502//502 414//414
f 540//540 499//499 498//498
f 540//540 498//498 500//500
f 504//504 541//541 416//416
f 542//542 465//465 505//505
f 416//416 541//541 467//467
f 467//467 541//541 543//543
f 469//469 419//419 467//467
f 507//507 509//509 544//544
f 508//508 545//545 470//470
f 470//470 546//546 423//423
f 546//546 513//513 423//423
f 546//546 514//514 513//513
f 472//472 518//518 517//517
f 547//547 517//517 518//518
f 548//548 475//475 473//473
f 519//519 547//547 518//518
f 549//549 519//519 521//521
f 476//476 550//550 522//522
f 549//549 521//521 523//523
f 523//523 525//525 551//551
f 525//525 526//526 552//552
f 528//528 429//429 527//527
f 526//526 479//479 553//553
f 431//431 529//529 554//554
f 530//530 479//479 433//433
f 531//531 482//482 555//555
f 483//483 556//556 482//482
f 483//483 557//557 556//556
f 557//557 484//484 558//558
f 533//533 489//489 485//485
f 484//484 557//557 483//483
f 533//533 558//558 484//484
f 559//559 485//485 486//486
f 486//486 534//534 559//559
f 488//488 560//560 493//493
f 490//490 561//561 534//534
f 494//494 562//562 537//537
f 562//562 494//494 493//493
f 536//536 495//495 538//538
f 497//497 563//563 538//538
f 496//496 564//564 461//461
f 565//565 563//563 457//457
f 563//563 497//497 457//457
f 566//566 539//539 461//461
f 460//460 567//567 457//457
f 499//499 567//567 460//460
f 500//500 501//501 540//540
f 568//568 503//503 465//465
f 542//542 568//568 465//465
f 505//505 466//466 542//542
f 466//466 506//506 542//542
f 467//467 543//543 469//469
f 511//511 544//544 509//509
f 511//511 510//510 569//569
f 510//510 512//512 569//569
f 570//570 569//569 512//512
f 515//515 570//570 512//512
f 517//517 571//571 515//515
f 519//519 549//549 547//547
f 475//475 550//550 476//476
f 478//478 522//522 527//527
f 551//551 525//525 552//552
f 552//552 526//526 553//553
f 434//434 431//431 554//554
f 434//434 572//572 530//530
f 530//530 572//572 573//573
f 553//553 479//479 530//530
f 573//573 553//553 530//530
f 530//530 480//480 434//434
f 555//555 574//574 531//531
f 556//556 557//557 575//575
f 558//558 575//575 557//557
f 576//576 575//575 558//558
f 533//533 485//485 577//577
f 485//485 559//559 578//578
f 556//556 555//555 482//482
f 579//579 580//580 532//532
f 531//531 579//579 532//532
f 533//533 576//576 558//558
f 488//488 581//581 560//560
f 580//580 488//488 532//532
f 534//534 582//582 559//559
f 534//534 561//561 582//582
f 582//582 561//561 583//583
f 493//493 584//584 562//562
f 584//584 493//493 560//560
f 490//490 585//585 561//561
f 561//561 585//585 586//586
f 490//490 535//535 585//585
f 585//585 587//587 586//586
f 537//537 562//562 588//588
f 536//536 585//585 535//535
f 587//587 585//585 589//589
f 589//589 585//585 536//536
f 536//536 538//538 590//590
f 589//589 536//536 590//590
f 496//496 537//537 564//564
f 564//564 537//537 588//588
f 590//590 538//538 591//591
f 592//592 590//590 591//591
f 589//589 590//590 593//593
f 593//593 590//590 592//592
f 563//563 591//591 538//538
f 565//565 594//594 563//563
f 591//591 563//563 595//595
f 595//595 563//563 594//594
f 596//596 591//591 595//595
f 592//592 591//591 596//596
f 461//461 564//564 566//566
f 567//567 565//565 457//457
f 567//567 597//597 565//565
f 594//594 565//565 597//597
f 499//499 598//598 567//567
f 599//599 539//539 600//600
f 499//499 540//540 598//598
f 567//567 598//598 597//597
f 539//539 599//599 502//502
f 540//540 601//601 598//598
f 502//502 599//599 504//504
f 602//602 601//601 540//540
f 504//504 599//599 541//541
f 501//501 503//503 603//603
f 501//501 603//603 540//540
f 602//602 540//540 603//603
f 568//568 603//603 503//503
f 543//543 604//604 469//469
f 605//605 469//469 604//604
f 469//469 605//605 508//508
f 468//468 507//507 606//606
f 607//607 606//606 507//507
f 507//507 544//544 607//607
f 545//545 546//546 470//470
f 608//608 546//546 545//545
f 544//544 511//511 609//609
f 609//609 610//610 544//544
f 511//511 569//569 609//609
f 516//516 514//514 611//611
f 570//570 609//609 569//569
f 570//570 515//515 571//571
f 612//612 473//473 613//613
f 548//548 473//473 612//612
f 571//571 517//517 614//614
f 517//517 547//547 614//614
f 548//548 612//612 475//475
f 614//614 547//547 615//615
f 616//616 571//571 614//614
f 615//615 616//616 614//614
f 549//549 615//615 547//547
f 550//550 475//475 617//617
f 522//522 550//550 617//617
f 549//549 523//523 615//615
f 617//617 618//618 522//522
f 615//615 523//523 619//619
f 523//523 551//551 619//619
f 522//522 618//618 527//527
f 620//620 621//621 529//529
f 553//553 573//573 622//622
f 553//553 622//622 552//552
f 529//529 528//528 620//620
f 621//621 554//554 529//529
f 573//573 572//572 623//623
f 434//434 624//624 572//572
f 579//579 531//531 574//574
f 574//574 555//555 625//625
f 626//626 625//625 555//555
f 556//556 626//626 555//555
f 627//627 626//626 556//556
f 575//575 627//627 556//556
f 577//577 576//576 533//533
f 578//578 577//577 485//485
f 559//559 628//628 578//578
f 582//582 628//628 559//559
f 628//628 582//582 629//629
f 630//630 581//581 488//488
f 580//580 630//630 488//488
f 629//629 582//582 583//583
f 560//560 581//581 584//584
f 561//561 631//631 583//583
f 589//589 632//632 587//587
f 632//632 589//589 593//593
f 632//632 593//593 633//633
f 564//564 588//588 634//634
f 633//633 593//593 635//635
f 634//634 636//636 564//564
f 592//592 637//637 593//593
f 638//638 635//635 593//593
f 637//637 638//638 593//593
f 564//564 639//639 566//566
f 596//596 637//637 592//592
f 566//566 600//600 539//539
f 601//601 640//640 598//598
f 641//641 541//541 599//599
f 541//541 641//641 543//543
f 542//542 642//642 568//568
f 604//604 543//543 641//641
f 606//606 542//542 506//506
f 506//506 468//468 606//606
f 605//605 545//545 508//508
f 643//643 545//545 605//605
f 607//607 544//544 644//644
f 608//608 514//514 546//546
f 544//544 610//610 644//644
f 609//609 645//645 610//610
f 516//516 613//613 474//474
f 613//613 473//473 474//474
f 609//609 570//570 646//646
f 570//570 571//571 616//616
f 570//570 616//616 646//646
f 617//617 475//475 612//612
f 619//619 551//551 552//552
f 527//527 618//618 528//528
f 528//528 618//618 620//620
f 623//623 647//647 573//573
f 647//647 622//622 573//573
f 554//554 621//621 624//624
f 624//624 648//648 572//572
f 572//572 648//648 623//623
f 554//554 624//624 434//434
f 576//576 627//627 575//575
f 576//576 577//577 627//627
f 630//630 649//649 581//581
f 581//581 650//650 584//584
f 584//584 651//651 562//562
f 561//561 586//586 631//631
f 652//652 588//588 562//562
f 634//634 588//588 652//652
f 632//632 653//653 587//587
f 564//564 636//636 639//639
f 596//596 654//654 637//637
f 639//639 655//655 600//600
f 639//639 600//600 566//566
f 656//656 596//596 595//595
f 657//657 594//594 597//597
f 595//595 594//594 657//657
f 640//640 601//601 602//602
f 599//599 658//658 641//641
f 603//603 568//568 642//642
f 603//603 642//642 602//602
f 542//542 659//659 642//642
f 542//542 606//606 659//659
f 606//606 607//607 660//660
f 607//607 644//644 661//661
f 662//662 661//661 644//644
f 608//608 663//663 514//514
f 663//663 611//611 514//514
f 644//644 664//664 662//662
f 644//644 610//610 664//664
f 613//613 516//516 611//611
f 610//610 645//645 664//664
f 609//609 646//646 645//645
f 665//665 645//645 646//646
f 646//646 616//616 665//665
f 616//616 666//666 665//665
f 665//665 666//666 667//667
f 666//666 615//615 667//667
f 616//616 615//615 666//666
f 667//667 619//619 668//668
f 615//615 619//619 667//667
f 617//617 669//669 618//618
f 668//668 619//619 670//670
f 619//619 552//552 670//670
f 670//670 552//552 671//671
f 622//622 671//671 552//552
f 622//622 647//647 671//671
f 626//626 672//672 673//673
f 674//674 626//626 673//673
f 625//625 626//626 674//674
f 675//675 676//676 672//672
f 675//675 672//672 577//577
f 675//675 577//577 677//677
f 674//674 678//678 625//625
f 672//672 626//626 627//627
f 577//577 672//672 627//627
f 678//678 679//679 574//574
f 625//625 678//678 574//574
f 677//677 577//577 578//578
f 628//628 677//677 578//578
f 680//680 677//677 629//629
f 629//629 677//677 628//628
f 681//681 680//680 629//629
f 682//682 580//580 579//579
f 679//679 682//682 579//579
f 574//574 679//679 579//579
f 682//682 683//683 580//580
f 684//684 681//681 629//629
f 685//685 681//681 684//684
f 650//650 581//581 649//649
f 683//683 649//649 630//630
f 580//580 683//683 630//630
f 629//629 583//583 684//684
f 583//583 631//631 684//684
f 650//650 651//651 584//584
f 631//631 686//686 687//687
f 562//562 651//651 688//688
f 586//586 686//686 631//631
f 688//688 652//652 562//562
f 686//686 586//586 587//587
f 653//653 686//686 587//587
f 653//653 689//689 686//686
f 690//690 689//689 653//653
f 652//652 691//691 634//634
f 633//633 653//653 632//632
f 690//690 653//653 692//692
f 692//692 653//653 633//633
f 693//693 633//633 635//635
f 692//692 633//633 693//693
f 638//638 637//637 654//654
f 635//635 638//638 654//654
f 694//694 693//693 635//635
f 654//654 596//596 656//656
f 695//695 635//635 654//654
f 695//695 694//694 635//635
f 656//656 695//695 654//654
f 657//657 656//656 595//595
f 600//600 655//655 599//599
f 598//598 696//696 597//597
f 696//696 697//697 597//597
f 697//697 657//657 597//597
f 640//640 696//696 598//598
f 696//696 640//640 698//698
f 640//640 602//602 699//699
f 698//698 640//640 699//699
f 700//700 641//641 658//658
f 602//602 642//642 699//699
f 701//701 699//699 642//642
f 700//700 604//604 641//641
f 702//702 642//642 659//659
f 604//604 703//703 605//605
f 604//604 700//700 703//703
f 606//606 702//702 659//659
f 704//704 702//702 606//606
f 643//643 605//605 703//703
f 660//660 704//704 606//606
f 661//661 660//660 607//607
f 545//545 643//643 608//608
f 705//705 611//611 663//663
f 664//664 706//706 662//662
f 707//707 706//706 664//664
f 613//613 611//611 705//705
f 708//708 613//613 705//705
f 708//708 612//612 613//613
f 707//707 664//664 709//709
f 664//664 645//645 665//665
f 710//710 612//612 708//708
f 711//711 612//612 710//710
f 711//711 617//617 612//612
f 667//667 712//712 665//665
f 669//669 617//617 711//711
f 713//713 714//714 669//669
f 618//618 669//669 714//714
f 715//715 620//620 714//714
f 620//620 715//715 716//716
f 618//618 714//714 620//620
f 716//716 717//717 621//621
f 621//621 717//717 718//718
f 621//621 620//620 716//716
f 648//648 718//718 719//719
f 623//623 648//648 719//719
f 720//720 623//623 719//719
f 647//647 623//623 720//720
f 624//624 621//621 718//718
f 648//648 624//624 718//718
f 678//678 674//674 721//721
f 722//722 678//678 721//721
f 672//672 676//676 673//673
f 677//677 723//723 675//675
f 680//680 724//724 677//677
f 682//682 725//725 683//683
f 726//726 725//725 682//682
f 679//679 726//726 682//682
f 680//680 681//681 727//727
f 681//681 685//685 727//727
f 725//725 728//728 651//651
f 651//651 649//649 725//725
f 651//651 650//650 649//649
f 683//683 725//725 649//649
f 684//684 631//631 729//729
f 730//730 688//688 651//651
f 652//652 731//731 691//691
f 688//688 731//731 652//652
f 690//690 692//692 732//732
f 634//634 691//691 636//636
f 636//636 733//733 639//639
f 639//639 733//733 655//655
f 734//734 693//693 694//694
f 695//695 656//656 735//735
f 734//734 694//694 695//695
f 656//656 657//657 736//736
f 735//735 656//656 737//737
f 737//737 656//656 736//736
f 655//655 738//738 599//599
f 736//736 657//657 739//739
f 657//657 697//697 739//739
f 738//738 658//658 599//599
f 698//698 699//699 740//740
f 660//660 661//661 741//741
f 661//661 742//742 743//743
f 661//661 743//743 741//741
f 661//661 662//662 742//742
f 643//643 663//663 608//608
f 742//742 662//662 706//706
f 705//705 663//663 744//744
f 664//664 665//665 709//709
f 665//665 712//712 709//709
f 711//711 745//745 669//669
f 667//667 668//668 712//712
f 669//669 745//745 713//713
f 670//670 746//746 747//747
f 670//670 747//747 668//668
f 670//670 748//748 746//746
f 713//713 715//715 714//714
f 671//671 748//748 670//670
f 671//671 647//647 748//748
f 647//647 720//720 748//748
f 721//721 674//674 749//749
f 674//674 673//673 749//749
f 673//673 676//676 750//750
f 676//676 675//675 751//751
f 675//675 723//723 751//751
f 678//678 722//722 679//679
f 679//679 722//722 726//726
f 752//752 723//723 677//677
f 677//677 724//724 752//752
f 724//724 753//753 752//752
f 753//753 724//724 754//754
f 724//724 680//680 754//754
f 754//754 680//680 727//727
f 725//725 755//755 728//728
f 755//755 725//725 726//726
f 651//651 728//728 756//756
f 685//685 684//684 729//729
f 756//756 757//757 651//651
f 757//757 730//730 651//651
f 686//686 689//689 687//687
f 730//730 758//758 688//688
f 688//688 758//758 731//731
f 691//691 759//759 733//733
f 691//691 731//731 759//759
f 691//691 733//733 636//636
f 732//732 692//692 760//760
f 760//760 692//692 761//761
f 761//761 692//692 693//693
f 761//761 693//693 734//734
f 695//695 762//762 734//734
f 733//733 738//738 655//655
f 763//763 735//735 737//737
f 695//695 735//735 763//763
f 697//697 696//696 739//739
f 700//700 658//658 764//764
f 701//701 642//642 765//765
f 704//704 660//660 702//702
f 766//766 643//643 703//703
f 643//643 766//766 663//663
f 743//743 742//742 767//767
f 742//742 706//706 768//768
f 705//705 744//744 769//769
f 706//706 707//707 768//768
f 769//769 708//708 705//705
f 768//768 707//707 770//770
f 707//707 709//709 770//770
f 709//709 712//712 770//770
f 747//747 712//712 668//668
f 748//748 720//720 771//771
f 719//719 718//718 772//772
f 750//750 676//676 751//751
f 750//750 749//749 673//673
f 773//773 751//751 723//723
f 752//752 774//774 723//723
f 722//722 775//775 726//726
f 726//726 775//775 776//776
f 726//726 776//776 755//755
f 727//727 777//777 754//754
f 727//727 778//778 777//777
f 727//727 685//685 778//778
f 729//729 778//778 685//685
f 631//631 687//687 729//729
f 779//779 778//778 729//729
f 779//779 729//729 687//687
f 757//757 758//758 730//730
f 779//779 687//687 780//780
f 780//780 687//687 689//689
f 690//690 780//780 689//689
f 781//781 780//780 690//690
f 690//690 732//732 781//781
f 782//782 781//781 732//732
f 732//732 760//760 782//782
f 783//783 782//782 760//760
f 733//733 759//759 784//784
f 783//783 760//760 761//761
f 783//783 761//761 785//785
f 734//734 786//786 761//761
f 786//786 785//785 761//761
f 733//733 784//784 738//738
f 738//738 784//784 787//787
f 695//695 763//763 762//762
f 788//788 786//786 734//734
f 762//762 788//788 734//734
f 789//789 762//762 763//763
f 788//788 762//762 789//789
f 790//790 738//738 787//787
f 791//791 739//739 696//696
f 736//736 739//739 792//792
f 737//737 736//736 792//792
f 763//763 737//737 793//793
f 789//789 763//763 793//793
f 696//696 698//698 794//794
f 794//794 791//791 696//696
f 738//738 790//790 658//658
f 795//795 794//794 698//698
f 658//658 790//790 764//764
f 698//698 740//740 795//795
f 795//795 740//740 796//796
f 764//764 797//797 700//700
f 740//740 699//699 798//798
f 796//796 740//740 798//798
f 699//699 701//701 798//798
f 700//700 797//797 703//703
f 765//765 798//798 701//701
f 796//796 798//798 799//799
f 703//703 797//797 800//800
f 765//765 799//799 798//798
f 765//765 642//642 801//801
f 642//642 702//702 801//801
f 802//802 801//801 702//702
f 803//803 703//703 800//800
f 803//803 766//766 703//703
f 702//702 660//660 802//802
f 802//802 660//660 741//741
f 741//741 743//743 804//804
f 805//805 744//744 663//663
f 766//766 805//805 663//663
f 769//769 744//744 805//805
f 806//806 769//769 805//805
f 807//807 768//768 808//808
f 809//809 769//769 806//806
f 769//769 809//809 708//708
f 770//770 810//810 811//811
f 770//770 811//811 808//808
f 770//770 808//808 768//768
f 809//809 812//812 708//708
f 708//708 812//812 710//710
f 812//812 813//813 710//710
f 812//812 814//814 813//813
f 712//712 747//747 770//770
f 710//710 813//813 711//711
f 711//711 813//813 745//745
f 814//814 745//745 813//813
f 747//747 746//746 815//815
f 814//814 713//713 745//745
f 814//814 816//816 713//713
f 816//816 817//817 713//713
f 816//816 818//818 817//817
f 715//715 713//713 817//817
f 746//746 748//748 771//771
f 818//818 716//716 817//817
f 716//716 715//715 817//817
f 819//819 716//716 818//818
f 819//819 820//820 772//772
f 771//771 720//720 821//821
f 717//717 716//716 819//819
f 772//772 717//717 819//819
f 719//719 772//772 821//821
f 720//720 719//719 821//821
f 772//772 718//718 717//717
f 721//721 822//822 823//823
f 749//749 822//822 721//721
f 750//750 824//824 749//749
f 749//749 824//824 822//822
f 721//721 823//823 722//722
f 774//774 773//773 723//723
f 752//752 753//753 774//774
f 775//775 722//722 823//823
f 825//825 753//753 754//754
f 754//754 826//826 825//825
f 754//754 777//777 826//826
f 755//755 827//827 728//728
f 828//828 777//777 778//778
f 778//778 829//829 828//828
f 728//728 830//830 756//756
f 756//756 831//831 757//757
f 757//757 831//831 758//758
f 780//780 832//832 779//779
f 833//833 781//781 782//782
f 731//731 834//834 759//759
f 759//759 834//834 835//835
f 759//759 835//835 784//784
f 792//792 836//836 737//737
f 836//836 837//837 737//737
f 737//737 837//837 793//793
f 792//792 739//739 838//838
f 795//795 839//839 794//794
f 795//795 796//796 839//839
f 797//797 764//764 840//840
f 796//796 841//841 839//839
f 796//796 799//799 841//841
f 801//801 802//802 842//842
f 741//741 804//804 802//802
f 743//743 767//767 843//843
f 742//742 844//844 767//767
f 742//742 768//768 844//844
f 844//844 768//768 807//807
f 805//805 845//845 806//806
f 808//808 846//846 847//847
f 808//808 847//847 807//807
f 811//811 846//846 808//808
f 809//809 848//848 812//812
f 770//770 747//747 810//810
f 815//815 849//849 810//810
f 810//810 747//747 815//815
f 746//746 850//850 815//815
f 746//746 771//771 850//850
f 821//821 851//851 771//771
f 850//850 771//771 851//851
f 821//821 772//772 820//820
f 822//822 824//824 852//852
f 852//852 824//824 773//773
f 822//822 853//853 823//823
f 751//751 824//824 750//750
f 773//773 824//824 751//751
f 774//774 854//854 855//855
f 753//753 825//825 774//774
f 774//774 825//825 854//854
f 775//775 823//823 856//856
f 857//857 776//776 775//775
f 857//857 858//858 776//776
f 755//755 776//776 827//827
f 858//858 827//827 776//776
f 828//828 826//826 777//777
f 830//830 728//728 859//859
f 728//728 827//827 859//859
f 830//830 831//831 756//756
f 829//829 778//778 860//860
f 779//779 860//860 778//778
f 860//860 779//779 861//861
f 779//779 832//832 861//861
f 834//834 758//758 831//831
f 832//832 833//833 862//862
f 832//832 780//780 833//833
f 758//758 834//834 731//731
f 781//781 833//833 780//780
f 863//863 833//833 782//782
f 863//863 782//782 864//864
f 782//782 783//783 864//864
f 864//864 783//783 865//865
f 783//783 785//785 865//865
f 866//866 785//785 786//786
f 866//866 865//865 785//785
f 787//787 784//784 867//867
f 786//786 788//788 866//866
f 866//866 788//788 868//868
f 789//789 869//869 788//788
f 869//869 868//868 788//788
f 789//789 793//793 870//870
f 789//789 870//870 869//869
f 787//787 871//871 790//790
f 837//837 836//836 872//872
f 793//793 837//837 873//873
f 791//791 838//838 739//739
f 791//791 794//794 874//874
f 874//874 838//838 791//791
f 871//871 840//840 790//790
f 794//794 839//839 875//875
f 840//840 764//764 790//790
f 840//840 800//800 797//797
f 800//800 840//840 876//876
f 877//877 839//839 841//841
f 841//841 799//799 878//878
f 799//799 765//765 878//878
f 765//765 842//842 878//878
f 765//765 801//801 842//842
f 800//800 879//879 803//803
f 804//804 743//743 843//843
f 766//766 880//880 805//805
f 805//805 880//880 845//845
f 844//844 807//807 881//881
f 806//806 848//848 809//809
f 882//882 811//811 810//810
f 812//812 883//883 814//814
f 810//810 884//884 882//882
f 849//849 884//884 810//810
f 885//885 884//884 849//849
f 850//850 885//885 849//849
f 849//849 815//815 850//850
f 821//821 820//820 886//886
f 821//821 886//886 851//851
f 850//850 851//851 885//885
f 818//818 887//887 819//819
f 820//820 819//819 887//887
f 853//853 822//822 888//888
f 852//852 888//888 822//822
f 773//773 855//855 852//852
f 853//853 889//889 856//856
f 823//823 853//853 856//856
f 855//855 773//773 774//774
f 855//855 854//854 890//890
f 857//857 891//891 858//858
f 857//857 775//775 856//856
f 825//825 892//892 893//893
f 826//826 892//892 825//825
f 858//858 894//894 827//827
f 826//826 828//828 892//892
f 859//859 827//827 894//894
f 860//860 828//828 829//829
f 859//859 895//895 830//830
f 896//896 895//895 859//859
f 830//830 897//897 831//831
f 895//895 897//897 830//830
f 898//898 860//860 861//861
f 831//831 897//897 834//834
f 832//832 862//862 861//861
f 861//861 862//862 898//898
f 899//899 834//834 897//897
f 862//862 833//833 900//900
f 899//899 901//901 834//834
f 833//833 863//863 900//900
f 901//901 835//835 834//834
f 867//867 835//835 901//901
f 835//835 867//867 784//784
f 867//867 902//902 787//787
f 787//787 902//902 871//871
f 903//903 871//871 902//902
f 836//836 792//792 904//904
f 872//872 873//873 837//837
f 873//873 905//905 793//793
f 905//905 870//870 793//793
f 870//870 906//906 869//869
f 870//870 905//905 907//907
f 906//906 870//870 907//907
f 903//903 908//908 871//871
f 908//908 840//840 871//871
f 794//794 875//875 874//874
f 874//874 875//875 909//909
f 876//876 840//840 908//908
f 839//839 877//877 875//875
f 877//877 841//841 910//910
f 841//841 878//878 910//910
f 876//876 879//879 800//800
f 842//842 802//802 911//911
f 803//803 879//879 766//766
f 880//880 766//766 879//879
f 911//911 802//802 804//804
f 844//844 881//881 912//912
f 912//912 767//767 844//844
f 847//847 881//881 807//807
f 806//806 845//845 913//913
f 914//914 847//847 846//846
f 848//848 806//806 913//913
f 914//914 846//846 915//915
f 913//913 916//916 848//848
f 846//846 917//917 915//915
f 811//811 882//882 917//917
f 846//846 811//811 917//917
f 916//916 918//918 848//848
f 918//918 812//812 848//848
f 918//918 883//883 812//812
f 919//919 917//917 920//920
f 882//882 920//920 917//917
f 883//883 918//918 921//921
f 922//922 919//919 920//920
f 882//882 884//884 920//920
f 921//921 814//814 883//883
f 884//884 922//922 920//920
f 923//923 816//816 921//921
f 924//924 922//922 925//925
f 922//922 926//926 925//925
f 884//884 926//926 922//922
f 814//814 921//921 816//816
f 927//927 928//928 886//886
f 928//928 925//925 886//886
f 884//884 885//885 926//926
f 927//927 818//818 923//923
f 887//887 818//818 927//927
f 886//886 887//887 927//927
f 926//926 886//886 925//925
f 816//816 923//923 818//818
f 851//851 886//886 926//926
f 885//885 851//851 926//926
f 886//886 820//820 887//887
f 852//852 929//929 888//888
f 855//855 929//929 852//852
f 855//855 890//890 929//929
f 893//893 890//890 854//854
f 856//856 889//889 930//930
f 825//825 893//893 854//854
f 930//930 891//891 857//857
f 930//930 857//857 856//856
f 858//858 891//891 894//894
f 892//892 828//828 931//931
f 859//859 894//894 932//932
f 932//932 896//896 859//859
f 933//933 828//828 860//860
f 934//934 933//933 860//860
f 860//860 898//898 934//934
f 935//935 862//862 900//900
f 901//901 899//899 936//936
f 863//863 864//864 900//900
f 900//900 864//864 937//937
f 864//864 865//865 937//937
f 937//937 865//865 938//938
f 866//866 938//938 865//865
f 868//868 938//938 866//866
f 939//939 868//868 869//869
f 869//869 906//906 939//939
f 836//836 940//940 872//872
f 904//904 940//940 836//836
f 940//940 873//873 872//872
f 941//941 905//905 873//873
f 942//942 792//792 838//838
f 904//904 792//792 942//942
f 941//941 873//873 940//940
f 943//943 874//874 909//909
f 909//909 875//875 877//877
f 877//877 910//910 944//944
f 878//878 945//945 910//910
f 878//878 842//842 945//945
f 945//945 842//842 911//911
f 911//911 804//804 946//946
f 912//912 843//843 767//767
f 947//947 914//914 915//915
f 948//948 917//917 919//919
f 918//918 949//949 921//921
f 924//924 948//948 919//919
f 919//919 922//922 924//924
f 949//949 923//923 921//921
f 923//923 949//949 950//950
f 950//950 951//951 923//923
f 927//927 923//923 951//951
f 928//928 927//927 951//951
f 924//924 925//925 928//928
f 853//853 888//888 952//952
f 888//888 953//953 952//952
f 929//929 953//953 888//888
f 929//929 954//954 953//953
f 890//890 954//954 929//929
f 853//853 952//952 889//889
f 889//889 952//952 955//955
f 890//890 956//956 954//954
f 956//956 890//890 893//893
f 889//889 955//955 930//930
f 891//891 930//930 957//957
f 893//893 892//892 931//931
f 958//958 893//893 931//931
f 891//891 959//959 894//894
f 891//891 957//957 959//959
f 894//894 959//959 932//932
f 931//931 828//828 933//933
f 960//960 931//931 933//933
f 960//960 933//933 934//934
f 895//895 961//961 897//897
f 895//895 896//896 961//961
f 898//898 962//962 934//934
f 897//897 961//961 899//899
f 898//898 963//963 962//962
f 862//862 963//963 898//898
f 935//935 963//963 862//862
f 936//936 899//899 961//961
f 900//900 937//937 964//964
f 938//938 964//964 937//937
f 938//938 868//868 965//965
f 966//966 965//965 868//868
f 939//939 966//966 868//868
f 939//939 906//906 967//967
f 906//906 968//968 967//967
f 907//907 968//968 906//906
f 905//905 941//941 969//969
f 907//907 905//905 968//968
f 905//905 969//969 968//968
f 874//874 943//943 838//838
f 942//942 838//838 943//943
f 877//877 944//944 909//909
f 945//945 970//970 910//910
f 945//945 911//911 946//946
f 804//804 843//843 946//946
f 843//843 971//971 946//946
f 880//880 972//972 845//845
f 971//971 843//843 912//912
f 972//972 913//913 845//845
f 912//912 881//881 973//973
f 847//847 973//973 881//881
f 973//973 847//847 914//914
f 974//974 973//973 914//914
f 913//913 975//975 916//916
f 975//975 918//918 916//916
f 914//914 947//947 976//976
f 948//948 947//947 917//917
f 917//917 947//947 915//915
f 948//948 924//924 977//977
f 951//951 950//950 978//978
f 977//977 928//928 978//978
f 928//928 951//951 978//978
f 924//924 928//928 977//977
f 952//952 953//953 979//979
f 953//953 954//954 979//979
f 979//979 954//954 980//980
f 955//955 952//952 981//981
f 982//982 981//981 952//952
f 979//979 982//982 952//952
f 983//983 982//982 979//979
f 956//956 980//980 954//954
f 930//930 955//955 957//957
f 957//957 955//955 981//981
f 982//982 984//984 981//981
f 893//893 958//958 956//956
f 981//981 985//985 957//957
f 986//986 985//985 981//981
f 984//984 986//986 981//981
f 957//957 987//987 959//959
f 985//985 987//987 957//957
f 988//988 958//958 931//931
f 932//932 959//959 989//989
f 959//959 987//987 989//989
f 985//985 990//990 987//987
f 991//991 931//931 960//960
f 992//992 991//991 960//960
f 896//896 932//932 989//989
f 896//896 989//989 993//993
f 896//896 993//993 961//961
f 994//994 989//989 987//987
f 990//990 994//994 987//987
f 934//934 992//992 960//960
f 934//934 962//962 992//992
f 989//989 995//995 993//993
f 995//995 989//989 994//994
f 962//962 996//996 992//992
f 963//963 997//997 996//996
f 963//963 996//996 962//962
f 993//993 995//995 961//961
f 998//998 997//997 963//963
f 963//963 935//935 998//998
f 995//995 999//999 961//961
f 935//935 1000//1000 998//998
f 935//935 900//900 1000//1000
f 961//961 999//999 936//936
f 900//900 964//964 1000//1000
f 1001//1001 1000//1000 964//964
f 999//999 1002//1002 936//936
f 1002//1002 901//901 936//936
f 1001//1001 964//964 1003//1003
f 901//901 1004//1004 867//867
f 1004//1004 901//901 1002//1002
f 965//965 964//964 938//938
f 965//965 1003//1003 964//964
f 902//902 867//867 1004//1004
f 965//965 966//966 1005//1005
f 966//966 939//939 967//967
f 902//902 1004//1004 903//903
f 968//968 1006//1006 967//967
f 1007//1007 903//903 1004//1004
f 1008//1008 1006//1006 969//969
f 1006//1006 968//968 969//969
f 908//908 903//903 1007//1007
f 942//942 1009//1009 904//904
f 940//940 904//904 1009//1009
f 941//941 940//940 1010//1010
f 1011//1011 908//908 1007//1007
f 1010//1010 940//940 1012//1012
f 1013//1013 943//943 909//909
f 1009//1009 942//942 1014//1014
f 908//908 1011//1011 876//876
f 909//909 944//944 1013//1013
f 876//876 1011//1011 879//879
f 910//910 970//970 1015//1015
f 910//910 1015//1015 944//944
f 1011//1011 1016//1016 879//879
f 879//879 1016//1016 880//880
f 1016//1016 972//972 880//880
f 912//912 973//973 971//971
f 1017//1017 913//913 972//972
f 973//973 1018//1018 971//971
f 1017//1017 975//975 913//913
f 1017//1017 1019//1019 975//975
f 1018//1018 973//973 974//974
f 1020//1020 975//975 1019//1019
f 974//974 914//914 976//976
f 975//975 1020//1020 918//918
f 1021//1021 1022//1022 947//947
f 947//947 1022//1022 976//976
f 1023//1023 918//918 1020//1020
f 949//949 918//918 1023//1023
f 1024//1024 949//949 1023//1023
f 1025//1025 949//949 1024//1024
f 1026//1026 1025//1025 1024//1024
f 1027//1027 1025//1025 1026//1026
f 1026//1026 1028//1028 1027//1027
f 1027//1027 1028//1028 1029//1029
f 948//948 1030//1030 947//947
f 947//947 1030//1030 1021//1021
f 950//950 949//949 1025//1025
f 1027//1027 950//950 1025//1025
f 978//978 950//950 1027//1027
f 1029//1029 977//977 1027//1027
f 977//977 978//978 1027//1027
f 1030//1030 977//977 1029//1029
f 948//948 977//977 1030//1030
f 983//983 979//979 1031//1031
f 1031//1031 979//979 980//980
f 980//980 1032//1032 1031//1031
f 980//980 956//956 1032//1032
f 956//956 1033//1033 1032//1032
f 958//958 1033//1033 956//956
f 1034//1034 986//986 984//984
f 958//958 1035//1035 1033//1033
f 985//985 986//986 990//990
f 958//958 988//988 1035//1035
f 931//931 991//991 988//988
f 991//991 992//992 1036//1036
f 994//994 990//990 1037//1037
f 998//998 1038//1038 1039//1039
f 998//998 1000//1000 1038//1038
f 999//999 995//995 1040//1040
f 1040//1040 995//995 1041//1041
f 1042//1042 1038//1038 1043//1043
f 1000//1000 1001//1001 1038//1038
f 1002//1002 999//999 1040//1040
f 1001//1001 1043//1043 1038//1038
f 1001//1001 1003//1003 1043//1043
f 1003//1003 965//965 1005//1005
f 1044//1044 1005//1005 966//966
f 967//967 1044//1044 966//966
f 967//967 1045//1045 1044//1044
f 1007//1007 1004//1004 1046//1046
f 967//967 1006//1006 1045//1045
f 1010//1010 969//969 941//941
f 1010//1010 1047//1047 969//969
f 1048//1048 1008//1008 969//969
f 1047//1047 1048//1048 969//969
f 940//940 1009//1009 1012//1012
f 1049//1049 1011//1011 1007//1007
f 943//943 1014//1014 942//942
f 1050//1050 1011//1011 1049//1049
f 944//944 1015//1015 1013//1013
f 1015//1015 970//970 1051//1051
f 1050//1050 1016//1016 1011//1011
f 1016//1016 1050//1050 1052//1052
f 1053//1053 970//970 945//945
f 1016//1016 1052//1052 1054//1054
f 945//945 946//946 1055//1055
f 1016//1016 1054//1054 972//972
f 1055//1055 946//946 1056//1056
f 1056//1056 946//946 971//971
f 974//974 1057//1057 1018//1018
f 1023//1023 1020//1020 1019//1019
f 976//976 1058//1058 1059//1059
f 976//976 1059//1059 974//974
f 1059//1059 1057//1057 974//974
f 976//976 1022//1022 1058//1058
f 1023//1023 1019//1019 1024//1024
f 1060//1060 1061//1061 1024//1024
f 1029//1029 1028//1028 1062//1062
f 1029//1029 1062//1062 1021//1021
f 1062//1062 1022//1022 1021//1021
f 1024//1024 1061//1061 1026//1026
f 1021//1021 1030//1030 1029//1029
f 982//982 1034//1034 984//984
f 1034//1034 982//982 1063//1063
f 982//982 983//983 1063//1063
f 1031//1031 1064//1064 983//983
f 1064//1064 1063//1063 983//983
f 1032//1032 1033//1033 1031//1031
f 1065//1065 1064//1064 1031//1031
f 1033//1033 1065//1065 1031//1031
f 1034//1034 1066//1066 986//986
f 988//988 1067//1067 1035//1035
f 990//990 986//986 1066//1066
f 1068//1068 1066//1066 1034//1034
f 1063//1063 1068//1068 1034//1034
f 988//988 1069//1069 1067//1067
f 1066//1066 1070//1070 990//990
f 991//991 1069//1069 988//988
f 1037//1037 990//990 1070//1070
f 1036//1036 1071//1071 1069//1069
f 1036//1036 1069//1069 991//991
f 1070//1070 1072//1072 1037//1037
f 1036//1036 1073//1073 1071//1071
f 1072//1072 1074//1074 1037//1037
f 992//992 1073//1073 1036//1036
f 1037//1037 1074//1074 994//994
f 996//996 1073//1073 992//992
f 996//996 997//997 1073//1073
f 994//994 1075//1075 995//995
f 1075//1075 994//994 1074//1074
f 997//997 1039//1039 1073//1073
f 997//997 998//998 1039//1039
f 995//995 1075//1075 1041//1041
f 1042//1042 1039//1039 1038//1038
f 1076//1076 1043//1043 1003//1003
f 1002//1002 1077//1077 1004//1004
f 1002//1002 1040//1040 1077//1077
f 1076//1076 1003//1003 1005//1005
f 1076//1076 1005//1005 1078//1078
f 1046//1046 1004//1004 1077//1077
f 1044//1044 1078//1078 1005//1005
f 1006//1006 1079//1079 1045//1045
f 1006//1006 1008//1008 1079//1079
f 1046//1046 1049//1049 1007//1007
f 1008//1008 1048//1048 1079//1079
f 1079//1079 1048//1048 1080//1080
f 1014//1014 1012//1012 1009//1009
f 1047//1047 1010//1010 1081//1081
f 1050//1050 1049//1049 1082//1082
f 1083//1083 1013//1013 1015//1015
f 943//943 1013//1013 1083//1083
f 970//970 1053//1053 1084//1084
f 1084//1084 1051//1051 970//970
f 1082//1082 1052//1052 1050//1050
f 945//945 1085//1085 1053//1053
f 1085//1085 945//945 1055//1055
f 971//971 1086//1086 1056//1056
f 971//971 1018//1018 1086//1086
f 1087//1087 1086//1086 1018//1018
f 1018//1018 1057//1057 1087//1087
f 1022//1022 1088//1088 1058//1058
f 1019//1019 1060//1060 1024//1024
f 1061//1061 1089//1089 1026//1026
f 1026//1026 1089//1089 1028//1028
f 1028//1028 1089//1089 1062//1062
f 1022//1022 1062//1062 1088//1088
f 1063//1063 1064//1064 1090//1090
f 1065//1065 1033//1033 1035//1035
f 1068//1068 1063//1063 1090//1090
f 1065//1065 1091//1091 1064//1064
f 1091//1091 1090//1090 1064//1064
f 1035//1035 1091//1091 1065//1065
f 1090//1090 1092//1092 1068//1068
f 1067//1067 1093//1093 1035//1035
f 1093//1093 1091//1091 1035//1035
f 1091//1091 1094//1094 1090//1090
f 1069//1069 1071//1071 1067//1067
f 1067//1067 1071//1071 1093//1093
f 1090//1090 1095//1095 1092//1092
f 1094//1094 1095//1095 1090//1090
f 1093//1093 1094//1094 1091//1091
f 1066//1066 1068//1068 1096//1096
f 1092//1092 1096//1096 1068//1068
f 1097//1097 1094//1094 1093//1093
f 1071//1071 1098//1098 1093//1093
f 1098//1098 1097//1097 1093//1093
f 1072//1072 1070//1070 1096//1096
f 1070//1070 1066//1066 1096//1096
f 1095//1095 1099//1099 1092//1092
f 1099//1099 1096//1096 1092//1092
f 1094//1094 1099//1099 1095//1095
f 1100//1100 1099//1099 1094//1094
f 1100//1100 1094//1094 1097//1097
f 1073//1073 1101//1101 1071//1071
f 1071//1071 1101//1101 1098//1098
f 1102//1102 1072//1072 1096//1096
f 1103//1103 1102//1102 1096//1096
f 1099//1099 1103//1103 1096//1096
f 1074//1074 1072//1072 1104//1104
f 1097//1097 1098//1098 1105//1105
f 1073//1073 1039//1039 1101//1101
f 1106//1106 1075//1075 1074//1074
f 1072//1072 1102//1102 1104//1104
f 1101//1101 1107//1107 1098//1098
f 1107//1107 1105//1105 1098//1098
f 1041//1041 1075//1075 1106//1106
f 1104//1104 1106//1106 1074//1074
f 1102//1102 1108//1108 1104//1104
f 1039//1039 1107//1107 1101//1101
f 1109//1109 1107//1107 1039//1039
f 1110//1110 1104//1104 1108//1108
f 1041//1041 1106//1106 1111//1111
f 1039//1039 1042//1042 1109//1109
f 1041//1041 1111//1111 1040//1040
f 1106//1106 1112//1112 1111//1111
f 1104//1104 1112//1112 1106//1106
f 1110//1110 1112//1112 1104//1104
f 1113//1113 1109//1109 1042//1042
f 1110//1110 1114//1114 1112//1112
f 1111//1111 1115//1115 1040//1040
f 1112//1112 1115//1115 1111//1111
f 1116//1116 1042//1042 1043//1043
f 1040//1040 1115//1115 1077//1077
f 1114//1114 1117//1117 1112//1112
f 1076//1076 1116//1116 1043//1043
f 1112//1112 1117//1117 1115//1115
f 1116//1116 1076//1076 1118//1118
f 1119//1119 1077//1077 1115//1115
f 1117//1117 1119//1119 1115//1115
f 1078//1078 1118//1118 1076//1076
f 1120//1120 1119//1119 1117//1117
f 1077//1077 1121//1121 1046//1046
f 1119//1119 1121//1121 1077//1077
f 1078//1078 1044//1044 1122//1122
f 1044//1044 1045//1045 1122//1122
f 1122//1122 1045//1045 1123//1123
f 1045//1045 1079//1079 1123//1123
f 1123//1123 1079//1079 1080//1080
f 1121//1121 1049//1049 1046//1046
f 1080//1080 1048//1048 1124//1124
f 1121//1121 1125//1125 1049//1049
f 1012//1012 1126//1126 1010//1010
f 1126//1126 1081//1081 1010//1010
f 1047//1047 1081//1081 1124//1124
f 1047//1047 1124//1124 1048//1048
f 1121//1121 1127//1127 1125//1125
f 1014//1014 943//943 1128//1128
f 1014//1014 1126//1126 1012//1012
f 1124//1124 1081//1081 1129//1129
f 1049//1049 1125//1125 1082//1082
f 1083//1083 1128//1128 943//943
f 1128//1128 1126//1126 1014//1014
f 1081//1081 1126//1126 1130//1130
f 1131//1131 1082//1082 1125//1125
f 1131//1131 1125//1125 1127//1127
f 1082//1082 1131//1131 1052//1052
f 1052//1052 1131//1131 1054//1054
f 1131//1131 1132//1132 1054//1054
f 1132//1132 1133//1133 1054//1054
f 1054//1054 1133//1133 972//972
f 1134//1134 1055//1055 1056//1056
f 972//972 1133//1133 1017//1017
f 1017//1017 1133//1133 1135//1135
f 1136//1136 1137//1137 1135//1135
f 1135//1135 1019//1019 1017//1017
f 1137//1137 1019//1019 1135//1135
f 1061//1061 1060//1060 1137//1137
f 1057//1057 1138//1138 1087//1087
f 1060//1060 1019//1019 1137//1137
f 1139//1139 1089//1089 1061//1061
f 1058//1058 1140//1140 1059//1059
f 1140//1140 1141//1141 1059//1059
f 1057//1057 1059//1059 1138//1138
f 1059//1059 1141//1141 1138//1138
f 1142//1142 1088//1088 1139//1139
f 1088//1088 1089//1089 1139//1139
f 1140//1140 1088//1088 1142//1142
f 1058//1058 1088//1088 1140//1140
f 1088//1088 1062//1062 1089//1089
f 1103//1103 1099//1099 1143//1143
f 1143//1143 1099//1099 1144//1144
f 1100//1100 1145//1145 1099//1099
f 1145//1145 1144//1144 1099//1099
f 1100//1100 1097//1097 1145//1145
f 1146//1146 1103//1103 1143//1143
f 1145//1145 1097//1097 1147//1147
f 1105//1105 1147//1147 1097//1097
f 1102//1102 1103//1103 1148//1148
f 1146//1146 1148//1148 1103//1103
f 1149//1149 1150//1150 1143//1143
f 1144//1144 1149//1149 1143//1143
f 1143//1143 1150//1150 1146//1146
f 1107//1107 1151//1151 1105//1105
f 1108//1108 1102//1102 1152//1152
f 1152//1152 1102//1102 1148//1148
f 1108//1108 1152//1152 1110//1110
f 1148//1148 1153//1153 1152//1152
f 1152//1152 1153//1153 1110//1110
f 1153//1153 1114//1114 1110//1110
f 1153//1153 1154//1154 1114//1114
f 1113//1113 1042//1042 1155//1155
f 1042//1042 1116//1116 1155//1155
f 1117//1117 1114//1114 1156//1156
f 1156//1156 1114//1114 1154//1154
f 1154//1154 1157//1157 1156//1156
f 1117//1117 1156//1156 1120//1120
f 1157//1157 1120//1120 1156//1156
f 1157//1157 1158//1158 1120//1120
f 1116//1116 1118//1118 1159//1159
f 1158//1158 1119//1119 1120//1120
f 1078//1078 1122//1122 1159//1159
f 1118//1118 1078//1078 1159//1159
f 1160//1160 1119//1119 1158//1158
f 1121//1121 1119//1119 1160//1160
f 1122//1122 1123//1123 1161//1161
f 1160//1160 1162//1162 1121//1121
f 1123//1123 1080//1080 1161//1161
f 1163//1163 1161//1161 1080//1080
f 1163//1163 1080//1080 1124//1124
f 1121//1121 1162//1162 1127//1127
f 1164//1164 1127//1127 1162//1162
f 1081//1081 1130//1130 1129//1129
f 1128//1128 1165//1165 1126//1126
f 1129//1129 1130//1130 1166//1166
f 1015//1015 1167//1167 1083//1083
f 1167//1167 1168//1168 1083//1083
f 1128//1128 1083//1083 1168//1168
f 1167//1167 1015//1015 1051//1051
f 1167//1167 1051//1051 1169//1169
f 1170//1170 1131//1131 1127//1127
f 1132//1132 1131//1131 1170//1170
f 1053//1053 1085//1085 1171//1171
f 1055//1055 1134//1134 1085//1085
f 1133//1133 1136//1136 1135//1135
f 1133//1133 1132//1132 1136//1136
f 1056//1056 1172//1172 1134//1134
f 1056//1056 1086//1086 1172//1172
f 1086//1086 1087//1087 1173//1173
f 1061//1061 1137//1137 1139//1139
f 1139//1139 1137//1137 1174//1174
f 1173//1173 1087//1087 1138//1138
f 1140//1140 1142//1142 1175//1175
f 1142//1142 1139//1139 1175//1175
f 1145//1145 1149//1149 1144//1144
f 1149//1149 1145//1145 1176//1176
f 1176//1176 1145//1145 1147//1147
f 1147//1147 1105//1105 1151//1151
f 1146//1146 1150//1150 1177//1177
f 1151//1151 1176//1176 1147//1147
f 1151//1151 1107//1107 1178//1178
f 1148//1148 1146//1146 1179//1179
f 1179//1179 1146//1146 1177//1177
f 1107//1107 1109//1109 1178//1178
f 1153//1153 1148//1148 1180//1180
f 1179//1179 1180//1180 1148//1148
f 1109//1109 1113//1113 1178//1178
f 1113//1113 1181//1181 1178//1178
f 1113//1113 1155//1155 1181//1181
f 1154//1154 1153//1153 1182//1182
f 1155//1155 1183//1183 1181//1181
f 1182//1182 1157//1157 1154//1154
f 1184//1184 1183//1183 1155//1155
f 1116//1116 1184//1184 1155//1155
f 1157//1157 1185//1185 1158//1158
f 1184//1184 1116//1116 1186//1186
f 1116//1116 1159//1159 1186//1186
f 1187//1187 1186//1186 1159//1159
f 1188//1188 1186//1186 1187//1187
f 1122//1122 1161//1161 1187//1187
f 1159//1159 1122//1122 1187//1187
f 1163//1163 1187//1187 1161//1161
f 1163//1163 1189//1189 1187//1187
f 1163//1163 1129//1129 1189//1189
f 1124//1124 1129//1129 1163//1163
f 1164//1164 1162//1162 1190//1190
f 1126//1126 1165//1165 1130//1130
f 1128//1128 1168//1168 1165//1165
f 1168//1168 1191//1191 1165//1165
f 1165//1165 1191//1191 1130//1130
f 1191//1191 1192//1192 1130//1130
f 1166//1166 1130//1130 1192//1192
f 1164//1164 1170//1170 1127//1127
f 1051//1051 1084//1084 1169//1169
f 1193//1193 1084//1084 1053//1053
f 1193//1193 1053//1053 1171//1171
f 1085//1085 1134//1134 1171//1171
f 1171//1171 1134//1134 1194//1194
f 1137//1137 1136//1136 1195//1195
f 1086//1086 1173//1173 1172//1172
f 1137//1137 1195//1195 1174//1174
f 1173//1173 1138//1138 1196//1196
f 1138//1138 1197//1197 1196//1196
f 1141//1141 1140//1140 1198//1198
f 1140//1140 1175//1175 1198//1198
f 1197//1197 1138//1138 1141//1141
f 1197//1197 1141//1141 1199//1199
f 1177//1177 1150//1150 1200//1200
f 1150//1150 1149//1149 1200//1200
f 1200//1200 1149//1149 1201//1201
f 1176//1176 1201//1201 1149//1149
f 1202//1202 1201//1201 1176//1176
f 1176//1176 1151//1151 1202//1202
f 1203//1203 1177//1177 1200//1200
f 1151//1151 1178//1178 1202//1202
f 1179//1179 1177//1177 1203//1203
f 1201//1201 1204//1204 1200//1200
f 1178//1178 1205//1205 1202//1202
f 1203//1203 1206//1206 1179//1179
f 1207//1207 1203//1203 1200//1200
f 1204//1204 1207//1207 1200//1200
f 1202//1202 1208//1208 1201//1201
f 1206//1206 1180//1180 1179//1179
f 1204//1204 1208//1208 1207//1207
f 1201//1201 1208//1208 1204//1204
f 1205//1205 1209//1209 1202//1202
f 1209//1209 1208//1208 1202//1202
f 1178//1178 1181//1181 1205//1205
f 1153//1153 1180//1180 1182//1182
f 1181//1181 1210//1210 1205//1205
f 1180//1180 1211//1211 1182//1182
f 1212//1212 1180//1180 1206//1206
f 1209//1209 1205//1205 1210//1210
f 1212//1212 1211//1211 1180//1180
f 1181//1181 1213//1213 1210//1210
f 1181//1181 1183//1183 1213//1213
f 1214//1214 1210//1210 1213//1213
f 1157//1157 1182//1182 1185//1185
f 1211//1211 1185//1185 1182//1182
f 1158//1158 1185//1185 1215//1215
f 1216//1216 1215//1215 1185//1185
f 1183//1183 1217//1217 1213//1213
f 1158//1158 1215//1215 1160//1160
f 1218//1218 1217//1217 1183//1183
f 1184//1184 1218//1218 1183//1183
f 1184//1184 1186//1186 1218//1218
f 1160//1160 1215//1215 1219//1219
f 1220//1220 1215//1215 1216//1216
f 1160//1160 1190//1190 1162//1162
f 1219//1219 1190//1190 1160//1160
f 1218//1218 1186//1186 1221//1221
f 1186//1186 1188//1188 1221//1221
f 1219//1219 1215//1215 1222//1222
f 1223//1223 1221//1221 1188//1188
f 1187//1187 1189//1189 1188//1188
f 1164//1164 1190//1190 1219//1219
f 1224//1224 1219//1219 1222//1222
f 1225//1225 1223//1223 1188//1188
f 1189//1189 1225//1225 1188//1188
f 1224//1224 1164//1164 1219//1219
f 1226//1226 1225//1225 1189//1189
f 1227//1227 1226//1226 1189//1189
f 1189//1189 1129//1129 1227//1227
f 1227//1227 1129//1129 1166//1166
f 1192//1192 1228//1228 1166//1166
f 1227//1227 1166//1166 1228//1228
f 1169//1169 1229//1229 1167//1167
f 1167//1167 1229//1229 1168//1168
f 1229//1229 1230//1230 1168//1168
f 1168//1168 1230//1230 1191//1191
f 1230//1230 1231//1231 1191//1191
f 1191//1191 1231//1231 1192//1192
f 1231//1231 1232//1232 1192//1192
f 1192//1192 1232//1232 1228//1228
f 1224//1224 1170//1170 1164//1164
f 1233//1233 1170//1170 1224//1224
f 1234//1234 1170//1170 1233//1233
f 1170//1170 1136//1136 1132//1132
f 1234//1234 1235//1235 1170//1170
f 1235//1235 1136//1136 1170//1170
f 1236//1236 1136//1136 1235//1235
f 1134//1134 1172//1172 1194//1194
f 1136//1136 1236//1236 1195//1195
f 1236//1236 1174//1174 1195//1195
f 1236//1236 1237//1237 1174//1174
f 1237//1237 1175//1175 1174//1174
f 1237//1237 1238//1238 1175//1175
f 1175//1175 1139//1139 1174//1174
f 1238//1238 1198//1198 1175//1175
f 1141//1141 1198//1198 1199//1199
f 1203//1203 1239//1239 1206//1206
f 1208//1208 1209//1209 1240//1240
f 1212//1212 1206//1206 1239//1239
f 1203//1203 1241//1241 1239//1239
f 1207//1207 1241//1241 1203//1203
f 1242//1242 1241//1241 1207//1207
f 1208//1208 1242//1242 1207//1207
f 1240//1240 1242//1242 1208//1208
f 1209//1209 1210//1210 1240//1240
f 1240//1240 1210//1210 1243//1243
f 1211//1211 1212//1212 1216//1216
f 1214//1214 1243//1243 1210//1210
f 1185//1185 1211//1211 1216//1216
f 1213//1213 1217//1217 1214//1214
f 1244//1244 1214//1214 1217//1217
f 1220//1220 1216//1216 1245//1245
f 1220//1220 1222//1222 1215//1215
f 1217//1217 1218//1218 1246//1246
f 1246//1246 1218//1218 1221//1221
f 1221//1221 1223//1223 1246//1246
f 1223//1223 1247//1247 1246//1246
f 1248//1248 1222//1222 1249//1249
f 1248//1248 1224//1224 1222//1222
f 1250//1250 1247//1247 1225//1225
f 1223//1223 1225//1225 1247//1247
f 1251//1251 1250//1250 1225//1225
f 1226//1226 1251//1251 1225//1225
f 1227//1227 1251//1251 1226//1226
f 1228//1228 1252//1252 1251//1251
f 1227//1227 1228//1228 1251//1251
f 1248//1248 1233//1233 1224//1224
f 1253//1253 1252//1252 1232//1232
f 1228//1228 1232//1232 1252//1252
f 1169//1169 1254//1254 1229//1229
f 1255//1255 1230//1230 1229//1229
f 1230//1230 1255//1255 1256//1256
f 1253//1253 1230//1230 1256//1256
f 1231//1231 1230//1230 1253//1253
f 1232//1232 1231//1231 1253//1253
f 1169//1169 1084//1084 1254//1254
f 1229//1229 1254//1254 1255//1255
f 1193//1193 1257//1257 1084//1084
f 1258//1258 1084//1084 1257//1257
f 1254//1254 1084//1084 1258//1258
f 1234//1234 1233//1233 1259//1259
f 1193//1193 1171//1171 1260//1260
f 1193//1193 1260//1260 1257//1257
f 1171//1171 1261//1261 1260//1260
f 1234//1234 1262//1262 1235//1235
f 1171//1171 1194//1194 1261//1261
f 1194//1194 1172//1172 1263//1263
f 1262//1262 1264//1264 1235//1235
f 1264//1264 1236//1236 1235//1235
f 1172//1172 1265//1265 1263//1263
f 1173//1173 1266//1266 1172//1172
f 1266//1266 1265//1265 1172//1172
f 1196//1196 1266//1266 1173//1173
f 1196//1196 1197//1197 1267//1267
f 1267//1267 1266//1266 1196//1196
f 1238//1238 1268//1268 1198//1198
f 1267//1267 1197//1197 1199//1199
f 1242//1242 1240//1240 1269//1269
f 1270//1270 1242//1242 1269//1269
f 1242//1242 1270//1270 1241//1241
f 1241//1241 1271//1271 1239//1239
f 1270//1270 1271//1271 1241//1241
f 1239//1239 1272//1272 1212//1212
f 1271//1271 1272//1272 1239//1239
f 1240//1240 1243//1243 1269//1269
f 1214//1214 1244//1244 1243//1243
f 1212//1212 1272//1272 1216//1216
f 1244//1244 1269//1269 1243//1243
f 1216//1216 1272//1272 1245//1245
f 1217//1217 1246//1246 1244//1244
f 1220//1220 1245//1245 1222//1222
f 1244//1244 1246//1246 1273//1273
f 1222//1222 1245//1245 1249//1249
f 1246//1246 1247//1247 1273//1273
f 1274//1274 1245//1245 1275//1275
f 1274//1274 1249//1249 1245//1245
f 1250//1250 1276//1276 1273//1273
f 1247//1247 1250//1250 1273//1273
f 1277//1277 1276//1276 1278//1278
f 1276//1276 1252//1252 1278//1278
f 1251//1251 1252//1252 1276//1276
f 1250//1250 1251//1251 1276//1276
f 1252//1252 1279//1279 1278//1278
f 1253//1253 1280//1280 1279//1279
f 1252//1252 1253//1253 1279//1279
f 1248//1248 1259//1259 1233//1233
f 1259//1259 1248//1248 1249//1249
f 1281//1281 1280//1280 1255//1255
f 1280//1280 1256//1256 1255//1255
f 1253//1253 1256//1256 1280//1280
f 1281//1281 1255//1255 1254//1254
f 1194//1194 1263//1263 1282//1282
f 1194//1194 1282//1282 1261//1261
f 1263//1263 1265//1265 1283//1283
f 1265//1265 1266//1266 1283//1283
f 1236//1236 1264//1264 1237//1237
f 1266//1266 1267//1267 1284//1284
f 1238//1238 1237//1237 1268//1268
f 1198//1198 1268//1268 1199//1199
f 1285//1285 1267//1267 1199//1199
f 1268//1268 1285//1285 1199//1199
f 1270//1270 1269//1269 1286//1286
f 1271//1271 1270//1270 1286//1286
f 1287//1287 1271//1271 1286//1286
f 1271//1271 1287//1287 1272//1272
f 1288//1288 1289//1289 1286//1286
f 1269//1269 1288//1288 1286//1286
f 1288//1288 1269//1269 1244//1244
f 1272//1272 1287//1287 1290//1290
f 1290//1290 1287//1287 1291//1291
f 1292//1292 1291//1291 1287//1287
f 1286//1286 1292//1292 1287//1287
f 1289//1289 1292//1292 1286//1286
f 1272//1272 1275//1275 1245//1245
f 1272//1272 1290//1290 1275//1275
f 1288//1288 1293//1293 1289//1289
f 1244//1244 1294//1294 1288//1288
f 1291//1291 1295//1295 1290//1290
f 1292//1292 1295//1295 1291//1291
f 1296//1296 1292//1292 1289//1289
f 1293//1293 1296//1296 1289//1289
f 1294//1294 1293//1293 1288//1288
f 1244//1244 1273//1273 1294//1294
f 1290//1290 1295//1295 1275//1275
f 1295//1295 1297//1297 1275//1275
f 1292//1292 1298//1298 1295//1295
f 1299//1299 1293//1293 1294//1294
f 1294//1294 1273//1273 1299//1299
f 1274//1274 1275//1275 1297//1297
f 1300//1300 1297//1297 1295//1295
f 1298//1298 1300//1300 1295//1295
f 1296//1296 1301//1301 1292//1292
f 1293//1293 1299//1299 1296//1296
f 1273//1273 1276//1276 1299//1299
f 1301//1301 1298//1298 1292//1292
f 1299//1299 1302//1302 1296//1296
f 1300//1300 1303//1303 1297//1297
f 1298//1298 1304//1304 1300//1300
f 1304//1304 1303//1303 1300//1300
f 1299//1299 1277//1277 1302//1302
f 1276//1276 1277//1277 1299//1299
f 1301//1301 1304//1304 1298//1298
f 1296//1296 1305//1305 1301//1301
f 1302//1302 1305//1305 1296//1296
f 1277//1277 1278//1278 1302//1302
f 1274//1274 1306//1306 1249//1249
f 1297//1297 1306//1306 1274//1274
f 1303//1303 1307//1307 1297//1297
f 1308//1308 1307//1307 1303//1303
f 1308//1308 1303//1303 1304//1304
f 1309//1309 1304//1304 1301//1301
f 1278//1278 1305//1305 1302//1302
f 1308//1308 1304//1304 1310//1310
f 1309//1309 1310//1310 1304//1304
f 1305//1305 1311//1311 1301//1301
f 1311//1311 1309//1309 1301//1301
f 1312//1312 1311//1311 1305//1305
f 1279//1279 1280//1280 1312//1312
f 1279//1279 1312//1312 1278//1278
f 1278//1278 1312//1312 1305//1305
f 1306//1306 1313//1313 1249//1249
f 1306//1306 1297//1297 1307//1307
f 1309//1309 1311//1311 1314//1314
f 1281//1281 1315//1315 1312//1312
f 1312//1312 1315//1315 1311//1311
f 1280//1280 1281//1281 1312//1312
f 1249//1249 1313//1313 1259//1259
f 1315//1315 1314//1314 1311//1311
f 1316//1316 1314//1314 1315//1315
f 1281//1281 1254//1254 1315//1315
f 1317//1317 1306//1306 1318//1318
f 1319//1319 1316//1316 1258//1258
f 1315//1315 1254//1254 1316//1316
f 1258//1258 1316//1316 1254//1254
f 1306//1306 1320//1320 1313//1313
f 1317//1317 1320//1320 1306//1306
f 1257//1257 1319//1319 1258//1258
f 1313//1313 1262//1262 1259//1259
f 1321//1321 1319//1319 1257//1257
f 1259//1259 1262//1262 1234//1234
f 1320//1320 1262//1262 1313//1313
f 1320//1320 1322//1322 1262//1262
f 1260//1260 1261//1261 1321//1321
f 1260//1260 1321//1321 1257//1257
f 1264//1264 1262//1262 1323//1323
f 1323//1323 1262//1262 1322//1322
f 1324//1324 1322//1322 1320//1320
f 1263//1263 1283//1283 1282//1282
f 1324//1324 1325//1325 1322//1322
f 1325//1325 1323//1323 1322//1322
f 1325//1325 1326//1326 1327//1327
f 1324//1324 1326//1326 1325//1325
f 1327//1327 1328//1328 1284//1284
f 1284//1284 1283//1283 1266//1266
f 1284//1284 1328//1328 1283//1283
f 1329//1329 1283//1283 1328//1328
f 1282//1282 1283//1283 1329//1329
f 1264//1264 1323//1323 1237//1237
f 1268//1268 1237//1237 1323//1323
f 1268//1268 1323//1323 1325//1325
f 1285//1285 1268//1268 1327//1327
f 1327//1327 1268//1268 1325//1325
f 1284//1284 1285//1285 1327//1327
f 1267//1267 1285//1285 1284//1284
f 1307//1307 1318//1318 1306//1306
f 1318//1318 1307//1307 1330//1330
f 1308//1308 1331//1331 1307//1307
f 1331//1331 1330//1330 1307//1307
f 1310//1310 1331//1331 1308//1308
f 1332//1332 1331//1331 1310//1310
f 1309//1309 1314//1314 1310//1310
f 1333//1333 1331//1331 1332//1332
f 1314//1314 1332//1332 1310//1310
f 1316//1316 1319//1319 1314//1314
f 1330//1330 1317//1317 1318//1318
f 1314//1314 1333//1333 1332//1332
f 1319//1319 1333//1333 1314//1314
f 1330//1330 1334//1334 1317//1317
f 1319//1319 1321//1321 1335//1335
f 1319//1319 1335//1335 1333//1333
f 1317//1317 1336//1336 1320//1320
f 1334//1334 1336//1336 1317//1317
f 1321//1321 1337//1337 1335//1335
f 1324//1324 1320//1320 1336//1336
f 1338//1338 1321//1321 1261//1261
f 1338//1338 1339//1339 1321//1321
f 1339//1339 1337//1337 1321//1321
f 1340//1340 1324//1324 1336//1336
f 1338//1338 1261//1261 1282//1282
f 1340//1340 1326//1326 1324//1324
f 1341//1341 1326//1326 1340//1340
f 1340//1340 1342//1342 1341//1341
f 1339//1339 1329//1329 1342//1342
f 1338//1338 1329//1329 1339//1339
f 1338//1338 1282//1282 1329//1329
f 1341//1341 1327//1327 1326//1326
f 1328//1328 1327//1327 1341//1341
f 1342//1342 1328//1328 1341//1341
f 1329//1329 1328//1328 1342//1342
f 1331//1331 1343//1343 1330//1330
f 1343//1343 1334//1334 1330//1330
f 1333//1333 1343//1343 1331//1331
f 1333//1333 1335//1335 1343//1343
f 1335//1335 1344//1344 1343//1343
f 1343//1343 1345//1345 1334//1334
f 1344//1344 1346//1346 1343//1343
f 1346//1346 1345//1345 1343//1343
f 1344//1344 1347//1347 1346//1346
f 1337//1337 1347//1347 1344//1344
f 1335//1335 1337//1337 1344//1344
f 1336//1336 1334//1334 1345//1345
f 1339//1339 1347//1347 1337//1337
f 1336//1336 1345//1345 1340//1340
f 1346//1346 1342//1342 1345//1345
f 1342//1342 1340//1340 1345//1345
f 1339//1339 1342//1342 1347//1347
f 1347//1347 1342//1342 1346//1346
