# Generated by Visualization Toolkit
v -190.23321533203125 -61.878421783447266 343.2935485839844
v -188.28204345703125 -63.12590408325195 343.2777404785156
v -189.3810577392578 -63.602413177490234 342.78326416015625
v -190.40782165527344 -63.978912353515625 342.68499755859375
v -191.40362548828125 -62.979461669921875 343.630859375
v -188.61192321777344 -65.63837432861328 342.7265319824219
v -187.8636016845703 -66.07354736328125 343.1565246582031
v -190.7496795654297 -65.04679870605469 343.0105895996094
v -191.3944854736328 -64.89623260498047 343.6053161621094
v -192.1536865234375 -62.88971710205078 344.6257629394531
v -189.5302276611328 -66.50741577148438 342.87066650390625
v -188.78451538085938 -67.57994842529297 343.3424072265625
v -190.25595092773438 -68.9071044921875 344.5158386230469
v -176.7996826171875 -93.02961730957031 343.0066833496094
v -175.2742919921875 -92.16903686523438 343.1707458496094
v -175.4523468017578 -93.301513671875 343.2649230957031
v -176.31764221191406 -94.48395538330078 344.1170959472656
v -177.28207397460938 -93.90345001220703 343.38751220703125
v -178.6044464111328 -94.94026184082031 345.0452880859375
v -189.88682556152344 -59.890472412109375 345.15753173828125
v -191.18629455566406 -60.7259521484375 344.95220947265625
v -190.86317443847656 -59.235755920410156 346.74908447265625
v -187.0913543701172 -61.44761657714844 344.8628845214844
v -188.5092315673828 -61.497257232666016 344.07550048828125
v -188.121337890625 -60.264129638671875 345.330078125
v -186.72703552246094 -63.935020446777344 344.5874328613281
v -186.1710205078125 -61.76385498046875 345.8486022949219
v -192.67486572265625 -63.18880081176758 345.6234130859375
v -192.10528564453125 -64.76235961914062 345.02740478515625
v -185.46482849121094 -64.54542541503906 346.57562255859375
v -186.26080322265625 -66.9499282836914 346.2378845214844
v -187.5350799560547 -67.78659057617188 344.46240234375
v -188.23367309570312 -69.0203857421875 344.7799987792969
v -189.45767211914062 -70.40704345703125 344.93426513671875
v -191.2397918701172 -68.66568756103516 345.675048828125
v -190.28302001953125 -70.73529815673828 345.1958923339844
v -173.88546752929688 -87.75214385986328 344.9892578125
v -172.60252380371094 -87.06778717041016 346.42279052734375
v -173.2752227783203 -88.94800567626953 344.8564147949219
v -175.0182342529297 -88.63800048828125 344.4051818847656
v -196.36221313476562 -89.3829574584961 344.3671875
v -196.1115264892578 -87.36951446533203 344.77734375
v -194.99502563476562 -87.46843719482422 345.216552734375
v -194.74618530273438 -88.9034652709961 345.39593505859375
v -197.4834442138672 -87.42719268798828 344.8070983886719
v -197.71148681640625 -89.23881530761719 344.192138671875
v -199.6646728515625 -87.5274429321289 345.5420227050781
v -198.88369750976562 -89.76793670654297 344.2509460449219
v -200.56951904296875 -87.2261734008789 346.3424987792969
v -200.14852905273438 -89.59550476074219 344.87542724609375
v -201.93441772460938 -89.32511138916016 346.4762268066406
v -173.3023681640625 -89.75064849853516 344.403076171875
v -174.46102905273438 -90.72159576416016 344.08697509765625
v -176.12112426757812 -90.73883819580078 343.77581787109375
v -177.67848205566406 -92.32015991210938 343.6012268066406
v -177.0176544189453 -89.12610626220703 344.5306701660156
v -180.5377655029297 -91.5317153930664 344.83941650390625
v -179.264892578125 -89.67916107177734 344.9748229980469
v -196.1831512451172 -91.4501953125 344.6405944824219
v -194.70628356933594 -90.92398071289062 346.14495849609375
v -197.35340881347656 -91.27793884277344 344.1121520996094
v -200.83746337890625 -90.67650604248047 345.3617248535156
v -172.68104553222656 -88.93319702148438 346.8623352050781
v -173.8388671875 -90.56197357177734 345.84381103515625
v -174.95030212402344 -92.4378433227539 344.6875915527344
v -196.46963500976562 -93.4676284790039 345.0538330078125
v -198.2571563720703 -92.45196533203125 344.3501281738281
v -199.41012573242188 -92.12828063964844 344.6261291503906
v -181.37635803222656 -93.47201538085938 345.37554931640625
v -200.123779296875 -93.11651611328125 345.6485595703125
v -175.786376953125 -93.8659896850586 344.6545715332031
v -179.04881286621094 -94.46577453613281 344.61297607421875
v -197.73623657226562 -94.57405090332031 345.5967102050781
v -199.25653076171875 -94.34263610839844 345.8289794921875
v -177.45179748535156 -94.91460418701172 345.6900939941406
v -178.77268981933594 -95.2954330444336 346.3598937988281
v -181.56639099121094 -94.61617279052734 346.3705139160156
v -198.52069091796875 -95.2131118774414 346.499267578125
v -188.8638153076172 -58.628902435302734 347.90264892578125
v -186.14866638183594 -60.195831298828125 347.383544921875
v -187.9373321533203 -58.81630325317383 348.1456604003906
v -185.14517211914062 -61.47019577026367 347.63360595703125
v -192.55807495117188 -61.588897705078125 346.28204345703125
v -191.4939422607422 -59.43946075439453 347.8935852050781
v -185.1051025390625 -62.37773895263672 347.2225646972656
v -192.9284210205078 -61.61277389526367 347.943603515625
v -193.1036376953125 -62.68305969238281 347.8775939941406
v -184.43804931640625 -63.64552307128906 349.1604309082031
v -192.52664184570312 -64.70370483398438 346.9344482421875
v -184.95053100585938 -65.55865478515625 348.1823425292969
v -191.97267150878906 -67.81868743896484 347.4784851074219
v -187.66256713867188 -71.21427154541016 347.3534851074219
v -188.76461791992188 -72.04901885986328 346.64337158203125
v -190.84303283691406 -71.58881378173828 346.4220886230469
v -191.38653564453125 -71.19700622558594 347.3426208496094
v -188.8725128173828 -76.62969207763672 348.40557861328125
v -189.9316864013672 -72.21236419677734 346.21185302734375
v -189.39907836914062 -75.76697540283203 347.59954833984375
v -189.69703674316406 -74.38875579833984 347.0697326660156
v -190.6405487060547 -73.86566162109375 347.1942138671875
v -191.29779052734375 -75.2484359741211 348.30877685546875
v -190.26844787597656 -77.41881561279297 347.9021911621094
v -190.5089569091797 -76.31268310546875 347.7574768066406
v -191.59584045410156 -78.03630065917969 348.8226318359375
v -190.9819793701172 -78.87810516357422 348.7670593261719
v -193.96786499023438 -82.2446517944336 347.8450622558594
v -192.47877502441406 -80.48766326904297 348.9023132324219
v -192.73052978515625 -82.27403259277344 348.13275146484375
v -194.14651489257812 -81.46558380126953 348.6020202636719
v -195.13058471679688 -85.0794906616211 346.0332946777344
v -193.35122680664062 -84.77510833740234 346.8500671386719
v -197.38499450683594 -84.61221313476562 347.0781555175781
v -196.99819946289062 -85.28916931152344 346.1557312011719
v -176.66432189941406 -86.498046875 346.17181396484375
v -178.92491149902344 -86.47602844238281 346.66015625
v -178.43618774414062 -84.44400024414062 348.48681640625
v -175.52633666992188 -85.4103775024414 347.1452331542969
v -180.94265747070312 -85.47523498535156 348.0631103515625
v -193.1413116455078 -86.69817352294922 346.97845458984375
v -191.49240112304688 -82.95821380615234 349.0921936035156
v -194.2406463623047 -85.2463150024414 346.16522216796875
v -196.91943359375 -83.55362701416016 348.4922180175781
v -200.03431701660156 -86.32778930664062 347.2492980957031
v -172.34466552734375 -85.74789428710938 348.1479187011719
v -171.5396728515625 -86.54228973388672 348.3204650878906
v -173.6982421875 -85.78681182861328 347.1443176269531
v -182.24139404296875 -86.82716369628906 347.4752502441406
v -180.57135009765625 -87.50454711914062 346.4937744140625
v -183.58242797851562 -88.2712631225586 347.32025146484375
v -171.42225646972656 -86.96953582763672 348.3963928222656
v -181.77598571777344 -89.14884948730469 346.2500305175781
v -193.57882690429688 -88.95272064208984 346.90869140625
v -191.6158905029297 -85.49073791503906 349.27264404296875
v -193.15765380859375 -89.59001922607422 348.2444152832031
v -201.96009826660156 -88.20433044433594 347.3507080078125
v -203.1593017578125 -89.1520767211914 348.08514404296875
v -182.95994567871094 -90.45895385742188 346.61248779296875
v -184.42791748046875 -89.48282623291016 347.8487548828125
v -202.4532012939453 -90.43048858642578 347.1806640625
v -203.34866333007812 -90.13475036621094 348.9495544433594
v -176.31643676757812 -93.06544494628906 350.30157470703125
v -182.55921936035156 -92.1037368774414 346.2876281738281
v -184.17271423339844 -91.4539566040039 347.8561096191406
v -194.32803344726562 -91.8197021484375 348.0570068359375
v -202.1920928955078 -92.30236053466797 348.5080871582031
v -183.3347930908203 -92.99186706542969 347.35980224609375
v -196.2324981689453 -93.83607482910156 346.3442687988281
v -200.67201232910156 -93.9322509765625 347.1057434082031
v -176.99208068847656 -94.22725677490234 348.22735595703125
v -182.42788696289062 -94.66619873046875 347.5562438964844
v -197.85012817382812 -95.51757049560547 347.377197265625
v -196.78509521484375 -94.81471252441406 348.1193542480469
v -180.29563903808594 -95.53653717041016 347.6213684082031
v -198.83409118652344 -96.42308807373047 347.85284423828125
v -199.58518981933594 -95.44163513183594 347.6398620605469
v -188.6575164794922 -58.08095169067383 350.8832092285156
v -190.34835815429688 -58.293209075927734 349.6062316894531
v -186.34181213378906 -59.106895446777344 350.42120361328125
v -185.13381958007812 -60.50642776489258 348.943115234375
v -184.40284729003906 -62.01717758178711 349.98095703125
v -192.2683868408203 -60.149818420410156 350.3387756347656
v -192.77536010742188 -63.283103942871094 349.46905517578125
v -192.504150390625 -65.57129669189453 349.2149963378906
v -184.2771759033203 -64.5989990234375 350.43359375
v -186.25611877441406 -69.83131408691406 349.5780334472656
v -191.88609313964844 -70.1626968383789 349.0041198730469
v -186.9330291748047 -71.0871353149414 348.6834411621094
v -187.58059692382812 -74.50425720214844 349.30194091796875
v -191.8510284423828 -75.70919036865234 349.6771545410156
v -187.77796936035156 -77.01434326171875 350.123779296875
v -192.54959106445312 -78.24421691894531 350.02490234375
v -189.43508911132812 -78.66525268554688 349.25445556640625
v -190.44454956054688 -80.67594909667969 349.5155944824219
v -193.00440979003906 -79.77037048339844 349.726318359375
v -191.57162475585938 -80.81175994873047 348.9088439941406
v -194.28408813476562 -80.99369812011719 350.04693603515625
v -175.7731170654297 -84.41387939453125 348.5428771972656
v -178.3853759765625 -83.70411682128906 349.9115295410156
v -174.04080200195312 -84.24059295654297 349.6000671386719
v -172.89723205566406 -84.82331848144531 350.0198974609375
v -200.04141235351562 -85.81013488769531 348.3589172363281
v -196.79202270507812 -83.10777282714844 350.0646057128906
v -185.00927734375 -85.59769439697266 350.39886474609375
v -185.30494689941406 -87.70755004882812 349.4588317871094
v -201.8134002685547 -87.41030883789062 348.3489685058594
v -172.01248168945312 -88.0440673828125 349.6771545410156
v -186.14459228515625 -88.83226013183594 350.32958984375
v -191.30224609375 -86.36144256591797 350.3597412109375
v -191.5890655517578 -87.99256134033203 351.3880310058594
v -174.55210876464844 -90.8589096069336 350.8608093261719
v -185.1669158935547 -90.97173309326172 348.97613525390625
v -203.5012969970703 -90.47071075439453 351.02490234375
v -193.26742553710938 -90.7874755859375 350.39605712890625
v -202.36756896972656 -93.20602416992188 350.82684326171875
v -184.19873046875 -92.76387023925781 349.0123291015625
v -185.19622802734375 -92.1077651977539 350.8590393066406
v -194.62281799316406 -92.75635528564453 350.18255615234375
v -200.8478546142578 -94.49715423583984 348.4498596191406
v -178.1051788330078 -94.75863647460938 350.5140075683594
v -182.54331970214844 -94.79508209228516 349.09197998046875
v -179.13670349121094 -95.30979919433594 349.928955078125
v -181.486328125 -95.38169860839844 349.8238830566406
v -196.66433715820312 -94.8285140991211 350.3910827636719
v -198.05038452148438 -95.82279968261719 349.18389892578125
v -198.93667602539062 -96.36920928955078 348.9808654785156
v -200.09762573242188 -95.60101318359375 349.85198974609375
v -186.84539794921875 -58.29841613769531 352.99835205078125
v -191.62408447265625 -59.04191970825195 352.46075439453125
v -185.47584533691406 -59.442386627197266 352.6799011230469
v -192.6069793701172 -61.42798614501953 350.93798828125
v -183.80599975585938 -63.130855560302734 352.571044921875
v -184.1911163330078 -64.87571716308594 352.3905029296875
v -192.5806121826172 -64.9140853881836 351.3813781738281
v -185.72274780273438 -69.0965805053711 351.38818359375
v -192.09991455078125 -70.00672149658203 350.99908447265625
v -186.77474975585938 -73.38836669921875 350.6247863769531
v -186.28749084472656 -72.46949005126953 351.933349609375
v -192.1309051513672 -74.5808334350586 351.2393798828125
v -192.54660034179688 -77.03147888183594 351.9358825683594
v -187.32308959960938 -78.47957611083984 351.295654296875
v -193.8894500732422 -80.27884674072266 351.88372802734375
v -190.33401489257812 -84.6972885131836 350.89385986328125
v -173.81561279296875 -84.17281341552734 351.05743408203125
v -178.78286743164062 -83.18997955322266 352.40948486328125
v -179.93992614746094 -83.2746810913086 351.181640625
v -181.04725646972656 -83.92681884765625 350.1280822753906
v -171.9836883544922 -86.17294311523438 352.42657470703125
v -182.73797607421875 -83.03599548339844 351.6820983886719
v -183.9276885986328 -83.23078918457031 351.84857177734375
v -200.23294067382812 -85.60078430175781 350.3179626464844
v -197.18759155273438 -83.3725357055664 352.638916015625
v -171.8618621826172 -86.72914123535156 352.86102294921875
v -187.0778045654297 -87.45458221435547 351.7366027832031
v -186.6236114501953 -85.92379760742188 351.6391296386719
v -202.28855895996094 -87.53919219970703 350.67877197265625
v -203.2233428955078 -89.22273254394531 352.2730407714844
v -186.28244018554688 -89.8083267211914 351.16583251953125
v -191.78439331054688 -88.9599609375 352.74981689453125
v -202.41490173339844 -93.3521957397461 352.03289794921875
v -177.29592895507812 -93.62608337402344 353.1344909667969
v -182.46385192871094 -94.52454376220703 351.8961486816406
v -183.874267578125 -93.46354675292969 352.74945068359375
v -195.43301391601562 -93.82331085205078 351.9073486328125
v -180.4656982421875 -95.38392639160156 350.5514221191406
v -197.43617248535156 -95.27061462402344 352.23455810546875
v -199.02886962890625 -95.81067657470703 350.8121337890625
v -187.53968811035156 -57.93510437011719 355.4835510253906
v -188.65682983398438 -57.672142028808594 355.6034851074219
v -189.6294403076172 -57.716854095458984 355.9205627441406
v -190.67843627929688 -58.17597961425781 355.0439453125
v -184.26353454589844 -60.70474624633789 354.0353698730469
v -183.77517700195312 -61.684505462646484 353.6073303222656
v -183.58877563476562 -62.743141174316406 354.6463928222656
v -185.37185668945312 -68.28942108154297 353.85955810546875
v -192.28700256347656 -68.51487731933594 354.0217590332031
v -185.7274932861328 -69.97970581054688 354.3667297363281
v -185.89163208007812 -71.78275299072266 354.5596923828125
v -192.22763061523438 -72.72067260742188 353.68096923828125
v -185.9219512939453 -75.38780212402344 353.676513671875
v -192.4308624267578 -75.72062683105469 354.1988830566406
v -186.49716186523438 -76.43050384521484 352.05316162109375
v -184.82908630371094 -77.93819427490234 354.7826843261719
v -185.7822723388672 -78.33722686767578 353.04248046875
v -193.22378540039062 -79.01187896728516 353.99542236328125
v -183.8848876953125 -79.64683532714844 354.8710021972656
v -184.60948181152344 -80.13542175292969 353.51470947265625
v -186.62261962890625 -79.86697387695312 352.31243896484375
v -193.9977264404297 -80.58629608154297 354.444580078125
v -182.48452758789062 -81.1080322265625 354.5705261230469
v -183.14682006835938 -81.56307220458984 353.208740234375
v -184.98561096191406 -82.21695709228516 352.4588928222656
v -186.05709838867188 -81.84327697753906 352.44586181640625
v -187.30982971191406 -81.6100082397461 352.0431823730469
v -188.75045776367188 -81.43060302734375 351.17138671875
v -180.74969482421875 -82.33926391601562 353.5742492675781
v -181.48471069335938 -82.44200897216797 352.5609130859375
v -195.82351684570312 -82.24080657958984 352.1470642089844
v -176.8108673095703 -83.7978744506836 353.73162841796875
v -178.74122619628906 -83.35309600830078 354.59906005859375
v -185.2398223876953 -84.30075073242188 351.5298156738281
v -186.72532653808594 -84.1886215209961 352.06170654296875
v -188.01902770996094 -84.01396942138672 352.07012939453125
v -189.18443298339844 -84.95889282226562 351.8905944824219
v -173.06802368164062 -86.14105987548828 354.56817626953125
v -174.94168090820312 -84.80375671386719 354.3752746582031
v -187.98837280273438 -85.520263671875 352.2428283691406
v -200.58282470703125 -85.92449188232422 352.8923034667969
v -187.97531127929688 -86.98056030273438 352.5142517089844
v -189.10736083984375 -86.72785949707031 352.7148132324219
v -190.31112670898438 -86.74901580810547 352.1005554199219
v -201.9225311279297 -87.2872543334961 352.9867248535156
v -172.15054321289062 -87.57249450683594 352.983642578125
v -187.7349853515625 -88.361083984375 352.8799743652344
v -188.90960693359375 -88.08162689208984 353.71588134765625
v -189.99266052246094 -87.7640151977539 353.417236328125
v -190.77581787109375 -88.3504409790039 353.5804443359375
v -174.5614013671875 -90.5318603515625 355.2606201171875
v -186.21209716796875 -90.68667602539062 352.756591796875
v -187.44654846191406 -89.56169128417969 354.1545104980469
v -192.36367797851562 -90.18267059326172 354.2500915527344
v -203.41761779785156 -90.52841186523438 352.666259765625
v -186.0872039794922 -90.93672180175781 354.7272644042969
v -194.20220947265625 -92.35204315185547 353.8509826660156
v -203.0369873046875 -91.74105834960938 353.866943359375
v -175.89169311523438 -92.14679718017578 356.1895446777344
v -178.4407196044922 -94.216552734375 353.9067687988281
v -179.51858520507812 -94.3485336303711 354.99853515625
v -181.15257263183594 -94.50009155273438 354.1682434082031
v -201.61802673339844 -94.22020721435547 353.1969299316406
v -197.77928161621094 -94.95954895019531 355.50482177734375
v -200.28738403320312 -95.07435607910156 353.7291564941406
v -185.21115112304688 -59.39403533935547 357.2945861816406
v -191.80081176757812 -60.23134994506836 360.19146728515625
v -183.83624267578125 -61.34022903442383 356.8026428222656
v -192.19296264648438 -61.60138702392578 359.0530700683594
v -192.4154052734375 -65.04615020751953 356.9543762207031
v -185.6986541748047 -74.6136703491211 355.56903076171875
v -184.88037109375 -77.34850311279297 356.8840026855469
v -192.82333374023438 -77.98110961914062 354.9994812011719
v -192.3643341064453 -76.19378662109375 357.37396240234375
v -184.07687377929688 -78.95917510986328 356.14508056640625
v -182.63864135742188 -80.78629302978516 355.737060546875
v -180.3643798828125 -82.47642517089844 354.77447509765625
v -195.37892150878906 -82.2723159790039 354.90655517578125
v -196.58926391601562 -83.5968246459961 356.0782775878906
v -200.38050842285156 -86.19425201416016 355.7261962890625
v -172.91131591796875 -87.27545928955078 355.029541015625
v -201.06631469726562 -87.24793243408203 356.9388427734375
v -173.50970458984375 -88.7472152709961 355.45556640625
v -188.98617553710938 -89.06591796875 355.5384216308594
v -190.1194305419922 -88.80006408691406 355.06646728515625
v -191.41567993164062 -89.49723815917969 355.2666015625
v -202.2315673828125 -88.705322265625 355.7828369140625
v -187.4798126220703 -89.96826171875 356.81182861328125
v -202.75485229492188 -90.78558349609375 355.718017578125
v -185.07305908203125 -91.80030822753906 356.0851745605469
v -193.9679718017578 -92.01338195800781 357.5060729980469
v -203.06472778320312 -91.9795150756836 355.70849609375
v -177.546875 -93.4765625 356.90863037109375
v -183.23513793945312 -93.19998168945312 356.5625915527344
v -195.4041748046875 -93.11957550048828 358.427490234375
v -202.48008728027344 -92.78760528564453 355.18377685546875
v -181.66607666015625 -93.73495483398438 357.7421875
v -196.14744567871094 -93.67539978027344 357.9413757324219
v -201.67942810058594 -93.49230194091797 356.64971923828125
v -199.1697235107422 -94.83024597167969 357.1853332519531
v -187.32896423339844 -58.153656005859375 360.2149658203125
v -185.95225524902344 -58.84392166137695 358.8302001953125
v -184.783447265625 -59.97010803222656 358.4158630371094
v -183.9193572998047 -62.95760726928711 356.35009765625
v -192.2880096435547 -63.53861618041992 359.455078125
v -185.67547607421875 -68.15560913085938 357.4592590332031
v -192.11618041992188 -70.75784301757812 358.3934326171875
v -185.936767578125 -71.42089080810547 357.30792236328125
v -185.65452575683594 -74.87714385986328 358.0740051269531
v -185.41831970214844 -76.35333251953125 358.7607116699219
v -184.37144470214844 -78.78671264648438 357.93389892578125
v -192.5929718017578 -78.84603881835938 358.5001525878906
v -183.1383514404297 -80.61436462402344 357.7160339355469
v -193.26565551757812 -80.61331176757812 357.7658386230469
v -181.94281005859375 -81.68038177490234 357.04278564453125
v -194.2853240966797 -82.14485168457031 357.5183410644531
v -180.3546142578125 -82.90599060058594 356.5897216796875
v -178.5725555419922 -84.25450897216797 357.05419921875
v -174.87803649902344 -86.37602233886719 356.9023132324219
v -176.4172821044922 -85.52562713623047 357.1835632324219
v -199.08836364746094 -86.24314880371094 359.6869201660156
v -174.7852783203125 -88.99150085449219 357.729248046875
v -175.23562622070312 -90.82145690917969 357.8955993652344
v -186.2523956298828 -90.63896179199219 358.07708740234375
v -188.48745727539062 -89.63731384277344 358.3534851074219
v -189.78744506835938 -89.36173248291016 357.027587890625
v -190.81329345703125 -89.70733642578125 357.5754089355469
v -191.9874725341797 -90.40959930419922 358.3648376464844
v -201.50457763671875 -89.91592407226562 359.7123718261719
v -202.37840270996094 -91.95145416259766 356.7288513183594
v -178.7605438232422 -93.8552474975586 358.9451599121094
v -180.3694305419922 -93.97626495361328 358.274658203125
v -197.33822631835938 -94.36428833007812 357.3744201660156
v -198.6521759033203 -94.23898315429688 359.3984069824219
v -200.7132568359375 -94.18061065673828 356.6324462890625
v -172.2227783203125 -110.53594207763672 357.2030944824219
v -176.021240234375 -109.91706848144531 357.1205139160156
v -173.37002563476562 -109.34931182861328 357.6798400878906
v -176.7491455078125 -109.05931091308594 357.59906005859375
v -180.2308349609375 -109.97419738769531 357.4306945800781
v -173.46957397460938 -111.45243835449219 357.0388488769531
v -176.92823791503906 -110.95337677001953 357.0858154296875
v -175.80625915527344 -112.07990264892578 357.2750549316406
v -188.3858642578125 -58.00065231323242 361.4079284667969
v -191.242431640625 -59.17940139770508 360.32159423828125
v -184.41944885253906 -61.311180114746094 359.016845703125
v -184.6060028076172 -62.990779876708984 359.2687072753906
v -185.4835205078125 -66.2002944946289 359.1750183105469
v -186.0356903076172 -68.49447631835938 359.4125671386719
v -186.21226501464844 -71.61236572265625 359.9816589355469
v -191.93045043945312 -78.93465423583984 364.1738586425781
v -192.69119262695312 -81.29898834228516 361.0881652832031
v -182.00633239746094 -84.01434326171875 361.26666259765625
v -194.90908813476562 -84.21053314208984 360.38543701171875
v -197.4231414794922 -85.30562591552734 359.66644287109375
v -176.89720153808594 -86.10083770751953 358.6393127441406
v -175.5341339111328 -87.8175048828125 358.6615295410156
v -176.28140258789062 -87.82721710205078 360.304443359375
v -177.95590209960938 -86.33448791503906 360.66595458984375
v -199.61976623535156 -86.94818115234375 361.0482177734375
v -175.36639404296875 -89.70811462402344 359.5534973144531
v -200.5961456298828 -87.88097381591797 360.1724853515625
v -201.25502014160156 -88.90824127197266 359.6421203613281
v -187.777099609375 -89.59554290771484 362.419189453125
v -189.43368530273438 -89.56251525878906 360.4383850097656
v -175.65765380859375 -91.34102630615234 360.64825439453125
v -201.55081176757812 -91.37271118164062 359.3954162597656
v -176.36073303222656 -92.4812240600586 359.0032653808594
v -177.2213897705078 -93.25362396240234 359.9222106933594
v -182.80709838867188 -93.02228546142578 359.86846923828125
v -200.6953125 -92.85447692871094 360.8091735839844
v -201.44601440429688 -92.86280059814453 357.98785400390625
v -179.23101806640625 -93.91964721679688 362.9197998046875
v -197.43528747558594 -93.94879150390625 360.6723327636719
v -199.81784057617188 -93.65855407714844 360.7525634765625
v -175.70103454589844 -108.39749145507812 358.3669738769531
v -173.70034790039062 -107.35445404052734 360.2612609863281
v -171.8887939453125 -108.27685546875 359.3893127441406
v -176.2645721435547 -107.12096405029297 360.532958984375
v -178.99159240722656 -108.6239013671875 358.41253662109375
v -178.8436737060547 -108.0553970336914 359.34942626953125
v -181.83349609375 -109.14932250976562 358.975341796875
v -183.27801513671875 -108.78863525390625 360.15936279296875
v -194.8369598388672 -109.19117736816406 359.04632568359375
v -194.06277465820312 -108.4532241821289 360.0284729003906
v -190.2020263671875 -109.52388763427734 359.89825439453125
v -199.217529296875 -108.76879119873047 358.7878112792969
v -197.3526153564453 -107.88936614990234 359.7946472167969
v -201.1883544921875 -107.56255340576172 359.5478820800781
v -203.47018432617188 -108.8946762084961 358.7054748535156
v -203.93423461914062 -107.46528625488281 359.750732421875
v -206.66465759277344 -109.06315612792969 359.259521484375
v -205.81988525390625 -107.11724090576172 360.481201171875
v -207.68215942382812 -108.46031188964844 360.2975158691406
v -168.09951782226562 -110.64167022705078 360.16046142578125
v -170.2061309814453 -109.8385009765625 358.9247131347656
v -170.25790405273438 -108.64506530761719 359.99578857421875
v -182.02694702148438 -110.37886810302734 358.19757080078125
v -184.1546173095703 -110.16719818115234 359.0026550292969
v -186.57464599609375 -110.4679183959961 359.1840515136719
v -186.05303955078125 -109.55963134765625 360.03375244140625
v -191.06716918945312 -110.3307113647461 359.0663146972656
v -195.14736938476562 -110.20845031738281 358.4749450683594
v -203.87696838378906 -110.47005462646484 358.1325988769531
v -206.2277069091797 -110.22633361816406 358.5546569824219
v -208.25531005859375 -110.48162078857422 359.2664794921875
v -167.9063262939453 -112.50057983398438 359.0271301269531
v -166.87530517578125 -112.72035217285156 359.9046936035156
v -169.2131805419922 -112.2762451171875 358.37335205078125
v -170.75 -111.15745544433594 357.9918518066406
v -180.7089385986328 -112.8396224975586 358.1051940917969
v -181.17332458496094 -111.53465270996094 357.86773681640625
v -184.75714111328125 -111.5077896118164 358.5960693359375
v -191.54031372070312 -111.59391021728516 358.5746765136719
v -197.90798950195312 -111.12474822998047 358.24578857421875
v -203.50030517578125 -111.72358703613281 358.0265197753906
v -207.19683837890625 -111.99134826660156 358.3443298339844
v -170.03700256347656 -113.4110336303711 358.04833984375
v -171.79261779785156 -112.63359069824219 357.6673889160156
v -185.13731384277344 -112.69745635986328 358.5831298828125
v -192.6516876220703 -112.700927734375 358.4942626953125
v -198.37103271484375 -112.3674545288086 358.3152770996094
v -202.17935180664062 -112.62664031982422 358.2258605957031
v -207.08909606933594 -113.46051788330078 358.1727600097656
v -209.5025177001953 -110.8589859008789 360.21441650390625
v -210.24375915527344 -113.4540023803711 359.285888671875
v -210.64599609375 -112.9273910522461 359.9267272949219
v -165.212646484375 -114.80595397949219 360.4335632324219
v -166.3061065673828 -114.83001708984375 359.18536376953125
v -167.2719268798828 -115.67623138427734 358.4096374511719
v -168.578369140625 -114.76371765136719 358.2464599609375
v -171.52316284179688 -114.64644622802734 358.1266784667969
v -174.3203125 -115.3789291381836 358.54669189453125
v -184.76333618164062 -114.19331359863281 358.9035949707031
v -194.9103240966797 -114.41803741455078 358.7520751953125
v -200.4563446044922 -114.15399169921875 358.7611999511719
v -204.38026428222656 -114.49258422851562 358.44366455078125
v -209.9878692626953 -117.99463653564453 358.6756286621094
v -209.40260314941406 -115.09383392333984 358.5581359863281
v -164.97349548339844 -116.80903625488281 359.15411376953125
v -163.236328125 -118.051513671875 360.0235900878906
v -166.13290405273438 -116.76344299316406 358.53594970703125
v -168.85626220703125 -116.52649688720703 358.2713623046875
v -180.48031616210938 -117.64761352539062 360.31707763671875
v -186.94351196289062 -115.12865447998047 359.2312316894531
v -201.8306427001953 -116.5675048828125 359.52691650390625
v -203.75796508789062 -117.74645233154297 359.6945495605469
v -211.64808654785156 -116.73839569091797 359.3185119628906
v -212.1957550048828 -115.4708251953125 360.34716796875
v -166.89447021484375 -118.00472259521484 358.26153564453125
v -171.15826416015625 -117.9621810913086 358.8489074707031
v -172.97117614746094 -116.61286163330078 358.8294982910156
v -198.09603881835938 -118.39054107666016 360.13421630859375
v -210.00332641601562 -119.97452545166016 359.01287841796875
v -211.63595581054688 -118.1891098022461 359.0517578125
v -213.19729614257812 -118.25273895263672 360.1947326660156
v -163.55335998535156 -119.42414855957031 359.1341247558594
v -164.97433471679688 -119.32817840576172 358.4307556152344
v -168.85951232910156 -119.24444580078125 358.60028076171875
v -162.0044403076172 -120.99079132080078 359.9786376953125
v -165.85455322265625 -120.80977630615234 358.2630920410156
v -211.8017120361328 -120.21227264404297 359.31573486328125
v -212.69973754882812 -120.12828063964844 359.7514343261719
v -162.8868865966797 -122.1487045288086 358.98370361328125
v -161.39361572265625 -123.55683135986328 359.633056640625
v -163.1724090576172 -123.90595245361328 358.6993408203125
v -164.26853942871094 -124.94166564941406 358.6119689941406
v -166.33450317382812 -125.18708801269531 358.89459228515625
v -168.74603271484375 -122.39261627197266 359.0874938964844
v -161.6048126220703 -125.70089721679688 359.6416931152344
v -162.4069366455078 -126.40187072753906 359.4002380371094
v -165.2535858154297 -126.59104919433594 359.1108093261719
v -163.7570343017578 -127.53299713134766 359.586669921875
v -187.36660766601562 -58.734092712402344 363.9018249511719
v -186.63812255859375 -58.92552185058594 363.082763671875
v -189.40135192871094 -58.20732498168945 362.2247009277344
v -190.39991760253906 -58.47929000854492 361.2960205078125
v -185.61119079589844 -59.93135070800781 361.9406433105469
v -191.92652893066406 -62.34561538696289 361.6456298828125
v -185.3790740966797 -63.127418518066406 361.6627197265625
v -191.94842529296875 -65.51909637451172 361.851318359375
v -186.4409942626953 -67.86570739746094 361.417724609375
v -191.798583984375 -70.96691131591797 361.50885009765625
v -186.3550567626953 -74.47322845458984 362.3365173339844
v -185.099609375 -79.65027618408203 362.1637268066406
v -185.8948974609375 -77.49897766113281 362.7950439453125
v -183.58790588378906 -82.40178680419922 362.03472900390625
v -193.32708740234375 -83.59317779541016 362.68365478515625
v -179.88497924804688 -85.82447052001953 362.6436462402344
v -195.72433471679688 -85.69133758544922 363.8367614746094
v -178.2625274658203 -86.69024658203125 362.4997253417969
v -176.71871948242188 -87.7591552734375 361.55072021484375
v -175.5467529296875 -89.8267822265625 361.07293701171875
v -201.08035278320312 -88.834716796875 361.5200500488281
v -190.52435302734375 -89.77278900146484 362.2227783203125
v -192.2126007080078 -90.61642456054688 363.8138122558594
v -201.4174041748047 -90.38639831542969 361.4925842285156
v -201.24057006835938 -91.7711181640625 361.4410705566406
v -175.9723358154297 -92.52330780029297 361.2838134765625
v -176.78395080566406 -93.88798522949219 363.4729309082031
v -196.92333984375 -93.74029541015625 363.76654052734375
v -177.9033203125 -93.81629943847656 362.1082458496094
v -198.43406677246094 -93.99068450927734 362.0901794433594
v -174.33470153808594 -106.0971908569336 362.7897644042969
v -196.70208740234375 -107.03305053710938 361.3252258300781
v -200.66929626464844 -106.5000991821289 360.8713073730469
v -199.8151092529297 -105.77092742919922 362.59405517578125
v -205.97642517089844 -105.80244445800781 361.9823913574219
v -206.96368408203125 -106.67057800292969 361.7444763183594
v -171.77786254882812 -105.9447021484375 363.4957580566406
v -180.63304138183594 -107.87371826171875 360.9556884765625
v -191.73191833496094 -108.1374740600586 362.1687316894531
v -189.49803161621094 -108.94903564453125 361.0227355957031
v -195.04151916503906 -107.61782836914062 361.18341064453125
v -207.8737030029297 -107.1192626953125 362.752685546875
v -169.02716064453125 -108.91159057617188 361.5077819824219
v -185.6319580078125 -108.78777313232422 361.3427429199219
v -166.61614990234375 -112.14967346191406 361.3067321777344
v -209.8873291015625 -110.83525085449219 361.3907470703125
v -164.98374938964844 -114.57933807373047 361.7566833496094
v -163.7257537841797 -116.39179229736328 361.6669006347656
v -186.14166259765625 -119.50064086914062 361.2198181152344
v -212.57278442382812 -115.25433349609375 361.1288146972656
v -211.7465362548828 -113.90959930419922 361.3348693847656
v -162.94285583496094 -117.62794494628906 360.9842224121094
v -162.6423797607422 -117.93818664550781 362.2048034667969
v -195.8566436767578 -121.27379608154297 361.3457946777344
v -200.6892547607422 -120.73773193359375 360.761962890625
v -213.60629272460938 -117.96382141113281 361.271484375
v -161.81520080566406 -119.7487564086914 361.2418212890625
v -174.34910583496094 -120.49478912353516 360.37322998046875
v -178.84202575683594 -119.79264068603516 360.84332275390625
v -208.96546936035156 -121.19638061523438 359.655029296875
v -161.13128662109375 -120.56250762939453 361.4632873535156
v -183.19503784179688 -121.22288513183594 361.68341064453125
v -198.6886444091797 -121.06202697753906 361.05279541015625
v -203.62689208984375 -122.72398376464844 360.9526672363281
v -213.62237548828125 -121.48821258544922 360.9991149902344
v -214.12843322753906 -120.45050811767578 361.85992431640625
v -160.703125 -123.05934143066406 360.542236328125
v -169.36724853515625 -124.64212799072266 359.8531188964844
v -173.1607208251953 -125.06028747558594 361.3987731933594
v -191.83177185058594 -122.7408218383789 362.2215576171875
v -210.8983154296875 -121.75782775878906 359.7710876464844
v -212.3937225341797 -121.75707244873047 360.150390625
v -159.72608947753906 -124.01421356201172 362.3515930175781
v -159.76019287109375 -125.0184326171875 361.5405578613281
v -175.62283325195312 -125.04102325439453 361.88067626953125
v -199.7052001953125 -123.01958465576172 361.79248046875
v -202.401123046875 -124.1248550415039 361.76458740234375
v -208.2289276123047 -124.79305267333984 360.77069091796875
v -209.85580444335938 -126.10643768310547 361.1704406738281
v -213.18260192871094 -124.54515838623047 361.53936767578125
v -214.60252380371094 -123.19525146484375 362.4936828613281
v -160.5548095703125 -124.79086303710938 360.437255859375
v -171.9036102294922 -126.04025268554688 361.3276672363281
v -206.60324096679688 -125.85347747802734 361.40240478515625
v -212.009033203125 -125.7751235961914 361.4069519042969
v -213.71633911132812 -125.23332214355469 362.2318115234375
v -160.14747619628906 -127.5013198852539 361.4170837402344
v -159.7925262451172 -127.29440307617188 362.1967468261719
v -167.74606323242188 -127.33390808105469 360.0262756347656
v -171.73561096191406 -129.2874755859375 362.49346923828125
v -211.07962036132812 -127.68690490722656 362.11859130859375
v -161.92373657226562 -129.79710388183594 361.5274353027344
v -163.7348175048828 -130.79812622070312 361.3166809082031
v -164.97640991210938 -130.95201110839844 361.21044921875
v -166.89053344726562 -130.0613250732422 360.94757080078125
v -168.7200164794922 -131.18910217285156 362.0664978027344
v -167.01736450195312 -132.22052001953125 362.1322937011719
v -188.1669158935547 -58.710445404052734 364.0281982421875
v -190.58543395996094 -59.32862091064453 363.1279296875
v -185.7408447265625 -59.92196273803711 363.8607482910156
v -186.11007690429688 -60.055728912353516 364.99725341796875
v -191.32423400878906 -61.04611587524414 363.01751708984375
v -185.6142120361328 -61.36189270019531 363.1454772949219
v -186.1123809814453 -61.270896911621094 364.6692199707031
v -191.52015686035156 -64.2111587524414 363.7644958496094
v -187.0377655029297 -66.01447296142578 363.9637756347656
v -191.56378173828125 -69.43980407714844 362.8691101074219
v -186.86085510253906 -69.73589324951172 362.5517272949219
v -187.6924285888672 -67.58546447753906 364.6701965332031
v -187.225341796875 -71.21314239501953 364.10247802734375
v -186.9300079345703 -75.64124298095703 365.57318115234375
v -191.946533203125 -82.32759094238281 367.02587890625
v -192.50045776367188 -82.36943817138672 364.25531005859375
v -182.09030151367188 -84.59597778320312 363.8875427246094
v -193.9867401123047 -84.74674224853516 364.1560363769531
v -197.96755981445312 -86.09610748291016 362.3111877441406
v -227.71629333496094 -85.74263000488281 363.7328796386719
v -228.34674072265625 -86.66716766357422 363.5271301269531
v -228.96588134765625 -85.50294494628906 364.516845703125
v -231.0232696533203 -86.54025268554688 365.0489196777344
v -178.12326049804688 -86.85917663574219 364.5765075683594
v -176.59280395507812 -87.99308013916016 362.85223388671875
v -180.6172637939453 -85.79625701904297 364.98724365234375
v -199.65948486328125 -86.78619384765625 363.6058044433594
v -198.43258666992188 -86.34889221191406 364.5940246582031
v -200.74063110351562 -87.86007690429688 362.93060302734375
v -224.76123046875 -86.76438903808594 363.1828308105469
v -225.31385803222656 -87.6707992553711 362.8809509277344
v -227.8826141357422 -87.68319702148438 363.2410583496094
v -175.76092529296875 -88.41631317138672 364.4118347167969
v -175.3958282470703 -89.57931518554688 362.7597961425781
v -201.59085083007812 -89.25413513183594 362.9040832519531
v -221.8977508544922 -88.46878814697266 363.0225524902344
v -224.99383544921875 -89.11064910888672 362.9465637207031
v -228.0950164794922 -89.04267120361328 364.0027770996094
v -229.40145874023438 -88.51097106933594 364.38787841796875
v -174.90982055664062 -90.96363830566406 362.6829833984375
v -185.75782775878906 -90.62501525878906 365.6326904296875
v -188.96412658691406 -89.0799789428711 363.29058837890625
v -201.5927734375 -91.40554809570312 362.67218017578125
v -221.23046875 -90.25000762939453 362.915283203125
v -219.43727111816406 -90.42680358886719 363.1760559082031
v -218.8757781982422 -91.58177185058594 363.27685546875
v -222.0319061279297 -90.9627914428711 363.2198181152344
v -224.00640869140625 -90.73026275634766 363.75225830078125
v -225.61212158203125 -89.80351257324219 363.374755859375
v -175.0446014404297 -92.04718017578125 362.57098388671875
v -219.68621826171875 -92.04463958740234 363.5205383300781
v -222.4426727294922 -91.58531951904297 363.8147277832031
v -175.49571228027344 -93.08194732666016 362.8254089355469
v -180.5583953857422 -93.50790405273438 367.8520812988281
v -182.4186248779297 -92.80741119384766 365.28582763671875
v -195.2529754638672 -92.76082611083984 366.1569519042969
v -200.7351837158203 -93.02945709228516 362.9403076171875
v -220.8275909423828 -92.25259399414062 364.3042297363281
v -177.86280822753906 -94.35601806640625 365.6932067871094
v -180.2396697998047 -93.78435516357422 363.9728698730469
v -199.60958862304688 -93.82146453857422 363.4111328125
v -204.005615234375 -104.34829711914062 363.1614685058594
v -205.0798797607422 -103.5985336303711 363.78240966796875
v -173.17127990722656 -105.45777130126953 363.75274658203125
v -175.32278442382812 -105.59110260009766 364.2613220214844
v -177.3600311279297 -106.67862701416016 362.3126220703125
v -197.71432495117188 -105.8199462890625 364.94281005859375
v -194.3035430908203 -107.17509460449219 363.489013671875
v -198.85740661621094 -105.43388366699219 364.49212646484375
v -202.16232299804688 -104.84886932373047 362.9258117675781
v -180.84442138671875 -107.32295989990234 363.3754577636719
v -183.96788024902344 -107.81934356689453 364.2435302734375
v -186.23167419433594 -108.32763671875 363.0553894042969
v -191.64341735839844 -107.75497436523438 364.1531066894531
v -169.31671142578125 -107.09896850585938 364.9665832519531
v -167.62815856933594 -110.11139678955078 363.5602722167969
v -188.4019317626953 -108.58113098144531 362.253662109375
v -208.43283081054688 -107.24065399169922 364.8893127441406
v -210.5385284423828 -111.3326187133789 362.955078125
v -209.9644317626953 -110.48318481445312 363.472900390625
v -165.60745239257812 -113.67439270019531 363.8466796875
v -212.5677947998047 -114.83255004882812 362.4156494140625
v -164.44949340820312 -115.62732696533203 363.53277587890625
v -163.45458984375 -117.23064422607422 363.5002136230469
v -213.85374450683594 -118.24160766601562 363.0264587402344
v -162.68699645996094 -118.82536315917969 364.03912353515625
v -161.0453338623047 -120.77559661865234 362.6109619140625
v -214.8211212158203 -122.43584442138672 363.64013671875
v -190.20948791503906 -124.90861511230469 363.00390625
v -185.92579650878906 -127.05094909667969 363.412353515625
v -215.22119140625 -123.31893920898438 362.9609375
v -159.63368225097656 -126.44235229492188 362.88201904296875
v -179.42156982421875 -127.24082946777344 362.9130554199219
v -195.1243133544922 -126.5559310913086 363.6800842285156
v -198.5721435546875 -126.22561645507812 363.56219482421875
v -201.43576049804688 -126.81661224365234 363.51397705078125
v -214.8622283935547 -124.67324829101562 363.5145568847656
v -213.18453979492188 -128.3026580810547 363.03125
v -214.30552673339844 -127.86936950683594 363.7236328125
v -174.01614379882812 -130.6479034423828 363.4560546875
v -207.3184814453125 -128.5810089111328 362.7397155761719
v -161.02745056152344 -129.68719482421875 362.5719909667969
v -160.68862915039062 -129.3323516845703 363.7197265625
v -180.6879119873047 -130.1847381591797 363.7576599121094
v -209.4757080078125 -130.83587646484375 363.6110534667969
v -161.76792907714844 -131.9571533203125 363.8255615234375
v -161.3095703125 -131.3577117919922 364.9516906738281
v -169.1248779296875 -133.18629455566406 362.9557800292969
v -211.08644104003906 -132.40040588378906 364.4818420410156
v -163.4751434326172 -133.4687042236328 363.45452880859375
v -165.218505859375 -132.5647735595703 362.2772521972656
v -164.97781372070312 -134.31625366210938 363.3929138183594
v -166.25750732421875 -133.9978485107422 362.9666748046875
v -189.820556640625 -58.77302551269531 363.3780822753906
v -186.6578826904297 -60.163272857666016 365.4400329589844
v -188.9011688232422 -60.11539840698242 365.6075439453125
v -190.01502990722656 -61.14878463745117 365.254150390625
v -190.22450256347656 -63.659725189208984 365.3293762207031
v -191.0947723388672 -63.438297271728516 364.5150451660156
v -187.75079345703125 -63.83945083618164 365.73150634765625
v -187.94540405273438 -65.22381591796875 365.3186950683594
v -191.14700317382812 -66.91999816894531 364.3057556152344
v -190.40444946289062 -67.42790222167969 365.3511657714844
v -191.088134765625 -69.7612533569336 364.64306640625
v -190.3826904296875 -69.86181640625 366.0452880859375
v -187.89085388183594 -69.97811889648438 365.2621765136719
v -190.7679901123047 -73.38089752197266 367.21624755859375
v -187.8549041748047 -72.95945739746094 366.6855163574219
v -191.2088165283203 -73.29820251464844 365.90234375
v -191.60675048828125 -79.71568298339844 366.5520935058594
v -186.470947265625 -78.79219818115234 366.6400451660156
v -185.41766357421875 -80.9706802368164 365.9593811035156
v -184.060302734375 -83.20940399169922 366.5938720703125
v -192.49557495117188 -83.98785400390625 367.55450439453125
v -226.7844696044922 -84.99642944335938 364.35821533203125
v -227.03131103515625 -83.98234558105469 366.53289794921875
v -226.24163818359375 -84.34577178955078 365.4074401855469
v -228.62548828125 -84.47296905517578 365.5537109375
v -194.44520568847656 -85.45890045166016 365.3401794433594
v -201.0927734375 -86.81192016601562 365.0542297363281
v -202.75506591796875 -86.74015045166016 365.7442626953125
v -202.10305786132812 -86.08458709716797 366.35693359375
v -200.32452392578125 -86.24718475341797 366.0958251953125
v -224.14964294433594 -86.14785766601562 363.8605651855469
v -224.58718872070312 -85.02513885498047 364.9654235839844
v -231.92628479003906 -86.1607894897461 365.9831237792969
v -151.23251342773438 -87.21793365478516 366.4297180175781
v -153.36656188964844 -87.88883972167969 365.33282470703125
v -152.02207946777344 -86.70205688476562 366.7192077636719
v -154.65406799316406 -87.21516418457031 365.95074462890625
v -177.36029052734375 -86.9688491821289 365.84063720703125
v -196.16001892089844 -86.16986083984375 366.61553955078125
v -197.85997009277344 -86.2331771850586 367.04083251953125
v -202.1726837158203 -88.13059997558594 364.40289306640625
v -203.68394470214844 -87.60187530517578 365.44696044921875
v -220.89620971679688 -87.26302337646484 364.43768310546875
v -219.38140869140625 -87.1925277709961 365.5981750488281
v -231.5037078857422 -87.05533599853516 365.630859375
v -232.0154571533203 -86.99763488769531 366.86676025390625
v -150.81915283203125 -88.03561401367188 366.4706726074219
v -151.85086059570312 -90.03166198730469 365.9156494140625
v -152.8784942626953 -89.64788055419922 364.9774169921875
v -154.09873962402344 -89.52452087402344 364.4565124511719
v -155.27435302734375 -87.83763122558594 365.29571533203125
v -155.8060302734375 -89.28741455078125 364.41094970703125
v -158.74472045898438 -88.25452423095703 365.629150390625
v -174.44374084472656 -89.28865051269531 364.8113098144531
v -202.2841339111328 -89.7698745727539 363.8249206542969
v -203.1641387939453 -89.6561279296875 364.4909973144531
v -204.8736572265625 -88.94354248046875 365.2333679199219
v -207.686279296875 -89.3952865600586 365.4375
v -219.292236328125 -88.9786148071289 363.9837341308594
v -215.9793243408203 -88.62028503417969 365.99981689453125
v -215.8825225830078 -89.68335723876953 365.23419189453125
v -156.27044677734375 -90.75054931640625 363.8285827636719
v -161.38514709472656 -88.96578216552734 365.2685546875
v -162.16099548339844 -90.51609802246094 364.5680847167969
v -168.74200439453125 -91.59949493408203 364.8558349609375
v -168.61480712890625 -90.02556610107422 365.6614990234375
v -171.96420288085938 -90.95186614990234 364.98089599609375
v -173.69459533691406 -90.22615051269531 364.55865478515625
v -172.9475860595703 -89.20608520507812 365.8126220703125
v -170.89187622070312 -89.47039794921875 366.1481018066406
v -187.91302490234375 -89.55780792236328 367.234375
v -188.63145446777344 -89.45072174072266 365.43145751953125
v -189.9315948486328 -89.53243255615234 366.4404602050781
v -191.27957153320312 -89.9305648803711 366.93292236328125
v -201.9571990966797 -91.76123809814453 363.6849060058594
v -204.1436004638672 -90.53182983398438 364.8596496582031
v -206.26844787597656 -91.28479766845703 364.947509765625
v -208.62286376953125 -91.10234832763672 364.91265869140625
v -216.812744140625 -90.43939208984375 364.490966796875
v -213.93048095703125 -90.39143371582031 365.2532958984375
v -227.4358367919922 -89.98663330078125 364.6081237792969
v -229.3240509033203 -89.13656616210938 365.70166015625
v -152.29248046875 -90.94009399414062 365.92413330078125
v -155.0529022216797 -91.55902099609375 364.153076171875
v -156.19631958007812 -92.0824203491211 363.1903991699219
v -157.51754760742188 -92.28617095947266 363.751953125
v -160.3756103515625 -92.12896728515625 363.98846435546875
v -164.43153381347656 -92.10636138916016 364.26788330078125
v -171.69139099121094 -92.12342071533203 364.6471252441406
v -173.7098388671875 -91.80394744873047 363.9482727050781
v -202.8209686279297 -91.8013687133789 364.57684326171875
v -203.8817596435547 -92.69048309326172 365.13812255859375
v -211.694580078125 -90.52848052978516 365.2680969238281
v -213.80923461914062 -92.22294616699219 364.6734313964844
v -217.344482421875 -91.8294677734375 364.0611267089844
v -224.64694213867188 -91.11307525634766 365.4417419433594
v -227.42477416992188 -90.4045639038086 365.76055908203125
v -153.31349182128906 -92.26419067382812 366.6875
v -153.91929626464844 -92.40106964111328 365.744384765625
v -156.4149169921875 -92.99069213867188 364.4350280761719
v -158.21011352539062 -93.88758087158203 364.48895263671875
v -159.935302734375 -93.54375457763672 364.1221618652344
v -164.10101318359375 -93.37408447265625 364.0728454589844
v -171.07955932617188 -93.39733123779297 364.5681457519531
v -172.98289489746094 -93.47779846191406 364.4625549316406
v -174.5345001220703 -93.33462524414062 363.9310302734375
v -196.85960388183594 -93.67594909667969 369.4814453125
v -201.3972625732422 -93.29683685302734 364.5409240722656
v -202.47268676757812 -93.74549102783203 365.3367004394531
v -208.6192626953125 -94.14456939697266 364.43487548828125
v -213.4313507080078 -93.37115478515625 364.5704345703125
v -215.60617065429688 -93.31644439697266 364.5746154785156
v -217.944580078125 -93.18831634521484 364.60906982421875
v -219.45558166503906 -93.41143035888672 365.36468505859375
v -221.24234008789062 -92.54975891113281 365.66668701171875
v -155.03517150878906 -93.27444458007812 366.24114990234375
v -157.3035430908203 -94.58369445800781 367.01788330078125
v -158.09410095214844 -94.56499481201172 365.5096130371094
v -160.97653198242188 -95.15751647949219 364.9140930175781
v -163.37217712402344 -94.91848754882812 364.39068603515625
v -166.98187255859375 -95.54855346679688 364.2782287597656
v -170.79141235351562 -94.88562774658203 364.508056640625
v -173.89535522460938 -94.89834594726562 365.0837707519531
v -175.500732421875 -94.50527954101562 364.9516906738281
v -176.69601440429688 -95.06575012207031 366.8378601074219
v -198.5487060546875 -94.17241668701172 364.95404052734375
v -200.1008758544922 -94.18528747558594 365.1855163574219
v -199.75733947753906 -94.8858413696289 366.7672424316406
v -201.5049591064453 -94.72553253173828 366.1977233886719
v -206.66700744628906 -97.50450897216797 364.8471984863281
v -205.0326385498047 -94.40801239013672 365.25408935546875
v -209.98500061035156 -94.93873596191406 364.44110107421875
v -212.59524536132812 -94.59518432617188 364.6859130859375
v -215.11964416503906 -94.52481842041016 365.1993408203125
v -218.3444366455078 -93.9358901977539 365.79852294921875
v -161.85015869140625 -96.38895416259766 366.04833984375
v -163.8213653564453 -96.26811981201172 365.0392150878906
v -172.3722686767578 -96.47177124023438 365.252197265625
v -173.8765869140625 -96.78585052490234 366.2833557128906
v -175.06988525390625 -95.80819702148438 366.5153503417969
v -204.87661743164062 -97.63531494140625 365.4996337890625
v -207.6581573486328 -97.84520721435547 364.7497863769531
v -209.2801971435547 -96.29502868652344 364.5833435058594
v -211.7260284423828 -96.08308410644531 365.1501159667969
v -214.47821044921875 -96.04490661621094 366.38232421875
v -215.68421936035156 -95.26060485839844 366.3799133300781
v -165.82774353027344 -98.23583984375 365.96502685546875
v -166.59640502929688 -97.15941619873047 364.8779602050781
v -170.04273986816406 -99.38800811767578 364.9959411621094
v -171.1669158935547 -98.2702407836914 365.088623046875
v -212.25807189941406 -96.9227066040039 366.16156005859375
v -210.02857971191406 -97.37540435791016 365.1868591308594
v -204.54058837890625 -99.6808853149414 365.578125
v -205.40008544921875 -100.85806274414062 364.9605712890625
v -206.6166229248047 -100.6017837524414 364.8563232421875
v -208.70794677734375 -98.85079956054688 365.2337341308594
v -209.35520935058594 -99.42103576660156 366.217529296875
v -210.69686889648438 -98.16738891601562 366.42327880859375
v -172.0212860107422 -100.89810180664062 365.63525390625
v -170.7101593017578 -102.61365509033203 365.5906982421875
v -204.0865478515625 -102.37785339355469 364.7330322265625
v -207.424072265625 -101.32000732421875 365.1423034667969
v -208.2222442626953 -101.20186614990234 365.9103088378906
v -172.1287841796875 -102.56290435791016 365.570068359375
v -206.18423461914062 -103.34596252441406 364.1253967285156
v -171.79647827148438 -104.20967102050781 364.92291259765625
v -170.39808654785156 -104.79508972167969 365.2519226074219
v -173.63272094726562 -102.62439727783203 366.45806884765625
v -173.58816528320312 -103.99845123291016 365.4140930175781
v -175.1825714111328 -104.12540435791016 366.7104797363281
v -202.45188903808594 -103.82518768310547 364.23150634765625
v -201.7384033203125 -102.15587615966797 366.8734436035156
v -201.08094787597656 -103.39508819580078 366.1498718261719
v -202.980712890625 -101.6077880859375 365.98974609375
v -207.0512237548828 -104.38272094726562 364.2248229980469
v -207.8620147705078 -103.16194915771484 365.9076232910156
v -176.3953094482422 -105.22804260253906 366.02825927734375
v -200.7255859375 -104.57852935791016 364.42510986328125
v -199.52423095703125 -104.36386108398438 366.69061279296875
v -207.8395538330078 -105.07625579833984 365.2730712890625
v -170.38206481933594 -106.53652954101562 363.77685546875
v -169.6691436767578 -105.54401397705078 365.6278991699219
v -177.94227600097656 -106.03946685791016 365.5830383300781
v -179.2881317138672 -106.64373779296875 364.91058349609375
v -187.52615356445312 -107.93844604492188 365.71466064453125
v -189.55401611328125 -107.99897766113281 364.52093505859375
v -168.2976837158203 -108.23262786865234 366.1865234375
v -208.96371459960938 -108.45716857910156 365.5903625488281
v -209.9001922607422 -110.53829193115234 365.7619934082031
v -167.3472900390625 -110.64432525634766 366.0338134765625
v -166.86256408691406 -112.0503158569336 366.3561096191406
v -211.06153869628906 -112.47870635986328 365.2906494140625
v -212.43836975097656 -114.87384796142578 364.04730224609375
v -164.6210174560547 -116.6206283569336 365.4771728515625
v -213.98593139648438 -119.01991271972656 364.6383972167969
v -211.66098022460938 -114.9255142211914 367.439453125
v -214.1354522705078 -121.28064727783203 366.427978515625
v -212.73533630371094 -117.4752426147461 367.0135192871094
v -162.50071716308594 -120.31411743164062 365.0771789550781
v -161.02127075195312 -123.02977752685547 364.4546813964844
v -214.97198486328125 -123.99913024902344 365.1260681152344
v -160.01255798339844 -125.93360900878906 363.726318359375
v -161.33624267578125 -124.81790161132812 365.5674133300781
v -215.34478759765625 -125.6064453125 365.3263854980469
v -214.85598754882812 -130.10337829589844 365.2385559082031
v -160.7468719482422 -128.4518280029297 364.6831359863281
v -161.66737365722656 -129.8870849609375 366.1790771484375
v -197.1650390625 -128.299560546875 364.1390686035156
v -199.6160888671875 -128.91673278808594 364.2463684082031
v -185.96205139160156 -130.64846801757812 364.1728210449219
v -191.5724639892578 -130.67103576660156 364.2995910644531
v -205.88211059570312 -132.7166748046875 364.4257507324219
v -205.90069580078125 -130.4908447265625 363.8526611328125
v -207.56739807128906 -130.2980499267578 363.5252685546875
v -212.94285583496094 -131.066650390625 364.2894592285156
v -213.6777801513672 -131.36639404296875 364.8225402832031
v -215.04417419433594 -130.30418395996094 365.9453430175781
v -173.72679138183594 -133.17962646484375 363.9060974121094
v -175.7126007080078 -132.46798706054688 364.0113525390625
v -196.210205078125 -133.1293182373047 364.69189453125
v -162.3667755126953 -133.6488800048828 365.4674987792969
v -181.10731506347656 -135.2446746826172 364.65667724609375
v -202.3253936767578 -133.6873321533203 364.73699951171875
v -208.5572509765625 -133.0465545654297 364.4432373046875
v -214.41787719726562 -132.00619506835938 366.2964172363281
v -163.29220581054688 -134.8960723876953 364.9356689453125
v -171.1207733154297 -134.94308471679688 363.8196716308594
v -186.68075561523438 -135.36929321289062 364.9960632324219
v -191.7897491455078 -136.00010681152344 365.279541015625
v -211.12623596191406 -135.50054931640625 366.0311279296875
v -212.86610412597656 -134.2528076171875 366.31463623046875
v -213.9337615966797 -133.56906127929688 366.6148376464844
v -162.9046630859375 -135.07363891601562 365.77850341796875
v -165.50694274902344 -136.2794189453125 364.9237060546875
v -167.50244140625 -136.3647003173828 364.4405212402344
v -169.8506622314453 -135.9907684326172 364.06622314453125
v -176.2634735107422 -137.82925415039062 364.6157531738281
v -204.12054443359375 -135.4441680908203 365.077880859375
v -207.6273193359375 -135.9445343017578 365.3433837890625
v -210.0066680908203 -136.0626220703125 365.83660888671875
v -164.29261779785156 -136.7256317138672 366.5028991699219
v -165.0062713623047 -136.95115661621094 365.97808837890625
v -170.6490478515625 -138.0643768310547 364.8421936035156
v -184.76724243164062 -138.0360565185547 365.3778381347656
v -168.17495727539062 -138.878173828125 366.2760314941406
v -169.94793701171875 -139.34255981445312 365.85760498046875
v -177.3204803466797 -140.1846466064453 365.1688537597656
v -172.44822692871094 -140.1884765625 365.5185546875
v -174.5233154296875 -140.18455505371094 365.24261474609375
v -188.0232696533203 -60.75448989868164 365.90496826171875
v -188.99502563476562 -61.47220230102539 365.8834533691406
v -188.9918975830078 -64.36264038085938 365.7384948730469
v -188.72116088867188 -67.23442077636719 365.61279296875
v -189.6133270263672 -66.76432800292969 365.729736328125
v -188.52406311035156 -69.87754821777344 366.1497802734375
v -189.38113403320312 -69.23815155029297 366.3663635253906
v -189.348876953125 -70.31228637695312 367.0906066894531
v -190.1313934326172 -72.33345031738281 367.6638488769531
v -188.7166748046875 -74.12924194335938 368.7099304199219
v -187.24266052246094 -77.72592163085938 367.8631286621094
v -190.99940490722656 -77.87993621826172 368.26739501953125
v -185.8142547607422 -81.4538345336914 368.1025085449219
v -223.96519470214844 -84.61272430419922 366.464111328125
v -224.235107421875 -84.14722442626953 368.03924560546875
v -228.22238159179688 -83.91374969482422 367.78778076171875
v -229.70347595214844 -84.62517547607422 367.4188537597656
v -183.6028594970703 -84.13921356201172 368.4637756347656
v -182.05836486816406 -85.01770782470703 367.8136291503906
v -193.0386505126953 -85.17842864990234 368.5098571777344
v -193.4070281982422 -86.2510986328125 370.9853515625
v -200.8450164794922 -85.2666015625 369.2707824707031
v -199.44435119628906 -85.9876937866211 367.259765625
v -202.14732360839844 -85.05604553222656 368.5958557128906
v -219.97189331054688 -86.27711486816406 366.7620544433594
v -220.71087646484375 -85.45436096191406 368.6624755859375
v -217.6055145263672 -86.15140533447266 368.59490966796875
v -151.34620666503906 -85.90449523925781 367.9123840332031
v -150.5385284423828 -86.36280059814453 368.0407409667969
v -153.52133178710938 -86.48859405517578 367.6621398925781
v -157.6785430908203 -87.33504486083984 366.6548156738281
v -157.4700164794922 -86.92658996582031 367.798828125
v -160.2698516845703 -86.92381286621094 367.971923828125
v -164.28639221191406 -88.53701782226562 366.02484130859375
v -163.7800750732422 -86.53610229492188 367.8019104003906
v -165.70843505859375 -85.81993865966797 368.3994445800781
v -169.28366088867188 -87.0145034790039 368.1460266113281
v -174.81900024414062 -86.40765380859375 368.27880859375
v -175.1624298095703 -87.8411865234375 366.20526123046875
v -176.4980010986328 -86.66307067871094 367.4321594238281
v -180.9005889892578 -85.42843627929688 369.4205627441406
v -209.027099609375 -88.6217269897461 366.0788269042969
v -206.1082305908203 -85.60841369628906 367.49249267578125
v -209.44790649414062 -86.22858428955078 368.0184631347656
v -215.21311950683594 -87.2729263305664 367.66497802734375
v -217.39784240722656 -87.30609893798828 366.7502136230469
v -150.56089782714844 -88.40535736083984 367.13604736328125
v -160.38998413085938 -87.55697631835938 366.6916198730469
v -211.87051391601562 -86.83895111083984 368.2125244140625
v -211.3488311767578 -88.40251922607422 366.673828125
v -213.38490295410156 -88.35529327392578 366.8222351074219
v -230.8106689453125 -88.40959930419922 366.8330383300781
v -150.87265014648438 -89.09102630615234 368.1255187988281
v -186.6859893798828 -89.93448638916016 367.6222229003906
v -228.35006713867188 -90.03680419921875 367.84326171875
v -152.41473388671875 -91.30802154541016 367.3958740234375
v -183.525634765625 -91.6490478515625 368.3367614746094
v -193.4183807373047 -91.16148376464844 368.4884033203125
v -226.874755859375 -90.68708801269531 366.8626403808594
v -223.99557495117188 -91.49747467041016 368.1073913574219
v -154.6676483154297 -93.3149185180664 367.8931579589844
v -219.1539306640625 -94.05139923095703 367.7549743652344
v -221.32398986816406 -92.67460632324219 367.59661865234375
v -178.55804443359375 -94.35625457763672 367.6983337402344
v -198.00514221191406 -94.3158950805664 367.46563720703125
v -203.36558532714844 -95.33433532714844 366.0108642578125
v -216.3651885986328 -95.30370330810547 367.5173034667969
v -160.15599060058594 -95.93632507324219 366.8452453613281
v -174.9378204345703 -97.28837585449219 367.888916015625
v -176.11654663085938 -95.95575714111328 368.1458435058594
v -202.13742065429688 -96.1197280883789 367.00579833984375
v -200.78607177734375 -95.59109497070312 367.5233459472656
v -201.35777282714844 -96.79776000976562 368.3082275390625
v -161.4134063720703 -96.83657836914062 368.8336181640625
v -162.44505310058594 -97.12448120117188 367.2938537597656
v -164.98472595214844 -98.64129638671875 367.3628234863281
v -164.312255859375 -98.66284942626953 368.74713134765625
v -168.50706481933594 -98.90648651123047 365.1469421386719
v -173.3624267578125 -99.64021301269531 366.64727783203125
v -174.17340087890625 -98.94661712646484 367.6026306152344
v -202.2504425048828 -98.635986328125 367.8705139160156
v -202.87705993652344 -97.45608520507812 366.92584228515625
v -212.10147094726562 -97.56617736816406 367.32958984375
v -165.787841796875 -99.61568450927734 367.70062255859375
v -168.01416015625 -100.0232162475586 366.0289001464844
v -203.46763610839844 -99.05989074707031 366.4396057128906
v -202.25811767578125 -100.3191146850586 367.57916259765625
v -210.41146850585938 -98.82807159423828 367.43743896484375
v -166.69589233398438 -101.23892974853516 368.6028137207031
v -167.7738494873047 -101.30339813232422 367.0883483886719
v -169.65245056152344 -101.59814453125 365.7936096191406
v -173.8429718017578 -101.57173919677734 367.1200866699219
v -208.4910888671875 -101.77190399169922 367.20770263671875
v -209.1300048828125 -100.63465881347656 368.2457275390625
v -168.02798461914062 -102.98151397705078 367.8804016113281
v -200.87925720214844 -100.59317779541016 369.91912841796875
v -168.74673461914062 -104.61758422851562 367.2721862792969
v -169.4778594970703 -103.3233642578125 366.25927734375
v -174.8413848876953 -102.7793197631836 367.8695373535156
v -199.2902069091797 -102.48178100585938 371.66552734375
v -199.04693603515625 -103.40357971191406 370.53668212890625
v -208.13768005371094 -104.13497161865234 367.857421875
v -168.72300720214844 -106.31456756591797 367.0939636230469
v -208.1864471435547 -105.44741821289062 367.54071044921875
v -178.10130310058594 -105.13013458251953 369.149658203125
v -193.48971557617188 -106.83831787109375 369.2337951660156
v -196.1324005126953 -105.6368637084961 370.5419006347656
v -208.5732879638672 -107.73768615722656 368.07806396484375
v -182.33425903320312 -106.88700103759766 369.6779479980469
v -167.9148406982422 -108.90850067138672 368.46722412109375
v -209.49375915527344 -110.79206848144531 368.8649597167969
v -210.48974609375 -112.74263000488281 368.2618103027344
v -166.66944885253906 -113.99148559570312 368.1573181152344
v -166.21282958984375 -115.93416595458984 368.51434326171875
v -164.68157958984375 -118.19212341308594 366.9225769042969
v -165.0385284423828 -120.69816589355469 368.50408935546875
v -162.5382843017578 -125.2603988647461 366.898681640625
v -215.20091247558594 -126.78463745117188 366.3849792480469
v -162.697509765625 -129.4085235595703 367.4492492675781
v -214.5802001953125 -129.43563842773438 367.6774597167969
v -214.13055419921875 -132.6602325439453 367.4470520019531
v -162.5808563232422 -133.5370635986328 366.501220703125
v -163.07958984375 -133.10992431640625 367.4906311035156
v -164.0631103515625 -136.06590270996094 367.5812072753906
v -210.50291442871094 -138.1082305908203 367.76129150390625
v -213.05934143066406 -134.58323669433594 367.3055114746094
v -193.29054260253906 -138.8282012939453 366.0311584472656
v -202.6025848388672 -137.75146484375 365.8710021972656
v -207.52972412109375 -137.6910400390625 366.2198486328125
v -211.6458740234375 -136.75048828125 367.9736022949219
v -167.11520385742188 -138.8349151611328 367.5118408203125
v -198.49612426757812 -139.4812774658203 366.45941162109375
v -204.37425231933594 -139.76470947265625 367.1195068359375
v -208.7444610595703 -139.24545288085938 367.782470703125
v -168.94378662109375 -140.17318725585938 367.8930969238281
v -171.8671112060547 -141.56121826171875 367.30865478515625
v -184.15878295898438 -141.76876831054688 366.298828125
v -193.28219604492188 -140.78184509277344 366.5890808105469
v -200.50082397460938 -140.55245971679688 367.13751220703125
v -206.46774291992188 -140.0116424560547 367.75634765625
v -173.11703491210938 -141.7784881591797 366.7503356933594
v -176.54286193847656 -143.6499481201172 367.09814453125
v -177.2123260498047 -142.82357788085938 366.4066162109375
v -179.04629516601562 -142.93080139160156 366.3708190917969
v -198.45335388183594 -142.15367126464844 367.6477355957031
v -201.9412078857422 -141.54920959472656 367.979248046875
v -174.8070526123047 -143.4640350341797 368.206787109375
v -189.75698852539062 -142.62979125976562 367.02508544921875
v -192.30384826660156 -143.45541381835938 367.6846923828125
v -176.44775390625 -144.30831909179688 367.85223388671875
v -180.08030700683594 -144.36395263671875 367.26873779296875
v -188.91119384765625 -143.97767639160156 367.583251953125
v -180.60302734375 -145.6631622314453 368.5806579589844
v -189.39332580566406 -73.74933624267578 369.0267639160156
v -190.1416015625 -75.75603485107422 369.1835021972656
v -188.16331481933594 -75.57006072998047 368.50079345703125
v -187.66055297851562 -78.8058853149414 369.24725341796875
v -190.44708251953125 -78.4759292602539 369.22589111328125
v -186.68008422851562 -81.32966613769531 369.693603515625
v -191.1162872314453 -81.11180877685547 368.6642761230469
v -185.12255859375 -83.31241607666016 369.9273376464844
v -191.78573608398438 -84.24076843261719 369.8971252441406
v -164.4916229248047 -84.94844055175781 369.2375183105469
v -165.08680725097656 -83.03367614746094 370.7677917480469
v -163.29824829101562 -85.11072540283203 370.1585693359375
v -184.25721740722656 -84.32415008544922 370.3874206542969
v -206.5758056640625 -83.23570251464844 369.8741455078125
v -208.68838500976562 -82.84060668945312 370.4931335449219
v -225.1827392578125 -83.96855926513672 369.68353271484375
v -229.11337280273438 -84.42994689941406 368.9698181152344
v -151.30419921875 -86.16666412353516 369.00927734375
v -163.009521484375 -86.01298522949219 368.6116638183594
v -161.3031005859375 -86.30793762207031 369.3174133300781
v -177.22068786621094 -85.64738464355469 369.2175598144531
v -176.03353881835938 -85.06585693359375 369.9413757324219
v -173.93516540527344 -85.32841491699219 369.29571533203125
v -182.7324981689453 -85.01730346679688 369.922119140625
v -199.2378387451172 -85.70980072021484 369.9079895019531
v -204.44505310058594 -84.4563980102539 368.7339172363281
v -210.6441192626953 -84.76097106933594 369.98016357421875
v -212.41957092285156 -85.693603515625 369.8485412597656
v -217.39498901367188 -85.72286224365234 371.0706481933594
v -221.10272216796875 -85.22198486328125 370.4001770019531
v -223.20301818847656 -84.648193359375 369.75994873046875
v -230.72244262695312 -85.51360321044922 368.79119873046875
v -231.8689422607422 -87.05994415283203 368.362060546875
v -153.19863891601562 -86.42644500732422 369.3990783691406
v -154.99647521972656 -86.59002685546875 368.9519348144531
v -158.85159301757812 -86.80795288085938 369.5007019042969
v -171.80038452148438 -85.33465576171875 369.2033386230469
v -178.9442138671875 -85.8102035522461 368.87115478515625
v -194.4687042236328 -86.71109008789062 371.6831970214844
v -195.98521423339844 -86.56231689453125 371.2562561035156
v -214.27700805664062 -86.65554809570312 368.73065185546875
v -150.61318969726562 -87.42130279541016 368.879150390625
v -230.5471649169922 -88.47058868408203 369.327880859375
v -185.80410766601562 -90.0374526977539 369.0069580078125
v -187.6178436279297 -89.30135345458984 369.1720275878906
v -189.1898651123047 -89.15418243408203 369.194580078125
v -191.04782104492188 -89.39683532714844 369.70654296875
v -192.87986755371094 -90.0966796875 371.32611083984375
v -227.68948364257812 -90.11914825439453 369.6201171875
v -151.23524475097656 -89.08694458007812 369.1236877441406
v -153.44032287597656 -91.54743194580078 369.7712707519531
v -220.8250732421875 -92.77639770507812 369.6728820800781
v -223.02230834960938 -91.59976959228516 370.2518615722656
v -226.4235382080078 -90.73381805419922 368.8289489746094
v -154.56736755371094 -93.0937728881836 369.02020263671875
v -179.52163696289062 -93.67501831054688 371.1542663574219
v -156.7466583251953 -94.10250854492188 369.6460876464844
v -159.04095458984375 -95.54108428955078 369.0428771972656
v -177.25741577148438 -95.49458312988281 369.7975158691406
v -178.5513458251953 -94.46158599853516 369.99456787109375
v -198.1890106201172 -94.60263061523438 369.745361328125
v -215.860107421875 -95.62019348144531 369.6950988769531
v -162.11428833007812 -97.20240783691406 370.67547607421875
v -176.05038452148438 -97.4380111694336 370.49200439453125
v -176.72076416015625 -96.51336669921875 370.97564697265625
v -199.61143493652344 -95.52173614501953 369.0005187988281
v -199.59176635742188 -96.0469741821289 370.7229309082031
v -211.8439178466797 -97.88575744628906 368.6815490722656
v -163.2148895263672 -97.94280242919922 369.26593017578125
v -200.7006378173828 -97.51326751708984 370.0707702636719
v -200.78225708007812 -98.49930572509766 370.4071960449219
v -165.13088989257812 -100.00645446777344 371.01104736328125
v -210.25257873535156 -99.12065124511719 369.0907287597656
v -166.58106994628906 -101.96642303466797 370.1694641113281
v -175.53636169433594 -101.0267562866211 370.3206787109375
v -209.05125427246094 -100.65299224853516 370.3710021972656
v -208.3768768310547 -102.64865112304688 369.5079040527344
v -167.45677185058594 -103.6396255493164 369.637939453125
v -167.7125701904297 -105.56300354003906 370.4576721191406
v -177.5643310546875 -103.66268920898438 371.39813232421875
v -168.0862274169922 -107.07389831542969 368.95654296875
v -181.46798706054688 -105.52796173095703 374.3755187988281
v -184.40560913085938 -107.0560531616211 371.6124572753906
v -186.76107788085938 -107.16015625 372.1240234375
v -190.2440948486328 -107.04666900634766 372.26788330078125
v -167.7871856689453 -109.72946166992188 370.7128601074219
v -167.6715850830078 -111.37728881835938 370.8099670410156
v -167.29014587402344 -113.89199829101562 370.45025634765625
v -210.2079620361328 -115.16830444335938 371.2216796875
v -166.2889404296875 -118.59442901611328 369.8266906738281
v -212.13140869140625 -119.05150604248047 369.38909912109375
v -213.80641174316406 -123.38367462158203 368.0879821777344
v -165.35435485839844 -123.99906158447266 369.35784912109375
v -214.00450134277344 -127.59959411621094 368.5785827636719
v -166.6256103515625 -128.653564453125 370.6077575683594
v -213.3558349609375 -131.70123291015625 368.89666748046875
v -164.12120056152344 -132.69822692871094 368.6305236816406
v -164.45448303222656 -135.07359313964844 368.5391540527344
v -165.3499298095703 -134.81622314453125 369.27972412109375
v -212.83804321289062 -134.42430114746094 368.2720031738281
v -165.89846801757812 -136.8597412109375 369.0662841796875
v -211.56358337402344 -136.5618133544922 368.7889709472656
v -166.8708038330078 -138.4822998046875 368.677734375
v -210.26388549804688 -138.49783325195312 369.0837097167969
v -168.90341186523438 -139.96946716308594 368.6013488769531
v -209.12562561035156 -139.5303192138672 369.4754638671875
v -207.44898986816406 -140.6157989501953 369.2806091308594
v -202.83885192871094 -142.22340393066406 368.7667236328125
v -203.18910217285156 -142.99192810058594 369.80450439453125
v -172.94351196289062 -142.27020263671875 368.49200439453125
v -198.5025177001953 -143.76922607421875 368.6530456542969
v -175.97547912597656 -144.2801055908203 368.51953125
v -182.9574737548828 -145.09007263183594 367.9767761230469
v -189.7277374267578 -144.8289794921875 368.3264465332031
v -192.5746612548828 -144.734375 368.80194091796875
v -196.35704040527344 -144.66819763183594 369.0859680175781
v -200.43797302246094 -144.5981903076172 370.1828308105469
v -178.13711547851562 -144.98611450195312 368.953369140625
v -180.14781188964844 -145.84750366210938 369.1754150390625
v -179.24232482910156 -145.38536071777344 369.8775329589844
v -189.38294982910156 -145.5372772216797 369.039306640625
v -191.1525421142578 -145.62828063964844 370.03662109375
v -191.6154327392578 -145.8203125 370.4409484863281
v -195.55841064453125 -145.36463928222656 369.8717041015625
v -198.0524444580078 -145.53475952148438 370.4269714355469
v -188.69017028808594 -145.8379669189453 369.6239929199219
v -188.582763671875 -78.27013397216797 369.7490234375
v -189.59140014648438 -75.51546478271484 369.4554748535156
v -189.53253173828125 -78.97755432128906 369.9818115234375
v -167.55043029785156 -79.69053649902344 371.8455505371094
v -170.23013305664062 -80.51567077636719 371.35418701171875
v -167.81900024414062 -78.79418182373047 372.65045166015625
v -170.64549255371094 -79.54882049560547 372.3472595214844
v -187.55604553222656 -80.7931900024414 370.36309814453125
v -188.4359130859375 -80.99183654785156 370.88360595703125
v -166.40182495117188 -82.00811767578125 370.8241271972656
v -166.24624633789062 -79.91053771972656 372.0892639160156
v -165.3488311767578 -81.43182373046875 372.194091796875
v -167.23655700683594 -83.65524291992188 369.712158203125
v -169.357666015625 -81.91071319580078 370.4986572265625
v -189.37649536132812 -81.41649627685547 370.9645690917969
v -190.34930419921875 -81.49553680419922 370.1824035644531
v -206.61306762695312 -80.35999298095703 372.9021911621094
v -208.27999877929688 -81.3533706665039 371.8237609863281
v -164.53726196289062 -83.11651611328125 371.6650390625
v -175.76513671875 -83.69974517822266 371.3426208496094
v -174.2691650390625 -81.70092010498047 372.056640625
v -172.31838989257812 -81.27458190917969 371.4694519042969
v -185.75750732421875 -83.52118682861328 370.8829345703125
v -187.49349975585938 -82.85798645019531 371.4418640136719
v -189.10845947265625 -83.11996459960938 371.8769226074219
v -190.958251953125 -85.29771423339844 371.8727722167969
v -203.81106567382812 -83.33367156982422 370.7685852050781
v -205.19383239746094 -82.56291198730469 370.9743957519531
v -209.48855590820312 -81.93375396728516 371.7972106933594
v -163.7654571533203 -84.47427368164062 371.8154602050781
v -173.93841552734375 -84.00650024414062 370.2225341796875
v -176.6218719482422 -83.5916519165039 372.33477783203125
v -191.7646026611328 -85.16026306152344 371.0090026855469
v -211.102294921875 -83.9235610961914 371.6169128417969
v -210.10281372070312 -82.1298828125 372.4432678222656
v -226.4833526611328 -84.36873626708984 370.7481689453125
v -162.19363403320312 -85.8797378540039 370.9940490722656
v -177.7296905517578 -84.78304290771484 371.3382568359375
v -179.35519409179688 -85.38810729980469 370.62066650390625
v -180.87823486328125 -85.59366607666016 371.7339172363281
v -182.9252471923828 -85.46138763427734 371.1880798339844
v -202.51751708984375 -83.66693878173828 371.543212890625
v -200.20498657226562 -84.89453125 372.2585144042969
v -212.38096618652344 -85.0621566772461 371.13079833984375
v -214.194580078125 -85.76766967773438 370.6661071777344
v -216.0579833984375 -85.95147705078125 370.16180419921875
v -215.1604461669922 -85.74037170410156 371.67303466796875
v -221.9180145263672 -85.30022430419922 371.79229736328125
v -224.83380126953125 -84.72091674804688 371.2629699707031
v -227.0746612548828 -85.11609649658203 371.85638427734375
v -229.9407501220703 -86.1670150756836 371.3497619628906
v -230.8119659423828 -86.08560180664062 369.76605224609375
v -152.77122497558594 -87.65592193603516 371.04962158203125
v -153.67825317382812 -87.34854888916016 371.1991271972656
v -155.65878295898438 -86.97572326660156 370.6184387207031
v -158.5916748046875 -87.07102966308594 371.14678955078125
v -158.13763427734375 -87.58515930175781 372.2336120605469
v -160.5767059326172 -86.6459732055664 370.96783447265625
v -197.15032958984375 -86.33663940429688 372.3944396972656
v -230.86915588378906 -87.17573547363281 370.69110107421875
v -152.26145935058594 -88.31669616699219 370.6763610839844
v -160.67198181152344 -87.14421844482422 372.3055725097656
v -187.43658447265625 -88.80943298339844 370.363037109375
v -184.99427795410156 -89.1060562133789 371.4444274902344
v -186.8682403564453 -88.09703063964844 371.4578552246094
v -189.7495880126953 -87.86579895019531 371.6108703613281
v -190.1546630859375 -88.66207885742188 370.753662109375
v -191.84788513183594 -88.66706848144531 372.0216979980469
v -230.3166046142578 -88.09326934814453 371.29522705078125
v -153.27479553222656 -89.79308319091797 371.1561584472656
v -184.4530792236328 -90.18452453613281 370.5119323730469
v -182.04364013671875 -91.02510070800781 372.7777099609375
v -182.99588012695312 -89.63841247558594 372.7806701660156
v -224.3393096923828 -90.55918884277344 372.2846374511719
v -154.87118530273438 -91.07342529296875 371.92279052734375
v -156.1163330078125 -92.00239562988281 372.7987976074219
v -181.8106231689453 -91.95250701904297 371.38079833984375
v -194.59881591796875 -91.47827911376953 371.7225036621094
v -220.99508666992188 -92.14337158203125 371.9797058105469
v -157.5551300048828 -93.8303451538086 371.840087890625
v -197.05227661132812 -93.55027770996094 372.5939636230469
v -217.55584716796875 -94.5279541015625 371.1783142089844
v -159.845703125 -95.12333679199219 372.4319763183594
v -178.03909301757812 -94.9308090209961 372.8546447753906
v -198.20541381835938 -94.663818359375 373.3444519042969
v -215.15090942382812 -95.69024658203125 371.29193115234375
v -216.51771545410156 -94.61727142333984 372.6094970703125
v -159.77676391601562 -95.5965347290039 371.2477722167969
v -211.9846954345703 -97.40190124511719 370.98956298828125
v -163.93885803222656 -98.52140808105469 371.1817932128906
v -199.5548858642578 -96.63062286376953 372.555908203125
v -175.8242645263672 -98.8116455078125 370.94097900390625
v -210.22698974609375 -98.7547607421875 370.925537109375
v -209.20335388183594 -99.85430145263672 372.0882873535156
v -166.6182861328125 -102.67926788330078 371.87701416015625
v -176.61724853515625 -102.1601791381836 371.6981201171875
v -208.3291473388672 -101.36666107177734 374.28778076171875
v -196.6934814453125 -104.09208679199219 374.022705078125
v -207.73533630371094 -104.77869415283203 373.1397399902344
v -167.7581329345703 -107.8370590209961 371.7969665527344
v -191.91403198242188 -106.45726013183594 374.0138244628906
v -194.0708465576172 -106.11021423339844 372.3079833984375
v -207.95948791503906 -106.93968200683594 371.43365478515625
v -208.7677764892578 -110.6487045288086 372.45538330078125
v -209.357421875 -113.60363006591797 372.4800720214844
v -167.549560546875 -115.56265258789062 372.37347412109375
v -167.0203399658203 -116.55132293701172 370.8427429199219
v -166.95452880859375 -119.56848907470703 371.2398681640625
v -210.1246795654297 -118.92811584472656 373.1957092285156
v -166.555908203125 -121.75841522216797 370.65838623046875
v -167.4607696533203 -121.5030517578125 372.2822265625
v -210.9380340576172 -120.5954818725586 372.0356140136719
v -211.7262725830078 -123.14291381835938 371.20391845703125
v -167.43495178222656 -126.20095825195312 371.6253967285156
v -211.14300537109375 -125.84015655517578 372.01531982421875
v -210.9274139404297 -128.4954376220703 371.9027404785156
v -168.40106201171875 -130.64541625976562 372.108642578125
v -166.36346435546875 -131.93707275390625 370.2204284667969
v -167.65025329589844 -131.56207275390625 371.1430358886719
v -209.23484802246094 -133.05360412597656 372.1357727050781
v -211.29444885253906 -132.60690307617188 370.5700378417969
v -169.17860412597656 -134.84706115722656 371.3299255371094
v -170.54270935058594 -134.3223876953125 372.5434875488281
v -211.2939453125 -135.46302795410156 369.7024230957031
v -171.82362365722656 -137.26344299316406 372.32080078125
v -209.47145080566406 -137.98666381835938 370.20098876953125
v -167.63633728027344 -137.56227111816406 369.6589660644531
v -170.2653045654297 -137.2004852294922 371.1883239746094
v -205.9317626953125 -137.1236114501953 372.7669372558594
v -171.2760009765625 -138.885498046875 370.9391784667969
v -173.44534301757812 -138.534912109375 373.04595947265625
v -204.07066345214844 -139.18121337890625 372.97265625
v -172.9718475341797 -140.44088745117188 371.0205993652344
v -175.91798400878906 -140.049560546875 374.36859130859375
v -205.70388793945312 -140.71612548828125 371.2078857421875
v -173.4711456298828 -142.06983947753906 369.6438903808594
v -176.54273986816406 -142.06365966796875 372.862060546875
v -206.38296508789062 -141.08084106445312 370.2471923828125
v -177.48805236816406 -143.405029296875 371.9819030761719
v -203.27435302734375 -143.16629028320312 370.5619812011719
v -204.24505615234375 -142.4283447265625 370.9921569824219
v -180.58541870117188 -144.97792053222656 371.7362976074219
v -182.11976623535156 -145.71194458007812 370.7281494140625
v -190.2802276611328 -145.54315185546875 371.2414855957031
v -188.18113708496094 -145.83770751953125 370.40081787109375
v -194.38189697265625 -145.58262634277344 370.8136901855469
v -196.3512420654297 -145.88006591796875 371.07147216796875
v -200.48524475097656 -144.58631896972656 370.87322998046875
v -192.06585693359375 -145.80474853515625 371.20867919921875
v -197.87803649902344 -145.3983154296875 371.49658203125
v -167.04336547851562 -77.65953826904297 374.6670227050781
v -166.0238800048828 -78.53174591064453 373.5496826171875
v -168.3499298095703 -78.18052673339844 373.4686279296875
v -206.3263397216797 -79.60340118408203 374.6835632324219
v -207.9100341796875 -79.90707397460938 373.78607177734375
v -164.96507263183594 -82.19462585449219 373.22137451171875
v -172.38369750976562 -79.82837677001953 373.06195068359375
v -174.65472412109375 -81.4615707397461 372.9899597167969
v -208.93414306640625 -80.57013702392578 374.5020446777344
v -176.0631103515625 -82.5055160522461 373.4141845703125
v -204.78079223632812 -80.16905975341797 374.7244873046875
v -209.68983459472656 -81.40499877929688 374.404541015625
v -165.09548950195312 -83.26498413085938 374.37493896484375
v -177.8281707763672 -84.32205200195312 372.9631652832031
v -185.58424377441406 -84.99879455566406 371.7768859863281
v -187.86260986328125 -84.87886810302734 372.25201416015625
v -201.35557556152344 -83.41114044189453 374.33575439453125
v -211.38165283203125 -83.83671569824219 373.3622741699219
v -163.65773010253906 -85.32196044921875 372.8888854980469
v -162.071044921875 -86.38020324707031 372.1292724609375
v -179.43052673339844 -85.27043914794922 372.74884033203125
v -178.47769165039062 -84.8071060180664 374.6839294433594
v -180.06373596191406 -85.84501647949219 373.856689453125
v -182.15274047851562 -86.2463607788086 372.7105407714844
v -184.01425170898438 -86.01380920410156 372.15203857421875
v -185.07237243652344 -86.67526245117188 372.3616027832031
v -187.07676696777344 -85.98387145996094 372.2861633300781
v -190.94888305664062 -86.99571990966797 372.2862243652344
v -198.4727325439453 -85.69318389892578 373.89691162109375
v -212.2600555419922 -84.65843963623047 372.55511474609375
v -213.72021484375 -85.44707489013672 372.6799011230469
v -215.6656494140625 -85.96461486816406 373.02203369140625
v -218.9268798828125 -85.9094467163086 373.1188049316406
v -223.7735137939453 -85.64679718017578 372.9456481933594
v -227.02890014648438 -86.2515869140625 373.3623962402344
v -155.82388305664062 -87.76040649414062 371.9600830078125
v -162.94183349609375 -87.01333618164062 373.72698974609375
v -180.73220825195312 -86.6832504272461 374.41888427734375
v -183.31124877929688 -87.33124542236328 372.9067687988281
v -186.28448486328125 -87.20936584472656 372.130859375
v -188.80291748046875 -86.87461853027344 372.1181335449219
v -192.3743133544922 -86.66950225830078 372.20947265625
v -193.7822265625 -87.44879150390625 373.2120666503906
v -195.9683074951172 -87.02684020996094 374.4939270019531
v -217.28237915039062 -86.57876586914062 374.35186767578125
v -214.6009063720703 -86.1984634399414 374.24835205078125
v -220.58734130859375 -86.20884704589844 373.9418640136719
v -227.61659240722656 -87.25444793701172 373.6329650878906
v -229.56884765625 -87.19325256347656 372.14764404296875
v -154.15689086914062 -89.53394317626953 372.0427551269531
v -155.36874389648438 -88.77632904052734 372.5554504394531
v -158.42434692382812 -88.50777435302734 373.36248779296875
v -161.3715057373047 -87.84976959228516 373.60626220703125
v -184.31378173828125 -88.35762023925781 372.3270568847656
v -181.945556640625 -88.53466033935547 374.0190124511719
v -192.9727020263672 -88.09870910644531 373.2936706542969
v -193.07986450195312 -89.17192077636719 373.2465515136719
v -227.42535400390625 -88.29195404052734 373.1613464355469
v -156.1286163330078 -89.78974151611328 373.1294860839844
v -222.46559143066406 -90.49649047851562 373.98077392578125
v -224.95538330078125 -89.2314682006836 373.6263732910156
v -195.1707763671875 -91.3299331665039 374.2555236816406
v -218.8764190673828 -92.72731018066406 373.3741149902344
v -221.15350341796875 -91.25786590576172 373.64312744140625
v -158.0430908203125 -93.47103881835938 372.7928771972656
v -179.81565856933594 -93.02217102050781 372.9389953613281
v -162.66519165039062 -96.44151306152344 373.72735595703125
v -177.419677734375 -95.81257629394531 373.7972717285156
v -198.85659790039062 -95.51859283447266 373.97039794921875
v -211.7679901123047 -96.57524871826172 373.12493896484375
v -162.4836883544922 -97.04255676269531 372.36590576171875
v -176.70822143554688 -97.41101837158203 373.1606140136719
v -199.691162109375 -97.6649169921875 373.53912353515625
v -210.13766479492188 -98.13653564453125 372.835693359375
v -164.20635986328125 -98.36857604980469 372.9788818359375
v -165.2600860595703 -99.88355255126953 373.2236022949219
v -176.46009826660156 -99.1274185180664 373.0437316894531
v -199.88418579101562 -99.19548797607422 372.89154052734375
v -209.36769104003906 -98.62255859375 373.995361328125
v -176.71633911132812 -100.5069351196289 373.4985046386719
v -198.65267944335938 -101.03013610839844 375.57330322265625
v -199.8983154296875 -100.88040924072266 371.91278076171875
v -166.29556274414062 -102.072021484375 374.4744567871094
v -177.46730041503906 -101.07801818847656 375.2593688964844
v -197.78128051757812 -103.00125885009766 374.4482116699219
v -166.6304931640625 -103.48680114746094 375.1456298828125
v -166.8343963623047 -105.13062286376953 375.9521179199219
v -180.46336364746094 -104.3055419921875 375.6382141113281
v -193.2035369873047 -105.62330627441406 375.7546691894531
v -207.76058959960938 -106.0764389038086 374.43743896484375
v -167.8957977294922 -111.48509216308594 374.7577209472656
v -208.40493774414062 -109.06574249267578 373.9661560058594
v -167.824462890625 -114.5128173828125 373.86224365234375
v -209.04098510742188 -113.71454620361328 374.1968688964844
v -209.55703735351562 -118.99077606201172 374.6803283691406
v -167.90267944335938 -121.10276794433594 373.9010925292969
v -210.21804809570312 -123.44681549072266 373.63092041015625
v -168.20367431640625 -124.2972183227539 373.2688293457031
v -209.8883056640625 -128.0272674560547 373.3236083984375
v -168.8933563232422 -128.6550750732422 373.4571228027344
v -169.40846252441406 -130.7084197998047 373.4273681640625
v -208.75051879882812 -131.3289337158203 373.3476867675781
v -207.51901245117188 -133.1781005859375 373.4468078613281
v -170.81243896484375 -133.21778869628906 373.7572326660156
v -205.62066650390625 -135.46839904785156 374.1875
v -203.1324005126953 -137.97833251953125 374.71563720703125
v -172.7780303955078 -136.11447143554688 374.2159118652344
v -201.82891845703125 -139.45791625976562 374.4862060546875
v -202.39051818847656 -140.63673400878906 373.1617431640625
v -199.76577758789062 -141.44126892089844 373.927490234375
v -179.32305908203125 -143.6276092529297 372.9421081542969
v -200.28343200683594 -143.9948272705078 371.87542724609375
v -197.2786102294922 -142.3626251220703 374.1937255859375
v -192.4302215576172 -144.59620666503906 372.86273193359375
v -191.4654541015625 -142.73867797851562 375.0602722167969
v -194.781005859375 -144.97293090820312 372.1991271972656
v -195.34107971191406 -143.3626251220703 373.78985595703125
v -183.1234130859375 -144.77423095703125 372.4296569824219
v -189.38343811035156 -144.7793731689453 372.5817565917969
v -166.75326538085938 -77.65011596679688 376.81329345703125
v -168.2041778564453 -76.92164611816406 376.1280212402344
v -170.71286010742188 -78.04755401611328 375.0592041015625
v -169.42352294921875 -77.28929138183594 375.79833984375
v -173.2843017578125 -79.9732894897461 374.24493408203125
v -206.01231384277344 -78.95934295654297 376.97027587890625
v -165.8563690185547 -79.34996795654297 375.1048278808594
v -165.98574829101562 -80.11346435546875 376.3117980957031
v -176.2776641845703 -82.51632690429688 375.4273986816406
v -211.08534240722656 -83.92449188232422 374.8114013671875
v -165.1446533203125 -84.84387969970703 375.00067138671875
v -164.07162475585938 -86.02288818359375 374.1296691894531
v -179.05699157714844 -85.96968841552734 376.1407470703125
v -199.84942626953125 -84.38248443603516 375.92022705078125
v -212.67889404296875 -85.1952896118164 374.0516357421875
v -212.53961181640625 -86.08147430419922 375.555908203125
v -222.37754821777344 -86.66680908203125 374.3824462890625
v -181.38758850097656 -87.59849548339844 374.3945617675781
v -179.3091278076172 -87.38250732421875 376.8536682128906
v -195.21282958984375 -87.78567504882812 375.7555847167969
v -215.14822387695312 -87.00577545166016 375.2784118652344
v -218.58160400390625 -87.18531799316406 375.1001892089844
v -219.7963104248047 -87.88568878173828 375.53729248046875
v -224.76516723632812 -87.05205535888672 374.2477111816406
v -222.38221740722656 -87.84481048583984 375.2637023925781
v -159.29067993164062 -89.38829040527344 374.153076171875
v -161.73207092285156 -88.87191772460938 374.5350646972656
v -163.7952423095703 -87.90087127685547 374.9400634765625
v -194.78001403808594 -88.9766616821289 376.13311767578125
v -214.20152282714844 -87.5096435546875 375.90576171875
v -223.0281982421875 -88.55784606933594 375.2557373046875
v -224.78570556640625 -88.1020736694336 374.32318115234375
v -157.7595977783203 -90.85415649414062 373.8617248535156
v -160.8377685546875 -90.46056365966797 374.90106201171875
v -164.20481872558594 -89.39205169677734 375.8592224121094
v -181.2952423095703 -90.33914947509766 374.15374755859375
v -179.383544921875 -90.1422348022461 376.7331237792969
v -194.91697692871094 -90.15943908691406 375.8276062011719
v -220.28564453125 -90.79039001464844 374.78466796875
v -220.8126220703125 -89.74870300292969 375.3239440917969
v -159.30953979492188 -92.30401611328125 374.19427490234375
v -161.18927001953125 -91.57207489013672 375.1291809082031
v -180.2652130126953 -91.7235107421875 374.49798583984375
v -218.286376953125 -92.22515869140625 374.5622863769531
v -160.5447998046875 -94.445068359375 373.7447814941406
v -161.46945190429688 -93.48943328857422 374.92327880859375
v -164.13217163085938 -94.27655792236328 376.2771301269531
v -178.7431182861328 -93.32733917236328 375.1216125488281
v -197.802978515625 -93.54106140136719 377.0940856933594
v -163.50367736816406 -95.5503158569336 375.36419677734375
v -177.78515625 -94.53350830078125 376.02764892578125
v -212.63162231445312 -95.3857192993164 374.1925048828125
v -210.38783264160156 -96.42399597167969 374.827880859375
v -212.1474609375 -94.43096160888672 375.35162353515625
v -215.75802612304688 -93.2334213256836 375.0050354003906
v -215.60264587402344 -94.4406509399414 373.70709228515625
v -164.54759216308594 -97.4150619506836 374.91461181640625
v -177.10263061523438 -96.39620971679688 375.1211242675781
v -199.0787811279297 -96.1694107055664 376.12213134765625
v -176.79539489746094 -98.66278076171875 375.46282958984375
v -199.23629760742188 -97.4386215209961 376.1888427734375
v -165.6056365966797 -99.41504669189453 374.9234924316406
v -198.9967498779297 -98.60352325439453 376.92498779296875
v -208.66036987304688 -99.70320892333984 374.9789123535156
v -178.34300231933594 -101.86639404296875 376.44976806640625
v -179.6633758544922 -102.71883392333984 377.43084716796875
v -208.0174560546875 -102.33103942871094 376.6890869140625
v -167.7351837158203 -109.3633804321289 374.8567810058594
v -183.18096923828125 -105.45474243164062 376.9021911621094
v -185.77169799804688 -106.10245513916016 376.8053283691406
v -188.67596435546875 -106.3094253540039 376.5499572753906
v -208.6892852783203 -109.9642333984375 375.8458557128906
v -167.7965087890625 -118.29200744628906 375.31134033203125
v -208.9641571044922 -114.40636444091797 375.6377258300781
v -209.3312225341797 -121.26868438720703 376.2166442871094
v -168.0369110107422 -121.16854095458984 375.80828857421875
v -168.50611877441406 -122.59098815917969 375.7648620605469
v -168.5664825439453 -123.9477310180664 374.5239562988281
v -209.568115234375 -124.04365539550781 374.9710388183594
v -169.09266662597656 -126.59590148925781 376.5499572753906
v -169.42910766601562 -128.83583068847656 375.36224365234375
v -209.171875 -128.23692321777344 374.3597717285156
v -209.1117706298828 -125.64425659179688 375.7958068847656
v -208.43914794921875 -129.3394012451172 375.3137512207031
v -170.84255981445312 -132.11294555664062 375.2622985839844
v -207.46780395507812 -131.5675811767578 374.849853515625
v -171.82501220703125 -133.4266815185547 375.4462890625
v -173.2607879638672 -135.02056884765625 376.2680969238281
v -205.54928588867188 -134.55662536621094 375.36517333984375
v -175.30947875976562 -138.5022430419922 375.3643798828125
v -199.24378967285156 -140.5199432373047 375.0937194824219
v -200.55043029785156 -139.33973693847656 375.8514709472656
v -196.18649291992188 -141.21588134765625 375.9032897949219
v -178.25221252441406 -139.93386840820312 376.48828125
v -179.87913513183594 -141.16299438476562 375.94830322265625
v -182.06793212890625 -141.60009765625 376.201904296875
v -183.82862854003906 -142.51553344726562 375.3640441894531
v -187.74087524414062 -141.99969482421875 376.3485412597656
v -167.4465789794922 -76.88631439208984 376.9219970703125
v -168.48277282714844 -75.7059326171875 379.4136962890625
v -167.24952697753906 -76.69734954833984 378.1168518066406
v -169.2667694091797 -76.09110260009766 378.5143127441406
v -172.98895263671875 -79.31285095214844 375.916015625
v -170.4620361328125 -77.16657257080078 377.5630798339844
v -171.02151489257812 -77.36055755615234 379.0207214355469
v -205.25328063964844 -79.37080383300781 378.03680419921875
v -204.8795166015625 -79.70435333251953 376.4911804199219
v -206.9384002685547 -79.38235473632812 376.970458984375
v -207.48196411132812 -80.14407348632812 379.48577880859375
v -173.5445098876953 -79.74674224853516 377.3321228027344
v -174.7113037109375 -81.12850952148438 379.161376953125
v -202.1972198486328 -81.41970825195312 378.4173889160156
v -208.83932495117188 -81.26605224609375 377.2857666015625
v -166.10409545898438 -81.62922668457031 376.9568176269531
v -167.05718994140625 -84.95018768310547 379.10980224609375
v -199.81288146972656 -83.95714569091797 378.6208801269531
v -211.0242156982422 -84.75642395019531 376.1361999511719
v -210.1671905517578 -85.04918670654297 377.6951904296875
v -209.70347595214844 -83.07968139648438 377.2441711425781
v -166.19110107421875 -86.16761016845703 377.12847900390625
v -177.96348571777344 -85.07847595214844 378.1245422363281
v -177.79991149902344 -86.08341979980469 379.717041015625
v -198.22743225097656 -85.62530517578125 377.0954895019531
v -211.9139404296875 -87.04078674316406 376.6630859375
v -211.02989196777344 -87.4306640625 377.42144775390625
v -165.46340942382812 -87.82929992675781 376.4416809082031
v -167.12060546875 -87.75199890136719 378.6544189453125
v -197.24249267578125 -86.44291687011719 378.5035705566406
v -167.0564422607422 -89.58566284179688 378.4351806640625
v -178.72903442382812 -88.45254516601562 378.1465148925781
v -179.79971313476562 -88.6544189453125 376.46759033203125
v -195.80062866210938 -87.90577697753906 378.34332275390625
v -211.48382568359375 -89.98675537109375 377.2842102050781
v -209.8915557861328 -88.68070983886719 378.4020080566406
v -212.806884765625 -89.6810073852539 376.91351318359375
v -214.29849243164062 -88.70083618164062 376.42303466796875
v -220.1675567626953 -88.7258071899414 375.7204895019531
v -164.84254455566406 -91.063720703125 376.5666198730469
v -166.5735321044922 -90.70352172851562 377.88226318359375
v -210.09336853027344 -91.38707733154297 377.7091979980469
v -216.93927001953125 -89.87674713134766 376.2161560058594
v -164.21209716796875 -92.89463806152344 376.4305114746094
v -176.9154510498047 -93.76348114013672 378.6969299316406
v -179.1095428466797 -91.61862182617188 376.3677673339844
v -195.9749298095703 -90.76856994628906 378.4635009765625
v -208.78329467773438 -94.05155181884766 378.1134338378906
v -211.37779235839844 -91.96646118164062 376.8363342285156
v -216.17408752441406 -90.8886947631836 376.1970520019531
v -217.6534423828125 -91.23533630371094 375.6112060546875
v -165.85983276367188 -94.43568420410156 377.28955078125
v -212.10958862304688 -93.21415710449219 376.13677978515625
v -176.97840881347656 -95.38851928710938 377.48114013671875
v -198.7175750732422 -94.59970092773438 379.1269226074219
v -209.53831481933594 -95.43307495117188 376.62451171875
v -210.5851287841797 -94.34996032714844 376.26483154296875
v -165.39630126953125 -96.6269760131836 376.3652038574219
v -166.83729553222656 -95.84414672851562 377.9562683105469
v -176.75933837890625 -97.67475128173828 377.1181335449219
v -208.87991333007812 -96.92227172851562 376.7929382324219
v -166.144287109375 -98.86662292480469 376.3914489746094
v -166.73641967773438 -97.64506530761719 377.68585205078125
v -167.5575408935547 -98.18975830078125 378.98291015625
v -177.174072265625 -99.5054702758789 377.8489990234375
v -208.48545837402344 -98.3007583618164 376.8860778808594
v -208.12039184570312 -100.11640930175781 377.4207763671875
v -167.0289306640625 -100.14657592773438 378.5582580566406
v -166.44927978515625 -100.95855712890625 376.7764892578125
v -178.04603576660156 -100.97954559326172 377.88763427734375
v -166.55972290039062 -102.67650604248047 377.887939453125
v -197.07968139648438 -101.38192749023438 378.3388366699219
v -166.35472106933594 -104.0914306640625 379.3555603027344
v -195.79830932617188 -102.95436096191406 377.8542175292969
v -208.0225830078125 -104.38053894042969 377.5221862792969
v -166.39895629882812 -105.89722442626953 378.7151794433594
v -192.84121704101562 -103.85350036621094 380.3261413574219
v -185.79812622070312 -105.44259643554688 379.16375732421875
v -190.96302795410156 -105.5692367553711 378.1485595703125
v -208.5859832763672 -107.38690185546875 377.6052551269531
v -167.36488342285156 -109.72886657714844 377.24041748046875
v -209.02137756347656 -110.21346282958984 377.4560241699219
v -167.6005401611328 -112.65201568603516 376.86773681640625
v -209.06124877929688 -114.71477508544922 377.0693054199219
v -167.5433349609375 -118.35399627685547 376.6892395019531
v -209.27586364746094 -120.97256469726562 377.44415283203125
v -167.75912475585938 -122.01367950439453 377.5876770019531
v -168.6530303955078 -125.98611450195312 378.5550231933594
v -208.9254608154297 -125.74430847167969 377.1178894042969
v -169.67828369140625 -129.01300048828125 377.3421936035156
v -208.23255920410156 -128.40362548828125 377.3883056640625
v -170.74415588378906 -131.28257751464844 377.1767883300781
v -207.20310974121094 -131.05624389648438 376.3450927734375
v -207.35678100585938 -130.10504150390625 378.2963562011719
v -172.58631896972656 -133.65464782714844 377.51934814453125
v -206.2560272216797 -132.2541961669922 379.0382995605469
v -204.97227478027344 -134.74246215820312 376.78155517578125
v -173.34228515625 -134.12327575683594 378.6369934082031
v -203.388671875 -136.25523376464844 378.5444030761719
v -204.9071502685547 -134.45777893066406 378.70489501953125
v -174.81283569335938 -136.56524658203125 377.14483642578125
v -202.77493286132812 -137.35177612304688 376.49322509765625
v -201.93313598632812 -137.52191162109375 378.629150390625
v -176.48153686523438 -138.2364959716797 377.21612548828125
v -199.96058654785156 -139.06524658203125 377.3155517578125
v -182.15292358398438 -140.557373046875 377.8758239746094
v -196.62673950195312 -140.31883239746094 377.3031005859375
v -196.69422912597656 -139.8583526611328 378.576904296875
v -185.34136962890625 -141.2877960205078 377.43975830078125
v -188.67071533203125 -140.86026000976562 378.6036071777344
v -192.2581329345703 -141.2079315185547 377.163818359375
v -168.02825927734375 -75.98124694824219 380.452392578125
v -168.68246459960938 -75.42198944091797 380.5815734863281
v -167.2412872314453 -77.4076919555664 380.0303955078125
v -167.13790893554688 -79.88033294677734 381.597412109375
v -171.8965606689453 -78.30535125732422 380.8435363769531
v -204.9117889404297 -79.70091247558594 381.1537170410156
v -204.01641845703125 -80.02015686035156 380.5104064941406
v -206.25155639648438 -79.41654205322266 378.9383239746094
v -205.9571075439453 -80.25035858154297 382.38494873046875
v -202.2054443359375 -81.50104522705078 381.50604248046875
v -207.94503784179688 -81.5673828125 381.0601501464844
v -207.72276306152344 -82.54318237304688 382.7584228515625
v -176.23355102539062 -83.0560531616211 379.2814636230469
v -176.9183807373047 -84.8874282836914 381.07562255859375
v -198.18177795410156 -85.66607666015625 382.3031005859375
v -208.9397735595703 -83.94591522216797 379.9009094238281
v -209.20399475097656 -85.87721252441406 379.7162780761719
v -209.67684936523438 -86.78235626220703 378.81915283203125
v -167.7976837158203 -86.69910430908203 380.26837158203125
v -168.59658813476562 -88.5234375 380.74517822265625
v -196.1942138671875 -88.48550415039062 381.6982421875
v -195.9873046875 -89.11577606201172 380.75238037109375
v -208.76165771484375 -90.23246002197266 379.5704345703125
v -177.74765014648438 -89.57845306396484 379.7169189453125
v -169.19662475585938 -92.11890411376953 380.46990966796875
v -176.03225708007812 -93.13664245605469 380.0827941894531
v -198.25375366210938 -92.95123291015625 381.0206604003906
v -207.89926147460938 -93.8875961303711 379.5367736816406
v -169.20001220703125 -94.93037414550781 380.45556640625
v -176.0448455810547 -95.37158203125 379.6208190917969
v -176.40628051757812 -97.0086669921875 379.01080322265625
v -199.02891540527344 -96.32396697998047 379.3903503417969
v -206.53660583496094 -95.89926147460938 381.9694519042969
v -207.80743408203125 -97.72421264648438 378.9344787597656
v -176.79641723632812 -98.90907287597656 379.5013427734375
v -198.64508056640625 -98.04327392578125 380.16754150390625
v -197.44314575195312 -99.58148193359375 381.1888122558594
v -198.3357696533203 -99.64441680908203 378.09906005859375
v -167.6143798828125 -100.77241516113281 381.01837158203125
v -166.7862548828125 -101.70388793945312 379.12322998046875
v -167.97439575195312 -99.45458984375 380.3656921386719
v -177.9222869873047 -100.5270767211914 379.9540100097656
v -195.8148651123047 -100.84224700927734 381.7955322265625
v -207.32553100585938 -100.8946304321289 381.2970886230469
v -207.13589477539062 -99.4329605102539 381.0790100097656
v -207.83065795898438 -101.38420104980469 379.2990417480469
v -179.38018798828125 -101.7018814086914 379.6595458984375
v -181.9647216796875 -102.835693359375 380.8979187011719
v -208.0836944580078 -103.74198913574219 379.14776611328125
v -192.5518798828125 -102.57393646240234 383.31195068359375
v -208.71328735351562 -105.0674819946289 381.1456604003906
v -189.5714569091797 -105.42656707763672 379.2621765136719
v -209.04049682617188 -106.79612731933594 379.7997131347656
v -165.90951538085938 -107.83340454101562 380.578369140625
v -209.44888305664062 -109.2847671508789 378.9595031738281
v -167.0848388671875 -111.79953002929688 378.45709228515625
v -209.4071502685547 -112.72903442382812 378.2133483886719
v -210.2191619873047 -110.2577133178711 380.0777893066406
v -210.0292205810547 -113.03846740722656 379.4855041503906
v -166.33592224121094 -116.64120483398438 379.3525390625
v -165.914306640625 -110.89107513427734 380.7948913574219
v -166.97781372070312 -117.84564971923828 378.15625
v -210.0879364013672 -119.63410186767578 380.0331115722656
v -209.5184326171875 -120.5101547241211 378.7250061035156
v -166.99591064453125 -120.74600982666016 378.6822814941406
v -209.95411682128906 -121.8425521850586 380.3456115722656
v -167.1784210205078 -122.9266357421875 379.2762451171875
v -209.1039581298828 -124.97504425048828 378.9079895019531
v -168.6422576904297 -127.90364837646484 380.2525634765625
v -208.41677856445312 -127.682861328125 379.1920166015625
v -169.33663940429688 -128.57208251953125 378.9935607910156
v -207.40296936035156 -130.29856872558594 381.4624938964844
v -170.400390625 -130.6939697265625 379.0128479003906
v -172.00775146484375 -132.72767639160156 379.24560546875
v -174.79490661621094 -135.74325561523438 379.1357116699219
v -204.8380126953125 -134.53903198242188 381.0733642578125
v -176.4087371826172 -137.16375732421875 379.4332580566406
v -178.02655029296875 -138.06625366210938 379.5812072753906
v -179.97882080078125 -139.11788940429688 379.17962646484375
v -200.1975555419922 -138.4412384033203 379.7449645996094
v -197.24310302734375 -139.4696502685547 379.935791015625
v -183.29708862304688 -139.82798767089844 379.80157470703125
v -186.06964111328125 -140.28213500976562 379.9730529785156
v -192.8827362060547 -140.49588012695312 378.8028259277344
v -170.2637481689453 -76.85831451416016 380.905029296875
v -205.5682373046875 -79.83146667480469 381.5610046386719
v -173.63502502441406 -80.59578704833984 382.0467224121094
v -206.74972534179688 -81.25736999511719 382.93896484375
v -167.567138671875 -81.93952941894531 382.2865295410156
v -175.51812744140625 -83.00366973876953 382.2346496582031
v -200.94186401367188 -82.82769012451172 381.5799255371094
v -168.1689453125 -84.4687728881836 382.90496826171875
v -208.65423583984375 -86.21311950683594 381.0210876464844
v -168.76365661621094 -86.33865356445312 382.6876525878906
v -169.68780517578125 -88.47866821289062 382.1517639160156
v -176.77796936035156 -86.57878875732422 382.2923583984375
v -196.6202850341797 -87.57926177978516 381.5150451660156
v -176.71446228027344 -89.08366394042969 381.3076477050781
v -208.2681121826172 -89.3111801147461 381.033935546875
v -170.4721221923828 -89.96281433105469 382.0081787109375
v -175.6837615966797 -91.37818145751953 381.1510314941406
v -197.14122009277344 -90.46915435791016 382.92486572265625
v -175.291259765625 -93.83863830566406 380.6483154296875
v -173.6790008544922 -91.63468933105469 382.0323486328125
v -174.38070678710938 -94.29945373535156 381.3186340332031
v -206.8527374267578 -93.75196075439453 382.02825927734375
v -198.87161254882812 -93.19554901123047 382.4763488769531
v -199.217041015625 -94.73328399658203 381.7832336425781
v -175.47152709960938 -96.31678771972656 380.7388610839844
v -199.26434326171875 -96.27396392822266 382.02484130859375
v -206.4687957763672 -97.91647338867188 382.05584716796875
v -169.7561492919922 -96.86830139160156 381.5425720214844
v -176.18124389648438 -98.50289154052734 381.0863037109375
v -198.6653289794922 -97.83299255371094 382.18170166015625
v -169.34205627441406 -99.68749237060547 382.8630065917969
v -177.54196166992188 -100.24490356445312 381.993408203125
v -167.25001525878906 -102.90316009521484 384.0940246582031
v -166.60806274414062 -102.96192932128906 381.4878234863281
v -179.43743896484375 -101.30022430419922 382.21380615234375
v -180.98899841308594 -101.94290924072266 382.0623779296875
v -207.90322875976562 -102.80672454833984 381.271728515625
v -165.74844360351562 -104.40069580078125 382.4643249511719
v -165.20970153808594 -106.16104888916016 382.9900207519531
v -185.58277893066406 -103.89640808105469 382.29022216796875
v -187.714111328125 -104.13756561279297 382.5215148925781
v -188.8618621826172 -103.686279296875 383.6893005371094
v -190.79669189453125 -103.4561767578125 383.3432922363281
v -209.91749572753906 -106.3260726928711 382.8753356933594
v -210.0343475341797 -107.52049255371094 381.35394287109375
v -165.1612091064453 -109.11215209960938 382.4686584472656
v -211.2987060546875 -111.27470397949219 381.4837951660156
v -164.35650634765625 -118.62959289550781 382.4938659667969
v -164.31204223632812 -115.57772064208984 382.67376708984375
v -164.72691345214844 -120.49867248535156 382.1814880371094
v -165.57223510742188 -122.7154541015625 381.5933837890625
v -209.449462890625 -124.84420013427734 380.5387878417969
v -210.32455444335938 -123.52201843261719 381.931396484375
v -167.58779907226562 -126.16883850097656 380.8149719238281
v -209.9735870361328 -125.67056274414062 383.1316833496094
v -208.738037109375 -127.49964904785156 381.32562255859375
v -169.72018432617188 -130.21812438964844 381.0723571777344
v -171.5333709716797 -132.30422973632812 380.89703369140625
v -205.98013305664062 -132.9644317626953 381.57958984375
v -174.4475860595703 -135.21432495117188 381.4010925292969
v -203.3151397705078 -136.34591674804688 382.10064697265625
v -176.39895629882812 -136.7695770263672 381.7450256347656
v -177.95388793945312 -137.55918884277344 381.62744140625
v -179.8132781982422 -138.23558044433594 381.3556213378906
v -201.36614990234375 -137.77630615234375 382.09222412109375
v -183.39779663085938 -139.3252716064453 381.5016784667969
v -186.9755096435547 -139.72552490234375 382.9044189453125
v -193.59185791015625 -140.0423126220703 380.373046875
v -195.1543731689453 -139.58973693847656 382.6268005371094
v -197.85031127929688 -139.14637756347656 382.03338623046875
v -189.81068420410156 -140.26206970214844 380.7065124511719
v -168.44570922851562 -77.9987564086914 383.06549072265625
v -169.46038818359375 -76.79375457763672 381.8717346191406
v -167.9705352783203 -79.10286712646484 383.296630859375
v -169.13299560546875 -78.76641082763672 384.51849365234375
v -170.40420532226562 -78.32810974121094 383.5933532714844
v -171.52391052246094 -78.71501159667969 382.7867736816406
v -171.78675842285156 -80.506103515625 385.4347229003906
v -168.21339416503906 -81.18182373046875 384.24847412109375
v -203.72325134277344 -81.10417938232422 383.9445495605469
v -204.50218200683594 -80.9164810180664 384.0777893066406
v -174.58665466308594 -83.28414154052734 385.47637939453125
v -201.7376708984375 -82.7097396850586 384.266845703125
v -176.131591796875 -84.70343017578125 383.6094970703125
v -207.2833251953125 -84.96665954589844 385.1826171875
v -170.5113983154297 -87.8369140625 383.6214904785156
v -197.43023681640625 -87.29513549804688 384.4759521484375
v -207.3150634765625 -86.88610076904297 385.0420227050781
v -172.18629455566406 -88.90533447265625 383.6395263671875
v -171.45004272460938 -86.72114562988281 385.7662353515625
v -175.49356079101562 -88.38170623779297 383.2750549316406
v -175.6200714111328 -85.84881591796875 384.97686767578125
v -206.99957275390625 -89.06707000732422 384.9459228515625
v -172.09573364257812 -90.5771255493164 382.43975830078125
v -170.79220581054688 -91.80850219726562 381.5326232910156
v -173.36488342285156 -89.6004867553711 383.2110595703125
v -174.39906311035156 -89.17218017578125 383.3849182128906
v -175.0769500732422 -90.16619110107422 382.263916015625
v -197.4182891845703 -89.388916015625 384.80303955078125
v -171.9319305419922 -92.79861450195312 381.7734375
v -170.5838165283203 -94.91899871826172 381.5230407714844
v -173.16175842285156 -92.99151611328125 381.8271789550781
v -199.54371643066406 -93.397705078125 383.8415832519531
v -198.85934448242188 -91.30162048339844 385.0832824707031
v -171.752685546875 -95.25926208496094 382.0982666015625
v -173.25331115722656 -94.74713897705078 381.9082946777344
v -199.8605194091797 -95.50531768798828 383.5813293457031
v -171.48077392578125 -97.24055480957031 382.9233703613281
v -172.92657470703125 -96.65758514404297 382.74664306640625
v -174.26242065429688 -96.73326873779297 382.15966796875
v -205.80213928222656 -94.6059341430664 383.5889587402344
v -205.5356903076172 -97.5159683227539 383.52728271484375
v -170.4353790283203 -98.89299774169922 383.3868103027344
v -172.9927215576172 -99.5556869506836 385.14794921875
v -174.31874084472656 -98.82537841796875 384.1427307128906
v -175.2434844970703 -97.9708480834961 382.1588439941406
v -199.13504028320312 -97.40850067138672 383.4302062988281
v -197.71331787109375 -99.06617736816406 383.5657043457031
v -195.74124145507812 -100.3756332397461 384.265625
v -206.28475952148438 -100.06138610839844 383.32049560546875
v -176.14466857910156 -99.59423828125 383.43206787109375
v -177.01068115234375 -100.46299743652344 384.75970458984375
v -194.07571411132812 -101.20490264892578 384.1554870605469
v -179.40480041503906 -101.35840606689453 384.88580322265625
v -181.2742462158203 -101.76637268066406 384.6537780761719
v -207.03115844726562 -101.70268249511719 383.32977294921875
v -165.62916564941406 -104.86296081542969 384.135009765625
v -186.1401824951172 -103.31026458740234 384.3923645019531
v -208.32571411132812 -103.96729278564453 383.1951599121094
v -209.5416259765625 -105.56932067871094 383.6954345703125
v -212.06614685058594 -108.17911529541016 384.69061279296875
v -164.90614318847656 -107.93879699707031 383.64508056640625
v -211.8505859375 -109.70796203613281 382.9362487792969
v -164.23704528808594 -109.75025939941406 384.6546936035156
v -163.9537353515625 -111.6638412475586 384.2452697753906
v -212.51841735839844 -111.35814666748047 384.2431640625
v -212.25338745117188 -115.3604507446289 383.1608581542969
v -212.732666015625 -115.7384262084961 384.3509826660156
v -163.676513671875 -118.01483917236328 384.1487731933594
v -211.86764526367188 -120.45832824707031 383.32135009765625
v -212.3452911376953 -121.47528839111328 384.82330322265625
v -164.03602600097656 -124.52188873291016 385.2049865722656
v -164.533935546875 -124.50638580322266 384.2042541503906
v -210.83421325683594 -125.76541137695312 385.8160705566406
v -165.5271759033203 -127.06484985351562 384.7155456542969
v -166.88601684570312 -128.754638671875 384.6911926269531
v -167.75259399414062 -128.00296020507812 382.1884765625
v -210.08482360839844 -126.61778259277344 385.1213684082031
v -168.49229431152344 -129.55471801757812 382.83038330078125
v -170.8774871826172 -132.17599487304688 383.02789306640625
v -169.0857696533203 -131.24520874023438 385.3049621582031
v -173.48114013671875 -134.68833923339844 383.78643798828125
v -175.64105224609375 -136.3448944091797 383.9656066894531
v -176.71401977539062 -137.105224609375 385.02325439453125
v -177.89813232421875 -137.5235137939453 384.6422119140625
v -179.71218872070312 -138.00082397460938 383.3901062011719
v -182.55581665039062 -138.5958251953125 384.04949951171875
v -185.04205322265625 -139.2570343017578 383.9527587890625
v -201.2709503173828 -137.87486267089844 386.9243469238281
v -192.30787658691406 -139.85409545898438 382.7626037597656
v -189.35409545898438 -139.89759826660156 383.0245056152344
v -170.1103515625 -79.37763977050781 385.19281005859375
v -173.56137084960938 -82.61543273925781 386.4250793457031
v -168.83767700195312 -83.54621124267578 385.486328125
v -203.4832763671875 -82.25655364990234 385.8251953125
v -204.9356689453125 -82.19499206542969 386.07037353515625
v -205.7756805419922 -83.2850570678711 386.98150634765625
v -174.531005859375 -84.41434478759766 386.7632141113281
v -199.999755859375 -84.88932800292969 385.7455749511719
v -202.0741424560547 -83.77052307128906 386.65728759765625
v -170.74404907226562 -85.18633270263672 387.2471618652344
v -198.3301544189453 -87.15704345703125 386.2560119628906
v -173.2289276123047 -86.47567749023438 386.5195007324219
v -174.47979736328125 -86.4961929321289 386.0821533203125
v -197.5307159423828 -88.37010192871094 385.97357177734375
v -198.5982208251953 -89.87395477294922 386.60546875
v -206.18020629882812 -91.94285583496094 384.55743408203125
v -205.44691467285156 -90.22451782226562 386.9576416015625
v -206.25892639160156 -88.81957244873047 386.9573974609375
v -200.17958068847656 -92.68156433105469 385.328369140625
v -200.807861328125 -93.8957290649414 385.3790588378906
v -205.08773803710938 -93.99698638916016 384.7922668457031
v -204.31658935546875 -93.33436584472656 385.7986755371094
v -200.7292022705078 -96.1375503540039 385.1717834472656
v -201.45376586914062 -94.88851928710938 385.6592102050781
v -203.98988342285156 -95.41727447509766 385.2775573730469
v -204.78028869628906 -96.81131744384766 384.426025390625
v -203.9136505126953 -97.55769348144531 385.1966247558594
v -172.390380859375 -100.72952270507812 386.1460266113281
v -199.81109619140625 -97.19942474365234 384.5762939453125
v -197.62167358398438 -99.38172912597656 384.916259765625
v -198.96949768066406 -98.4979476928711 384.8954162597656
v -204.60031127929688 -99.74347686767578 385.2536926269531
v -170.3438720703125 -102.38378143310547 386.6108093261719
v -175.20042419433594 -100.15484619140625 385.2624816894531
v -194.03680419921875 -101.2525405883789 386.19189453125
v -196.66363525390625 -100.19795989990234 385.86761474609375
v -168.75131225585938 -102.45632934570312 385.6796875
v -178.05149841308594 -101.4100570678711 386.1581115722656
v -184.0888671875 -102.37258911132812 385.22698974609375
v -191.4869842529297 -102.7986068725586 385.1450500488281
v -205.70208740234375 -101.49052429199219 385.2519226074219
v -207.44969177246094 -104.0446548461914 385.9935302734375
v -208.0933074951172 -104.02027130126953 384.6340026855469
v -167.42282104492188 -104.27513885498047 386.9692077636719
v -166.57864379882812 -104.3137435913086 385.57904052734375
v -186.43798828125 -103.11116027832031 386.0865478515625
v -185.0215606689453 -102.7374496459961 387.0007629394531
v -189.11215209960938 -103.40584564208984 385.711669921875
v -210.23526000976562 -106.25082397460938 385.328125
v -165.61073303222656 -106.84204864501953 386.586181640625
v -164.78451538085938 -108.09307861328125 385.22784423828125
v -211.59036254882812 -107.62948608398438 385.85504150390625
v -212.33773803710938 -109.30794525146484 385.658447265625
v -164.0854034423828 -110.3552474975586 386.28302001953125
v -163.78082275390625 -111.48828887939453 385.3769836425781
v -212.85321044921875 -113.25578308105469 385.455810546875
v -163.5341339111328 -116.96823120117188 385.4967346191406
v -212.67044067382812 -120.31761932373047 385.7901306152344
v -163.73277282714844 -123.28076171875 386.0699768066406
v -211.84613037109375 -122.98365020751953 385.6891784667969
v -212.3365020751953 -121.55279541015625 386.6229553222656
v -164.81605529785156 -126.26229858398438 386.1520080566406
v -165.466064453125 -127.69580841064453 387.0514221191406
v -167.29005432128906 -129.60496520996094 386.2178039550781
v -208.39010620117188 -129.7236785888672 385.4015808105469
v -208.72064208984375 -129.37008666992188 387.1219482421875
v -169.74331665039062 -132.6674346923828 387.2387390136719
v -206.8064422607422 -132.70706176757812 386.8938293457031
v -174.01968383789062 -136.65884399414062 388.95257568359375
v -204.9599151611328 -135.27005004882812 387.93780517578125
v -179.20323181152344 -138.0647735595703 385.8116455078125
v -199.69187927246094 -138.50909423828125 388.126220703125
v -203.40219116210938 -136.57192993164062 387.45947265625
v -186.302978515625 -139.30921936035156 386.9188537597656
v -189.32913208007812 -139.59542846679688 386.9039001464844
v -195.048095703125 -139.3981475830078 389.0581970214844
v -197.6155242919922 -139.08065795898438 388.6084289550781
v -168.99383544921875 -81.10169219970703 385.6812744140625
v -170.16275024414062 -80.76239013671875 386.3681335449219
v -170.32986450195312 -82.17349243164062 387.2109680175781
v -171.6601104736328 -81.97124481201172 387.45751953125
v -169.88914489746094 -83.47736358642578 386.92340087890625
v -203.78445434570312 -82.94676971435547 386.8509521484375
v -206.5238800048828 -85.32823181152344 386.69482421875
v -174.2925262451172 -84.8718032836914 387.02923583984375
v -198.2000274658203 -88.19969177246094 386.9585876464844
v -199.9956817626953 -87.0273666381836 388.3450012207031
v -200.7959442138672 -91.9860610961914 386.41259765625
v -201.610595703125 -90.53495788574219 387.8919677734375
v -202.55653381347656 -91.56067657470703 387.3447570800781
v -203.40249633789062 -92.78166198730469 386.5340270996094
v -203.5313720703125 -90.27603912353516 388.08734130859375
v -201.97222900390625 -93.40899658203125 386.22064208984375
v -202.7843017578125 -94.78528594970703 385.8748474121094
v -201.9178466796875 -96.58992767333984 385.7480163574219
v -203.0563507080078 -96.86912536621094 385.5882263183594
v -200.61392211914062 -98.1772689819336 385.7886047363281
v -201.96640014648438 -98.78392028808594 386.13641357421875
v -198.88858032226562 -99.78501892089844 386.4188232421875
v -200.42776489257812 -100.33036804199219 387.0104064941406
v -203.12197875976562 -99.8201675415039 386.19293212890625
v -194.43299865722656 -101.48733520507812 386.9981689453125
v -199.3427276611328 -101.04499053955078 387.6066589355469
v -201.3216094970703 -102.16118621826172 387.93035888671875
v -174.12496948242188 -102.30404663085938 387.4853210449219
v -177.1455841064453 -102.00757598876953 387.3055725097656
v -180.2528839111328 -102.18367767333984 387.0083923339844
v -182.96234130859375 -102.29640197753906 386.40802001953125
v -191.57244873046875 -103.04832458496094 386.5943908691406
v -203.5914306640625 -102.89549255371094 387.67535400390625
v -205.30979919433594 -102.91465759277344 386.7522277832031
v -186.4280242919922 -103.43226623535156 387.3416748046875
v -189.1381378173828 -103.67472076416016 386.99798583984375
v -166.67413330078125 -105.27885437011719 386.72064208984375
v -209.39454650878906 -105.97437286376953 386.7462158203125
v -211.16403198242188 -108.2497787475586 387.3672790527344
v -164.48289489746094 -110.30265045166016 386.80316162109375
v -211.8160400390625 -109.65428924560547 387.42840576171875
v -210.89218139648438 -108.78772735595703 387.84747314453125
v -212.2720184326172 -109.92932891845703 386.7464904785156
v -212.65078735351562 -115.39449310302734 386.68011474609375
v -163.7969207763672 -117.39781951904297 386.617431640625
v -164.03411865234375 -123.115234375 387.16644287109375
v -211.6001739501953 -122.83343505859375 386.9646301269531
v -164.2615509033203 -124.87581634521484 386.77197265625
v -210.56385803222656 -126.20553588867188 387.20098876953125
v -209.74208068847656 -127.44822692871094 387.34228515625
v -166.58448791503906 -128.79150390625 387.8424987792969
v -168.52508544921875 -131.52955627441406 388.42095947265625
v -207.7755126953125 -131.12840270996094 388.932373046875
v -170.72145080566406 -134.1576690673828 388.6960754394531
v -206.60464477539062 -132.9086456298828 389.14483642578125
v -177.87217712402344 -138.64881896972656 390.2955627441406
v -180.9825897216797 -138.69944763183594 387.9559631347656
v -184.0479278564453 -139.0630340576172 388.80712890625
v -192.32565307617188 -139.4808807373047 389.3534851074219
v -170.7459259033203 -84.15400695800781 387.55023193359375
v -172.018798828125 -83.48857879638672 387.70001220703125
v -204.3003387451172 -83.8324966430664 387.6775207519531
v -171.9139404296875 -84.78511810302734 387.55560302734375
v -201.68812561035156 -86.14228057861328 388.76544189453125
v -204.8307342529297 -84.93914031982422 388.15069580078125
v -202.991943359375 -85.88519287109375 388.8407287597656
v -205.56544494628906 -86.12248229980469 387.90582275390625
v -199.49806213378906 -88.19453430175781 388.2538146972656
v -200.60540771484375 -87.7209701538086 389.4709777832031
v -202.66534423828125 -87.36483764648438 389.76141357421875
v -203.93704223632812 -87.05704498291016 389.0103454589844
v -200.51712036132812 -89.36162567138672 388.33642578125
v -202.1286163330078 -88.78150177001953 389.15374755859375
v -204.1177215576172 -88.63673400878906 388.7117614746094
v -195.1878204345703 -102.24910736083984 387.81298828125
v -170.76849365234375 -103.92493438720703 387.8045654296875
v -177.75953674316406 -102.64373016357422 387.80810546875
v -181.44927978515625 -102.9560775756836 387.7283630371094
v -191.89993286132812 -103.9546890258789 387.7754211425781
v -196.48431396484375 -103.30795288085938 388.4529724121094
v -199.7864227294922 -102.69207000732422 388.2765197753906
v -169.07656860351562 -105.55449676513672 388.2865905761719
v -171.71194458007812 -104.87506103515625 388.3445739746094
v -174.9464874267578 -104.25792694091797 388.20965576171875
v -179.3946533203125 -103.9228744506836 388.3155822753906
v -184.12908935546875 -103.83357238769531 388.10589599609375
v -189.24539184570312 -104.39079284667969 387.91680908203125
v -193.89256286621094 -104.19371795654297 388.32525634765625
v -204.21875 -104.78907775878906 388.3119812011719
v -167.43692016601562 -106.67202758789062 387.89752197265625
v -176.18519592285156 -105.6187744140625 388.283935546875
v -182.17051696777344 -105.91331481933594 388.744873046875
v -183.39341735839844 -105.1341552734375 388.6214599609375
v -191.43289184570312 -105.54153442382812 388.4064025878906
v -196.2197723388672 -105.09793853759766 388.6986999511719
v -204.58206176757812 -106.83396911621094 388.7347717285156
v -208.42535400390625 -106.49534606933594 387.8833923339844
v -170.70700073242188 -107.33145141601562 388.7700500488281
v -173.63462829589844 -106.71290588378906 388.5117492675781
v -176.77000427246094 -107.98597717285156 388.0547790527344
v -182.2110595703125 -107.53730010986328 388.7083740234375
v -192.75115966796875 -107.1329116821289 388.6890563964844
v -201.5506134033203 -107.49604797363281 388.7579650878906
v -207.62783813476562 -107.82635498046875 388.5723876953125
v -165.8377227783203 -109.76416015625 387.7519836425781
v -167.35476684570312 -109.22909545898438 388.4026184082031
v -168.593994140625 -109.50263214111328 388.73431396484375
v -169.9799041748047 -109.59265899658203 388.8515319824219
v -181.32174682617188 -111.4352035522461 388.287841796875
v -185.90447998046875 -108.41841125488281 388.787353515625
v -194.33969116210938 -108.59521484375 388.686767578125
v -207.37168884277344 -110.37482452392578 388.9106750488281
v -171.85128784179688 -110.116943359375 388.8050842285156
v -177.30026245117188 -109.63385009765625 388.166015625
v -209.5428924560547 -110.86892700195312 388.6593933105469
v -164.73500061035156 -112.96935272216797 387.5134582519531
v -165.90054321289062 -112.22037506103516 388.1947326660156
v -167.05560302734375 -111.90836334228516 388.5381774902344
v -176.3153839111328 -113.83014678955078 388.3656311035156
v -181.69073486328125 -115.40676879882812 388.2475280761719
v -186.4581298828125 -113.95098114013672 388.3936462402344
v -189.2674102783203 -112.7638931274414 388.49407958984375
v -197.4760284423828 -113.77103424072266 388.3301696777344
v -201.11573791503906 -113.64635467529297 388.3724060058594
v -210.9059295654297 -112.50483703613281 388.2548522949219
v -176.82489013671875 -117.49879455566406 388.419189453125
v -207.54074096679688 -114.84263610839844 388.8012390136719
v -166.75355529785156 -117.42481994628906 388.5870056152344
v -168.9662628173828 -116.2138900756836 388.7468566894531
v -212.02618408203125 -116.52053833007812 387.51458740234375
v -164.3917236328125 -120.21690368652344 387.6471252441406
v -165.3153076171875 -118.69689178466797 388.2261047363281
v -190.6027374267578 -115.92888641357422 388.5027770996094
v -199.641357421875 -116.10675811767578 388.369384765625
v -205.98336791992188 -116.82842254638672 388.84332275390625
v -209.53134155273438 -117.87638854980469 388.61016845703125
v -174.10894775390625 -118.29595947265625 388.51593017578125
v -170.03265380859375 -118.03005981445312 388.79364013671875
v -190.749267578125 -117.27471160888672 388.674560546875
v -199.50869750976562 -117.83174133300781 388.5509948730469
v -207.82925415039062 -118.66189575195312 388.9924621582031
v -210.6946258544922 -119.4302978515625 388.2491760253906
v -167.89590454101562 -120.25096893310547 389.08050537109375
v -174.96791076660156 -119.64967346191406 388.65240478515625
v -180.26153564453125 -118.8570327758789 388.7555847167969
v -189.5576171875 -118.50175476074219 388.96014404296875
v -194.67369079589844 -119.33255004882812 388.9717102050781
v -199.36712646484375 -119.78506469726562 388.9962158203125
v -205.38088989257812 -118.87645721435547 389.20367431640625
v -166.29722595214844 -121.7479248046875 388.9637451171875
v -169.6849822998047 -120.95427703857422 389.279052734375
v -176.43698120117188 -121.1632308959961 389.1204833984375
v -181.82217407226562 -119.9359359741211 389.2342529296875
v -189.94737243652344 -120.2081298828125 389.671630859375
v -204.1357879638672 -122.93624877929688 390.2801208496094
v -207.52096557617188 -120.99703216552734 389.6661682128906
v -209.2294464111328 -120.68484497070312 389.02685546875
v -165.29624938964844 -123.03594970703125 388.4632873535156
v -167.89328002929688 -123.66777801513672 389.9606628417969
v -173.49876403808594 -122.14932250976562 389.359375
v -180.2513885498047 -121.14027404785156 389.664794921875
v -186.65069580078125 -120.6837158203125 389.9193115234375
v -197.1761932373047 -122.71470642089844 389.98907470703125
v -211.01429748535156 -121.86338806152344 387.9705810546875
v -209.9834747314453 -122.59790802001953 388.85205078125
v -209.3114013671875 -125.47383880615234 389.57073974609375
v -165.47857666015625 -125.27653503417969 388.49853515625
v -166.56924438476562 -124.68492889404297 389.52239990234375
v -210.10281372070312 -125.86480712890625 388.5425109863281
v -166.32078552246094 -127.51055908203125 389.0322570800781
v -208.5626220703125 -128.88812255859375 389.1380920410156
v -167.72586059570312 -130.1465606689453 390.4482421875
v -168.9639129638672 -132.5857391357422 391.65216064453125
v -170.05355834960938 -134.30165100097656 392.003173828125
v -171.74887084960938 -135.51803588867188 390.3224792480469
v -204.82327270507812 -135.2587127685547 389.67913818359375
v -202.68783569335938 -136.92849731445312 389.66778564453125
v -173.66090393066406 -136.8854522705078 391.4330749511719
v -176.4429168701172 -138.175537109375 390.7223815917969
v -198.30471801757812 -138.68263244628906 391.14410400390625
v -179.10238647460938 -138.9025421142578 391.54193115234375
v -186.58535766601562 -139.25025939941406 390.2101745605469
v -192.15109252929688 -121.59810638427734 390.2096252441406
v -176.4758758544922 -123.40876770019531 390.11419677734375
v -186.0246124267578 -122.73509979248047 391.215576171875
v -190.55618286132812 -123.35513305664062 391.4949035644531
v -204.72418212890625 -125.74388122558594 391.0402526855469
v -170.0302276611328 -124.97733306884766 390.67132568359375
v -174.16053771972656 -125.95475006103516 390.91436767578125
v -181.81117248535156 -123.91613006591797 391.5370178222656
v -192.4961700439453 -124.43289947509766 391.5809326171875
v -195.0807342529297 -123.4468765258789 390.5002746582031
v -199.10739135742188 -124.42768096923828 390.5675048828125
v -207.21441650390625 -124.64990234375 390.39215087890625
v -168.4082489013672 -125.50843811035156 390.66668701171875
v -172.03250122070312 -126.15887451171875 391.1115417480469
v -176.18544006347656 -125.64263153076172 391.0257873535156
v -195.2991180419922 -125.52847290039062 391.1650390625
v -197.0133056640625 -125.92955017089844 391.0343322753906
v -167.25726318359375 -126.72462463378906 390.3207092285156
v -168.5120391845703 -128.2663116455078 391.92474365234375
v -171.10890197753906 -129.18072509765625 392.7608642578125
v -198.99278259277344 -126.64303588867188 391.17169189453125
v -202.78884887695312 -127.0014419555664 391.57733154296875
v -206.20010375976562 -127.7342300415039 391.2188415527344
v -207.4962158203125 -126.74946594238281 390.50042724609375
v -208.69039916992188 -126.63652038574219 389.73687744140625
v -168.151611328125 -129.6995391845703 391.8213195800781
v -196.31033325195312 -128.88912963867188 391.6192932128906
v -204.63780212402344 -128.1045379638672 391.877685546875
v -206.21116638183594 -129.9201202392578 391.6947021484375
v -175.08554077148438 -130.05767822265625 392.43310546875
v -198.5701141357422 -129.4410400390625 391.72412109375
v -207.68508911132812 -128.59890747070312 390.34515380859375
v -207.00904846191406 -130.77972412109375 390.68267822265625
v -168.77259826660156 -132.0339813232422 392.71014404296875
v -205.95101928710938 -132.97140502929688 390.9134826660156
v -205.6529083251953 -133.91842651367188 390.4195251464844
v -171.57498168945312 -135.5608367919922 392.5207214355469
v -204.59237670898438 -135.06471252441406 391.1820068359375
v -201.76220703125 -137.02651977539062 391.65264892578125
v -177.60023498535156 -138.51248168945312 392.7034912109375
v -201.04725646972656 -137.0849609375 392.76007080078125
v -184.88351440429688 -139.0312042236328 391.635986328125
v -193.4972686767578 -139.18612670898438 391.2187194824219
v -187.41696166992188 -123.95826721191406 391.8401184082031
v -180.21820068359375 -125.80147552490234 391.86981201171875
v -183.38613891601562 -125.66687774658203 392.24688720703125
v -187.9501495361328 -125.92445373535156 392.3984680175781
v -190.9135284423828 -125.53231048583984 392.1017761230469
v -169.64303588867188 -129.30055236816406 392.8870849609375
v -178.62977600097656 -130.06869506835938 392.5389709472656
v -181.9587860107422 -129.40159606933594 392.6220703125
v -201.66268920898438 -130.63710021972656 392.449462890625
v -169.23626708984375 -130.5393829345703 393.3627014160156
v -171.4407958984375 -131.20175170898438 393.65545654296875
v -190.2512664794922 -130.52577209472656 392.81787109375
v -194.50634765625 -130.4076385498047 392.2757568359375
v -203.3318328857422 -130.66990661621094 392.4395751953125
v -204.77076721191406 -130.40342712402344 392.1648864746094
v -175.1566619873047 -132.8147430419922 393.7823181152344
v -181.98915100097656 -131.11585998535156 392.9920654296875
v -196.79931640625 -132.05284118652344 392.4009094238281
v -201.04286193847656 -132.6876220703125 393.0888366699219
v -205.6982421875 -131.30458068847656 391.7265930175781
v -180.98818969726562 -132.4051971435547 393.4308166503906
v -191.99220275878906 -132.6768798828125 393.1915283203125
v -197.5873260498047 -132.90968322753906 392.7264099121094
v -203.09507751464844 -132.86276245117188 392.857177734375
v -171.3560333251953 -135.08396911621094 393.23797607421875
v -176.79335021972656 -134.30929565429688 394.3087463378906
v -180.2851104736328 -135.40806579589844 394.8697509765625
v -182.2732391357422 -135.92758178710938 394.7799987792969
v -184.89334106445312 -135.54779052734375 394.2161560058594
v -187.41830444335938 -135.7667694091797 394.0777282714844
v -195.74435424804688 -134.628173828125 393.54766845703125
v -197.20501708984375 -132.5908966064453 392.3778381347656
v -201.37380981445312 -134.25559997558594 393.73272705078125
v -203.11807250976562 -134.7335205078125 393.2801513671875
v -204.31790161132812 -133.8982391357422 392.14727783203125
v -193.73324584960938 -135.99142456054688 394.09747314453125
v -197.4976043701172 -135.66908264160156 393.85284423828125
v -202.60462951660156 -135.67608642578125 393.16351318359375
v -173.50338745117188 -136.6574249267578 392.6952209472656
v -200.483642578125 -136.75338745117188 393.5388488769531
v -175.68643188476562 -137.63514709472656 392.6436767578125
v -177.0390167236328 -137.92092895507812 393.45281982421875
v -197.16004943847656 -138.4618682861328 392.4775390625
v -197.34182739257812 -137.8763885498047 393.2289123535156
v -180.7848663330078 -138.62757873535156 393.5446472167969
v -185.36688232421875 -138.70785522460938 392.817626953125
v -192.5992431640625 -138.76382446289062 392.64630126953125
v -169.4913787841797 -131.87855529785156 393.35418701171875
v -172.52780151367188 -133.86778259277344 393.953125
v -174.47262573242188 -134.04635620117188 394.11932373046875
v -172.02499389648438 -135.02304077148438 393.5572509765625
v -202.01930236816406 -135.06080627441406 393.752197265625
v -175.57275390625 -135.72364807128906 394.2189025878906
v -178.75955200195312 -135.83334350585938 394.92059326171875
v -175.95498657226562 -137.00540161132812 393.73480224609375
v -178.0370635986328 -136.85177612304688 394.668212890625
v -179.8381805419922 -137.05636596679688 395.4848327636719
v -181.62362670898438 -137.44729614257812 395.50201416015625
v -183.3090057373047 -137.37493896484375 394.6249084472656
v -186.15963745117188 -137.0652618408203 394.099609375
v -192.58209228515625 -137.26373291015625 394.0710144042969
v -197.4964599609375 -136.876953125 393.8071594238281
v -179.7574005126953 -137.75106811523438 394.9694519042969
v -182.59713745117188 -138.25425720214844 394.16082763671875
v -185.95806884765625 -138.0499725341797 393.66595458984375
v -192.36587524414062 -138.10533142089844 393.60992431640625
vn -0.11475417017936707 0.491117388010025 -0.8635017275810242
vn 0.46967625617980957 0.2723466753959656 -0.8397806286811829
vn 0.16517631709575653 0.2224409431219101 -0.9608521461486816
vn -0.26796501874923706 0.05992218479514122 -0.9615633487701416
vn -0.682185709476471 0.19504524767398834 -0.704684317111969
vn 0.2431257963180542 -0.03955724462866783 -0.96918785572052
vn 0.636870265007019 -0.18222564458847046 -0.7491261959075928
vn -0.6092268824577332 -0.17229320108890533 -0.7740527987480164
vn -0.7681785821914673 -0.22501341998577118 -0.5993918776512146
vn -0.8446202874183655 0.13894122838974 -0.5170221328735352
vn -0.20735400915145874 -0.3528822660446167 -0.9124025702476501
vn 0.23402021825313568 -0.4681304395198822 -0.8521082401275635
vn -0.48433151841163635 -0.37477409839630127 -0.7905488014221191
vn -0.15542641282081604 0.031197266653180122 -0.9873546957969666
vn 0.31250885128974915 0.14951562881469727 -0.9380742907524109
vn 0.6646968126296997 -0.4847261905670166 -0.5685232877731323
vn 0.4155922830104828 -0.87798672914505 -0.23753391206264496
vn -0.23023392260074615 -0.48609304428100586 -0.8430337905883789
vn -0.09503977000713348 -0.9063107967376709 -0.41178664565086365
vn -0.02464934065937996 0.7863054275512695 -0.6173461079597473
vn -0.6297102570533752 0.566472053527832 -0.5315772891044617
vn -0.3988955318927765 0.840756893157959 -0.3660741150379181
vn 0.5979354977607727 0.44173550605773926 -0.6688370108604431
vn 0.2980813980102539 0.5695898532867432 -0.7659731507301331
vn 0.34790077805519104 0.7499339580535889 -0.5626402497291565
vn 0.773657500743866 0.09329504519701004 -0.626697838306427
vn 0.7726377248764038 0.3113378882408142 -0.5532627105712891
vn -0.9587735533714294 -0.008333120495080948 -0.2840491831302643
vn -0.9186425805091858 -0.20642122626304626 -0.3368770480155945
vn 0.8846884965896606 -0.10374271124601364 -0.45449283719062805
vn 0.861872136592865 -0.3011816442012787 -0.4080025553703308
vn 0.6948259472846985 -0.4127979576587677 -0.5889098644256592
vn 0.5768384337425232 -0.4991898238658905 -0.6465809941291809
vn 0.148015096783638 -0.5241134762763977 -0.8386874794960022
vn -0.8587359189987183 -0.24445456266403198 -0.4503495395183563
vn -0.49507245421409607 -0.4184403419494629 -0.7614532709121704
vn 0.2289021611213684 0.5770905613899231 -0.7839453220367432
vn 0.6517146825790405 0.44838544726371765 -0.6117340326309204
vn 0.6199249029159546 0.20582464337348938 -0.757185161113739
vn 0.060714129358530045 0.37228718400001526 -0.9261296391487122
vn 0.36449918150901794 0.03785831853747368 -0.9304338693618774
vn 0.1675446629524231 0.2993358075618744 -0.9393225908279419
vn 0.4971991777420044 0.14562521874904633 -0.8553282022476196
vn 0.6862888932228088 -0.10342799127101898 -0.7199377417564392
vn -0.16637343168258667 0.4475501477718353 -0.8786460161209106
vn -0.003038296476006508 0.18988928198814392 -0.9818007946014404
vn -0.3878572881221771 0.5496418476104736 -0.7399057745933533
vn -0.2666985094547272 0.13365134596824646 -0.9544680714607239
vn -0.597631573677063 0.5552358627319336 -0.5784026980400085
vn -0.5341812372207642 0.1798139065504074 -0.8260250091552734
vn -0.7195574641227722 0.2060212641954422 -0.6631684303283691
vn 0.8342198729515076 -0.2550058364868164 -0.48892661929130554
vn 0.6271928548812866 -0.03527291491627693 -0.7780649065971375
vn -0.06817597895860672 0.34779584407806396 -0.9350883364677429
vn -0.36637425422668457 0.1756165325641632 -0.9137443900108337
vn -0.21056108176708221 0.4249282479286194 -0.8803976774215698
vn -0.4719781279563904 0.13693861663341522 -0.8709101676940918
vn -0.29964685440063477 0.37663504481315613 -0.8765602707862854
vn 0.5702527761459351 -0.17267122864723206 -0.8031166791915894
vn 0.8031787276268005 -0.3072495758533478 -0.5103937387466431
vn 0.14800883829593658 -0.10897020250558853 -0.9829643368721008
vn -0.6708122491836548 -0.1235567256808281 -0.7312623858451843
vn 0.8859367370605469 -0.45568129420280457 -0.08643342554569244
vn 0.8179371953010559 -0.5747416615486145 -0.02550983428955078
vn 0.8988005518913269 -0.424614816904068 -0.10890313982963562
vn 0.5616106390953064 -0.5170221328735352 -0.6459734439849854
vn -0.12343769520521164 -0.3444802463054657 -0.9306430816650391
vn -0.4550613760948181 -0.23777861893177032 -0.858126163482666
vn -0.5560322999954224 -0.22838321328163147 -0.799167811870575
vn -0.6643660068511963 -0.3909035623073578 -0.6370338797569275
vn 0.793579638004303 -0.6046493053436279 0.06804895401000977
vn -0.3618459701538086 -0.6333547830581665 -0.6840535402297974
vn 0.0748966783285141 -0.7240856885910034 -0.6856313943862915
vn -0.4242469072341919 -0.5955874919891357 -0.682121753692627
vn 0.36156997084617615 -0.9322847723960876 -0.010597174055874348
vn 0.13761748373508453 -0.9832618832588196 -0.11940529197454453
vn -0.4922392964363098 -0.6894285678863525 -0.5314026474952698
vn -0.12360776960849762 -0.7796148061752319 -0.6139397025108337
vn 0.10343936830759048 0.9347937107086182 -0.33979561924934387
vn 0.6235350966453552 0.661263644695282 -0.41705435514450073
vn 0.374958336353302 0.8814363479614258 -0.28718695044517517
vn 0.8534253239631653 0.3511621057987213 -0.38516291975975037
vn -0.8522726893424988 0.40073826909065247 -0.3362145721912384
vn -0.7437347173690796 0.6425660252571106 -0.18430297076702118
vn 0.9002053141593933 0.10717711597681046 -0.42207059264183044
vn -0.9435334205627441 0.31844377517700195 -0.09131413698196411
vn -0.9986745715141296 -0.05147046968340874 3.1417200716532534e-06
vn 0.9652392864227295 -0.024084167554974556 -0.2602558434009552
vn -0.9717607498168945 -0.21670033037662506 -0.09339183568954468
vn 0.9300623536109924 -0.24924927949905396 -0.2699238955974579
vn -0.9640028476715088 -0.18038466572761536 -0.19534540176391602
vn 0.7606684565544128 -0.3863692581653595 -0.5216341614723206
vn 0.5135352611541748 -0.4022659361362457 -0.7579338550567627
vn -0.7310718894004822 -0.3297654390335083 -0.5973179936408997
vn -0.908762514591217 -0.15723353624343872 -0.3865595757961273
vn 0.6944606900215149 -0.3339982330799103 -0.6373142600059509
vn -0.10623126477003098 -0.4959094822406769 -0.8618519306182861
vn 0.29321521520614624 -0.30964896082878113 -0.9045122265815735
vn 0.027447909116744995 -0.32343342900276184 -0.9458527565002441
vn -0.58296138048172 -0.2650817036628723 -0.7680415511131287
vn -0.8051661252975464 -0.1065257340669632 -0.5834037065505981
vn 0.06033003330230713 -0.38974255323410034 -0.9189456105232239
vn -0.37353184819221497 -0.21201251447200775 -0.9030640721321106
vn -0.6536242365837097 0.02286524884402752 -0.7564737796783447
vn 0.10040757060050964 -0.2572813928127289 -0.9611059427261353
vn -0.0944913849234581 0.581608772277832 -0.8079620599746704
vn -0.14997801184654236 0.34350359439849854 -0.9270986914634705
vn 0.37576159834861755 0.29698196053504944 -0.8778411149978638
vn -0.4485798180103302 0.7104020118713379 -0.5423147082328796
vn 0.13762055337429047 0.4768672287464142 -0.8681349158287048
vn 0.5604278445243835 0.24965928494930267 -0.7896777391433716
vn -0.43017882108688354 0.7017365097999573 -0.5679015517234802
vn -0.2533245384693146 0.6098505258560181 -0.7509388327598572
vn -0.1113438680768013 0.6281909346580505 -0.7700511813163757
vn -0.21220536530017853 0.5689141750335693 -0.794547438621521
vn -0.10606636106967926 0.8005020022392273 -0.5898698568344116
vn 0.04521176964044571 0.7548685669898987 -0.6543160080909729
vn -0.22541575133800507 0.7103556990623474 -0.6667702198028564
vn 0.7758377194404602 -0.045717909932136536 -0.6292740106582642
vn 0.7091898918151855 -0.03360428288578987 -0.7042162418365479
vn 0.3357088565826416 0.3905737102031708 -0.8571766018867493
vn -0.5651842951774597 0.7689741253852844 -0.2987399697303772
vn -0.5168548822402954 0.7366528511047363 -0.4361235499382019
vn 0.5405167937278748 0.7370626330375671 -0.40568506717681885
vn 0.8760710954666138 0.45010557770729065 -0.17292898893356323
vn 0.27642160654067993 0.7681873440742493 -0.5774767398834229
vn -0.35936272144317627 0.5555259585380554 -0.7498328685760498
vn -0.29797104001045227 0.43569156527519226 -0.8493445515632629
vn -0.5303199887275696 0.3157627284526825 -0.7868003249168396
vn 0.9695305824279785 -0.13035929203033447 -0.20740512013435364
vn -0.40468746423721313 0.2946103811264038 -0.8656978607177734
vn 0.8358137011528015 -0.2115313857793808 -0.5066260099411011
vn 0.8528609871864319 -0.18197408318519592 -0.48940137028694153
vn 0.8780550360679626 -0.36161157488822937 -0.31345903873443604
vn -0.7079424858093262 0.5204890370368958 -0.47739773988723755
vn -0.9045038223266602 0.31097638607025146 -0.29183316230773926
vn -0.5947398543357849 0.0614938959479332 -0.8015629053115845
vn -0.7431415319442749 0.04000581428408623 -0.6679372787475586
vn -0.8159747123718262 -0.25151681900024414 -0.5205041170120239
vn -0.935733437538147 -0.2523854672908783 -0.24638289213180542
vn 0.7309622168540955 -0.6733247637748718 0.11103182286024094
vn -0.669533908367157 -0.0681578516960144 -0.7396478652954102
vn -0.7609620690345764 -0.19649410247802734 -0.6183258891105652
vn 0.8320761322975159 -0.49394240975379944 -0.25232958793640137
vn -0.8397762775421143 -0.4407603144645691 -0.3170272707939148
vn -0.7647631168365479 -0.3418443202972412 -0.5461500287055969
vn 0.7170303463935852 -0.6597775816917419 -0.22485797107219696
vn -0.7350513339042664 -0.5154237151145935 -0.4404974579811096
vn 0.6373592615127563 -0.7562804818153381 0.1476922631263733
vn -0.6039813756942749 -0.7495763301849365 -0.2708170711994171
vn 0.5241671204566956 -0.7970545887947083 -0.2999214828014374
vn 0.6595423221588135 -0.7451700568199158 -0.09861835092306137
vn -0.1259087324142456 -0.9818179607391357 -0.14205831289291382
vn -0.06309101730585098 -0.9512523412704468 -0.3018917739391327
vn -0.6273497343063354 -0.6612021923065186 -0.41139280796051025
vn 0.12503141164779663 0.9839606881141663 -0.12723442912101746
vn -0.3470039665699005 0.9281704425811768 -0.1344914436340332
vn 0.570569634437561 0.7983731031417847 -0.19248585402965546
vn 0.797575831413269 0.5637744665145874 -0.21454888582229614
vn 0.9497209191322327 0.23170194029808044 -0.210580974817276
vn -0.8995266556739807 0.4368659257888794 -0.00029154002550058067
vn -0.9961075186729431 -0.07170259207487106 0.05126994103193283
vn -0.990252673625946 -0.12764610350131989 -0.055732496082782745
vn 0.966542661190033 -0.21451064944267273 -0.14064311981201172
vn 0.9282137751579285 -0.27464359998703003 -0.25097841024398804
vn -0.9826065897941589 -0.09475640207529068 -0.15970434248447418
vn 0.8721943497657776 -0.2824418246746063 -0.3993791937828064
vn 0.849341094493866 -0.2176055908203125 -0.48090291023254395
vn -0.9546642899513245 0.041838809847831726 -0.294730007648468
vn 0.7798303365707397 -0.27715691924095154 -0.5612919926643372
vn -0.9027937650680542 0.3036560118198395 -0.3045595586299896
vn 0.5457625389099121 -0.42405685782432556 -0.7227165102958679
vn 0.565588653087616 -0.24232657253742218 -0.788281261920929
vn -0.7171648144721985 0.5166812539100647 -0.4676699936389923
vn 0.3538673520088196 -0.00132410554215312 -0.9352947473526001
vn -0.6510796546936035 0.7304176092147827 -0.20636235177516937
vn 0.09791597723960876 0.8690624237060547 -0.48491552472114563
vn 0.03971730172634125 0.9458544254302979 -0.32215219736099243
vn 0.28154677152633667 0.9178965091705322 -0.27963805198669434
vn 0.6507880091667175 0.7564111948013306 -0.06570446491241455
vn -0.6187614798545837 0.7569120526313782 -0.2102818787097931
vn -0.6276279091835022 0.7731987237930298 -0.09081287682056427
vn -0.5240693688392639 0.5008103251457214 -0.6888688802719116
vn -0.731167733669281 0.24014945328235626 -0.6385310888290405
vn -0.6916338801383972 0.6681371331214905 -0.2742909789085388
vn 0.8504363894462585 -0.5227000117301941 0.05952024087309837
vn -0.8466253280639648 -0.0486590713262558 -0.5299603343009949
vn 0.8304554224014282 -0.327408105134964 -0.4507192075252533
vn 0.7957214713096619 -0.4951111078262329 -0.3488443195819855
vn 0.7702442407608032 -0.6355121731758118 0.053368426859378815
vn -0.8542008996009827 -0.2691679894924164 -0.4448476731777191
vn -0.9920852780342102 -0.12271524220705032 -0.026605907827615738
vn 0.8372911214828491 -0.5317646265029907 -0.1271613985300064
vn -0.8254542946815491 -0.545831024646759 -0.1438532918691635
vn -0.8091426491737366 -0.49879220128059387 -0.31063583493232727
vn -0.8225652575492859 -0.5535762906074524 -0.13015222549438477
vn 0.7698453664779663 -0.6320982575416565 -0.08826050907373428
vn -0.7566290497779846 -0.6032751798629761 -0.25213387608528137
vn 0.5618174076080322 -0.8153840899467468 0.13967840373516083
vn -0.6389867067337036 -0.7683232426643372 -0.037086907774209976
vn 0.26143649220466614 -0.958966076374054 0.10970471054315567
vn -0.3190884292125702 -0.9461206793785095 0.055121682584285736
vn 0.6367596983909607 -0.7708365321159363 -0.01865755394101143
vn 0.5217653512954712 -0.8513340353965759 0.05469369888305664
vn 0.0028159134089946747 -0.9846102595329285 0.1747422069311142
vn -0.6071430444717407 -0.7943156361579895 -0.020977510139346123
vn 0.4755539298057556 0.8751340508460999 -0.08938071131706238
vn -0.7723530530929565 0.6350880265235901 -0.01157901156693697
vn 0.6909056305885315 0.7167218327522278 -0.09465405344963074
vn -0.9833011031150818 0.1599234640598297 0.08685304969549179
vn 0.9902061223983765 -0.03975716233253479 -0.13383309543132782
vn 0.9597486853599548 -0.27781033515930176 -0.041279081255197525
vn -0.9958899617195129 -0.09032086282968521 0.006737112067639828
vn 0.956398069858551 -0.2737888693809509 -0.10169728100299835
vn -0.9962519407272339 -0.04888007789850235 -0.07136372476816177
vn 0.9314367771148682 -0.153835728764534 -0.329787939786911
vn 0.9770690202713013 -0.11855120211839676 -0.17686651647090912
vn -0.9912775158882141 0.06165934354066849 -0.11647748202085495
vn -0.974811851978302 0.20072512328624725 -0.09721847623586655
vn 0.7059605121612549 -0.2264602780342102 -0.6710704565048218
vn -0.7904074788093567 0.6080471277236938 -0.07439538836479187
vn 0.7109414339065552 -0.26039713621139526 -0.6532653570175171
vn 0.43332788348197937 0.8886852860450745 0.14988495409488678
vn 0.24917879700660706 0.9643014669418335 -0.08962526172399521
vn 0.06323841214179993 0.9278737902641296 -0.36749300360679626
vn -0.09981544315814972 0.8362153768539429 -0.539240837097168
vn 0.789440393447876 0.5821599364280701 0.19461150467395782
vn -0.09401009231805801 0.7699160575866699 -0.6311826109886169
vn -0.22419382631778717 0.6274195313453674 -0.7457090616226196
vn -0.6335225701332092 0.7717410922050476 -0.055360544472932816
vn -0.609556257724762 0.7890787720680237 0.07613125443458557
vn 0.9676892161369324 0.061012152582407 0.24465297162532806
vn -0.75948566198349 0.017606941983103752 -0.6502857208251953
vn -0.5459715127944946 0.21029138565063477 -0.8109825849533081
vn -0.7577598094940186 0.65146404504776 -0.03734515234827995
vn -0.9282398223876953 0.36156803369522095 0.08740376681089401
vn -0.8699580430984497 -0.38726499676704407 -0.3052847981452942
vn 0.7804696559906006 -0.5811864733695984 -0.23041169345378876
vn -0.859546959400177 -0.5109241604804993 -0.011643964797258377
vn 0.6064915060997009 -0.7888734340667725 0.09923097491264343
vn -0.450787216424942 -0.8799044489860535 0.15019682049751282
vn -0.652011513710022 -0.7531740069389343 0.08723528683185577
vn 0.662666380405426 -0.7483240962028503 0.029739823192358017
vn 0.002357696881517768 -0.9887567162513733 0.1495146006345749
vn 0.4512180685997009 -0.8873063921928406 0.09534057229757309
vn 0.009897262789309025 -0.9838972091674805 0.17846129834651947
vn 0.3262338936328888 0.945052981376648 -0.021129751577973366
vn 0.110336072742939 0.9938738942146301 -0.0063832662999629974
vn -0.21007005870342255 0.9776250123977661 0.010949760675430298
vn -0.5752291679382324 0.8178272843360901 0.016434036195278168
vn 0.8371291160583496 0.5417018532752991 -0.07598645240068436
vn 0.9579905867576599 0.2664843499660492 -0.10601943731307983
vn 0.988671064376831 -0.1444922387599945 0.04063894972205162
vn 0.9612336754798889 -0.2744518220424652 0.026572097092866898
vn -0.9989544749259949 -0.04571627825498581 -5.5264394177356735e-05
vn 0.987837553024292 -0.15383705496788025 -0.02261050045490265
vn 0.9981052875518799 -0.02474329061806202 -0.05633533000946045
vn -0.999327540397644 0.019805867224931717 -0.030859725549817085
vn 0.9528223276138306 0.07366935163736343 -0.29445281624794006
vn -0.9937580823898315 0.11055110394954681 -0.014944035559892654
vn 0.8764466047286987 -0.0820794478058815 -0.47445157170295715
vn 0.883074939250946 0.3568909764289856 -0.30464333295822144
vn 0.7826384902000427 0.10435234755277634 -0.6136673092842102
vn -0.9285936951637268 0.3684484362602234 0.04426619037985802
vn 0.7184021472930908 0.6031273603439331 -0.34660616517066956
vn 0.526157021522522 0.37288832664489746 -0.764272928237915
vn 0.5460066795349121 -0.03268037736415863 -0.8371431827545166
vn -0.8007652163505554 0.5818458795547485 0.14223413169384003
vn 0.5058783292770386 0.8011547327041626 -0.3197473883628845
vn 0.24713362753391266 0.6908169388771057 -0.6794829368591309
vn 0.025651060044765472 0.4121033251285553 -0.9107760190963745
vn 0.2322719693183899 0.12788818776607513 -0.9642065763473511
vn 0.36430975794792175 -0.08987089991569519 -0.9269313216209412
vn 0.5744106769561768 -0.21588316559791565 -0.7895865440368652
vn 0.39572107791900635 0.8954399824142456 -0.20394167304039001
vn 0.17246747016906738 0.8627752065658569 -0.4752620756626129
vn -0.6867151260375977 0.7243068814277649 0.06165940314531326
vn 0.3477492332458496 0.8939141631126404 0.2828214168548584
vn 0.39918252825737 0.8977470993995667 0.1862889677286148
vn -0.3314199447631836 0.431296169757843 -0.8391332030296326
vn -0.15154623985290527 0.17426039278507233 -0.9729681611061096
vn 0.1469973623752594 -0.046860452741384506 -0.9880263209342957
vn 0.37819674611091614 -0.2721875011920929 -0.8848057389259338
vn 0.6806730031967163 0.5876420736312866 0.4374483525753021
vn 0.44947877526283264 0.808098554611206 0.3807169497013092
vn -0.12453792989253998 -0.13708928227424622 -0.9826987981796265
vn -0.6609166264533997 0.7482208013534546 0.05792177841067314
vn -0.49577561020851135 -0.2464178055524826 -0.8327574133872986
vn 0.07076447457075119 -0.5043111443519592 -0.8606176376342773
vn 0.5861290097236633 -0.5171712040901184 -0.6236881017684937
vn -0.7837979793548584 0.609144926071167 0.12084399163722992
vn 0.8912906646728516 -0.38812491297721863 0.23443546891212463
vn -0.753196120262146 -0.36202627420425415 -0.5492109060287476
vn -0.3108174502849579 -0.6981325149536133 -0.6449834108352661
vn 0.23683835566043854 -0.7418287992477417 -0.6273736357688904
vn 0.5632316470146179 -0.7131984233856201 -0.4172747731208801
vn 0.8069769740104675 -0.5779066681861877 0.12170498818159103
vn -0.8163447380065918 -0.5628170371055603 -0.12968556582927704
vn -0.6668500304222107 -0.6981362700462341 -0.26060864329338074
vn 0.7385898232460022 -0.6658710241317749 -0.10536089539527893
vn -0.9865972995758057 0.048899244517087936 0.15567472577095032
vn -0.6991179585456848 -0.7149989604949951 0.003259895136579871
vn 0.7496941685676575 -0.661777913570404 -0.002962146420031786
vn -0.9678217172622681 -0.24855081737041473 0.039288997650146484
vn 0.7390750050544739 -0.6702240109443665 0.06758733838796616
vn 0.4045088589191437 -0.9006675481796265 0.15865254402160645
vn 0.163130521774292 -0.9744728803634644 0.15424340963363647
vn -0.17046204209327698 -0.9675979018211365 0.18627123534679413
vn -0.6895499229431152 -0.7226871252059937 0.047373440116643906
vn 0.28157803416252136 -0.9435896873474121 0.17421923577785492
vn -0.45109906792640686 -0.8803334832191467 0.146706223487854
vn 0.7000803351402283 0.7140527963638306 -0.004020667169243097
vn -0.9361782670021057 0.3255196511745453 0.13269220292568207
vn 0.9664835929870605 0.23149363696575165 0.11099611967802048
vn -0.9896726608276367 0.11515109241008759 0.08537137508392334
vn -0.9982442855834961 -0.045440129935741425 0.03799360617995262
vn 0.9826797842979431 0.17289747297763824 -0.06668628007173538
vn 0.9384652972221375 0.34403195977211 0.030414219945669174
vn -0.9755218029022217 0.21403931081295013 0.050442688167095184
vn -0.9925064444541931 0.0932374894618988 0.07897932827472687
vn 0.8473226428031921 0.530643880367279 -0.02148183435201645
vn 0.6769640445709229 0.7357107996940613 -0.021198663860559464
vn 0.5372388958930969 0.8392124176025391 0.0842432901263237
vn -0.6708055138587952 0.7200913429260254 0.17744982242584229
vn -0.5705307126045227 0.785682201385498 0.23916153609752655
vn -0.6435876488685608 0.7481665015220642 0.16137510538101196
vn 0.8561471700668335 0.052022017538547516 0.514106810092926
vn -0.751444935798645 0.6300714015960693 0.1958075314760208
vn 0.8762280344963074 -0.34093642234802246 0.34056851267814636
vn -0.275353342294693 -0.9216060638427734 -0.27353760600090027
vn 0.1827833354473114 -0.9032286405563354 -0.3882889449596405
vn 0.5514366626739502 -0.7999944090843201 -0.23648792505264282
vn -0.9043394923210144 0.364516019821167 0.22203190624713898
vn -0.4748111665248871 -0.8792258501052856 -0.038939397782087326
vn -0.9570342302322388 0.10730554163455963 0.26939016580581665
vn -0.6584503054618835 -0.7468973398208618 0.09266979247331619
vn 0.6478660702705383 -0.7617471218109131 -0.0032959729433059692
vn -0.9376447796821594 -0.22967363893985748 0.26090654730796814
vn 0.4948450028896332 -0.8673356175422668 0.053454555571079254
vn -0.5379175543785095 -0.8324370980262756 0.13301564753055573
vn 0.5960180759429932 -0.8012545704841614 0.052474573254585266
vn -0.8128498792648315 -0.5629683136940002 0.14947175979614258
vn -0.31857937574386597 -0.9414836764335632 0.11007142066955566
vn 0.4806787073612213 -0.8709912896156311 0.10159807652235031
vn -0.714640200138092 -0.6505470275878906 0.25705644488334656
vn -0.16986864805221558 -0.963265061378479 0.20800289511680603
vn 0.357638955116272 0.9300671815872192 0.08407995849847794
vn 0.6138028502464294 0.7861049771308899 0.07269886881113052
vn 0.8273265957832336 0.5491885542869568 0.11799498647451401
vn 0.9604045152664185 -0.18739542365074158 0.20617036521434784
vn -0.9956032633781433 0.013326372019946575 0.092717744410038
vn 0.9747319221496582 -0.19238798320293427 0.11351039260625839
vn -0.9984062314033508 -0.0049187070690095425 0.05622108653187752
vn 0.9977160096168518 0.008283378556370735 0.06703808903694153
vn 0.9813286066055298 0.16766080260276794 0.09425514191389084
vn 0.9504531025886536 0.2681347131729126 0.15729834139347076
vn 0.8816602826118469 0.439642995595932 0.17143280804157257
vn -0.968863308429718 0.20904172956943512 0.13268597424030304
vn 0.77337646484375 0.5949757099151611 0.2188442349433899
vn -0.8846668004989624 0.41663438081741333 0.20923805236816406
vn 0.6690187454223633 0.7034168243408203 0.24003905057907104
vn -0.7263186573982239 0.6308720707893372 0.2728767395019531
vn 0.5504825115203857 0.780079185962677 0.29739806056022644
vn 0.4366076588630676 0.8242207765579224 0.36060211062431335
vn 0.6024747490882874 0.5878357887268066 0.5398827195167542
vn 0.4647773802280426 0.7638556957244873 0.4477795362472534
vn -0.5642454624176025 0.7996407151222229 0.20543096959590912
vn 0.8981063365936279 -0.06076744943857193 0.43555977940559387
vn 0.9036363959312439 -0.3883228302001953 0.18068410456180573
vn -0.5731267929077148 -0.8174834847450256 0.05697856843471527
vn -0.18319366872310638 -0.9815323948860168 -0.05508386343717575
vn 0.029257390648126602 -0.9835255146026611 -0.17838621139526367
vn 0.3262636065483093 -0.9347831010818481 -0.14047326147556305
vn 0.549953818321228 -0.8317198157310486 -0.07611158490180969
vn -0.9723618030548096 0.1545276790857315 0.17502495646476746
vn -0.8677626252174377 -0.3051300346851349 0.392280250787735
vn 0.22130005061626434 -0.9751105904579163 0.013623356819152832
vn -0.06852151453495026 -0.9944425821304321 0.07992994040250778
vn 0.3163682222366333 -0.9335089325904846 0.1687372624874115
vn 0.03822455555200577 -0.9828603267669678 0.18034538626670837
vn -0.5700154304504395 -0.7843884825706482 0.2445755898952484
vn 0.3207690715789795 0.2842051386833191 -0.9035124182701111
vn 0.007653499487787485 0.2855725884437561 -0.9583265781402588
vn 0.1451152265071869 0.6601918935775757 -0.7369452714920044
vn -0.026641976088285446 0.6363160610198975 -0.7709683179855347
vn -0.2214970588684082 0.2734110653400421 -0.9360477924346924
vn 0.0603974387049675 -0.1608985811471939 -0.9851212501525879
vn -0.08188291639089584 -0.11087504774332047 -0.9904554486274719
vn -0.06353586167097092 -0.31088459491729736 -0.9483217000961304
vn 0.07110027968883514 0.9869819283485413 0.1442619413137436
vn -0.7978533506393433 0.5903892517089844 0.12194545567035675
vn 0.9621832966804504 0.08230867981910706 0.2596701979637146
vn 0.9514614939689636 -0.16535496711730957 0.25957435369491577
vn 0.9445636868476868 -0.24045442044734955 0.22356462478637695
vn 0.9783018827438354 -0.11295151710510254 0.17368771135807037
vn 0.984866738319397 0.0293789841234684 0.1708051562309265
vn -0.98419189453125 0.1161118745803833 0.13373243808746338
vn -0.9409158229827881 0.286395788192749 0.18070665001869202
vn 0.6479558348655701 0.7050353288650513 0.2882334887981415
vn -0.5720675587654114 0.7675728797912598 0.2890857458114624
vn -0.43367502093315125 0.8672905564308167 0.24440349638462067
vn 0.5622897744178772 0.7115142345428467 0.4213997423648834
vn 0.7935878038406372 0.34720760583877563 0.49966514110565186
vn 0.8036527037620544 0.5130587220191956 0.301518052816391
vn 0.6131556034088135 0.7303124666213989 0.30113786458969116
vn -0.6325961351394653 0.7711446285247803 0.0718199834227562
vn 0.9669047594070435 0.0883336216211319 0.23935826122760773
vn -0.8351908326148987 0.5385211706161499 0.1115851104259491
vn -0.9171162247657776 0.36515337228775024 0.15987767279148102
vn -0.32982540130615234 -0.9435062408447266 0.03179990500211716
vn 0.052473168820142746 -0.9981845021247864 0.02956799790263176
vn 0.9608460068702698 -0.23405379056930542 -0.14830337464809418
vn -0.9578921794891357 -0.19705595076084137 0.20883387327194214
vn 0.7686481475830078 -0.638938307762146 -0.03062530979514122
vn 0.4856776297092438 -0.8679980039596558 -0.10342518985271454
vn -0.4994690418243408 -0.8628054857254028 0.07808584719896317
vn -0.8362441062927246 -0.544438362121582 0.0654427707195282
vn -0.8007135391235352 -0.504371702671051 0.323213666677475
vn -0.05688464641571045 -0.9974750876426697 -0.04251628369092941
vn 0.21648254990577698 -0.9729000926017761 0.08124560862779617
vn -0.4446655213832855 -0.8894206881523132 0.10584643483161926
vn 0.008723759092390537 0.8167138695716858 -0.5769769549369812
vn 0.07063304632902145 0.8524342775344849 -0.5180413126945496
vn 0.29020044207572937 0.7484177947044373 -0.5963678956031799
vn -0.09080490469932556 0.9090784788131714 -0.40660905838012695
vn -0.15741471946239471 0.783644437789917 -0.6009343862533569
vn -0.17161306738853455 0.8752457499504089 -0.4522099494934082
vn -0.2956104874610901 0.7059872150421143 -0.643580973148346
vn -0.22721318900585175 0.8297038078308105 -0.5098684430122375
vn 0.1476953774690628 0.6050881147384644 -0.7823391556739807
vn 0.19681021571159363 0.8290353417396545 -0.5234177708625793
vn 0.11176527291536331 0.7408117055892944 -0.6623493432998657
vn 0.05825269967317581 0.4927898049354553 -0.8681963086128235
vn 0.15533609688282013 0.757865309715271 -0.6336488723754883
vn 0.04136492311954498 0.6967613697052002 -0.7161092758178711
vn -0.08474478125572205 0.47542357444763184 -0.8756659030914307
vn -0.09443134069442749 0.6635450720787048 -0.742152750492096
vn -0.2881406247615814 0.518955409526825 -0.8047734498977661
vn -0.3098457157611847 0.6574135422706604 -0.6868792772293091
vn -0.5630869269371033 0.5843890905380249 -0.5843136310577393
vn 0.6756078600883484 0.5504988431930542 -0.4904131293296814
vn 0.49100399017333984 0.482201486825943 -0.7255321145057678
vn 0.5059167146682739 0.7030272483825684 -0.49980100989341736
vn -0.3217025101184845 0.326637327671051 -0.8887157440185547
vn -0.21721060574054718 0.5802428126335144 -0.784944474697113
vn -0.02558186464011669 0.5552641153335571 -0.831280529499054
vn -0.07852306216955185 0.7961557507514954 -0.5999751091003418
vn 0.1114414632320404 0.49047717452049255 -0.8642990589141846
vn 0.0757623016834259 0.2721070647239685 -0.9592798352241516
vn -0.05630913004279137 0.21087437868118286 -0.975890040397644
vn -0.2328995317220688 0.3458593785762787 -0.9089219570159912
vn -0.4730226695537567 0.39869821071624756 -0.7856775522232056
vn 0.5121539235115051 0.34135422110557556 -0.78814697265625
vn 0.7137354612350464 0.46052461862564087 -0.5277298092842102
vn 0.3897763788700104 0.2199191004037857 -0.8942650556564331
vn 0.404765784740448 0.14359968900680542 -0.9030746817588806
vn -0.1053311750292778 -0.29844343662261963 -0.9485973715782166
vn -0.20194438099861145 -0.05000949278473854 -0.978119432926178
vn -0.13595038652420044 0.244331493973732 -0.9601144194602966
vn 0.041901104152202606 0.16101059317588806 -0.9860628247261047
vn 0.040863845497369766 -0.002132183173671365 -0.999162495136261
vn 0.02294447459280491 -0.0349421426653862 -0.9991258978843689
vn -0.27246665954589844 0.19640056788921356 -0.9419069886207581
vn 0.16525547206401825 -0.01376030221581459 -0.9861548542976379
vn 0.2536810040473938 -0.12420132011175156 -0.9592809677124023
vn -0.06666629016399384 -0.08661574870347977 -0.9940087199211121
vn 0.019349392503499985 -0.09146927297115326 -0.9956198930740356
vn 0.026454785838723183 -0.13274182379245758 -0.9907975196838379
vn 0.05230134725570679 -0.17727185785770416 -0.9827712178230286
vn -0.11133603751659393 0.027489475905895233 -0.9934026002883911
vn -0.7124757170677185 0.49772268533706665 -0.494621604681015
vn -0.5441309213638306 0.297752320766449 -0.7843884229660034
vn -0.7839793562889099 0.4560832679271698 -0.42114657163619995
vn 0.7540714740753174 0.5005226731300354 -0.42526862025260925
vn 0.56076979637146 0.36359840631484985 -0.7438639402389526
vn 0.2541784346103668 0.1621522605419159 -0.9534673690795898
vn 0.24112151563167572 0.09086689352989197 -0.9662317037582397
vn -0.004058402497321367 -0.22434687614440918 -0.9745009541511536
vn -0.0744670182466507 -0.36263003945350647 -0.9289532899856567
vn -0.011045403778553009 -0.3182491064071655 -0.9479427933692932
vn 0.014231361448764801 -0.2844931185245514 -0.9585724472999573
vn 0.053323350846767426 -0.29842740297317505 -0.9529416561126709
vn 0.09778754413127899 -0.23113907873630524 -0.967993974685669
vn -0.08448886126279831 -0.10614310204982758 -0.9907549023628235
vn -0.3093039095401764 0.10695216059684753 -0.9449297785758972
vn 0.5527007579803467 0.3496106266975403 -0.7565013766288757
vn 0.7228344082832336 0.4365426301956177 -0.5356687307357788
vn 0.3425876498222351 0.22281792759895325 -0.9126806259155273
vn -0.015526733361184597 -0.07488688081502914 -0.9970711469650269
vn -0.08027610182762146 -0.36563798785209656 -0.9272888898849487
vn 0.036593932658433914 -0.38629576563835144 -0.9216488003730774
vn 0.0635780394077301 -0.3067105710506439 -0.949677050113678
vn 0.14643636345863342 -0.29797056317329407 -0.9432762265205383
vn -0.5592634677886963 0.2084570974111557 -0.8023528456687927
vn -0.7583303451538086 0.3536011278629303 -0.5476325750350952
vn 0.04997985437512398 0.025636445730924606 -0.9984211325645447
vn -0.21796046197414398 -0.21906375885009766 -0.9510543346405029
vn -0.14289429783821106 -0.30500519275665283 -0.9415695071220398
vn 0.03414192795753479 -0.32335782051086426 -0.9456606507301331
vn 0.050945378839969635 -0.2900952100753784 -0.9556407928466797
vn -0.42040011286735535 0.025693107396364212 -0.9069750308990479
vn -0.7742937803268433 0.12072162330150604 -0.6212048530578613
vn 0.5130185484886169 0.22066666185855865 -0.8295289278030396
vn 0.30664777755737305 0.13282790780067444 -0.9425093531608582
vn -0.17167575657367706 -0.12106794863939285 -0.9776861071586609
vn 0.6996822953224182 0.30507463216781616 -0.6460450291633606
vn -0.004383072257041931 -0.0488131046295166 -0.9987983703613281
vn -0.2662203311920166 -0.23415130376815796 -0.9350401163101196
vn -0.5780413746833801 -0.140530526638031 -0.8038155436515808
vn 0.4788312017917633 0.15698455274105072 -0.8637572526931763
vn 0.6104806661605835 0.09443222731351852 -0.7863815426826477
vn 0.32448527216911316 -0.012005321681499481 -0.9458145499229431
vn 0.06337753683328629 -0.2107812911272049 -0.9754765629768372
vn -0.22399960458278656 -0.20749227702617645 -0.95224529504776
vn -0.2759643495082855 -0.19028986990451813 -0.9421430230140686
vn 0.5497190952301025 -0.15136510133743286 -0.8215214610099792
vn 0.3509141802787781 -0.3360109031200409 -0.874045729637146
vn -0.09138740599155426 -0.3590562641620636 -0.9288309812545776
vn 0.1277523934841156 -0.4035470187664032 -0.9059962630271912
vn 0.3043316900730133 0.8826247453689575 0.3582678735256195
vn 0.6032755374908447 0.7786911725997925 0.17233306169509888
vn -0.22546280920505524 0.9501148462295532 0.21551859378814697
vn -0.5623828768730164 0.8109185695648193 0.16166847944259644
vn 0.8766907453536987 0.4554115831851959 0.15496329963207245
vn -0.9762668609619141 0.10141900926828384 0.19135622680187225
vn 0.9345879554748535 -0.17776718735694885 0.3081302046775818
vn -0.9852249026298523 -0.018285337835550308 0.17028646171092987
vn 0.9542841911315918 -0.12864527106285095 0.26980024576187134
vn -0.9899888038635254 0.02374466136097908 0.13913455605506897
vn 0.9698824286460876 0.13922999799251556 0.1998579204082489
vn 0.9044144749641418 0.36429473757743835 0.22208979725837708
vn 0.9515215158462524 0.22658248245716095 0.20800775289535522
vn 0.8086457848548889 0.5352231860160828 0.24418887495994568
vn -0.8132616281509399 0.5307255983352661 0.2386126071214676
vn 0.5256012678146362 0.8158134818077087 0.24122975766658783
vn -0.3580484092235565 0.910066545009613 0.20875859260559082
vn 0.5406428575515747 0.8307985663414001 0.13220831751823425
vn 0.7484381794929504 0.6419491171836853 0.16655831038951874
vn 0.9452953338623047 0.32580187916755676 -0.016426457092165947
vn -0.9337221384048462 0.3555643856525421 -0.04167764633893967
vn 0.37488803267478943 -0.927006721496582 0.010844354517757893
vn 0.5449193120002747 -0.8381457328796387 0.023972580209374428
vn -0.9972915649414062 0.035615675151348114 -0.06435175985097885
vn -0.9588370323181152 -0.27795737981796265 -0.05806218087673187
vn 0.716715931892395 -0.6288449764251709 -0.301450252532959
vn 0.17784515023231506 -0.9298133254051208 -0.3222085237503052
vn 0.35562676191329956 -0.9346208572387695 0.003679829416796565
vn 0.15615789592266083 -0.9801811575889587 -0.12190023064613342
vn -0.04475249722599983 -0.9989224672317505 0.012295212596654892
vn -0.0714757964015007 0.9044414162635803 -0.42056751251220703
vn 0.25798535346984863 0.8937546014785767 -0.3669418692588806
vn 0.14279569685459137 0.8205378651618958 -0.5534681677818298
vn 0.2742071747779846 0.873106062412262 -0.40310829877853394
vn -0.3288687467575073 0.6574793457984924 -0.6779131889343262
vn -0.5577780604362488 0.6211900115013123 -0.5504603981971741
vn 0.3190750777721405 0.7277808785438538 -0.6070635318756104
vn -0.19871990382671356 0.9352133870124817 -0.2930638790130615
vn 0.19003906846046448 0.9410669207572937 -0.27978259325027466
vn 0.08777523785829544 0.9024093747138977 -0.4218445122241974
vn 0.24177974462509155 0.8865991830825806 -0.3943151533603668
vn -0.8072606921195984 0.49373236298561096 -0.3233553469181061
vn 0.719884991645813 0.6324435472488403 -0.28597351908683777
vn -0.10720843821763992 0.9232217073440552 -0.36900967359542847
vn 0.8139623999595642 0.5448756814002991 -0.20143459737300873
vn -0.8418208956718445 0.5101878046989441 -0.17619885504245758
vn 0.8349183201789856 0.5462380051612854 -0.06734599173069
vn 0.8047690391540527 0.5847575068473816 -0.10200796276330948
vn 0.01356703694909811 -0.3645455539226532 -0.9310867786407471
vn -0.868815541267395 0.4148232638835907 -0.2703355550765991
vn -0.8076072335243225 0.5133481025695801 -0.2902487814426422
vn 0.8067120313644409 0.5253810882568359 -0.270537406206131
vn 0.8507352471351624 0.5216466188430786 0.064300037920475
vn 0.05877913162112236 -0.38886603713035583 -0.9194173216819763
vn 0.08729250729084015 -0.30936363339424133 -0.946928858757019
vn -0.9200581908226013 0.2559470236301422 -0.2966209650039673
vn 0.8353880047798157 0.47525879740715027 -0.27614495158195496
vn -0.18413858115673065 -0.2847711145877838 -0.940743625164032
vn -0.12347351759672165 -0.2964359223842621 -0.9470375180244446
vn 0.1059718057513237 -0.3052935302257538 -0.9463434815406799
vn 0.8516587615013123 0.4386177361011505 -0.2868656814098358
vn -0.06937865167856216 -0.2794724106788635 -0.9576438665390015
vn 0.07275232672691345 -0.3616698384284973 -0.9294633269309998
vn 0.16439691185951233 -0.301156610250473 -0.9392967820167542
vn -0.738104522228241 -0.13249194622039795 -0.66154944896698
vn -0.9398989677429199 0.10279203951358795 -0.3256130516529083
vn 0.8197979927062988 0.22520853579044342 -0.5265096426010132
vn -0.33618634939193726 -0.26001250743865967 -0.9051918387413025
vn -0.25629472732543945 -0.2964062988758087 -0.9200306534767151
vn 0.020981499925255775 -0.36923348903656006 -0.9290997982025146
vn -0.09522952884435654 -0.36353129148483276 -0.9267019033432007
vn -0.38327640295028687 -0.3146369159221649 -0.8683909773826599
vn 0.969590425491333 0.23625241219997406 0.06386906653642654
vn 0.9308415651321411 0.017804795876145363 -0.3649890422821045
vn -0.13581596314907074 -0.27709949016571045 -0.9511939883232117
vn 0.12779541313648224 -0.41197389364242554 -0.9021894931793213
vn 0.21351946890354156 -0.41599786281585693 -0.8839430212974548
vn 0.10707403719425201 -0.31440436840057373 -0.9432311654090881
vn -0.032622866332530975 -0.3849615156650543 -0.9223558902740479
vn -0.5760065913200378 -0.2709428369998932 -0.7712369561195374
vn -0.7718964219093323 -0.05228351056575775 -0.633594810962677
vn 0.7475951910018921 -0.022159889340400696 -0.6637849807739258
vn -0.34298473596572876 -0.3227311670780182 -0.8821598887443542
vn 0.1842617690563202 -0.40697988867759705 -0.8946592211723328
vn -0.33209937810897827 -0.3648887574672699 -0.8698081970214844
vn -0.639365553855896 -0.27434849739074707 -0.7182928919792175
vn 0.7338905334472656 -0.31972482800483704 -0.5993168354034424
vn 0.9426935911178589 -0.2947985827922821 -0.15627731382846832
vn -0.3121262788772583 -0.33216235041618347 -0.8900817036628723
vn -0.30273622274398804 -0.3237084150314331 -0.8964172005653381
vn -0.15866045653820038 -0.4409567713737488 -0.8833934664726257
vn 0.5400030016899109 -0.514464259147644 -0.6661255955696106
vn 0.24917931854724884 -0.5182506442070007 -0.818123459815979
vn 0.011379755102097988 -0.4889388382434845 -0.8722438812255859
vn -0.18849918246269226 -0.42730700969696045 -0.8842380046844482
vn -0.282816082239151 -0.38192984461784363 -0.8798549175262451
vn -0.11824604123830795 -0.4587770402431488 -0.8806483745574951
vn -0.028527304530143738 0.8767688274383545 0.4800652861595154
vn -0.7634361982345581 0.5171491503715515 0.386939138174057
vn 0.9290391802787781 0.29585516452789307 0.22216196358203888
vn 0.7144955992698669 0.4723273813724518 0.5161423087120056
vn -0.9029123783111572 0.2358090579509735 0.3593650758266449
vn 0.9676053524017334 -0.006856195628643036 0.25237444043159485
vn 0.8562102317810059 -0.16359256207942963 0.49004247784614563
vn -0.9422518014907837 0.03147264942526817 0.3334231972694397
vn 0.8577296733856201 -0.1817900836467743 0.48088687658309937
vn -0.9677685499191284 0.006287656724452972 0.2517630457878113
vn 0.9527994394302368 0.002532706828787923 0.3035898804664612
vn 0.8268436789512634 -0.020161502063274384 0.5620704293251038
vn 0.9366571307182312 0.11606345325708389 0.3304583430290222
vn 0.9408449530601501 0.19232873618602753 0.27896320819854736
vn -0.9360824823379517 0.26916661858558655 0.2264927625656128
vn -0.9117277264595032 0.36886200308799744 0.1808134913444519
vn 0.6113055348396301 0.7779523134231567 0.1452437788248062
vn -0.6437423825263977 0.7269327640533447 0.23909106850624084
vn -0.36803701519966125 0.9236617684364319 0.10675981640815735
vn -0.15317754447460175 0.5107876658439636 -0.845950722694397
vn -0.32438355684280396 0.29110491275787354 -0.9000185132026672
vn -0.36863359808921814 0.6238222122192383 -0.6891698837280273
vn -0.5785015821456909 0.09342148154973984 -0.8103137612342834
vn 0.43253806233406067 0.8999303579330444 -0.05510233715176582
vn 0.6857877969741821 0.7225679755210876 -0.08712418377399445
vn 0.46950605511665344 0.8812291622161865 0.054766375571489334
vn -0.4082220494747162 0.8942943215370178 -0.18328270316123962
vn -0.10672182589769363 0.9917988181114197 -0.07032466679811478
vn -0.7248850464820862 0.6355311274528503 -0.2657856345176697
vn 0.11135552078485489 0.49622780084609985 -0.8610215187072754
vn -0.044817570596933365 0.1067269891500473 -0.9932777881622314
vn -0.3422677516937256 -0.17182275652885437 -0.9237585067749023
vn 0.5992754697799683 0.7357790470123291 -0.31543341279029846
vn 0.803609311580658 0.5267238616943359 -0.2770814001560211
vn -0.8859503269195557 0.25431618094444275 -0.3878340721130371
vn 0.25229576230049133 0.38187551498413086 -0.889110803604126
vn -0.13829298317432404 -0.30503004789352417 -0.9422482848167419
vn -0.4408922493457794 -0.6210049986839294 -0.648048460483551
vn -0.5806689262390137 -0.5395817160606384 -0.6096517443656921
vn 0.8572324514389038 0.2107161432504654 -0.4698418080806732
vn -0.4916822910308838 -0.8677802085876465 0.07215245068073273
vn -0.003930918872356415 -0.9999276995658875 0.011364839039742947
vn -0.9299311637878418 -0.22061778604984283 -0.29420390725135803
vn 0.017277587205171585 -0.1343677043914795 -0.9907809495925903
vn 0.3431112766265869 0.20325453579425812 -0.9170399904251099
vn 0.21049092710018158 -0.2795303165912628 -0.936779797077179
vn -0.1488252431154251 -0.4753080904483795 -0.8671408891677856
vn -0.2864075303077698 -0.7490799427032471 -0.5973692536354065
vn -0.27648037672042847 -0.5479135513305664 -0.7895247936248779
vn 0.7878491878509521 -0.307077020406723 -0.5338514447212219
vn -0.11900033056735992 -0.637550950050354 -0.7611621022224426
vn -0.2982034981250763 -0.8121798634529114 -0.5014365911483765
vn 0.49598681926727295 -0.6910086274147034 -0.5258365869522095
vn -0.43346574902534485 -0.8984542489051819 0.06990968436002731
vn -0.5045467615127563 -0.8575514554977417 0.10019031167030334
vn 0.5660459399223328 -0.8236019611358643 0.035663504153490067
vn -0.7120489478111267 -0.6649634838104248 -0.22541072964668274
vn -0.2689438462257385 -0.8145735859870911 -0.513944685459137
vn -0.1505233198404312 -0.9743868708610535 -0.16707180440425873
vn -0.22610653936862946 -0.973919689655304 0.01887410320341587
vn -0.3247183561325073 -0.9317423701286316 -0.16252435743808746
vn 0.11292612552642822 0.7217981815338135 -0.6828287839889526
vn -0.013950111344456673 0.5936958193778992 -0.8045686483383179
vn -0.010549616999924183 0.8137330412864685 -0.5811431407928467
vn -0.2669987976551056 0.8681240677833557 -0.41841647028923035
vn -0.23702295124530792 0.9354227781295776 -0.2623058557510376
vn 0.3782687187194824 0.9059666395187378 -0.1900981068611145
vn 0.26914697885513306 0.943818986415863 -0.1917436718940735
vn 0.37158459424972534 0.8826851844787598 -0.2877357006072998
vn 0.20383796095848083 0.8135600686073303 -0.5445825457572937
vn -0.23333217203617096 0.9555191993713379 -0.18038628995418549
vn -0.141037255525589 0.9789512157440186 -0.14752303063869476
vn -0.07310284674167633 0.972579300403595 -0.2207837700843811
vn 0.18843688070774078 0.9719752073287964 -0.14055530726909637
vn 0.8096101880073547 0.4861411452293396 -0.328934907913208
vn 0.8694676160812378 0.4863830506801605 -0.08635787665843964
vn 0.04329043999314308 0.9606550931930542 -0.2743496596813202
vn -0.9335071444511414 0.34732377529144287 -0.08905450254678726
vn -0.8437758684158325 0.5283337831497192 -0.09437031298875809
vn -0.8468334674835205 0.5298839807510376 -0.045782506465911865
vn 0.8729760646820068 0.4774075150489807 0.09997459501028061
vn -0.8887981176376343 0.4562006890773773 -0.04380501061677933
vn 0.8527008295059204 0.4778626561164856 0.21106532216072083
vn 0.8186284899711609 0.5233957171440125 0.236440971493721
vn -0.9561998844146729 0.29079750180244446 -0.033446744084358215
vn 0.8156365752220154 0.45009517669677734 0.363526314496994
vn 0.8676826357841492 0.45173588395118713 0.20751291513442993
vn -0.9490893483161926 0.2964564263820648 -0.10650300234556198
vn -0.020071985200047493 -0.30144450068473816 -0.9532724618911743
vn -0.05507078766822815 -0.23555400967597961 -0.9702997207641602
vn -0.9371495246887207 0.0798642486333847 -0.3396652042865753
vn 0.979566216468811 -0.09762103110551834 0.17584121227264404
vn -0.08416085690259933 -0.25968652963638306 -0.9620186686515808
vn -0.017830297350883484 -0.2895762622356415 -0.9569888710975647
vn 0.05041912570595741 -0.355374276638031 -0.9333633184432983
vn 0.17328530550003052 -0.3760010302066803 -0.9102721810340881
vn -0.8758665323257446 -0.18155819177627563 -0.4470956325531006
vn -0.4010189175605774 -0.3846045136451721 -0.8314223885536194
vn -0.6462357640266418 -0.2878791391849518 -0.7067567110061646
vn -0.1447320282459259 -0.2578754127025604 -0.955276370048523
vn 0.14978443086147308 -0.4342614710330963 -0.8882464170455933
vn 0.8129231333732605 -0.48655641078948975 -0.32002952694892883
vn 0.9422581195831299 -0.33277690410614014 0.037539415061473846
vn -0.058886803686618805 -0.2135838270187378 -0.9751483201980591
vn -0.0011781221255660057 -0.4198666214942932 -0.907585084438324
vn 0.8001276254653931 -0.48899734020233154 -0.34738650918006897
vn 0.9408262968063354 -0.28823864459991455 0.17822594940662384
vn -0.18531230092048645 -0.3212607800960541 -0.9286823868751526
vn -0.18366873264312744 -0.40838876366615295 -0.8941389322280884
vn 0.4213867485523224 -0.5778691172599792 -0.6989281177520752
vn 0.128252312541008 -0.5269559025764465 -0.8401600122451782
vn 0.23709212243556976 -0.571770966053009 -0.7854077816009521
vn 0.015930604189634323 -0.4832898676395416 -0.8753154873847961
vn -0.43825432658195496 0.7915734052658081 0.4258459508419037
vn 0.36729347705841064 0.39016419649124146 0.8443148136138916
vn -0.3065260350704193 0.5351220369338989 0.7872015833854675
vn -0.677337646484375 0.23994331061840057 0.6954429745674133
vn -0.49543479084968567 0.03906755894422531 0.8677662014961243
vn -0.8109419941902161 0.07663208991289139 0.5800867080688477
vn 0.4101736545562744 -0.1701686978340149 0.8959912061691284
vn 0.5593059062957764 -0.17032591998577118 0.8112743496894836
vn -0.8852036595344543 -0.0059480126947164536 0.4651656150817871
vn -0.6778690814971924 0.0920095220208168 0.7294024229049683
vn -0.9095617532730103 0.11947903782129288 0.39802297949790955
vn -0.6998906135559082 0.30387082695961 0.6463866829872131
vn 0.8330166339874268 0.157314732670784 0.5304105877876282
vn -0.8743523359298706 0.1979621797800064 0.4430789649486542
vn 0.8742200136184692 0.22300328314304352 0.43128764629364014
vn -0.9632962346076965 0.0984765812754631 0.24972544610500336
vn -0.9676161408424377 0.10709692537784576 0.2285810261964798
vn 0.906057596206665 0.3148341178894043 0.2827352285385132
vn 0.857607901096344 0.4607405960559845 0.22853173315525055
vn 0.7444549798965454 0.6333293318748474 0.2113782912492752
vn -0.8413673043251038 0.4887663424015045 0.23066988587379456
vn -0.012845262885093689 0.7789821028709412 -0.6269145607948303
vn 0.015747632831335068 0.9730966091156006 -0.22985884547233582
vn 0.10914216190576553 0.9103339314460754 -0.39922448992729187
vn -0.29368484020233154 0.8768560886383057 -0.38062140345573425
vn -0.5450426936149597 0.8051462173461914 0.2338116317987442
vn -0.31663981080055237 0.7957360744476318 -0.5162784457206726
vn -0.2227487713098526 0.6127643585205078 -0.7582234740257263
vn -0.027304919436573982 0.8407631516456604 -0.5407142639160156
vn -0.017412357032299042 0.9515252709388733 -0.30707743763923645
vn 0.26571330428123474 0.6567497253417969 -0.7057451605796814
vn 0.29682648181915283 0.7960188388824463 -0.5274922847747803
vn -0.8076969981193542 0.5007269382476807 -0.3112846314907074
vn 0.4391102194786072 0.5125394463539124 -0.7378926873207092
vn 0.16775447130203247 0.5341556072235107 -0.8285748362541199
vn 0.04352472350001335 0.8075742125511169 -0.5881577730178833
vn -0.06629146635532379 0.860940158367157 -0.5043685436248779
vn 0.3519059419631958 0.9000803232192993 -0.25693899393081665
vn -0.08795902132987976 0.992835283279419 0.08087823539972305
vn 0.12013842165470123 0.9923257231712341 -0.029264183714985847
vn -0.555034339427948 0.46508872509002686 -0.6896588206291199
vn -0.28220945596694946 0.4084874391555786 -0.868041455745697
vn 0.38506850600242615 0.6490355134010315 -0.6561060547828674
vn 0.38307297229766846 0.7476328611373901 -0.5424944162368774
vn -0.7653295993804932 -0.39881423115730286 -0.5051909685134888
vn -0.8947851061820984 -0.4370924234390259 -0.09115870296955109
vn 0.7799413800239563 0.056571654975414276 -0.6232905983924866
vn 0.7934670448303223 -0.3576030433177948 -0.4924735724925995
vn 0.5063056349754333 -0.00047367557999677956 -0.8623539805412292
vn 0.25040724873542786 0.21609129011631012 -0.9437164664268494
vn -0.08203868567943573 0.6874885559082031 -0.7215463519096375
vn -0.03487037494778633 0.4860156178474426 -0.8732542395591736
vn -0.11220233887434006 0.7158098816871643 -0.689221978187561
vn 0.5761955976486206 0.6190558075904846 -0.5336371064186096
vn -0.7732200622558594 0.09105272591114044 -0.6275668740272522
vn -0.4820091426372528 0.10474887490272522 -0.8698821663856506
vn -0.19042356312274933 0.20459215342998505 -0.9601463079452515
vn -0.10834679752588272 0.3625873625278473 -0.9256302714347839
vn 0.39770638942718506 0.5114931464195251 -0.7617115378379822
vn 0.27828630805015564 0.6488659977912903 -0.7081875801086426
vn 0.3015238344669342 0.5172644853591919 -0.8009500503540039
vn 0.01782652735710144 0.2814115285873413 -0.9594215750694275
vn -0.09576695412397385 0.598244845867157 -0.7955700755119324
vn -0.09914039820432663 0.35372039675712585 -0.9300823211669922
vn -0.06449045240879059 0.3459421694278717 -0.9360368847846985
vn -0.059024013578891754 0.5388144850730896 -0.8403542041778564
vn 0.24220724403858185 0.4554612636566162 -0.8566742539405823
vn 0.5214651823043823 0.4666946232318878 -0.7143319845199585
vn 0.33180567622184753 0.6457230448722839 -0.687711238861084
vn 0.08360694348812103 0.6302502155303955 -0.7718772888183594
vn -0.20780232548713684 -0.974636435508728 0.08307845145463943
vn -0.1665719896554947 -0.9829418659210205 -0.07796875387430191
vn 0.15474984049797058 -0.9875883460044861 0.026867171749472618
vn 0.4470728635787964 -0.8894669413566589 0.0947333350777626
vn -0.7554730176925659 -0.31842589378356934 -0.572595477104187
vn -0.2287595123052597 -0.030655724927783012 -0.973000168800354
vn 0.04346180334687233 0.07374649494886398 -0.9963295459747314
vn -0.0005975781823508441 0.23040986061096191 -0.9730935096740723
vn 0.3179946541786194 0.3310069739818573 -0.8884333968162537
vn 0.15673741698265076 0.49151062965393066 -0.8566509485244751
vn -0.41820311546325684 -0.7809410691261292 -0.46393659710884094
vn -0.538890540599823 -0.7958436608314514 -0.2760976552963257
vn 0.731549084186554 -0.522318422794342 -0.4382002353668213
vn 0.5261015295982361 -0.269709050655365 -0.8065198659896851
vn 0.20491762459278107 -0.25078728795051575 -0.9461049437522888
vn -0.07373034209012985 -0.2546420693397522 -0.9642205238342285
vn -0.06761714816093445 0.08933477103710175 -0.9937037825584412
vn -0.0787460133433342 0.2270764261484146 -0.9706881046295166
vn 0.14705830812454224 0.1893601417541504 -0.9708329439163208
vn 0.5363171100616455 0.02841830626130104 -0.8435380458831787
vn -0.43897584080696106 -0.2971546947956085 -0.8479382991790771
vn -0.053745970129966736 -0.2295805811882019 -0.9718046188354492
vn -0.04807764291763306 0.46653494238853455 -0.883195161819458
vn 0.08634109795093536 0.17965823411941528 -0.9799327254295349
vn 0.27519282698631287 -0.09125914424657822 -0.9570479393005371
vn -0.34042856097221375 -0.9241428971290588 -0.17340227961540222
vn -0.38899940252304077 -0.9000757932662964 -0.1963241547346115
vn 0.6477431654930115 -0.7554061412811279 -0.09894657880067825
vn 0.5394676327705383 -0.6968817114830017 -0.4725787043571472
vn 0.3604123294353485 -0.725485622882843 -0.5863221287727356
vn 0.2247333824634552 -0.6339885592460632 -0.7399685978889465
vn 0.04184477776288986 -0.3152672052383423 -0.9480800032615662
vn -0.02864113450050354 -0.026265762746334076 -0.9992445707321167
vn -0.013309620320796967 0.11142519861459732 -0.9936836957931519
vn 0.08829853683710098 -0.18701568245887756 -0.978380560874939
vn 0.3871159851551056 -0.5078016519546509 -0.769596517086029
vn 0.5796939134597778 -0.8145391941070557 0.021929536014795303
vn -0.4555447995662689 -0.6921848654747009 -0.5597848296165466
vn -0.13279566168785095 -0.48808905482292175 -0.8626322746276855
vn 0.057359613478183746 0.018797406926751137 -0.998176634311676
vn -0.04816027730703354 -0.07134435325860977 -0.9962884187698364
vn 0.013515952043235302 -0.28075385093688965 -0.9596846699714661
vn -0.031406939029693604 -0.6420565843582153 -0.7660137414932251
vn -0.3122105002403259 -0.857763409614563 -0.408370703458786
vn -0.4158584773540497 -0.8879308700561523 -0.19657211005687714
vn 0.47325217723846436 -0.8374133706092834 -0.2734435200691223
vn 0.4504992961883545 -0.8884000778198242 -0.08829326182603836
vn 0.39277762174606323 -0.8315635919570923 -0.39271846413612366
vn 0.17943650484085083 -0.6012135744094849 -0.7786814570426941
vn 0.10703786462545395 -0.36359402537345886 -0.9253876805305481
vn 0.0348525270819664 -0.19101135432720184 -0.9809689521789551
vn -0.12415282428264618 -0.08752758800983429 -0.9883952140808105
vn -0.19636888802051544 -0.5497992038726807 -0.811886727809906
vn -0.021044747903943062 -0.8176071643829346 -0.5753918290138245
vn -0.3913891911506653 -0.8685970306396484 -0.3038976192474365
vn 0.08024848252534866 -0.9833834767341614 -0.1628408282995224
vn -0.13231675326824188 -0.9052359461784363 -0.4037821888923645
vn 0.21651913225650787 -0.9091785550117493 -0.35568785667419434
vn 0.1198725774884224 -0.722984790802002 -0.6803848743438721
vn 0.20658999681472778 -0.0014615420950576663 -0.9784265160560608
vn 0.2587437927722931 -0.08974748849868774 -0.9617676734924316
vn -0.09474164247512817 -0.16421805322170258 -0.981863796710968
vn -0.16155876219272614 -0.2907201945781708 -0.9430697560310364
vn -0.21890273690223694 -0.5734972357749939 -0.7894191741943359
vn -0.3087233006954193 -0.8572570085525513 -0.41206836700439453
vn 0.33344823122024536 -0.8010872006416321 -0.4970630407333374
vn 0.23595942556858063 -0.5958053469657898 -0.7676843404769897
vn -0.37685903906822205 -0.2357446402311325 -0.8957688212394714
vn -0.6227951049804688 -0.37684866786003113 -0.6856467127799988
vn -0.48585429787635803 -0.671730101108551 -0.5592175722122192
vn 0.48694276809692383 -0.008048082701861858 -0.8733968138694763
vn -0.07968700677156448 -0.11260572820901871 -0.990439236164093
vn -0.14838404953479767 -0.2199978232383728 -0.9641489386558533
vn -0.27263566851615906 -0.4676000773906708 -0.8408448696136475
vn -0.42900246381759644 -0.7846828699111938 -0.44747039675712585
vn -0.40168705582618713 -0.7905547618865967 -0.462245374917984
vn 0.41958510875701904 -0.6830443739891052 -0.5978283882141113
vn 0.23421719670295715 -0.4439951479434967 -0.8648760914802551
vn 0.031054606661200523 -0.2256869673728943 -0.9737048149108887
vn -0.25870585441589355 -0.1264207661151886 -0.9576476812362671
vn -0.4229779541492462 -0.7049363255500793 -0.5693456530570984
vn -0.4262262284755707 -0.49248117208480835 -0.7588106393814087
vn 0.5029810070991516 0.20829841494560242 -0.8388217091560364
vn 0.21387602388858795 0.22625374794006348 -0.950298011302948
vn -0.07536981254816055 0.06441473215818405 -0.9950730204582214
vn -0.467514306306839 -0.3242855668067932 -0.8223559260368347
vn -0.7290646433830261 -0.520894467830658 -0.4439975619316101
vn -0.5648699402809143 -0.6890756487846375 -0.4539788067340851
vn -0.413585901260376 -0.016284162178635597 -0.9103195071220398
vn 0.22213996946811676 0.03233036771416664 -0.9744786024093628
vn 0.30438676476478577 0.5007623434066772 -0.8102998733520508
vn -0.5517273545265198 -0.04488921910524368 -0.8328156471252441
vn -0.7871208190917969 -0.2903309762477875 -0.5441955924034119
vn -0.23719103634357452 0.2787240147590637 -0.9306198954582214
vn -0.283313125371933 0.37976792454719543 -0.8806304931640625
vn 0.08793921768665314 0.4958435297012329 -0.863947868347168
vn 0.5794497728347778 0.3515039384365082 -0.7353115081787109
vn -0.6166513562202454 0.37759581208229065 -0.6907695531845093
vn -0.34006065130233765 0.6177153587341309 -0.7090744376182556
vn -0.5697697997093201 0.6845563650131226 -0.4546923339366913
vn 0.4048209488391876 0.695730447769165 -0.5933626890182495
vn 0.7169094085693359 0.496470183134079 -0.4894469380378723
vn 0.6054105758666992 0.6927248239517212 -0.39193153381347656
vn 0.6025046706199646 0.41926851868629456 -0.6791186332702637
vn -0.717583179473877 0.3706594407558441 -0.5896490216255188
vn -0.9159010648727417 -0.04983821138739586 -0.39829814434051514
vn -0.43460315465927124 0.8309767246246338 -0.34727194905281067
vn 0.41229572892189026 0.8150760531425476 -0.4070174992084503
vn 0.5144648551940918 0.8104511499404907 -0.2801694869995117
vn -0.9441711902618408 0.21690165996551514 -0.2479807734489441
vn 0.6190747618675232 0.6182478666305542 -0.48426851630210876
vn 0.7934823036193848 0.3311683237552643 -0.5106010437011719
vn -0.3548165559768677 0.9028337001800537 -0.2428922802209854
vn -0.28766876459121704 0.940686047077179 -0.17987921833992004
vn -0.016618063673377037 0.9906511902809143 -0.13540366291999817
vn 0.08053591102361679 0.9830756187438965 -0.16454894840717316
vn 0.9225161075592041 0.3508358597755432 -0.16086722910404205
vn -0.9004837274551392 0.4347362518310547 -0.011555489152669907
vn -0.8926971554756165 0.44067826867103577 0.09431072324514389
vn 0.9563502073287964 0.29148682951927185 0.020732754841446877
vn 0.9358021020889282 0.3236042857170105 0.1398385465145111
vn -0.8791531920433044 0.4569256901741028 0.13530932366847992
vn -0.9091106057167053 0.3932013213634491 0.1375163048505783
vn 0.8215489983558655 0.4392664432525635 0.36345887184143066
vn -0.9424917697906494 0.28733542561531067 0.1707264930009842
vn -0.8936082720756531 0.3602469563484192 0.26774317026138306
vn -0.9195219874382019 0.22184529900550842 0.3244442939758301
vn -0.8940829038619995 0.29171785712242126 0.33987727761268616
vn 0.7965989112854004 0.3428288698196411 0.49789419770240784
vn 0.8273317217826843 0.261451780796051 0.49715718626976013
vn -0.975910484790802 0.1598430722951889 0.14848865568637848
vn 0.8805776238441467 0.05347350239753723 0.47087547183036804
vn 0.7780733704566956 0.11088822036981583 0.6183087825775146
vn -0.997542679309845 0.044221438467502594 -0.054342832416296005
vn -0.839422881603241 -0.26834022998809814 -0.47261276841163635
vn 0.9174008965492249 -0.14568212628364563 0.37034085392951965
vn 0.8423378467559814 -0.08490905165672302 0.5322193503379822
vn -0.014901887625455856 -0.19370658695697784 -0.9809463620185852
vn 0.032431796193122864 -0.17554232478141785 -0.9839375615119934
vn -0.04223315790295601 -0.1730162799358368 -0.9840130805969238
vn -0.013407664373517036 -0.1416640728712082 -0.9898239970207214
vn 0.04863230511546135 -0.23220795392990112 -0.9714496731758118
vn 0.13007770478725433 -0.3298075795173645 -0.9350437521934509
vn 0.0993296205997467 -0.38653257489204407 -0.916911244392395
vn -0.37724822759628296 -0.41369372606277466 -0.8285779356956482
vn -0.568089485168457 -0.4307919144630432 -0.7012079954147339
vn -0.9810091257095337 -0.1928316205739975 0.02090615965425968
vn -0.1407584846019745 -0.16528232395648956 -0.9761500358581543
vn -0.07250458747148514 -0.16160525381565094 -0.9841884970664978
vn 0.0027843082789331675 -0.15947401523590088 -0.9871982336044312
vn 0.9041628241539001 -0.4206473231315613 -0.0744684636592865
vn -0.05885831639170647 -0.1558343768119812 -0.9860280752182007
vn 0.0226783137768507 -0.16321776807308197 -0.9863294363021851
vn 0.005714428145438433 -0.3255186975002289 -0.9455183744430542
vn -0.8836330771446228 -0.3804519772529602 -0.27285316586494446
vn 0.6159977316856384 -0.6060004830360413 -0.5032992959022522
vn -0.08769559115171432 -0.22914724051952362 -0.9694333672523499
vn -0.045623619109392166 -0.1876801997423172 -0.9811700582504272
vn -0.010037974454462528 -0.22003626823425293 -0.9754400849342346
vn -0.39620915055274963 -0.496323823928833 -0.7724513411521912
vn -0.5763092041015625 -0.5901857018470764 -0.5652862191200256
vn -0.810258150100708 -0.5237711668014526 -0.26295530796051025
vn 0.8635714650154114 -0.5037943124771118 -0.02087326906621456
vn 0.3326137959957123 -0.6492407321929932 -0.6839989423751831
vn 0.1727905571460724 -0.5624085068702698 -0.8086038827896118
vn 0.023240311071276665 -0.36817866563796997 -0.9294645190238953
vn -0.07515572011470795 -0.14296375215053558 -0.9868703484535217
vn -0.0023131188936531544 -0.2546939551830292 -0.9670189619064331
vn -0.07536448538303375 -0.35766223073005676 -0.9308050274848938
vn -0.2903260886669159 -0.5028555989265442 -0.8141542077064514
vn 0.6585402488708496 -0.7442179918289185 -0.11164423823356628
vn 0.46319660544395447 -0.7439495325088501 -0.48165133595466614
vn 0.16791081428527832 -0.45473501086235046 -0.8746554255485535
vn -0.07228195667266846 -0.20012013614177704 -0.9771015048027039
vn 0.3847089409828186 -0.7278876900672913 -0.5676077604293823
vn 0.30826184153556824 -0.6275181770324707 -0.7149794101715088
vn -0.02514595538377762 -0.30246615409851074 -0.9528284072875977
vn 0.20784127712249756 -0.5266842246055603 -0.8242607712745667
vn 0.09244663268327713 -0.43743011355400085 -0.8944878578186035
vn 0.06530984491109848 0.1654902696609497 0.9840465784072876
vn -0.24825012683868408 0.05698214843869209 0.9670186042785645
vn 0.0037714061327278614 -0.06371361017227173 0.9979611039161682
vn 0.4911626875400543 0.08863223344087601 0.8665469288825989
vn -0.18862153589725494 0.10382454097270966 0.9765461683273315
vn 0.6767799258232117 0.3084619641304016 0.6684460639953613
vn -0.05761642009019852 0.347493052482605 0.9359107613563538
vn 0.01542824599891901 0.5159132480621338 0.8565019369125366
vn -0.6820507645606995 0.33427196741104126 0.6504375338554382
vn 0.6889542937278748 0.29225414991378784 0.6632719039916992
vn 0.8744877576828003 0.26744455099105835 0.4046536684036255
vn -0.9095520377159119 0.10570912063121796 0.40192127227783203
vn 0.8067362308502197 0.5031906962394714 0.309799462556839
vn 0.3147502839565277 0.9013487100601196 -0.2974942922592163
vn 0.2655419409275055 0.9614090919494629 -0.07197253406047821
vn -0.2219352424144745 0.9747323393821716 0.02533070556819439
vn -0.49960798025131226 0.865942656993866 -0.023135503754019737
vn 0.5901984572410583 0.78263920545578 0.1978427767753601
vn 0.4632985293865204 0.8830912113189697 0.074192576110363
vn -0.7029376029968262 0.6563282608985901 0.2740655541419983
vn -0.3798620402812958 0.8563592433929443 0.34979093074798584
vn 0.31068554520606995 0.9202090501785278 -0.23809635639190674
vn 0.12141739577054977 0.9806686639785767 -0.1534493863582611
vn 0.2437627762556076 0.8893448114395142 -0.38684043288230896
vn 0.3246740996837616 0.8593281507492065 -0.3951479494571686
vn 0.28036147356033325 0.9481706619262695 -0.14956560730934143
vn 0.18661107122898102 0.9114787578582764 -0.3665827512741089
vn 0.12572626769542694 0.964012622833252 -0.23424901068210602
vn 0.8750043511390686 0.4682983458042145 -0.12273602932691574
vn -0.1417473703622818 0.9687128663063049 -0.20372313261032104
vn -0.1015743762254715 0.8696184754371643 -0.48316290974617004
vn -0.07324694097042084 0.9758736491203308 -0.20568296313285828
vn 0.08804354816675186 0.9321525692939758 -0.35119786858558655
vn -0.08747075498104095 0.6303016543388367 -0.7714069485664368
vn 0.05668171867728233 0.7376837134361267 -0.672762930393219
vn -0.019153093919157982 0.5933589935302734 -0.8047100901603699
vn -0.0548272542655468 0.5497103333473206 -0.833554208278656
vn 0.11614888161420822 0.7680919170379639 -0.6297175884246826
vn 0.3801514804363251 0.7822186350822449 -0.49357765913009644
vn 0.1724938601255417 0.8801085948944092 -0.44232892990112305
vn 0.2077426314353943 0.9780423641204834 -0.016618050634860992
vn -0.1722828447818756 0.5485789775848389 -0.818156361579895
vn -0.13124147057533264 0.6769450902938843 -0.7242382764816284
vn -0.2450675368309021 0.6281940340995789 -0.7384539842605591
vn 0.1866706758737564 0.770123302936554 -0.6099706888198853
vn 0.30089473724365234 0.782629132270813 -0.5449348092079163
vn 0.9666382074356079 -0.20737460255622864 -0.15035416185855865
vn -0.03152728080749512 0.8138319849967957 -0.5802444219589233
vn -0.16428884863853455 0.7212350964546204 -0.6729258298873901
vn -0.12114377319812775 0.6163007020950317 -0.7781372666358948
vn 0.054225221276283264 0.6732408404350281 -0.7374323010444641
vn -0.6529164910316467 -0.7392467856407166 -0.16496782004833221
vn 0.8868463635444641 -0.4580838680267334 0.06052082031965256
vn -0.40778037905693054 -0.8975734710693359 0.16756190359592438
vn -0.4748519957065582 -0.8799431324005127 0.014685215428471565
vn 0.7594684362411499 -0.6388466358184814 0.12281189858913422
vn -0.5258806347846985 -0.8276777267456055 0.19595716893672943
vn 0.6058858036994934 -0.7880964279174805 0.10865728557109833
vn -0.31512412428855896 -0.9487547278404236 -0.02369188331067562
vn -0.34204867482185364 -0.9389920234680176 0.036009885370731354
vn 0.5077620148658752 -0.8614622950553894 0.007778289262205362
vn -0.4660070538520813 -0.8832903504371643 -0.051338955760002136
vn -0.4533129930496216 -0.8913022875785828 -0.009362159296870232
vn -0.3808373510837555 -0.9215920567512512 -0.07503993064165115
vn 0.4301535487174988 -0.8967800736427307 -0.10369846224784851
vn 0.3208408057689667 -0.3177541196346283 -0.8922407031059265
vn -0.4486994445323944 -0.8759463429450989 -0.17716346681118011
vn 0.4264445900917053 -0.8839447498321533 -0.19179874658584595
vn -0.7675490975379944 -0.4300733804702759 -0.4752950966358185
vn -0.6836678385734558 -0.6477453112602234 -0.33619093894958496
vn 0.50288325548172 -0.4890942871570587 -0.7126676440238953
vn 0.43524661660194397 -0.7232639193534851 -0.53614342212677
vn 0.7350745797157288 -0.4427541196346283 -0.5134533047676086
vn 0.4846736490726471 -0.8720216751098633 -0.0683351531624794
vn 0.4654809534549713 -0.8470940589904785 -0.25643545389175415
vn 0.5460609793663025 -0.7341017127037048 -0.4036237299442291
vn 0.627104640007019 -0.7592859864234924 -0.17385214567184448
vn 0.3076257109642029 -0.3924415409564972 -0.8668079972267151
vn -0.7361224293708801 -0.1121673583984375 -0.6674895882606506
vn -0.8371909260749817 -0.1963813155889511 -0.5104367733001709
vn 0.8096132278442383 -0.04986843839287758 -0.5848415493965149
vn 0.6530613899230957 -0.17520709335803986 -0.7367587089538574
vn -0.5200722217559814 -0.8137357234954834 -0.25953635573387146
vn 0.6615667939186096 -0.6225684881210327 -0.418016642332077
vn 0.48494163155555725 -0.49979010224342346 -0.7176639437675476
vn 0.6784296035766602 0.10413819551467896 -0.7272472381591797
vn 0.7819083333015442 0.2573424279689789 -0.5677977800369263
vn -0.6661198139190674 -0.7227914333343506 -0.18400271236896515
vn 0.7506808042526245 -0.5239419937133789 -0.40244659781455994
vn 0.65703946352005 -0.4134363830089569 -0.6303725242614746
vn 0.4384166896343231 -0.30196624994277954 -0.8465266227722168
vn -0.7582868337631226 0.1957581788301468 -0.6218358874320984
vn -0.9339229464530945 -0.30204030871391296 -0.19120579957962036
vn -0.8605157136917114 -0.5018583536148071 -0.0874699205160141
vn 0.8156368136405945 -0.3231838643550873 -0.47988420724868774
vn 0.8773713111877441 0.2212083786725998 -0.42577752470970154
vn 0.859398365020752 -0.026250602677464485 -0.510632336139679
vn 0.6479488015174866 -0.11738071590662003 -0.7525849938392639
vn -0.7602380514144897 0.43093347549438477 -0.48614245653152466
vn 0.8041706085205078 0.48761317133903503 -0.3399164080619812
vn 0.6475589275360107 0.7071778774261475 -0.28384318947792053
vn -0.9943611025810242 -0.09624581784009933 -0.04452802240848541
vn 0.9156867861747742 0.20172886550426483 -0.34759634733200073
vn -0.9915732145309448 0.1294710338115692 0.004458988551050425
vn -0.5257442593574524 0.7970115542411804 -0.2972637116909027
vn 0.2742605209350586 0.9529274702072144 -0.12926910817623138
vn 0.4732305407524109 0.8549165725708008 -0.21253369748592377
vn -0.9507372379302979 0.29760149121284485 0.08678821474313736
vn -0.27230945229530334 0.9493286609649658 -0.15691614151000977
vn 0.9824647903442383 0.17833402752876282 -0.05440545082092285
vn -0.9261465072631836 0.3227296471595764 0.19518807530403137
vn -0.8918560147285461 0.3726276159286499 0.2564011514186859
vn 0.9075114130973816 0.32820644974708557 0.2621136009693146
vn 0.894045889377594 0.2676277458667755 0.3592456579208374
vn 0.8212447166442871 0.30299505591392517 0.4834781587123871
vn 0.7671552300453186 0.1782800406217575 0.616189181804657
vn 0.7000571489334106 0.10040098428726196 0.7069934606552124
vn -0.9332460761070251 0.08855001628398895 0.348153293132782
vn 0.707443118095398 0.009153652936220169 0.7067110538482666
vn -0.8816104531288147 -0.08607050031423569 0.4640634059906006
vn -0.8918165564537048 -0.3186870515346527 0.3210947513580322
vn 0.8806819915771484 -0.2727268636226654 0.3873232305049896
vn 0.7790833711624146 -0.15628832578659058 0.6071268916130066
vn 0.7751691937446594 -0.43917906284332275 0.45413053035736084
vn -0.6120152473449707 -0.6844701766967773 -0.39615398645401
vn -0.806940495967865 -0.590160608291626 -0.023613473400473595
vn -0.039834268391132355 -0.2655317783355713 -0.9632788896560669
vn -0.044063765555620193 -0.39441967010498047 -0.9178733825683594
vn -0.15697266161441803 -0.5300567150115967 -0.8333063721656799
vn -0.8322281241416931 -0.5506814122200012 0.06439273059368134
vn 0.5601324439048767 -0.8204846382141113 -0.1142655462026596
vn -0.06398329138755798 -0.38725605607032776 -0.91974937915802
vn -0.13188566267490387 -0.5580751299858093 -0.8192425966262817
vn -0.3465240001678467 -0.7063544392585754 -0.6172394752502441
vn 0.51578289270401 -0.8496921062469482 -0.10950519889593124
vn 0.4337633550167084 -0.8124514222145081 -0.38957950472831726
vn -0.06934938579797745 -0.30707311630249023 -0.949155867099762
vn -0.07059695571660995 -0.3426264226436615 -0.9368155002593994
vn -0.10339458286762238 -0.4715360403060913 -0.8757644295692444
vn -0.21315152943134308 -0.6565864086151123 -0.7235058546066284
vn 0.3624568283557892 -0.7272826433181763 -0.5828251242637634
vn 0.18414446711540222 -0.6326631903648376 -0.7522154450416565
vn 0.07541266828775406 -0.5114729404449463 -0.8559838533401489
vn -0.027646346017718315 -0.4376137852668762 -0.898737907409668
vn -0.12270257622003555 -0.4686673581600189 -0.8748114109039307
vn -0.17375515401363373 -0.5551932454109192 -0.8133692741394043
vn 0.5161272287368774 -0.8494966626167297 -0.10939914733171463
vn -0.07943709194660187 -0.3919582664966583 -0.9165470004081726
vn -0.09882061928510666 -0.5196565985679626 -0.8486409783363342
vn 0.3100742995738983 -0.8431503772735596 -0.4392623007297516
vn 0.03865822032094002 -0.6368253827095032 -0.7700382471084595
vn -0.07467309385538101 -0.5253675580024719 -0.8475924134254456
vn 0.09067205339670181 -0.8674782514572144 -0.48914211988449097
vn -0.07606859505176544 0.35541000962257385 0.931610107421875
vn -0.6999020576477051 0.18540407717227936 0.6897553205490112
vn 0.7829005122184753 0.23634253442287445 0.575507640838623
vn 0.7101275324821472 0.3414319157600403 0.6157460808753967
vn -0.7533241510391235 0.13060925900936127 0.6445494294166565
vn 0.7222626805305481 0.45585474371910095 0.5201279520988464
vn -0.8973774909973145 0.19014479219913483 0.3981943130493164
vn 0.6663422584533691 0.6497646570205688 0.3657786250114441
vn -0.8370623588562012 0.4194856882095337 0.35122421383857727
vn 0.3145153522491455 0.6881189942359924 -0.6538902521133423
vn 0.5851824879646301 0.6204288601875305 -0.522139310836792
vn 0.5943810343742371 0.7603107690811157 -0.26199010014533997
vn 0.4957069754600525 0.7329301238059998 0.4659270644187927
vn 0.030880561098456383 0.7214276790618896 -0.6918009519577026
vn -0.2579130232334137 0.6512792110443115 -0.7136639952659607
vn 0.11630769819021225 0.9783564209938049 0.17114712297916412
vn -0.41455087065696716 0.8647117614746094 0.28358638286590576
vn 0.3948141038417816 0.754518449306488 0.5242362022399902
vn 0.2737613022327423 0.8340557217597961 -0.47896337509155273
vn 0.3339845836162567 0.9337838888168335 -0.12846024334430695
vn -0.04582349210977554 0.8942426443099976 -0.44523072242736816
vn -0.193339005112648 0.7437334060668945 -0.6399068236351013
vn -0.040970440953969955 0.6089953184127808 -0.7921150326728821
vn 0.4080342650413513 0.8799853920936584 0.2431744784116745
vn 0.3266650140285492 0.9394281506538391 -0.10375366359949112
vn 0.13683688640594482 0.8068084120750427 -0.5747485756874084
vn -0.42252451181411743 0.691737949848175 -0.5856378078460693
vn -0.2539622187614441 0.8339676856994629 -0.4898991286754608
vn 0.0865844190120697 0.9962063431739807 -0.008726506493985653
vn 0.1897723525762558 0.9812378883361816 0.034039877355098724
vn 0.2680595815181732 0.9530054330825806 0.14115500450134277
vn -0.6676202416419983 0.707064151763916 0.23311729729175568
vn -0.9632711410522461 0.08976374566555023 0.25308340787887573
vn -0.09582318365573883 0.9698273539543152 0.22417129576206207
vn -0.08647119998931885 0.9955084919929504 0.038543444126844406
vn 0.0719333365559578 0.9971833825111389 0.02123481035232544
vn -0.0645834282040596 0.4693933427333832 -0.8806241750717163
vn 0.07509562373161316 0.9488274455070496 -0.30673637986183167
vn -0.0061277542263269424 0.9754111170768738 0.22030799090862274
vn 0.12365899980068207 0.9884335398674011 0.0877934992313385
vn 0.0180728230625391 0.8541293144226074 -0.5197465419769287
vn 0.8827510476112366 0.009156213141977787 0.4697517156600952
vn -0.6983674764633179 -0.7000918388366699 0.1488434225320816
vn -0.41505464911460876 -0.8613907694816589 0.2928065061569214
vn -0.23977848887443542 -0.9358119964599609 0.2583840489387512
vn 0.02228400483727455 -0.9669194221496582 0.2541067600250244
vn 0.3560515344142914 -0.8935470581054688 0.2734977900981903
vn 0.6474224328994751 -0.712302029132843 0.271053671836853
vn -0.42415910959243774 -0.8794734477996826 0.2159062922000885
vn 0.785761833190918 -0.42438265681266785 0.44997525215148926
vn 0.7025745511054993 -0.5598463416099548 0.4392733871936798
vn -0.4726957380771637 -0.8706727623939514 0.1359695941209793
vn -0.3753446936607361 -0.9095242619514465 0.178555428981781
vn -0.3274117410182953 -0.9361802935600281 0.1279379427433014
vn 0.6065064668655396 -0.754131019115448 0.2518657147884369
vn -0.5960919857025146 -0.791715145111084 0.13364695012569427
vn 0.49330368638038635 -0.8491963148117065 0.1884598582983017
vn 0.49345722794532776 -0.8690609335899353 0.03511514142155647
vn -0.6462898850440979 -0.748638391494751 -0.1478174924850464
vn -0.567249596118927 -0.8235346078872681 0.0043207318522036076
vn 0.6084809303283691 -0.7899958491325378 -0.07521720230579376
vn -0.4565353989601135 -0.8853291869163513 0.08813495188951492
vn 0.5455799698829651 -0.8325988054275513 0.09550817310810089
vn -0.8602386116981506 -0.4174337387084961 -0.2928116023540497
vn -0.8264012336730957 -0.534700334072113 -0.1765127331018448
vn 0.5484161376953125 -0.7935855388641357 -0.2635561525821686
vn 0.7691039443016052 -0.6084166765213013 -0.19572478532791138
vn -0.5472407341003418 -0.8369733095169067 -0.0018375826766714454
vn 0.5493054986000061 -0.8333713412284851 -0.061284299939870834
vn 0.8680565357208252 -0.34232258796691895 -0.35957351326942444
vn 0.9144262671470642 -0.1321098506450653 -0.3825854957103729
vn 0.820667564868927 -0.569155752658844 -0.050661392509937286
vn -0.7427743673324585 -0.6683635711669922 0.03970427066087723
vn 0.8328282237052917 -0.48351964354515076 -0.2694549262523651
vn -0.8912668228149414 0.11871977895498276 -0.43766331672668457
vn -0.878183126449585 -0.4686761200428009 0.09558866918087006
vn -0.9538679122924805 -0.2996508777141571 0.018585676327347755
vn 0.9001918435096741 -0.30169621109962463 -0.3140605688095093
vn 0.9625824093818665 -0.13141195476055145 -0.2369939386844635
vn -0.6973698139190674 0.6213541626930237 -0.35720357298851013
vn 0.9799081087112427 0.10123319178819656 -0.17184852063655853
vn -0.4127015173435211 0.8734151721000671 -0.2585025429725647
vn -0.18896225094795227 0.9648275375366211 -0.18275977671146393
vn -0.03878870978951454 0.9870624542236328 -0.15557372570037842
vn 0.10203275829553604 0.9844677448272705 -0.14287258684635162
vn 0.9964001178741455 0.07981370389461517 0.028576621785759926
vn 0.9858874678611755 0.11772000044584274 0.11902908980846405
vn 0.9517637491226196 0.1832338124513626 0.2461121827363968
vn -0.894805908203125 0.24768048524856567 0.37145236134529114
vn 0.8666685819625854 0.13055622577667236 0.48149847984313965
vn -0.8747795820236206 0.2055160254240036 0.43877550959587097
vn -0.8610085248947144 0.14057762920856476 0.4887762665748596
vn 0.7146807909011841 0.04724298045039177 0.6978534460067749
vn -0.8033050298690796 0.0047013238072395325 0.5955493450164795
vn 0.6541391611099243 -0.04101773351430893 0.7552613019943237
vn -0.7442214488983154 -0.17863570153713226 0.6436021327972412
vn 0.6363118886947632 -0.07124815136194229 0.7681346535682678
vn 0.6785601377487183 -0.21778152883052826 0.7015178799629211
vn 0.5390889048576355 -0.15261508524417877 0.8283066153526306
vn -0.8158901333808899 -0.3884679675102234 0.42827093601226807
vn 0.5497829914093018 -0.35315465927124023 0.7569811940193176
vn -0.8026015758514404 -0.4260801076889038 0.4174763262271881
vn 0.5805774331092834 -0.6477109789848328 0.49335622787475586
vn -0.7557682394981384 -0.5513538122177124 0.3533036708831787
vn 0.5141884088516235 -0.7411207556724548 0.4316830337047577
vn -0.6174854040145874 -0.7142818570137024 0.3294134736061096
vn -0.5282681584358215 -0.8450400829315186 -0.08270474523305893
vn -0.2405635267496109 -0.6600989699363708 -0.7116168737411499
vn -0.36844247579574585 -0.7977498769760132 -0.4773315489292145
vn 0.48707088828086853 -0.8585312366485596 0.16026896238327026
vn -0.17819564044475555 -0.6259117126464844 -0.7592633962631226
vn 0.45381295680999756 -0.8870348334312439 0.08498875051736832
vn -0.04383440688252449 -0.6917474269866943 -0.7208079099655151
vn -0.13507287204265594 -0.7048650979995728 -0.6963623762130737
vn -0.08415202051401138 -0.7774298787117004 -0.6233147382736206
vn -0.09461914747953415 -0.7109606266021729 -0.6968372464179993
vn -0.3662083148956299 -0.8411672711372375 -0.39790597558021545
vn 0.3185020387172699 -0.9352344274520874 -0.15457384288311005
vn 0.18972638249397278 -0.9803673028945923 -0.05370258167386055
vn 0.3283754587173462 -0.9059761762619019 0.26716434955596924
vn -0.11659935116767883 -0.8370363712310791 -0.5345790982246399
vn -0.07850867509841919 -0.955752968788147 -0.2835007905960083
vn 0.020897893235087395 -0.9768054485321045 -0.21310673654079437
vn -0.03289108723402023 -0.8926358222961426 -0.4495770335197449
vn -0.2236444354057312 -0.9223175644874573 -0.3151404559612274
vn -0.040269847959280014 -0.9872483015060425 -0.15401069819927216
vn 0.4154050052165985 0.2864620089530945 0.86335289478302
vn -0.16161280870437622 0.1956896334886551 0.9672573804855347
vn -0.340665340423584 0.24128419160842896 0.9086963534355164
vn 0.11529935896396637 0.5586232542991638 -0.8213685154914856
vn -0.13949918746948242 0.5823867321014404 -0.8008530735969543
vn 0.0693235844373703 0.7479766607284546 -0.6600948572158813
vn -0.2484419345855713 0.7457468509674072 -0.6181734204292297
vn 0.5667117238044739 0.39510229229927063 0.7230021357536316
vn 0.12089146673679352 0.40651100873947144 0.9056125283241272
vn 0.33239343762397766 0.5408169031143188 -0.7726783156394958
vn 0.4496900737285614 0.5483521223068237 -0.7050453424453735
vn 0.7875281572341919 0.45740634202957153 -0.41301190853118896
vn 0.019741740077733994 0.46865758299827576 -0.883159339427948
vn -0.054433465003967285 0.4543362557888031 -0.8891656398773193
vn -0.38470354676246643 0.3829438090324402 0.8398555517196655
vn -0.7173863649368286 0.32056915760040283 0.6185404658317566
vn 0.17640626430511475 0.8062927722930908 -0.5645997524261475
vn -0.17455250024795532 0.7458310127258301 -0.6428589224815369
vn 0.8321205973625183 0.5315532088279724 -0.15819790959358215
vn -0.398918092250824 0.6591200232505798 -0.6375148296356201
vn -0.5094310641288757 0.6699535250663757 -0.5400392413139343
vn -0.3232061266899109 0.6048192381858826 -0.7278265357017517
vn 0.5116071105003357 0.5654077529907227 0.6469715237617493
vn 0.37207677960395813 0.4226003885269165 0.8264186978340149
vn -0.0937286838889122 0.3268260061740875 0.9404252767562866
vn -0.4250643849372864 0.39935317635536194 0.8123037815093994
vn 0.36508628726005554 0.7853208780288696 -0.4999832212924957
vn 0.24463748931884766 0.7527490854263306 -0.6111639738082886
vn -0.5100115537643433 0.6786879301071167 -0.5284610390663147
vn 0.8390889763832092 0.5231336355209351 0.14920125901699066
vn -0.19973677396774292 0.550796389579773 -0.8103879690170288
vn -0.5659950375556946 0.7160677313804626 -0.4085298478603363
vn -0.6472671627998352 0.5828429460525513 0.4912630617618561
vn -0.6571495532989502 0.6800267696380615 -0.32514333724975586
vn -0.7203570604324341 0.6585856080055237 -0.21760247647762299
vn -0.11297681927680969 0.9172703623771667 0.38190481066703796
vn 0.5724636316299438 0.8045130372047424 0.1582537293434143
vn -0.3726081848144531 0.8548629879951477 -0.36107128858566284
vn -0.11057797074317932 0.981852114200592 -0.15407440066337585
vn -0.16482387483119965 0.9700117111206055 0.1786346584558487
vn 0.18568019568920135 0.8719738125801086 0.4529730975627899
vn 0.4850393533706665 0.8061747550964355 -0.33884963393211365
vn 0.5102676749229431 0.8391867876052856 -0.18812888860702515
vn -0.4331970512866974 0.8502311110496521 -0.29907751083374023
vn -0.16293372213840485 0.951383650302887 -0.26138415932655334
vn 0.04225490987300873 0.9726499915122986 -0.2284000813961029
vn -0.08221600204706192 0.9959799647331238 -0.03555873781442642
vn 0.12291642278432846 0.9615215063095093 0.24569903314113617
vn 0.0989377573132515 0.9034178256988525 0.4171900451183319
vn -0.19313938915729523 0.8291777968406677 0.5245583653450012
vn -0.58296138048172 0.6088773012161255 0.5379818677902222
vn -0.7722031474113464 0.5195149183273315 0.36579594016075134
vn 0.5238814949989319 0.2850304841995239 0.8026866912841797
vn 0.1419743001461029 0.7431212067604065 0.6539222002029419
vn 0.007960201241075993 0.9352125525474548 0.3539973497390747
vn 0.1158130094408989 0.9513980746269226 0.28535786271095276
vn 0.12553155422210693 0.843671977519989 0.5219764709472656
vn 0.3064254820346832 0.9273432493209839 0.21479758620262146
vn 0.33056503534317017 0.9437057375907898 0.012095053680241108
vn -0.8748354911804199 0.015285043977200985 0.4841790199279785
vn 0.698913037776947 -0.1176452711224556 0.7054645419120789
vn 0.2759767770767212 0.8274524807929993 0.4890390634536743
vn -0.19554555416107178 -0.8461719155311584 0.49573689699172974
vn -0.43551042675971985 -0.6146526336669922 0.6576722264289856
vn -0.19095654785633087 -0.6101260185241699 0.7689485549926758
vn 0.14078664779663086 -0.6304931640625 0.7633200883865356
vn 0.19484634697437286 -0.8631222248077393 0.4658915400505066
vn 0.5417462587356567 -0.5776463150978088 0.610602855682373
vn -0.6381576061248779 -0.5784293413162231 0.5081087946891785
vn 0.6786333918571472 -0.37101083993911743 0.6338830590248108
vn -0.5307063460350037 -0.7321704030036926 0.42693957686424255
vn -0.665653645992279 -0.5730608701705933 0.47802355885505676
vn -0.626208484172821 -0.41841310262680054 0.657870352268219
vn -0.3825322687625885 -0.8360276818275452 0.39335310459136963
vn 0.6326518654823303 -0.3385273516178131 0.6965277194976807
vn 0.5662587285041809 -0.44984450936317444 0.6906453967094421
vn -0.5974579453468323 -0.7498713135719299 0.28414294123649597
vn 0.6564139723777771 -0.7328163981437683 0.1791670173406601
vn -0.4445086419582367 -0.8456388711929321 0.29547762870788574
vn 0.526546061038971 -0.7429749965667725 0.4132039546966553
vn 0.6856151819229126 -0.7170106172561646 0.12580826878547668
vn -0.48478952050209045 -0.8466619253158569 0.21941468119621277
vn 0.5302720069885254 -0.7175763249397278 0.4515482485294342
vn -0.7615832090377808 -0.645384669303894 0.058903686702251434
vn 0.7412152886390686 -0.6701939702033997 0.03794649988412857
vn -0.42749258875846863 -0.8688344359397888 0.2497536987066269
vn -0.4218069612979889 -0.8069785833358765 0.41335752606391907
vn 0.5340474843978882 -0.8033959865570068 0.2633405923843384
vn -0.5264154672622681 -0.8156535029411316 0.2399921417236328
vn 0.664202868938446 -0.7447441816329956 0.06473618745803833
vn 0.9131330251693726 -0.3657020628452301 -0.18013903498649597
vn -0.9224609732627869 -0.1645081341266632 -0.34928908944129944
vn -0.7210144996643066 -0.6682888865470886 0.1831067055463791
vn -0.8682263493537903 -0.4557405710220337 0.19617228209972382
vn 0.9325553774833679 -0.3408114016056061 -0.11911385506391525
vn -0.8307740092277527 0.4045379161834717 -0.3823135793209076
vn -0.9633262157440186 -0.2468736618757248 0.10514757037162781
vn 0.5593945980072021 0.7686460614204407 -0.31025952100753784
vn -0.9986566305160522 -0.04499134421348572 0.025704560801386833
vn 0.9954996109008789 -0.051996249705553055 -0.07922696322202682
vn 0.2197680026292801 0.9536095857620239 -0.20574471354484558
vn 0.3362434208393097 0.922391414642334 -0.19009071588516235
vn -0.9845332503318787 0.16290608048439026 0.06446705013513565
vn -0.9671515822410583 0.21913228929042816 0.1288367658853531
vn -0.9405725002288818 0.21828489005565643 0.26014429330825806
vn 0.9646633863449097 0.056037627160549164 0.2574576139450073
vn 0.9310380220413208 0.11471834778785706 0.34642165899276733
vn 0.9019708037376404 0.04430488497018814 0.4295181334018707
vn -0.8950446248054504 0.12332089990377426 0.42858725786209106
vn 0.8316827416419983 0.030556416139006615 0.5544096827507019
vn 0.9100205898284912 -0.037916604429483414 0.4128255546092987
vn -0.854400634765625 0.1045488491654396 0.5089883804321289
vn -0.8276078104972839 0.05290085822343826 0.5588083863258362
vn 0.8083827495574951 -0.06699339300394058 0.5848326086997986
vn -0.7925099730491638 -0.05588360130786896 0.6072932481765747
vn -0.7207077145576477 -0.1431577056646347 0.6782966256141663
vn 0.7436251640319824 -0.1984878033399582 0.6384545564651489
vn 0.5412529110908508 -0.09947673231363297 0.8349549174308777
vn 0.6111642122268677 -0.17811933159828186 0.7712016105651855
vn -0.6257160902023315 -0.27446332573890686 0.730170726776123
vn -0.6446270942687988 -0.20282550156116486 0.7371009588241577
vn 0.5101344585418701 -0.24341292679309845 0.8249321579933167
vn 0.6877833604812622 -0.3351728618144989 0.6439046263694763
vn -0.6791819334030151 -0.29035088419914246 0.6740981340408325
vn 0.612492024898529 -0.3787926137447357 0.6938081383705139
vn -0.5600337982177734 -0.36910924315452576 0.7417011260986328
vn 0.43822142481803894 -0.3708062171936035 0.8188191652297974
vn 0.5008620023727417 -0.34658297896385193 0.7931062579154968
vn -0.5838120579719543 -0.39062002301216125 0.711743950843811
vn 0.49585071206092834 -0.47296783328056335 0.7283086776733398
vn 0.6246244311332703 -0.49128568172454834 0.6070278286933899
vn -0.5125745534896851 -0.453827828168869 0.7289085388183594
vn 0.5387475490570068 -0.57198166847229 0.6185370683670044
vn 0.5771459341049194 -0.5967621803283691 0.5574743151664734
vn -0.500573992729187 -0.4872218668460846 0.7155700325965881
vn 0.5113634467124939 -0.7446958422660828 0.4288770258426666
vn 0.4972366392612457 -0.6533409953117371 0.5708776712417603
vn -0.5593045949935913 -0.7129459977149963 0.42294973134994507
vn 0.4338187873363495 -0.7622890472412109 0.48032987117767334
vn -0.4838328957557678 -0.8686051368713379 0.10691558569669724
vn -0.5080714821815491 -0.6853336095809937 0.5217098593711853
vn 0.2179030328989029 -0.8244335055351257 0.5223290920257568
vn 0.07634245604276657 -0.948589026927948 0.3071656823158264
vn 0.07145501673221588 -0.9597866535186768 0.27148452401161194
vn -0.03513171896338463 -0.9912930727005005 0.1269010752439499
vn -0.010927618481218815 -0.9975488781929016 0.0691148117184639
vn -0.02285626530647278 -0.9718263149261475 0.23458722233772278
vn -0.40281713008880615 -0.8811482787132263 0.24762079119682312
vn -0.0005772513104602695 -0.9359915256500244 0.35202211141586304
vn -0.2451774775981903 -0.8094515800476074 0.5335505604743958
vn 0.3336925804615021 0.8782427906990051 -0.3425477147102356
vn 0.7440280318260193 0.6003406047821045 -0.2932805120944977
vn -0.10577317327260971 0.8610541820526123 -0.497391015291214
vn 0.22691182792186737 0.9176774621009827 -0.3261581063270569
vn -0.34475985169410706 0.8893918395042419 -0.30020463466644287
vn 0.9501340985298157 0.29841169714927673 0.09053066372871399
vn -0.44332265853881836 0.7653040885925293 -0.4666634202003479
vn -0.6013219952583313 0.7509641647338867 -0.2728821635246277
vn -0.6821229457855225 0.7305186986923218 0.032413300126791
vn -0.6398842930793762 0.7201099991798401 -0.26830899715423584
vn 0.5038926601409912 0.7947551608085632 -0.3383141756057739
vn -0.8028720617294312 0.5884066224098206 0.0957818329334259
vn 0.912021279335022 0.15910084545612335 0.37802645564079285
vn -0.6107182502746582 0.7738152742385864 -0.16802720725536346
vn 0.25393909215927124 0.466731458902359 0.8471580743789673
vn 0.1050269827246666 0.20651397109031677 0.9727904796600342
vn 0.628879964351654 0.7388805150985718 -0.24200332164764404
vn -0.7586939334869385 0.651242196559906 0.016344668343663216
vn 0.749342143535614 0.4965146481990814 0.4381319284439087
vn 0.4966103434562683 0.7662849426269531 0.40765875577926636
vn -0.41467565298080444 0.9099689722061157 -0.0007708733901381493
vn -0.6989071369171143 0.7058880925178528 0.11511219292879105
vn -0.5021878480911255 0.8121817708015442 0.29693132638931274
vn -0.27497828006744385 0.7791996598243713 0.5632361173629761
vn -0.02149455063045025 0.5740944147109985 0.8185069561004639
vn -0.11150828748941422 0.11766017973423004 0.9867735505104065
vn 0.04419581592082977 -0.022363314405083656 0.9987725615501404
vn 0.096441350877285 -0.04776983708143234 0.9941917061805725
vn 0.4994104504585266 0.8633478879928589 -0.07224728912115097
vn -0.5840229392051697 0.8099713325500488 -0.05351385101675987
vn -0.33198729157447815 0.9417580962181091 0.053630560636520386
vn -0.0913233757019043 0.9672467708587646 0.23684105277061462
vn 0.0488143265247345 0.9459629058837891 0.32057973742485046
vn -0.005411044228821993 0.8630791306495667 0.5050398707389832
vn -0.2808177173137665 0.6121225953102112 0.7392207980155945
vn 0.14477548003196716 0.7329372763633728 0.6647127270698547
vn 0.5149295926094055 0.6020559072494507 0.6102264523506165
vn -0.6025089621543884 0.566781759262085 0.5619087219238281
vn -0.4386403560638428 0.2755413055419922 0.8553780913352966
vn -0.14056015014648438 -0.28917768597602844 0.9468997120857239
vn 0.01936405710875988 -0.4170902669429779 0.9086588025093079
vn -0.12950246036052704 0.6332035064697266 0.7630743384361267
vn 0.3119603395462036 0.7974065542221069 0.5165496468544006
vn 0.41155266761779785 0.9023529887199402 0.12799836695194244
vn -0.034305475652217865 0.8687984943389893 0.49397608637809753
vn -0.26247385144233704 0.8788236975669861 0.39846763014793396
vn 0.002775629749521613 0.8320501446723938 0.5546934008598328
vn -0.4083915054798126 0.015879517421126366 0.912668764591217
vn -0.6409552097320557 0.07028607279062271 0.7643535733222961
vn 0.5586938261985779 -0.09856050461530685 0.8234968781471252
vn 0.32648369669914246 0.37090805172920227 0.8693881034851074
vn 0.22926148772239685 0.6058547496795654 0.76182621717453
vn 0.32614609599113464 0.6570014357566833 0.6796895861625671
vn -0.4262308180332184 -0.2722034156322479 0.862689197063446
vn -0.6945704221725464 -0.0500827357172966 0.7176793813705444
vn 0.5874344706535339 0.2162102609872818 0.7798550724983215
vn 0.7947366833686829 -0.3392016887664795 0.5033248066902161
vn -0.43321797251701355 -0.5331923961639404 0.7266554236412048
vn 0.4409731328487396 0.07645457237958908 0.8942579627037048
vn -0.37231898307800293 -0.6858592629432678 0.6252804398536682
vn -0.4208839237689972 -0.5921465158462524 0.6871821284294128
vn 0.7326710224151611 -0.6457769274711609 0.21486137807369232
vn -0.46225860714912415 -0.7767301797866821 0.4277934730052948
vn -0.39271068572998047 -0.7807838320732117 0.4859578311443329
vn 0.4781065881252289 -0.5970447659492493 0.6441674828529358
vn -0.6753168106079102 -0.6876533627510071 0.26660850644111633
vn 0.5867225527763367 -0.650525689125061 0.4822581708431244
vn -0.8935995697975159 -0.4488080143928528 0.007153076119720936
vn 0.8800444602966309 -0.4736655056476593 -0.03409917652606964
vn -0.47518324851989746 -0.7723102569580078 0.42158961296081543
vn 0.5986559391021729 -0.7545977234840393 0.268688440322876
vn -0.9480890035629272 -0.27720797061920166 -0.15583017468452454
vn 0.968993067741394 -0.1461864560842514 -0.19920332729816437
vn -0.7027984261512756 -0.6307975053787231 0.3288903534412384
vn 0.7423349022865295 -0.6118003726005554 0.2732018232345581
vn 0.8780001997947693 -0.44212719798088074 0.18341027200222015
vn -0.9686797261238098 -0.02169039472937584 -0.24736440181732178
vn 0.9512034058570862 0.10510489344596863 -0.29011213779449463
vn -0.8493723273277283 -0.42469629645347595 0.3133684992790222
vn -0.9275240302085876 0.22121039032936096 -0.30127254128456116
vn 0.8662286400794983 0.38823390007019043 -0.3145192861557007
vn 0.8932662010192871 0.2910107672214508 -0.3426196575164795
vn 0.9563733339309692 -0.2791042625904083 0.0863185003399849
vn -0.8715507388114929 0.42376744747161865 -0.24661831557750702
vn 0.6992384195327759 0.6301788687705994 -0.337550550699234
vn 0.9897143244743347 -0.1376824826002121 -0.03884690999984741
vn 0.9805206060409546 -0.14934568107128143 -0.1275746077299118
vn -0.5706290006637573 0.7467905282974243 -0.34159407019615173
vn 0.39399686455726624 0.8745954036712646 -0.28257638216018677
vn -0.9886091947555542 0.1331549733877182 -0.07015450298786163
vn 0.9988670945167542 -0.015423311851918697 -0.04501772299408913
vn -0.9830995798110962 0.18299442529678345 -0.005320429801940918
vn 0.9974502921104431 0.01552536804229021 0.06965591013431549
vn -0.9853033423423767 0.11743029206991196 0.1240466833114624
vn -0.9430654644966125 0.09820851683616638 0.3177777826786041
vn 0.9801469445228577 -0.11223480850458145 0.16344833374023438
vn -0.8747223615646362 0.0026308593805879354 0.48461729288101196
vn 0.9140604138374329 -0.12207147479057312 0.38677138090133667
vn -0.8072819113731384 -0.17329217493534088 0.5641505122184753
vn 0.8982253670692444 -0.15978465974330902 0.40946316719055176
vn 0.8338229656219482 -0.33554667234420776 0.4383465647697449
vn -0.7512389421463013 -0.33733436465263367 0.5673144459724426
vn -0.6669002175331116 -0.3981856405735016 0.6298351883888245
vn 0.7835413813591003 -0.44005149602890015 0.4386543035507202
vn -0.7064449787139893 -0.4612613618373871 0.5368179082870483
vn -0.6321484446525574 -0.5846052765846252 0.5085520148277283
vn 0.729596734046936 -0.4652900695800781 0.5011922717094421
vn -0.4751383364200592 -0.6130215525627136 0.6312274932861328
vn -0.4290328621864319 -0.5128545165061951 0.7435798645019531
vn -0.3597424626350403 -0.5976179838180542 0.7165459394454956
vn 0.2882237136363983 -0.737963080406189 0.610194742679596
vn -0.36415302753448486 -0.6597754955291748 0.6573347449302673
vn -0.2371644675731659 -0.6540992856025696 0.7182668447494507
vn -0.02073785848915577 -0.7839211821556091 0.6205139756202698
vn -0.09085726737976074 -0.7616827487945557 0.6415484547615051
vn -0.043561674654483795 -0.8121752142906189 0.5817850232124329
vn -0.11215624958276749 -0.6835129857063293 0.7212703824043274
vn 0.0442153625190258 -0.83599853515625 0.5469475388526917
vn 0.02252490445971489 -0.8232946991920471 0.5671671628952026
vn 0.8632770776748657 0.5039436221122742 0.028172284364700317
vn 0.030594680458307266 0.9291278123855591 -0.36849090456962585
vn -0.40463194251060486 0.8456331491470337 -0.3481057584285736
vn -0.2848784029483795 0.8819583058357239 -0.3754914700984955
vn -0.6242079734802246 0.7550650835037231 -0.20060209929943085
vn 0.05196785926818848 0.9976677298545837 -0.04425431415438652
vn 0.9516263604164124 0.26715797185897827 0.15176936984062195
vn 0.9628060460090637 0.1517217457294464 0.22357331216335297
vn -0.6908088326454163 0.7213960886001587 -0.04869162291288376
vn -0.7806429862976074 0.5462715029716492 0.30361834168434143
vn 0.8129717111587524 0.2250320166349411 0.5370639562606812
vn 0.6932689547538757 0.38629499077796936 0.608403205871582
vn -0.7761369943618774 0.5316479802131653 0.33906012773513794
vn 0.6507373452186584 0.7459264993667603 -0.1418963223695755
vn -0.566456139087677 0.7825724482536316 0.25827863812446594
vn -0.488862544298172 0.6391119956970215 0.5937587022781372
vn -0.08056014031171799 0.6709989905357361 0.7370688319206238
vn -0.6629140973091125 0.27876996994018555 0.6948612928390503
vn -0.8087526559829712 0.25054752826690674 0.5321139097213745
vn 0.7002150416374207 0.6598890423774719 0.27248018980026245
vn -0.17268472909927368 0.7542065382003784 0.6335238814353943
vn -0.05420996621251106 0.723678469657898 0.6880049109458923
vn -0.09076303243637085 0.4680194854736328 0.8790448904037476
vn -0.22302865982055664 0.3413352072238922 0.9130982756614685
vn -0.20831382274627686 0.33989182114601135 0.9171035885810852
vn 0.29048386216163635 0.32189905643463135 0.9011105298995972
vn 0.2988763749599457 0.4731653928756714 0.8287264108657837
vn 0.5087112784385681 0.4383578598499298 0.7409826517105103
vn 0.8809778094291687 0.20963436365127563 0.4241834580898285
vn -0.21092529594898224 0.554158091545105 0.8052449226379395
vn -0.3495250940322876 -0.24647918343544006 0.9039249420166016
vn -0.3762521743774414 -0.14421413838863373 0.9152249097824097
vn 0.374459832906723 -0.03159002214670181 0.9267048835754395
vn 0.34703540802001953 0.1671856939792633 0.9228301048278809
vn 0.4606498181819916 0.2980317175388336 0.8360495567321777
vn -0.7275682091712952 -0.33427098393440247 0.5990889072418213
vn -0.8063311576843262 -0.19884751737117767 0.5570365786552429
vn 0.8538164496421814 -0.4066389501094818 0.3250264823436737
vn -0.35201406478881836 -0.6369595527648926 0.6858342289924622
vn -0.27878016233444214 -0.42348676919937134 0.8619400262832642
vn 0.42422157526016235 -0.26881229877471924 0.8647404313087463
vn 0.41943085193634033 -0.037656765431165695 0.9070059657096863
vn -0.7228726744651794 -0.5265746712684631 0.44740837812423706
vn -0.4014154076576233 -0.6831794381141663 0.610025942325592
vn 0.5178382992744446 -0.5177646279335022 0.6810017228126526
vn 0.4898196756839752 -0.29691943526268005 0.8197045922279358
vn 0.5022912621498108 -0.19261837005615234 0.842971920967102
vn -0.7768620848655701 -0.5543239712715149 0.2986809313297272
vn 0.7855147123336792 -0.600319504737854 0.15027713775634766
vn 0.5738782286643982 -0.430971622467041 0.6963671445846558
vn -0.876345694065094 -0.4197213649749756 0.23633068799972534
vn -0.38077887892723083 -0.7281190752983093 0.5699563026428223
vn -0.629833459854126 -0.5537039637565613 0.544721782207489
vn -0.3673122823238373 -0.5651938319206238 0.7386729121208191
vn -0.31325477361679077 -0.6159906387329102 0.7227911949157715
vn -0.37782251834869385 -0.7533879280090332 0.5381975769996643
vn 0.7189350724220276 -0.4660131633281708 0.5157170295715332
vn -0.9602252244949341 -0.2710323929786682 0.06714876741170883
vn 0.9701939821243286 -0.2356244921684265 -0.05661049112677574
vn -0.9918243885040283 0.06725557148456573 -0.1084483414888382
vn 0.9904167652130127 -0.023449501022696495 -0.13610579073429108
vn 0.8823340535163879 -0.3372400999069214 0.3282618224620819
vn 0.9571096897125244 0.21648819744586945 -0.19254587590694427
vn -0.9370551705360413 -0.2784985303878784 0.2106330841779709
vn -0.7344748377799988 0.6228859424591064 -0.2693694531917572
vn -0.6134131550788879 0.7224034667015076 -0.31915125250816345
vn -0.9984520077705383 -0.046120475977659225 0.031089577823877335
vn 0.9852443337440491 -0.12138541787862778 -0.12066170573234558
vn -0.357475221157074 0.8753414154052734 -0.3255593180656433
vn -0.12752220034599304 0.9631317257881165 -0.23688693344593048
vn 0.0442889966070652 0.9691469669342041 -0.24247196316719055
vn -0.9884694218635559 0.11778602004051208 -0.09515663981437683
vn 0.9966405034065247 -0.02712457813322544 -0.07727847993373871
vn -0.9984225630760193 0.053845908492803574 0.015905674546957016
vn -0.9861537218093872 0.004002884030342102 0.16578540205955505
vn 0.9768790006637573 -0.18277931213378906 -0.11090146005153656
vn 0.9696733355522156 -0.23363448679447174 -0.07175399363040924
vn 0.9690142273902893 -0.1502256840467453 0.1960705816745758
vn -0.9272804260253906 -0.07100572437047958 0.3675721287727356
vn 0.9784870743751526 -0.20411036908626556 -0.03003365732729435
vn 0.9436636567115784 -0.28026553988456726 0.17592653632164001
vn -0.8781305551528931 -0.20724789798259735 0.4312018156051636
vn -0.9541675448417664 -0.13781993091106415 0.2656501829624176
vn -0.8887923359870911 -0.3182423710823059 0.32980310916900635
vn 0.8393813371658325 -0.4608291685581207 0.28822821378707886
vn -0.7792388200759888 -0.4474627673625946 0.43882110714912415
vn 0.7840648293495178 -0.5338455438613892 0.31662502884864807
vn 0.7636348009109497 -0.5662369132041931 0.3102220594882965
vn -0.7867990136146545 -0.5138769149780273 0.34187424182891846
vn 0.6654765605926514 -0.5586685538291931 0.49500542879104614
vn -0.36646872758865356 -0.7290440201759338 0.5780965089797974
vn -0.4772345721721649 -0.7601183652877808 0.44098445773124695
vn -0.22338588535785675 -0.8014077544212341 0.5548372268676758
vn 0.4022887051105499 -0.717100977897644 0.5691485404968262
vn 0.275817334651947 -0.7454521059989929 0.6068162322044373
vn 0.16734281182289124 -0.8001200556755066 0.5760245323181152
vn 0.08844659477472305 -0.797544538974762 0.5967411398887634
vn -0.011132686398923397 -0.8469235897064209 0.5315980911254883
vn 0.501153826713562 0.8337812423706055 -0.2316327840089798
vn 0.31135237216949463 0.9237783551216125 -0.22292006015777588
vn 0.755898118019104 0.6532502174377441 -0.04338524863123894
vn -0.40686389803886414 0.8860338926315308 -0.22227419912815094
vn -0.6287509799003601 0.7635517716407776 -0.14717665314674377
vn -0.5186867117881775 0.826152503490448 -0.22008229792118073
vn -0.6391665935516357 0.7685561776161194 -0.028064768761396408
vn 0.34271296858787537 0.9374517202377319 0.061091672629117966
vn 0.5096115469932556 0.8484400510787964 -0.14298796653747559
vn -0.4844285249710083 0.87038654088974 0.08806999772787094
vn -0.6421171426773071 0.7280070185661316 0.24019047617912292
vn -0.7135887742042542 0.7002993822097778 -0.019284646958112717
vn -0.745846688747406 0.65767902135849 0.10569331794977188
vn 0.6752007603645325 0.7334778308868408 -0.078193798661232
vn -0.8226147890090942 0.5171950459480286 0.23625026643276215
vn 0.9573348164558411 -0.033243853598833084 0.2870626449584961
vn 0.9289211630821228 -0.0922594740986824 0.35859957337379456
vn 0.7025274634361267 0.7092995047569275 -0.05787445604801178
vn -0.7521657943725586 0.43959280848503113 0.4909224808216095
vn -0.8186175227165222 0.21132595837116241 0.5340474247932434
vn -0.8785508275032043 0.3337801992893219 0.341671347618103
vn 0.8595237135887146 0.050123099237680435 0.5086321234703064
vn -0.839120626449585 0.487530380487442 0.2412276268005371
vn -0.9021557569503784 0.2318439483642578 0.36381790041923523
vn 0.6132329106330872 0.7883374094963074 -0.04969523474574089
vn -0.5150450468063354 0.349431574344635 0.7827044129371643
vn -0.5968062281608582 0.09872514009475708 0.7962887287139893
vn 0.7059212327003479 0.1760474294424057 0.6860630512237549
vn 0.8653807044029236 -0.09748120605945587 0.49154219031333923
vn 0.6734991669654846 0.7370169162750244 0.05661271885037422
vn 0.7894127368927002 -0.0341944620013237 0.6129096150398254
vn -0.8782053589820862 0.0005704702343791723 0.47828349471092224
vn -0.8002545237541199 0.007009940687566996 0.5996196269989014
vn 0.8604699373245239 0.48060348629951477 0.16915041208267212
vn -0.4323173463344574 -0.11596895754337311 0.8942331075668335
vn -0.6648003458976746 -0.10503590852022171 0.7395998239517212
vn -0.27045196294784546 0.021090377122163773 0.9625024199485779
vn -0.17963725328445435 0.2584919333457947 0.949164092540741
vn -0.15013423562049866 0.04202334210276604 0.9877721071243286
vn 0.47168490290641785 0.1058434322476387 0.8753916621208191
vn 0.6703618168830872 0.012370383366942406 0.7419312596321106
vn -0.5439262390136719 -0.2464248389005661 0.8021340370178223
vn -0.2049613744020462 -0.10153017193078995 0.9734898805618286
vn 0.4293711185455322 -0.0024490810465067625 0.9031248688697815
vn -0.8347899317741394 -0.2709718942642212 0.47927042841911316
vn -0.7918810844421387 -0.3936428427696228 0.4668722450733185
vn 0.8341183662414551 -0.4983327090740204 0.23645536601543427
vn -0.7599658370018005 -0.21920397877693176 0.6118835806846619
vn -0.31803658604621887 -0.27296802401542664 0.9079324007034302
vn -0.21625235676765442 -0.27173271775245667 0.9377613067626953
vn -0.29542604088783264 -0.4598541557788849 0.8374112844467163
vn 0.5567752122879028 -0.06978081166744232 0.8277270197868347
vn -0.2829230725765228 -0.44239237904548645 0.8510249853134155
vn -0.9385713934898376 -0.1882447600364685 0.28921908140182495
vn 0.9182421565055847 -0.378334641456604 0.11702264845371246
vn -0.7087128162384033 -0.3157975673675537 0.6308708190917969
vn -0.4734455347061157 -0.41294801235198975 0.7780252695083618
vn 0.673828661441803 -0.2498614341020584 0.6953591108322144
vn 0.6938197016716003 -0.05446769297122955 0.7180860042572021
vn -0.9941139221191406 0.054042767733335495 0.09389836341142654
vn -0.8524075746536255 -0.2439022809267044 0.46250733733177185
vn 0.8662601709365845 -0.149893119931221 0.47657668590545654
vn 0.7844687104225159 -0.06896282732486725 0.6163222193717957
vn 0.8470715880393982 0.12815138697624207 0.5157974362373352
vn -0.9198306798934937 0.3889051675796509 -0.051618751138448715
vn -0.9309639930725098 -0.20353378355503082 0.3031173050403595
vn -0.9789029359817505 -0.07778105139732361 0.1889425367116928
vn 0.9237843155860901 0.1826535165309906 0.33654168248176575
vn 0.9735146164894104 -0.02990766055881977 0.22666002810001373
vn -0.7705347537994385 0.6133113503456116 -0.17356695234775543
vn 0.998023271560669 0.043668147176504135 0.04519631341099739
vn 0.7220755219459534 0.5994296073913574 -0.3453855514526367
vn 0.9845829606056213 0.12826964259147644 -0.11892586201429367
vn 0.5933828353881836 0.7156392931938171 -0.3684525191783905
vn -0.9904918074607849 0.08906510472297668 -0.10484934598207474
vn 0.9529259204864502 -0.06822766363620758 -0.295427143573761
vn 0.4578038156032562 0.810360848903656 -0.36569246649742126
vn -0.1290811002254486 0.9303047060966492 -0.34332382678985596
vn 0.23598125576972961 0.9160867929458618 -0.3241881728172302
vn -0.9501921534538269 0.21098816394805908 -0.2293880134820938
vn 0.9648071527481079 -0.09729243069887161 -0.24429799616336823
vn -0.9562581181526184 0.0880095511674881 -0.27897077798843384
vn 0.9755788445472717 -0.011978374794125557 -0.2193228155374527
vn -0.9811757206916809 0.029515156522393227 -0.19084857404232025
vn 0.9549103379249573 -0.054257605224847794 -0.2918945848941803
vn -0.9977051019668579 -0.022567663341760635 -0.06383731216192245
vn 0.9112759232521057 -0.2217683494091034 -0.3469797670841217
vn 0.9153894782066345 -0.27661752700805664 -0.2924807369709015
vn -0.9845566153526306 -0.16211825609207153 0.06607616692781448
vn 0.9337523579597473 -0.3578084111213684 -0.008928272873163223
vn -0.9254326224327087 -0.352764368057251 0.13831758499145508
vn 0.8473559021949768 -0.5211652517318726 0.10185686498880386
vn -0.8654255867004395 -0.45236244797706604 0.21542222797870636
vn -0.9058305621147156 -0.42056068778038025 0.05098723620176315
vn 0.761057436466217 -0.6218020915985107 0.1848074197769165
vn -0.8728933930397034 -0.4869348406791687 0.030850032344460487
vn -0.7932016849517822 -0.5794984102249146 0.1871170699596405
vn 0.7353999018669128 -0.6680606603622437 0.11349833011627197
vn -0.727331817150116 -0.6824283599853516 0.07266393303871155
vn -0.8080316185951233 -0.5880207419395447 0.03628379851579666
vn 0.7026503682136536 -0.6116209030151367 0.36359649896621704
vn -0.6333524584770203 -0.7274690866470337 0.26391956210136414
vn -0.5800331830978394 -0.8093205094337463 0.09253039956092834
vn 0.5454030632972717 -0.7139081358909607 0.43917059898376465
vn -0.42454275488853455 -0.873883068561554 0.23683735728263855
vn 0.22486591339111328 -0.8403348326683044 0.49322691559791565
vn -0.26980096101760864 -0.8787412047386169 0.39372748136520386
vn -0.23042182624340057 -0.9432494044303894 0.23913688957691193
vn 0.08247621357440948 -0.8732146620750427 0.4803060293197632
vn -0.01717814803123474 -0.9311500787734985 0.3642314076423645
vn -0.11550022661685944 -0.8799828886985779 0.4607492685317993
vn 0.7652114629745483 0.593860924243927 0.2485572099685669
vn -0.04100427031517029 0.9587351083755493 0.2813282608985901
vn 0.9261201620101929 0.3056896924972534 0.2210323065519333
vn 0.9538451433181763 0.05339907482266426 0.2955130934715271
vn -0.6985304355621338 0.700690507888794 0.14521735906600952
vn 0.18071801960468292 0.9621198177337646 0.20412373542785645
vn 0.4961501359939575 0.8618210554122925 0.10535415261983871
vn -0.2281475067138672 0.9531967043876648 0.1984056532382965
vn -0.3942289650440216 0.825136125087738 0.4046404957771301
vn 0.6433115005493164 0.7535894513130188 0.13510459661483765
vn -0.8214325904846191 0.4809388518333435 0.30650678277015686
vn -0.8616734743118286 0.3239239752292633 0.3906303346157074
vn -0.7924034595489502 0.5818238258361816 0.18324266374111176
vn -0.8852522969245911 0.37210267782211304 0.27904847264289856
vn 0.7308590412139893 0.6732305884361267 0.11227536201477051
vn -0.9227805137634277 0.133309006690979 0.3615313470363617
vn -0.8960413336753845 -0.0027002589777112007 0.443962424993515
vn -0.7968961596488953 -0.001613238942809403 0.6041141748428345
vn 0.885383129119873 -0.22598223388195038 0.40623733401298523
vn 0.7786937355995178 -0.2566043734550476 0.5725297331809998
vn 0.9568433165550232 0.15803249180316925 0.24387821555137634
vn 0.956034779548645 -0.13085998594760895 0.2624369263648987
vn -0.8574678301811218 -0.14230675995349884 0.4944671094417572
vn -0.7927420139312744 -0.2377157360315323 0.5612943172454834
vn 0.6607879996299744 -0.08550945669412613 0.7456858158111572
vn -0.735116183757782 -0.2142292708158493 0.6432030200958252
vn 0.8165590167045593 -0.5336819291114807 0.22003430128097534
vn -0.8742111325263977 -0.17834076285362244 0.45160773396492004
vn 0.7138745188713074 0.07604825496673584 0.6961321234703064
vn -0.8537909984588623 -0.06088484078645706 0.5170435309410095
vn -0.9414383769035339 0.13151979446411133 0.3104775846004486
vn 0.9999089241027832 0.010523464530706406 0.008452009409666061
vn -0.8894867897033691 -0.08084211498498917 0.4497530162334442
vn -0.9303213357925415 -0.013196424581110477 0.36650794744491577
vn -0.8921182155609131 0.4361172318458557 0.11801201105117798
vn 0.9205697178840637 0.37922900915145874 -0.09347105026245117
vn 0.7435389161109924 0.6456772089004517 -0.17392747104167938
vn 0.855438232421875 0.445947527885437 -0.2633557617664337
vn 0.8517729640007019 0.43225839734077454 0.2960331439971924
vn 0.9579301476478577 0.23096022009849548 0.17037397623062134
vn 0.8356962203979492 0.3294757902622223 0.4393831789493561
vn -0.7138869166374207 0.6982909440994263 -0.052489567548036575
vn 0.5906466245651245 0.754206657409668 -0.2868953347206116
vn -0.9380516409873962 0.20493292808532715 0.27939507365226746
vn -0.9023372530937195 0.1617741882801056 0.3995204269886017
vn -0.9880849719047546 0.10430294275283813 0.11317741870880127
vn -0.5650860667228699 0.7969392538070679 -0.21346116065979004
vn -0.4530075788497925 0.8300915360450745 -0.3251650035381317
vn -0.9866251349449158 0.159500852227211 -0.033621061593294144
vn 0.5196120738983154 0.7975407838821411 -0.3064834773540497
vn -0.9092175364494324 0.3846244812011719 -0.15933458507061005
vn 0.06478340178728104 0.9375832080841064 -0.34167370200157166
vn -0.8773739337921143 0.35959935188293457 -0.31765273213386536
vn 0.9044003486633301 -0.1090279370546341 -0.41252028942108154
vn -0.9083290696144104 0.18173295259475708 -0.37671154737472534
vn 0.9195870161056519 -0.0015968867810443044 -0.39288321137428284
vn -0.9210050702095032 0.025234807282686234 -0.3887324333190918
vn -0.8560585975646973 0.15386678278446198 -0.49344584345817566
vn -0.8635387420654297 0.0030422727577388287 -0.5042732954025269
vn 0.8602670431137085 0.046394992619752884 -0.5077285170555115
vn 0.8851868510246277 0.042268428951501846 -0.46331167221069336
vn 0.8840994238853455 -0.02102462388575077 -0.4668256640434265
vn -0.890328586101532 -0.06460411846637726 -0.45071202516555786
vn -0.9577441215515137 -0.04993198812007904 -0.2832542955875397
vn 0.8711927533149719 -0.15206684172153473 -0.46679630875587463
vn -0.9164650440216064 -0.15285624563694 -0.36976587772369385
vn 0.8307598829269409 -0.2888193130493164 -0.4758376479148865
vn -0.9724094867706299 -0.17945009469985962 -0.1490553766489029
vn 0.8359137177467346 -0.4063335955142975 -0.3689732253551483
vn -0.9417515397071838 -0.33510059118270874 -0.028489261865615845
vn 0.91170334815979 -0.37027207016944885 -0.17803260684013367
vn -0.8915230631828308 -0.4445260465145111 -0.08708153665065765
vn 0.8402169942855835 -0.5380544066429138 -0.0673275962471962
vn 0.7570376396179199 -0.6524799466133118 0.03411651402711868
vn 0.7084811925888062 -0.6843641996383667 0.17233701050281525
vn -0.7831426858901978 -0.6203224658966064 -0.043447237461805344
vn 0.577244758605957 -0.7808560729026794 0.23885643482208252
vn 0.38943955302238464 -0.8726248741149902 0.29472482204437256
vn 0.34183117747306824 -0.8410786390304565 0.41921141743659973
vn -0.41260281205177307 -0.9086645841598511 0.06393486261367798
vn -0.2471129596233368 -0.9598450660705566 0.1327880620956421
vn 0.21717824041843414 -0.9014293551445007 0.3745114207267761
vn 0.10911314934492111 -0.946902334690094 0.3024406433105469
vn -0.12344503402709961 -0.9497664570808411 0.28758490085601807
vn -0.6101279258728027 0.7614974975585938 0.21878182888031006
vn -0.1354837864637375 0.9401895999908447 0.31255030632019043
vn -0.7327042818069458 0.6372701525688171 0.23881202936172485
vn -0.6821626424789429 0.6085084676742554 0.4054276943206787
vn 0.9478796720504761 -0.1133483275771141 0.29778555035591125
vn -0.8046817183494568 0.547771155834198 0.22898520529270172
vn 0.7090817093849182 0.6979555487632751 0.10030588507652283
vn 0.9168105721473694 -0.22928404808044434 0.32693612575531006
vn -0.9376603960990906 -0.037991348654031754 0.3454703688621521
vn 0.7942217588424683 -0.40173667669296265 0.4558722972869873
vn 0.6985084414482117 -0.4342641830444336 0.5687711238861084
vn -0.904633641242981 -0.009702224284410477 0.4260796308517456
vn 0.8373823165893555 0.5191512703895569 0.1710929125547409
vn -0.7351878881454468 -0.3445894420146942 0.5837439298629761
vn -0.9196203947067261 -0.16941985487937927 0.35439416766166687
vn 0.5333814024925232 -0.3932628929615021 0.7488983273506165
vn -0.6097610592842102 -0.3323618173599243 0.7195325493812561
vn 0.8201375007629395 -0.47497299313545227 0.3190222978591919
vn -0.6603692770004272 -0.09173332899808884 0.7453170418739319
vn -0.2340170443058014 -0.3113201856613159 0.9210406541824341
vn -0.4936927258968353 0.061937954276800156 0.8674279451370239
vn -0.8857241272926331 -0.215156689286232 0.4113398790359497
vn 0.8383051753044128 -0.457870751619339 0.2959710955619812
vn 0.9575169086456299 -0.16244274377822876 0.23827248811721802
vn -0.7792258858680725 0.22372828423976898 0.5854507684707642
vn 0.9624870419502258 0.22503350675106049 0.15158690512180328
vn -0.8915934562683105 0.09758727997541428 0.4421967566013336
vn 0.6765277981758118 0.31884098052978516 0.6638152599334717
vn -0.8039008378982544 0.497364342212677 0.3261476159095764
vn 0.8541677594184875 0.5189772248268127 0.032560501247644424
vn 0.7162446975708008 0.5053343176841736 0.48128044605255127
vn -0.5981770157814026 0.7921490669250488 0.12117810547351837
vn 0.7213585376739502 0.6190305948257446 0.3105526864528656
vn 0.9035978317260742 0.4203091263771057 0.0827721357345581
vn -0.42691749334335327 0.9020882844924927 -0.06307274848222733
vn -0.37764665484428406 0.9085280895233154 -0.1787729114294052
vn -0.9475053548812866 0.3091079592704773 0.0817675068974495
vn 0.9192756414413452 0.3908964693546295 -0.046177174896001816
vn 0.9761940240859985 0.1665058135986328 -0.1390005499124527
vn -0.2842582166194916 0.8802000284194946 -0.3800594210624695
vn -0.06540203094482422 0.9266831278800964 -0.37010934948921204
vn 0.06768781691789627 0.9512432217597961 -0.3009231388568878
vn 0.31043747067451477 0.9099804162979126 -0.27488967776298523
vn -0.8074705004692078 0.5433369278907776 -0.22973129153251648
vn -0.834519624710083 0.37033721804618835 -0.40795522928237915
vn 0.9255994558334351 0.034534651786088943 -0.37692585587501526
vn -0.8592071533203125 0.07039503008127213 -0.506761908531189
vn 0.8881924152374268 -0.026581119745969772 -0.4587022066116333
vn 0.8908948302268982 0.05147498473525047 -0.45128345489501953
vn 0.8772015571594238 -0.14027468860149384 -0.45917367935180664
vn 0.8250747323036194 -0.22425828874111176 -0.5186133980751038
vn -0.9281569719314575 -0.25873714685440063 -0.2675439417362213
vn -0.8880038261413574 -0.27602261304855347 -0.3677782118320465
vn 0.788731575012207 -0.3798380196094513 -0.48334836959838867
vn -0.8889739513397217 -0.3649669885635376 -0.2766305208206177
vn -0.909235954284668 -0.37482863664627075 -0.18108978867530823
vn 0.7955769300460815 -0.564628541469574 -0.21966329216957092
vn 0.7270747423171997 -0.6798253059387207 -0.09591610729694366
vn -0.8504823446273804 -0.520795464515686 -0.07383760809898376
vn 0.6694915890693665 -0.7425221800804138 -0.021018343046307564
vn -0.6681468486785889 -0.7436636090278625 -0.02332991361618042
vn 0.5366663336753845 -0.8432790637016296 0.0294911228120327
vn 0.38087260723114014 -0.917905867099762 0.11128763854503632
vn 0.28300997614860535 -0.9454748034477234 0.1611916720867157
vn -0.5382083058357239 -0.8428105115890503 -0.0015285832341760397
vn 0.24807953834533691 -0.9323741793632507 0.26293525099754333
vn 0.1362486183643341 -0.9811081886291504 0.13734295964241028
vn -0.12636572122573853 -0.9784446954727173 0.16333341598510742
vn -0.13889113068580627 -0.9881612658500671 0.06516596674919128
vn -0.24979659914970398 -0.9675284624099731 0.03860628977417946
vn -0.028246335685253143 -0.9790319800376892 0.20173895359039307
vn 0.5013126730918884 0.6202704310417175 0.6032829284667969
vn -0.21234837174415588 0.7935584783554077 0.5702395439147949
vn 0.8366289138793945 0.28980782628059387 0.464826375246048
vn 0.3280503451824188 0.6539311408996582 0.6817309856414795
vn -0.3948332369327545 0.7737624049186707 0.49537715315818787
vn -0.6212098598480225 0.7020137906074524 0.3482455909252167
vn -0.4400412440299988 0.714358389377594 0.5441101789474487
vn 0.912534236907959 0.011861384846270084 0.40882840752601624
vn 0.452743798494339 0.831669807434082 0.3214784860610962
vn 0.13979531824588776 0.8952388763427734 0.42308947443962097
vn -0.7731626033782959 0.533951461315155 0.3422214984893799
vn 0.6224792003631592 0.728348433971405 0.2864057421684265
vn -0.8941254019737244 0.29049670696258545 0.340810090303421
vn -0.9195674061775208 0.1010572761297226 0.3797146677970886
vn 0.5647452473640442 -0.5778017640113831 0.5892435312271118
vn 0.8171043992042542 0.5123526453971863 0.26426374912261963
vn -0.9273911714553833 -0.0793009027838707 0.36559122800827026
vn 0.2754650413990021 -0.6428529024124146 0.7147441506385803
vn 0.3093664348125458 -0.7222194075584412 0.6186206936836243
vn -0.617128312587738 -0.49411168694496155 0.6123775243759155
vn -0.8347132205963135 -0.17641094326972961 0.5216637849807739
vn -0.9057970643043518 -0.2255769968032837 0.3586735725402832
vn 0.21533817052841187 -0.4165545105934143 0.8832394480705261
vn 0.4055210053920746 -0.15890328586101532 0.9001680016517639
vn -0.07818438857793808 -0.6353690028190613 0.7682405114173889
vn -0.3287932574748993 -0.6415022611618042 0.6930872201919556
vn -0.4471707344055176 -0.5046057105064392 0.7385197877883911
vn 0.8547149300575256 -0.34146592020988464 0.3909773528575897
vn 0.14137324690818787 -0.048066575080156326 0.9887887835502625
vn 0.47428253293037415 0.1609819531440735 0.8655292391777039
vn -0.13294990360736847 -0.058890800923109055 0.989371657371521
vn 0.8227493762969971 -0.3570064902305603 0.44230058789253235
vn 0.6994916796684265 -0.5379028916358948 0.4705018401145935
vn 0.14244601130485535 0.30170053243637085 0.9427013993263245
vn -0.2086445838212967 0.21322177350521088 0.9544653296470642
vn 0.9012501239776611 0.09144982695579529 0.42353886365890503
vn 0.33041566610336304 0.5157188177108765 0.7904806137084961
vn -0.1259075254201889 0.5203518271446228 0.84461909532547
vn -0.527116596698761 0.4217337369918823 0.7377592921257019
vn -0.8191144466400146 -0.18042881786823273 0.5445154309272766
vn -0.8197540044784546 0.054143134504556656 0.5701507329940796
vn 0.5607966184616089 0.5424742698669434 0.625482976436615
vn -0.04603521153330803 0.6827530264854431 0.72919762134552
vn -0.4026552140712738 0.6676065325737 0.6262350082397461
vn -0.6626662015914917 0.5420171618461609 0.5168085098266602
vn 0.8298446536064148 0.483518123626709 0.27851060032844543
vn 0.6617487668991089 0.7421834468841553 0.10607732832431793
vn 0.5035648345947266 0.8639456033706665 0.004532960243523121
vn -0.8391689658164978 0.2775368094444275 0.46772730350494385
vn -0.5393776893615723 0.7531395554542542 0.37663331627845764
vn -0.35008561611175537 0.8874872922897339 0.2996772229671478
vn 0.509187638759613 0.8496602773666382 -0.1371328979730606
vn -0.27645552158355713 0.9443429708480835 0.17829403281211853
vn -0.24634169042110443 0.969170868396759 0.004861362278461456
vn -0.836495578289032 0.45779314637184143 0.3011655807495117
vn 0.8705711960792542 0.45984989404678345 0.17505377531051636
vn -0.2036423534154892 0.9464699029922485 -0.25044870376586914
vn -0.8601734638214111 0.5073996782302856 0.05145154520869255
vn -0.7943962216377258 0.6043696999549866 -0.060596201568841934
vn -0.876564621925354 0.4517224431037903 -0.16607652604579926
vn 0.9676966667175293 0.17329013347625732 -0.1831222027540207
vn -0.8844504952430725 0.18900610506534576 -0.42664286494255066
vn 0.9595862627029419 0.24056243896484375 -0.14602723717689514
vn 0.948024332523346 0.10268183052539825 -0.30117493867874146
vn -0.966778039932251 0.09880438446998596 -0.235749751329422
vn -0.894677460193634 -0.011718431487679482 -0.4465591013431549
vn -0.9629018306732178 -0.034758906811475754 -0.26760396361351013
vn 0.96363365650177 -0.038083579391241074 -0.26449936628341675
vn -0.8872717022895813 -0.14183193445205688 -0.4388993978500366
vn -0.9451903104782104 -0.2514185607433319 -0.20833638310432434
vn 0.9341031908988953 -0.28386932611465454 -0.21649369597434998
vn 0.8202918171882629 -0.30656886100769043 -0.48284250497817993
vn -0.900221586227417 -0.42379122972488403 -0.10001064091920853
vn 0.8035696148872375 -0.49030718207359314 -0.33745333552360535
vn 0.732283890247345 -0.6211181879043579 -0.2792356610298157
vn 0.763471245765686 -0.4876450300216675 -0.42345479130744934
vn -0.858997106552124 -0.48847565054893494 -0.153347909450531
vn 0.7342292666435242 -0.5923722982406616 -0.33166614174842834
vn 0.6908603310585022 -0.6842857003211975 -0.23337773978710175
vn 0.6997318863868713 -0.6678833961486816 -0.2535885274410248
vn 0.6228983998298645 -0.7549411654472351 -0.20508892834186554
vn 0.5607559680938721 -0.8193176984786987 -0.11946273595094681
vn 0.4182349741458893 -0.8971853256225586 -0.1419084221124649
vn 0.33016109466552734 -0.9399323463439941 -0.08672309666872025
vn 0.23646804690361023 -0.9714542031288147 -0.01896434836089611
vn 0.21591678261756897 -0.9752902984619141 0.0467836819589138
vn 0.23214426636695862 -0.964100182056427 0.12891888618469238
vn -0.47253552079200745 -0.8809918165206909 0.023742668330669403
vn -0.04838933050632477 -0.9947853684425354 0.08978080004453659
vn 0.026216009631752968 -0.9904208779335022 0.13557015359401703
vn -0.18674719333648682 0.7220157980918884 0.6661972403526306
vn -0.6430851817131042 0.6081020832061768 0.4654603898525238
vn 0.8758882880210876 -0.17886540293693542 0.44813719391822815
vn 0.34617939591407776 0.7885180711746216 0.5083298087120056
vn -0.08198883384466171 0.7848096489906311 0.6142895817756653
vn -0.5636880993843079 0.5002275109291077 0.6572884917259216
vn -0.7033764719963074 0.28166264295578003 0.6526314616203308
vn 0.6613736748695374 0.6552665829658508 0.36498019099235535
vn 0.4969083368778229 0.682793378829956 0.5356075167655945
vn 0.5033840537071228 -0.5044296979904175 0.7015377283096313
vn 0.7430203557014465 0.5047807097434998 0.43945106863975525
vn -0.016508087515830994 -0.6302893161773682 0.7761848568916321
vn -0.46885985136032104 -0.5505092144012451 0.6907315850257874
vn 0.8996136784553528 0.08334783464670181 0.4286588430404663
vn 0.6782121658325195 -0.47427868843078613 0.5613270401954651
vn -0.8123127222061157 -0.33305633068084717 0.4787709414958954
vn -0.6024354100227356 -0.4210541546344757 0.6780745387077332
vn -0.7995054125785828 -0.20167018473148346 0.5657917857170105
vn 0.689451277256012 -0.431607186794281 0.5816977024078369
vn 0.6783819198608398 -0.22955630719661713 0.6979268193244934
vn -0.6948599815368652 -0.2962436378002167 0.655293345451355
vn -0.4591198265552521 -0.40097397565841675 0.7927350997924805
vn 0.6334002614021301 0.12653258442878723 0.7634092569351196
vn 0.36301377415657043 -0.11668293178081512 0.92444908618927
vn -0.5147351026535034 -0.15171487629413605 0.8438189625740051
vn -0.7063250541687012 -0.025741728022694588 0.7074194550514221
vn -0.5412190556526184 0.09358225017786026 0.835658073425293
vn 0.16526925563812256 0.6013664603233337 0.7816932797431946
vn 0.728437602519989 0.3971862196922302 0.5582310557365417
vn 0.4642927050590515 0.8278607130050659 0.3147680461406708
vn 0.5759015679359436 0.6699807643890381 0.46846914291381836
vn -0.6561691164970398 0.2935369312763214 0.695182204246521
vn 0.3638521730899811 0.5903615355491638 0.7204754948616028
vn -0.2598307728767395 0.810951828956604 0.5242568254470825
vn 0.45347821712493896 0.8694286942481995 0.19608968496322632
vn 0.346842497587204 0.8795013427734375 0.325849324464798
vn 0.5507194995880127 0.65633624792099 0.5156847238540649
vn -0.21583573520183563 0.8775835633277893 0.4280911386013031
vn -0.28596171736717224 0.9549859166145325 -0.07891692221164703
vn 0.4450942277908325 0.8944185376167297 -0.04366506263613701
vn -0.6856766939163208 0.4806545078754425 0.5466431975364685
vn -0.5955724120140076 0.6307706236839294 0.49741530418395996
vn -0.7395219802856445 0.6416306495666504 0.20351263880729675
vn 0.5494540929794312 0.5523296594619751 0.6269227862358093
vn 0.7478257417678833 0.5429940223693848 0.3819873034954071
vn -0.2323109656572342 0.9699441194534302 0.0723881796002388
vn -0.20187915861606598 0.8852210640907288 0.419080525636673
vn 0.076992928981781 0.9970097541809082 -0.006605501752346754
vn -0.7240687608718872 0.6888792514801025 0.034202106297016144
vn 0.7652540802955627 0.3562268614768982 0.5361796617507935
vn 0.9377883076667786 0.3146887719631195 0.14671090245246887
vn -0.7962460517883301 0.5477516651153564 0.2568277418613434
vn -0.9681665301322937 0.23525474965572357 0.08549124747514725
vn 0.9247966408729553 0.18938440084457397 0.32997703552246094
vn 0.9907905459403992 0.13437020778656006 -0.016696052625775337
vn -0.997944712638855 0.05292624980211258 0.036126814782619476
vn 0.9978410005569458 0.023471442982554436 0.06133951246738434
vn -0.9952923655509949 -0.09149675816297531 0.03196004778146744
vn 0.9897426962852478 -0.10600531846284866 0.09577228873968124
vn -0.9279959201812744 -0.36080512404441833 0.09296895563602448
vn -0.9059602618217468 -0.2176954299211502 0.36310431361198425
vn 0.8973398804664612 -0.4376760721206665 -0.056751858443021774
vn 0.8366917371749878 -0.5449768900871277 0.05428801104426384
vn 0.7454079985618591 -0.6546437740325928 -0.12573188543319702
vn -0.8683200478553772 -0.48346003890037537 -0.11084602028131485
vn -0.8869351148605347 -0.4605924189090729 0.03465311601758003
vn 0.7050735354423523 -0.6741249561309814 -0.22006109356880188
vn -0.8346155285835266 -0.5488389730453491 -0.046825967729091644
vn 0.4919319748878479 -0.8486036062240601 -0.19461488723754883
vn -0.7436968088150024 -0.6684338450431824 -0.010546495206654072
vn 0.2331649214029312 -0.9633371829986572 -0.1327238380908966
vn -0.34543660283088684 -0.936688244342804 0.05734729766845703
vn -0.5889539122581482 -0.8081005811691284 0.010326510295271873
vn 0.14667929708957672 -0.9883235692977905 0.041253961622714996
vn 0.04632866010069847 -0.9966354966163635 0.06761224567890167
vn -0.09181059896945953 -0.9917504191398621 0.08945383876562119
vn -0.19772221148014069 -0.9789082407951355 0.05142582207918167
vn 0.7490613460540771 0.19759328663349152 0.6323480606079102
vn 0.16599825024604797 0.5932703614234924 0.7877023220062256
vn 0.4280245900154114 0.20984849333763123 0.8790668845176697
vn -0.23061229288578033 0.5004546642303467 0.8344837427139282
vn 0.7230772972106934 -0.07516827434301376 0.6866651773452759
vn 0.22306540608406067 0.7018254995346069 0.6765226125717163
vn -0.8402283191680908 0.11802365630865097 0.5292322635650635
vn -0.48005130887031555 -0.19308067858219147 0.8557281494140625
vn 0.7901675701141357 -0.007376710418611765 0.6128464341163635
vn 0.6322418451309204 0.4995514750480652 0.5922150611877441
vn 0.46943435072898865 -0.5174576044082642 0.7154502868652344
vn 0.16563047468662262 -0.5654217004776001 0.8080005645751953
vn 0.1057949960231781 -0.5229402184486389 0.8457783460617065
vn -0.1562838852405548 -0.4618157148361206 0.8730988502502441
vn -0.2195426970720291 -0.5011000633239746 0.8370780348777771
vn 0.251259982585907 -0.36042025685310364 0.8983127474784851
vn -0.12993259727954865 -0.216990128159523 0.9674878716468811
vn 0.1440778523683548 0.0763656422495842 0.9866153597831726
vn -0.2972261607646942 0.054267410188913345 0.9532637596130371
vn 0.34457847476005554 0.43284714221954346 0.833012044429779
vn -0.08321448415517807 0.32398858666419983 0.9423941969871521
vn 0.2604909837245941 0.7222468256950378 0.6407058238983154
vn 0.003550073830410838 0.530916154384613 0.8474169373512268
vn -0.3820769786834717 0.33855441212654114 0.859882652759552
vn 0.30460771918296814 0.7279751300811768 0.6142202019691467
vn 0.033997923135757446 0.5336955189704895 0.8449931144714355
vn -0.16559742391109467 0.4102686643600464 0.8968037962913513
vn 0.056665241718292236 0.5061577558517456 0.8605773448944092
vn -0.09218883514404297 0.7438310384750366 0.6619793772697449
vn -0.13236182928085327 0.8401175737380981 0.5260065793991089
vn -0.15470591187477112 0.9445896148681641 0.28951093554496765
vn 0.34600648283958435 0.8528109788894653 0.39114317297935486
vn -0.30901652574539185 0.4484497904777527 0.838690459728241
vn -0.508869469165802 0.5213891863822937 0.6849855780601501
vn -0.18474821746349335 0.8323482275009155 0.5225557684898376
vn 0.0008859976660460234 0.9029738903045654 0.42969462275505066
vn 0.688843846321106 0.3904493749141693 0.6107729077339172
vn -0.5876023769378662 0.6830283999443054 0.4338151812553406
vn -0.6615954637527466 0.47521334886550903 0.5800548791885376
vn 0.756942093372345 0.26040583848953247 0.5993559956550598
vn -0.7194623947143555 0.16041047871112823 0.6757531762123108
vn -0.42499613761901855 0.25066497921943665 0.8697962164878845
vn -0.9095759987831116 0.23943845927715302 0.33961835503578186
vn -0.9106562733650208 0.0048141684383153915 0.41313672065734863
vn 0.9108868837356567 0.025791486725211143 0.4118494689464569
vn 0.8539317846298218 -0.08238736540079117 0.5138218998908997
vn -0.8873039484024048 -0.2823147177696228 0.36467817425727844
vn 0.9148091673851013 -0.29025745391845703 0.28084665536880493
vn -0.8899681568145752 -0.40126848220825195 0.2166571170091629
vn -0.8550431132316589 -0.5056474208831787 0.11498645693063736
vn 0.819527804851532 -0.5585204362869263 0.12817606329917908
vn 0.8136343955993652 -0.5773954391479492 -0.06792408227920532
vn -0.8735554218292236 -0.45898500084877014 0.16196857392787933
vn 0.667372465133667 -0.7106515169143677 -0.2226845920085907
vn -0.834882378578186 -0.5173124074935913 0.18804055452346802
vn 0.25122857093811035 -0.9611933827400208 -0.11398041248321533
vn 0.13239140808582306 -0.9842226505279541 -0.1173812597990036
vn 0.10352504998445511 -0.9940651655197144 -0.03342200070619583
vn -0.005912837106734514 -0.9951980710029602 0.09770283848047256
vn 0.34875595569610596 -0.09327638894319534 0.9325603246688843
vn -0.10665526241064072 0.09206446260213852 0.9900246858596802
vn -0.016816312447190285 0.5842204689979553 0.8114207983016968
vn -0.02909773215651512 -0.29912543296813965 0.953770101070404
vn 0.2999451160430908 0.5945742130279541 0.7459989786148071
vn -0.33594366908073425 0.3182225525379181 0.8864966630935669
vn -0.0778643861413002 0.4658968448638916 0.8814064264297485
vn -0.6463151574134827 0.051165319979190826 0.7613533139228821
vn 0.6860640048980713 -0.13878418505191803 0.7141814231872559
vn 0.4556870758533478 0.007042095996439457 0.8901122212409973
vn -0.13531459867954254 0.10784217715263367 0.9849162697792053
vn -0.45429524779319763 0.1390855759382248 0.8799267411231995
vn 0.39597031474113464 -0.5196912884712219 0.7570525407791138
vn 0.010315105319023132 -0.4932202398777008 0.8698433041572571
vn -0.47445088624954224 -0.2872394025325775 0.8320996165275574
vn 0.18152813613414764 0.47795209288597107 0.8594239354133606
vn 0.19187872111797333 0.48378753662109375 0.8538923859596252
vn -0.02186674438416958 0.5291304588317871 0.8482586741447449
vn -0.0825846716761589 0.6787737011909485 0.7296890616416931
vn 0.19761419296264648 0.5772965550422668 0.7922608852386475
vn 0.0536765418946743 0.26753777265548706 0.9620511531829834
vn -0.05925117805600166 0.28062283992767334 0.9579875469207764
vn 0.2216717153787613 0.3002077341079712 0.9277591109275818
vn 0.04278608039021492 0.2691807448863983 0.962138831615448
vn 0.014074383303523064 0.20542916655540466 0.978570818901062
vn 0.005992006044834852 0.2750805914402008 0.9614025354385376
vn -0.07945619523525238 0.5394188761711121 0.838280439376831
vn -0.04756966233253479 0.6541125774383545 0.7548999786376953
vn 0.1500740498304367 0.30036336183547974 0.9419445991516113
vn -0.17373721301555634 0.3021802306175232 0.9372846484184265
vn 0.4596236050128937 0.24969296157360077 0.8522908687591553
vn 0.019931236281991005 0.0049535916186869144 0.9997890591621399
vn 0.01805702969431877 0.08429467678070068 0.9962772727012634
vn -0.02276468276977539 0.24929681420326233 0.968159556388855
vn 0.021105514839291573 0.289634108543396 0.9569047689437866
vn 0.038800667971372604 0.1065334901213646 0.9935517907142639
vn -0.05165433883666992 0.13049355149269104 0.9901027083396912
vn -0.386038213968277 0.49878185987472534 0.7760098576545715
vn 0.018706589937210083 0.10329299420118332 0.9944750666618347
vn -0.09292695671319962 0.06370367854833603 0.993632972240448
vn -0.018261656165122986 -0.015214436687529087 0.9997174739837646
vn 0.07180376350879669 -0.06975489109754562 0.9949766397476196
vn 0.006402952596545219 0.059050168842077255 0.9982345104217529
vn 0.017762739211320877 -0.01753714121878147 0.9996883869171143
vn -0.19168570637702942 0.21616896986961365 0.9573544859886169
vn 0.5120728611946106 0.17813041806221008 0.8402683734893799
vn 0.3317831754684448 0.13901497423648834 0.9330567121505737
vn 0.177193745970726 0.08916135132312775 0.9801288843154907
vn 0.0592799186706543 0.04435504227876663 0.9972555041313171
vn 0.04832969978451729 -0.026518266648054123 0.9984793663024902
vn 0.006661223713308573 -0.031196653842926025 0.9994910955429077
vn -0.0055139996111392975 -0.03754717856645584 0.9992796778678894
vn -0.06053673103451729 0.04814869165420532 0.9970040321350098
vn -0.06253789365291595 0.0070919860154390335 0.998017430305481
vn -0.06323639303445816 0.043621014803647995 0.9970448613166809
vn -0.21410518884658813 0.06371143460273743 0.9747306704521179
vn 0.6811411380767822 0.08287079632282257 0.7274470925331116
vn 0.3984801471233368 0.08048470318317413 0.9136387705802917
vn 0.24757856130599976 0.060780275613069534 0.9669594764709473
vn -0.07668332010507584 0.01002594456076622 0.9970051050186157
vn 0.018612222746014595 0.04207965359091759 0.9989408850669861
vn 0.022023208439350128 -0.04200451821088791 0.9988746643066406
vn -0.006259771529585123 -0.07339561730623245 0.9972832798957825
vn -0.002742412034422159 -0.027393000200390816 0.9996210336685181
vn 0.0446297712624073 -0.0016879625618457794 0.99900221824646
vn -0.43315279483795166 0.03277749940752983 0.9007243514060974
vn -0.009043614380061626 0.09173519909381866 0.9957423806190491
vn -0.02610105648636818 0.009286521933972836 0.9996162056922913
vn 0.2142821103334427 0.06766422837972641 0.9744253754615784
vn 0.016330556944012642 0.022996507585048676 0.9996021389961243
vn -0.6745783090591431 -0.01836223341524601 0.7379749417304993
vn 0.7145753502845764 0.025690460577607155 0.6990866661071777
vn 0.47031086683273315 0.05663055554032326 0.8806819319725037
vn -0.0014798374613747 0.07462041079998016 0.9972109198570251
vn 0.022295644506812096 0.05811285227537155 0.9980610609054565
vn 0.03714786842465401 0.10154879838228226 0.9941367506980896
vn -0.23538289964199066 0.0434873029589653 0.9709293246269226
vn -0.04666513949632645 0.06971876323223114 0.9964746236801147
vn -0.0503620021045208 0.12097155302762985 0.9913776516914368
vn 0.002173456596210599 0.17405034601688385 0.9847344160079956
vn 0.017542701214551926 0.16811956465244293 0.9856104850769043
vn -0.12680937349796295 0.14928695559501648 0.9806287884712219
vn -0.446615606546402 0.0006155765731818974 0.8947257399559021
vn 0.0977037101984024 0.15848080813884735 0.9825160503387451
vn -0.01483199093490839 0.1886068880558014 0.9819406867027283
vn 0.045146021991968155 0.24929703772068024 0.9673742055892944
vn 0.0020535618532449007 0.3194572627544403 0.9475984573364258
vn -0.048006683588027954 0.3033507466316223 0.951668918132782
vn 0.023868490010499954 0.2791207432746887 0.9599593877792358
vn 0.008562923409044743 0.22825999557971954 0.9735625982284546
vn 0.37890341877937317 0.12637659907341003 0.9167667627334595
vn -0.007750862278044224 0.24483372271060944 0.9695340991020203
vn 0.08504848182201385 0.354068398475647 0.9313443899154663
vn 0.06294243037700653 0.42096763849258423 0.9048892855644226
vn -0.02485755644738674 0.4806399941444397 0.8765656352043152
vn 0.0021837663371115923 0.28451570868492126 0.9586688876152039
vn -0.1539478898048401 0.2260671854019165 0.9618699550628662
vn -0.3960503041744232 0.1189652606844902 0.9104896783828735
vn 0.6268390417098999 0.014302804134786129 0.7790175080299377
vn 0.23398269712924957 0.2498958706855774 0.9395766258239746
vn -0.025343244895339012 0.33454659581184387 0.9420384168624878
vn 0.11082027852535248 0.4740237891674042 0.8735103607177734
vn 0.04408084228634834 0.5224881172180176 0.8515063524246216
vn -0.06289054453372955 0.32258591055870056 0.9444485902786255
vn -0.6565789580345154 -0.054637279361486435 0.752275824546814
vn -0.6359177231788635 0.047089237719774246 0.7703189849853516
vn -0.5622535943984985 -0.03047928400337696 0.826403021812439
vn 0.7548930644989014 -0.0985269844532013 0.6484049558639526
vn 0.5447206497192383 0.10761585086584091 0.8316839933395386
vn -0.8013880848884583 -0.23221665620803833 0.5512282848358154
vn 0.8532313108444214 -0.25848907232284546 0.4529678225517273
vn -0.846858561038971 -0.31269142031669617 0.4301797151565552
vn 0.9091426730155945 -0.3807762861251831 0.16872794926166534
vn 0.871440589427948 -0.49009597301483154 0.019933095201849937
vn 0.7558606266975403 -0.654421865940094 0.020170103758573532
vn 0.5906420350074768 -0.7911823987960815 -0.15865835547447205
vn -0.7135263085365295 -0.689887523651123 0.12221026420593262
vn -0.5123070478439331 -0.8490754961967468 0.12888921797275543
vn 0.4863909184932709 -0.8732319474220276 -0.02983126975595951
vn 0.3966308832168579 -0.9175255298614502 -0.02882571890950203
vn -0.24804574251174927 -0.9471363425254822 0.20348502695560455
vn 0.09303957223892212 -0.9950724840164185 0.03427089750766754
vn 0.05522708222270012 -0.9953100085258484 0.0794234573841095
vn -0.13567706942558289 0.42420050501823425 0.8953467011451721
vn 0.15092653036117554 0.4116809070110321 0.8987436294555664
vn 0.03186185285449028 0.4992321729660034 0.8658822178840637
vn -0.08724989742040634 0.4180029332637787 0.9042461514472961
vn -0.13333450257778168 0.2628627419471741 0.9555758237838745
vn 0.02219262160360813 0.3943811357021332 0.9186789989471436
vn 0.043861351907253265 0.36060282588005066 0.9316876530647278
vn 0.12506303191184998 0.39321136474609375 0.9109028577804565
vn -0.20039229094982147 0.31330737471580505 0.9282680153846741
vn -0.16841384768486023 0.3428206145763397 0.9241811633110046
vn 0.02346665970981121 0.2996008098125458 0.9537760615348816
vn -0.3396250605583191 0.11827823519706726 0.9330943822860718
vn 0.3603295683860779 0.31968945264816284 0.876334011554718
vn -0.07502181828022003 0.4058549702167511 0.9108532071113586
vn 0.15667806565761566 0.3199460208415985 0.9343910217285156
vn -0.18495787680149078 0.24974586069583893 0.9504828453063965
vn -0.058068420737981796 0.24961631000041962 0.9666021466255188
vn 0.6851279139518738 0.10081829875707626 0.721412181854248
vn 0.5669832229614258 0.2886837124824524 0.7714866399765015
vn -0.09937570244073868 0.4361923933029175 0.8943493366241455
vn 0.05448673292994499 0.238443523645401 0.9696267247200012
vn 0.013487805612385273 0.2814663350582123 0.9594763517379761
vn -0.38929685950279236 0.1648712009191513 0.906237006187439
vn -0.49813586473464966 0.04506530240178108 0.8659271001815796
vn -0.6139497756958008 -0.11344319581985474 0.7811506390571594
vn 0.8289229869842529 -0.021415147930383682 0.5589527487754822
vn -0.12529228627681732 0.2022259384393692 0.971291184425354
vn -0.16121216118335724 0.2250446081161499 0.9609191417694092
vn -0.5028104782104492 0.010329315438866615 0.8643349409103394
vn -0.06713607162237167 0.4001832604408264 0.9139727354049683
vn 0.05930403247475624 0.2531450390815735 0.9656089544296265
vn -0.6613837480545044 -0.057054001837968826 0.7478746175765991
vn -0.7755424976348877 -0.2806546688079834 0.5654793381690979
vn 0.8381158709526062 -0.3363976776599884 0.42941638827323914
vn -0.7676054239273071 -0.36836951971054077 0.5244863033294678
vn -0.7934824824333191 -0.4905293881893158 0.36023110151290894
vn 0.577049195766449 -0.8072641491889954 0.12384971976280212
vn -0.6948052644729614 -0.6135128140449524 0.3752969205379486
vn -0.5130667090415955 -0.8191901445388794 0.2563009262084961
vn 0.2661089599132538 -0.9331942796707153 0.2415255308151245
vn -0.3720546066761017 -0.8141853213310242 0.44573262333869934
vn 0.019333185628056526 -0.9859901070594788 0.16567961871623993
vn -0.037310224026441574 -0.9779375195503235 0.20553874969482422
vn -0.0012797482777386904 0.3421275317668915 0.939652681350708
vn 0.13678131997585297 0.2278335690498352 0.964044988155365
vn 0.06834976375102997 0.22840189933776855 0.9711647033691406
vn -0.01682005636394024 0.1771923154592514 0.9840325117111206
vn -0.11810385435819626 0.2093513309955597 0.9706819653511047
vn 0.13347473740577698 0.4215742349624634 0.8969168066978455
vn 0.07004982978105545 0.27142471075057983 0.9599071741104126
vn 0.04717929661273956 0.15653744339942932 0.9865445494651794
vn 0.026640236377716064 0.24149900674819946 0.9700353145599365
vn 0.42121273279190063 0.14576707780361176 0.8951713442802429
vn -0.03381131589412689 0.2915562093257904 0.955955982208252
vn -0.05352650582790375 0.16534404456615448 0.984782338142395
vn -0.1389176994562149 0.21451576054096222 0.966791033744812
vn -0.08434132486581802 0.17442212998867035 0.9810522198677063
vn -0.2695077359676361 0.062319062650203705 0.9609796404838562
vn -0.07422326505184174 0.3508809208869934 0.9334739446640015
vn -0.01717233657836914 0.27566924691200256 0.9610991477966309
vn 0.06657765060663223 0.19932961463928223 0.9776682257652283
vn 0.013770979829132557 0.3317236006259918 0.9432761669158936
vn -0.5405058264732361 -0.15829932689666748 0.8263140320777893
vn -0.015858614817261696 0.37003064155578613 0.9288842082023621
vn -0.06314525008201599 0.2668747305870056 0.9616603255271912
vn 0.17336700856685638 0.24627451598644257 0.9535684585571289
vn -0.2818543016910553 0.16742432117462158 0.944736659526825
vn 0.5527956485748291 -0.5803974270820618 0.5979597568511963
vn 0.05073581263422966 0.2640385031700134 0.9631767868995667
vn -0.03124934807419777 0.37431129813194275 0.9267764687538147
vn -0.1773245483636856 0.2952212393283844 0.9388293027877808
vn -0.13320133090019226 0.15066727995872498 0.9795697331428528
vn -0.026630070060491562 0.13322284817695618 0.9907283186912537
vn -0.061280686408281326 0.35236841440200806 0.9338529109954834
vn 0.7564279437065125 -0.5830655694007874 0.2963971197605133
vn -0.0912473127245903 0.28304359316825867 0.9547566771507263
vn -0.5291175842285156 -0.03280613571405411 0.8479140996932983
vn -0.6872743964195251 -0.2613413631916046 0.6777570247650146
vn -0.03807656839489937 0.1290692836046219 0.9909042716026306
vn -0.01662221923470497 0.17838072776794434 0.9838211536407471
vn -0.5797211527824402 -0.5569739937782288 0.5947296619415283
vn 0.41182729601860046 -0.8268526792526245 0.38303130865097046
vn -0.2610679566860199 -0.552811861038208 0.7913548946380615
vn 0.4136223793029785 -0.8486666083335876 0.32966896891593933
vn 0.36506354808807373 -0.7139270305633545 0.5975256562232971
vn -0.17076489329338074 -0.8757553100585938 0.4515441358089447
vn -0.1333257108926773 -0.6934186220169067 0.708092451095581
vn 0.028762057423591614 -0.9316115379333496 0.36231571435928345
vn -0.04269681125879288 -0.9050370454788208 0.4231843948364258
vn -0.04238283261656761 -0.8970644474029541 0.43986251950263977
vn 0.5297897458076477 -0.16215236485004425 0.8324839472770691
vn 0.17302581667900085 -0.05322619155049324 0.9834780097007751
vn 0.04487590491771698 0.12208513915538788 0.9915046095848083
vn 0.31206628680229187 -0.40960732102394104 0.8572260737419128
vn -0.22300682961940765 -0.12686888873577118 0.9665258526802063
vn 0.20560497045516968 -0.14819307625293732 0.9673497080802917
vn 0.19611245393753052 0.1575809121131897 0.967836856842041
vn 0.3501878082752228 -0.6087176203727722 0.7119209170341492
vn 0.35658037662506104 -0.35345596075057983 0.8648232817649841
vn 0.21315979957580566 -0.07490303367376328 0.9741418957710266
vn -0.1544860452413559 -0.3545866906642914 0.9221726655960083
vn -0.2792990803718567 -0.23377391695976257 0.9313119053840637
vn -0.07444731146097183 -0.2175842821598053 0.9731981754302979
vn -0.03862728551030159 -0.2688911259174347 0.9623957276344299
vn -0.07420741766691208 -0.2353373020887375 0.9690766930580139
vn 0.227153018116951 -0.722046971321106 0.653490424156189
vn -0.14540959894657135 -0.7813055515289307 0.6069742441177368
vn -0.08683539927005768 -0.660198450088501 0.7460547089576721
vn -0.03336826711893082 -0.6219154596328735 0.7823731899261475
f 1//1 2//2 3//3
f 1//1 3//3 4//4
f 5//5 1//1 4//4
f 6//6 3//3 2//2
f 7//7 6//6 2//2
f 4//4 3//3 6//6
f 5//5 4//4 8//8
f 9//9 10//10 5//5
f 8//8 9//9 5//5
f 4//4 6//6 11//11
f 8//8 4//4 11//11
f 7//7 12//12 11//11
f 7//7 11//11 6//6
f 11//11 9//9 8//8
f 13//13 11//11 12//12
f 9//9 11//11 13//13
f 14//14 15//15 16//16
f 17//17 18//18 16//16
f 16//16 18//18 14//14
f 18//18 17//17 19//19
f 20//20 21//21 22//22
f 23//23 24//24 25//25
f 20//20 25//25 24//24
f 20//20 24//24 1//1
f 1//1 21//21 20//20
f 26//26 23//23 27//27
f 2//2 24//24 23//23
f 1//1 24//24 2//2
f 1//1 5//5 21//21
f 5//5 10//10 21//21
f 2//2 26//26 7//7
f 23//23 26//26 2//2
f 28//28 10//10 29//29
f 10//10 9//9 29//29
f 7//7 26//26 30//30
f 31//31 7//7 30//30
f 7//7 31//31 32//32
f 7//7 32//32 12//12
f 12//12 32//32 33//33
f 12//12 33//33 34//34
f 34//34 13//13 12//12
f 13//13 35//35 9//9
f 9//9 35//35 29//29
f 36//36 35//35 13//13
f 36//36 13//13 34//34
f 37//37 38//38 39//39
f 40//40 37//37 39//39
f 41//41 42//42 43//43
f 44//44 41//41 43//43
f 45//45 42//42 46//46
f 46//46 42//42 41//41
f 47//47 45//45 48//48
f 48//48 45//45 46//46
f 49//49 47//47 50//50
f 50//50 47//47 48//48
f 49//49 50//50 51//51
f 52//52 53//53 39//39
f 53//53 40//40 39//39
f 54//54 40//40 53//53
f 54//54 55//55 56//56
f 40//40 54//54 56//56
f 55//55 57//57 58//58
f 56//56 55//55 58//58
f 59//59 41//41 44//44
f 60//60 59//59 44//44
f 46//46 41//41 61//61
f 61//61 41//41 59//59
f 48//48 46//46 61//61
f 62//62 51//51 50//50
f 52//52 63//63 64//64
f 16//16 53//53 65//65
f 16//16 15//15 53//53
f 65//65 53//53 64//64
f 64//64 53//53 52//52
f 54//54 53//53 15//15
f 14//14 54//54 15//15
f 14//14 55//55 54//54
f 66//66 59//59 60//60
f 48//48 61//61 67//67
f 50//50 48//48 68//68
f 68//68 48//48 67//67
f 68//68 62//62 50//50
f 14//14 18//18 55//55
f 57//57 55//55 69//69
f 69//69 55//55 18//18
f 59//59 66//66 61//61
f 67//67 61//61 66//66
f 70//70 62//62 68//68
f 16//16 65//65 71//71
f 17//17 16//16 71//71
f 69//69 18//18 72//72
f 66//66 73//73 67//67
f 68//68 67//67 74//74
f 74//74 67//67 73//73
f 74//74 70//70 68//68
f 17//17 75//75 19//19
f 19//19 75//75 76//76
f 72//72 18//18 19//19
f 77//77 72//72 19//19
f 69//69 72//72 77//77
f 74//74 73//73 78//78
f 79//79 20//20 22//22
f 80//80 25//25 81//81
f 79//79 81//81 25//25
f 20//20 79//79 25//25
f 80//80 82//82 27//27
f 80//80 27//27 23//23
f 25//25 80//80 23//23
f 83//83 84//84 21//21
f 84//84 22//22 21//21
f 85//85 27//27 82//82
f 27//27 85//85 26//26
f 21//21 10//10 83//83
f 83//83 10//10 28//28
f 83//83 28//28 86//86
f 86//86 28//28 87//87
f 88//88 30//30 85//85
f 85//85 30//30 26//26
f 28//28 89//89 87//87
f 29//29 89//89 28//28
f 30//30 88//88 90//90
f 90//90 31//31 30//30
f 89//89 29//29 91//91
f 32//32 31//31 92//92
f 33//33 32//32 92//92
f 29//29 35//35 91//91
f 93//93 33//33 92//92
f 33//33 93//93 34//34
f 35//35 36//36 94//94
f 35//35 94//94 95//95
f 35//35 95//95 91//91
f 96//96 93//93 92//92
f 34//34 97//97 36//36
f 34//34 93//93 97//97
f 36//36 97//97 94//94
f 93//93 98//98 99//99
f 93//93 99//99 97//97
f 94//94 97//97 100//100
f 100//100 97//97 99//99
f 100//100 95//95 94//94
f 101//101 95//95 100//100
f 98//98 102//102 103//103
f 98//98 103//103 99//99
f 99//99 103//103 100//100
f 103//103 101//101 100//100
f 104//104 101//101 103//103
f 102//102 104//104 103//103
f 104//104 102//102 105//105
f 106//106 107//107 108//108
f 107//107 106//106 109//109
f 106//106 108//108 110//110
f 110//110 108//108 111//111
f 112//112 109//109 106//106
f 112//112 106//106 113//113
f 113//113 106//106 110//110
f 114//114 115//115 116//116
f 117//117 114//114 116//116
f 116//116 115//115 118//118
f 119//119 111//111 120//120
f 110//110 111//111 121//121
f 122//122 112//112 123//123
f 38//38 124//124 125//125
f 126//126 124//124 38//38
f 37//37 126//126 38//38
f 37//37 117//117 126//126
f 114//114 117//117 37//37
f 127//127 118//118 115//115
f 127//127 115//115 128//128
f 128//128 129//129 127//127
f 121//121 111//111 43//43
f 43//43 111//111 119//119
f 42//42 110//110 43//43
f 110//110 121//121 43//43
f 45//45 110//110 42//42
f 113//113 110//110 45//45
f 47//47 113//113 45//45
f 112//112 113//113 47//47
f 47//47 49//49 123//123
f 47//47 123//123 112//112
f 38//38 125//125 130//130
f 130//130 39//39 38//38
f 130//130 63//63 39//39
f 63//63 52//52 39//39
f 40//40 114//114 37//37
f 115//115 114//114 56//56
f 56//56 114//114 40//40
f 128//128 115//115 58//58
f 58//58 115//115 56//56
f 131//131 128//128 58//58
f 129//129 128//128 131//131
f 132//132 119//119 133//133
f 134//134 132//132 133//133
f 43//43 119//119 44//44
f 44//44 119//119 132//132
f 49//49 51//51 135//135
f 135//135 51//51 136//136
f 57//57 131//131 58//58
f 137//137 131//131 57//57
f 129//129 131//131 137//137
f 137//137 138//138 129//129
f 44//44 132//132 60//60
f 51//51 62//62 139//139
f 136//136 51//51 139//139
f 136//136 139//139 140//140
f 65//65 64//64 71//71
f 64//64 141//141 71//71
f 142//142 137//137 57//57
f 143//143 138//138 137//137
f 142//142 143//143 137//137
f 132//132 134//134 60//60
f 144//144 66//66 60//60
f 140//140 139//139 145//145
f 57//57 69//69 142//142
f 146//146 142//142 69//69
f 146//146 143//143 142//142
f 147//147 66//66 144//144
f 62//62 70//70 139//139
f 139//139 70//70 148//148
f 149//149 71//71 141//141
f 17//17 71//71 149//149
f 150//150 146//146 77//77
f 77//77 146//146 69//69
f 151//151 147//147 152//152
f 66//66 147//147 151//151
f 66//66 151//151 73//73
f 17//17 149//149 75//75
f 77//77 19//19 153//153
f 19//19 76//76 153//153
f 150//150 77//77 153//153
f 78//78 151//151 154//154
f 78//78 73//73 151//151
f 154//154 155//155 78//78
f 155//155 74//74 78//78
f 148//148 70//70 74//74
f 155//155 148//148 74//74
f 79//79 156//156 81//81
f 156//156 79//79 157//157
f 22//22 157//157 79//79
f 84//84 157//157 22//22
f 80//80 158//158 159//159
f 158//158 80//80 81//81
f 82//82 159//159 160//160
f 159//159 82//82 80//80
f 84//84 86//86 161//161
f 83//83 86//86 84//84
f 82//82 160//160 85//85
f 160//160 88//88 85//85
f 87//87 89//89 162//162
f 89//89 163//163 162//162
f 90//90 88//88 164//164
f 89//89 91//91 163//163
f 165//165 31//31 90//90
f 163//163 91//91 166//166
f 167//167 31//31 165//165
f 31//31 167//167 92//92
f 91//91 95//95 166//166
f 167//167 96//96 92//92
f 168//168 96//96 167//167
f 93//93 96//96 98//98
f 166//166 95//95 169//169
f 170//170 96//96 168//168
f 95//95 101//101 169//169
f 98//98 96//96 102//102
f 171//171 169//169 104//104
f 169//169 101//101 104//104
f 102//102 96//96 172//172
f 105//105 172//172 173//173
f 105//105 102//102 172//172
f 105//105 107//107 104//104
f 174//174 171//171 104//104
f 107//107 174//174 104//104
f 175//175 105//105 173//173
f 107//107 175//175 108//108
f 107//107 105//105 175//175
f 107//107 109//109 174//174
f 175//175 173//173 120//120
f 120//120 108//108 175//175
f 120//120 111//111 108//108
f 109//109 122//122 176//176
f 177//177 116//116 178//178
f 179//179 177//177 178//178
f 109//109 112//112 122//122
f 124//124 180//180 125//125
f 180//180 124//124 179//179
f 126//126 179//179 124//124
f 177//177 179//179 126//126
f 117//117 177//177 126//126
f 116//116 177//177 117//117
f 120//120 133//133 119//119
f 123//123 181//181 122//122
f 122//122 181//181 182//182
f 129//129 183//183 127//127
f 184//184 183//183 129//129
f 123//123 49//49 185//185
f 123//123 185//185 181//181
f 130//130 186//186 63//63
f 138//138 184//184 129//129
f 138//138 187//187 184//184
f 133//133 188//188 134//134
f 188//188 189//189 134//134
f 49//49 135//135 185//185
f 135//135 136//136 185//185
f 63//63 190//190 64//64
f 63//63 186//186 190//190
f 191//191 187//187 138//138
f 136//136 140//140 192//192
f 138//138 143//143 191//191
f 144//144 60//60 134//134
f 144//144 134//134 193//193
f 145//145 194//194 140//140
f 191//191 195//195 196//196
f 191//191 143//143 195//195
f 143//143 146//146 195//195
f 197//197 147//147 144//144
f 139//139 148//148 145//145
f 145//145 148//148 198//198
f 141//141 199//199 149//149
f 195//195 146//146 150//150
f 200//200 195//195 150//150
f 147//147 197//197 152//152
f 75//75 149//149 199//199
f 76//76 75//75 201//201
f 75//75 199//199 201//201
f 76//76 201//201 153//153
f 150//150 153//153 202//202
f 202//202 200//200 150//150
f 152//152 203//203 204//204
f 151//151 152//152 204//204
f 204//204 154//154 151//151
f 205//205 154//154 204//204
f 155//155 154//154 206//206
f 198//198 148//148 155//155
f 206//206 198//198 155//155
f 81//81 156//156 207//207
f 208//208 157//157 84//84
f 159//159 158//158 209//209
f 207//207 158//158 81//81
f 84//84 161//161 208//208
f 86//86 210//210 161//161
f 160//160 211//211 88//88
f 87//87 210//210 86//86
f 87//87 162//162 210//210
f 88//88 211//211 164//164
f 211//211 212//212 164//164
f 162//162 163//163 213//213
f 164//164 212//212 214//214
f 90//90 164//164 214//214
f 213//213 163//163 215//215
f 90//90 214//214 165//165
f 163//163 166//166 215//215
f 216//216 167//167 165//165
f 216//216 165//165 217//217
f 217//217 165//165 214//214
f 167//167 216//216 168//168
f 166//166 169//169 215//215
f 215//215 169//169 218//218
f 218//218 169//169 219//219
f 172//172 96//96 170//170
f 220//220 172//172 170//170
f 169//169 171//171 219//219
f 171//171 174//174 221//221
f 174//174 176//176 221//221
f 109//109 176//176 174//174
f 120//120 173//173 222//222
f 176//176 182//182 221//221
f 122//122 182//182 176//176
f 223//223 180//180 179//179
f 178//178 224//224 179//179
f 179//179 224//224 223//223
f 178//178 225//225 224//224
f 116//116 226//226 225//225
f 116//116 225//225 178//178
f 120//120 222//222 133//133
f 125//125 180//180 227//227
f 223//223 227//227 180//180
f 116//116 118//118 226//226
f 228//228 226//226 118//118
f 228//228 118//118 229//229
f 118//118 127//127 229//229
f 127//127 183//183 229//229
f 222//222 188//188 133//133
f 182//182 230//230 231//231
f 181//181 230//230 182//182
f 130//130 125//125 232//232
f 232//232 125//125 227//227
f 184//184 233//233 234//234
f 183//183 184//184 234//234
f 181//181 235//235 230//230
f 185//185 235//235 181//181
f 130//130 232//232 186//186
f 184//184 187//187 233//233
f 136//136 235//235 185//185
f 236//236 235//235 136//136
f 64//64 190//190 141//141
f 187//187 191//191 237//237
f 134//134 189//189 238//238
f 238//238 193//193 134//134
f 136//136 192//192 236//236
f 237//237 191//191 196//196
f 239//239 192//192 194//194
f 192//192 140//140 194//194
f 144//144 193//193 197//197
f 145//145 198//198 194//194
f 141//141 240//240 199//199
f 200//200 202//202 241//241
f 241//241 242//242 200//200
f 196//196 195//195 200//200
f 242//242 196//196 200//200
f 197//197 243//243 203//203
f 152//152 197//197 203//203
f 194//194 198//198 206//206
f 153//153 201//201 244//244
f 244//244 202//202 153//153
f 204//204 203//203 245//245
f 205//205 204//204 246//246
f 204//204 245//245 246//246
f 205//205 206//206 154//154
f 205//205 246//246 206//206
f 207//207 156//156 247//247
f 247//247 156//156 248//248
f 157//157 249//249 156//156
f 156//156 249//249 248//248
f 157//157 250//250 249//249
f 250//250 157//157 208//208
f 159//159 209//209 251//251
f 207//207 209//209 158//158
f 252//252 160//160 251//251
f 160//160 159//159 251//251
f 253//253 211//211 252//252
f 252//252 211//211 160//160
f 254//254 214//214 212//212
f 213//213 215//215 255//255
f 254//254 256//256 214//214
f 214//214 256//256 217//217
f 256//256 257//257 217//217
f 255//255 215//215 258//258
f 215//215 218//218 258//258
f 216//216 217//217 259//259
f 259//259 217//217 257//257
f 258//258 218//218 260//260
f 261//261 216//216 259//259
f 168//168 261//261 170//170
f 216//216 261//261 168//168
f 218//218 219//219 260//260
f 259//259 262//262 263//263
f 259//259 263//263 261//261
f 261//261 263//263 220//220
f 261//261 220//220 170//170
f 264//264 219//219 171//171
f 262//262 265//265 266//266
f 262//262 266//266 263//263
f 263//263 266//266 267//267
f 220//220 263//263 267//267
f 172//172 220//220 173//173
f 171//171 221//221 264//264
f 264//264 221//221 268//268
f 265//265 269//269 270//270
f 265//265 270//270 266//266
f 266//266 270//270 271//271
f 267//267 266//266 272//272
f 272//272 266//266 271//271
f 273//273 267//267 272//272
f 220//220 267//267 274//274
f 274//274 267//267 273//273
f 220//220 274//274 173//173
f 269//269 275//275 276//276
f 269//269 276//276 270//270
f 270//270 276//276 228//228
f 271//271 270//270 229//229
f 229//229 270//270 228//228
f 173//173 274//274 222//222
f 221//221 277//277 268//268
f 182//182 277//277 221//221
f 278//278 223//223 279//279
f 279//279 223//223 224//224
f 275//275 225//225 276//276
f 275//275 224//224 225//225
f 226//226 276//276 225//225
f 228//228 276//276 226//226
f 271//271 229//229 280//280
f 272//272 271//271 281//281
f 281//281 271//271 280//280
f 273//273 272//272 282//282
f 282//282 272//272 281//281
f 274//274 273//273 283//283
f 283//283 273//273 282//282
f 274//274 283//283 222//222
f 182//182 231//231 277//277
f 284//284 227//227 223//223
f 285//285 284//284 223//223
f 278//278 285//285 223//223
f 280//280 229//229 183//183
f 183//183 234//234 280//280
f 234//234 281//281 280//280
f 282//282 281//281 286//286
f 286//286 281//281 234//234
f 283//283 282//282 286//286
f 287//287 231//231 230//230
f 284//284 232//232 227//227
f 233//233 288//288 234//234
f 288//288 286//286 234//234
f 283//283 286//286 289//289
f 289//289 286//286 288//288
f 222//222 283//283 290//290
f 290//290 283//283 289//289
f 188//188 290//290 189//189
f 222//222 290//290 188//188
f 235//235 291//291 287//287
f 235//235 287//287 230//230
f 186//186 232//232 292//292
f 288//288 293//293 294//294
f 288//288 233//233 293//293
f 233//233 187//187 293//293
f 289//289 288//288 294//294
f 295//295 289//289 294//294
f 290//290 289//289 295//295
f 296//296 290//290 295//295
f 296//296 189//189 290//290
f 296//296 238//238 189//189
f 235//235 236//236 291//291
f 186//186 292//292 297//297
f 190//190 186//186 297//297
f 237//237 298//298 299//299
f 293//293 187//187 237//237
f 299//299 293//293 237//237
f 193//193 238//238 300//300
f 301//301 236//236 192//192
f 196//196 242//242 302//302
f 196//196 302//302 298//298
f 196//196 298//298 237//237
f 300//300 303//303 193//193
f 303//303 197//197 193//193
f 192//192 304//304 301//301
f 239//239 304//304 192//192
f 305//305 141//141 190//190
f 305//305 240//240 141//141
f 197//197 303//303 243//243
f 306//306 201//201 199//199
f 306//306 199//199 240//240
f 201//201 307//307 244//244
f 306//306 307//307 201//201
f 244//244 308//308 202//202
f 307//307 308//308 244//244
f 202//202 308//308 241//241
f 203//203 243//243 245//245
f 239//239 194//194 309//309
f 194//194 206//206 309//309
f 245//245 310//310 246//246
f 206//206 246//246 311//311
f 311//311 309//309 206//206
f 209//209 312//312 251//251
f 312//312 209//209 207//207
f 208//208 161//161 313//313
f 252//252 314//314 253//253
f 314//314 252//252 251//251
f 161//161 210//210 313//313
f 313//313 210//210 315//315
f 210//210 162//162 315//315
f 253//253 212//212 211//211
f 162//162 213//213 316//316
f 212//212 253//253 254//254
f 213//213 255//255 316//316
f 257//257 317//317 259//259
f 262//262 317//317 318//318
f 262//262 259//259 317//317
f 260//260 319//319 320//320
f 219//219 319//319 260//260
f 319//319 219//219 264//264
f 265//265 321//321 322//322
f 321//321 265//265 262//262
f 322//322 269//269 265//265
f 322//322 275//275 269//269
f 323//323 275//275 322//322
f 277//277 324//324 268//268
f 324//324 277//277 231//231
f 323//323 224//224 275//275
f 279//279 224//224 323//323
f 231//231 325//325 324//324
f 231//231 326//326 325//325
f 326//326 231//231 287//287
f 232//232 327//327 292//292
f 284//284 327//327 232//232
f 326//326 287//287 291//291
f 328//328 326//326 291//291
f 327//327 329//329 292//292
f 330//330 331//331 294//294
f 331//331 295//295 294//294
f 295//295 331//331 296//296
f 332//332 238//238 296//296
f 291//291 333//333 328//328
f 236//236 333//333 291//291
f 329//329 297//297 292//292
f 299//299 302//302 334//334
f 298//298 302//302 299//299
f 294//294 293//293 299//299
f 294//294 299//299 330//330
f 330//330 299//299 334//334
f 238//238 332//332 300//300
f 301//301 333//333 236//236
f 301//301 335//335 333//333
f 305//305 190//190 297//297
f 242//242 336//336 302//302
f 337//337 303//303 300//300
f 338//338 335//335 304//304
f 301//301 304//304 335//335
f 240//240 339//339 306//306
f 240//240 305//305 339//339
f 340//340 336//336 242//242
f 243//243 303//303 341//341
f 338//338 304//304 342//342
f 304//304 239//239 342//342
f 306//306 339//339 307//307
f 241//241 308//308 343//343
f 340//340 242//242 241//241
f 343//343 340//340 241//241
f 243//243 341//341 344//344
f 243//243 344//344 245//245
f 245//245 344//344 310//310
f 309//309 311//311 345//345
f 342//342 239//239 309//309
f 345//345 342//342 309//309
f 246//246 310//310 346//346
f 246//246 346//346 311//311
f 247//247 347//347 348//348
f 207//207 247//247 348//348
f 247//247 248//248 347//347
f 251//251 312//312 349//349
f 348//348 312//312 207//207
f 349//349 314//314 251//251
f 253//253 314//314 350//350
f 315//315 162//162 351//351
f 162//162 316//316 351//351
f 253//253 350//350 352//352
f 254//254 253//253 352//352
f 316//316 255//255 353//353
f 254//254 352//352 256//256
f 256//256 352//352 257//257
f 352//352 354//354 257//257
f 255//255 258//258 353//353
f 257//257 354//354 317//317
f 354//354 355//355 317//317
f 258//258 260//260 353//353
f 355//355 318//318 317//317
f 356//356 318//318 355//355
f 262//262 318//318 321//321
f 318//318 357//357 321//321
f 319//319 358//358 320//320
f 321//321 357//357 359//359
f 322//322 321//321 359//359
f 358//358 319//319 264//264
f 358//358 264//264 360//360
f 360//360 264//264 268//268
f 361//361 322//322 359//359
f 362//362 360//360 268//268
f 361//361 323//323 322//322
f 363//363 323//323 361//361
f 324//324 362//362 268//268
f 279//279 363//363 364//364
f 278//278 279//279 364//364
f 363//363 279//279 323//323
f 324//324 325//325 362//362
f 285//285 365//365 284//284
f 365//365 285//285 366//366
f 364//364 285//285 278//278
f 366//366 285//285 364//364
f 326//326 367//367 325//325
f 284//284 365//365 327//327
f 329//329 327//327 368//368
f 296//296 331//331 332//332
f 368//368 369//369 329//329
f 302//302 370//370 334//334
f 330//330 334//334 371//371
f 372//372 330//330 371//371
f 331//331 330//330 372//372
f 373//373 331//331 372//372
f 373//373 332//332 331//331
f 373//373 374//374 332//332
f 374//374 300//300 332//332
f 333//333 335//335 375//375
f 369//369 297//297 329//329
f 370//370 302//302 336//336
f 300//300 374//374 337//337
f 338//338 376//376 335//335
f 297//297 369//369 305//305
f 303//303 337//337 341//341
f 338//338 342//342 376//376
f 342//342 345//345 376//376
f 307//307 339//339 377//377
f 308//308 307//307 378//378
f 307//307 377//377 378//378
f 308//308 378//378 343//343
f 344//344 379//379 310//310
f 380//380 310//310 379//379
f 311//311 381//381 345//345
f 310//310 380//380 346//346
f 346//346 381//381 311//311
f 382//382 383//383 384//384
f 384//384 383//383 385//385
f 383//383 386//386 385//385
f 383//383 382//382 387//387
f 388//388 383//383 387//387
f 386//386 383//383 388//388
f 388//388 387//387 389//389
f 248//248 390//390 347//347
f 248//248 249//249 390//390
f 391//391 250//250 208//208
f 349//349 312//312 348//348
f 208//208 313//313 391//391
f 314//314 349//349 392//392
f 350//350 392//392 393//393
f 350//350 314//314 392//392
f 393//393 394//394 350//350
f 350//350 394//394 352//352
f 394//394 395//395 352//352
f 316//316 353//353 351//351
f 352//352 395//395 354//354
f 395//395 396//396 354//354
f 354//354 396//396 355//355
f 353//353 260//260 320//320
f 356//356 357//357 318//318
f 320//320 358//358 397//397
f 398//398 358//358 360//360
f 363//363 361//361 399//399
f 399//399 361//361 359//359
f 325//325 400//400 362//362
f 400//400 325//325 401//401
f 365//365 366//366 402//402
f 364//364 402//402 366//366
f 364//364 363//363 402//402
f 399//399 402//402 363//363
f 325//325 367//367 401//401
f 365//365 403//403 327//327
f 404//404 402//402 405//405
f 404//404 403//403 402//402
f 403//403 365//365 402//402
f 328//328 367//367 326//326
f 328//328 406//406 367//367
f 327//327 403//403 368//368
f 407//407 403//403 404//404
f 407//407 368//368 403//403
f 328//328 408//408 406//406
f 333//333 409//409 408//408
f 333//333 408//408 328//328
f 333//333 375//375 409//409
f 369//369 368//368 407//407
f 334//334 370//370 410//410
f 334//334 410//410 371//371
f 372//372 371//371 411//411
f 372//372 411//411 373//373
f 407//407 412//412 369//369
f 335//335 376//376 413//413
f 375//375 335//335 413//413
f 369//369 412//412 414//414
f 305//305 369//369 414//414
f 415//415 339//339 414//414
f 339//339 305//305 414//414
f 370//370 336//336 340//340
f 416//416 370//370 340//340
f 417//417 413//413 418//418
f 376//376 345//345 418//418
f 413//413 376//376 418//418
f 339//339 415//415 377//377
f 377//377 419//419 378//378
f 416//416 340//340 343//343
f 379//379 344//344 420//420
f 379//379 420//420 380//380
f 346//346 421//421 381//381
f 380//380 421//421 346//346
f 417//417 381//381 421//421
f 418//418 381//381 417//417
f 418//418 345//345 381//381
f 384//384 422//422 423//423
f 424//424 384//384 423//423
f 423//423 422//422 425//425
f 422//422 426//426 427//427
f 425//425 422//422 427//427
f 426//426 428//428 427//427
f 427//427 428//428 429//429
f 430//430 431//431 432//432
f 430//430 433//433 434//434
f 431//431 430//430 434//434
f 434//434 433//433 435//435
f 433//433 436//436 435//435
f 435//435 436//436 437//437
f 436//436 438//438 437//437
f 437//437 438//438 439//439
f 439//439 438//438 440//440
f 441//441 442//442 443//443
f 443//443 442//442 424//424
f 424//424 442//442 382//382
f 384//384 424//424 382//382
f 385//385 422//422 384//384
f 426//426 422//422 385//385
f 386//386 426//426 385//385
f 428//428 426//426 386//386
f 386//386 444//444 428//428
f 429//429 428//428 445//445
f 445//445 428//428 444//444
f 445//445 446//446 447//447
f 429//429 445//445 447//447
f 446//446 448//448 432//432
f 447//447 446//446 432//432
f 432//432 448//448 430//430
f 430//430 448//448 449//449
f 433//433 430//430 449//449
f 436//436 433//433 450//450
f 450//450 433//433 449//449
f 438//438 436//436 451//451
f 451//451 436//436 450//450
f 440//440 438//438 452//452
f 452//452 438//438 451//451
f 453//453 441//441 454//454
f 441//441 453//453 442//442
f 442//442 453//453 455//455
f 456//456 442//442 455//455
f 382//382 442//442 456//456
f 388//388 457//457 386//386
f 457//457 458//458 386//386
f 386//386 458//458 444//444
f 445//445 444//444 459//459
f 459//459 444//444 458//458
f 446//446 445//445 459//459
f 448//448 446//446 460//460
f 460//460 446//446 459//459
f 449//449 448//448 460//460
f 461//461 449//449 460//460
f 450//450 449//449 462//462
f 462//462 449//449 461//461
f 463//463 451//451 450//450
f 452//452 451//451 463//463
f 456//456 455//455 464//464
f 382//382 465//465 387//387
f 382//382 456//456 465//465
f 456//456 464//464 465//465
f 389//389 457//457 388//388
f 459//459 458//458 466//466
f 466//466 458//458 457//457
f 460//460 459//459 466//466
f 467//467 460//460 466//466
f 461//461 460//460 468//468
f 468//468 460//460 467//467
f 462//462 461//461 469//469
f 469//469 461//461 468//468
f 463//463 450//450 470//470
f 470//470 450//450 462//462
f 471//471 452//452 472//472
f 472//472 452//452 463//463
f 471//471 472//472 473//473
f 454//454 474//474 475//475
f 454//454 475//475 453//453
f 453//453 475//475 476//476
f 455//455 453//453 477//477
f 477//477 453//453 476//476
f 464//464 455//455 477//477
f 465//465 464//464 478//478
f 387//387 465//465 478//478
f 389//389 387//387 479//479
f 479//479 387//387 478//478
f 457//457 389//389 479//479
f 466//466 457//457 480//480
f 467//467 466//466 480//480
f 481//481 467//467 480//480
f 468//468 467//467 481//481
f 482//482 468//468 481//481
f 469//469 468//468 482//482
f 483//483 469//469 482//482
f 462//462 469//469 483//483
f 470//470 462//462 484//484
f 484//484 462//462 483//483
f 472//472 463//463 485//485
f 485//485 463//463 470//470
f 486//486 474//474 487//487
f 474//474 486//486 475//475
f 475//475 486//486 488//488
f 476//476 475//475 488//488
f 464//464 477//477 489//489
f 478//478 464//464 489//489
f 457//457 479//479 490//490
f 480//480 457//457 490//490
f 481//481 480//480 491//491
f 492//492 493//493 482//482
f 482//482 493//493 483//483
f 485//485 470//470 484//484
f 472//472 485//485 494//494
f 495//495 473//473 472//472
f 494//494 495//495 472//472
f 476//476 488//488 496//496
f 477//477 476//476 489//489
f 489//489 476//476 496//496
f 478//478 489//489 497//497
f 498//498 478//478 497//497
f 498//498 479//479 478//478
f 482//482 481//481 499//499
f 500//500 483//483 493//493
f 483//483 500//500 484//484
f 494//494 485//485 501//501
f 501//501 485//485 484//484
f 495//495 494//494 502//502
f 487//487 503//503 486//486
f 486//486 503//503 504//504
f 488//488 486//486 504//504
f 496//496 488//488 504//504
f 505//505 497//497 489//489
f 501//501 502//502 494//494
f 506//506 503//503 487//487
f 496//496 504//504 507//507
f 489//489 496//496 505//505
f 505//505 496//496 507//507
f 501//501 484//484 508//508
f 508//508 484//484 500//500
f 509//509 502//502 501//501
f 508//508 509//509 501//501
f 510//510 503//503 506//506
f 511//511 510//510 506//506
f 504//504 503//503 512//512
f 512//512 503//503 510//510
f 507//507 504//504 512//512
f 512//512 510//510 511//511
f 507//507 512//512 513//513
f 514//514 507//507 513//513
f 515//515 505//505 514//514
f 514//514 505//505 507//507
f 516//516 512//512 511//511
f 517//517 512//512 516//516
f 513//513 512//512 517//517
f 518//518 514//514 513//513
f 513//513 517//517 519//519
f 518//518 513//513 519//519
f 347//347 520//520 521//521
f 348//348 347//347 521//521
f 347//347 390//390 520//520
f 249//249 522//522 390//390
f 250//250 523//523 249//249
f 249//249 523//523 522//522
f 523//523 250//250 391//391
f 349//349 524//524 392//392
f 349//349 348//348 524//524
f 348//348 521//521 524//524
f 313//313 315//315 525//525
f 392//392 526//526 393//393
f 315//315 351//351 525//525
f 525//525 351//351 527//527
f 393//393 526//526 394//394
f 526//526 528//528 394//394
f 394//394 528//528 395//395
f 351//351 353//353 527//527
f 527//527 353//353 529//529
f 395//395 528//528 396//396
f 396//396 530//530 355//355
f 353//353 320//320 529//529
f 355//355 530//530 356//356
f 529//529 320//320 397//397
f 356//356 531//531 357//357
f 356//356 532//532 531//531
f 359//359 357//357 533//533
f 357//357 531//531 533//533
f 398//398 397//397 358//358
f 359//359 533//533 399//399
f 398//398 360//360 534//534
f 534//534 360//360 362//362
f 400//400 534//534 362//362
f 402//402 535//535 405//405
f 399//399 535//535 402//402
f 401//401 536//536 400//400
f 405//405 537//537 538//538
f 404//404 405//405 538//538
f 404//404 539//539 407//407
f 404//404 538//538 539//539
f 540//540 408//408 409//409
f 371//371 410//410 411//411
f 373//373 411//411 541//541
f 541//541 374//374 373//373
f 542//542 374//374 541//541
f 409//409 375//375 540//540
f 540//540 375//375 543//543
f 407//407 539//539 412//412
f 375//375 413//413 543//543
f 543//543 413//413 544//544
f 414//414 412//412 545//545
f 545//545 415//415 414//414
f 546//546 415//415 545//545
f 374//374 542//542 337//337
f 547//547 344//344 341//341
f 413//413 417//417 544//544
f 415//415 546//546 548//548
f 377//377 415//415 548//548
f 377//377 548//548 419//419
f 344//344 547//547 420//420
f 380//380 420//420 549//549
f 380//380 549//549 421//421
f 425//425 550//550 423//423
f 551//551 552//552 553//553
f 437//437 439//439 554//554
f 554//554 439//439 555//555
f 443//443 424//424 556//556
f 427//427 557//557 425//425
f 429//429 557//557 427//427
f 431//431 558//558 559//559
f 432//432 431//431 559//559
f 431//431 560//560 558//558
f 551//551 560//560 434//434
f 560//560 431//431 434//434
f 552//552 551//551 434//434
f 435//435 552//552 434//434
f 439//439 440//440 555//555
f 555//555 440//440 561//561
f 562//562 441//441 443//443
f 429//429 563//563 557//557
f 447//447 563//563 429//429
f 432//432 559//559 447//447
f 447//447 559//559 563//563
f 440//440 471//471 561//561
f 454//454 441//441 564//564
f 564//564 441//441 562//562
f 440//440 452//452 471//471
f 471//471 473//473 565//565
f 564//564 474//474 454//454
f 566//566 474//474 564//564
f 487//487 474//474 567//567
f 567//567 474//474 566//566
f 480//480 568//568 491//491
f 569//569 570//570 495//495
f 570//570 473//473 495//495
f 571//571 567//567 572//572
f 571//571 487//487 567//567
f 498//498 490//490 479//479
f 480//480 490//490 568//568
f 481//481 491//491 573//573
f 499//499 481//481 573//573
f 482//482 499//499 492//492
f 499//499 574//574 492//492
f 495//495 502//502 575//575
f 495//495 575//575 569//569
f 487//487 571//571 576//576
f 497//497 577//577 498//498
f 490//490 498//498 578//578
f 578//578 498//498 577//577
f 573//573 491//491 568//568
f 493//493 492//492 574//574
f 500//500 493//493 579//579
f 580//580 506//506 576//576
f 506//506 487//487 576//576
f 505//505 515//515 497//497
f 581//581 568//568 490//490
f 499//499 573//573 582//582
f 574//574 499//499 582//582
f 493//493 574//574 583//583
f 502//502 509//509 584//584
f 585//585 575//575 502//502
f 584//584 585//585 502//502
f 506//506 586//586 511//511
f 580//580 586//586 506//506
f 497//497 515//515 587//587
f 588//588 497//497 587//587
f 577//577 497//497 588//588
f 581//581 490//490 578//578
f 573//573 568//568 589//589
f 579//579 493//493 583//583
f 500//500 590//590 508//508
f 500//500 579//579 590//590
f 508//508 591//591 509//509
f 590//590 591//591 508//508
f 509//509 591//591 584//584
f 586//586 592//592 593//593
f 580//580 592//592 586//586
f 594//594 578//578 577//577
f 582//582 573//573 595//595
f 574//574 582//582 595//595
f 595//595 596//596 583//583
f 595//595 583//583 574//574
f 579//579 583//583 597//597
f 590//590 579//579 598//598
f 591//591 590//590 598//598
f 584//584 591//591 599//599
f 600//600 585//585 584//584
f 599//599 600//600 584//584
f 601//601 586//586 593//593
f 511//511 586//586 601//601
f 511//511 601//601 516//516
f 588//588 587//587 602//602
f 588//588 594//594 577//577
f 603//603 583//583 596//596
f 583//583 603//603 597//597
f 598//598 579//579 597//597
f 591//591 598//598 604//604
f 604//604 599//599 591//591
f 600//600 599//599 605//605
f 606//606 601//601 593//593
f 607//607 606//606 593//593
f 516//516 601//601 606//606
f 514//514 587//587 515//515
f 514//514 608//608 587//587
f 608//608 602//602 587//587
f 516//516 606//606 517//517
f 518//518 608//608 514//514
f 602//602 608//608 609//609
f 597//597 603//603 598//598
f 604//604 598//598 610//610
f 606//606 611//611 517//517
f 519//519 517//517 612//612
f 612//612 517//517 611//611
f 518//518 519//519 613//613
f 613//613 519//519 612//612
f 608//608 518//518 614//614
f 614//614 518//518 613//613
f 615//615 608//608 614//614
f 614//614 613//613 616//616
f 390//390 617//617 520//520
f 390//390 522//522 617//617
f 618//618 523//523 391//391
f 619//619 521//521 620//620
f 619//619 524//524 521//521
f 391//391 313//313 618//618
f 618//618 313//313 621//621
f 619//619 622//622 524//524
f 622//622 392//392 524//524
f 313//313 525//525 621//621
f 392//392 622//622 526//526
f 622//622 623//623 526//526
f 621//621 525//525 624//624
f 623//623 625//625 526//526
f 527//527 624//624 525//525
f 625//625 528//528 526//526
f 624//624 527//527 626//626
f 625//625 627//627 528//528
f 627//627 625//625 628//628
f 527//527 529//529 626//626
f 528//528 627//627 396//396
f 629//629 627//627 628//628
f 627//627 530//530 396//396
f 530//530 627//627 629//629
f 629//629 630//630 530//530
f 356//356 530//530 532//532
f 397//397 398//398 631//631
f 632//632 631//631 398//398
f 398//398 534//534 632//632
f 399//399 633//633 535//535
f 400//400 634//634 534//534
f 400//400 536//536 634//634
f 635//635 536//536 401//401
f 401//401 367//367 635//635
f 636//636 637//637 638//638
f 638//638 637//637 639//639
f 537//537 640//640 641//641
f 538//538 537//537 641//641
f 535//535 537//537 405//405
f 535//535 642//642 537//537
f 642//642 640//640 537//537
f 635//635 367//367 406//406
f 635//635 406//406 643//643
f 635//635 643//643 644//644
f 645//645 643//643 406//406
f 636//636 646//646 647//647
f 636//636 647//647 637//637
f 637//637 647//647 648//648
f 648//648 639//639 637//637
f 641//641 649//649 650//650
f 406//406 408//408 645//645
f 645//645 408//408 540//540
f 645//645 540//540 651//651
f 646//646 652//652 647//647
f 648//648 647//647 653//653
f 654//654 655//655 648//648
f 639//639 648//648 655//655
f 539//539 641//641 650//650
f 539//539 650//650 656//656
f 538//538 641//641 539//539
f 370//370 657//657 410//410
f 411//411 410//410 658//658
f 658//658 541//541 411//411
f 540//540 543//543 651//651
f 651//651 543//543 659//659
f 660//660 661//661 662//662
f 661//661 660//660 652//652
f 652//652 660//660 647//647
f 647//647 660//660 663//663
f 664//664 665//665 653//653
f 664//664 653//653 663//663
f 663//663 653//653 647//647
f 648//648 653//653 665//665
f 654//654 648//648 665//665
f 666//666 412//412 656//656
f 412//412 539//539 656//656
f 370//370 416//416 657//657
f 543//543 544//544 659//659
f 660//660 662//662 667//667
f 663//663 660//660 667//667
f 664//664 663//663 668//668
f 545//545 666//666 669//669
f 545//545 412//412 666//666
f 545//545 669//669 546//546
f 416//416 670//670 671//671
f 337//337 542//542 672//672
f 341//341 337//337 672//672
f 672//672 547//547 341//341
f 544//544 417//417 659//659
f 659//659 417//417 673//673
f 663//663 667//667 674//674
f 668//668 663//663 674//674
f 548//548 546//546 675//675
f 548//548 675//675 419//419
f 378//378 419//419 676//676
f 670//670 416//416 343//343
f 670//670 343//343 676//676
f 676//676 343//343 378//378
f 420//420 547//547 549//549
f 421//421 549//549 677//677
f 673//673 417//417 421//421
f 677//677 673//673 421//421
f 678//678 437//437 679//679
f 424//424 423//423 680//680
f 556//556 424//424 680//680
f 423//423 550//550 680//680
f 425//425 681//681 550//550
f 425//425 682//682 681//681
f 551//551 683//683 684//684
f 553//553 685//685 551//551
f 551//551 685//685 683//683
f 686//686 553//553 552//552
f 435//435 686//686 552//552
f 678//678 686//686 435//435
f 437//437 678//678 435//435
f 679//679 437//437 554//554
f 557//557 682//682 425//425
f 687//687 682//682 557//557
f 557//557 688//688 687//687
f 557//557 689//689 688//688
f 560//560 684//684 558//558
f 558//558 684//684 690//690
f 684//684 560//560 551//551
f 562//562 691//691 692//692
f 557//557 563//563 689//689
f 559//559 693//693 563//563
f 563//563 693//693 689//689
f 558//558 693//693 559//559
f 561//561 565//565 694//694
f 471//471 565//565 561//561
f 692//692 564//564 562//562
f 695//695 696//696 565//565
f 692//692 697//697 564//564
f 565//565 473//473 695//695
f 695//695 473//473 570//570
f 695//695 570//570 698//698
f 697//697 566//566 564//564
f 567//567 566//566 699//699
f 566//566 697//697 699//699
f 570//570 569//569 698//698
f 567//567 700//700 572//572
f 699//699 700//700 567//567
f 569//569 701//701 698//698
f 575//575 701//701 569//569
f 571//571 572//572 576//576
f 700//700 702//702 572//572
f 580//580 576//576 703//703
f 576//576 572//572 703//703
f 575//575 585//585 701//701
f 701//701 585//585 704//704
f 580//580 703//703 592//592
f 578//578 594//594 581//581
f 568//568 581//581 705//705
f 705//705 581//581 706//706
f 589//589 568//568 705//705
f 707//707 704//704 600//600
f 704//704 585//585 600//600
f 592//592 708//708 593//593
f 581//581 594//594 709//709
f 710//710 589//589 705//705
f 573//573 589//589 711//711
f 711//711 589//589 710//710
f 595//595 573//573 711//711
f 712//712 595//595 711//711
f 596//596 595//595 712//712
f 600//600 605//605 713//713
f 600//600 713//713 707//707
f 593//593 708//708 607//607
f 603//603 596//596 712//712
f 599//599 604//604 605//605
f 604//604 714//714 605//605
f 715//715 713//713 605//605
f 714//714 715//715 605//605
f 588//588 602//602 609//609
f 594//594 588//588 716//716
f 716//716 588//588 609//609
f 709//709 594//594 716//716
f 706//706 581//581 709//709
f 710//710 705//705 706//706
f 603//603 712//712 717//717
f 603//603 717//717 598//598
f 610//610 714//714 604//604
f 718//718 607//607 719//719
f 606//606 607//607 718//718
f 606//606 718//718 611//611
f 706//706 709//709 720//720
f 717//717 721//721 598//598
f 610//610 598//598 721//721
f 722//722 718//718 719//719
f 723//723 722//722 719//719
f 718//718 722//722 611//611
f 615//615 609//609 608//608
f 724//724 609//609 615//615
f 716//716 609//609 724//724
f 720//720 709//709 716//716
f 714//714 610//610 725//725
f 612//612 611//611 726//726
f 726//726 611//611 722//722
f 613//613 727//727 616//616
f 613//613 612//612 727//727
f 612//612 726//726 727//727
f 614//614 616//616 615//615
f 616//616 724//724 615//615
f 727//727 726//726 728//728
f 729//729 727//727 728//728
f 727//727 729//729 616//616
f 724//724 616//616 729//729
f 617//617 522//522 730//730
f 522//522 523//523 730//730
f 523//523 618//618 730//730
f 520//520 620//620 521//521
f 520//520 731//731 620//620
f 617//617 731//731 520//520
f 732//732 731//731 617//617
f 617//617 730//730 732//732
f 618//618 732//732 730//730
f 619//619 620//620 623//623
f 623//623 622//622 619//619
f 732//732 618//618 733//733
f 618//618 621//621 733//733
f 734//734 733//733 735//735
f 621//621 624//624 735//735
f 733//733 621//621 735//735
f 736//736 625//625 623//623
f 737//737 625//625 736//736
f 737//737 628//628 625//625
f 738//738 735//735 624//624
f 738//738 739//739 735//735
f 739//739 734//734 735//735
f 624//624 626//626 738//738
f 740//740 739//739 738//738
f 741//741 739//739 740//740
f 738//738 626//626 740//740
f 628//628 742//742 629//629
f 743//743 741//741 740//740
f 742//742 744//744 629//629
f 745//745 743//743 740//740
f 626//626 529//529 745//745
f 740//740 626//626 745//745
f 745//745 529//529 746//746
f 629//629 744//744 630//630
f 529//529 397//397 746//746
f 630//630 747//747 532//532
f 530//530 630//630 532//532
f 532//532 747//747 531//531
f 531//531 748//748 533//533
f 531//531 747//747 748//748
f 533//533 749//749 399//399
f 534//534 750//750 632//632
f 750//750 631//631 632//632
f 751//751 752//752 753//753
f 752//752 751//751 754//754
f 633//633 642//642 535//535
f 749//749 633//633 399//399
f 534//534 634//634 750//750
f 755//755 634//634 536//536
f 756//756 757//757 758//758
f 759//759 756//756 758//758
f 760//760 751//751 761//761
f 753//753 761//761 751//751
f 638//638 751//751 636//636
f 754//754 751//751 638//638
f 638//638 639//639 762//762
f 638//638 762//762 754//754
f 763//763 764//764 765//765
f 765//765 764//764 766//766
f 641//641 640//640 767//767
f 635//635 768//768 536//536
f 635//635 644//644 768//768
f 644//644 769//769 768//768
f 759//759 643//643 756//756
f 759//759 644//644 643//643
f 645//645 756//756 643//643
f 645//645 770//770 756//756
f 770//770 757//757 756//756
f 771//771 757//757 770//770
f 772//772 760//760 761//761
f 773//773 772//772 761//761
f 751//751 760//760 646//646
f 636//636 751//751 646//646
f 762//762 639//639 774//774
f 774//774 775//775 762//762
f 776//776 777//777 778//778
f 776//776 778//778 763//763
f 763//763 778//778 764//764
f 779//779 764//764 778//778
f 780//780 766//766 764//764
f 780//780 764//764 781//781
f 781//781 764//764 779//779
f 780//780 781//781 782//782
f 783//783 650//650 649//649
f 767//767 649//649 641//641
f 770//770 651//651 784//784
f 645//645 651//651 770//770
f 771//771 770//770 785//785
f 785//785 770//770 784//784
f 786//786 771//771 785//785
f 771//771 786//786 787//787
f 788//788 789//789 790//790
f 773//773 789//789 788//788
f 773//773 788//788 772//772
f 652//652 772//772 788//788
f 760//760 772//772 652//652
f 646//646 760//760 652//652
f 639//639 655//655 774//774
f 791//791 781//781 779//779
f 792//792 782//782 781//781
f 792//792 781//781 793//793
f 793//793 781//781 791//791
f 793//793 794//794 792//792
f 792//792 794//794 795//795
f 796//796 797//797 798//798
f 799//799 796//796 798//798
f 783//783 798//798 797//797
f 783//783 797//797 656//656
f 783//783 656//656 650//650
f 410//410 657//657 800//800
f 658//658 410//410 801//801
f 801//801 410//410 800//800
f 802//802 658//658 801//801
f 658//658 802//802 541//541
f 541//541 802//802 803//803
f 803//803 542//542 541//541
f 784//784 659//659 804//804
f 651//651 659//659 784//784
f 785//785 784//784 804//804
f 786//786 785//785 805//805
f 787//787 786//786 806//806
f 806//806 786//786 805//805
f 807//807 787//787 806//806
f 808//808 790//790 809//809
f 790//790 808//808 788//788
f 788//788 808//808 661//661
f 652//652 788//788 661//661
f 665//665 810//810 654//654
f 664//664 810//810 665//665
f 654//654 810//810 811//811
f 654//654 811//811 655//655
f 777//777 812//812 778//778
f 779//779 778//778 813//813
f 813//813 778//778 812//812
f 814//814 791//791 813//813
f 791//791 779//779 813//813
f 814//814 815//815 791//791
f 816//816 791//791 815//815
f 793//793 791//791 816//816
f 817//817 793//793 816//816
f 794//794 793//793 817//817
f 794//794 818//818 795//795
f 796//796 795//795 818//818
f 797//797 796//796 819//819
f 819//819 796//796 818//818
f 656//656 819//819 666//666
f 656//656 797//797 819//819
f 785//785 804//804 820//820
f 821//821 805//805 820//820
f 820//820 805//805 785//785
f 806//806 805//805 821//821
f 822//822 787//787 807//807
f 822//822 807//807 823//823
f 822//822 823//823 809//809
f 809//809 823//823 808//808
f 808//808 823//823 824//824
f 662//662 661//661 824//824
f 661//661 808//808 824//824
f 664//664 668//668 825//825
f 826//826 664//664 825//825
f 810//810 664//664 826//826
f 812//812 827//827 828//828
f 812//812 828//828 813//813
f 814//814 813//813 829//829
f 813//813 828//828 829//829
f 814//814 829//829 815//815
f 829//829 830//830 815//815
f 816//816 815//815 831//831
f 831//831 815//815 830//830
f 817//817 816//816 832//832
f 832//832 816//816 831//831
f 794//794 817//817 833//833
f 833//833 817//817 832//832
f 818//818 794//794 833//833
f 819//819 818//818 834//834
f 834//834 818//818 833//833
f 666//666 835//835 669//669
f 666//666 819//819 835//835
f 819//819 834//834 835//835
f 836//836 547//547 672//672
f 804//804 673//673 837//837
f 659//659 673//673 804//804
f 838//838 821//821 820//820
f 838//838 820//820 837//837
f 837//837 820//820 804//804
f 807//807 806//806 839//839
f 823//823 807//807 840//840
f 840//840 807//807 839//839
f 824//824 823//823 841//841
f 841//841 823//823 840//840
f 662//662 842//842 667//667
f 662//662 824//824 842//842
f 824//824 841//841 842//842
f 667//667 843//843 674//674
f 842//842 843//843 667//667
f 843//843 844//844 674//674
f 668//668 674//674 844//844
f 829//829 828//828 845//845
f 845//845 846//846 847//847
f 845//845 847//847 829//829
f 829//829 847//847 830//830
f 848//848 831//831 830//830
f 832//832 831//831 849//849
f 849//849 831//831 848//848
f 850//850 832//832 849//849
f 833//833 832//832 851//851
f 851//851 832//832 850//850
f 834//834 833//833 851//851
f 835//835 834//834 852//852
f 669//669 853//853 546//546
f 669//669 835//835 853//853
f 835//835 852//852 853//853
f 854//854 546//546 853//853
f 854//854 675//675 546//546
f 549//549 547//547 855//855
f 856//856 855//855 857//857
f 856//856 677//677 855//855
f 677//677 549//549 855//855
f 677//677 837//837 673//673
f 677//677 856//856 837//837
f 856//856 858//858 837//837
f 858//858 838//838 837//837
f 859//859 806//806 860//860
f 839//839 806//806 859//859
f 840//840 839//839 861//861
f 862//862 840//840 861//861
f 841//841 840//840 863//863
f 863//863 840//840 862//862
f 864//864 842//842 863//863
f 863//863 842//842 841//841
f 843//843 842//842 864//864
f 865//865 830//830 847//847
f 848//848 830//830 865//865
f 866//866 849//849 848//848
f 834//834 851//851 867//867
f 868//868 869//869 852//852
f 868//868 852//852 867//867
f 867//867 852//852 834//834
f 853//853 852//852 869//869
f 854//854 853//853 869//869
f 858//858 856//856 857//857
f 870//870 859//859 860//860
f 839//839 859//859 871//871
f 861//861 839//839 872//872
f 872//872 839//839 871//871
f 862//862 861//861 873//873
f 873//873 861//861 872//872
f 874//874 875//875 863//863
f 874//874 863//863 873//873
f 873//873 863//863 862//862
f 864//864 863//863 875//875
f 866//866 848//848 865//865
f 876//876 866//866 865//865
f 850//850 849//849 877//877
f 877//877 849//849 866//866
f 877//877 878//878 850//850
f 850//850 878//878 851//851
f 879//879 851//851 878//878
f 879//879 867//867 851//851
f 880//880 873//873 881//881
f 881//881 873//873 872//872
f 874//874 873//873 880//880
f 877//877 866//866 876//876
f 870//870 882//882 883//883
f 870//870 883//883 859//859
f 859//859 883//883 884//884
f 871//871 859//859 884//884
f 872//872 871//871 885//885
f 886//886 887//887 881//881
f 886//886 881//881 885//885
f 885//885 881//881 872//872
f 880//880 881//881 887//887
f 888//888 879//879 878//878
f 889//889 888//888 878//878
f 888//888 867//867 879//879
f 890//890 883//883 882//882
f 871//871 884//884 891//891
f 892//892 886//886 885//885
f 892//892 885//885 891//891
f 891//891 885//885 871//871
f 893//893 888//888 889//889
f 883//883 890//890 679//679
f 884//884 883//883 894//894
f 894//894 883//883 679//679
f 891//891 884//884 894//894
f 895//895 893//893 889//889
f 896//896 895//895 889//889
f 897//897 888//888 893//893
f 897//897 893//893 898//898
f 898//898 893//893 895//895
f 897//897 898//898 899//899
f 900//900 901//901 902//902
f 903//903 901//901 900//900
f 903//903 900//900 890//890
f 890//890 900//900 678//678
f 679//679 890//890 678//678
f 891//891 894//894 904//904
f 905//905 892//892 891//891
f 904//904 905//905 891//891
f 895//895 896//896 556//556
f 898//898 895//895 680//680
f 680//680 895//895 556//556
f 899//899 898//898 681//681
f 681//681 898//898 680//680
f 899//899 681//681 906//906
f 685//685 907//907 908//908
f 902//902 908//908 907//907
f 900//900 902//902 907//907
f 900//900 907//907 686//686
f 678//678 900//900 686//686
f 554//554 894//894 679//679
f 554//554 904//904 894//894
f 909//909 905//905 904//904
f 910//910 896//896 911//911
f 691//691 910//910 911//911
f 556//556 896//896 910//910
f 681//681 680//680 550//550
f 906//906 681//681 912//912
f 681//681 682//682 912//912
f 687//687 913//913 682//682
f 682//682 913//913 912//912
f 907//907 685//685 553//553
f 686//686 907//907 553//553
f 554//554 555//555 904//904
f 904//904 555//555 561//561
f 904//904 561//561 909//909
f 909//909 561//561 694//694
f 910//910 691//691 562//562
f 910//910 562//562 443//443
f 556//556 910//910 443//443
f 689//689 914//914 688//688
f 689//689 915//915 914//914
f 915//915 558//558 690//690
f 691//691 916//916 692//692
f 915//915 689//689 693//693
f 558//558 915//915 693//693
f 565//565 917//917 694//694
f 917//917 565//565 696//696
f 918//918 917//917 696//696
f 692//692 916//916 919//919
f 695//695 918//918 696//696
f 919//919 920//920 692//692
f 692//692 920//920 697//697
f 695//695 921//921 918//918
f 921//921 695//695 698//698
f 922//922 921//921 698//698
f 700//700 699//699 923//923
f 922//922 924//924 925//925
f 701//701 924//924 922//922
f 701//701 922//922 698//698
f 923//923 702//702 700//700
f 926//926 927//927 924//924
f 702//702 928//928 703//703
f 572//572 702//702 703//703
f 924//924 701//701 704//704
f 703//703 928//928 929//929
f 924//924 704//704 930//930
f 703//703 929//929 592//592
f 707//707 930//930 704//704
f 592//592 931//931 708//708
f 592//592 929//929 931//931
f 931//931 929//929 932//932
f 933//933 930//930 713//713
f 707//707 713//713 930//930
f 713//713 715//715 934//934
f 934//934 933//933 713//713
f 935//935 931//931 936//936
f 935//935 708//708 931//931
f 932//932 936//936 931//931
f 706//706 937//937 710//710
f 711//711 710//710 937//937
f 712//712 711//711 938//938
f 938//938 711//711 937//937
f 708//708 719//719 607//607
f 708//708 935//935 719//719
f 720//720 939//939 706//706
f 937//937 706//706 939//939
f 940//940 937//937 939//939
f 938//938 937//937 940//940
f 941//941 712//712 938//938
f 717//717 712//712 942//942
f 712//712 941//941 942//942
f 942//942 943//943 717//717
f 717//717 943//943 721//721
f 714//714 944//944 715//715
f 944//944 945//945 715//715
f 934//934 715//715 945//945
f 946//946 933//933 934//934
f 719//719 935//935 723//723
f 947//947 948//948 716//716
f 716//716 948//948 720//720
f 938//938 940//940 949//949
f 721//721 725//725 610//610
f 725//725 944//944 714//714
f 950//950 722//722 723//723
f 716//716 724//724 947//947
f 720//720 948//948 951//951
f 939//939 720//720 951//951
f 938//938 949//949 952//952
f 941//941 938//938 952//952
f 943//943 942//942 953//953
f 953//953 942//942 941//941
f 721//721 943//943 953//953
f 725//725 721//721 953//953
f 954//954 934//934 945//945
f 946//946 934//934 954//954
f 955//955 726//726 722//722
f 955//955 722//722 950//950
f 724//724 956//956 947//947
f 939//939 951//951 957//957
f 958//958 939//939 957//957
f 940//940 939//939 958//958
f 949//949 940//940 958//958
f 944//944 725//725 959//959
f 960//960 961//961 945//945
f 960//960 945//945 959//959
f 959//959 945//945 944//944
f 954//954 945//945 961//961
f 962//962 955//955 950//950
f 728//728 726//726 963//963
f 963//963 726//726 955//955
f 729//729 728//728 964//964
f 728//728 963//963 964//964
f 729//729 965//965 724//724
f 964//964 965//965 729//729
f 724//724 965//965 956//956
f 948//948 947//947 966//966
f 951//951 948//948 966//966
f 967//967 949//949 958//958
f 952//952 949//949 967//967
f 941//941 952//952 967//967
f 953//953 941//941 968//968
f 968//968 941//941 967//967
f 969//969 959//959 725//725
f 969//969 725//725 968//968
f 968//968 725//725 953//953
f 970//970 955//955 962//962
f 970//970 971//971 955//955
f 955//955 971//971 963//963
f 972//972 965//965 964//964
f 947//947 956//956 966//966
f 957//957 951//951 973//973
f 974//974 963//963 971//971
f 963//963 974//974 964//964
f 972//972 964//964 975//975
f 975//975 964//964 974//974
f 966//966 956//956 976//976
f 976//976 956//956 965//965
f 973//973 951//951 966//966
f 977//977 972//972 975//975
f 972//972 977//977 965//965
f 976//976 965//965 978//978
f 978//978 965//965 977//977
f 973//973 966//966 976//976
f 731//731 732//732 979//979
f 623//623 620//620 731//731
f 732//732 733//733 980//980
f 732//732 980//980 979//979
f 736//736 623//623 731//731
f 736//736 731//731 979//979
f 980//980 736//736 979//979
f 733//733 734//734 980//980
f 981//981 736//736 980//980
f 980//980 734//734 981//981
f 737//737 982//982 628//628
f 737//737 736//736 981//981
f 737//737 981//981 982//982
f 982//982 981//981 983//983
f 734//734 739//739 983//983
f 981//981 734//734 983//983
f 982//982 984//984 742//742
f 628//628 982//982 742//742
f 983//983 985//985 982//982
f 985//985 984//984 982//982
f 739//739 741//741 985//985
f 983//983 739//739 985//985
f 986//986 984//984 985//985
f 986//986 985//985 741//741
f 986//986 741//741 987//987
f 987//987 741//741 743//743
f 984//984 988//988 744//744
f 984//984 744//744 742//742
f 986//986 988//988 984//984
f 744//744 989//989 630//630
f 990//990 743//743 745//745
f 990//990 745//745 746//746
f 989//989 747//747 630//630
f 747//747 991//991 748//748
f 397//397 631//631 746//746
f 748//748 991//991 749//749
f 533//533 748//748 749//749
f 992//992 753//753 752//752
f 993//993 992//992 752//752
f 754//754 994//994 752//752
f 995//995 994//994 754//754
f 996//996 997//997 633//633
f 997//997 642//642 633//633
f 749//749 996//996 633//633
f 634//634 998//998 750//750
f 998//998 634//634 755//755
f 999//999 998//998 755//755
f 759//759 1000//1000 1001//1001
f 758//758 1002//1002 759//759
f 759//759 1002//1002 1000//1000
f 1003//1003 1004//1004 1005//1005
f 1003//1003 992//992 1004//1004
f 1004//1004 992//992 993//993
f 753//753 992//992 761//761
f 762//762 995//995 754//754
f 763//763 1006//1006 1007//1007
f 763//763 1007//1007 776//776
f 765//765 1006//1006 763//763
f 1006//1006 765//765 1008//1008
f 765//765 766//766 1008//1008
f 766//766 1009//1009 1010//1010
f 1008//1008 766//766 1010//1010
f 1010//1010 1009//1009 1011//1011
f 792//792 1012//1012 1013//1013
f 1014//1014 795//795 1015//1015
f 1016//1016 1017//1017 1018//1018
f 1017//1017 767//767 1018//1018
f 642//642 1019//1019 640//640
f 640//640 1019//1019 767//767
f 755//755 536//536 999//999
f 1001//1001 644//644 759//759
f 769//769 644//644 1001//1001
f 757//757 1020//1020 1021//1021
f 1021//1021 1020//1020 1022//1022
f 1023//1023 1024//1024 1005//1005
f 1003//1003 1005//1005 1024//1024
f 1003//1003 1024//1024 773//773
f 992//992 1003//1003 773//773
f 761//761 992//992 773//773
f 1025//1025 776//776 1007//1007
f 776//776 1025//1025 777//777
f 1009//1009 766//766 780//780
f 782//782 1009//1009 780//780
f 1009//1009 1026//1026 1011//1011
f 1009//1009 782//782 1026//1026
f 782//782 792//792 1026//1026
f 1013//1013 1026//1026 792//792
f 795//795 1014//1014 1012//1012
f 795//795 799//799 1015//1015
f 799//799 798//798 1016//1016
f 1017//1017 1016//1016 798//798
f 1017//1017 798//798 783//783
f 1017//1017 783//783 649//649
f 767//767 1017//1017 649//649
f 787//787 757//757 771//771
f 1020//1020 757//757 787//787
f 1027//1027 1022//1022 1028//1028
f 1028//1028 1022//1022 1020//1020
f 1029//1029 789//789 1023//1023
f 1023//1023 789//789 1024//1024
f 773//773 1024//1024 789//789
f 774//774 655//655 1030//1030
f 1030//1030 775//775 774//774
f 1025//1025 1031//1031 777//777
f 1031//1031 812//812 777//777
f 795//795 1012//1012 792//792
f 657//657 1032//1032 800//800
f 801//801 800//800 802//802
f 787//787 822//822 1020//1020
f 822//822 1028//1028 1020//1020
f 1029//1029 1028//1028 822//822
f 809//809 1029//1029 822//822
f 790//790 789//789 809//809
f 789//789 1029//1029 809//809
f 811//811 826//826 1033//1033
f 810//810 826//826 811//811
f 1030//1030 655//655 811//811
f 1030//1030 811//811 1033//1033
f 812//812 1031//1031 1034//1034
f 1034//1034 827//827 812//812
f 796//796 799//799 795//795
f 1035//1035 1032//1032 657//657
f 542//542 803//803 1036//1036
f 1036//1036 672//672 542//542
f 826//826 825//825 1037//1037
f 825//825 1038//1038 1037//1037
f 827//827 845//845 828//828
f 1039//1039 845//845 827//827
f 670//670 1035//1035 671//671
f 1035//1035 657//657 671//671
f 416//416 671//671 657//657
f 806//806 821//821 860//860
f 844//844 1040//1040 1041//1041
f 843//843 1040//1040 844//844
f 825//825 668//668 844//844
f 1041//1041 825//825 844//844
f 845//845 1039//1039 846//846
f 675//675 854//854 1042//1042
f 419//419 675//675 1042//1042
f 670//670 676//676 1042//1042
f 1042//1042 676//676 419//419
f 547//547 836//836 1043//1043
f 857//857 855//855 1043//1043
f 855//855 547//547 1043//1043
f 821//821 838//838 1044//1044
f 860//860 821//821 1044//1044
f 843//843 864//864 1040//1040
f 864//864 1045//1045 1040//1040
f 865//865 847//847 1046//1046
f 847//847 846//846 1046//1046
f 869//869 868//868 1047//1047
f 1047//1047 1048//1048 869//869
f 1048//1048 854//854 869//869
f 1049//1049 1050//1050 1051//1051
f 1049//1049 858//858 1050//1050
f 858//858 857//857 1050//1050
f 858//858 1044//1044 838//838
f 858//858 1049//1049 1044//1044
f 860//860 1044//1044 870//870
f 875//875 874//874 1045//1045
f 1045//1045 864//864 875//875
f 1046//1046 1052//1052 1053//1053
f 865//865 1046//1046 1053//1053
f 1054//1054 1053//1053 1055//1055
f 1054//1054 876//876 1053//1053
f 876//876 865//865 1053//1053
f 878//878 877//877 1056//1056
f 868//868 867//867 1057//1057
f 868//868 1057//1057 1058//1058
f 868//868 1058//1058 1047//1047
f 1051//1051 1059//1059 1060//1060
f 1051//1051 1060//1060 1049//1049
f 1049//1049 1060//1060 1044//1044
f 870//870 1044//1044 1060//1060
f 880//880 1061//1061 874//874
f 876//876 1054//1054 1062//1062
f 876//876 1063//1063 877//877
f 1062//1062 1063//1063 876//876
f 877//877 1063//1063 1056//1056
f 1064//1064 1060//1060 1059//1059
f 1065//1065 1064//1064 1059//1059
f 882//882 870//870 1064//1064
f 870//870 1060//1060 1064//1064
f 886//886 1066//1066 887//887
f 1061//1061 880//880 887//887
f 1066//1066 1061//1061 887//887
f 1067//1067 1068//1068 1062//1062
f 1062//1062 1068//1068 1063//1063
f 878//878 1056//1056 1069//1069
f 1069//1069 1056//1056 1063//1063
f 878//878 1069//1069 889//889
f 1057//1057 888//888 1070//1070
f 867//867 888//888 1057//1057
f 903//903 1064//1064 1065//1065
f 882//882 903//903 890//890
f 1064//1064 903//903 882//882
f 886//886 1071//1071 1072//1072
f 892//892 1071//1071 886//886
f 1072//1072 1066//1066 886//886
f 1068//1068 1067//1067 1073//1073
f 1069//1069 1063//1063 1068//1068
f 1065//1065 1074//1074 901//901
f 903//903 1065//1065 901//901
f 1073//1073 1075//1075 1076//1076
f 1073//1073 1076//1076 1068//1068
f 1068//1068 1076//1076 1069//1069
f 889//889 1076//1076 896//896
f 1069//1069 1076//1076 889//889
f 888//888 897//897 1070//1070
f 897//897 899//899 1077//1077
f 897//897 1077//1077 1070//1070
f 902//902 1078//1078 1079//1079
f 901//901 1078//1078 902//902
f 892//892 905//905 1071//1071
f 1071//1071 905//905 1080//1080
f 896//896 1076//1076 1075//1075
f 896//896 1075//1075 911//911
f 911//911 1075//1075 1081//1081
f 685//685 908//908 683//683
f 1079//1079 908//908 902//902
f 905//905 909//909 1080//1080
f 1080//1080 909//909 1082//1082
f 911//911 1081//1081 691//691
f 906//906 912//912 1083//1083
f 683//683 1084//1084 684//684
f 683//683 1085//1085 1084//1084
f 909//909 694//694 1082//1082
f 1082//1082 694//694 1086//1086
f 1081//1081 916//916 691//691
f 913//913 687//687 1087//1087
f 687//687 688//688 1087//1087
f 684//684 1084//1084 690//690
f 694//694 917//917 1086//1086
f 917//917 918//918 1086//1086
f 916//916 1088//1088 919//919
f 1089//1089 918//918 1090//1090
f 918//918 921//921 1090//1090
f 920//920 1091//1091 697//697
f 921//921 922//922 925//925
f 699//699 1092//1092 923//923
f 1091//1091 699//699 697//697
f 1092//1092 699//699 1091//1091
f 927//927 925//925 924//924
f 702//702 923//923 1093//1093
f 1093//1093 928//928 702//702
f 928//928 1094//1094 929//929
f 924//924 930//930 926//926
f 929//929 1094//1094 932//932
f 932//932 1094//1094 1095//1095
f 933//933 1096//1096 930//930
f 1096//1096 926//926 930//930
f 1095//1095 1097//1097 932//932
f 936//936 932//932 1097//1097
f 933//933 946//946 1096//1096
f 935//935 936//936 723//723
f 946//946 1098//1098 1096//1096
f 1099//1099 1098//1098 946//946
f 950//950 723//723 1100//1100
f 1100//1100 723//723 936//936
f 1101//1101 936//936 1097//1097
f 1100//1100 936//936 1101//1101
f 954//954 1099//1099 946//946
f 954//954 961//961 1099//1099
f 950//950 1100//1100 962//962
f 1102//1102 1100//1100 1101//1101
f 962//962 1100//1100 1102//1102
f 959//959 1103//1103 960//960
f 960//960 1103//1103 1104//1104
f 960//960 1104//1104 961//961
f 962//962 1102//1102 970//970
f 957//957 1105//1105 958//958
f 958//958 1106//1106 967//967
f 1105//1105 1106//1106 958//958
f 967//967 1106//1106 968//968
f 1106//1106 1107//1107 968//968
f 1107//1107 969//969 968//968
f 969//969 1103//1103 959//959
f 1104//1104 1103//1103 1108//1108
f 971//971 970//970 1109//1109
f 974//974 971//971 1109//1109
f 973//973 1105//1105 957//957
f 1106//1106 1105//1105 1110//1110
f 1107//1107 1106//1106 1111//1111
f 1112//1112 1103//1103 969//969
f 1112//1112 969//969 1107//1107
f 974//974 1109//1109 1113//1113
f 974//974 1114//1114 975//975
f 1113//1113 1114//1114 974//974
f 976//976 1115//1115 973//973
f 1105//1105 973//973 1115//1115
f 1116//1116 1105//1105 1115//1115
f 1110//1110 1105//1105 1116//1116
f 1106//1106 1110//1110 1117//1117
f 1111//1111 1106//1106 1117//1117
f 1118//1118 1107//1107 1111//1111
f 1112//1112 1107//1107 1118//1118
f 977//977 975//975 1119//1119
f 975//975 1114//1114 1119//1119
f 977//977 1120//1120 978//978
f 1119//1119 1120//1120 977//977
f 978//978 1121//1121 976//976
f 1120//1120 1121//1121 978//978
f 1121//1121 1122//1122 976//976
f 1115//1115 976//976 1122//1122
f 1123//1123 1117//1117 1110//1110
f 1111//1111 1117//1117 1124//1124
f 1114//1114 1125//1125 1119//1119
f 1126//1126 1115//1115 1122//1122
f 1116//1116 1115//1115 1126//1126
f 1127//1127 1116//1116 1126//1126
f 1110//1110 1116//1116 1127//1127
f 1123//1123 1110//1110 1127//1127
f 1119//1119 1125//1125 1128//1128
f 1120//1120 1119//1119 1128//1128
f 1122//1122 1121//1121 1129//1129
f 1129//1129 1121//1121 1120//1120
f 1130//1130 1122//1122 1129//1129
f 1126//1126 1122//1122 1130//1130
f 1127//1127 1126//1126 1130//1130
f 1129//1129 1120//1120 1128//1128
f 1131//1131 1129//1129 1128//1128
f 988//988 986//986 1132//1132
f 986//986 987//987 1132//1132
f 1132//1132 987//987 1133//1133
f 1133//1133 987//987 743//743
f 988//988 1134//1134 744//744
f 744//744 1134//1134 989//989
f 743//743 990//990 1133//1133
f 1134//1134 1135//1135 989//989
f 1136//1136 1133//1133 990//990
f 989//989 1135//1135 1137//1137
f 747//747 989//989 1137//1137
f 990//990 746//746 1138//1138
f 747//747 1137//1137 991//991
f 746//746 631//631 1138//1138
f 749//749 991//991 1139//1139
f 1139//1139 991//991 1137//1137
f 1138//1138 631//631 1140//1140
f 1141//1141 1142//1142 1143//1143
f 1139//1139 996//996 749//749
f 1144//1144 996//996 1139//1139
f 631//631 750//750 1140//1140
f 1145//1145 1021//1021 1146//1146
f 752//752 1147//1147 993//993
f 752//752 994//994 1147//1147
f 1148//1148 994//994 995//995
f 1006//1006 1149//1149 1007//1007
f 1150//1150 1143//1143 1151//1151
f 1143//1143 1150//1150 1141//1141
f 1141//1141 1150//1150 1013//1013
f 1014//1014 1141//1141 1013//1013
f 1016//1016 1152//1152 1153//1153
f 1154//1154 1016//1016 1153//1153
f 1019//1019 642//642 997//997
f 1019//1019 997//997 1155//1155
f 1155//1155 997//997 996//996
f 750//750 998//998 1140//1140
f 1000//1000 1156//1156 1001//1001
f 758//758 1021//1021 1157//1157
f 758//758 1157//1157 1002//1002
f 1145//1145 1157//1157 1021//1021
f 1022//1022 1146//1146 1021//1021
f 1022//1022 1027//1027 1158//1158
f 1146//1146 1022//1022 1158//1158
f 1158//1158 1027//1027 1159//1159
f 1005//1005 1004//1004 1160//1160
f 1160//1160 1004//1004 1161//1161
f 993//993 1162//1162 1004//1004
f 1004//1004 1162//1162 1161//1161
f 995//995 1163//1163 1148//1148
f 762//762 1163//1163 995//995
f 1164//1164 1163//1163 762//762
f 1006//1006 1165//1165 1149//1149
f 1008//1008 1165//1165 1006//1006
f 1008//1008 1166//1166 1165//1165
f 1010//1010 1166//1166 1008//1008
f 1010//1010 1167//1167 1166//1166
f 1011//1011 1167//1167 1010//1010
f 1167//1167 1011//1011 1151//1151
f 1150//1150 1151//1151 1011//1011
f 1150//1150 1011//1011 1013//1013
f 1014//1014 1013//1013 1012//1012
f 1015//1015 1154//1154 1168//1168
f 1152//1152 1016//1016 1018//1018
f 1169//1169 1152//1152 1018//1018
f 1018//1018 767//767 1169//1169
f 1169//1169 767//767 1019//1019
f 536//536 1170//1170 999//999
f 536//536 768//768 1170//1170
f 769//769 1171//1171 768//768
f 758//758 757//757 1021//1021
f 1159//1159 1027//1027 1172//1172
f 1172//1172 1023//1023 1005//1005
f 762//762 775//775 1164//1164
f 1007//1007 1173//1173 1025//1025
f 1013//1013 1011//1011 1026//1026
f 1154//1154 1015//1015 799//799
f 1016//1016 1154//1154 799//799
f 1029//1029 1027//1027 1028//1028
f 1172//1172 1027//1027 1029//1029
f 1023//1023 1172//1172 1029//1029
f 775//775 1174//1174 1164//1164
f 1030//1030 1174//1174 775//775
f 1025//1025 1173//1173 1031//1031
f 1032//1032 1175//1175 1176//1176
f 800//800 1032//1032 1176//1176
f 802//802 800//800 1177//1177
f 800//800 1176//1176 1177//1177
f 803//803 802//802 1178//1178
f 802//802 1177//1177 1178//1178
f 1179//1179 803//803 1178//1178
f 1030//1030 1033//1033 1174//1174
f 1033//1033 1180//1180 1174//1174
f 1034//1034 1031//1031 1181//1181
f 1182//1182 1034//1034 1181//1181
f 1175//1175 1032//1032 1035//1035
f 803//803 1179//1179 1036//1036
f 1038//1038 1183//1183 1184//1184
f 1037//1037 1038//1038 1185//1185
f 1038//1038 1184//1184 1185//1185
f 1033//1033 826//826 1037//1037
f 1185//1185 1033//1033 1037//1037
f 1034//1034 1182//1182 1186//1186
f 827//827 1034//1034 1186//1186
f 1186//1186 1039//1039 827//827
f 670//670 1187//1187 1035//1035
f 1036//1036 836//836 672//672
f 1040//1040 1183//1183 1041//1041
f 1183//1183 1038//1038 1041//1041
f 825//825 1041//1041 1038//1038
f 846//846 1039//1039 1188//1188
f 1039//1039 1186//1186 1188//1188
f 1188//1188 1189//1189 846//846
f 1042//1042 1190//1190 1191//1191
f 854//854 1190//1190 1042//1042
f 1191//1191 670//670 1042//1042
f 1043//1043 836//836 1192//1192
f 1045//1045 1193//1193 1040//1040
f 1046//1046 846//846 1189//1189
f 1189//1189 1052//1052 1046//1046
f 1194//1194 1052//1052 1189//1189
f 1048//1048 1195//1195 1196//1196
f 1047//1047 1195//1195 1048//1048
f 1190//1190 854//854 1048//1048
f 1196//1196 1190//1190 1048//1048
f 1043//1043 1192//1192 1197//1197
f 857//857 1043//1043 1197//1197
f 1051//1051 1197//1197 1198//1198
f 1051//1051 1050//1050 1197//1197
f 1050//1050 857//857 1197//1197
f 1045//1045 1199//1199 1193//1193
f 874//874 1199//1199 1045//1045
f 1053//1053 1052//1052 1200//1200
f 1200//1200 1055//1055 1053//1053
f 1051//1051 1198//1198 1201//1201
f 1051//1051 1201//1201 1202//1202
f 1051//1051 1202//1202 1059//1059
f 874//874 1061//1061 1199//1199
f 1055//1055 1062//1062 1054//1054
f 1203//1203 1062//1062 1055//1055
f 1066//1066 1204//1204 1199//1199
f 1199//1199 1061//1061 1066//1066
f 1062//1062 1203//1203 1205//1205
f 1067//1067 1062//1062 1205//1205
f 1058//1058 1057//1057 1206//1206
f 1204//1204 1066//1066 1072//1072
f 1207//1207 1204//1204 1072//1072
f 1073//1073 1067//1067 1205//1205
f 1206//1206 1070//1070 1077//1077
f 1206//1206 1057//1057 1070//1070
f 901//901 1074//1074 1078//1078
f 1072//1072 1071//1071 1208//1208
f 1073//1073 1205//1205 1209//1209
f 1075//1075 1209//1209 1210//1210
f 1073//1073 1209//1209 1075//1075
f 1077//1077 899//899 1211//1211
f 1080//1080 1208//1208 1071//1071
f 1211//1211 899//899 1083//1083
f 899//899 906//906 1083//1083
f 683//683 908//908 1085//1085
f 1085//1085 908//908 1079//1079
f 1081//1081 1075//1075 1210//1210
f 1212//1212 1081//1081 1210//1210
f 912//912 1213//1213 1083//1083
f 1087//1087 912//912 913//913
f 1081//1081 1212//1212 916//916
f 916//916 1212//1212 1088//1088
f 688//688 1214//1214 1087//1087
f 914//914 1215//1215 688//688
f 688//688 1215//1215 1214//1214
f 915//915 1216//1216 914//914
f 914//914 1216//1216 1215//1215
f 690//690 1216//1216 915//915
f 690//690 1084//1084 1216//1216
f 1089//1089 1086//1086 918//918
f 1088//1088 1217//1217 919//919
f 1217//1217 1218//1218 919//919
f 920//920 1219//1219 1091//1091
f 1218//1218 920//920 919//919
f 1219//1219 920//920 1218//1218
f 921//921 925//925 1090//1090
f 925//925 927//927 1220//1220
f 923//923 1092//1092 1093//1093
f 1092//1092 1221//1221 1093//1093
f 1222//1222 1220//1220 927//927
f 927//927 926//926 1222//1222
f 928//928 1093//1093 1094//1094
f 1093//1093 1221//1221 1094//1094
f 926//926 1223//1223 1222//1222
f 1094//1094 1224//1224 1095//1095
f 926//926 1096//1096 1223//1223
f 1223//1223 1096//1096 1225//1225
f 1095//1095 1224//1224 1097//1097
f 1097//1097 1224//1224 1226//1226
f 1096//1096 1098//1098 1225//1225
f 1227//1227 1225//1225 1098//1098
f 1228//1228 1097//1097 1226//1226
f 1097//1097 1228//1228 1101//1101
f 1099//1099 1227//1227 1098//1098
f 1228//1228 1229//1229 1101//1101
f 1229//1229 1228//1228 1230//1230
f 1231//1231 1227//1227 1099//1099
f 1101//1101 1229//1229 1102//1102
f 1104//1104 1231//1231 1099//1099
f 961//961 1104//1104 1099//1099
f 1232//1232 1102//1102 1229//1229
f 1231//1231 1104//1104 1108//1108
f 1233//1233 1231//1231 1108//1108
f 1102//1102 1232//1232 1234//1234
f 1102//1102 1234//1234 970//970
f 970//970 1234//1234 1109//1109
f 1103//1103 1235//1235 1108//1108
f 1108//1108 1235//1235 1233//1233
f 1109//1109 1234//1234 1236//1236
f 1113//1113 1109//1109 1236//1236
f 1237//1237 1235//1235 1103//1103
f 1237//1237 1103//1103 1238//1238
f 1238//1238 1103//1103 1112//1112
f 1123//1123 1124//1124 1117//1117
f 1124//1124 1239//1239 1111//1111
f 1111//1111 1239//1239 1118//1118
f 1239//1239 1240//1240 1118//1118
f 1238//1238 1112//1112 1240//1240
f 1240//1240 1112//1112 1118//1118
f 1113//1113 1236//1236 1241//1241
f 1114//1114 1113//1113 1241//1241
f 1241//1241 1125//1125 1114//1114
f 1127//1127 1242//1242 1123//1123
f 1124//1124 1123//1123 1242//1242
f 1239//1239 1124//1124 1242//1242
f 1243//1243 1128//1128 1125//1125
f 1131//1131 1244//1244 1129//1129
f 1129//1129 1244//1244 1130//1130
f 1244//1244 1245//1245 1130//1130
f 1130//1130 1245//1245 1127//1127
f 1245//1245 1246//1246 1127//1127
f 1242//1242 1127//1127 1247//1247
f 1247//1247 1127//1127 1246//1246
f 1239//1239 1242//1242 1248//1248
f 1240//1240 1239//1239 1248//1248
f 1128//1128 1243//1243 1249//1249
f 1250//1250 1249//1249 1251//1251
f 1250//1250 1131//1131 1249//1249
f 1131//1131 1128//1128 1249//1249
f 1245//1245 1244//1244 1252//1252
f 1252//1252 1244//1244 1131//1131
f 1252//1252 1253//1253 1245//1245
f 1246//1246 1245//1245 1253//1253
f 1254//1254 1246//1246 1253//1253
f 1255//1255 1246//1246 1254//1254
f 1247//1247 1246//1246 1255//1255
f 1256//1256 1247//1247 1255//1255
f 1242//1242 1247//1247 1256//1256
f 1248//1248 1242//1242 1256//1256
f 1257//1257 1131//1131 1250//1250
f 1252//1252 1131//1131 1257//1257
f 988//988 1258//1258 1134//1134
f 988//988 1132//1132 1258//1258
f 1258//1258 1132//1132 1259//1259
f 1132//1132 1133//1133 1259//1259
f 1134//1134 1258//1258 1135//1135
f 1259//1259 1260//1260 1258//1258
f 1133//1133 1136//1136 1260//1260
f 1259//1259 1133//1133 1260//1260
f 1261//1261 1262//1262 1263//1263
f 1263//1263 1262//1262 1264//1264
f 1135//1135 1265//1265 1137//1137
f 1135//1135 1258//1258 1265//1265
f 1265//1265 1258//1258 1266//1266
f 1260//1260 1266//1266 1258//1258
f 990//990 1138//1138 1136//1136
f 1267//1267 1268//1268 1269//1269
f 1268//1268 1267//1267 1261//1261
f 1261//1261 1267//1267 1270//1270
f 1262//1262 1261//1261 1271//1271
f 1271//1271 1261//1261 1270//1270
f 1260//1260 1272//1272 1266//1266
f 1136//1136 1273//1273 1260//1260
f 1273//1273 1272//1272 1260//1260
f 1136//1136 1138//1138 1273//1273
f 1274//1274 1145//1145 1275//1275
f 1269//1269 1276//1276 1142//1142
f 1269//1269 1142//1142 1267//1267
f 1277//1277 1278//1278 1279//1279
f 1137//1137 1280//1280 1139//1139
f 1137//1137 1281//1281 1280//1280
f 1137//1137 1265//1265 1281//1281
f 1266//1266 1281//1281 1265//1265
f 1282//1282 1281//1281 1266//1266
f 1272//1272 1282//1282 1266//1266
f 1272//1272 1273//1273 1283//1283
f 1138//1138 1140//1140 1273//1273
f 1274//1274 1284//1284 1285//1285
f 1274//1274 1285//1285 1145//1145
f 1275//1275 1145//1145 1146//1146
f 1286//1286 1275//1275 1146//1146
f 1142//1142 1276//1276 1143//1143
f 1143//1143 1276//1276 1287//1287
f 1267//1267 1142//1142 1141//1141
f 1014//1014 1267//1267 1141//1141
f 1014//1014 1270//1270 1267//1267
f 1168//1168 1271//1271 1270//1270
f 1279//1279 1262//1262 1288//1288
f 1288//1288 1262//1262 1271//1271
f 1277//1277 1279//1279 1288//1288
f 1289//1289 1278//1278 1277//1277
f 1139//1139 1280//1280 1144//1144
f 1273//1273 1290//1290 1283//1283
f 1290//1290 1273//1273 1140//1140
f 1285//1285 1284//1284 1157//1157
f 1145//1145 1285//1285 1157//1157
f 1291//1291 1292//1292 1286//1286
f 1147//1147 994//994 1293//1293
f 1293//1293 994//994 1148//1148
f 1173//1173 1007//1007 1149//1149
f 1151//1151 1143//1143 1294//1294
f 1294//1294 1143//1143 1287//1287
f 1014//1014 1015//1015 1270//1270
f 1168//1168 1270//1270 1015//1015
f 1288//1288 1271//1271 1168//1168
f 1154//1154 1288//1288 1168//1168
f 1153//1153 1288//1288 1154//1154
f 1277//1277 1288//1288 1153//1153
f 1277//1277 1295//1295 1289//1289
f 1277//1277 1153//1153 1295//1295
f 1153//1153 1152//1152 1295//1295
f 1169//1169 1296//1296 1152//1152
f 1152//1152 1296//1296 1295//1295
f 1169//1169 1019//1019 1296//1296
f 1296//1296 1019//1019 1297//1297
f 1155//1155 1298//1298 1019//1019
f 1019//1019 1298//1298 1297//1297
f 1144//1144 1155//1155 996//996
f 1144//1144 1298//1298 1155//1155
f 1290//1290 1140//1140 998//998
f 998//998 999//999 1290//1290
f 1299//1299 1300//1300 1000//1000
f 1300//1300 1156//1156 1000//1000
f 1002//1002 1299//1299 1000//1000
f 1284//1284 1299//1299 1002//1002
f 1157//1157 1284//1284 1002//1002
f 1286//1286 1146//1146 1158//1158
f 1158//1158 1159//1159 1301//1301
f 1158//1158 1301//1301 1291//1291
f 1158//1158 1291//1291 1286//1286
f 1301//1301 1159//1159 1302//1302
f 1302//1302 1303//1303 1304//1304
f 1304//1304 1303//1303 1160//1160
f 1303//1303 1005//1005 1160//1160
f 1161//1161 1305//1305 1160//1160
f 1162//1162 1305//1305 1161//1161
f 1147//1147 1162//1162 993//993
f 1147//1147 1306//1306 1162//1162
f 1306//1306 1305//1305 1162//1162
f 1293//1293 1306//1306 1147//1147
f 1148//1148 1307//1307 1293//1293
f 1308//1308 1307//1307 1148//1148
f 1163//1163 1309//1309 1308//1308
f 1163//1163 1308//1308 1148//1148
f 1163//1163 1164//1164 1309//1309
f 1149//1149 1310//1310 1173//1173
f 1149//1149 1311//1311 1310//1310
f 1149//1149 1165//1165 1311//1311
f 1166//1166 1312//1312 1165//1165
f 1165//1165 1312//1312 1311//1311
f 1313//1313 1314//1314 1312//1312
f 1313//1313 1312//1312 1167//1167
f 1167//1167 1312//1312 1166//1166
f 1315//1315 1313//1313 1167//1167
f 1315//1315 1167//1167 1151//1151
f 1315//1315 1151//1151 1294//1294
f 768//768 1171//1171 1170//1170
f 769//769 1316//1316 1171//1171
f 1156//1156 769//769 1001//1001
f 1316//1316 769//769 1156//1156
f 1302//1302 1159//1159 1172//1172
f 1303//1303 1302//1302 1172//1172
f 1005//1005 1303//1303 1172//1172
f 1309//1309 1317//1317 1308//1308
f 1309//1309 1164//1164 1317//1317
f 1310//1310 1318//1318 1173//1173
f 1318//1318 1181//1181 1173//1173
f 1319//1319 1314//1314 1313//1313
f 1315//1315 1319//1319 1313//1313
f 1320//1320 1321//1321 1322//1322
f 1320//1320 1323//1323 1324//1324
f 1322//1322 1323//1323 1320//1320
f 1323//1323 1325//1325 1324//1324
f 1317//1317 1174//1174 1326//1326
f 1317//1317 1164//1164 1174//1174
f 1173//1173 1181//1181 1031//1031
f 1181//1181 1318//1318 1327//1327
f 1328//1328 1329//1329 1330//1330
f 1330//1330 1321//1321 1328//1328
f 1320//1320 1328//1328 1321//1321
f 1320//1320 1175//1175 1328//1328
f 1320//1320 1176//1176 1175//1175
f 1177//1177 1176//1176 1320//1320
f 1324//1324 1177//1177 1320//1320
f 1178//1178 1177//1177 1324//1324
f 1178//1178 1325//1325 1179//1179
f 1178//1178 1324//1324 1325//1325
f 1331//1331 1326//1326 1180//1180
f 1326//1326 1174//1174 1180//1180
f 1181//1181 1327//1327 1182//1182
f 1182//1182 1332//1332 1333//1333
f 1328//1328 1334//1334 1329//1329
f 1328//1328 1035//1035 1334//1334
f 1328//1328 1175//1175 1035//1035
f 1179//1179 1335//1335 1036//1036
f 1336//1336 1331//1331 1184//1184
f 1185//1185 1184//1184 1331//1331
f 1180//1180 1185//1185 1331//1331
f 1033//1033 1185//1185 1180//1180
f 1186//1186 1182//1182 1333//1333
f 1333//1333 1337//1337 1186//1186
f 1334//1334 1035//1035 1187//1187
f 1036//1036 1335//1335 1338//1338
f 836//836 1036//1036 1338//1338
f 1339//1339 1183//1183 1040//1040
f 1339//1339 1336//1336 1183//1183
f 1184//1184 1183//1183 1336//1336
f 1188//1188 1186//1186 1337//1337
f 1337//1337 1340//1340 1188//1188
f 1341//1341 1187//1187 1191//1191
f 1187//1187 670//670 1191//1191
f 1342//1342 1192//1192 836//836
f 1339//1339 1343//1343 1344//1344
f 1339//1339 1040//1040 1193//1193
f 1188//1188 1340//1340 1345//1345
f 1188//1188 1345//1345 1189//1189
f 1345//1345 1194//1194 1189//1189
f 1190//1190 1196//1196 1341//1341
f 1190//1190 1341//1341 1191//1191
f 1192//1192 1342//1342 1198//1198
f 1197//1197 1192//1192 1198//1198
f 1346//1346 1343//1343 1193//1193
f 1343//1343 1339//1339 1193//1193
f 1200//1200 1052//1052 1194//1194
f 1347//1347 1200//1200 1194//1194
f 1198//1198 1348//1348 1201//1201
f 1193//1193 1199//1199 1346//1346
f 1055//1055 1200//1200 1347//1347
f 1347//1347 1203//1203 1055//1055
f 1058//1058 1349//1349 1047//1047
f 1047//1047 1349//1349 1195//1195
f 1059//1059 1202//1202 1074//1074
f 1199//1199 1350//1350 1346//1346
f 1199//1199 1204//1204 1350//1350
f 1206//1206 1349//1349 1058//1058
f 1065//1065 1059//1059 1074//1074
f 1350//1350 1204//1204 1207//1207
f 1351//1351 1350//1350 1207//1207
f 1352//1352 1205//1205 1203//1203
f 1077//1077 1353//1353 1206//1206
f 1072//1072 1208//1208 1207//1207
f 1207//1207 1208//1208 1354//1354
f 1209//1209 1205//1205 1352//1352
f 1077//1077 1211//1211 1353//1353
f 1354//1354 1208//1208 1080//1080
f 1209//1209 1352//1352 1210//1210
f 1355//1355 1085//1085 1079//1079
f 1082//1082 1356//1356 1080//1080
f 1210//1210 1357//1357 1212//1212
f 912//912 1087//1087 1213//1213
f 1216//1216 1084//1084 1358//1358
f 1358//1358 1084//1084 1359//1359
f 1359//1359 1084//1084 1085//1085
f 1360//1360 1356//1356 1082//1082
f 1082//1082 1086//1086 1360//1360
f 1212//1212 1357//1357 1088//1088
f 1088//1088 1357//1357 1217//1217
f 1360//1360 1086//1086 1361//1361
f 1089//1089 1361//1361 1086//1086
f 1362//1362 1089//1089 1090//1090
f 1363//1363 1219//1219 1218//1218
f 925//925 1220//1220 1090//1090
f 1220//1220 1362//1362 1090//1090
f 1219//1219 1364//1364 1092//1092
f 1091//1091 1219//1219 1092//1092
f 1364//1364 1219//1219 1363//1363
f 1092//1092 1364//1364 1221//1221
f 1364//1364 1365//1365 1221//1221
f 1365//1365 1364//1364 1363//1363
f 1366//1366 1220//1220 1222//1222
f 1221//1221 1367//1367 1094//1094
f 1365//1365 1367//1367 1221//1221
f 1368//1368 1365//1365 1363//1363
f 1367//1367 1365//1365 1368//1368
f 1223//1223 1369//1369 1222//1222
f 1370//1370 1369//1369 1223//1223
f 1094//1094 1367//1367 1224//1224
f 1367//1367 1371//1371 1224//1224
f 1371//1371 1367//1367 1368//1368
f 1223//1223 1225//1225 1370//1370
f 1371//1371 1226//1226 1224//1224
f 1370//1370 1225//1225 1372//1372
f 1372//1372 1225//1225 1373//1373
f 1374//1374 1226//1226 1371//1371
f 1225//1225 1227//1227 1373//1373
f 1226//1226 1375//1375 1228//1228
f 1226//1226 1376//1376 1375//1375
f 1376//1376 1226//1226 1374//1374
f 1377//1377 1373//1373 1378//1378
f 1227//1227 1378//1378 1373//1373
f 1375//1375 1230//1230 1228//1228
f 1376//1376 1379//1379 1375//1375
f 1379//1379 1230//1230 1375//1375
f 1380//1380 1376//1376 1374//1374
f 1379//1379 1376//1376 1380//1380
f 1381//1381 1377//1377 1378//1378
f 1227//1227 1381//1381 1378//1378
f 1227//1227 1231//1231 1381//1381
f 1230//1230 1232//1232 1229//1229
f 1379//1379 1232//1232 1230//1230
f 1380//1380 1382//1382 1379//1379
f 1383//1383 1377//1377 1381//1381
f 1379//1379 1384//1384 1232//1232
f 1385//1385 1384//1384 1379//1379
f 1385//1385 1379//1379 1382//1382
f 1383//1383 1386//1386 1377//1377
f 1231//1231 1233//1233 1381//1381
f 1234//1234 1232//1232 1384//1384
f 1385//1385 1387//1387 1384//1384
f 1387//1387 1234//1234 1384//1384
f 1382//1382 1387//1387 1385//1385
f 1382//1382 1388//1388 1387//1387
f 1389//1389 1386//1386 1383//1383
f 1381//1381 1235//1235 1383//1383
f 1381//1381 1233//1233 1235//1235
f 1236//1236 1234//1234 1387//1387
f 1390//1390 1236//1236 1387//1387
f 1388//1388 1390//1390 1387//1387
f 1388//1388 1391//1391 1390//1390
f 1389//1389 1383//1383 1392//1392
f 1383//1383 1237//1237 1392//1392
f 1235//1235 1237//1237 1383//1383
f 1393//1393 1236//1236 1390//1390
f 1394//1394 1393//1393 1390//1390
f 1238//1238 1395//1395 1237//1237
f 1237//1237 1395//1395 1392//1392
f 1236//1236 1393//1393 1241//1241
f 1396//1396 1393//1393 1394//1394
f 1240//1240 1397//1397 1238//1238
f 1395//1395 1398//1398 1392//1392
f 1395//1395 1238//1238 1398//1398
f 1397//1397 1398//1398 1238//1238
f 1241//1241 1393//1393 1125//1125
f 1243//1243 1125//1125 1393//1393
f 1243//1243 1393//1393 1396//1396
f 1251//1251 1243//1243 1396//1396
f 1396//1396 1399//1399 1251//1251
f 1240//1240 1248//1248 1397//1397
f 1251//1251 1249//1249 1243//1243
f 1400//1400 1251//1251 1399//1399
f 1400//1400 1401//1401 1402//1402
f 1402//1402 1401//1401 1253//1253
f 1254//1254 1253//1253 1401//1401
f 1403//1403 1255//1255 1254//1254
f 1404//1404 1255//1255 1403//1403
f 1255//1255 1404//1404 1256//1256
f 1248//1248 1256//1256 1405//1405
f 1397//1397 1248//1248 1405//1405
f 1400//1400 1250//1250 1251//1251
f 1257//1257 1250//1250 1400//1400
f 1402//1402 1257//1257 1400//1400
f 1253//1253 1257//1257 1402//1402
f 1254//1254 1401//1401 1406//1406
f 1252//1252 1257//1257 1253//1253
f 1403//1403 1254//1254 1406//1406
f 1407//1407 1256//1256 1404//1404
f 1263//1263 1408//1408 1409//1409
f 1408//1408 1263//1263 1410//1410
f 1263//1263 1409//1409 1268//1268
f 1263//1263 1268//1268 1261//1261
f 1263//1263 1264//1264 1410//1410
f 1411//1411 1274//1274 1412//1412
f 1268//1268 1409//1409 1269//1269
f 1269//1269 1409//1409 1413//1413
f 1279//1279 1264//1264 1262//1262
f 1414//1414 1264//1264 1279//1279
f 1279//1279 1278//1278 1414//1414
f 1278//1278 1415//1415 1414//1414
f 1412//1412 1274//1274 1275//1275
f 1275//1275 1286//1286 1412//1412
f 1412//1412 1286//1286 1292//1292
f 1416//1416 1412//1412 1292//1292
f 1276//1276 1413//1413 1287//1287
f 1276//1276 1269//1269 1413//1413
f 1278//1278 1417//1417 1415//1415
f 1272//1272 1283//1283 1282//1282
f 1299//1299 1284//1284 1418//1418
f 1418//1418 1284//1284 1274//1274
f 1419//1419 1416//1416 1292//1292
f 1420//1420 1287//1287 1413//1413
f 1278//1278 1289//1289 1417//1417
f 1289//1289 1421//1421 1417//1417
f 1280//1280 1422//1422 1144//1144
f 1280//1280 1281//1281 1422//1422
f 1422//1422 1281//1281 1423//1423
f 1282//1282 1423//1423 1281//1281
f 1299//1299 1424//1424 1300//1300
f 1419//1419 1292//1292 1425//1425
f 1425//1425 1292//1292 1291//1291
f 1294//1294 1426//1426 1427//1427
f 1287//1287 1426//1426 1294//1294
f 1287//1287 1420//1420 1426//1426
f 1289//1289 1295//1295 1421//1421
f 1421//1421 1428//1428 1429//1429
f 1421//1421 1295//1295 1428//1428
f 1295//1295 1296//1296 1428//1428
f 1430//1430 1428//1428 1297//1297
f 1297//1297 1428//1428 1296//1296
f 1297//1297 1298//1298 1431//1431
f 1430//1430 1297//1297 1431//1431
f 1431//1431 1298//1298 1432//1432
f 1298//1298 1144//1144 1422//1422
f 1298//1298 1422//1422 1432//1432
f 1432//1432 1422//1422 1433//1433
f 1423//1423 1434//1434 1422//1422
f 1434//1434 1433//1433 1422//1422
f 1282//1282 1435//1435 1423//1423
f 1435//1435 1434//1434 1423//1423
f 1283//1283 1435//1435 1282//1282
f 1436//1436 1156//1156 1300//1300
f 1291//1291 1437//1437 1425//1425
f 1301//1301 1437//1437 1291//1291
f 1302//1302 1438//1438 1301//1301
f 1301//1301 1438//1438 1437//1437
f 1439//1439 1438//1438 1304//1304
f 1304//1304 1438//1438 1302//1302
f 1304//1304 1160//1160 1439//1439
f 1160//1160 1305//1305 1440//1440
f 1439//1439 1160//1160 1440//1440
f 1441//1441 1440//1440 1305//1305
f 1306//1306 1441//1441 1305//1305
f 1293//1293 1307//1307 1306//1306
f 1306//1306 1307//1307 1441//1441
f 1442//1442 1307//1307 1308//1308
f 1311//1311 1312//1312 1443//1443
f 1312//1312 1314//1314 1443//1443
f 1315//1315 1294//1294 1427//1427
f 1315//1315 1427//1427 1319//1319
f 1319//1319 1427//1427 1444//1444
f 1444//1444 1427//1427 1426//1426
f 1431//1431 1445//1445 1430//1430
f 1446//1446 1445//1445 1431//1431
f 1431//1431 1432//1432 1446//1446
f 1433//1433 1446//1446 1432//1432
f 1434//1434 1447//1447 1433//1433
f 1448//1448 1447//1447 1434//1434
f 1435//1435 1448//1448 1434//1434
f 1290//1290 999//999 1449//1449
f 1290//1290 1449//1449 1283//1283
f 1283//1283 1449//1449 1435//1435
f 999//999 1170//1170 1450//1450
f 1449//1449 999//999 1450//1450
f 1450//1450 1170//1170 1451//1451
f 1451//1451 1170//1170 1171//1171
f 1171//1171 1316//1316 1451//1451
f 1156//1156 1436//1436 1316//1316
f 1452//1452 1453//1453 1439//1439
f 1440//1440 1452//1452 1439//1439
f 1454//1454 1452//1452 1440//1440
f 1441//1441 1454//1454 1440//1440
f 1455//1455 1442//1442 1456//1456
f 1442//1442 1308//1308 1456//1456
f 1308//1308 1317//1317 1456//1456
f 1310//1310 1457//1457 1318//1318
f 1311//1311 1458//1458 1310//1310
f 1458//1458 1457//1457 1310//1310
f 1458//1458 1443//1443 1459//1459
f 1458//1458 1311//1311 1443//1443
f 1314//1314 1459//1459 1443//1443
f 1319//1319 1459//1459 1314//1314
f 1460//1460 1459//1459 1319//1319
f 1444//1444 1460//1460 1319//1319
f 1461//1461 1462//1462 1446//1446
f 1330//1330 1462//1462 1461//1461
f 1433//1433 1461//1461 1446//1446
f 1322//1322 1321//1321 1461//1461
f 1322//1322 1461//1461 1447//1447
f 1447//1447 1461//1461 1433//1433
f 1448//1448 1322//1322 1447//1447
f 1323//1323 1322//1322 1448//1448
f 1435//1435 1323//1323 1448//1448
f 1463//1463 1435//1435 1449//1449
f 1463//1463 1325//1325 1435//1435
f 1463//1463 1464//1464 1325//1325
f 1323//1323 1435//1435 1325//1325
f 1450//1450 1463//1463 1449//1449
f 1455//1455 1456//1456 1465//1465
f 1456//1456 1326//1326 1465//1465
f 1317//1317 1326//1326 1456//1456
f 1318//1318 1457//1457 1327//1327
f 1457//1457 1458//1458 1466//1466
f 1321//1321 1330//1330 1461//1461
f 1179//1179 1325//1325 1464//1464
f 1331//1331 1467//1467 1468//1468
f 1465//1465 1331//1331 1468//1468
f 1326//1326 1331//1331 1465//1465
f 1332//1332 1182//1182 1327//1327
f 1457//1457 1332//1332 1327//1327
f 1332//1332 1466//1466 1333//1333
f 1332//1332 1457//1457 1466//1466
f 1335//1335 1179//1179 1469//1469
f 1336//1336 1470//1470 1471//1471
f 1467//1467 1331//1331 1471//1471
f 1471//1471 1331//1331 1336//1336
f 1333//1333 1472//1472 1337//1337
f 1334//1334 1473//1473 1329//1329
f 1187//1187 1473//1473 1334//1334
f 1339//1339 1344//1344 1470//1470
f 1470//1470 1336//1336 1339//1339
f 1337//1337 1472//1472 1340//1340
f 1187//1187 1341//1341 1473//1473
f 1338//1338 1342//1342 836//836
f 1340//1340 1474//1474 1345//1345
f 1196//1196 1475//1475 1341//1341
f 1198//1198 1342//1342 1476//1476
f 1476//1476 1348//1348 1198//1198
f 1343//1343 1346//1346 1477//1477
f 1343//1343 1477//1477 1344//1344
f 1345//1345 1474//1474 1478//1478
f 1345//1345 1478//1478 1194//1194
f 1478//1478 1347//1347 1194//1194
f 1195//1195 1349//1349 1479//1479
f 1195//1195 1479//1479 1196//1196
f 1196//1196 1479//1479 1475//1475
f 1202//1202 1201//1201 1348//1348
f 1202//1202 1348//1348 1480//1480
f 1346//1346 1481//1481 1477//1477
f 1350//1350 1481//1481 1346//1346
f 1347//1347 1478//1478 1482//1482
f 1482//1482 1203//1203 1347//1347
f 1483//1483 1203//1203 1482//1482
f 1484//1484 1479//1479 1349//1349
f 1485//1485 1202//1202 1480//1480
f 1202//1202 1485//1485 1074//1074
f 1351//1351 1486//1486 1481//1481
f 1351//1351 1481//1481 1350//1350
f 1349//1349 1206//1206 1484//1484
f 1206//1206 1487//1487 1484//1484
f 1488//1488 1489//1489 1485//1485
f 1485//1485 1489//1489 1074//1074
f 1207//1207 1354//1354 1351//1351
f 1490//1490 1352//1352 1203//1203
f 1206//1206 1353//1353 1487//1487
f 1487//1487 1353//1353 1491//1491
f 1078//1078 1488//1488 1492//1492
f 1489//1489 1488//1488 1078//1078
f 1074//1074 1489//1489 1078//1078
f 1490//1490 1493//1493 1352//1352
f 1353//1353 1211//1211 1491//1491
f 1079//1079 1492//1492 1355//1355
f 1078//1078 1492//1492 1079//1079
f 1356//1356 1354//1354 1080//1080
f 1210//1210 1352//1352 1494//1494
f 1494//1494 1352//1352 1493//1493
f 1083//1083 1495//1495 1211//1211
f 1495//1495 1083//1083 1213//1213
f 1085//1085 1355//1355 1496//1496
f 1494//1494 1357//1357 1210//1210
f 1087//1087 1214//1214 1213//1213
f 1496//1496 1359//1359 1085//1085
f 1356//1356 1360//1360 1497//1497
f 1357//1357 1498//1498 1217//1217
f 1360//1360 1361//1361 1499//1499
f 1217//1217 1498//1498 1218//1218
f 1498//1498 1500//1500 1218//1218
f 1362//1362 1361//1361 1089//1089
f 1362//1362 1501//1501 1361//1361
f 1501//1501 1499//1499 1361//1361
f 1218//1218 1500//1500 1363//1363
f 1362//1362 1220//1220 1502//1502
f 1220//1220 1366//1366 1502//1502
f 1500//1500 1503//1503 1363//1363
f 1363//1363 1503//1503 1368//1368
f 1366//1366 1222//1222 1369//1369
f 1504//1504 1366//1366 1369//1369
f 1503//1503 1505//1505 1368//1368
f 1369//1369 1370//1370 1504//1504
f 1504//1504 1370//1370 1372//1372
f 1368//1368 1505//1505 1371//1371
f 1506//1506 1504//1504 1372//1372
f 1505//1505 1507//1507 1371//1371
f 1372//1372 1373//1373 1506//1506
f 1507//1507 1374//1374 1371//1371
f 1377//1377 1506//1506 1373//1373
f 1374//1374 1507//1507 1508//1508
f 1377//1377 1509//1509 1506//1506
f 1377//1377 1510//1510 1509//1509
f 1374//1374 1508//1508 1380//1380
f 1380//1380 1508//1508 1511//1511
f 1510//1510 1386//1386 1512//1512
f 1510//1510 1377//1377 1386//1386
f 1386//1386 1513//1513 1512//1512
f 1382//1382 1514//1514 1388//1388
f 1382//1382 1380//1380 1514//1514
f 1389//1389 1515//1515 1513//1513
f 1513//1513 1386//1386 1389//1389
f 1516//1516 1517//1517 1515//1515
f 1515//1515 1389//1389 1516//1516
f 1390//1390 1391//1391 1394//1394
f 1392//1392 1516//1516 1389//1389
f 1396//1396 1394//1394 1518//1518
f 1517//1517 1519//1519 1520//1520
f 1516//1516 1519//1519 1517//1517
f 1398//1398 1519//1519 1516//1516
f 1392//1392 1398//1398 1516//1516
f 1399//1399 1396//1396 1518//1518
f 1521//1521 1522//1522 1523//1523
f 1522//1522 1524//1524 1523//1523
f 1520//1520 1407//1407 1524//1524
f 1519//1519 1407//1407 1520//1520
f 1397//1397 1519//1519 1398//1398
f 1525//1525 1400//1400 1399//1399
f 1401//1401 1400//1400 1525//1525
f 1526//1526 1401//1401 1525//1525
f 1401//1401 1526//1526 1406//1406
f 1406//1406 1526//1526 1521//1521
f 1523//1523 1406//1406 1521//1521
f 1404//1404 1403//1403 1523//1523
f 1404//1404 1523//1523 1524//1524
f 1407//1407 1404//1404 1524//1524
f 1405//1405 1256//1256 1407//1407
f 1405//1405 1407//1407 1519//1519
f 1397//1397 1405//1405 1519//1519
f 1403//1403 1406//1406 1523//1523
f 1409//1409 1408//1408 1527//1527
f 1410//1410 1528//1528 1408//1408
f 1410//1410 1529//1529 1530//1530
f 1410//1410 1530//1530 1528//1528
f 1410//1410 1264//1264 1529//1529
f 1264//1264 1414//1414 1529//1529
f 1414//1414 1531//1531 1529//1529
f 1411//1411 1412//1412 1532//1532
f 1409//1409 1533//1533 1413//1413
f 1533//1533 1534//1534 1413//1413
f 1414//1414 1415//1415 1531//1531
f 1535//1535 1531//1531 1415//1415
f 1418//1418 1274//1274 1411//1411
f 1534//1534 1420//1420 1413//1413
f 1415//1415 1417//1417 1535//1535
f 1299//1299 1418//1418 1424//1424
f 1421//1421 1535//1535 1417//1417
f 1535//1535 1421//1421 1429//1429
f 1536//1536 1419//1419 1425//1425
f 1426//1426 1537//1537 1538//1538
f 1426//1426 1420//1420 1537//1537
f 1430//1430 1429//1429 1428//1428
f 1430//1430 1539//1539 1429//1429
f 1300//1300 1540//1540 1436//1436
f 1540//1540 1300//1300 1424//1424
f 1425//1425 1541//1541 1536//1536
f 1437//1437 1541//1541 1425//1425
f 1453//1453 1542//1542 1541//1541
f 1453//1453 1541//1541 1438//1438
f 1438//1438 1541//1541 1437//1437
f 1438//1438 1439//1439 1453//1453
f 1441//1441 1307//1307 1442//1442
f 1543//1543 1441//1441 1442//1442
f 1426//1426 1538//1538 1444//1444
f 1430//1430 1445//1445 1539//1539
f 1544//1544 1545//1545 1445//1445
f 1445//1445 1446//1446 1544//1544
f 1446//1446 1462//1462 1544//1544
f 1450//1450 1451//1451 1546//1546
f 1451//1451 1316//1316 1436//1436
f 1453//1453 1547//1547 1542//1542
f 1453//1453 1452//1452 1547//1547
f 1548//1548 1547//1547 1452//1452
f 1548//1548 1452//1452 1454//1454
f 1543//1543 1549//1549 1548//1548
f 1543//1543 1548//1548 1454//1454
f 1454//1454 1441//1441 1543//1543
f 1550//1550 1551//1551 1543//1543
f 1442//1442 1550//1550 1543//1543
f 1442//1442 1455//1455 1550//1550
f 1459//1459 1466//1466 1458//1458
f 1466//1466 1459//1459 1552//1552
f 1459//1459 1460//1460 1553//1553
f 1552//1552 1459//1459 1553//1553
f 1460//1460 1554//1554 1553//1553
f 1444//1444 1554//1554 1460//1460
f 1444//1444 1538//1538 1554//1554
f 1544//1544 1462//1462 1545//1545
f 1464//1464 1463//1463 1555//1555
f 1555//1555 1463//1463 1450//1450
f 1555//1555 1450//1450 1546//1546
f 1548//1548 1556//1556 1547//1547
f 1543//1543 1551//1551 1549//1549
f 1557//1557 1551//1551 1558//1558
f 1551//1551 1550//1550 1558//1558
f 1455//1455 1465//1465 1558//1558
f 1455//1455 1558//1558 1550//1550
f 1552//1552 1559//1559 1466//1466
f 1560//1560 1559//1559 1552//1552
f 1553//1553 1560//1560 1552//1552
f 1560//1560 1553//1553 1561//1561
f 1554//1554 1561//1561 1553//1553
f 1562//1562 1563//1563 1462//1462
f 1330//1330 1329//1329 1562//1562
f 1462//1462 1330//1330 1562//1562
f 1464//1464 1564//1564 1179//1179
f 1467//1467 1565//1565 1566//1566
f 1566//1566 1557//1557 1467//1467
f 1557//1557 1558//1558 1468//1468
f 1557//1557 1468//1468 1467//1467
f 1465//1465 1468//1468 1558//1558
f 1466//1466 1559//1559 1333//1333
f 1333//1333 1559//1559 1567//1567
f 1560//1560 1567//1567 1559//1559
f 1568//1568 1567//1567 1560//1560
f 1562//1562 1329//1329 1569//1569
f 1469//1469 1179//1179 1564//1564
f 1471//1471 1570//1570 1565//1565
f 1470//1470 1570//1570 1471//1471
f 1565//1565 1467//1467 1471//1471
f 1333//1333 1567//1567 1472//1472
f 1472//1472 1567//1567 1571//1571
f 1568//1568 1572//1572 1567//1567
f 1572//1572 1571//1571 1567//1567
f 1572//1572 1568//1568 1573//1573
f 1569//1569 1473//1473 1574//1574
f 1569//1569 1329//1329 1473//1473
f 1335//1335 1469//1469 1338//1338
f 1575//1575 1338//1338 1469//1469
f 1344//1344 1570//1570 1470//1470
f 1340//1340 1472//1472 1571//1571
f 1576//1576 1571//1571 1572//1572
f 1473//1473 1341//1341 1574//1574
f 1341//1341 1577//1577 1574//1574
f 1338//1338 1575//1575 1342//1342
f 1578//1578 1579//1579 1580//1580
f 1578//1578 1581//1581 1582//1582
f 1580//1580 1581//1581 1578//1578
f 1570//1570 1344//1344 1582//1582
f 1581//1581 1570//1570 1582//1582
f 1474//1474 1340//1340 1571//1571
f 1474//1474 1571//1571 1576//1576
f 1583//1583 1474//1474 1576//1576
f 1475//1475 1584//1584 1577//1577
f 1577//1577 1341//1341 1475//1475
f 1585//1585 1348//1348 1476//1476
f 1578//1578 1477//1477 1579//1579
f 1344//1344 1477//1477 1578//1578
f 1582//1582 1344//1344 1578//1578
f 1475//1475 1479//1479 1584//1584
f 1584//1584 1479//1479 1586//1586
f 1348//1348 1585//1585 1480//1480
f 1585//1585 1587//1587 1480//1480
f 1477//1477 1481//1481 1579//1579
f 1481//1481 1486//1486 1579//1579
f 1478//1478 1474//1474 1482//1482
f 1482//1482 1588//1588 1483//1483
f 1482//1482 1583//1583 1588//1588
f 1482//1482 1474//1474 1583//1583
f 1479//1479 1484//1484 1586//1586
f 1480//1480 1587//1587 1485//1485
f 1587//1587 1589//1589 1485//1485
f 1351//1351 1590//1590 1486//1486
f 1490//1490 1483//1483 1588//1588
f 1484//1484 1487//1487 1586//1586
f 1586//1586 1487//1487 1491//1491
f 1485//1485 1589//1589 1488//1488
f 1351//1351 1354//1354 1590//1590
f 1483//1483 1490//1490 1203//1203
f 1491//1491 1211//1211 1591//1591
f 1211//1211 1495//1495 1592//1592
f 1211//1211 1592//1592 1591//1591
f 1593//1593 1354//1354 1356//1356
f 1594//1594 1357//1357 1494//1494
f 1214//1214 1595//1595 1213//1213
f 1214//1214 1596//1596 1595//1595
f 1215//1215 1596//1596 1214//1214
f 1216//1216 1597//1597 1215//1215
f 1215//1215 1597//1597 1596//1596
f 1216//1216 1358//1358 1597//1597
f 1496//1496 1358//1358 1359//1359
f 1497//1497 1360//1360 1499//1499
f 1497//1497 1499//1499 1598//1598
f 1357//1357 1594//1594 1498//1498
f 1499//1499 1501//1501 1598//1598
f 1498//1498 1599//1599 1500//1500
f 1600//1600 1598//1598 1501//1501
f 1362//1362 1502//1502 1501//1501
f 1500//1500 1599//1599 1503//1503
f 1501//1501 1601//1601 1600//1600
f 1601//1601 1501//1501 1502//1502
f 1599//1599 1602//1602 1503//1503
f 1603//1603 1604//1604 1503//1503
f 1603//1603 1503//1503 1602//1602
f 1366//1366 1504//1504 1502//1502
f 1502//1502 1504//1504 1605//1605
f 1503//1503 1604//1604 1505//1505
f 1606//1606 1604//1604 1603//1603
f 1604//1604 1507//1507 1505//1505
f 1607//1607 1604//1604 1606//1606
f 1507//1507 1604//1604 1607//1607
f 1506//1506 1605//1605 1504//1504
f 1608//1608 1609//1609 1605//1605
f 1610//1610 1609//1609 1608//1608
f 1605//1605 1506//1506 1608//1608
f 1611//1611 1511//1511 1508//1508
f 1611//1611 1508//1508 1607//1607
f 1607//1607 1508//1508 1507//1507
f 1509//1509 1610//1610 1608//1608
f 1509//1509 1612//1612 1610//1610
f 1506//1506 1509//1509 1608//1608
f 1510//1510 1612//1612 1509//1509
f 1613//1613 1514//1514 1511//1511
f 1613//1613 1511//1511 1611//1611
f 1511//1511 1514//1514 1380//1380
f 1613//1613 1614//1614 1514//1514
f 1512//1512 1615//1615 1612//1612
f 1510//1510 1512//1512 1612//1612
f 1512//1512 1513//1513 1615//1615
f 1388//1388 1514//1514 1616//1616
f 1388//1388 1616//1616 1391//1391
f 1617//1617 1515//1515 1517//1517
f 1617//1617 1618//1618 1515//1515
f 1618//1618 1513//1513 1515//1515
f 1619//1619 1617//1617 1520//1520
f 1617//1617 1517//1517 1520//1520
f 1394//1394 1620//1620 1518//1518
f 1518//1518 1620//1620 1621//1621
f 1518//1518 1622//1622 1623//1623
f 1621//1621 1622//1622 1518//1518
f 1623//1623 1624//1624 1526//1526
f 1624//1624 1522//1522 1526//1526
f 1520//1520 1524//1524 1522//1522
f 1623//1623 1399//1399 1518//1518
f 1525//1525 1399//1399 1623//1623
f 1526//1526 1525//1525 1623//1623
f 1522//1522 1521//1521 1526//1526
f 1625//1625 1528//1528 1626//1626
f 1627//1627 1625//1625 1626//1626
f 1626//1626 1528//1528 1628//1628
f 1527//1527 1533//1533 1409//1409
f 1625//1625 1627//1627 1527//1527
f 1625//1625 1527//1527 1408//1408
f 1528//1528 1625//1625 1408//1408
f 1628//1628 1528//1528 1530//1530
f 1529//1529 1629//1629 1630//1630
f 1530//1530 1529//1529 1630//1630
f 1530//1530 1630//1630 1628//1628
f 1630//1630 1629//1629 1631//1631
f 1534//1534 1533//1533 1527//1527
f 1529//1529 1531//1531 1629//1629
f 1532//1532 1632//1632 1633//1633
f 1532//1532 1633//1633 1411//1411
f 1532//1532 1412//1412 1634//1634
f 1634//1634 1412//1412 1416//1416
f 1635//1635 1634//1634 1416//1416
f 1531//1531 1636//1636 1629//1629
f 1636//1636 1531//1531 1535//1535
f 1637//1637 1636//1636 1535//1535
f 1633//1633 1638//1638 1418//1418
f 1411//1411 1633//1633 1418//1418
f 1419//1419 1639//1639 1416//1416
f 1639//1639 1635//1635 1416//1416
f 1534//1534 1640//1640 1420//1420
f 1638//1638 1424//1424 1418//1418
f 1420//1420 1640//1640 1641//1641
f 1535//1535 1429//1429 1637//1637
f 1638//1638 1642//1642 1540//1540
f 1424//1424 1638//1638 1540//1540
f 1643//1643 1644//1644 1645//1645
f 1536//1536 1643//1643 1645//1645
f 1536//1536 1645//1645 1639//1639
f 1536//1536 1639//1639 1419//1419
f 1420//1420 1646//1646 1537//1537
f 1646//1646 1420//1420 1641//1641
f 1429//1429 1539//1539 1647//1647
f 1647//1647 1539//1539 1648//1648
f 1642//1642 1649//1649 1540//1540
f 1649//1649 1436//1436 1540//1540
f 1650//1650 1644//1644 1643//1643
f 1651//1651 1644//1644 1650//1650
f 1536//1536 1541//1541 1542//1542
f 1536//1536 1542//1542 1643//1643
f 1643//1643 1542//1542 1650//1650
f 1537//1537 1652//1652 1538//1538
f 1652//1652 1537//1537 1646//1646
f 1641//1641 1653//1653 1646//1646
f 1545//1545 1539//1539 1445//1445
f 1545//1545 1648//1648 1539//1539
f 1654//1654 1546//1546 1451//1451
f 1649//1649 1451//1451 1436//1436
f 1654//1654 1451//1451 1649//1649
f 1542//1542 1547//1547 1556//1556
f 1542//1542 1556//1556 1650//1650
f 1554//1554 1538//1538 1652//1652
f 1554//1554 1652//1652 1561//1561
f 1655//1655 1652//1652 1646//1646
f 1656//1656 1545//1545 1657//1657
f 1545//1545 1462//1462 1657//1657
f 1462//1462 1563//1563 1657//1657
f 1546//1546 1658//1658 1555//1555
f 1659//1659 1660//1660 1651//1651
f 1650//1650 1661//1661 1651//1651
f 1661//1661 1659//1659 1651//1651
f 1556//1556 1662//1662 1650//1650
f 1662//1662 1661//1661 1650//1650
f 1556//1556 1548//1548 1549//1549
f 1556//1556 1549//1549 1662//1662
f 1662//1662 1549//1549 1663//1663
f 1549//1549 1551//1551 1663//1663
f 1663//1663 1551//1551 1557//1557
f 1561//1561 1664//1664 1560//1560
f 1652//1652 1664//1664 1561//1561
f 1665//1665 1652//1652 1655//1655
f 1664//1664 1652//1652 1665//1665
f 1563//1563 1656//1656 1657//1657
f 1464//1464 1555//1555 1564//1564
f 1660//1660 1659//1659 1666//1666
f 1667//1667 1661//1661 1662//1662
f 1663//1663 1667//1667 1662//1662
f 1566//1566 1667//1667 1663//1663
f 1557//1557 1566//1566 1663//1663
f 1664//1664 1668//1668 1568//1568
f 1560//1560 1664//1664 1568//1568
f 1669//1669 1563//1563 1670//1670
f 1562//1562 1569//1569 1670//1670
f 1562//1562 1670//1670 1563//1563
f 1469//1469 1564//1564 1671//1671
f 1672//1672 1660//1660 1666//1666
f 1659//1659 1673//1673 1666//1666
f 1661//1661 1673//1673 1659//1659
f 1667//1667 1674//1674 1661//1661
f 1674//1674 1673//1673 1661//1661
f 1675//1675 1674//1674 1667//1667
f 1565//1565 1570//1570 1675//1675
f 1565//1565 1675//1675 1566//1566
f 1566//1566 1675//1675 1667//1667
f 1568//1568 1668//1668 1573//1573
f 1664//1664 1676//1676 1668//1668
f 1676//1676 1664//1664 1665//1665
f 1670//1670 1569//1569 1574//1574
f 1469//1469 1671//1671 1575//1575
f 1674//1674 1677//1677 1673//1673
f 1675//1675 1677//1677 1674//1674
f 1676//1676 1573//1573 1668//1668
f 1577//1577 1669//1669 1670//1670
f 1678//1678 1669//1669 1577//1577
f 1670//1670 1574//1574 1577//1577
f 1679//1679 1476//1476 1342//1342
f 1679//1679 1342//1342 1575//1575
f 1679//1679 1585//1585 1476//1476
f 1680//1680 1672//1672 1666//1666
f 1673//1673 1681//1681 1666//1666
f 1681//1681 1680//1680 1666//1666
f 1580//1580 1579//1579 1681//1681
f 1580//1580 1681//1681 1677//1677
f 1677//1677 1681//1681 1673//1673
f 1581//1581 1580//1580 1677//1677
f 1675//1675 1581//1581 1677//1677
f 1570//1570 1581//1581 1675//1675
f 1572//1572 1573//1573 1576//1576
f 1576//1576 1573//1573 1682//1682
f 1682//1682 1573//1573 1676//1676
f 1683//1683 1682//1682 1676//1676
f 1577//1577 1584//1584 1678//1678
f 1584//1584 1684//1684 1678//1678
f 1685//1685 1672//1672 1680//1680
f 1579//1579 1680//1680 1681//1681
f 1682//1682 1686//1686 1583//1583
f 1576//1576 1682//1682 1583//1583
f 1683//1683 1687//1687 1682//1682
f 1687//1687 1686//1686 1682//1682
f 1584//1584 1586//1586 1684//1684
f 1579//1579 1486//1486 1685//1685
f 1680//1680 1579//1579 1685//1685
f 1583//1583 1686//1686 1588//1588
f 1686//1686 1687//1687 1688//1688
f 1684//1684 1586//1586 1689//1689
f 1486//1486 1690//1690 1685//1685
f 1486//1486 1590//1590 1690//1690
f 1590//1590 1691//1691 1690//1690
f 1686//1686 1692//1692 1693//1693
f 1686//1686 1693//1693 1588//1588
f 1588//1588 1693//1693 1490//1490
f 1688//1688 1692//1692 1686//1686
f 1694//1694 1689//1689 1491//1491
f 1689//1689 1586//1586 1491//1491
f 1590//1590 1354//1354 1691//1691
f 1691//1691 1354//1354 1593//1593
f 1693//1693 1695//1695 1490//1490
f 1491//1491 1591//1591 1694//1694
f 1488//1488 1696//1696 1492//1492
f 1490//1490 1695//1695 1493//1493
f 1695//1695 1697//1697 1493//1493
f 1696//1696 1698//1698 1492//1492
f 1356//1356 1497//1497 1699//1699
f 1356//1356 1699//1699 1593//1593
f 1493//1493 1697//1697 1494//1494
f 1697//1697 1700//1700 1494//1494
f 1495//1495 1213//1213 1595//1595
f 1698//1698 1701//1701 1355//1355
f 1701//1701 1496//1496 1355//1355
f 1492//1492 1698//1698 1355//1355
f 1595//1595 1596//1596 1702//1702
f 1358//1358 1703//1703 1597//1597
f 1703//1703 1358//1358 1496//1496
f 1699//1699 1497//1497 1704//1704
f 1494//1494 1705//1705 1594//1594
f 1497//1497 1598//1598 1704//1704
f 1704//1704 1598//1598 1706//1706
f 1594//1594 1705//1705 1498//1498
f 1705//1705 1707//1707 1498//1498
f 1706//1706 1598//1598 1708//1708
f 1498//1498 1707//1707 1599//1599
f 1707//1707 1709//1709 1599//1599
f 1598//1598 1600//1600 1708//1708
f 1601//1601 1710//1710 1600//1600
f 1710//1710 1708//1708 1600//1600
f 1599//1599 1709//1709 1602//1602
f 1709//1709 1711//1711 1602//1602
f 1603//1603 1602//1602 1711//1711
f 1502//1502 1605//1605 1601//1601
f 1712//1712 1603//1603 1711//1711
f 1713//1713 1710//1710 1601//1601
f 1609//1609 1713//1713 1601//1601
f 1601//1601 1605//1605 1609//1609
f 1606//1606 1714//1714 1607//1607
f 1609//1609 1610//1610 1713//1713
f 1713//1713 1610//1610 1715//1715
f 1607//1607 1714//1714 1716//1716
f 1611//1611 1607//1607 1716//1716
f 1717//1717 1718//1718 1715//1715
f 1610//1610 1612//1612 1717//1717
f 1715//1715 1610//1610 1717//1717
f 1716//1716 1613//1613 1611//1611
f 1716//1716 1719//1719 1613//1613
f 1718//1718 1717//1717 1720//1720
f 1615//1615 1721//1721 1717//1717
f 1612//1612 1615//1615 1717//1717
f 1722//1722 1614//1614 1719//1719
f 1719//1719 1614//1614 1613//1613
f 1721//1721 1723//1723 1724//1724
f 1614//1614 1725//1725 1514//1514
f 1726//1726 1727//1727 1723//1723
f 1721//1721 1726//1726 1723//1723
f 1721//1721 1513//1513 1726//1726
f 1721//1721 1615//1615 1513//1513
f 1616//1616 1725//1725 1728//1728
f 1616//1616 1514//1514 1725//1725
f 1726//1726 1729//1729 1727//1727
f 1616//1616 1728//1728 1391//1391
f 1620//1620 1391//1391 1728//1728
f 1620//1620 1730//1730 1621//1621
f 1731//1731 1729//1729 1618//1618
f 1732//1732 1729//1729 1731//1731
f 1729//1729 1726//1726 1618//1618
f 1513//1513 1618//1618 1726//1726
f 1620//1620 1394//1394 1391//1391
f 1622//1622 1621//1621 1730//1730
f 1622//1622 1730//1730 1733//1733
f 1733//1733 1734//1734 1624//1624
f 1624//1624 1734//1734 1735//1735
f 1735//1735 1731//1731 1619//1619
f 1617//1617 1619//1619 1731//1731
f 1618//1618 1617//1617 1731//1731
f 1733//1733 1623//1623 1622//1622
f 1624//1624 1623//1623 1733//1733
f 1735//1735 1522//1522 1624//1624
f 1619//1619 1522//1522 1735//1735
f 1520//1520 1522//1522 1619//1619
f 1736//1736 1627//1627 1626//1626
f 1626//1626 1628//1628 1737//1737
f 1631//1631 1628//1628 1630//1630
f 1627//1627 1738//1738 1527//1527
f 1527//1527 1738//1738 1534//1534
f 1738//1738 1739//1739 1534//1534
f 1636//1636 1631//1631 1629//1629
f 1636//1636 1740//1740 1631//1631
f 1632//1632 1741//1741 1742//1742
f 1633//1633 1632//1632 1742//1742
f 1532//1532 1743//1743 1632//1632
f 1743//1743 1741//1741 1632//1632
f 1635//1635 1744//1744 1743//1743
f 1634//1634 1635//1635 1743//1743
f 1634//1634 1743//1743 1532//1532
f 1534//1534 1739//1739 1640//1640
f 1636//1636 1637//1637 1740//1740
f 1745//1745 1638//1638 1742//1742
f 1742//1742 1638//1638 1633//1633
f 1746//1746 1635//1635 1639//1639
f 1639//1639 1645//1645 1746//1746
f 1746//1746 1645//1645 1747//1747
f 1429//1429 1748//1748 1637//1637
f 1647//1647 1749//1749 1748//1748
f 1647//1647 1748//1748 1429//1429
f 1750//1750 1642//1642 1638//1638
f 1644//1644 1751//1751 1645//1645
f 1751//1751 1747//1747 1645//1645
f 1654//1654 1649//1649 1642//1642
f 1644//1644 1752//1752 1751//1751
f 1752//1752 1644//1644 1753//1753
f 1753//1753 1644//1644 1651//1651
f 1653//1653 1641//1641 1754//1754
f 1648//1648 1545//1545 1656//1656
f 1546//1546 1654//1654 1658//1658
f 1651//1651 1660//1660 1753//1753
f 1646//1646 1653//1653 1655//1655
f 1755//1755 1653//1653 1754//1754
f 1655//1655 1653//1653 1755//1755
f 1658//1658 1756//1756 1757//1757
f 1555//1555 1658//1658 1757//1757
f 1753//1753 1758//1758 1752//1752
f 1563//1563 1759//1759 1656//1656
f 1757//1757 1564//1564 1555//1555
f 1660//1660 1758//1758 1753//1753
f 1760//1760 1665//1665 1655//1655
f 1563//1563 1669//1669 1759//1759
f 1660//1660 1672//1672 1758//1758
f 1665//1665 1683//1683 1676//1676
f 1683//1683 1665//1665 1760//1760
f 1759//1759 1669//1669 1761//1761
f 1575//1575 1671//1671 1762//1762
f 1758//1758 1672//1672 1763//1763
f 1764//1764 1683//1683 1760//1760
f 1679//1679 1575//1575 1762//1762
f 1683//1683 1764//1764 1687//1687
f 1669//1669 1765//1765 1761//1761
f 1765//1765 1669//1669 1678//1678
f 1765//1765 1678//1678 1766//1766
f 1766//1766 1678//1678 1684//1684
f 1679//1679 1767//1767 1585//1585
f 1767//1767 1587//1587 1585//1585
f 1685//1685 1768//1768 1763//1763
f 1769//1769 1768//1768 1685//1685
f 1763//1763 1672//1672 1685//1685
f 1764//1764 1688//1688 1687//1687
f 1766//1766 1684//1684 1770//1770
f 1771//1771 1589//1589 1767//1767
f 1589//1589 1587//1587 1767//1767
f 1685//1685 1690//1690 1769//1769
f 1684//1684 1689//1689 1770//1770
f 1772//1772 1773//1773 1771//1771
f 1589//1589 1773//1773 1488//1488
f 1771//1771 1773//1773 1589//1589
f 1690//1690 1691//1691 1769//1769
f 1692//1692 1774//1774 1775//1775
f 1693//1693 1692//1692 1775//1775
f 1776//1776 1692//1692 1688//1688
f 1774//1774 1692//1692 1776//1776
f 1689//1689 1777//1777 1770//1770
f 1694//1694 1777//1777 1689//1689
f 1696//1696 1772//1772 1778//1778
f 1773//1773 1772//1772 1696//1696
f 1773//1773 1696//1696 1488//1488
f 1769//1769 1779//1779 1780//1780
f 1779//1779 1769//1769 1691//1691
f 1779//1779 1691//1691 1781//1781
f 1781//1781 1691//1691 1593//1593
f 1693//1693 1775//1775 1695//1695
f 1694//1694 1782//1782 1777//1777
f 1591//1591 1782//1782 1694//1694
f 1782//1782 1591//1591 1592//1592
f 1783//1783 1782//1782 1592//1592
f 1696//1696 1778//1778 1698//1698
f 1781//1781 1593//1593 1784//1784
f 1495//1495 1783//1783 1592//1592
f 1495//1495 1595//1595 1783//1783
f 1698//1698 1785//1785 1701//1701
f 1593//1593 1699//1699 1784//1784
f 1703//1703 1496//1496 1701//1701
f 1784//1784 1699//1699 1786//1786
f 1597//1597 1702//1702 1596//1596
f 1597//1597 1787//1787 1702//1702
f 1787//1787 1597//1597 1703//1703
f 1699//1699 1704//1704 1786//1786
f 1786//1786 1704//1704 1788//1788
f 1705//1705 1494//1494 1700//1700
f 1705//1705 1700//1700 1789//1789
f 1788//1788 1704//1704 1790//1790
f 1790//1790 1704//1704 1706//1706
f 1705//1705 1791//1791 1707//1707
f 1790//1790 1706//1706 1792//1792
f 1792//1792 1793//1793 1790//1790
f 1706//1706 1708//1708 1792//1792
f 1794//1794 1793//1793 1792//1792
f 1795//1795 1791//1791 1796//1796
f 1707//1707 1791//1791 1709//1709
f 1797//1797 1791//1791 1795//1795
f 1791//1791 1797//1797 1709//1709
f 1798//1798 1794//1794 1792//1792
f 1792//1792 1708//1708 1799//1799
f 1799//1799 1798//1798 1792//1792
f 1708//1708 1710//1710 1799//1799
f 1709//1709 1800//1800 1711//1711
f 1797//1797 1800//1800 1709//1709
f 1801//1801 1798//1798 1799//1799
f 1802//1802 1711//1711 1800//1800
f 1802//1802 1712//1712 1711//1711
f 1799//1799 1803//1803 1801//1801
f 1799//1799 1710//1710 1803//1803
f 1710//1710 1713//1713 1803//1803
f 1802//1802 1804//1804 1712//1712
f 1603//1603 1712//1712 1606//1606
f 1803//1803 1713//1713 1805//1805
f 1712//1712 1806//1806 1606//1606
f 1806//1806 1714//1714 1606//1606
f 1713//1713 1715//1715 1805//1805
f 1805//1805 1715//1715 1718//1718
f 1807//1807 1805//1805 1718//1718
f 1714//1714 1806//1806 1808//1808
f 1716//1716 1714//1714 1808//1808
f 1716//1716 1808//1808 1809//1809
f 1809//1809 1719//1719 1716//1716
f 1809//1809 1722//1722 1719//1719
f 1717//1717 1721//1721 1720//1720
f 1720//1720 1721//1721 1724//1724
f 1722//1722 1810//1810 1614//1614
f 1724//1724 1723//1723 1811//1811
f 1614//1614 1810//1810 1725//1725
f 1725//1725 1810//1810 1812//1812
f 1725//1725 1812//1812 1728//1728
f 1728//1728 1813//1813 1814//1814
f 1728//1728 1812//1812 1813//1813
f 1729//1729 1815//1815 1727//1727
f 1728//1728 1814//1814 1620//1620
f 1730//1730 1620//1620 1814//1814
f 1729//1729 1732//1732 1816//1816
f 1729//1729 1816//1816 1815//1815
f 1730//1730 1814//1814 1817//1817
f 1733//1733 1730//1730 1818//1818
f 1730//1730 1817//1817 1818//1818
f 1733//1733 1818//1818 1734//1734
f 1735//1735 1734//1734 1819//1819
f 1732//1732 1731//1731 1819//1819
f 1819//1819 1731//1731 1735//1735
f 1627//1627 1736//1736 1738//1738
f 1737//1737 1736//1736 1626//1626
f 1628//1628 1820//1820 1737//1737
f 1820//1820 1628//1628 1631//1631
f 1820//1820 1631//1631 1740//1740
f 1743//1743 1821//1821 1741//1741
f 1821//1821 1743//1743 1744//1744
f 1637//1637 1822//1822 1740//1740
f 1635//1635 1823//1823 1744//1744
f 1739//1739 1824//1824 1640//1640
f 1822//1822 1637//1637 1748//1748
f 1825//1825 1822//1822 1748//1748
f 1745//1745 1826//1826 1638//1638
f 1635//1635 1746//1746 1823//1823
f 1640//1640 1824//1824 1641//1641
f 1824//1824 1827//1827 1641//1641
f 1825//1825 1748//1748 1749//1749
f 1826//1826 1750//1750 1638//1638
f 1648//1648 1749//1749 1647//1647
f 1750//1750 1654//1654 1642//1642
f 1752//1752 1828//1828 1751//1751
f 1829//1829 1755//1755 1754//1754
f 1829//1829 1754//1754 1827//1827
f 1827//1827 1754//1754 1641//1641
f 1829//1829 1830//1830 1755//1755
f 1831//1831 1648//1648 1656//1656
f 1658//1658 1750//1750 1832//1832
f 1750//1750 1658//1658 1654//1654
f 1759//1759 1831//1831 1656//1656
f 1833//1833 1831//1831 1759//1759
f 1832//1832 1756//1756 1658//1658
f 1752//1752 1758//1758 1828//1828
f 1758//1758 1834//1834 1828//1828
f 1755//1755 1760//1760 1655//1655
f 1835//1835 1755//1755 1830//1830
f 1760//1760 1755//1755 1835//1835
f 1759//1759 1836//1836 1833//1833
f 1757//1757 1671//1671 1564//1564
f 1837//1837 1671//1671 1757//1757
f 1761//1761 1836//1836 1759//1759
f 1837//1837 1762//1762 1671//1671
f 1838//1838 1839//1839 1836//1836
f 1840//1840 1839//1839 1838//1838
f 1761//1761 1838//1838 1836//1836
f 1763//1763 1841//1841 1834//1834
f 1834//1834 1758//1758 1763//1763
f 1842//1842 1679//1679 1762//1762
f 1842//1842 1843//1843 1679//1679
f 1763//1763 1768//1768 1841//1841
f 1838//1838 1844//1844 1840//1840
f 1765//1765 1844//1844 1838//1838
f 1765//1765 1838//1838 1761//1761
f 1765//1765 1766//1766 1844//1844
f 1679//1679 1843//1843 1767//1767
f 1843//1843 1845//1845 1767//1767
f 1768//1768 1769//1769 1846//1846
f 1688//1688 1764//1764 1847//1847
f 1844//1844 1766//1766 1848//1848
f 1848//1848 1766//1766 1770//1770
f 1845//1845 1771//1771 1767//1767
f 1849//1849 1771//1771 1845//1845
f 1688//1688 1847//1847 1776//1776
f 1776//1776 1847//1847 1850//1850
f 1769//1769 1780//1780 1846//1846
f 1770//1770 1851//1851 1848//1848
f 1777//1777 1851//1851 1770//1770
f 1774//1774 1852//1852 1853//1853
f 1774//1774 1853//1853 1775//1775
f 1775//1775 1853//1853 1695//1695
f 1777//1777 1854//1854 1851//1851
f 1782//1782 1854//1854 1777//1777
f 1783//1783 1855//1855 1782//1782
f 1782//1782 1855//1855 1854//1854
f 1779//1779 1781//1781 1856//1856
f 1856//1856 1781//1781 1784//1784
f 1857//1857 1697//1697 1853//1853
f 1697//1697 1695//1695 1853//1853
f 1778//1778 1785//1785 1698//1698
f 1856//1856 1784//1784 1786//1786
f 1697//1697 1858//1858 1700//1700
f 1857//1857 1858//1858 1697//1697
f 1702//1702 1859//1859 1595//1595
f 1702//1702 1787//1787 1860//1860
f 1859//1859 1702//1702 1860//1860
f 1860//1860 1787//1787 1861//1861
f 1787//1787 1703//1703 1861//1861
f 1861//1861 1703//1703 1862//1862
f 1862//1862 1703//1703 1701//1701
f 1863//1863 1788//1788 1864//1864
f 1863//1863 1786//1786 1788//1788
f 1700//1700 1858//1858 1865//1865
f 1865//1865 1789//1789 1700//1700
f 1788//1788 1790//1790 1864//1864
f 1705//1705 1789//1789 1791//1791
f 1789//1789 1796//1796 1791//1791
f 1790//1790 1793//1793 1864//1864
f 1793//1793 1794//1794 1866//1866
f 1867//1867 1795//1795 1868//1868
f 1795//1795 1867//1867 1797//1797
f 1797//1797 1869//1869 1800//1800
f 1867//1867 1869//1869 1797//1797
f 1870//1870 1800//1800 1869//1869
f 1800//1800 1870//1870 1802//1802
f 1801//1801 1803//1803 1871//1871
f 1801//1801 1871//1871 1872//1872
f 1873//1873 1804//1804 1802//1802
f 1874//1874 1872//1872 1871//1871
f 1871//1871 1875//1875 1874//1874
f 1871//1871 1803//1803 1875//1875
f 1803//1803 1805//1805 1875//1875
f 1804//1804 1806//1806 1712//1712
f 1875//1875 1805//1805 1807//1807
f 1806//1806 1804//1804 1876//1876
f 1808//1808 1806//1806 1876//1876
f 1877//1877 1808//1808 1876//1876
f 1718//1718 1720//1720 1807//1807
f 1807//1807 1720//1720 1878//1878
f 1809//1809 1808//1808 1877//1877
f 1877//1877 1722//1722 1809//1809
f 1879//1879 1722//1722 1877//1877
f 1720//1720 1724//1724 1878//1878
f 1878//1878 1724//1724 1811//1811
f 1810//1810 1722//1722 1879//1879
f 1723//1723 1880//1880 1811//1811
f 1810//1810 1879//1879 1881//1881
f 1812//1812 1810//1810 1881//1881
f 1727//1727 1880//1880 1723//1723
f 1812//1812 1881//1881 1882//1882
f 1813//1813 1812//1812 1882//1882
f 1813//1813 1882//1882 1883//1883
f 1815//1815 1884//1884 1727//1727
f 1884//1884 1880//1880 1727//1727
f 1813//1813 1883//1883 1885//1885
f 1813//1813 1885//1885 1814//1814
f 1814//1814 1885//1885 1817//1817
f 1817//1817 1885//1885 1818//1818
f 1885//1885 1886//1886 1818//1818
f 1887//1887 1816//1816 1732//1732
f 1887//1887 1888//1888 1816//1816
f 1888//1888 1889//1889 1816//1816
f 1889//1889 1815//1815 1816//1816
f 1734//1734 1818//1818 1890//1890
f 1819//1819 1734//1734 1890//1890
f 1819//1819 1890//1890 1887//1887
f 1732//1732 1819//1819 1887//1887
f 1736//1736 1737//1737 1891//1891
f 1737//1737 1820//1820 1892//1892
f 1737//1737 1892//1892 1891//1891
f 1736//1736 1893//1893 1738//1738
f 1893//1893 1736//1736 1891//1891
f 1892//1892 1894//1894 1891//1891
f 1895//1895 1894//1894 1892//1892
f 1820//1820 1896//1896 1895//1895
f 1820//1820 1895//1895 1892//1892
f 1820//1820 1740//1740 1896//1896
f 1738//1738 1893//1893 1739//1739
f 1897//1897 1895//1895 1896//1896
f 1898//1898 1739//1739 1893//1893
f 1822//1822 1896//1896 1740//1740
f 1745//1745 1742//1742 1899//1899
f 1741//1741 1900//1900 1742//1742
f 1900//1900 1899//1899 1742//1742
f 1821//1821 1900//1900 1741//1741
f 1744//1744 1900//1900 1821//1821
f 1739//1739 1898//1898 1824//1824
f 1825//1825 1901//1901 1822//1822
f 1826//1826 1745//1745 1902//1902
f 1902//1902 1745//1745 1899//1899
f 1746//1746 1747//1747 1823//1823
f 1825//1825 1903//1903 1901//1901
f 1825//1825 1749//1749 1903//1903
f 1826//1826 1902//1902 1750//1750
f 1903//1903 1749//1749 1831//1831
f 1831//1831 1749//1749 1648//1648
f 1751//1751 1828//1828 1904//1904
f 1747//1747 1751//1751 1904//1904
f 1829//1829 1905//1905 1830//1830
f 1832//1832 1750//1750 1906//1906
f 1904//1904 1828//1828 1907//1907
f 1905//1905 1835//1835 1830//1830
f 1908//1908 1905//1905 1909//1909
f 1908//1908 1835//1835 1905//1905
f 1910//1910 1911//1911 1833//1833
f 1833//1833 1911//1911 1831//1831
f 1832//1832 1906//1906 1756//1756
f 1912//1912 1907//1907 1834//1834
f 1907//1907 1828//1828 1834//1834
f 1908//1908 1913//1913 1835//1835
f 1913//1913 1914//1914 1835//1835
f 1915//1915 1913//1913 1908//1908
f 1916//1916 1917//1917 1915//1915
f 1910//1910 1917//1917 1916//1916
f 1833//1833 1836//1836 1917//1917
f 1910//1910 1833//1833 1917//1917
f 1757//1757 1918//1918 1837//1837
f 1757//1757 1756//1756 1918//1918
f 1835//1835 1914//1914 1760//1760
f 1913//1913 1919//1919 1914//1914
f 1915//1915 1839//1839 1913//1913
f 1839//1839 1919//1919 1913//1913
f 1917//1917 1839//1839 1915//1915
f 1836//1836 1839//1839 1917//1917
f 1837//1837 1842//1842 1762//1762
f 1841//1841 1912//1912 1834//1834
f 1914//1914 1920//1920 1760//1760
f 1919//1919 1920//1920 1914//1914
f 1839//1839 1921//1921 1919//1919
f 1839//1839 1840//1840 1921//1921
f 1922//1922 1842//1842 1923//1923
f 1760//1760 1920//1920 1764//1764
f 1919//1919 1924//1924 1920//1920
f 1921//1921 1925//1925 1919//1919
f 1925//1925 1924//1924 1919//1919
f 1921//1921 1840//1840 1925//1925
f 1842//1842 1922//1922 1843//1843
f 1922//1922 1926//1926 1843//1843
f 1764//1764 1920//1920 1847//1847
f 1924//1924 1927//1927 1920//1920
f 1927//1927 1847//1847 1920//1920
f 1925//1925 1928//1928 1924//1924
f 1928//1928 1927//1927 1924//1924
f 1840//1840 1844//1844 1929//1929
f 1840//1840 1929//1929 1925//1925
f 1925//1925 1929//1929 1928//1928
f 1843//1843 1926//1926 1845//1845
f 1768//1768 1930//1930 1841//1841
f 1931//1931 1930//1930 1768//1768
f 1932//1932 1847//1847 1927//1927
f 1928//1928 1933//1933 1927//1927
f 1928//1928 1929//1929 1934//1934
f 1844//1844 1935//1935 1929//1929
f 1844//1844 1848//1848 1935//1935
f 1849//1849 1845//1845 1936//1936
f 1845//1845 1926//1926 1936//1936
f 1846//1846 1931//1931 1768//1768
f 1847//1847 1932//1932 1850//1850
f 1934//1934 1929//1929 1935//1935
f 1772//1772 1937//1937 1938//1938
f 1849//1849 1936//1936 1937//1937
f 1849//1849 1937//1937 1772//1772
f 1849//1849 1772//1772 1771//1771
f 1939//1939 1931//1931 1846//1846
f 1776//1776 1850//1850 1774//1774
f 1935//1935 1940//1940 1934//1934
f 1848//1848 1940//1940 1935//1935
f 1848//1848 1851//1851 1940//1940
f 1851//1851 1941//1941 1940//1940
f 1778//1778 1938//1938 1942//1942
f 1772//1772 1938//1938 1778//1778
f 1846//1846 1780//1780 1939//1939
f 1774//1774 1850//1850 1852//1852
f 1851//1851 1943//1943 1941//1941
f 1854//1854 1943//1943 1851//1851
f 1855//1855 1944//1944 1854//1854
f 1854//1854 1944//1944 1943//1943
f 1779//1779 1945//1945 1939//1939
f 1779//1779 1939//1939 1780//1780
f 1779//1779 1856//1856 1945//1945
f 1853//1853 1946//1946 1857//1857
f 1853//1853 1852//1852 1946//1946
f 1783//1783 1859//1859 1947//1947
f 1859//1859 1860//1860 1947//1947
f 1947//1947 1860//1860 1861//1861
f 1862//1862 1701//1701 1785//1785
f 1778//1778 1942//1942 1785//1785
f 1945//1945 1856//1856 1948//1948
f 1948//1948 1856//1856 1786//1786
f 1857//1857 1946//1946 1858//1858
f 1783//1783 1595//1595 1859//1859
f 1949//1949 1948//1948 1786//1786
f 1786//1786 1863//1863 1949//1949
f 1863//1863 1864//1864 1950//1950
f 1865//1865 1858//1858 1951//1951
f 1950//1950 1864//1864 1952//1952
f 1953//1953 1865//1865 1951//1951
f 1789//1789 1865//1865 1796//1796
f 1952//1952 1793//1793 1866//1866
f 1864//1864 1793//1793 1952//1952
f 1953//1953 1954//1954 1865//1865
f 1955//1955 1950//1950 1952//1952
f 1796//1796 1865//1865 1954//1954
f 1952//1952 1866//1866 1956//1956
f 1956//1956 1955//1955 1952//1952
f 1868//1868 1796//1796 1954//1954
f 1795//1795 1796//1796 1868//1868
f 1866//1866 1794//1794 1956//1956
f 1957//1957 1955//1955 1956//1956
f 1958//1958 1868//1868 1954//1954
f 1794//1794 1798//1798 1956//1956
f 1867//1867 1868//1868 1958//1958
f 1956//1956 1798//1798 1959//1959
f 1959//1959 1957//1957 1956//1956
f 1959//1959 1798//1798 1801//1801
f 1960//1960 1957//1957 1959//1959
f 1869//1869 1867//1867 1958//1958
f 1961//1961 1869//1869 1958//1958
f 1960//1960 1959//1959 1872//1872
f 1872//1872 1959//1959 1801//1801
f 1962//1962 1869//1869 1961//1961
f 1869//1869 1962//1962 1870//1870
f 1802//1802 1870//1870 1962//1962
f 1802//1802 1962//1962 1873//1873
f 1872//1872 1874//1874 1963//1963
f 1960//1960 1872//1872 1963//1963
f 1964//1964 1962//1962 1961//1961
f 1873//1873 1962//1962 1964//1964
f 1964//1964 1965//1965 1966//1966
f 1964//1964 1966//1966 1873//1873
f 1873//1873 1966//1966 1804//1804
f 1874//1874 1875//1875 1967//1967
f 1965//1965 1968//1968 1966//1966
f 1966//1966 1968//1968 1804//1804
f 1969//1969 1968//1968 1970//1970
f 1876//1876 1968//1968 1969//1969
f 1876//1876 1804//1804 1968//1968
f 1876//1876 1969//1969 1877//1877
f 1877//1877 1969//1969 1971//1971
f 1877//1877 1971//1971 1879//1879
f 1879//1879 1971//1971 1972//1972
f 1881//1881 1879//1879 1972//1972
f 1973//1973 1881//1881 1972//1972
f 1881//1881 1973//1973 1974//1974
f 1882//1882 1881//1881 1974//1974
f 1883//1883 1882//1882 1975//1975
f 1882//1882 1974//1974 1975//1975
f 1975//1975 1976//1976 1883//1883
f 1883//1883 1976//1976 1977//1977
f 1884//1884 1815//1815 1978//1978
f 1977//1977 1885//1885 1883//1883
f 1885//1885 1977//1977 1886//1886
f 1979//1979 1888//1888 1887//1887
f 1980//1980 1818//1818 1886//1886
f 1890//1890 1818//1818 1980//1980
f 1979//1979 1890//1890 1980//1980
f 1887//1887 1890//1890 1979//1979
f 1894//1894 1895//1895 1981//1981
f 1894//1894 1893//1893 1891//1891
f 1981//1981 1895//1895 1897//1897
f 1982//1982 1897//1897 1896//1896
f 1898//1898 1983//1983 1824//1824
f 1822//1822 1982//1982 1896//1896
f 1982//1982 1822//1822 1901//1901
f 1899//1899 1984//1984 1902//1902
f 1900//1900 1984//1984 1899//1899
f 1985//1985 1984//1984 1900//1900
f 1744//1744 1985//1985 1900//1900
f 1986//1986 1985//1985 1744//1744
f 1986//1986 1744//1744 1823//1823
f 1986//1986 1823//1823 1747//1747
f 1983//1983 1827//1827 1824//1824
f 1987//1987 1901//1901 1903//1903
f 1902//1902 1988//1988 1750//1750
f 1902//1902 1989//1989 1988//1988
f 1984//1984 1989//1989 1902//1902
f 1827//1827 1983//1983 1829//1829
f 1983//1983 1990//1990 1829//1829
f 1911//1911 1987//1987 1903//1903
f 1903//1903 1831//1831 1911//1911
f 1905//1905 1829//1829 1990//1990
f 1905//1905 1990//1990 1909//1909
f 1988//1988 1906//1906 1750//1750
f 1991//1991 1906//1906 1988//1988
f 1908//1908 1992//1992 1915//1915
f 1908//1908 1909//1909 1992//1992
f 1915//1915 1993//1993 1916//1916
f 1993//1993 1911//1911 1910//1910
f 1993//1993 1910//1910 1916//1916
f 1906//1906 1994//1994 1756//1756
f 1756//1756 1994//1994 1918//1918
f 1995//1995 1837//1837 1918//1918
f 1837//1837 1995//1995 1923//1923
f 1842//1842 1837//1837 1923//1923
f 1996//1996 1997//1997 1998//1998
f 1912//1912 1841//1841 1996//1996
f 1998//1998 1912//1912 1996//1996
f 1999//1999 2000//2000 1922//1922
f 1999//1999 1922//1922 1923//1923
f 1997//1997 2001//2001 2002//2002
f 1996//1996 2001//2001 1997//1997
f 1996//1996 1930//1930 2001//2001
f 1996//1996 1841//1841 1930//1930
f 2000//2000 2003//2003 1926//1926
f 1922//1922 2000//2000 1926//1926
f 2004//2004 2003//2003 2000//2000
f 2005//2005 2002//2002 2001//2001
f 2006//2006 2005//2005 2001//2001
f 2007//2007 2005//2005 2006//2006
f 1930//1930 1931//1931 2006//2006
f 2001//2001 1930//1930 2006//2006
f 1933//1933 2008//2008 1927//1927
f 1928//1928 1934//1934 1933//1933
f 2003//2003 2009//2009 1926//1926
f 1926//1926 2009//2009 1936//1936
f 1938//1938 1937//1937 2010//2010
f 1936//1936 2011//2011 1937//1937
f 1937//1937 2011//2011 2010//2010
f 2011//2011 1936//1936 2009//2009
f 2012//2012 2007//2007 2006//2006
f 1931//1931 1939//1939 2012//2012
f 2006//2006 1931//1931 2012//2012
f 1927//1927 2013//2013 1932//1932
f 1927//1927 2008//2008 2013//2013
f 2014//2014 1933//1933 1934//1934
f 1934//1934 1940//1940 2014//2014
f 1940//1940 1941//1941 2014//2014
f 1942//1942 1938//1938 2015//2015
f 2015//2015 1938//1938 2016//2016
f 2016//2016 1938//1938 2010//2010
f 1850//1850 2017//2017 1852//1852
f 1850//1850 1932//1932 2017//2017
f 2013//2013 2017//2017 1932//1932
f 1941//1941 1943//1943 2018//2018
f 1855//1855 2019//2019 1944//1944
f 1942//1942 2015//2015 2020//2020
f 1939//1939 2021//2021 2012//2012
f 1939//1939 1945//1945 2021//2021
f 1945//1945 2022//2022 2021//2021
f 2022//2022 1945//1945 2023//2023
f 1852//1852 2024//2024 2025//2025
f 1946//1946 1852//1852 2025//2025
f 2017//2017 2024//2024 1852//1852
f 1855//1855 1783//1783 2019//2019
f 1947//1947 2019//2019 1783//1783
f 2019//2019 2026//2026 2027//2027
f 2019//2019 1947//1947 2026//2026
f 1861//1861 2028//2028 1947//1947
f 1947//1947 2028//2028 2026//2026
f 1862//1862 2028//2028 1861//1861
f 1862//1862 2020//2020 2028//2028
f 2020//2020 1785//1785 1942//1942
f 2020//2020 1862//1862 1785//1785
f 2023//2023 1945//1945 1948//1948
f 1949//1949 2023//2023 1948//1948
f 2029//2029 2023//2023 1949//1949
f 1946//1946 2030//2030 2031//2031
f 1946//1946 2031//2031 1858//1858
f 2025//2025 2030//2030 1946//1946
f 1863//1863 2029//2029 1949//1949
f 2029//2029 1863//1863 1950//1950
f 2032//2032 2029//2029 1950//1950
f 1858//1858 2031//2031 1951//1951
f 2033//2033 2032//2032 1950//1950
f 1953//1953 2034//2034 2035//2035
f 1953//1953 2031//2031 2034//2034
f 1953//1953 1951//1951 2031//2031
f 1954//1954 1953//1953 2035//2035
f 1950//1950 1955//1955 2033//2033
f 2033//2033 1955//1955 2036//2036
f 2035//2035 2037//2037 1954//1954
f 1955//1955 1957//1957 2036//2036
f 1954//1954 2037//2037 1958//1958
f 2036//2036 1957//1957 2038//2038
f 2037//2037 2039//2039 1958//1958
f 1957//1957 1960//1960 2038//2038
f 1958//1958 2039//2039 1961//1961
f 1960//1960 2040//2040 2041//2041
f 2038//2038 1960//1960 2041//2041
f 1960//1960 1963//1963 2040//2040
f 2042//2042 1964//1964 1961//1961
f 1963//1963 1874//1874 1967//1967
f 2043//2043 1965//1965 1964//1964
f 2044//2044 1965//1965 2043//2043
f 1967//1967 2045//2045 2046//2046
f 1967//1967 1875//1875 2045//2045
f 1875//1875 1807//1807 2045//2045
f 1965//1965 2044//2044 1970//1970
f 1968//1968 1965//1965 1970//1970
f 2047//2047 1969//1969 1970//1970
f 1807//1807 1878//1878 2045//2045
f 2045//2045 1878//1878 2048//2048
f 2047//2047 1971//1971 1969//1969
f 1972//1972 1971//1971 2049//2049
f 1811//1811 1880//1880 2050//2050
f 2048//2048 1878//1878 1811//1811
f 2050//2050 2048//2048 1811//1811
f 1975//1975 1974//1974 2051//2051
f 1815//1815 2052//2052 1978//1978
f 2053//2053 1880//1880 1884//1884
f 1978//1978 2053//2053 1884//1884
f 1977//1977 1976//1976 2054//2054
f 1886//1886 1977//1977 2054//2054
f 1980//1980 1886//1886 2055//2055
f 1886//1886 2054//2054 2055//2055
f 1980//1980 2055//2055 1979//1979
f 1888//1888 1979//1979 2056//2056
f 1889//1889 1888//1888 2057//2057
f 2052//2052 1815//1815 1889//1889
f 2057//2057 2052//2052 1889//1889
f 1894//1894 2058//2058 1893//1893
f 1894//1894 1981//1981 2059//2059
f 2058//2058 1894//1894 2059//2059
f 1893//1893 2058//2058 1898//1898
f 2060//2060 2058//2058 2059//2059
f 1981//1981 1897//1897 2059//2059
f 1897//1897 2061//2061 2059//2059
f 2061//2061 1897//1897 1982//1982
f 1898//1898 2058//2058 1983//1983
f 2062//2062 2058//2058 2060//2060
f 1983//1983 2058//2058 2062//2062
f 2063//2063 1984//1984 1985//1985
f 1982//1982 1987//1987 2061//2061
f 1982//1982 1901//1901 1987//1987
f 1984//1984 2063//2063 1989//1989
f 1986//1986 1747//1747 2064//2064
f 2064//2064 1747//1747 1904//1904
f 2062//2062 1990//1990 1983//1983
f 1987//1987 1911//1911 2065//2065
f 1909//1909 1990//1990 1992//1992
f 1993//1993 1992//1992 2065//2065
f 1993//1993 2065//2065 1911//1911
f 1991//1991 1994//1994 1906//1906
f 2066//2066 1994//1994 1991//1991
f 2066//2066 1991//1991 2067//2067
f 1988//1988 2067//2067 1991//1991
f 1989//1989 2067//2067 1988//1988
f 1904//1904 1907//1907 2064//2064
f 2064//2064 1907//1907 1998//1998
f 1993//1993 1915//1915 1992//1992
f 1912//1912 1998//1998 1907//1907
f 1918//1918 2066//2066 1995//1995
f 1918//1918 1994//1994 2066//2066
f 1923//1923 2068//2068 1999//1999
f 1923//1923 1995//1995 2068//2068
f 2068//2068 2069//2069 2070//2070
f 2071//2071 2072//2072 2002//2002
f 2070//2070 2072//2072 2071//2071
f 2002//2002 2072//2072 1997//1997
f 2000//2000 1999//1999 2068//2068
f 2000//2000 2068//2068 2073//2073
f 2073//2073 2068//2068 2070//2070
f 2071//2071 2073//2073 2070//2070
f 2004//2004 2000//2000 2073//2073
f 2004//2004 2073//2073 2074//2074
f 2074//2074 2073//2073 2071//2071
f 2002//2002 2005//2005 2074//2074
f 2071//2071 2002//2002 2074//2074
f 2004//2004 2075//2075 2003//2003
f 2004//2004 2074//2074 2075//2075
f 2075//2075 2074//2074 2076//2076
f 2005//2005 2007//2007 2076//2076
f 2074//2074 2005//2005 2076//2076
f 2003//2003 2077//2077 2009//2009
f 2003//2003 2075//2075 2077//2077
f 2077//2077 2075//2075 2078//2078
f 2076//2076 2078//2078 2075//2075
f 2010//2010 2011//2011 2079//2079
f 2016//2016 2010//2010 2079//2079
f 2011//2011 2009//2009 2077//2077
f 2011//2011 2077//2077 2079//2079
f 2079//2079 2077//2077 2080//2080
f 2078//2078 2080//2080 2077//2077
f 2076//2076 2081//2081 2078//2078
f 2007//2007 2012//2012 2081//2081
f 2076//2076 2007//2007 2081//2081
f 2082//2082 2015//2015 2016//2016
f 2079//2079 2082//2082 2016//2016
f 2083//2083 2079//2079 2080//2080
f 2078//2078 2084//2084 2080//2080
f 2081//2081 2084//2084 2078//2078
f 1933//1933 2085//2085 2008//2008
f 2086//2086 2085//2085 1933//1933
f 2014//2014 2086//2086 1933//1933
f 2018//2018 2086//2086 2014//2014
f 2018//2018 2014//2014 1941//1941
f 2086//2086 2018//2018 2087//2087
f 1943//1943 2087//2087 2018//2018
f 1944//1944 2088//2088 1943//1943
f 1943//1943 2088//2088 2087//2087
f 2019//2019 2088//2088 1944//1944
f 2027//2027 2088//2088 2019//2019
f 2015//2015 2082//2082 2089//2089
f 2020//2020 2015//2015 2089//2089
f 2083//2083 2080//2080 2084//2084
f 2081//2081 2090//2090 2084//2084
f 2012//2012 2021//2021 2091//2091
f 2012//2012 2091//2091 2081//2081
f 2081//2081 2091//2091 2090//2090
f 2013//2013 2024//2024 2017//2017
f 2027//2027 2026//2026 2092//2092
f 2028//2028 2093//2093 2026//2026
f 2026//2026 2093//2093 2092//2092
f 2020//2020 2089//2089 2028//2028
f 2028//2028 2089//2089 2093//2093
f 2021//2021 2022//2022 2091//2091
f 2024//2024 2094//2094 2025//2025
f 2023//2023 2095//2095 2022//2022
f 2023//2023 2029//2029 2095//2095
f 2030//2030 2025//2025 2094//2094
f 2032//2032 2096//2096 2095//2095
f 2029//2029 2032//2032 2095//2095
f 2034//2034 2031//2031 2097//2097
f 2031//2031 2030//2030 2097//2097
f 2096//2096 2098//2098 2099//2099
f 2098//2098 2096//2096 2100//2100
f 2096//2096 2032//2032 2100//2100
f 2032//2032 2033//2033 2100//2100
f 2100//2100 2033//2033 2036//2036
f 2100//2100 2036//2036 2101//2101
f 2035//2035 2034//2034 2037//2037
f 2034//2034 2102//2102 2037//2037
f 2036//2036 2038//2038 2101//2101
f 2101//2101 2038//2038 2041//2041
f 2037//2037 2102//2102 2039//2039
f 2102//2102 2103//2103 2039//2039
f 2041//2041 2040//2040 2104//2104
f 2105//2105 2039//2039 2103//2103
f 2040//2040 1963//1963 2104//2104
f 2039//2039 2105//2105 1961//1961
f 2105//2105 2042//2042 1961//1961
f 1963//1963 2106//2106 2104//2104
f 2043//2043 1964//1964 2042//2042
f 2043//2043 2042//2042 2105//2105
f 1963//1963 2107//2107 2106//2106
f 1963//1963 1967//1967 2107//2107
f 2108//2108 2044//2044 2043//2043
f 2107//2107 1967//1967 2046//2046
f 2047//2047 2044//2044 2109//2109
f 2047//2047 1970//1970 2044//2044
f 2045//2045 2048//2048 2110//2110
f 2110//2110 2046//2046 2045//2045
f 2047//2047 2111//2111 1971//1971
f 2048//2048 2050//2050 2112//2112
f 1973//1973 1972//1972 2049//2049
f 2050//2050 1880//1880 2053//2053
f 1974//1974 1973//1973 2113//2113
f 1974//1974 2113//2113 2051//2051
f 1975//1975 2051//2051 2114//2114
f 2115//2115 1976//1976 1975//1975
f 1976//1976 2115//2115 2054//2054
f 1979//1979 2055//2055 2116//2116
f 2056//2056 1979//1979 2116//2116
f 1888//1888 2056//2056 2057//2057
f 2060//2060 2059//2059 2061//2061
f 2060//2060 2117//2117 2062//2062
f 2061//2061 2118//2118 2060//2060
f 2118//2118 2117//2117 2060//2060
f 1985//1985 2119//2119 2063//2063
f 1985//1985 1986//1986 2119//2119
f 2118//2118 2120//2120 2117//2117
f 2061//2061 1987//1987 2118//2118
f 2118//2118 1987//1987 2065//2065
f 2063//2063 2121//2121 1989//1989
f 2121//2121 2063//2063 2119//2119
f 2119//2119 1986//1986 2122//2122
f 2062//2062 2117//2117 1990//1990
f 2120//2120 1990//1990 2117//2117
f 2065//2065 2120//2120 2118//2118
f 2119//2119 2123//2123 2121//2121
f 2122//2122 2123//2123 2119//2119
f 1986//1986 2124//2124 2122//2122
f 1986//1986 2064//2064 2124//2124
f 1990//1990 2120//2120 1992//1992
f 2065//2065 1992//1992 2120//2120
f 2067//2067 2125//2125 2066//2066
f 2126//2126 2125//2125 2067//2067
f 2121//2121 2067//2067 1989//1989
f 2121//2121 2126//2126 2067//2067
f 2127//2127 2121//2121 2123//2123
f 2127//2127 2123//2123 2128//2128
f 2123//2123 2122//2122 2128//2128
f 2124//2124 2128//2128 2122//2122
f 2064//2064 1998//1998 2124//2124
f 2125//2125 1995//1995 2066//2066
f 2126//2126 2129//2129 2125//2125
f 2129//2129 1995//1995 2125//2125
f 2129//2129 2126//2126 2130//2130
f 2130//2130 2127//2127 2131//2131
f 2126//2126 2127//2127 2130//2130
f 2127//2127 2128//2128 2131//2131
f 1998//1998 1997//1997 2131//2131
f 1998//1998 2131//2131 2124//2124
f 2124//2124 2131//2131 2128//2128
f 2130//2130 2069//2069 2129//2129
f 2131//2131 2072//2072 2130//2130
f 2072//2072 2069//2069 2130//2130
f 1995//1995 2129//2129 2068//2068
f 2069//2069 2068//2068 2129//2129
f 2072//2072 2070//2070 2069//2069
f 1997//1997 2072//2072 2131//2131
f 2082//2082 2079//2079 2083//2083
f 2132//2132 2082//2082 2083//2083
f 2008//2008 2133//2133 2013//2013
f 2133//2133 2008//2008 2085//2085
f 2085//2085 2086//2086 2134//2134
f 2087//2087 2134//2134 2086//2086
f 2134//2134 2087//2087 2135//2135
f 2087//2087 2088//2088 2135//2135
f 2135//2135 2088//2088 2027//2027
f 2082//2082 2136//2136 2089//2089
f 2136//2136 2082//2082 2132//2132
f 2083//2083 2137//2137 2132//2132
f 2138//2138 2137//2137 2083//2083
f 2083//2083 2084//2084 2138//2138
f 2013//2013 2139//2139 2024//2024
f 2139//2139 2013//2013 2133//2133
f 2085//2085 2140//2140 2133//2133
f 2134//2134 2141//2141 2085//2085
f 2141//2141 2140//2140 2085//2085
f 2134//2134 2142//2142 2141//2141
f 2135//2135 2142//2142 2134//2134
f 2143//2143 2142//2142 2135//2135
f 2027//2027 2143//2143 2135//2135
f 2027//2027 2092//2092 2143//2143
f 2092//2092 2093//2093 2144//2144
f 2143//2143 2092//2092 2144//2144
f 2093//2093 2089//2089 2136//2136
f 2144//2144 2093//2093 2136//2136
f 2132//2132 2145//2145 2136//2136
f 2137//2137 2145//2145 2132//2132
f 2084//2084 2090//2090 2146//2146
f 2138//2138 2084//2084 2146//2146
f 2024//2024 2147//2147 2094//2094
f 2024//2024 2139//2139 2147//2147
f 2133//2133 2140//2140 2139//2139
f 2142//2142 2148//2148 2141//2141
f 2149//2149 2148//2148 2142//2142
f 2143//2143 2150//2150 2142//2142
f 2150//2150 2149//2149 2142//2142
f 2151//2151 2150//2150 2143//2143
f 2144//2144 2151//2151 2143//2143
f 2136//2136 2151//2151 2144//2144
f 2145//2145 2151//2151 2136//2136
f 2152//2152 2151//2151 2145//2145
f 2137//2137 2152//2152 2145//2145
f 2138//2138 2153//2153 2137//2137
f 2153//2153 2152//2152 2137//2137
f 2146//2146 2153//2153 2138//2138
f 2090//2090 2091//2091 2154//2154
f 2146//2146 2090//2090 2154//2154
f 2091//2091 2022//2022 2154//2154
f 2022//2022 2095//2095 2154//2154
f 2140//2140 2155//2155 2139//2139
f 2141//2141 2156//2156 2140//2140
f 2156//2156 2155//2155 2140//2140
f 2148//2148 2157//2157 2156//2156
f 2148//2148 2156//2156 2141//2141
f 2149//2149 2158//2158 2148//2148
f 2158//2158 2157//2157 2148//2148
f 2151//2151 2149//2149 2150//2150
f 2159//2159 2149//2149 2151//2151
f 2152//2152 2159//2159 2151//2151
f 2153//2153 2160//2160 2152//2152
f 2160//2160 2159//2159 2152//2152
f 2154//2154 2161//2161 2146//2146
f 2161//2161 2153//2153 2146//2146
f 2095//2095 2096//2096 2154//2154
f 2030//2030 2094//2094 2147//2147
f 2030//2030 2147//2147 2162//2162
f 2162//2162 2147//2147 2163//2163
f 2139//2139 2164//2164 2147//2147
f 2164//2164 2163//2163 2147//2147
f 2155//2155 2165//2165 2139//2139
f 2165//2165 2164//2164 2139//2139
f 2166//2166 2157//2157 2158//2158
f 2167//2167 2158//2158 2149//2149
f 2159//2159 2167//2167 2149//2149
f 2168//2168 2167//2167 2159//2159
f 2160//2160 2168//2168 2159//2159
f 2169//2169 2160//2160 2153//2153
f 2099//2099 2161//2161 2154//2154
f 2154//2154 2096//2096 2099//2099
f 2030//2030 2162//2162 2097//2097
f 2155//2155 2170//2170 2165//2165
f 2156//2156 2170//2170 2155//2155
f 2157//2157 2171//2171 2156//2156
f 2171//2171 2157//2157 2166//2166
f 2161//2161 2169//2169 2153//2153
f 2099//2099 2172//2172 2161//2161
f 2172//2172 2169//2169 2161//2161
f 2097//2097 2173//2173 2034//2034
f 2097//2097 2162//2162 2173//2173
f 2173//2173 2162//2162 2174//2174
f 2163//2163 2175//2175 2162//2162
f 2175//2175 2174//2174 2162//2162
f 2164//2164 2175//2175 2163//2163
f 2156//2156 2176//2176 2170//2170
f 2171//2171 2176//2176 2156//2156
f 2166//2166 2177//2177 2171//2171
f 2158//2158 2178//2178 2166//2166
f 2167//2167 2178//2178 2158//2158
f 2179//2179 2178//2178 2167//2167
f 2168//2168 2179//2179 2167//2167
f 2180//2180 2179//2179 2168//2168
f 2160//2160 2180//2180 2168//2168
f 2181//2181 2180//2180 2160//2160
f 2099//2099 2182//2182 2172//2172
f 2099//2099 2098//2098 2182//2182
f 2171//2171 2183//2183 2176//2176
f 2177//2177 2183//2183 2171//2171
f 2160//2160 2184//2184 2181//2181
f 2169//2169 2184//2184 2160//2160
f 2172//2172 2184//2184 2169//2169
f 2100//2100 2101//2101 2098//2098
f 2034//2034 2173//2173 2102//2102
f 2175//2175 2185//2185 2174//2174
f 2164//2164 2186//2186 2175//2175
f 2186//2186 2185//2185 2175//2175
f 2165//2165 2186//2186 2164//2164
f 2170//2170 2186//2186 2165//2165
f 2176//2176 2186//2186 2170//2170
f 2178//2178 2177//2177 2166//2166
f 2180//2180 2178//2178 2179//2179
f 2098//2098 2187//2187 2182//2182
f 2098//2098 2101//2101 2187//2187
f 2173//2173 2188//2188 2102//2102
f 2174//2174 2189//2189 2173//2173
f 2189//2189 2188//2188 2173//2173
f 2185//2185 2189//2189 2174//2174
f 2190//2190 2177//2177 2178//2178
f 2180//2180 2190//2190 2178//2178
f 2191//2191 2190//2190 2180//2180
f 2181//2181 2191//2191 2180//2180
f 2184//2184 2192//2192 2181//2181
f 2192//2192 2191//2191 2181//2181
f 2172//2172 2193//2193 2184//2184
f 2182//2182 2193//2193 2172//2172
f 2176//2176 2194//2194 2186//2186
f 2194//2194 2195//2195 2186//2186
f 2183//2183 2194//2194 2176//2176
f 2196//2196 2183//2183 2177//2177
f 2190//2190 2196//2196 2177//2177
f 2191//2191 2197//2197 2190//2190
f 2197//2197 2196//2196 2190//2190
f 2192//2192 2197//2197 2191//2191
f 2184//2184 2198//2198 2192//2192
f 2193//2193 2198//2198 2184//2184
f 2182//2182 2199//2199 2193//2193
f 2187//2187 2199//2199 2182//2182
f 2186//2186 2200//2200 2185//2185
f 2195//2195 2200//2200 2186//2186
f 2183//2183 2201//2201 2194//2194
f 2202//2202 2201//2201 2183//2183
f 2196//2196 2202//2202 2183//2183
f 2203//2203 2202//2202 2196//2196
f 2204//2204 2203//2203 2196//2196
f 2197//2197 2204//2204 2196//2196
f 2205//2205 2204//2204 2197//2197
f 2192//2192 2206//2206 2197//2197
f 2198//2198 2206//2206 2192//2192
f 2101//2101 2041//2041 2187//2187
f 2185//2185 2207//2207 2189//2189
f 2200//2200 2207//2207 2185//2185
f 2195//2195 2208//2208 2200//2200
f 2194//2194 2201//2201 2195//2195
f 2201//2201 2208//2208 2195//2195
f 2202//2202 2209//2209 2201//2201
f 2210//2210 2209//2209 2202//2202
f 2203//2203 2210//2210 2202//2202
f 2211//2211 2210//2210 2203//2203
f 2204//2204 2211//2211 2203//2203
f 2212//2212 2205//2205 2206//2206
f 2205//2205 2197//2197 2206//2206
f 2213//2213 2212//2212 2206//2206
f 2198//2198 2213//2213 2206//2206
f 2213//2213 2198//2198 2214//2214
f 2198//2198 2193//2193 2214//2214
f 2199//2199 2214//2214 2193//2193
f 2102//2102 2188//2188 2103//2103
f 2189//2189 2215//2215 2188//2188
f 2215//2215 2103//2103 2188//2188
f 2207//2207 2215//2215 2189//2189
f 2216//2216 2207//2207 2200//2200
f 2201//2201 2217//2217 2208//2208
f 2209//2209 2217//2217 2201//2201
f 2210//2210 2218//2218 2209//2209
f 2219//2219 2218//2218 2210//2210
f 2211//2211 2219//2219 2210//2210
f 2205//2205 2220//2220 2204//2204
f 2199//2199 2221//2221 2214//2214
f 2221//2221 2222//2222 2214//2214
f 2041//2041 2104//2104 2221//2221
f 2041//2041 2221//2221 2187//2187
f 2187//2187 2221//2221 2199//2199
f 2223//2223 2214//2214 2222//2222
f 2105//2105 2103//2103 2224//2224
f 2224//2224 2103//2103 2215//2215
f 2225//2225 2215//2215 2207//2207
f 2224//2224 2215//2215 2225//2225
f 2221//2221 2226//2226 2222//2222
f 2226//2226 2223//2223 2222//2222
f 2221//2221 2104//2104 2226//2226
f 2224//2224 2227//2227 2105//2105
f 2104//2104 2106//2106 2226//2226
f 2105//2105 2227//2227 2043//2043
f 2106//2106 2107//2107 2226//2226
f 2107//2107 2228//2228 2226//2226
f 2043//2043 2227//2227 2108//2108
f 2227//2227 2229//2229 2108//2108
f 2046//2046 2228//2228 2107//2107
f 2108//2108 2109//2109 2044//2044
f 2229//2229 2109//2109 2108//2108
f 2046//2046 2110//2110 2228//2228
f 2230//2230 2109//2109 2229//2229
f 2110//2110 2048//2048 2112//2112
f 2109//2109 2230//2230 2231//2231
f 2047//2047 2231//2231 2111//2111
f 2047//2047 2109//2109 2231//2231
f 2111//2111 2232//2232 1971//1971
f 1971//1971 2232//2232 2049//2049
f 2050//2050 2233//2233 2112//2112
f 2050//2050 2053//2053 2233//2233
f 2233//2233 2053//2053 2234//2234
f 2049//2049 2235//2235 2236//2236
f 1973//1973 2049//2049 2236//2236
f 2113//2113 1973//1973 2236//2236
f 2113//2113 2114//2114 2051//2051
f 1975//1975 2114//2114 2115//2115
f 1978//1978 2052//2052 2234//2234
f 2052//2052 2237//2237 2234//2234
f 2234//2234 2053//2053 1978//1978
f 2114//2114 2113//2113 2238//2238
f 2115//2115 2114//2114 2238//2238
f 2054//2054 2115//2115 2239//2239
f 2055//2055 2054//2054 2239//2239
f 2055//2055 2239//2239 2116//2116
f 2126//2126 2121//2121 2127//2127
f 2211//2211 2204//2204 2240//2240
f 2240//2240 2204//2204 2220//2220
f 2200//2200 2208//2208 2216//2216
f 2218//2218 2241//2241 2209//2209
f 2218//2218 2219//2219 2242//2242
f 2219//2219 2211//2211 2242//2242
f 2242//2242 2211//2211 2243//2243
f 2240//2240 2243//2243 2211//2211
f 2213//2213 2244//2244 2212//2212
f 2208//2208 2245//2245 2216//2216
f 2208//2208 2217//2217 2245//2245
f 2217//2217 2209//2209 2246//2246
f 2246//2246 2209//2209 2241//2241
f 2247//2247 2241//2241 2218//2218
f 2242//2242 2247//2247 2218//2218
f 2243//2243 2240//2240 2248//2248
f 2249//2249 2248//2248 2240//2240
f 2220//2220 2249//2249 2240//2240
f 2205//2205 2250//2250 2220//2220
f 2212//2212 2250//2250 2205//2205
f 2213//2213 2251//2251 2244//2244
f 2214//2214 2223//2223 2251//2251
f 2213//2213 2214//2214 2251//2251
f 2207//2207 2216//2216 2225//2225
f 2252//2252 2225//2225 2216//2216
f 2245//2245 2252//2252 2216//2216
f 2217//2217 2253//2253 2245//2245
f 2241//2241 2254//2254 2246//2246
f 2247//2247 2254//2254 2241//2241
f 2248//2248 2249//2249 2255//2255
f 2220//2220 2256//2256 2249//2249
f 2256//2256 2255//2255 2249//2249
f 2250//2250 2256//2256 2220//2220
f 2225//2225 2257//2257 2224//2224
f 2258//2258 2257//2257 2252//2252
f 2257//2257 2225//2225 2252//2252
f 2245//2245 2253//2253 2259//2259
f 2246//2246 2253//2253 2217//2217
f 2250//2250 2260//2260 2256//2256
f 2261//2261 2260//2260 2250//2250
f 2212//2212 2261//2261 2250//2250
f 2244//2244 2261//2261 2212//2212
f 2251//2251 2262//2262 2244//2244
f 2263//2263 2262//2262 2251//2251
f 2223//2223 2264//2264 2251//2251
f 2251//2251 2264//2264 2263//2263
f 2223//2223 2226//2226 2264//2264
f 2257//2257 2265//2265 2227//2227
f 2224//2224 2257//2257 2227//2227
f 2265//2265 2257//2257 2258//2258
f 2256//2256 2266//2266 2255//2255
f 2244//2244 2267//2267 2261//2261
f 2267//2267 2262//2262 2268//2268
f 2267//2267 2244//2244 2262//2262
f 2226//2226 2228//2228 2264//2264
f 2227//2227 2265//2265 2229//2229
f 2246//2246 2269//2269 2253//2253
f 2260//2260 2270//2270 2256//2256
f 2270//2270 2266//2266 2256//2256
f 2263//2263 2271//2271 2262//2262
f 2271//2271 2268//2268 2262//2262
f 2228//2228 2271//2271 2264//2264
f 2264//2264 2271//2271 2263//2263
f 2268//2268 2271//2271 2272//2272
f 2228//2228 2110//2110 2272//2272
f 2271//2271 2228//2228 2272//2272
f 2229//2229 2273//2273 2230//2230
f 2110//2110 2112//2112 2272//2272
f 2112//2112 2274//2274 2272//2272
f 2274//2274 2112//2112 2275//2275
f 2231//2231 2232//2232 2111//2111
f 2276//2276 2232//2232 2231//2231
f 2277//2277 2275//2275 2233//2233
f 2233//2233 2275//2275 2112//2112
f 2049//2049 2232//2232 2235//2235
f 2232//2232 2276//2276 2235//2235
f 2234//2234 2278//2278 2277//2277
f 2277//2277 2233//2233 2234//2234
f 2279//2279 2113//2113 2236//2236
f 2234//2234 2237//2237 2278//2278
f 2237//2237 2280//2280 2278//2278
f 2238//2238 2113//2113 2279//2279
f 2239//2239 2115//2115 2281//2281
f 2115//2115 2238//2238 2281//2281
f 2116//2116 2239//2239 2282//2282
f 2239//2239 2281//2281 2282//2282
f 2056//2056 2116//2116 2282//2282
f 2057//2057 2056//2056 2237//2237
f 2056//2056 2282//2282 2237//2237
f 2052//2052 2057//2057 2237//2237
f 2247//2247 2242//2242 2283//2283
f 2242//2242 2243//2243 2283//2283
f 2254//2254 2247//2247 2284//2284
f 2284//2284 2247//2247 2285//2285
f 2283//2283 2285//2285 2247//2247
f 2286//2286 2285//2285 2283//2283
f 2243//2243 2287//2287 2283//2283
f 2287//2287 2286//2286 2283//2283
f 2243//2243 2248//2248 2287//2287
f 2252//2252 2245//2245 2288//2288
f 2258//2258 2252//2252 2288//2288
f 2245//2245 2259//2259 2288//2288
f 2284//2284 2289//2289 2254//2254
f 2289//2289 2246//2246 2254//2254
f 2285//2285 2290//2290 2284//2284
f 2286//2286 2290//2290 2285//2285
f 2248//2248 2266//2266 2287//2287
f 2248//2248 2255//2255 2266//2266
f 2260//2260 2261//2261 2291//2291
f 2291//2291 2261//2261 2267//2267
f 2258//2258 2292//2292 2265//2265
f 2292//2292 2258//2258 2288//2288
f 2288//2288 2259//2259 2293//2293
f 2253//2253 2269//2269 2259//2259
f 2289//2289 2269//2269 2246//2246
f 2290//2290 2289//2289 2284//2284
f 2286//2286 2294//2294 2290//2290
f 2287//2287 2294//2294 2286//2286
f 2295//2295 2294//2294 2287//2287
f 2266//2266 2295//2295 2287//2287
f 2270//2270 2260//2260 2291//2291
f 2267//2267 2296//2296 2291//2291
f 2297//2297 2296//2296 2267//2267
f 2267//2267 2268//2268 2297//2297
f 2269//2269 2293//2293 2259//2259
f 2293//2293 2269//2269 2298//2298
f 2290//2290 2299//2299 2289//2289
f 2266//2266 2270//2270 2300//2300
f 2266//2266 2300//2300 2295//2295
f 2270//2270 2291//2291 2301//2301
f 2268//2268 2302//2302 2297//2297
f 2268//2268 2272//2272 2302//2302
f 2265//2265 2273//2273 2229//2229
f 2299//2299 2303//2303 2289//2289
f 2303//2303 2269//2269 2289//2289
f 2294//2294 2299//2299 2290//2290
f 2304//2304 2299//2299 2294//2294
f 2295//2295 2304//2304 2294//2294
f 2300//2300 2304//2304 2295//2295
f 2305//2305 2300//2300 2270//2270
f 2301//2301 2305//2305 2270//2270
f 2296//2296 2306//2306 2291//2291
f 2306//2306 2301//2301 2291//2291
f 2297//2297 2306//2306 2296//2296
f 2302//2302 2306//2306 2297//2297
f 2272//2272 2274//2274 2302//2302
f 2230//2230 2273//2273 2231//2231
f 2273//2273 2307//2307 2231//2231
f 2269//2269 2308//2308 2298//2298
f 2309//2309 2308//2308 2269//2269
f 2303//2303 2309//2309 2269//2269
f 2299//2299 2310//2310 2303//2303
f 2311//2311 2310//2310 2299//2299
f 2304//2304 2312//2312 2299//2299
f 2300//2300 2313//2313 2304//2304
f 2300//2300 2305//2305 2314//2314
f 2300//2300 2305//2305 2313//2313
f 2301//2301 2315//2315 2305//2305
f 2306//2306 2315//2315 2301//2301
f 2316//2316 2315//2315 2306//2306
f 2316//2316 2306//2306 2317//2317
f 2274//2274 2275//2275 2317//2317
f 2274//2274 2317//2317 2302//2302
f 2302//2302 2317//2317 2306//2306
f 2231//2231 2307//2307 2276//2276
f 2312//2312 2311//2311 2299//2299
f 2304//2304 2318//2318 2312//2312
f 2313//2313 2318//2318 2304//2304
f 2319//2319 2313//2313 2305//2305
f 2315//2315 2319//2319 2305//2305
f 2317//2317 2320//2320 2316//2316
f 2317//2317 2277//2277 2320//2320
f 2275//2275 2277//2277 2317//2317
f 2235//2235 2276//2276 2321//2321
f 2320//2320 2280//2280 2322//2322
f 2320//2320 2278//2278 2280//2280
f 2320//2320 2277//2277 2278//2278
f 2236//2236 2235//2235 2321//2321
f 2236//2236 2321//2321 2323//2323
f 2323//2323 2279//2279 2236//2236
f 2324//2324 2279//2279 2323//2323
f 2325//2325 2280//2280 2237//2237
f 2325//2325 2326//2326 2280//2280
f 2326//2326 2322//2322 2280//2280
f 2238//2238 2279//2279 2327//2327
f 2281//2281 2238//2238 2327//2327
f 2281//2281 2327//2327 2328//2328
f 2281//2281 2328//2328 2329//2329
f 2282//2282 2281//2281 2329//2329
f 2325//2325 2237//2237 2329//2329
f 2329//2329 2237//2237 2282//2282
f 2288//2288 2293//2293 2292//2292
f 2292//2292 2330//2330 2265//2265
f 2265//2265 2330//2330 2273//2273
f 2293//2293 2331//2331 2292//2292
f 2292//2292 2331//2331 2330//2330
f 2331//2331 2293//2293 2332//2332
f 2293//2293 2298//2298 2332//2332
f 2307//2307 2273//2273 2330//2330
f 2307//2307 2330//2330 2333//2333
f 2333//2333 2330//2330 2331//2331
f 2332//2332 2298//2298 2308//2308
f 2309//2309 2303//2303 2310//2310
f 2315//2315 2316//2316 2334//2334
f 2332//2332 2335//2335 2331//2331
f 2335//2335 2333//2333 2331//2331
f 2308//2308 2335//2335 2332//2332
f 2336//2336 2335//2335 2308//2308
f 2309//2309 2336//2336 2308//2308
f 2318//2318 2313//2313 2319//2319
f 2319//2319 2315//2315 2334//2334
f 2316//2316 2320//2320 2334//2334
f 2321//2321 2276//2276 2307//2307
f 2333//2333 2321//2321 2307//2307
f 2321//2321 2333//2333 2337//2337
f 2337//2337 2333//2333 2335//2335
f 2336//2336 2338//2338 2335//2335
f 2338//2338 2337//2337 2335//2335
f 2339//2339 2338//2338 2336//2336
f 2309//2309 2339//2339 2336//2336
f 2340//2340 2339//2339 2309//2309
f 2310//2310 2340//2340 2309//2309
f 2340//2340 2310//2310 2341//2341
f 2310//2310 2311//2311 2341//2341
f 2342//2342 2341//2341 2311//2311
f 2312//2312 2342//2342 2311//2311
f 2318//2318 2343//2343 2312//2312
f 2343//2343 2342//2342 2312//2312
f 2319//2319 2344//2344 2318//2318
f 2344//2344 2343//2343 2318//2318
f 2322//2322 2344//2344 2334//2334
f 2334//2334 2344//2344 2319//2319
f 2320//2320 2322//2322 2334//2334
f 2323//2323 2321//2321 2337//2337
f 2324//2324 2323//2323 2337//2337
f 2324//2324 2337//2337 2338//2338
f 2345//2345 2338//2338 2339//2339
f 2345//2345 2324//2324 2338//2338
f 2327//2327 2340//2340 2346//2346
f 2345//2345 2340//2340 2327//2327
f 2340//2340 2341//2341 2346//2346
f 2342//2342 2347//2347 2341//2341
f 2347//2347 2346//2346 2341//2341
f 2343//2343 2348//2348 2342//2342
f 2348//2348 2347//2347 2342//2342
f 2344//2344 2326//2326 2343//2343
f 2326//2326 2348//2348 2343//2343
f 2322//2322 2326//2326 2344//2344
f 2345//2345 2279//2279 2324//2324
f 2327//2327 2279//2279 2345//2345
f 2328//2328 2327//2327 2346//2346
f 2347//2347 2328//2328 2346//2346
f 2329//2329 2328//2328 2347//2347
f 2348//2348 2329//2329 2347//2347
f 2326//2326 2329//2329 2348//2348
f 2325//2325 2329//2329 2326//2326
f 2340//2340 2345//2345 2339//2339
