# Generated by Visualization Toolkit
v -20.180313110351562 -98.57423400878906 272.41448974609375
v -18.77545166015625 -97.36660766601562 272.9389343261719
v -15.930923461914062 -99.03756713867188 272.5591125488281
v -18.916229248046875 -101.70878601074219 271.0843811035156
v -23.933273315429688 -98.20382690429688 275.42901611328125
v -23.490890502929688 -100.22889709472656 276.4114685058594
v -14.169479370117188 -101.67440795898438 274.74420166015625
v -16.190170288085938 -103.43583679199219 276.05517578125
v -17.819595336914062 -103.26957702636719 276.0693359375
v -11.595062255859375 -95.41355895996094 276.81182861328125
v -15.77484130859375 -94.99736022949219 276.2690124511719
v -23.501617431640625 -96.55853271484375 275.5716247558594
v -11.81134033203125 -98.00755310058594 275.48431396484375
v 17.38623046875 -101.69319152832031 275.1346435546875
v 16.008987426757812 -101.69612121582031 275.28173828125
v 17.510177612304688 -99.44003295898438 276.1283264160156
v -12.244766235351562 -100.40333557128906 275.2861022949219
v 15.686782836914062 -103.7958984375 277.39886474609375
v -28.010971069335938 -142.03099060058594 274.88922119140625
v -27.652557373046875 -144.43492126464844 275.3785095214844
v -29.354476928710938 -142.8998260498047 275.26080322265625
v -17.206634521484375 -94.74093627929688 278.6748352050781
v -25.910797119140625 -98.80223083496094 280.1760559082031
v 19.550689697265625 -98.81001281738281 278.3751525878906
v 19.779159545898438 -101.36672973632812 278.6724548339844
v -23.08416748046875 -102.61376953125 282.1255187988281
v -13.456893920898438 -103.842529296875 278.2300720214844
v -19.709335327148438 -104.31379699707031 281.5284729003906
v 27.256423950195312 -128.95960998535156 277.4784851074219
v 30.173904418945312 -130.27691650390625 277.0426330566406
v 26.359756469726562 -131.1071319580078 276.5924377441406
v 29.969451904296875 -131.83261108398438 276.1503601074219
v 29.54168701171875 -134.1632080078125 278.4872741699219
v 24.621490478515625 -136.45394897460938 276.4559631347656
v 26.394302368164062 -138.8682403564453 276.2830810546875
v 28.607864379882812 -136.83901977539062 277.1869201660156
v -31.009307861328125 -135.68661499023438 277.1203308105469
v -26.43621826171875 -139.80206298828125 275.73040771484375
v -30.39971923828125 -138.8485565185547 276.7518310546875
v -31.915191650390625 -136.05166625976562 278.6381530761719
v 28.611557006835938 -140.1466522216797 278.906982421875
v 27.543365478515625 -142.21304321289062 277.26629638671875
v -30.172653198242188 -141.88673400878906 277.9378967285156
v 22.3515625 -145.01492309570312 277.15472412109375
v -20.034469604492188 -144.51248168945312 276.5826110839844
v 24.980789184570312 -145.06019592285156 277.5474548339844
v -22.651565551757812 -145.46624755859375 276.0151062011719
v -26.508804321289062 -146.0515594482422 276.17535400390625
v -28.541534423828125 -144.6836700439453 277.39886474609375
v -14.211181640625 -147.86895751953125 276.60711669921875
v -18.889419555664062 -148.09271240234375 276.4609680175781
v -22.586349487304688 -148.00559997558594 277.194580078125
v -26.686309814453125 -146.36866760253906 277.49261474609375
v -8.807083129882812 -150.1040802001953 277.7956237792969
v -14.070343017578125 -150.64634704589844 276.7955322265625
v -18.498336791992188 -150.5874481201172 277.87109375
v -11.97357177734375 -93.98680114746094 279.41156005859375
v -22.720504760742188 -96.05960083007812 278.17889404296875
v 15.199905395507812 -96.48974609375 280.0283508300781
v 13.296600341796875 -98.03280639648438 278.6211853027344
v -8.357925415039062 -94.85650634765625 279.6117858886719
v -25.044677734375 -97.62057495117188 281.65203857421875
v 14.736434936523438 -100.41108703613281 276.6785583496094
v -6.5557403564453125 -97.76887512207031 281.1441345214844
v 9.812347412109375 -101.35615539550781 281.2129211425781
v -9.063156127929688 -100.78353881835938 279.80718994140625
v -9.944015502929688 -103.48291015625 281.83709716796875
v 19.308731079101562 -103.05551147460938 280.6380920410156
v 11.110733032226562 -103.67498779296875 281.28564453125
v 14.731979370117188 -104.75553894042969 279.3013916015625
v 28.245590209960938 -128.3556671142578 278.7373352050781
v 23.465408325195312 -127.53327941894531 280.7888488769531
v 21.678665161132812 -127.36251831054688 280.00726318359375
v 22.056610107421875 -130.58534240722656 278.8085021972656
v -31.083892822265625 -133.05087280273438 279.1716003417969
v -29.112289428710938 -131.6819610595703 278.9997863769531
v 18.833770751953125 -137.70657348632812 279.4295959472656
v 21.10162353515625 -141.26971435546875 277.51495361328125
v -26.592681884765625 -133.61846923828125 278.7227478027344
v -17.925765991210938 -141.2399444580078 279.1276550292969
v 16.96337890625 -144.16416931152344 278.2701416015625
v 15.712844848632812 -147.3441925048828 277.82574462890625
v 12.743392944335938 -141.6224365234375 279.80072021484375
v 26.081222534179688 -145.32125854492188 280.31524658203125
v 22.735305786132812 -147.712646484375 277.4459533691406
v 2.56695556640625 -148.60047912597656 278.4657287597656
v -6.0724029541015625 -146.53526306152344 279.0888671875
v 24.362380981445312 -148.37545776367188 279.87359619140625
v -0.5966949462890625 -143.18460083007812 280.01287841796875
v 11.115142822265625 -152.42056274414062 277.7970886230469
v -23.103515625 -148.68484497070312 279.1696472167969
v 21.290481567382812 -151.77542114257812 280.84942626953125
v 18.992782592773438 -153.3739013671875 279.42901611328125
v 1.81256103515625 -152.50857543945312 278.2680969238281
v -18.9288330078125 -151.35647583007812 279.482177734375
v 16.328231811523438 -153.14405822753906 278.2275695800781
v -6.7592010498046875 -153.8777313232422 277.72271728515625
v -10.88714599609375 -151.9924774169922 277.7581787109375
v -11.69854736328125 -153.44081115722656 278.6387939453125
v 2.1351470947265625 -155.05252075195312 278.8809814453125
v -15.357742309570312 -153.2848358154297 280.1024475097656
v 10.411956787109375 -155.48504638671875 278.9053039550781
v -11.861770629882812 -155.10235595703125 280.4877014160156
v 16.216140747070312 -154.9727020263672 280.41107177734375
v -0.7242584228515625 -157.00196838378906 279.96636962890625
v -7.7280426025390625 -156.15065002441406 279.04278564453125
v -6.4007415771484375 -92.09327697753906 282.02911376953125
v -9.937408447265625 -92.24374389648438 283.4007873535156
v -13.477264404296875 -93.95053100585938 281.1840515136719
v -16.808700561523438 -95.38896179199219 282.470947265625
v 16.992996215820312 -96.39082336425781 282.04595947265625
v 11.249740600585938 -94.72706604003906 284.0185546875
v 11.955703735351562 -96.078857421875 281.2533264160156
v 22.648590087890625 -99.41706848144531 282.4530334472656
v 10.078872680664062 -96.899658203125 281.31329345703125
v -4.227294921875 -93.76313781738281 282.3179016113281
v -23.249053955078125 -97.38664245605469 283.2410583496094
v 9.15618896484375 -98.95640563964844 281.6357727050781
v -25.625732421875 -100.43232727050781 281.9948425292969
v -18.325271606445312 -106.34432983398438 284.3503112792969
v -11.575576782226562 -105.5897216796875 284.14654541015625
v -14.864486694335938 -107.18911743164062 285.8284912109375
v -2.0007781982421875 -119.0203857421875 281.3702087402344
v -10.603912353515625 -119.88307189941406 280.1702575683594
v -10.8463134765625 -118.38496398925781 281.8480529785156
v -13.108901977539062 -119.8829345703125 281.027099609375
v 13.04119873046875 -120.87956237792969 281.1556701660156
v 0.5523529052734375 -120.58653259277344 280.3880615234375
v 5.5423431396484375 -119.83515930175781 281.86431884765625
v -10.218124389648438 -121.25315856933594 279.7259216308594
v 11.13690185546875 -122.58612060546875 280.03729248046875
v -5.9202728271484375 -122.26858520507812 279.97454833984375
v 16.250091552734375 -122.65864562988281 281.4436340332031
v 15.670730590820312 -124.56773376464844 279.9793395996094
v -20.072616577148438 -124.99259948730469 280.3325500488281
v 20.383346557617188 -125.43232727050781 282.654052734375
v 19.243438720703125 -126.51165771484375 280.3515625
v 10.128799438476562 -124.8057861328125 280.15838623046875
v -0.180389404296875 -124.74369812011719 280.15594482421875
v -14.857620239257812 -127.22645568847656 280.0740966796875
v -21.699981689453125 -123.28396606445312 281.4091796875
v -25.995132446289062 -126.08561706542969 280.1455993652344
v -27.600067138671875 -125.08638000488281 281.5936584472656
v -24.900924682617188 -123.47596740722656 282.6949157714844
v 17.9461669921875 -129.1712646484375 279.8228759765625
v -7.258331298828125 -128.3902587890625 281.86358642578125
v -12.252517700195312 -128.00473022460938 280.82550048828125
v -20.2889404296875 -127.13246154785156 280.0242919921875
v 23.912918090820312 -128.33401489257812 282.3984375
v -1.7610626220703125 -129.98419189453125 281.947509765625
v 6.109130859375 -130.40631103515625 282.13720703125
v 28.942581176757812 -129.91461181640625 279.6203308105469
v 13.339614868164062 -129.76759338378906 280.50439453125
v -21.666748046875 -132.37136840820312 280.0040283203125
v -14.98779296875 -132.8668670654297 280.5185546875
v -29.349227905273438 -127.88917541503906 282.5271301269531
v -31.189544677734375 -133.20721435546875 281.4823303222656
v 10.752822875976562 -135.2619171142578 280.5949401855469
v 16.180023193359375 -137.4337158203125 280.0872802734375
v 8.33868408203125 -132.80984497070312 281.6283264160156
v -19.508148193359375 -137.22006225585938 279.7862548828125
v 27.470626831054688 -139.1940460205078 281.7649230957031
v -10.544784545898438 -140.43441772460938 280.37115478515625
v 6.1920013427734375 -140.787109375 280.0953674316406
v -0.8280792236328125 -135.59603881835938 282.2237854003906
v -30.02362060546875 -140.9493865966797 280.6353454589844
v 26.370361328125 -143.33993530273438 282.1582336425781
v -4.65533447265625 -136.05111694335938 282.0440673828125
v -26.730911254882812 -145.6443634033203 281.5074462890625
v -24.938201904296875 -147.42938232421875 281.6783752441406
v 24.9744873046875 -147.71328735351562 282.03515625
v -20.74749755859375 -150.71849060058594 282.3697814941406
v 18.178009033203125 -153.9779815673828 281.4930114746094
v 13.013259887695312 -155.6525115966797 281.4011535644531
v 11.187667846679688 -156.43357849121094 280.4096984863281
v 2.9456329345703125 -156.5255126953125 280.68511962890625
v -8.508682250976562 -156.6744842529297 281.3290100097656
v -1.753021240234375 -157.5042724609375 281.3302917480469
v -3.615692138671875 -89.162841796875 284.79449462890625
v -1.8440093994140625 -90.37258911132812 284.1781311035156
v -7.20166015625 -91.02638244628906 283.7041320800781
v -12.177474975585938 -94.14225769042969 285.67413330078125
v 12.959945678710938 -95.09906005859375 284.6555480957031
v 8.364395141601562 -94.63319396972656 284.8547668457031
v -0.6696929931640625 -92.46954345703125 284.60565185546875
v -1.845489501953125 -95.76405334472656 285.0327453613281
v -3.079254150390625 -99.66958618164062 287.40631103515625
v 17.650314331054688 -105.87759399414062 287.6634216308594
v 14.130645751953125 -106.16499328613281 284.8830871582031
v 2.324127197265625 -118.54017639160156 284.7918395996094
v -4.9130859375 -117.87956237792969 284.2447814941406
v 12.310150146484375 -120.18135070800781 283.08148193359375
v -17.872894287109375 -120.97550964355469 284.4753112792969
v -18.788253784179688 -122.38359069824219 281.6669616699219
v 17.256988525390625 -122.7353515625 283.87652587890625
v -8.040054321289062 -130.84873962402344 282.1567077636719
v 24.679458618164062 -132.2181854248047 284.46343994140625
v 24.516830444335938 -138.95115661621094 285.7684631347656
v -30.614349365234375 -137.01028442382812 282.4110107421875
v -26.912277221679688 -143.58053588867188 284.3935241699219
v 20.57861328125 -151.38734436035156 283.3167724609375
v -16.595413208007812 -153.1615753173828 284.8786315917969
v -11.53533935546875 -155.41368103027344 283.76104736328125
v 8.107574462890625 -154.9990234375 286.1207580566406
v 3.455657958984375 -156.54946899414062 283.7499694824219
v -0.185302734375 -84.25070190429688 285.4866943359375
v -0.6153717041015625 -76.66435241699219 286.56988525390625
v 0.7862701416015625 -75.96656799316406 285.0565185546875
v -1.870849609375 -86.1307373046875 287.4233093261719
v -0.8880767822265625 -86.8463134765625 285.7019348144531
v 1.716827392578125 -85.34614562988281 286.1877136230469
v 16.0020751953125 -97.04095458984375 286.0809326171875
v 12.955856323242188 -95.66154479980469 287.3739013671875
v 6.661712646484375 -96.55807495117188 285.4878845214844
v -15.241561889648438 -97.12532043457031 287.70556640625
v 22.485748291015625 -99.46040344238281 284.296142578125
v -25.102066040039062 -99.49174499511719 284.68182373046875
v 5.262664794921875 -96.77598571777344 286.8605041503906
v -24.602951049804688 -101.27293395996094 285.4285888671875
v 21.69293212890625 -102.12498474121094 286.82989501953125
v 5.6551361083984375 -102.58802795410156 289.6736145019531
v -21.7637939453125 -105.76699829101562 286.2342529296875
v -23.393341064453125 -104.39532470703125 288.3673400878906
v 12.682113647460938 -106.74299621582031 286.4844665527344
v 9.974029541015625 -105.54048156738281 286.081298828125
v 5.259552001953125 -119.38894653320312 284.9296569824219
v 18.569320678710938 -124.06797790527344 287.6187744140625
v -23.603271484375 -122.46128845214844 288.7478942871094
v -27.745040893554688 -128.2572479248047 289.5774841308594
v -26.367874145507812 -124.77291870117188 287.3992919921875
v 21.814910888671875 -127.51522827148438 286.04803466796875
v 23.37506103515625 -131.0350341796875 287.0523376464844
v -28.476959228515625 -133.49575805664062 288.25897216796875
v -27.775527954101562 -137.9534912109375 288.0367431640625
v -24.317459106445312 -143.95689392089844 290.8070068359375
v -22.352035522460938 -148.9841766357422 285.7481384277344
v 13.322555541992188 -152.49771118164062 287.5454406738281
v -6.4189910888671875 -155.991455078125 287.798583984375
v -1.365142822265625 -67.38938903808594 287.21942138671875
v -3.2156219482421875 -69.06588745117188 286.9743347167969
v -4.6469879150390625 -69.50836181640625 287.9715576171875
v 0.946319580078125 -67.31025695800781 287.88226318359375
v 0.58074951171875 -70.59941101074219 286.39215087890625
v 3.133087158203125 -70.73442077636719 287.94317626953125
v -0.4298553466796875 -72.68107604980469 286.40191650390625
v 2.019073486328125 -76.85090637207031 285.8797912597656
v 3.55364990234375 -75.99253845214844 288.929443359375
v -0.9605712890625 -81.20498657226562 288.2065734863281
v 3.6656646728515625 -89.46957397460938 286.606689453125
v -5.2178955078125 -89.17488098144531 286.6433410644531
v 7.9980621337890625 -92.89237976074219 286.70599365234375
v 4.1779327392578125 -91.78549194335938 286.5180969238281
v 5.70233154296875 -90.06700134277344 288.3382568359375
v 7.02032470703125 -90.94149780273438 288.82086181640625
v -7.2696533203125 -90.91763305664062 287.1504821777344
v 9.9249267578125 -92.96257019042969 289.4212341308594
v 6.1263427734375 -93.70401000976562 286.2656555175781
v 2.7572479248046875 -95.03971862792969 286.9507141113281
v 0.0778961181640625 -95.63722229003906 286.359619140625
v -19.724227905273438 -100.02812194824219 289.5565490722656
v 21.426544189453125 -101.78233337402344 287.7220458984375
v 19.227157592773438 -101.677001953125 290.98016357421875
v -4.112548828125 -101.77920532226562 288.7215270996094
v -22.719146728515625 -101.51171875 289.3391418457031
v 20.112625122070312 -104.03010559082031 289.35101318359375
v 4.2333984375 -104.27474975585938 293.6166076660156
v -9.60302734375 -105.95164489746094 288.5711364746094
v 15.298736572265625 -107.24891662597656 287.7652587890625
v -19.716567993164062 -109.71293640136719 289.3153076171875
v -22.36907958984375 -109.80679321289062 289.8900451660156
v -23.7696533203125 -106.9715576171875 290.0412902832031
v -7.26373291015625 -117.92088317871094 287.6592712402344
v -14.597702026367188 -119.30790710449219 290.19921875
v 2.485870361328125 -119.52970886230469 290.7664489746094
v 14.452606201171875 -122.35198974609375 288.5202331542969
v 10.281051635742188 -121.44389343261719 290.4269714355469
v 23.04583740234375 -130.0005645751953 290.05535888671875
v 23.425735473632812 -136.6240997314453 288.7684326171875
v 22.593215942382812 -143.43490600585938 286.92315673828125
v 21.605255126953125 -142.1287841796875 289.4469909667969
v 19.1605224609375 -147.2477569580078 289.0005187988281
v 18.901031494140625 -149.71734619140625 286.4874267578125
v -11.156585693359375 -154.2388458251953 291.96514892578125
v 5.8654632568359375 -155.189697265625 287.88836669921875
v 0.3907928466796875 -156.00210571289062 288.1244812011719
v -1.522674560546875 -65.72306823730469 289.10382080078125
v -3.3756103515625 -67.0341796875 290.603759765625
v -1.8202362060546875 -73.67535400390625 288.60003662109375
v 2.9785919189453125 -82.56391906738281 288.37213134765625
v -1.524169921875 -83.91433715820312 291.20556640625
v 3.7614593505859375 -85.99681091308594 288.7906494140625
v 5.1099853515625 -88.3092041015625 290.6694641113281
v -2.4370574951171875 -86.52752685546875 290.32781982421875
v -7.0916290283203125 -92.56010437011719 290.83929443359375
v -10.248992919921875 -95.28489685058594 289.70635986328125
v 1.530120849609375 -99.16555786132812 289.6385498046875
v 11.953598022460938 -100.45870971679688 293.95135498046875
v -0.7625274658203125 -101.73832702636719 292.15789794921875
v -23.299850463867188 -103.30337524414062 291.4913635253906
v -4.7442626953125 -103.63179016113281 292.54669189453125
v 17.458908081054688 -107.78358459472656 289.66094970703125
v 13.6962890625 -110.5340576171875 291.3096008300781
v -15.378494262695312 -109.12272644042969 290.2216796875
v -20.978958129882812 -120.85150146484375 290.25360107421875
v 19.58758544921875 -124.23487854003906 290.0094299316406
v 21.841339111328125 -127.03224182128906 289.1997375488281
v -26.684432983398438 -125.30998229980469 290.7075500488281
v 22.651962280273438 -138.74037170410156 290.3282775878906
v -26.388580322265625 -138.49710083007812 292.236572265625
v -21.622543334960938 -147.443115234375 291.51348876953125
v 14.7984619140625 -150.82862854003906 289.94061279296875
v -16.2457275390625 -151.76950073242188 292.76513671875
v -6.3560791015625 -155.4019775390625 293.05108642578125
v 0.420257568359375 -64.06468200683594 294.4410400390625
v 1.38671875 -64.90371704101562 291.40252685546875
v -0.9644012451171875 -64.53265380859375 292.6087951660156
v 3.293914794921875 -67.66252136230469 290.5244140625
v -4.109100341796875 -69.55046081542969 289.44415283203125
v 4.814208984375 -71.18070983886719 293.6054382324219
v -1.7222747802734375 -74.13786315917969 291.4134826660156
v -1.1620635986328125 -76.53578186035156 292.623291015625
v 3.644195556640625 -79.42341613769531 292.01336669921875
v 3.61846923828125 -84.00527954101562 292.29620361328125
v 7.0552215576171875 -91.35386657714844 291.6180114746094
v -2.9764862060546875 -88.4097900390625 292.800048828125
v 11.551345825195312 -96.45930480957031 290.5890197753906
v 3.266387939453125 -99.9974365234375 290.0565185546875
v -15.736557006835938 -100.40562438964844 292.3385314941406
v -21.30694580078125 -101.55036926269531 292.525634765625
v 20.004898071289062 -103.43695068359375 291.9270935058594
v -24.78082275390625 -105.17739868164062 292.7724914550781
v 19.884506225585938 -106.00798034667969 291.8453063964844
v 9.084625244140625 -107.76698303222656 290.8658447265625
v 11.939544677734375 -111.37075805664062 293.6531677246094
v -19.06915283203125 -111.28868103027344 291.581787109375
v -25.0517578125 -108.5953369140625 290.9264221191406
v -21.947067260742188 -113.150390625 291.7437438964844
v -13.42901611328125 -119.17912292480469 292.9774475097656
v -8.9539794921875 -119.15873718261719 294.3876953125
v -17.781112670898438 -119.45126342773438 292.2510986328125
v 15.905059814453125 -122.25027465820312 290.7030334472656
v -24.980667114257812 -122.45829772949219 291.5030822753906
v 22.415481567382812 -126.03659057617188 290.7582702636719
v -27.873672485351562 -131.91665649414062 293.4587707519531
v 23.141143798828125 -135.06588745117188 292.49603271484375
v -27.593612670898438 -134.47080993652344 292.20245361328125
v 19.442459106445312 -145.75572204589844 292.2978210449219
v 5.593017578125 -154.79647827148438 291.261474609375
v -0.6696014404296875 -155.8359375 293.23974609375
v -0.5956573486328125 -64.34785461425781 296.4090576171875
v 3.1695709228515625 -66.10688781738281 295.1483459472656
v -1.5049285888671875 -66.61192321777344 297.6742248535156
v -1.15496826171875 -72.50889587402344 298.0866394042969
v -0.9355010986328125 -78.31367492675781 297.93603515625
v 6.511962890625 -92.22422790527344 293.8963928222656
v -3.7403106689453125 -91.53221130371094 295.6285705566406
v -8.452896118164062 -98.04502868652344 293.84356689453125
v 7.18878173828125 -99.2733154296875 297.99700927734375
v -11.664230346679688 -100.90388488769531 294.72607421875
v -17.581985473632812 -101.30235290527344 294.11016845703125
v 18.93695068359375 -102.45158386230469 294.8512268066406
v 13.972198486328125 -101.44204711914062 294.5443115234375
v 1.904266357421875 -102.4454345703125 293.2949523925781
v -0.5869903564453125 -102.91278076171875 295.9615478515625
v -13.668060302734375 -103.00956726074219 297.2203674316406
v -49.19642639160156 -103.68220520019531 294.2261047363281
v -47.900238037109375 -104.8753662109375 293.3722229003906
v -52.41139221191406 -102.86325073242188 294.2955017089844
v 20.905776977539062 -105.69137573242188 293.9691467285156
v -40.405731201171875 -106.04872131347656 292.8248596191406
v -38.93977355957031 -105.10287475585938 294.1344299316406
v -51.07623291015625 -104.26496887207031 294.7307434082031
v 22.290786743164062 -107.66653442382812 294.4935302734375
v -8.651123046875 -106.60749816894531 295.346923828125
v -27.730392456054688 -108.96830749511719 291.79638671875
v -28.32342529296875 -106.00205993652344 293.3330383300781
v -35.392608642578125 -107.43464660644531 292.31024169921875
v -41.34234619140625 -106.93881225585938 292.6797180175781
v -46.46649169921875 -106.56092834472656 293.8764953613281
v 19.7386474609375 -109.1123046875 292.0816955566406
v 17.527450561523438 -110.41896057128906 291.57958984375
v -15.96429443359375 -110.39698791503906 293.6051940917969
v -38.286102294921875 -108.52716064453125 292.9297180175781
v -42.38739013671875 -107.91290283203125 293.71923828125
v 35.51251220703125 -108.22586059570312 294.0751953125
v 39.653778076171875 -109.718505859375 293.053466796875
v 33.33815002441406 -108.095947265625 293.259765625
v 34.80059814453125 -111.02430725097656 291.6221923828125
v 29.708480834960938 -108.34783935546875 292.81805419921875
v 23.290237426757812 -109.73869323730469 293.4297180175781
v 9.237899780273438 -109.79969787597656 296.13031005859375
v -32.66548156738281 -109.827392578125 292.43682861328125
v 44.24772644042969 -109.90115356445312 292.98876953125
v 42.97795104980469 -111.16014099121094 292.7486877441406
v 25.001693725585938 -113.74009704589844 292.0193176269531
v 24.356094360351562 -111.33984375 292.6856384277344
v 19.406936645507812 -112.88014221191406 292.0731506347656
v -25.230743408203125 -112.78128051757812 291.35552978515625
v -33.8326416015625 -110.88426208496094 293.91400146484375
v -38.6099853515625 -109.35018920898438 294.29150390625
v 40.887481689453125 -112.98951721191406 294.2095642089844
v 38.80729675292969 -112.91297912597656 292.80328369140625
v 33.886688232421875 -113.39071655273438 291.467041015625
v 15.449966430664062 -113.32548522949219 292.7460021972656
v -19.196395874023438 -112.81124877929688 293.2923889160156
v -28.296676635742188 -113.7261962890625 292.3157958984375
v -19.882644653320312 -115.57579040527344 294.0550537109375
v -22.156097412109375 -116.04803466796875 292.6314697265625
v 34.64814758300781 -115.75541687011719 293.7651062011719
v 32.8447265625 -116.246337890625 292.584716796875
v 18.13995361328125 -118.4007568359375 292.3282470703125
v 16.389724731445312 -116.9384765625 293.1546936035156
v -28.652313232421875 -116.34156799316406 294.66448974609375
v -26.904312133789062 -117.39579772949219 293.4016418457031
v 27.7138671875 -120.85111999511719 292.6937561035156
v 23.900894165039062 -121.24699401855469 292.0513610839844
v -20.599990844726562 -118.50956726074219 292.8355712890625
v -24.882278442382812 -118.97883605957031 292.55572509765625
v 30.018707275390625 -119.94686889648438 294.0802917480469
v -18.8795166015625 -117.47134399414062 294.5459899902344
v -15.96160888671875 -118.59385681152344 295.2428894042969
v -23.099517822265625 -120.36843872070312 291.720947265625
v 17.120468139648438 -121.04185485839844 291.9181213378906
v 14.863082885742188 -119.93058776855469 293.5611267089844
v 1.7423248291015625 -119.78645324707031 295.58197021484375
v 24.591812133789062 -123.42057800292969 292.140380859375
v 13.7432861328125 -121.49749755859375 292.16351318359375
v 12.195419311523438 -120.52748107910156 295.8998718261719
v 9.252456665039062 -121.24942016601562 295.1461181640625
v -26.483627319335938 -122.38046264648438 293.32354736328125
v 26.780776977539062 -123.98452758789062 293.78411865234375
v 22.031539916992188 -123.74713134765625 291.2935791015625
v 23.936309814453125 -127.79977416992188 292.89434814453125
v -27.82220458984375 -126.35720825195312 294.5267333984375
v 21.593002319335938 -141.11521911621094 294.41900634765625
v -23.19232177734375 -145.13723754882812 294.578125
v 16.841583251953125 -149.0321807861328 293.6770935058594
v -18.594070434570312 -149.9759979248047 294.7234802246094
v 13.177276611328125 -151.66734313964844 294.5908203125
v -1.2253570556640625 -70.04515075683594 299.2777404785156
v 4.9039764404296875 -71.232666015625 298.91009521484375
v 4.555267333984375 -74.36036682128906 297.03125
v 2.9996185302734375 -81.12812805175781 297.69415283203125
v -1.1910247802734375 -86.50617980957031 299.14178466796875
v 4.1573028564453125 -89.94009399414062 297.64630126953125
v 2.526611328125 -85.76962280273438 301.22869873046875
v -5.9199371337890625 -97.33602905273438 297.1774597167969
v 16.280670166015625 -102.02304077148438 296.97479248046875
v -21.795150756835938 -101.25703430175781 295.1487731933594
v -23.225601196289062 -100.87162780761719 296.2635498046875
v 20.87322998046875 -104.40669250488281 296.52386474609375
v 1.4290618896484375 -103.35237121582031 296.6915588378906
v -3.183502197265625 -103.29798889160156 296.1529235839844
v 29.885665893554688 -105.51568603515625 295.25042724609375
v 27.097412109375 -105.081298828125 295.720947265625
v 26.919754028320312 -103.60911560058594 296.4211120605469
v -30.384002685546875 -104.99449157714844 294.3560791015625
v -28.931777954101562 -103.19869995117188 296.7864990234375
v -34.285247802734375 -104.79869079589844 295.6832275390625
v 3.69744873046875 -104.71917724609375 296.7055969238281
v -47.47772216796875 -106.42828369140625 296.403076171875
v 47.63825988769531 -109.438720703125 293.4575500488281
v 45.73651123046875 -108.7781982421875 294.1324768066406
v 46.76228332519531 -106.67765808105469 296.4807434082031
v 43.554046630859375 -107.78890991210938 295.67071533203125
v 38.903228759765625 -108.32041931152344 296.125732421875
v 26.014297485351562 -107.4925537109375 294.8692321777344
v -42.46311950683594 -108.41358947753906 296.093505859375
v 37.16455078125 -108.35218811035156 295.4351501464844
v 23.332855224609375 -106.07218933105469 297.46923828125
v 47.77452087402344 -111.01336669921875 295.668701171875
v 50.2537841796875 -109.06011962890625 296.4915466308594
v 11.95269775390625 -113.26234436035156 296.515380859375
v -32.325653076171875 -112.75453186035156 296.3838806152344
v -35.29539489746094 -110.71923828125 296.4820861816406
v 14.319137573242188 -115.80699157714844 294.7918701171875
v -17.535751342773438 -113.5438232421875 297.765869140625
v -17.876327514648438 -115.10710144042969 297.4830627441406
v 36.111572265625 -115.21662902832031 295.9921875
v -29.609405517578125 -115.40594482421875 295.97039794921875
v -9.228607177734375 -119.15556335449219 298.1127014160156
v -27.605117797851562 -119.394287109375 295.6016540527344
v 25.873794555664062 -127.62846374511719 299.5550231933594
v 23.11297607421875 -136.8131561279297 296.32659912109375
v -28.163055419921875 -134.60357666015625 296.6861877441406
v -25.1473388671875 -141.68380737304688 295.5267639160156
v 19.985885620117188 -145.8854217529297 295.7598876953125
v -20.765762329101562 -148.5581512451172 297.2748107910156
v -15.446243286132812 -152.41026306152344 297.5078430175781
v 10.376388549804688 -153.84373474121094 297.95050048828125
v 5.324493408203125 -155.18307495117188 296.5597229003906
v -11.451461791992188 -154.40029907226562 297.3136291503906
v 0.8293304443359375 -64.76911926269531 298.0329284667969
v 2.990081787109375 -67.43804931640625 300.3057556152344
v -1.9301605224609375 -90.16378784179688 298.9696350097656
v 5.3859405517578125 -93.97242736816406 297.7859191894531
v -9.927398681640625 -102.7049560546875 298.90203857421875
v -19.827987670898438 -100.30967712402344 297.0033264160156
v 26.735549926757812 -100.64297485351562 301.0731506347656
v 27.966583251953125 -102.23590087890625 298.4686279296875
v -16.026077270507812 -102.70542907714844 296.9230041503906
v -17.658721923828125 -101.30514526367188 296.77679443359375
v 30.574478149414062 -105.17276000976562 297.5269470214844
v -27.660110473632812 -101.67291259765625 297.8437805175781
v -35.57197570800781 -104.71418762207031 297.480712890625
v -50.402008056640625 -103.48703002929688 295.9713134765625
v -47.82048034667969 -103.00007629394531 296.52044677734375
v -39.69520568847656 -104.12342834472656 298.1729736328125
v -44.45314025878906 -102.77447509765625 298.4511413574219
v 50.851226806640625 -106.75358581542969 297.9407653808594
v 49.39141845703125 -105.06561279296875 300.435791015625
v 41.45585632324219 -107.4754638671875 300.0011901855469
v 34.55982971191406 -107.55943298339844 297.9949645996094
v 7.23345947265625 -107.8751220703125 299.4236145019531
v -42.18009948730469 -108.21366882324219 298.8782958984375
v -14.969100952148438 -110.75825500488281 299.39398193359375
v 43.81201171875 -112.33680725097656 298.0503234863281
v 10.037261962890625 -111.33584594726562 300.5231628417969
v 39.66917419433594 -113.69563293457031 297.771728515625
v -29.499160766601562 -114.18568420410156 299.6874694824219
v 12.5489501953125 -116.23175048828125 297.498291015625
v 33.60713195800781 -116.38433837890625 298.02569580078125
v -16.83294677734375 -117.11395263671875 297.7707214355469
v 30.316619873046875 -119.55812072753906 297.1724853515625
v -28.10626220703125 -119.69624328613281 298.3565673828125
v 11.941741943359375 -118.51286315917969 297.996826171875
v 27.594131469726562 -123.36357116699219 298.0957946777344
v 8.128158569335938 -120.03062438964844 299.1414489746094
v -28.87677001953125 -122.89924621582031 299.46026611328125
v 24.023452758789062 -131.27059936523438 297.1044616699219
v -27.4141845703125 -138.07391357421875 298.04296875
v 22.589340209960938 -141.04283142089844 297.3265075683594
v -24.425048828125 -144.53538513183594 298.3301086425781
v 19.4959716796875 -147.92044067382812 298.36407470703125
v -0.9799957275390625 -156.89303588867188 301.00469970703125
v 0.9182891845703125 -67.05824279785156 301.7641906738281
v 4.546478271484375 -72.05220031738281 300.7774658203125
v -1.87164306640625 -93.69548034667969 301.3796081542969
v -4.989593505859375 -99.068359375 299.64849853515625
v 5.07098388671875 -96.72425842285156 299.5152282714844
v -18.427871704101562 -98.71537780761719 299.3814392089844
v -20.01123046875 -96.03448486328125 301.4633483886719
v -23.929763793945312 -96.2032470703125 299.87725830078125
v -26.362945556640625 -96.70504760742188 299.7685852050781
v -27.630966186523438 -100.18255615234375 299.40447998046875
v -27.651016235351562 -97.22589111328125 301.3546142578125
v 4.361328125 -99.12985229492188 300.3648681640625
v -25.217636108398438 -100.34107971191406 297.4884948730469
v 28.301406860351562 -100.08927917480469 301.4524841308594
v 29.047027587890625 -101.29214477539062 301.6156311035156
v 19.4766845703125 -102.59759521484375 299.0588684082031
v 18.04998779296875 -101.76765441894531 300.7540283203125
v 10.01611328125 -103.18093872070312 302.1512451171875
v 15.230133056640625 -102.27252197265625 302.10101318359375
v 7.3384246826171875 -101.38142395019531 299.9519958496094
v -15.932464599609375 -101.3043212890625 300.134521484375
v -28.975570678710938 -102.23780822753906 299.9037170410156
v -46.818603515625 -102.42491149902344 301.2025451660156
v -48.666473388671875 -102.65242004394531 299.72216796875
v 29.255966186523438 -103.74055480957031 300.97100830078125
v 22.631805419921875 -103.76591491699219 300.7384338378906
v 3.265045166015625 -103.09384155273438 299.9056091308594
v 0.6060791015625 -102.15739440917969 299.6214599609375
v -3.216217041015625 -102.55935668945312 298.9493408203125
v -7.3579864501953125 -105.13749694824219 298.2952880859375
v -14.117431640625 -102.88217163085938 300.746826171875
v -30.73773193359375 -103.62913513183594 299.4446105957031
v -39.96186828613281 -104.51707458496094 300.289306640625
v 30.35406494140625 -106.1427001953125 300.8643798828125
v 23.833297729492188 -102.97721862792969 301.34942626953125
v 8.10076904296875 -107.62739562988281 303.2135925292969
v -35.158599853515625 -105.07295227050781 299.7726135253906
v -47.27989196777344 -104.23139953613281 301.0412292480469
v 50.766998291015625 -106.11500549316406 301.41436767578125
v 45.03334045410156 -106.31977844238281 298.38775634765625
v 51.193450927734375 -107.74940490722656 301.8342590332031
v 44.55393981933594 -106.24435424804688 301.224853515625
v 37.196380615234375 -108.52006530761719 299.6883239746094
v -11.708831787109375 -108.38619995117188 301.30279541015625
v -34.49433898925781 -110.65643310546875 298.817138671875
v 50.150543212890625 -109.41455078125 302.161865234375
v 47.10356140136719 -111.41265869140625 300.2422180175781
v 40.13160705566406 -112.62237548828125 301.9399108886719
v 11.659133911132812 -114.65280151367188 300.26300048828125
v 35.37858581542969 -114.97967529296875 299.952392578125
v -28.221450805664062 -116.97576904296875 299.6136169433594
v 11.074264526367188 -117.02825927734375 301.7856750488281
v -13.65667724609375 -116.75282287597656 305.4259948730469
v 9.9300537109375 -118.55419921875 300.9474182128906
v -0.0928192138671875 -119.21737670898438 299.7672119140625
v 28.953109741210938 -120.0343017578125 300.53863525390625
v 27.68865966796875 -124.07173156738281 301.4778137207031
v -29.251174926757812 -129.921875 299.3257751464844
v 25.064773559570312 -133.02232360839844 299.6890563964844
v 23.865371704101562 -139.4821319580078 298.59844970703125
v 26.995452880859375 -141.01109313964844 301.6593933105469
v 24.82220458984375 -145.29916381835938 301.87298583984375
v 21.975967407226562 -144.3448028564453 297.8844909667969
v 16.681503295898438 -150.8774871826172 300.08221435546875
v 12.422409057617188 -155.09312438964844 303.914306640625
v -12.864547729492188 -155.1805877685547 304.39764404296875
v -6.7552337646484375 -156.077392578125 302.93487548828125
v 0.69903564453125 -70.20840454101562 303.5788879394531
v -0.2882537841796875 -71.75392150878906 302.24267578125
v 1.980072021484375 -80.22872924804688 302.74896240234375
v -0.21490478515625 -80.87063598632812 302.36993408203125
v 2.3928375244140625 -89.54493713378906 303.4878845214844
v 3.5598297119140625 -92.78364562988281 301.3785400390625
v -0.4855804443359375 -89.90797424316406 302.307861328125
v -25.377182006835938 -93.6292724609375 303.7613220214844
v -17.463333129882812 -98.35621643066406 301.5339660644531
v 4.830352783203125 -102.15768432617188 300.9099426269531
v 2.612091064453125 -100.74810791015625 300.8320007324219
v -6.356292724609375 -102.75201416015625 299.901123046875
v -4.035400390625 -100.70436096191406 300.4091796875
v -28.7720947265625 -102.26591491699219 302.6463928222656
v 20.070205688476562 -100.76066589355469 302.70330810546875
v 16.929916381835938 -101.51443481445312 302.13958740234375
v 5.777099609375 -104.70989990234375 302.1541748046875
v -0.9741973876953125 -100.04353332519531 301.72998046875
v 13.691757202148438 -103.30564880371094 304.2722473144531
v -8.220016479492188 -104.03419494628906 300.2884826660156
v -11.597518920898438 -104.31657409667969 301.6287841796875
v 48.617645263671875 -105.34078979492188 302.58837890625
v -10.410720825195312 -105.47444152832031 302.3365478515625
v -34.90040588378906 -105.66349792480469 301.00262451171875
v -9.65069580078125 -106.244873046875 300.9920654296875
v -32.600677490234375 -106.63577270507812 301.899658203125
v 32.66998291015625 -108.45646667480469 301.737060546875
v -38.550750732421875 -107.93745422363281 301.45184326171875
v -41.61637878417969 -106.97801208496094 301.52850341796875
v 36.68296813964844 -109.36174011230469 302.34881591796875
v 42.826019287109375 -107.61512756347656 303.057861328125
v -32.2222900390625 -110.21748352050781 301.5025329589844
v -35.00379943847656 -108.51390075683594 301.5068054199219
v -16.02679443359375 -113.30558776855469 304.79412841796875
v 31.112411499023438 -116.79115295410156 301.4302062988281
v -15.7183837890625 -115.16799926757812 305.861328125
v -6.398101806640625 -118.02304077148438 304.68023681640625
v -27.605392456054688 -119.57510375976562 302.97076416015625
v 5.532867431640625 -118.66633605957031 304.5057678222656
v -28.805526733398438 -122.55751037597656 302.3112487792969
v 28.089599609375 -120.60643005371094 303.0155944824219
v 27.5198974609375 -127.75384521484375 302.24273681640625
v -29.542327880859375 -127.48149108886719 302.5499267578125
v -30.423171997070312 -130.130126953125 303.56500244140625
v -30.255523681640625 -135.2096710205078 302.1246337890625
v -29.535049438476562 -139.00062561035156 303.3526611328125
v -25.603317260742188 -146.39967346191406 303.285888671875
v -21.1583251953125 -150.35777282714844 303.27569580078125
v -17.235214233398438 -153.3099822998047 305.30999755859375
v 4.0945281982421875 -156.01254272460938 302.486083984375
v 2.3698577880859375 -69.70845031738281 303.2388000488281
v 2.0904083251953125 -76.40283203125 303.87738037109375
v 1.735443115234375 -85.84873962402344 303.8028259277344
v 0.8532867431640625 -91.60591125488281 303.7050476074219
v 1.9049835205078125 -96.44244384765625 303.3362731933594
v 0.1260223388671875 -97.13088989257812 303.3699645996094
v -23.396728515625 -93.78160095214844 303.250732421875
v -21.332901000976562 -93.9251708984375 305.49481201171875
v -26.906845092773438 -94.75044250488281 303.5503234863281
v -19.272323608398438 -96.18869018554688 304.82763671875
v 30.374176025390625 -98.24824523925781 303.39483642578125
v -15.941146850585938 -100.94342041015625 304.062744140625
v -27.981597900390625 -96.50790405273438 305.9127502441406
v 29.132476806640625 -102.86015319824219 304.10711669921875
v -45.26446533203125 -103.78160095214844 301.85723876953125
v -29.512924194335938 -105.46636962890625 303.50360107421875
v -39.1123046875 -106.61534118652344 302.3948669433594
v -41.422210693359375 -105.58294677734375 301.8056945800781
v -12.061920166015625 -107.37040710449219 306.4547119140625
v -32.13865661621094 -107.94296264648438 302.5614318847656
v -14.327423095703125 -110.41383361816406 305.4515380859375
v -29.17022705078125 -111.12519836425781 303.4866027832031
v 43.84129333496094 -110.53880310058594 303.4549560546875
v 31.320327758789062 -110.43705749511719 303.5573425292969
v 38.205535888671875 -109.97268676757812 303.5832824707031
v 11.142623901367188 -112.27883911132812 304.05255126953125
v -27.841873168945312 -113.741943359375 303.33319091796875
v 37.25401306152344 -111.79452514648438 303.6908874511719
v 36.6624755859375 -113.35934448242188 302.41632080078125
v 11.834365844726562 -115.52140808105469 303.6725769042969
v 31.040939331054688 -115.18792724609375 303.2749328613281
v -26.884719848632812 -116.57691955566406 303.836669921875
v 11.062332153320312 -117.14875793457031 305.8131103515625
v 28.019256591796875 -117.53565979003906 304.1134948730469
v 28.031097412109375 -122.26809692382812 304.2525634765625
v 28.8768310546875 -124.44905090332031 305.07000732421875
v -30.361602783203125 -137.2743682861328 304.9314270019531
v 30.373565673828125 -132.46878051757812 304.1239929199219
v 30.173583984375 -137.2521514892578 305.0308532714844
v 28.60296630859375 -140.80880737304688 303.86761474609375
v 26.082366943359375 -144.69947814941406 303.3631286621094
v 18.757156372070312 -152.50823974609375 305.6657409667969
v 13.307083129882812 -155.24868774414062 306.5088806152344
v -0.12841796875 -156.5424041748047 302.9466247558594
v 0.94000244140625 -79.81327819824219 303.99212646484375
v 0.8675537109375 -83.45930480957031 304.9631042480469
v 1.08984375 -86.5760498046875 304.4612731933594
v -23.8070068359375 -92.82284545898438 307.67279052734375
v 32.091949462890625 -97.08544921875 307.46392822265625
v 30.7628173828125 -95.75401306152344 305.6753845214844
v 27.568008422851562 -96.34913635253906 305.0174255371094
v -18.534515380859375 -97.97500610351562 305.80352783203125
v 24.096817016601562 -99.34852600097656 303.7593688964844
v 21.408721923828125 -97.53309631347656 306.1198425292969
v 19.651657104492188 -98.96638488769531 306.67974853515625
v 31.290008544921875 -99.83683776855469 307.292724609375
v 17.394332885742188 -101.42813110351562 305.33209228515625
v -27.472625732421875 -98.86184692382812 309.2630920410156
v -27.937271118164062 -104.24966430664062 305.90325927734375
v 9.822647094726562 -104.37319946289062 304.26654052734375
v -13.288238525390625 -104.61189270019531 308.0499267578125
v 48.825225830078125 -107.1971435546875 303.820068359375
v 27.619644165039062 -105.52226257324219 308.218994140625
v 8.147735595703125 -105.4619140625 304.14166259765625
v 28.357650756835938 -106.61700439453125 304.1854553222656
v -29.358505249023438 -108.489013671875 304.2692565917969
v 42.56202697753906 -108.99884033203125 303.8619079589844
v 29.743927001953125 -108.72496032714844 303.3918762207031
v 26.71368408203125 -109.21907043457031 306.060791015625
v 10.741531372070312 -109.08879089355469 306.9173278808594
v 27.5987548828125 -110.42440795898438 304.7958984375
v 30.367446899414062 -112.72395324707031 304.30535888671875
v -23.525405883789062 -114.946044921875 308.08941650390625
v 24.84307861328125 -114.63279724121094 305.2589416503906
v 12.610565185546875 -114.89250183105469 305.4897766113281
v 26.400588989257812 -119.07707214355469 304.87786865234375
v 7.9966583251953125 -118.2537841796875 306.7987365722656
v -24.895309448242188 -118.20437622070312 306.75872802734375
v 26.678787231445312 -121.22039794921875 305.8297424316406
v -28.531692504882812 -125.59439086914062 305.4741516113281
v 30.039718627929688 -125.36997985839844 307.3816833496094
v 31.207260131835938 -131.5967559814453 305.6490478515625
v 28.824844360351562 -141.51637268066406 306.6569519042969
v -28.029449462890625 -141.92587280273438 304.56695556640625
v -25.305023193359375 -146.75718688964844 304.8549499511719
v 22.315414428710938 -150.1968231201172 307.0436096191406
v -23.166000366210938 -148.27906799316406 304.9725036621094
v -21.2587890625 -150.22718811035156 304.9587707519531
v 18.5762939453125 -153.04718017578125 307.6120910644531
v 2.1173858642578125 -155.49256896972656 305.3559875488281
v -3.5519561767578125 -155.19757080078125 305.50213623046875
v -26.31109619140625 -93.57856750488281 308.0469665527344
v 31.668746948242188 -95.69288635253906 309.2413330078125
v 29.780731201171875 -94.47872924804688 309.71759033203125
v 25.323593139648438 -94.23420715332031 308.7663879394531
v -21.359970092773438 -94.60348510742188 311.0032653808594
v -18.670654296875 -99.48258972167969 307.3304443359375
v 12.3173828125 -105.97886657714844 308.2895812988281
v 25.945220947265625 -107.837890625 308.2687072753906
v -25.796661376953125 -107.14445495605469 308.52020263671875
v -15.69921875 -112.16340637207031 308.96533203125
v 20.542556762695312 -113.83717346191406 308.577392578125
v 14.875640869140625 -114.20063781738281 308.48028564453125
v 13.253143310546875 -110.59722900390625 309.896728515625
v -16.10699462890625 -114.73466491699219 308.0025939941406
v 14.419296264648438 -116.24911499023438 308.2575378417969
v 20.241073608398438 -116.90916442871094 308.13433837890625
v -14.595382690429688 -116.53254699707031 308.0198974609375
v -7.0851287841796875 -118.06405639648438 307.2939453125
v 20.56561279296875 -122.64091491699219 309.07928466796875
v 22.585296630859375 -123.76307678222656 308.7843322753906
v -27.435394287109375 -125.93722534179688 307.3265075683594
v 30.376022338867188 -128.660400390625 308.17596435546875
v -29.718276977539062 -131.02322387695312 305.73883056640625
v -28.178176879882812 -132.77139282226562 307.4651794433594
v 29.945785522460938 -137.3936309814453 308.0303955078125
v -28.1402587890625 -139.51138305664062 306.59259033203125
v -15.595458984375 -138.1357421875 306.52178955078125
v -12.864364624023438 -141.53208923339844 306.1585388183594
v -8.621185302734375 -135.51075744628906 307.85986328125
v -18.309249877929688 -143.86688232421875 306.42962646484375
v -23.094451904296875 -138.77728271484375 307.5955505371094
v -23.04669189453125 -145.32228088378906 306.24029541015625
v -25.951385498046875 -138.806396484375 307.5445861816406
v -9.366973876953125 -145.72862243652344 306.5031433105469
v 26.8765869140625 -143.94776916503906 308.80694580078125
v 25.762420654296875 -146.10980224609375 307.4222412109375
v -10.32879638671875 -147.08709716796875 306.5604553222656
v -20.588302612304688 -149.405517578125 306.83807373046875
v -15.160980224609375 -151.0529327392578 308.0632629394531
v -18.756011962890625 -148.8211669921875 307.7646484375
v -4.702728271484375 -148.84947204589844 306.88214111328125
v 1.9634857177734375 -152.7453155517578 307.5085144042969
v 7.269287109375 -147.7232666015625 307.2541198730469
v 1.2654571533203125 -148.5128631591797 307.11016845703125
v -2.559417724609375 -153.09063720703125 306.8060302734375
v -9.404434204101562 -153.16909790039062 307.33258056640625
v 6.2096405029296875 -152.7604217529297 307.8077392578125
v -6.0455474853515625 -154.31643676757812 306.90960693359375
v -11.840530395507812 -154.82864379882812 306.4828186035156
v -16.641876220703125 -152.37985229492188 307.6972961425781
v 2.2513275146484375 -154.5347442626953 306.75091552734375
v 21.948974609375 -95.98587036132812 310.09283447265625
v -19.918411254882812 -96.69358825683594 313.5141906738281
v -18.362045288085938 -100.42054748535156 311.08563232421875
v 31.67034912109375 -98.76138305664062 311.6720886230469
v 20.443740844726562 -101.83103942871094 309.1025390625
v 20.34051513671875 -101.20265197753906 310.2796630859375
v 29.985336303710938 -102.23789978027344 311.21502685546875
v 19.100692749023438 -102.70823669433594 309.3346862792969
v 25.099990844726562 -106.02989196777344 313.30072021484375
v 12.074722290039062 -108.171875 309.3758239746094
v 20.72589111328125 -111.82003784179688 310.099853515625
v -23.498611450195312 -109.25282287597656 310.4371643066406
v -16.859939575195312 -115.56118774414062 309.3141174316406
v -16.622085571289062 -112.65350341796875 310.0600891113281
v 18.36822509765625 -115.65322875976562 308.8662109375
v 16.891998291015625 -116.14031982421875 308.9971618652344
v 11.887954711914062 -118.10887145996094 308.4930114746094
v -7.7385101318359375 -118.51371765136719 308.7690124511719
v 8.9107666015625 -118.99258422851562 309.0229797363281
v -21.570297241210938 -117.55715942382812 309.4870910644531
v -24.859237670898438 -123.91842651367188 309.02484130859375
v 28.030044555664062 -124.78196716308594 308.8778076171875
v -24.193710327148438 -128.46726989746094 309.3502502441406
v -3.29852294921875 -134.73626708984375 308.39239501953125
v -11.347061157226562 -127.11508178710938 309.99163818359375
v -20.50244140625 -131.73129272460938 308.89825439453125
v 28.2496337890625 -138.2219696044922 309.51214599609375
v -2.9514007568359375 -143.0147247314453 308.1412658691406
v 7.7752685546875 -136.02662658691406 308.3758544921875
v 9.549636840820312 -141.64157104492188 308.146484375
v 15.5047607421875 -144.7666473388672 308.4497985839844
v 22.198593139648438 -149.9601287841797 308.7077941894531
v 21.142227172851562 -145.03244018554688 309.99908447265625
v 14.483444213867188 -151.3826904296875 308.9111022949219
v 16.620193481445312 -152.5863037109375 308.8280334472656
v 12.750350952148438 -154.27005004882812 307.83197021484375
v 27.225921630859375 -94.23063659667969 311.4280090332031
v -24.614761352539062 -94.44583129882812 311.222412109375
v 30.144515991210938 -96.71218872070312 313.59173583984375
v -26.359970092773438 -96.49856567382812 310.76495361328125
v 21.161544799804688 -98.01364135742188 313.7040710449219
v -14.698272705078125 -104.83087158203125 311.8543395996094
v 18.567398071289062 -104.62800598144531 314.03167724609375
v -14.057937622070312 -107.29997253417969 312.5492248535156
v 14.953826904296875 -107.62814331054688 314.4375305175781
v 22.598587036132812 -106.83961486816406 314.8967590332031
v 16.44464111328125 -112.83106994628906 310.0973815917969
v 14.079620361328125 -109.24591064453125 313.5184631347656
v -20.71356201171875 -114.38569641113281 309.9993896484375
v -21.123626708984375 -111.12803649902344 311.3071594238281
v 19.674072265625 -108.89256286621094 315.1217041015625
v -18.85247802734375 -111.58596801757812 311.8797302246094
v -18.607879638671875 -114.92401123046875 309.9998779296875
v -15.619781494140625 -118.06288146972656 309.90155029296875
v 11.174346923828125 -120.46417236328125 310.00445556640625
v -6.57489013671875 -119.76962280273438 309.9486999511719
v -9.175567626953125 -119.25350952148438 309.9761962890625
v -18.77459716796875 -121.261962890625 310.65545654296875
v 14.779693603515625 -122.446533203125 310.48199462890625
v -9.312026977539062 -120.05587768554688 310.50323486328125
v -22.651199340820312 -123.76649475097656 310.0745544433594
v 19.287918090820312 -126.85258483886719 310.1239013671875
v -6.0138092041015625 -122.73292541503906 310.6177978515625
v -10.117950439453125 -122.68511962890625 310.7456970214844
v -20.730377197265625 -126.34463500976562 310.2303466796875
v 27.536895751953125 -127.88632202148438 310.02777099609375
v 16.032211303710938 -128.78562927246094 310.3155212402344
v 13.15728759765625 -130.81858825683594 309.9588317871094
v 22.555511474609375 -133.2720947265625 310.6440124511719
v 26.370803833007812 -137.04994201660156 310.4456787109375
v 24.51702880859375 -142.31263732910156 310.48748779296875
v 19.3707275390625 -138.7006072998047 310.1272888183594
v 22.44061279296875 -147.5009002685547 309.7439880371094
v 28.466140747070312 -96.40095520019531 314.6793518066406
v 23.8431396484375 -96.02696228027344 314.4481201171875
v -21.475601196289062 -96.63505554199219 314.6900939941406
v 22.305435180664062 -97.59361267089844 315.27960205078125
v -23.57440185546875 -98.5023193359375 314.2373046875
v 20.588043212890625 -101.48556518554688 314.19134521484375
v 28.379058837890625 -102.923828125 314.6337585449219
v -19.609634399414062 -100.62724304199219 315.2038269042969
v -22.826873779296875 -105.08580017089844 314.06585693359375
v -19.126754760742188 -102.56607055664062 315.17169189453125
v -20.499191284179688 -107.2569580078125 315.4512634277344
v -17.439727783203125 -108.18659973144531 315.30108642578125
v 16.53753662109375 -108.86630249023438 315.30572509765625
v -21.363967895507812 -100.15643310546875 315.5674133300781
v 27.393646240234375 -101.10737609863281 316.4156799316406
v 22.403472900390625 -105.36805725097656 316.8433837890625
v -16.939056396484375 -105.62577819824219 314.8878479003906
v 25.490478515625 -98.69293212890625 316.6152038574219
v 21.791091918945312 -102.85008239746094 316.5421447753906
v 23.8721923828125 -103.25155639648438 317.66949462890625
v 19.554351806640625 -105.03532409667969 315.7657165527344
v -19.0494384765625 -106.45437622070312 315.9822692871094
vn -0.2922288477420807 0.3640458881855011 -0.8843488693237305
vn 0.012699776329100132 0.6622485518455505 -0.749176561832428
vn 0.3920136094093323 0.16750645637512207 -0.9045811295509338
vn -0.2534797787666321 -0.6803491115570068 -0.6876577138900757
vn -0.795103907585144 -0.04737897589802742 -0.6046197414398193
vn -0.7326896786689758 -0.5736552476882935 -0.366176962852478
vn 0.504048228263855 -0.5948559045791626 -0.6261643767356873
vn 0.09939604252576828 -0.907843291759491 -0.4073585867881775
vn -0.23036429286003113 -0.923379123210907 -0.3070884943008423
vn 0.3235388398170471 0.6605662107467651 -0.6774768829345703
vn -0.02382231317460537 0.9104465842247009 -0.4129401445388794
vn -0.5130915641784668 0.7669011354446411 -0.38548633456230164
vn 0.6358353495597839 0.13873080909252167 -0.7592543959617615
vn 0.5371086001396179 -0.3136542737483978 -0.7830296158790588
vn -0.4735300540924072 -0.11981472373008728 -0.8725902438163757
vn 0.00866663921624422 0.6010792255401611 -0.7991424798965454
vn 0.6489655375480652 -0.3612635135650635 -0.6695762872695923
vn -0.05503755435347557 -0.8147958517074585 -0.5771297216415405
vn -0.09081976860761642 0.04816842079162598 -0.9947017431259155
vn -0.29373428225517273 -0.4983309805393219 -0.8157122135162354
vn -0.7186700701713562 -0.3273744583129883 -0.6134650707244873
vn -0.21529991924762726 0.9765427708625793 -0.0031973361037671566
vn -0.9949532747268677 0.06719464063644409 -0.074517622590065
vn 0.6389060616493225 0.5379391312599182 -0.549927830696106
vn 0.8117358684539795 -0.3156415820121765 -0.49138104915618896
vn -0.5950177907943726 -0.7520028352737427 -0.28362950682640076
vn 0.36847245693206787 -0.8180029988288879 -0.44170036911964417
vn -0.4068218469619751 -0.8476898074150085 -0.3404674530029297
vn -0.04212756082415581 0.702680766582489 -0.7102569937705994
vn 0.7535536885261536 0.5159358382225037 -0.40739062428474426
vn -0.18190261721611023 0.3261977732181549 -0.9276349544525146
vn 0.5379209518432617 -0.03841274231672287 -0.8421196937561035
vn 0.9778020977973938 -0.1260809600353241 0.16735203564167023
vn -0.29226845502853394 0.07268603891134262 -0.9535701274871826
vn 0.1948278546333313 -0.15733906626701355 -0.9681355953216553
vn 0.8248279690742493 -0.2258429080247879 -0.5183183550834656
vn -0.508415699005127 0.2760423719882965 -0.8156679272651672
vn 0.23377421498298645 0.36177781224250793 -0.9024779796600342
vn -0.7975531220436096 -0.06223784014582634 -0.6000295877456665
vn -0.9931926131248474 -0.05638675019145012 -0.10192655026912689
vn 0.9630031585693359 -0.2615094780921936 0.06509840488433838
vn 0.715402364730835 -0.3723001480102539 -0.5912631750106812
vn -0.9332739114761353 -0.35293781757354736 -0.06659360229969025
vn -0.08314407616853714 -0.012073570862412453 -0.9964644312858582
vn 0.23033078014850616 0.20161667466163635 -0.9519971013069153
vn 0.4833259582519531 -0.3968043625354767 -0.7803476452827454
vn 0.05892227217555046 -0.2331646978855133 -0.9706504940986633
vn -0.3666794002056122 -0.7016022205352783 -0.6109833121299744
vn -0.7582234740257263 -0.6480687260627747 -0.07144345343112946
vn 0.17102813720703125 0.16792820394039154 -0.9708499312400818
vn -0.05819409713149071 -0.23793356120586395 -0.969536542892456
vn -0.27366340160369873 -0.6978043913841248 -0.6619497537612915
vn -0.5700773000717163 -0.8138769865036011 -0.11232197284698486
vn 0.123593769967556 0.04742899909615517 -0.9911987781524658
vn 0.01088571548461914 -0.3516247868537903 -0.9360777735710144
vn -0.30612149834632874 -0.7060301899909973 -0.6386008262634277
vn -0.019104521721601486 0.921427845954895 -0.3880796432495117
vn -0.3383415937423706 0.9374863505363464 0.08151332288980484
vn 0.08102961629629135 0.8742218017578125 -0.4787175953388214
vn -0.37410128116607666 0.5367897152900696 -0.7562441229820251
vn 0.49020636081695557 0.39520442485809326 -0.7768598794937134
vn -0.637822151184082 0.7508536577224731 0.17146946489810944
vn -0.5456124544143677 0.26872164011001587 -0.7937857508659363
vn 0.697626531124115 -0.22811196744441986 -0.6791775822639465
vn -0.7628136873245239 -0.20294101536273956 -0.6139464378356934
vn 0.7096845507621765 -0.4810503125190735 -0.5147217512130737
vn 0.6021929979324341 -0.673488974571228 -0.4286913275718689
vn 0.6069144010543823 -0.7444813251495361 -0.2782130837440491
vn -0.6061479449272156 -0.612112820148468 -0.507841169834137
vn 0.042065512388944626 -0.9384883046150208 -0.3427393138408661
vn 0.45079389214515686 0.8899985551834106 0.06846484541893005
vn 0.36701473593711853 0.9280638098716736 -0.063227578997612
vn 0.03592202812433243 0.6581189036369324 -0.7520566582679749
vn -0.32971224188804626 0.2440558820962906 -0.9119904637336731
vn -0.8046476244926453 0.4233863949775696 -0.41627660393714905
vn -0.07259388267993927 0.3330027759075165 -0.9401272535324097
vn -0.3348110318183899 0.1406705528497696 -0.9317260384559631
vn -0.3312201499938965 0.11316438019275665 -0.9367427825927734
vn 0.2572764456272125 0.31733906269073486 -0.9127457737922668
vn 0.2604868412017822 0.3578699827194214 -0.8967027068138123
vn -0.22522638738155365 0.19652439653873444 -0.9542804956436157
vn -0.1190127432346344 0.1611441820859909 -0.9797288179397583
vn -0.10060951113700867 0.20184054970741272 -0.9742372035980225
vn 0.8854205012321472 -0.4597902297973633 -0.06799691915512085
vn 0.31639426946640015 -0.35798943042755127 -0.8784863948822021
vn -0.008120524697005749 0.1864822953939438 -0.982424795627594
vn 0.08580127358436584 0.2885763943195343 -0.9536046981811523
vn 0.7476489543914795 -0.5776165127754211 -0.3276893198490143
vn -0.056986819952726364 0.22551262378692627 -0.9725721478462219
vn -0.02410716563463211 -0.15112027525901794 -0.9882214069366455
vn -0.5012397170066833 -0.8297889828681946 -0.2453751415014267
vn 0.6658704876899719 -0.7439798712730408 0.055771294981241226
vn 0.4693121016025543 -0.7569396495819092 -0.45474016666412354
vn 0.00042967015178874135 -0.06251464784145355 -0.998043954372406
vn -0.4578721523284912 -0.8488469123840332 -0.2642197012901306
vn 0.1621231883764267 -0.46364325284957886 -0.871063232421875
vn -0.013703477568924427 -0.2614532709121704 -0.9651188850402832
vn 0.008565881289541721 -0.2956892251968384 -0.9552457928657532
vn -0.21974942088127136 -0.6099156737327576 -0.7613889575004578
vn 0.045109380036592484 -0.48822081089019775 -0.8715535998344421
vn -0.37615299224853516 -0.839391827583313 -0.39233964681625366
vn 0.15039286017417908 -0.7128646969795227 -0.6849860548973083
vn -0.3997010588645935 -0.8621892929077148 -0.31123748421669006
vn 0.3035118281841278 -0.9403586983680725 -0.15364262461662292
vn 0.11549429595470428 -0.8367269039154053 -0.5353029370307922
vn -0.1886948049068451 -0.7812802791595459 -0.5949752330780029
vn 0.06472422927618027 0.6646445393562317 -0.7443510890007019
vn -0.38743850588798523 0.9076086282730103 -0.1616726666688919
vn -0.3282928764820099 0.9441787004470825 0.02739541418850422
vn -0.3366622030735016 0.9045642614364624 0.2615762948989868
vn 0.38839393854141235 0.921280026435852 -0.019830824807286263
vn 0.10252756625413895 0.9104816317558289 -0.400638610124588
vn -0.19368581473827362 0.7959962487220764 -0.5734769105911255
vn 0.9595170617103577 0.08022629469633102 -0.2699829339981079
vn -0.5620256662368774 0.45775312185287476 -0.6889044642448425
vn 0.48747462034225464 0.126651793718338 -0.8639026880264282
vn -0.3311556279659271 0.8715062737464905 0.3616804778575897
vn -0.70230633020401 0.13281190395355225 -0.699376106262207
vn -0.8972817659378052 -0.43761900067329407 -0.058095503598451614
vn -0.23450660705566406 -0.8431851267814636 -0.483782559633255
vn 0.3937753438949585 -0.8555732369422913 -0.336058646440506
vn 0.13906194269657135 -0.9066596627235413 -0.39828386902809143
vn 0.08093861490488052 0.7822991013526917 -0.6176221370697021
vn -0.11485429853200912 0.5295571088790894 -0.8404628038406372
vn -0.18268302083015442 0.9324007630348206 -0.31185847520828247
vn -0.35867777466773987 0.7963969111442566 -0.4869315028190613
vn 0.22244225442409515 0.7271725535392761 -0.6494147181510925
vn 0.056918997317552567 0.47777438163757324 -0.8766366839408875
vn 0.13078656792640686 0.9170441031455994 -0.37672945857048035
vn -0.008351822383701801 0.17082183063030243 -0.9852665662765503
vn 0.03601916506886482 0.1630428284406662 -0.9859612584114075
vn 0.05227024108171463 -0.1251513957977295 -0.9907597899436951
vn 0.49944183230400085 0.7272594571113586 -0.47079893946647644
vn 0.16876102983951569 0.2606217563152313 -0.9505767226219177
vn -0.11293153464794159 0.30936944484710693 -0.9442123770713806
vn 0.5645638108253479 0.795955240726471 -0.21845602989196777
vn 0.27083829045295715 0.4934382140636444 -0.8265382051467896
vn -0.05575358495116234 -0.1563742458820343 -0.9861230254173279
vn -0.032548777759075165 -0.2064102590084076 -0.9779240489006042
vn 0.09244131296873093 -0.10736866295337677 -0.9899124503135681
vn -0.2452857792377472 0.8082891702651978 -0.5352602005004883
vn -0.19396424293518066 0.4592244625091553 -0.8668856620788574
vn -0.5873197913169861 0.6959962248802185 -0.413091778755188
vn -0.332453191280365 0.90244060754776 -0.2739999294281006
vn -0.10068321228027344 0.07050973176956177 -0.9924169182777405
vn 0.03564285486936569 -0.2406538724899292 -0.9699563384056091
vn 0.20761528611183167 -0.1988205909729004 -0.9577924013137817
vn 0.014737820252776146 0.03986971452832222 -0.9990962147712708
vn 0.6516740918159485 0.6144459843635559 0.44472140073776245
vn -0.016107777133584023 -0.27352139353752136 -0.9617310762405396
vn -0.08629162609577179 -0.1216360405087471 -0.9888166785240173
vn 0.7734510898590088 0.25752198696136475 0.5791854858398438
vn -0.1987585872411728 -0.034077003598213196 -0.9794558882713318
vn 0.11229042708873749 0.07560607045888901 -0.9907948970794678
vn 0.1577456146478653 0.007277060300111771 -0.9874529838562012
vn -0.901370644569397 0.42814841866493225 0.0649605244398117
vn -0.9677842855453491 0.1368485540151596 0.21134360134601593
vn -0.12502023577690125 0.11221256852149963 -0.9857881665229797
vn -0.13904811441898346 0.11649738997220993 -0.9834094047546387
vn -0.17900753021240234 0.15665890276432037 -0.971295177936554
vn 0.16083963215351105 0.15395818650722504 -0.9748986959457397
vn 0.8560696244239807 -0.09464439749717712 0.5081212520599365
vn 0.13467936217784882 0.1850939244031906 -0.9734483361244202
vn -0.033183805644512177 0.11261767148971558 -0.9930841326713562
vn -0.0336453877389431 0.16344141960144043 -0.9859791994094849
vn -0.8679359555244446 -0.40570634603500366 0.2865128517150879
vn 0.8573679327964783 -0.2474602311849594 0.4513133764266968
vn 0.07791666686534882 0.17964482307434082 -0.9806410074234009
vn -0.7582825422286987 -0.6110591888427734 0.22718776762485504
vn -0.6429191827774048 -0.7623412609100342 0.07410009950399399
vn 0.7921246290206909 -0.5071133971214294 0.339668333530426
vn -0.5628180503845215 -0.8265312910079956 -0.009053424000740051
vn 0.4301677346229553 -0.8589022755622864 0.2779255509376526
vn 0.3321942985057831 -0.9419194459915161 0.049343664199113846
vn 0.21281218528747559 -0.9700834155082703 -0.11682986468076706
vn 0.06809816509485245 -0.9160200357437134 -0.3953099846839905
vn -0.2551831305027008 -0.9649351239204407 -0.06149612367153168
vn 0.005420397967100143 -0.9989846348762512 -0.044724758714437485
vn -0.25680848956108093 0.7248107194900513 -0.6392955780029297
vn 0.2470678687095642 0.28773626685142517 -0.9252920150756836
vn -0.39949747920036316 0.8543680310249329 -0.33235087990760803
vn -0.529456377029419 0.7901822328567505 0.30868762731552124
vn 0.4291381537914276 0.9032388925552368 -0.00011837685451610014
vn -0.3423677682876587 0.6314643025398254 -0.6957278251647949
vn 0.5063784122467041 -0.12170322984457016 -0.8536798357963562
vn 0.6066192388534546 -0.4352860152721405 -0.665236234664917
vn 0.5855388641357422 -0.5837470889091492 -0.5624798536300659
vn 0.5155434608459473 -0.7865081429481506 -0.3400292992591858
vn 0.20341458916664124 -0.9250750541687012 -0.3207159638404846
vn 0.16588713228702545 0.9849123358726501 -0.049286577850580215
vn 0.04401784762740135 0.9888514280319214 -0.14225076138973236
vn 0.3068786859512329 0.951522946357727 0.020726919174194336
vn -0.3317567706108093 0.9109536409378052 -0.2451549619436264
vn -0.3479120433330536 0.9360207319259644 -0.053126465529203415
vn 0.5479655265808105 0.8351424336433411 -0.04765276610851288
vn 0.10604970902204514 -0.045121561735868454 -0.99333655834198
vn 0.8354061841964722 0.22862236201763153 0.49982836842536926
vn 0.8273629546165466 -0.06787388026714325 0.5575516223907471
vn -0.9206570386886597 -0.16922250390052795 0.35178741812705994
vn -0.8329281210899353 -0.4366617798805237 0.33993712067604065
vn 0.5550597906112671 -0.6885316371917725 0.46672558784484863
vn -0.46699339151382446 -0.8834003806114197 0.039000269025564194
vn -0.3389776051044464 -0.9375356435775757 0.07823824137449265
vn 0.24818208813667297 -0.9078715443611145 0.33789777755737305
vn 0.14760920405387878 -0.9836400747299194 0.10326560586690903
vn -0.5863182544708252 0.04397113248705864 -0.8088865280151367
vn -0.9330713748931885 -0.07898841798305511 -0.3509112000465393
vn 0.010564342141151428 0.08859369903802872 -0.9960118532180786
vn -0.8041372299194336 0.4846721887588501 -0.34417474269866943
vn -0.25412723422050476 0.3628871440887451 -0.8965111970901489
vn 0.5316630005836487 0.08114530146121979 -0.8430598378181458
vn 0.47451868653297424 0.7762824296951294 0.41499122977256775
vn 0.587744951248169 0.7528449296951294 0.2962774932384491
vn -0.6723467707633972 0.239841029047966 -0.7003043293952942
vn -0.3592122197151184 0.7944422960281372 0.4897223711013794
vn 0.7815029621124268 0.5343039631843567 0.32213738560676575
vn -0.7801149487495422 0.44342494010925293 0.4413559138774872
vn -0.5810306668281555 -0.22852949798107147 -0.7811387181282043
vn -0.9460791349411011 -0.03140510246157646 0.3224097192287445
vn 0.8855639696121216 -0.462476909160614 0.043492961674928665
vn -0.7383856177330017 -0.4236030876636505 -0.5247352719306946
vn -0.6492178440093994 -0.5822613835334778 -0.4893749952316284
vn -0.984960675239563 -0.12872491776943207 -0.11524911224842072
vn -0.12868577241897583 -0.8892012238502502 -0.43904581665992737
vn -0.4684220552444458 -0.7501395344734192 -0.46676716208457947
vn 0.19174817204475403 0.9814395308494568 -0.003013442037627101
vn 0.592803418636322 0.8053424954414368 0.0027686653193086386
vn -0.4893234074115753 0.8462752103805542 -0.2106676697731018
vn -0.9644991159439087 0.2443239539861679 0.10023633390665054
vn -0.8054646849632263 0.5919784903526306 0.02807321958243847
vn 0.7920013070106506 0.6033713817596436 0.09315011650323868
vn 0.9318511486053467 0.280544638633728 0.23010464012622833
vn -0.9605645537376404 -0.06914909183979034 0.2693217694759369
vn -0.8994671702384949 -0.29438403248786926 0.3229502737522125
vn -0.8484401106834412 -0.4901178777217865 0.1998349279165268
vn -0.668282151222229 -0.714984118938446 0.20541851222515106
vn 0.38448551297187805 -0.8161671757698059 0.4313259720802307
vn -0.14653286337852478 -0.9772449135780334 0.15336433053016663
vn -0.1641409993171692 0.5826705694198608 -0.7959603071212769
vn -0.34689557552337646 0.1943507045507431 -0.9175463914871216
vn -0.8943859934806824 0.15391235053539276 -0.41998180747032166
vn 0.43431147933006287 0.5716580152511597 -0.6961183547973633
vn 0.11547046154737473 0.24803444743156433 -0.9618449211120605
vn 0.7764154076576233 0.19707457721233368 -0.5986157655715942
vn -0.5811493992805481 -0.0849783793091774 -0.809347927570343
vn 0.7917086482048035 -0.0008356411708518863 -0.6108983159065247
vn 0.9558672904968262 -0.04390037804841995 -0.2905004322528839
vn -0.9842472672462463 0.09151577204465866 -0.15126901865005493
vn 0.5606029629707336 0.19281722605228424 -0.8053234219551086
vn -0.6375638246536255 0.7659488916397095 -0.08267191797494888
vn 0.07238234579563141 0.6537986397743225 -0.7531986236572266
vn 0.28326305747032166 0.0753447562456131 -0.956078052520752
vn 0.6516410112380981 0.5401800274848938 -0.5325124859809875
vn 0.5511925220489502 0.7929031252861023 -0.2597911059856415
vn -0.6092869639396667 0.7802674174308777 0.14125248789787292
vn 0.6472397446632385 0.7391858100891113 0.18623942136764526
vn -0.2787531614303589 0.17415852844715118 -0.9444392919540405
vn -0.02081090584397316 -0.31016862392425537 -0.9504537582397461
vn 0.4089280366897583 -0.4368416965007782 -0.8012160658836365
vn -0.3228423595428467 0.8404332399368286 0.4352525472640991
vn 0.9220528602600098 0.0560549832880497 0.38298359513282776
vn 0.5449373722076416 0.7312898635864258 0.4101930558681488
vn 0.565585732460022 -0.728579580783844 -0.3863736391067505
vn -0.8133310079574585 0.46373826265335083 0.3513396680355072
vn 0.8832305669784546 -0.46295714378356934 -0.07466331869363785
vn -0.6323115825653076 -0.6637752056121826 -0.3994804918766022
vn 0.5200931429862976 -0.8189935684204102 -0.24238958954811096
vn 0.2588108479976654 -0.8019686937332153 -0.5383895039558411
vn 0.10634063929319382 -0.7800453305244446 -0.6166206002235413
vn -0.3458074927330017 -0.39037013053894043 -0.8532457947731018
vn -0.8042008876800537 -0.0946088582277298 -0.5867794156074524
vn -0.02697259560227394 0.9955921173095703 0.08982640504837036
vn -0.20850889384746552 0.974958598613739 -0.07732924073934555
vn 0.16415922343730927 0.9763618111610413 0.14060327410697937
vn 0.26806479692459106 0.9616718888282776 -0.057693127542734146
vn 0.24180452525615692 0.9635279774665833 0.11464934796094894
vn 0.9799683094024658 0.16761921346187592 -0.10754545032978058
vn 0.9649848937988281 -0.05670250207185745 0.256103515625
vn 0.7988710403442383 -0.3214564919471741 0.5084003210067749
vn 0.8740851879119873 -0.3879454433917999 0.29235854744911194
vn 0.7705836296081543 -0.5609071254730225 0.302628755569458
vn 0.6034832000732422 -0.601545512676239 0.5234033465385437
vn -0.343405544757843 -0.9370038509368896 0.06400340795516968
vn 0.27344033122062683 -0.9440855383872986 0.18420909345149994
vn 0.050101954489946365 -0.9891010522842407 0.13845205307006836
vn -0.2229044884443283 0.8635296821594238 -0.4523606300354004
vn -0.8613923788070679 0.5030909180641174 0.07001825422048569
vn -0.8930205702781677 -0.4009518325328827 -0.20433291792869568
vn 0.9480046033859253 0.02375202253460884 -0.3173689842224121
vn -0.9779777526855469 0.20870792865753174 -0.0007373177795670927
vn 0.8711874485015869 0.32025280594825745 -0.3721163272857666
vn 0.8597692847251892 0.5095946788787842 0.033318523317575455
vn -0.8729232549667358 0.48311847448349 0.06783465296030045
vn -0.7090802192687988 0.547920823097229 0.4438333511352539
vn -0.5376890301704407 0.6358770132064819 0.5536704659461975
vn 0.08004463464021683 -0.638848602771759 -0.7651571035385132
vn 0.4843335449695587 0.7116931080818176 0.5088359117507935
vn 0.21877747774124146 -0.8357682228088379 -0.5036149024963379
vn -0.7414515018463135 0.6554296016693115 -0.14374198019504547
vn 0.4342268109321594 -0.8776105642318726 -0.20309309661388397
vn 0.5132964849472046 -0.5667761564254761 -0.6444312930107117
vn -0.07083968073129654 -0.7150282859802246 -0.6954972147941589
vn 0.35429713129997253 -0.8773475885391235 -0.3236275315284729
vn -0.21109309792518616 0.8749688267707825 -0.43574002385139465
vn 0.47869303822517395 0.7171422243118286 -0.5065176486968994
vn 0.8092716336250305 0.4819071888923645 -0.3359239995479584
vn -0.8850001096725464 0.4214712381362915 -0.19783024489879608
vn 0.8944900631904602 -0.2910764813423157 0.3393552601337433
vn -0.931372344493866 -0.33103814721107483 0.15152348577976227
vn -0.7239770293235779 -0.6848779320716858 0.08245932310819626
vn 0.5288642644882202 -0.819270670413971 0.22158126533031464
vn -0.5548717379570007 -0.8269907832145691 0.09057413041591644
vn -0.16247887909412384 -0.9861870408058167 -0.03218374028801918
vn 0.18818248808383942 0.9796339869499207 -0.07003244757652283
vn 0.47721540927886963 0.8122023344039917 -0.33554860949516296
vn -0.42110350728034973 0.8981350064277649 -0.1265912801027298
vn 0.8330923318862915 0.4442705512046814 -0.32951608300209045
vn -0.9559307098388672 -0.180287167429924 0.23171770572662354
vn 0.989254355430603 0.07308129966259003 -0.1266295164823532
vn -0.9413202404975891 -0.3362990617752075 0.028622286394238472
vn -0.9950900077819824 -0.09897326678037643 0.0005860409582965076
vn 0.9942083358764648 -0.0928562581539154 -0.05410614237189293
vn 0.9876415729522705 0.15502457320690155 0.023055076599121094
vn 0.7055777311325073 0.663031280040741 0.2500994801521301
vn -0.8226944208145142 0.5129098892211914 0.24514766037464142
vn 0.6663980484008789 0.542694091796875 0.5112698078155518
vn -0.3235665559768677 -0.64329993724823 -0.6938803195953369
vn -0.1369696855545044 0.8677513599395752 0.4777519404888153
vn -0.4243113100528717 0.8970624208450317 0.12344629317522049
vn 0.9694123864173889 0.24169988930225372 0.042671069502830505
vn -0.5813252329826355 0.5492380261421204 -0.6003320813179016
vn 0.8789423704147339 -0.0677734762430191 -0.4720880091190338
vn -0.6343886852264404 -0.704863429069519 -0.31736183166503906
vn -0.5791941285133362 -0.6512831449508667 -0.49026983976364136
vn 0.4092849791049957 -0.7468405365943909 -0.5241326093673706
vn -0.44607821106910706 0.24123330414295197 -0.8618704676628113
vn 0.27689602971076965 -0.4951729476451874 -0.8234879374504089
vn -0.030876217409968376 0.998928427696228 -0.034478530287742615
vn 0.029070256277918816 0.9957713484764099 0.08714623749256134
vn 0.06117922067642212 0.9098976254463196 -0.41029682755470276
vn 0.19348642230033875 0.8125646114349365 -0.549819827079773
vn -0.6724879741668701 0.5478026270866394 -0.4976668357849121
vn 0.602508008480072 0.24251575767993927 -0.7603750824928284
vn -0.9979957938194275 -0.02852148935198784 -0.056489139795303345
vn 0.9814304709434509 -0.1860191375017166 0.04680972546339035
vn -0.9713906049728394 -0.225126713514328 0.07561905682086945
vn 0.8654690384864807 -0.5005325078964233 0.020750941708683968
vn 0.2684992849826813 -0.9628274440765381 -0.02952018938958645
vn 0.06607872992753983 -0.9977466464042664 -0.011632212437689304
vn -0.524097204208374 0.8130946755409241 0.25337567925453186
vn 0.806471586227417 0.5909616351127625 0.01918140985071659
vn -0.8859832882881165 0.28927525877952576 0.36242714524269104
vn -0.9719706177711487 -0.15782274305820465 0.17425620555877686
vn -0.9958580136299133 0.015064442530274391 0.08966611325740814
vn 0.7845497727394104 0.4634077250957489 0.4119890034198761
vn -0.8203518390655518 0.4185091257095337 0.38970887660980225
vn -0.6052327752113342 0.5965847373008728 0.5270482897758484
vn 0.6958873867988586 0.4061214327812195 0.5922888517379761
vn -0.35346630215644836 0.7552089691162109 0.5520154237747192
vn 0.0957007110118866 0.9899177551269531 0.10442367196083069
vn 0.4965662360191345 0.8673153519630432 0.03444002941250801
vn 0.22097012400627136 0.9365695118904114 0.27204760909080505
vn -0.24705985188484192 -0.864220917224884 -0.43827351927757263
vn 0.034313660115003586 -0.9992972612380981 -0.015087121166288853
vn -0.010482757352292538 0.9444614052772522 0.32845520973205566
vn 0.10972250252962112 0.9047236442565918 -0.4116261601448059
vn -0.1437217742204666 0.12198173254728317 -0.9820715188980103
vn -0.5712136030197144 0.5382816791534424 -0.6196514368057251
vn 0.8960173726081848 0.30662471055984497 -0.3211452066898346
vn 0.0100864227861166 0.5116295218467712 -0.8591469526290894
vn 0.07260631769895554 0.901024580001831 -0.4276482164859772
vn -0.7881799340248108 -0.6125633120536804 0.05948637053370476
vn 0.6919766068458557 0.4552983045578003 -0.560242772102356
vn 0.5268809199333191 -0.8479139804840088 -0.058638617396354675
vn -0.20845505595207214 0.11887398362159729 -0.9707808494567871
vn -0.10475865006446838 0.5457278490066528 -0.8313884139060974
vn -0.05102190002799034 0.07944952696561813 -0.9955322742462158
vn -0.15429630875587463 -0.2727881371974945 -0.9496206045150757
vn -0.36493980884552 -0.782593846321106 -0.5043469667434692
vn 0.510774552822113 -0.031012097373604774 -0.8591552376747131
vn 0.15081241726875305 -0.38174834847450256 -0.911879301071167
vn 0.5587137937545776 -0.7790616154670715 -0.28443264961242676
vn -0.2087557017803192 -0.5914239883422852 -0.7788702249526978
vn -0.2777097225189209 -0.8032324314117432 -0.5269677639007568
vn 0.3101525902748108 0.9089345335960388 -0.27864572405815125
vn 0.08309562504291534 0.7542709112167358 -0.6512838006019592
vn 0.14291734993457794 0.6894870400428772 -0.7100579738616943
vn 0.04649065062403679 0.3179100453853607 -0.946980357170105
vn -0.11364103108644485 0.48525363206863403 -0.8669571280479431
vn 0.21358159184455872 0.4913676083087921 -0.8443582653999329
vn -0.7150300741195679 -0.6767813563346863 -0.17521145939826965
vn -0.22353947162628174 -0.3085205554962158 -0.9245783686637878
vn 0.18001309037208557 0.1209384873509407 -0.9762014150619507
vn 0.2808331251144409 -0.31613436341285706 -0.9061964154243469
vn -0.05343284830451012 0.11578933149576187 -0.9918355941772461
vn -0.06240120157599449 0.3988289535045624 -0.9148997664451599
vn -0.01161816343665123 0.027378195896744728 -0.9995576739311218
vn -0.13660326600074768 -0.23404306173324585 -0.9625816941261292
vn -0.5008658766746521 -0.7562973499298096 -0.4208892583847046
vn -0.2963745892047882 -0.9008291363716125 -0.3172837793827057
vn 0.36124947667121887 -0.8921117186546326 -0.2713586390018463
vn 0.3461894989013672 -0.6972612738609314 -0.6276779174804688
vn 0.1696876436471939 -0.26147618889808655 -0.950177013874054
vn -0.32354700565338135 -0.3839907646179199 -0.8647938966751099
vn 0.668123722076416 -0.5099143385887146 -0.5418468713760376
vn -0.42276450991630554 -0.42464137077331543 -0.8005934357643127
vn 0.6775032877922058 -0.04864737391471863 -0.7339092493057251
vn 0.25083503127098083 -0.02511076256632805 -0.9677041172981262
vn 0.4955337345600128 -0.8260709047317505 -0.26842740178108215
vn 0.46077316999435425 -0.6135760545730591 -0.6412585973739624
vn -0.21770413219928741 0.09036029875278473 -0.9718230366706848
vn -0.44629228115081787 -0.024355225265026093 -0.8945558071136475
vn -0.8039003610610962 -0.5019418001174927 -0.3190591633319855
vn -0.6027246713638306 -0.26320934295654297 -0.7532886862754822
vn 0.4141620397567749 -0.3884482979774475 -0.8231511116027832
vn 0.0880519226193428 0.026895809918642044 -0.9957526922225952
vn 0.26326289772987366 0.5086591243743896 -0.8197307586669922
vn -0.34012994170188904 0.06564389914274216 -0.9380844831466675
vn 0.7027062773704529 -0.6598694920539856 -0.2660379707813263
vn 0.5763095617294312 0.5734308958053589 -0.5822751522064209
vn 0.2855486273765564 0.913654625415802 -0.2893049120903015
vn -0.23776407539844513 0.5369786620140076 -0.8093962073326111
vn -0.08599773794412613 0.49379435181617737 -0.865315854549408
vn -0.5407430529594421 0.39828410744667053 -0.7409229278564453
vn 0.12730127573013306 0.9918592572212219 -0.0031111538410186768
vn 0.432105153799057 -0.09138254076242447 -0.8971813917160034
vn -0.1530648171901703 0.8903404474258423 -0.42879489064216614
vn -0.43148571252822876 0.7798169255256653 -0.45354795455932617
vn 0.007120806723833084 0.9814602732658386 -0.19153346121311188
vn -0.7988194227218628 0.1815221756696701 -0.5735304951667786
vn 0.7385144829750061 -0.4726293087005615 -0.4808511734008789
vn 0.2517755925655365 0.3647252917289734 -0.8964287638664246
vn 0.9100395441055298 -0.142561674118042 -0.3892354667186737
vn -0.9590200781822205 0.13837407529354095 -0.24725115299224854
vn 0.9388760328292847 -0.32053476572036743 -0.12557600438594818
vn -0.8277084827423096 -0.5596088171005249 -0.041673444211483
vn 0.7004984021186829 -0.7118912935256958 -0.05012751743197441
vn -0.603870153427124 -0.7962303757667542 -0.03685270994901657
vn 0.49931007623672485 -0.8622938990592957 -0.08449097722768784
vn -0.9460453391075134 0.019035566598176956 0.32347479462623596
vn 0.9807415008544922 0.1610097736120224 0.11055312305688858
vn 0.9800609946250916 -0.18168307840824127 0.08044781535863876
vn 0.9871643781661987 -0.07679697126150131 0.1400313675403595
vn -0.9655764102935791 0.17166046798229218 0.19543524086475372
vn 0.9253560304641724 0.265577107667923 0.27052754163742065
vn 0.9699239730834961 0.09357757866382599 0.2247016578912735
vn -0.7361119389533997 0.4733377993106842 0.4838290512561798
vn -0.0356173999607563 0.9993464350700378 0.00616991613060236
vn -0.17905817925930023 0.9307408928871155 -0.3188410997390747
vn -0.3083224892616272 0.7088912725448608 -0.634358286857605
vn 0.7662412524223328 0.6097970604896545 -0.20253881812095642
vn -0.40799909830093384 -0.9126778841018677 0.023575808852910995
vn 0.37243032455444336 -0.920612633228302 0.11733722686767578
vn 0.224434494972229 0.7382634878158569 -0.6360787749290466
vn -0.42186757922172546 0.46949395537376404 -0.7756308317184448
vn -0.3008487820625305 0.6490582823753357 -0.6987227201461792
vn -0.10528803616762161 0.7980135083198547 -0.5933708548545837
vn -0.28639259934425354 0.8750496506690979 -0.3902147114276886
vn -0.10886149853467941 0.9611461162567139 -0.25366777181625366
vn -0.6593461036682129 -0.7516382336616516 0.017400721088051796
vn -0.46453237533569336 -0.8760833740234375 0.12918062508106232
vn 0.42573338747024536 0.24192160367965698 -0.8719088435173035
vn -0.018776800483465195 0.7511215209960938 -0.6598969101905823
vn -0.0028470922261476517 0.8507723212242126 -0.525526762008667
vn -0.1742027848958969 0.895132303237915 -0.41035544872283936
vn -0.009603076614439487 0.9826927185058594 -0.18499431014060974
vn -0.28521233797073364 0.6030624508857727 -0.7449628710746765
vn -0.331900417804718 -0.9402656555175781 -0.07578038424253464
vn 0.165736123919487 0.9547992944717407 -0.24675875902175903
vn 0.2704985439777374 0.7838721871376038 -0.5589051246643066
vn 0.46104511618614197 -0.8213138580322266 -0.33597761392593384
vn 0.8577091693878174 -0.421097069978714 -0.29497841000556946
vn -0.833646833896637 -0.4654073417186737 -0.29737019538879395
vn -0.6236439347267151 -0.7799616456031799 0.05223261937499046
vn -0.39543575048446655 -0.918378472328186 -0.014548487961292267
vn -0.7418695092201233 -0.18229815363883972 -0.6452884078025818
vn 0.8809017539024353 -0.394832968711853 -0.26099640130996704
vn 0.9099087119102478 0.0739414393901825 -0.40816518664360046
vn 0.41558927297592163 -0.9091290831565857 0.027747713029384613
vn -0.7531883716583252 -0.655827522277832 0.05096616595983505
vn 0.08167721331119537 0.9890033602714539 -0.12329304218292236
vn -0.9237963557243347 -0.08824474364519119 -0.3725765645503998
vn 0.8959205746650696 -0.305270791053772 -0.32270121574401855
vn 0.9479206204414368 -0.17663584649562836 -0.2650402784347534
vn -0.9356026649475098 -0.21820507943630219 -0.27755045890808105
vn -0.9148112535476685 -0.39124539494514465 -0.10023721307516098
vn 0.8295709490776062 -0.47129949927330017 -0.2994809150695801
vn -0.6812819838523865 -0.7122759222984314 -0.1688723862171173
vn -0.5181788206100464 -0.8467159867286682 -0.12067621201276779
vn 0.4105118215084076 -0.8782047033309937 -0.24543145298957825
vn 0.22907373309135437 -0.9653325080871582 -0.12513376772403717
vn -0.3744427263736725 -0.9181232452392578 -0.12977823615074158
vn 0.3192806541919708 0.8934091329574585 0.3160380423069
vn 0.7472019791603088 0.5505948066711426 0.3722023665904999
vn -0.9086349606513977 0.2597741186618805 0.3269556760787964
vn 0.8647603988647461 0.26359307765960693 0.42744383215904236
vn -0.2770772874355316 0.7085164189338684 0.6490243673324585
vn 0.17530754208564758 0.8292344212532043 -0.5306953191757202
vn -0.29384171962738037 0.7566083073616028 -0.5841242074966431
vn 0.5210617780685425 0.7189176082611084 -0.46005672216415405
vn 0.4007510244846344 0.9148568511009216 0.04935202747583389
vn 0.5667367577552795 0.7766559720039368 -0.274981826543808
vn 0.6461260318756104 0.7629870176315308 -0.01928718015551567
vn -0.5211633443832397 0.663382887840271 -0.5369467735290527
vn -0.09044332057237625 0.9954404830932617 -0.030303750187158585
vn -0.5028484463691711 0.8348413109779358 0.22401684522628784
vn -0.034938618540763855 0.9807528257369995 -0.19210216403007507
vn 0.19064125418663025 0.981283962726593 0.027162110432982445
vn 0.19211596250534058 0.9749165773391724 -0.11237934231758118
vn 0.7468571662902832 0.5295314788818359 -0.40224477648735046
vn 0.12640300393104553 0.9847820401191711 -0.11927551031112671
vn -0.3030588924884796 0.9527910351753235 0.01856229640543461
vn 0.3249920904636383 0.9377056360244751 0.12283441424369812
vn -0.7488168478012085 -0.6563977599143982 0.0917351096868515
vn -0.3441660404205322 -0.887764573097229 0.30565303564071655
vn 0.6902534365653992 -0.7188321352005005 -0.08264775574207306
vn 0.2791426479816437 -0.9597881436347961 0.02976817637681961
vn -0.8373852968215942 -0.5462709069252014 0.019340766593813896
vn 0.34822192788124084 -0.9339441657066345 0.08055943995714188
vn -0.7162343859672546 -0.5897607803344727 0.3730824589729309
vn -0.9211363792419434 -0.05408581346273422 -0.3854641914367676
vn 0.5630616545677185 -0.8161978125572205 0.1295485645532608
vn 0.664296567440033 0.663885772228241 -0.3434614837169647
vn 0.7517793774604797 -0.6356546878814697 0.17541639506816864
vn -0.9991368055343628 0.03864680975675583 -0.015235803090035915
vn -0.7955572605133057 0.34482842683792114 -0.49817878007888794
vn 0.889778733253479 -0.45611271262168884 0.015969261527061462
vn -0.23982883989810944 0.8953014016151428 -0.37538984417915344
vn -0.9833898544311523 0.12455899268388748 -0.13202081620693207
vn 0.9274691939353943 -0.15448996424674988 -0.3404904901981354
vn -0.8589885234832764 -0.3843819499015808 -0.3382148742675781
vn 0.818854033946991 -0.21732904016971588 -0.5312684774398804
vn -0.8259215950965881 -0.4990871250629425 -0.26223209500312805
vn 0.6483859419822693 -0.6783639788627625 -0.3455692231655121
vn 0.05446787551045418 -0.9982045888900757 -0.024918831884860992
vn -0.16120116412639618 0.7153843641281128 0.6798818707466125
vn 0.9276416301727295 0.01624610833823681 0.3731180429458618
vn -0.8150067925453186 0.2503238320350647 0.5225915312767029
vn -0.579247236251831 0.22646726667881012 0.7830615043640137
vn 0.7828003764152527 0.12992076575756073 0.6085591316223145
vn 0.5438334941864014 0.6677802205085754 -0.5082468390464783
vn 0.47588443756103516 0.7683719992637634 -0.4279468357563019
vn -0.015582205727696419 0.7039071321487427 -0.7101210951805115
vn -0.49764829874038696 0.5849922895431519 -0.6404141783714294
vn -0.7864317297935486 0.43308892846107483 -0.4404079020023346
vn -0.8965770602226257 0.3379032015800476 -0.2863059341907501
vn 0.5604631900787354 0.10980834066867828 0.8208673596382141
vn -0.36798226833343506 0.506638765335083 -0.7796834111213684
vn 0.1407618671655655 0.6820367574691772 -0.7176433801651001
vn 0.9205223917961121 0.06150748208165169 -0.38581788539886475
vn 0.49311330914497375 0.8212510943412781 -0.2870294153690338
vn 0.09543482959270477 0.9736073613166809 -0.20731842517852783
vn -0.030415551736950874 0.9277830123901367 0.371878445148468
vn -0.32866257429122925 0.9404966235160828 0.08629593253135681
vn 0.36645379662513733 0.6961947679519653 0.6172718405723572
vn 0.7283791303634644 0.6342596411705017 -0.2591884434223175
vn -0.7390897870063782 0.6641820669174194 -0.11228737235069275
vn -0.09885340929031372 0.8464875817298889 0.5231508612632751
vn -0.7290431261062622 0.5574375987052917 0.3971894383430481
vn 0.9751197695732117 0.19392697513103485 0.10739519447088242
vn 0.22687850892543793 0.7577167749404907 -0.6118753552436829
vn -0.5550703406333923 -0.5468229651451111 0.6268026232719421
vn -0.14598792791366577 -0.8270766139030457 0.5428000092506409
vn 0.16002601385116577 -0.8127241134643555 0.5602421164512634
vn 0.5864025950431824 -0.6986855268478394 0.40984204411506653
vn 0.5548332333564758 0.8315712213516235 -0.02548455446958542
vn -0.540256679058075 0.8192358613014221 0.19228963553905487
vn 0.21957872807979584 0.8465779423713684 0.48486194014549255
vn 0.6763609051704407 0.5693827271461487 0.46726784110069275
vn -0.38629597425460815 0.6101486086845398 -0.6917327046394348
vn -0.7939674854278564 -0.47774773836135864 0.37599578499794006
vn 0.036666709929704666 0.9356955885887146 0.35089781880378723
vn -0.5675233006477356 -0.4605886936187744 0.6824773550033569
vn 0.7297029495239258 0.5994956493377686 0.32884448766708374
vn -0.27102169394493103 0.9377211332321167 -0.2173164039850235
vn 0.9501683712005615 -0.07889960706233978 0.3015873432159424
vn -0.3200916051864624 0.9421719312667847 0.09926439076662064
vn 0.014156872406601906 0.9788967967033386 0.20386436581611633
vn 0.6730007529258728 -0.7263721227645874 0.13947604596614838
vn -0.41878730058670044 -0.8207563161849976 0.38855671882629395
vn 0.5945512056350708 -0.7031079530715942 0.3900618255138397
vn 0.32170411944389343 -0.9211064577102661 0.2192472219467163
vn 0.2610694169998169 -0.8735618591308594 0.41077059507369995
vn -0.9824357628822327 -0.170863077044487 -0.07500533759593964
vn 0.3982295095920563 -0.8649129867553711 0.3055141568183899
vn -0.9425225853919983 -0.2665826380252838 0.20145723223686218
vn -0.9058624505996704 0.3954524099826813 -0.15175838768482208
vn 0.36029157042503357 0.9258987903594971 -0.11358446627855301
vn -0.492703378200531 0.8158485293388367 -0.302712082862854
vn 0.08139464259147644 0.9848560094833374 -0.15308034420013428
vn 0.8279182314872742 -0.46228641271591187 0.31755751371383667
vn 0.9672581553459167 -0.10112172365188599 -0.23277899622917175
vn -0.9692177176475525 0.04237295314669609 -0.24253152310848236
vn 0.8482775688171387 -0.10177846997976303 -0.519679069519043
vn 0.7810136675834656 -0.06380954384803772 -0.6212455034255981
vn 0.7490113973617554 -0.23279689252376556 -0.6203124523162842
vn 0.6758606433868408 -0.5754514932632446 -0.46050840616226196
vn 0.7286127209663391 -0.3995213806629181 -0.5563328862190247
vn 0.5291867256164551 -0.7852708101272583 -0.3214205503463745
vn 0.2891611158847809 -0.9340707063674927 -0.20951808989048004
vn -0.2708398401737213 -0.9624236822128296 0.01966077648103237
vn -0.09432884305715561 -0.9811989068984985 0.16837717592716217
vn -0.5457466840744019 0.2227339744567871 0.8078058362007141
vn -0.9287951588630676 0.006554181221872568 0.3705355226993561
vn 0.915909469127655 -0.10259157419204712 0.3880526125431061
vn -0.9343729019165039 0.04376155138015747 0.35359907150268555
vn 0.7681004405021667 0.03719374164938927 0.6392483115196228
vn 0.8674975633621216 0.08822811394929886 0.48955467343330383
vn -0.8532543182373047 0.04377634823322296 0.519654393196106
vn -0.27326706051826477 0.8936693072319031 -0.35592180490493774
vn 0.786615252494812 0.607391357421875 -0.11096040904521942
vn -0.20729996263980865 0.34782320261001587 0.9143553972244263
vn 0.045607179403305054 -0.39381492137908936 0.9180576205253601
vn 0.04651147499680519 -0.16865824162960052 0.9845766425132751
vn -0.2592490017414093 -0.29496651887893677 0.9196655750274658
vn -0.9436959028244019 0.30379948019981384 0.13093514740467072
vn 0.03828137367963791 0.7749513983726501 -0.6308603882789612
vn -0.364949107170105 0.9166639447212219 -0.16290944814682007
vn -0.6791123151779175 -0.09264719486236572 0.7281641960144043
vn -0.021119339391589165 -0.5939570665359497 0.8042195439338684
vn -0.3488549292087555 0.8597972989082336 0.3728925287723541
vn 0.5271931290626526 0.021420586854219437 0.8494755029678345
vn 0.35238590836524963 0.8869295716285706 0.2986305356025696
vn 0.07191331684589386 0.8624277710914612 0.5010457634925842
vn 0.6980852484703064 0.4377414584159851 0.5666211247444153
vn 0.12618288397789001 0.8289512395858765 0.5449016094207764
vn 0.8157796263694763 -0.3784377872943878 0.43736547231674194
vn -0.20492136478424072 0.5457990765571594 0.8124719262123108
vn 0.28866878151893616 0.7584065198898315 0.5843713283538818
vn -0.1922675222158432 -0.7564876675605774 0.6251077651977539
vn -0.2681000828742981 -0.5346158146858215 0.8014413714408875
vn -0.11740036308765411 0.8767895698547363 0.4663231670856476
vn -0.2691803574562073 0.7520999908447266 0.6015708446502686
vn -0.4876420795917511 -0.5610697865486145 0.6688840985298157
vn -0.23269054293632507 -0.4673722982406616 0.8528881669044495
vn 0.962510347366333 -0.2674484848976135 -0.045223988592624664
vn 0.6014074087142944 -0.6772948503494263 0.4237697720527649
vn 0.897261381149292 0.42951342463493347 -0.10217799246311188
vn 0.08012140542268753 0.9890763759613037 -0.12372756749391556
vn -0.9290326833724976 0.17928309738636017 0.3236601948738098
vn -0.07657323777675629 0.9669120907783508 -0.2433466911315918
vn -0.9616647958755493 0.2376156896352768 0.1368928998708725
vn 0.9429187774658203 -0.05675163492560387 0.3281516432762146
vn 0.8095565438270569 -0.02628154866397381 -0.5864534378051758
vn -0.9820369482040405 0.18846967816352844 -0.009089515544474125
vn -0.9878655672073364 0.14956828951835632 0.041845060884952545
vn -0.9602146148681641 -0.10728935897350311 -0.25783106684684753
vn -0.8946700096130371 -0.37805116176605225 -0.23799796402454376
vn -0.780700147151947 -0.6007912158966064 -0.17192214727401733
vn -0.6259106397628784 -0.7736936211585999 -0.09815365821123123
vn -0.5003140568733215 -0.8546037673950195 0.13906216621398926
vn 0.12503685057163239 -0.9911515712738037 0.04454520344734192
vn 0.5186869502067566 0.34631189703941345 0.7816853523254395
vn 0.5523170232772827 -0.04892755672335625 0.8321970701217651
vn 0.8506596088409424 0.05904548615217209 0.5223905444145203
vn -0.3548347055912018 -0.0023494274355471134 0.9349261522293091
vn 0.4201570153236389 -0.24240992963314056 0.8744744658470154
vn -0.2670116722583771 -0.20473365485668182 0.9416947364807129
vn 0.1675150841474533 0.9065073728561401 -0.3875347077846527
vn 0.5430353879928589 0.8349617123603821 -0.08917169272899628
vn -0.7409296631813049 0.6287318468093872 -0.23604987561702728
vn 0.8135238885879517 0.5787320137023926 0.05699265003204346
vn 0.7792202234268188 0.1601485311985016 -0.6059442162513733
vn 0.7788452506065369 0.6123328804969788 0.13582521677017212
vn -0.956342875957489 0.28731173276901245 0.053482890129089355
vn 0.952346920967102 -0.30215004086494446 -0.04172220081090927
vn -0.029041865840554237 0.16942918300628662 0.9851143956184387
vn -0.7212769389152527 0.3237125873565674 0.6123477816581726
vn -0.04420619457960129 0.09614486992359161 0.9943852424621582
vn 0.02284773252904415 0.29464849829673767 0.9553325176239014
vn 0.9144222140312195 -0.29004156589508057 0.2823258638381958
vn -0.48396360874176025 -0.04749038815498352 0.8737985491752625
vn 0.7861588001251221 -0.6169114112854004 0.03707583621144295
vn -0.6404847502708435 -0.3465460240840912 0.6853358149528503
vn 0.1915808469057083 -0.5891246199607849 0.785002589225769
vn 0.15655815601348877 0.43690183758735657 0.8857801556587219
vn -0.1291409134864807 0.48326376080513 0.8658977150917053
vn -0.8949314951896667 -0.37846505641937256 0.2363511025905609
vn -0.8151024580001831 -0.3272245228290558 0.478050172328949
vn 0.12127917259931564 -0.3007325530052185 0.9459658265113831
vn 0.2896535098552704 -0.7758526802062988 0.5604940056800842
vn -0.9688376188278198 0.19074483215808868 0.1580195128917694
vn 0.4048272669315338 -0.5906769037246704 0.6980084180831909
vn -0.8681164383888245 -0.025347162038087845 0.4957130551338196
vn -0.6852270364761353 0.7138720154762268 0.1443975567817688
vn 0.5398553609848022 -0.25218793749809265 0.8030924201011658
vn 0.9541487693786621 0.29912087321281433 -0.01126197911798954
vn 0.9031046628952026 0.1594071090221405 -0.39873719215393066
vn -0.9334651827812195 -0.18752413988113403 0.3057410418987274
vn 0.7948023080825806 0.06806053966283798 -0.6030399203300476
vn 0.9341374635696411 -0.21822784841060638 -0.2824248969554901
vn 0.8504503965377808 -0.3744995892047882 -0.36943766474723816
vn 0.7820231318473816 -0.5447972416877747 -0.30271410942077637
vn 0.5140752196311951 -0.7989484667778015 -0.3121024966239929
vn 0.20007246732711792 -0.9514766931533813 0.23380163311958313
vn 0.023396963253617287 -0.9574145078659058 0.2877673804759979
vn -0.02749323844909668 0.03813762590289116 0.998894214630127
vn -0.2746397852897644 0.020467979833483696 0.9613293409347534
vn 0.09268531948328018 -0.10107775777578354 0.9905517101287842
vn 0.057783856987953186 0.9952860474586487 0.07788950949907303
vn 0.9798105359077454 0.08273448795080185 -0.18200649321079254
vn 0.38469141721725464 0.7791990637779236 -0.49483463168144226
vn -0.1672135442495346 0.723024308681488 -0.6702801585197449
vn 0.9138706922531128 0.3639110326766968 0.18002556264400482
vn -0.2098667025566101 0.658384382724762 -0.7228319048881531
vn -0.37650561332702637 0.7897794246673584 -0.48424383997917175
vn -0.8867700099945068 0.443173885345459 0.13128551840782166
vn 0.9117612242698669 -0.385475754737854 -0.14177419245243073
vn -0.5813537240028381 0.7552009224891663 0.3028193712234497
vn -0.9096633791923523 -0.004198435228317976 0.41532501578330994
vn -0.8234388828277588 -0.041029032319784164 0.5659197568893433
vn -0.25972917675971985 0.766884982585907 0.586880087852478
vn 0.7673133015632629 0.590741753578186 0.24950876832008362
vn 0.30528563261032104 0.16721297800540924 0.9374649524688721
vn 0.8355042338371277 -0.5242739915847778 0.16452829539775848
vn -0.6843244433403015 0.1562177985906601 0.7122473120689392
vn 0.8705955743789673 -0.012062973342835903 0.49185147881507874
vn -0.5566139817237854 -0.07700695097446442 0.8271945714950562
vn -0.055725350975990295 0.15738847851753235 0.9859632849693298
vn 0.5587784647941589 0.2900466322898865 0.7769423723220825
vn 0.6889703869819641 -0.30458003282546997 0.6576859354972839
vn -0.833355724811554 -0.3114182949066162 0.45665836334228516
vn 0.4181930720806122 -0.07833432406187057 0.9049742221832275
vn 0.2130022495985031 -0.04535022750496864 0.9759986996650696
vn -0.6913132071495056 -0.16726598143577576 0.7029283046722412
vn 0.4661778211593628 -0.07554411143064499 0.8814597725868225
vn -0.8567633628845215 0.062260959297418594 0.51193767786026
vn 0.5245113968849182 0.18213093280792236 0.8316947221755981
vn -0.11789919435977936 0.9888327121734619 0.09115723520517349
vn -0.7524922490119934 0.1807619333267212 0.6333093047142029
vn 0.606834352016449 0.545571506023407 0.5780171155929565
vn -0.8885440230369568 0.2651281952857971 0.374428391456604
vn 0.9060361385345459 0.39151349663734436 0.16067294776439667
vn 0.9956356287002563 0.018934661522507668 -0.0913851410150528
vn 0.8919017910957336 -0.4364386200904846 0.11845940351486206
vn -0.8646548986434937 -0.4618365168571472 0.19768409430980682
vn -0.6594688296318054 -0.5572792887687683 0.5045202374458313
vn 0.6820443272590637 -0.7212658524513245 -0.12079402059316635
vn -0.6497983932495117 -0.6485961079597473 0.3963397145271301
vn -0.6461694836616516 -0.7165189385414124 0.26280346512794495
vn 0.4663975238800049 -0.8497678637504578 0.24569883942604065
vn 0.0013138756621629 -0.8975340127944946 0.44094330072402954
vn -0.0006914278492331505 -0.8121417760848999 0.5834597945213318
vn -0.7160517573356628 0.6691861748695374 0.19864484667778015
vn 0.824243426322937 0.5541355013847351 0.11643314361572266
vn 0.3484627902507782 0.9344456791877747 0.0733824372291565
vn -0.20780664682388306 0.9582814574241638 -0.19624747335910797
vn 0.44794103503227234 0.844150960445404 0.29454728960990906
vn 0.8671069145202637 0.4588659703731537 0.19382385909557343
vn -0.5399940013885498 0.6860302090644836 0.48761579394340515
vn 0.7119919657707214 -0.5682558417320251 0.41249579191207886
vn -0.7904877662658691 -0.22351209819316864 0.5702380537986755
vn 0.8666244149208069 -0.4506118595600128 0.21426904201507568
vn 0.4485902488231659 -0.3386344909667969 0.8270995020866394
vn -0.44852229952812195 -0.22559431195259094 0.86483234167099
vn -0.6957305073738098 -0.47337719798088074 0.5402528643608093
vn 0.9392409920692444 0.13770505785942078 0.3144259452819824
vn -0.46083420515060425 0.3990327715873718 0.792719841003418
vn 0.46857669949531555 0.02070099487900734 0.8831802606582642
vn 0.4871390759944916 0.778425931930542 0.3959149122238159
vn 0.11101469397544861 0.9777482151985168 0.17800067365169525
vn 0.3794020712375641 0.21241913735866547 0.9005177617073059
vn 0.19549180567264557 0.4018705487251282 0.8945854306221008
vn -0.7253832221031189 0.19206656515598297 0.661006510257721
vn 0.7869370579719543 0.06048442795872688 0.614061713218689
vn -0.8391021490097046 0.11375530064105988 0.5319466590881348
vn -0.5570242404937744 -0.02421724423766136 0.83014315366745
vn 0.8998126983642578 -0.20205585658550262 0.38666602969169617
vn -0.5633070468902588 -0.301575630903244 0.7692446708679199
vn 0.02795681543648243 -0.18239596486091614 0.9828276634216309
vn -0.09163372218608856 -0.07533764839172363 0.9929388165473938
vn -0.11276090890169144 -0.17843842506408691 0.9774686098098755
vn -0.04696743190288544 0.12382440268993378 0.9911919832229614
vn 0.070750392973423 -0.20418193936347961 0.9763729572296143
vn -0.20120541751384735 -0.20823438465595245 0.9571598172187805
vn -0.17615284025669098 -0.18407252430915833 0.9669992327690125
vn -0.08395211398601532 -0.009862739592790604 0.9964209794998169
vn 0.6742427945137024 -0.4044543206691742 0.6179105639457703
vn 0.7958186268806458 -0.6019052863121033 0.06620299071073532
vn 0.04292967915534973 0.12888355553150177 0.9907300472259521
vn -0.5391280651092529 -0.3382604122161865 0.7713111639022827
vn 0.0439758263528347 0.055785372853279114 0.9974738955497742
vn -0.2501319944858551 0.045722596347332 0.9671315550804138
vn -0.03737400472164154 -0.030792642384767532 0.998826801776886
vn -0.09068364650011063 -0.10791674256324768 0.9900153875350952
vn -0.09169391542673111 0.033243924379348755 0.9952321648597717
vn -0.0406799353659153 -0.06707467883825302 0.9969183206558228
vn -0.007996279746294022 -0.2315044403076172 0.9728009700775146
vn 0.04393823817372322 -0.14704422652721405 0.9881535768508911
vn -0.0929010882973671 -0.1658787578344345 0.9817605018615723
vn 0.08115017414093018 -0.5175736546516418 0.8517817854881287
vn -0.1147141084074974 -0.8226365447044373 0.5568750500679016
vn -0.2648667097091675 -0.47942230105400085 0.8366599678993225
vn -0.0796174630522728 -0.5658975839614868 0.8206223845481873
vn -0.6340221762657166 0.7728669047355652 0.026317225769162178
vn 0.7798160314559937 0.5095875859260559 0.3636036515235901
vn 0.89205002784729 0.3984164297580719 0.21333345770835876
vn 0.9342759251594543 -0.1506372094154358 0.32316699624061584
vn -0.8402258157730103 0.5006846189498901 0.2081717699766159
vn -0.9433512687683105 0.33100754022598267 0.02285619080066681
vn 0.8337551355361938 -0.5389949679374695 0.11973654478788376
vn -0.5661855340003967 0.7925493717193604 0.2264939546585083
vn 0.590735673904419 -0.7014372944831848 0.3987694978713989
vn -0.8510580062866211 0.016453495249152184 0.5248139500617981
vn 0.4721251428127289 -0.6592549085617065 0.585218608379364
vn -0.6580695509910583 -0.3733970820903778 0.6538494825363159
vn 0.6160914301872253 0.20287106931209564 0.7611009478569031
vn 0.6036455631256104 -0.4591887891292572 0.6517344117164612
vn 0.16580335795879364 -0.0012259172508493066 0.9861580729484558
vn -0.11078060418367386 0.2487182915210724 0.962219774723053
vn -0.33847275376319885 0.7301566004753113 0.5935550928115845
vn 0.11551690846681595 0.8147419691085815 0.5682001709938049
vn -0.024099625647068024 0.8071941137313843 0.5897939205169678
vn -0.4143083095550537 0.07301267981529236 0.9072033166885376
vn -0.5407541990280151 0.13437066972255707 0.8303791284561157
vn 0.36215969920158386 0.49499955773353577 0.78982013463974
vn -0.2550916075706482 -0.10194661468267441 0.9615275263786316
vn -0.04407462850213051 -0.1673962026834488 0.9849040508270264
vn -0.015385990031063557 -0.20238244533538818 0.9791857004165649
vn 0.011560436338186264 -0.23061880469322205 0.972975492477417
vn 0.597792387008667 -0.15613830089569092 0.786298394203186
vn -0.08856303989887238 -0.10709493607282639 0.9902965426445007
vn -0.05485149845480919 -0.10908234119415283 0.9925181865692139
vn -0.08418816328048706 -0.12143586575984955 0.9890226125717163
vn -0.1920815110206604 -0.03540145605802536 0.9807402491569519
vn 0.5622584223747253 -0.6178036332130432 0.5497127175331116
vn -0.12200324237346649 -0.06568089872598648 0.9903541207313538
vn -0.13982512056827545 -0.06490003317594528 0.9880470633506775
vn 0.10176834464073181 -0.46754902601242065 0.8780894875526428
vn -0.03445777669548988 -0.5867498517036438 0.8090347647666931
vn 0.12410707026720047 0.9365777969360352 0.32774925231933594
vn -0.30143314599990845 0.7730206847190857 0.5581910014152527
vn 0.6497989892959595 0.5142527222633362 0.5597370266914368
vn -0.7415989637374878 0.31551113724708557 0.5920166373252869
vn -0.8647580742835999 0.399594247341156 0.30416762828826904
vn 0.7380167245864868 0.48233553767204285 0.47189393639564514
vn -0.673909068107605 0.6583687663078308 0.33525699377059937
vn 0.8475496172904968 -0.1047469973564148 0.520276665687561
vn -0.6764606833457947 0.35677236318588257 0.6442937850952148
vn 0.544364333152771 -0.6882612705230713 0.4795454740524292
vn -0.12036153674125671 -0.6729105710983276 0.729866087436676
vn -0.706260621547699 -0.40457701683044434 0.5809590816497803
vn -0.36525216698646545 -0.2533082962036133 0.8957822322845459
vn -0.3912951648235321 -0.5014468431472778 0.771647036075592
vn 0.27126774191856384 -0.7179726362228394 0.6410375833511353
vn -0.03074396401643753 -0.6286282539367676 0.7770980000495911
vn 0.08395316451787949 -0.14705093204975128 0.9855597019195557
vn 0.23018626868724823 0.48931795358657837 0.8411791324615479
vn -0.08907060325145721 0.429726779460907 0.8985551595687866
vn 0.07949529588222504 0.4513017535209656 0.8888235092163086
vn 0.12481468915939331 0.6533557176589966 0.746691107749939
vn -0.0647072046995163 0.04920882359147072 0.9966902732849121
vn 0.048079900443553925 0.1315682828426361 0.9901404976844788
vn 0.0799214318394661 0.2949799597263336 0.9521551728248596
vn -0.2864739000797272 0.03476376459002495 0.9574571847915649
vn 0.13219645619392395 0.1354394257068634 0.9819267988204956
vn 0.009837203659117222 0.06223168969154358 0.9980133175849915
vn 0.045728158205747604 0.002774793654680252 0.9989501237869263
vn -0.07961046695709229 -0.13969697058200836 0.9869888424873352
vn 0.31321409344673157 0.1606985479593277 0.9359877109527588
vn -0.01849580742418766 -0.04469650238752365 0.9988293647766113
vn -0.08865486085414886 -0.15181806683540344 0.9844245314598083
vn -0.016800083220005035 0.010355069302022457 0.9998052716255188
vn 0.2406245321035385 -0.028905464336276054 0.970187783241272
vn 0.19754637777805328 -0.13901206851005554 0.9703871011734009
vn -0.13933154940605164 -0.08716459572315216 0.9864020943641663
vn 0.20821112394332886 -0.27322977781295776 0.9391452074050903
vn 0.3088985085487366 0.5914014577865601 0.7448664307594299
vn -0.3128468096256256 0.8251122236251831 0.47044315934181213
vn -0.04047395661473274 0.5512354373931885 0.8333674669265747
vn -0.5208813548088074 0.49101996421813965 0.6982706785202026
vn -0.6275491118431091 0.06364239007234573 0.775971531867981
vn -0.8419762849807739 0.3806942105293274 0.3822929561138153
vn 0.6635611653327942 -0.5708229541778564 0.48357805609703064
vn 0.6489339470863342 0.23795516788959503 0.7226770520210266
vn -0.7434502243995667 -0.23255611956119537 0.6270562410354614
vn 0.5855279564857483 0.30797895789146423 0.7498706579208374
vn -0.4451712965965271 -0.38746705651283264 0.8072742819786072
vn 0.3016712963581085 -0.43664059042930603 0.8475490808486938
vn -0.2821896970272064 -0.3491972088813782 0.8935493230819702
vn -0.0748855397105217 0.09952537715435028 0.9922131299972534
vn 0.574628472328186 -0.022049149498343468 0.8181173205375671
vn 0.13656498491764069 -0.4402890205383301 0.887409508228302
vn 0.5854825377464294 0.21343189477920532 0.7820850610733032
vn -0.030085479840636253 0.3833853006362915 0.9230983853340149
vn -0.5718601942062378 0.22209566831588745 0.7897148132324219
vn 0.095311239361763 -0.13717417418956757 0.9859508275985718
vn -0.5265966057777405 0.3478645384311676 0.7756844758987427
vn 0.17305026948451996 -0.008302995935082436 0.9848780035972595
f 1//1 2//2 3//3
f 4//4 1//1 3//3
f 5//5 1//1 4//4
f 5//5 4//4 6//6
f 3//3 7//7 4//4
f 4//4 7//7 8//8
f 4//4 8//8 9//9
f 10//10 3//3 2//2
f 11//11 2//2 12//12
f 10//10 13//13 3//3
f 1//1 12//12 2//2
f 5//5 12//12 1//1
f 14//14 15//15 16//16
f 3//3 13//13 17//17
f 17//17 7//7 3//3
f 18//18 15//15 14//14
f 19//19 20//20 21//21
f 11//11 10//10 2//2
f 11//11 12//12 22//22
f 12//12 5//5 23//23
f 16//16 24//24 14//14
f 24//24 25//25 14//14
f 4//4 26//26 6//6
f 8//8 7//7 27//27
f 4//4 9//9 28//28
f 28//28 26//26 4//4
f 29//29 30//30 31//31
f 31//31 30//30 32//32
f 33//33 32//32 30//30
f 31//31 32//32 34//34
f 34//34 32//32 35//35
f 35//35 32//32 36//36
f 37//37 38//38 19//19
f 39//39 37//37 19//19
f 39//39 40//40 37//37
f 36//36 41//41 42//42
f 36//36 42//42 35//35
f 39//39 19//19 21//21
f 39//39 21//21 43//43
f 44//44 34//34 35//35
f 38//38 45//45 19//19
f 35//35 42//42 46//46
f 46//46 44//44 35//35
f 19//19 45//45 47//47
f 19//19 47//47 20//20
f 20//20 47//47 48//48
f 49//49 20//20 48//48
f 49//49 21//21 20//20
f 45//45 50//50 51//51
f 47//47 45//45 51//51
f 52//52 47//47 51//51
f 53//53 48//48 52//52
f 52//52 48//48 47//47
f 53//53 49//49 48//48
f 50//50 54//54 55//55
f 51//51 50//50 55//55
f 52//52 51//51 56//56
f 56//56 51//51 55//55
f 11//11 57//57 10//10
f 11//11 22//22 57//57
f 12//12 58//58 22//22
f 24//24 16//16 59//59
f 16//16 60//60 59//59
f 61//61 13//13 10//10
f 12//12 62//62 58//58
f 63//63 60//60 16//16
f 13//13 64//64 17//17
f 16//16 15//15 63//63
f 23//23 5//5 6//6
f 15//15 65//65 63//63
f 17//17 66//66 67//67
f 17//17 67//67 7//7
f 14//14 25//25 68//68
f 68//68 18//18 14//14
f 69//69 65//65 15//15
f 7//7 67//67 27//27
f 69//69 15//15 18//18
f 69//69 18//18 70//70
f 71//71 29//29 72//72
f 72//72 29//29 73//73
f 71//71 30//30 29//29
f 74//74 29//29 31//31
f 74//74 31//31 34//34
f 75//75 76//76 37//37
f 33//33 36//36 32//32
f 74//74 34//34 77//77
f 75//75 37//37 40//40
f 77//77 34//34 78//78
f 76//76 79//79 38//38
f 37//37 76//76 38//38
f 36//36 33//33 41//41
f 39//39 43//43 40//40
f 38//38 79//79 80//80
f 77//77 78//78 81//81
f 38//38 80//80 45//45
f 34//34 44//44 78//78
f 81//81 78//78 44//44
f 82//82 83//83 81//81
f 43//43 21//21 49//49
f 46//46 42//42 84//84
f 46//46 85//85 44//44
f 81//81 44//44 82//82
f 82//82 86//86 83//83
f 87//87 50//50 80//80
f 45//45 80//80 50//50
f 88//88 46//46 84//84
f 85//85 46//46 88//88
f 86//86 87//87 89//89
f 82//82 44//44 90//90
f 90//90 44//44 85//85
f 54//54 87//87 86//86
f 50//50 87//87 54//54
f 91//91 53//53 52//52
f 88//88 92//92 93//93
f 88//88 93//93 85//85
f 86//86 82//82 94//94
f 94//94 82//82 90//90
f 95//95 91//91 56//56
f 91//91 52//52 56//56
f 96//96 85//85 93//93
f 90//90 85//85 96//96
f 97//97 86//86 94//94
f 54//54 86//86 97//97
f 98//98 54//54 97//97
f 55//55 54//54 98//98
f 99//99 56//56 55//55
f 94//94 90//90 100//100
f 99//99 98//98 97//97
f 55//55 98//98 99//99
f 56//56 99//99 101//101
f 95//95 56//56 101//101
f 102//102 96//96 93//93
f 90//90 96//96 102//102
f 100//100 90//90 102//102
f 97//97 94//94 100//100
f 101//101 99//99 103//103
f 102//102 93//93 104//104
f 97//97 100//100 105//105
f 106//106 97//97 105//105
f 106//106 103//103 99//99
f 106//106 99//99 97//97
f 107//107 57//57 108//108
f 57//57 107//107 61//61
f 10//10 57//57 61//61
f 108//108 57//57 109//109
f 22//22 110//110 109//109
f 22//22 109//109 57//57
f 111//111 59//59 112//112
f 59//59 113//113 112//112
f 24//24 111//111 114//114
f 111//111 24//24 59//59
f 113//113 59//59 60//60
f 60//60 115//115 113//113
f 116//116 64//64 61//61
f 61//61 64//64 13//13
f 117//117 110//110 22//22
f 58//58 117//117 22//22
f 62//62 117//117 58//58
f 62//62 12//12 23//23
f 115//115 60//60 118//118
f 118//118 60//60 63//63
f 114//114 25//25 24//24
f 118//118 63//63 65//65
f 64//64 66//66 17//17
f 6//6 119//119 23//23
f 6//6 26//26 119//119
f 18//18 68//68 70//70
f 8//8 120//120 9//9
f 9//9 120//120 28//28
f 27//27 121//121 122//122
f 8//8 27//27 122//122
f 123//123 124//124 125//125
f 125//125 124//124 126//126
f 127//127 128//128 129//129
f 129//129 128//128 123//123
f 124//124 123//123 130//130
f 130//130 123//123 128//128
f 128//128 127//127 131//131
f 132//132 128//128 131//131
f 130//130 128//128 132//132
f 127//127 133//133 134//134
f 131//131 127//127 134//134
f 126//126 124//124 135//135
f 135//135 124//124 130//130
f 136//136 137//137 133//133
f 133//133 137//137 134//134
f 138//138 131//131 134//134
f 139//139 131//131 138//138
f 132//132 131//131 139//139
f 130//130 132//132 140//140
f 141//141 126//126 135//135
f 135//135 142//142 141//141
f 143//143 144//144 141//141
f 143//143 141//141 142//142
f 73//73 137//137 136//136
f 72//72 73//73 136//136
f 145//145 134//134 137//137
f 138//138 134//134 145//145
f 132//132 139//139 146//146
f 132//132 147//147 140//140
f 135//135 130//130 148//148
f 148//148 130//130 140//140
f 149//149 71//71 72//72
f 150//150 138//138 151//151
f 139//139 138//138 150//150
f 30//30 71//71 152//152
f 149//149 152//152 71//71
f 73//73 29//29 74//74
f 137//137 73//73 145//145
f 145//145 73//73 74//74
f 138//138 145//145 153//153
f 151//151 138//138 153//153
f 135//135 148//148 76//76
f 76//76 148//148 154//154
f 143//143 142//142 76//76
f 140//140 147//147 155//155
f 154//154 140//140 155//155
f 148//148 140//140 154//154
f 142//142 135//135 76//76
f 143//143 76//76 75//75
f 143//143 75//75 156//156
f 156//156 75//75 157//157
f 30//30 152//152 33//33
f 153//153 145//145 158//158
f 79//79 76//76 154//154
f 77//77 145//145 74//74
f 159//159 145//145 77//77
f 158//158 145//145 159//159
f 160//160 153//153 158//158
f 79//79 154//154 161//161
f 154//154 155//155 161//161
f 75//75 40//40 157//157
f 162//162 33//33 152//152
f 41//41 33//33 162//162
f 158//158 89//89 160//160
f 161//161 155//155 163//163
f 164//164 158//158 159//159
f 165//165 160//160 89//89
f 43//43 166//166 40//40
f 164//164 159//159 83//83
f 89//89 158//158 164//164
f 161//161 80//80 79//79
f 77//77 81//81 159//159
f 83//83 159//159 81//81
f 80//80 161//161 163//163
f 41//41 84//84 42//42
f 41//41 167//167 84//84
f 163//163 168//168 87//87
f 89//89 164//164 83//83
f 80//80 163//163 87//87
f 169//169 166//166 49//49
f 166//166 43//43 49//49
f 89//89 83//83 86//86
f 49//49 53//53 169//169
f 91//91 170//170 53//53
f 169//169 53//53 170//170
f 88//88 84//84 171//171
f 91//91 172//172 170//170
f 171//171 92//92 88//88
f 95//95 172//172 91//91
f 173//173 93//93 92//92
f 173//173 104//104 93//93
f 102//102 104//104 174//174
f 175//175 102//102 174//174
f 175//175 176//176 102//102
f 102//102 176//176 100//100
f 100//100 176//176 105//105
f 177//177 103//103 106//106
f 106//106 105//105 178//178
f 106//106 178//178 177//177
f 107//107 179//179 180//180
f 107//107 180//180 116//116
f 181//181 107//107 108//108
f 107//107 116//116 61//61
f 110//110 182//182 109//109
f 112//112 183//183 111//111
f 115//115 184//184 113//113
f 64//64 116//116 185//185
f 186//186 64//64 185//185
f 66//66 64//64 187//187
f 25//25 114//114 68//68
f 188//188 70//70 68//68
f 121//121 27//27 67//67
f 70//70 188//188 189//189
f 8//8 122//122 120//120
f 129//129 123//123 190//190
f 190//190 123//123 191//191
f 125//125 191//191 123//123
f 129//129 192//192 127//127
f 126//126 193//193 125//125
f 126//126 194//194 193//193
f 127//127 192//192 133//133
f 133//133 192//192 195//195
f 194//194 141//141 193//193
f 193//193 141//141 144//144
f 133//133 195//195 136//136
f 126//126 141//141 194//194
f 132//132 146//146 147//147
f 139//139 150//150 146//146
f 147//147 146//146 196//196
f 197//197 152//152 149//149
f 160//160 151//151 153//153
f 196//196 146//146 150//150
f 147//147 196//196 155//155
f 196//196 150//150 151//151
f 165//165 151//151 160//160
f 196//196 151//151 165//165
f 168//168 196//196 165//165
f 198//198 152//152 197//197
f 163//163 196//196 168//168
f 155//155 196//196 163//163
f 157//157 40//40 199//199
f 162//162 152//152 198//198
f 40//40 166//166 199//199
f 168//168 165//165 87//87
f 162//162 167//167 41//41
f 87//87 165//165 89//89
f 84//84 167//167 171//171
f 169//169 200//200 166//166
f 171//171 201//201 92//92
f 92//92 201//201 173//173
f 95//95 101//101 202//202
f 202//202 172//172 95//95
f 104//104 173//173 174//174
f 101//101 103//103 202//202
f 103//103 203//203 202//202
f 174//174 204//204 175//175
f 175//175 204//204 205//205
f 103//103 177//177 203//203
f 176//176 175//175 205//205
f 105//105 176//176 205//205
f 105//105 205//205 178//178
f 206//206 207//207 208//208
f 209//209 210//210 179//179
f 180//180 210//210 211//211
f 179//179 210//210 180//180
f 107//107 181//181 179//179
f 116//116 180//180 185//185
f 109//109 182//182 108//108
f 212//212 111//111 213//213
f 213//213 111//111 183//183
f 184//184 112//112 113//113
f 115//115 214//214 184//184
f 110//110 215//215 182//182
f 111//111 216//216 114//114
f 216//216 111//111 212//212
f 115//115 118//118 214//214
f 110//110 117//117 215//215
f 62//62 217//217 117//117
f 62//62 23//23 217//217
f 118//118 65//65 218//218
f 217//217 23//23 219//219
f 219//219 23//23 119//119
f 114//114 216//216 220//220
f 68//68 114//114 220//220
f 66//66 187//187 67//67
f 69//69 221//221 65//65
f 26//26 28//28 222//222
f 119//119 26//26 223//223
f 69//69 224//224 225//225
f 70//70 224//224 69//69
f 224//224 70//70 189//189
f 129//129 226//226 192//192
f 226//226 129//129 190//190
f 136//136 195//195 227//227
f 144//144 143//143 228//228
f 156//156 229//229 230//230
f 143//143 156//156 230//230
f 136//136 231//231 72//72
f 149//149 72//72 231//231
f 231//231 232//232 149//149
f 232//232 197//197 149//149
f 199//199 233//233 157//157
f 234//234 199//199 166//166
f 167//167 162//162 198//198
f 166//166 200//200 234//234
f 235//235 200//200 169//169
f 236//236 170//170 172//172
f 201//201 237//237 173//173
f 174//174 173//173 204//204
f 177//177 178//178 238//238
f 239//239 240//240 241//241
f 239//239 242//242 243//243
f 240//240 239//239 243//243
f 244//244 243//243 242//242
f 240//240 243//243 245//245
f 241//241 240//240 245//245
f 243//243 244//244 208//208
f 245//245 243//243 208//208
f 208//208 244//244 246//246
f 245//245 208//208 207//207
f 247//247 246//246 244//244
f 246//246 211//211 208//208
f 208//208 211//211 206//206
f 207//207 206//206 248//248
f 209//209 248//248 206//206
f 210//210 209//209 206//206
f 206//206 211//211 210//210
f 180//180 211//211 249//249
f 209//209 179//179 250//250
f 179//179 181//181 250//250
f 251//251 252//252 253//253
f 254//254 251//251 253//253
f 249//249 253//253 252//252
f 180//180 249//249 185//185
f 185//185 249//249 252//252
f 181//181 255//255 250//250
f 108//108 255//255 181//181
f 112//112 251//251 254//254
f 256//256 112//112 254//254
f 252//252 251//251 257//257
f 108//108 182//182 255//255
f 183//183 256//256 213//213
f 256//256 183//183 112//112
f 184//184 251//251 112//112
f 184//184 257//257 251//251
f 258//258 252//252 257//257
f 185//185 252//252 259//259
f 259//259 252//252 258//258
f 185//185 259//259 186//186
f 214//214 257//257 184//184
f 218//218 257//257 214//214
f 218//218 258//258 257//257
f 214//214 118//118 218//218
f 259//259 187//187 186//186
f 64//64 186//186 187//187
f 117//117 260//260 215//215
f 117//117 217//217 260//260
f 261//261 216//216 262//262
f 212//212 262//262 216//216
f 218//218 65//65 221//221
f 216//216 261//261 220//220
f 187//187 263//263 67//67
f 217//217 219//219 264//264
f 188//188 220//220 265//265
f 188//188 68//68 220//220
f 69//69 225//225 266//266
f 221//221 69//69 266//266
f 222//222 223//223 26//26
f 119//119 223//223 219//219
f 67//67 263//263 267//267
f 267//267 121//121 67//67
f 28//28 120//120 222//222
f 189//189 188//188 268//268
f 224//224 189//189 268//268
f 122//122 269//269 120//120
f 270//270 120//120 269//269
f 271//271 223//223 222//222
f 222//222 120//120 270//270
f 191//191 272//272 190//190
f 125//125 272//272 191//191
f 272//272 125//125 273//273
f 192//192 226//226 274//274
f 190//190 274//274 226//226
f 125//125 193//193 273//273
f 275//275 192//192 276//276
f 274//274 276//276 192//192
f 144//144 228//228 193//193
f 192//192 227//227 195//195
f 192//192 275//275 227//227
f 143//143 230//230 228//228
f 231//231 136//136 227//227
f 232//232 231//231 277//277
f 157//157 229//229 156//156
f 278//278 197//197 232//232
f 198//198 197//197 278//278
f 233//233 199//199 234//234
f 279//279 198//198 278//278
f 198//198 279//279 167//167
f 171//171 167//167 279//279
f 280//280 281//281 279//279
f 171//171 279//279 282//282
f 282//282 279//279 281//281
f 170//170 236//236 169//169
f 171//171 282//282 201//201
f 202//202 236//236 172//172
f 237//237 201//201 282//282
f 204//204 173//173 237//237
f 203//203 283//283 202//202
f 204//204 284//284 205//205
f 285//285 205//205 284//284
f 205//205 285//285 178//178
f 285//285 238//238 178//178
f 283//283 203//203 238//238
f 238//238 203//203 177//177
f 286//286 242//242 239//239
f 286//286 239//239 241//241
f 287//287 286//286 241//241
f 245//245 288//288 241//241
f 245//245 207//207 288//288
f 289//289 246//246 247//247
f 246//246 289//289 211//211
f 248//248 209//209 290//290
f 289//289 291//291 211//211
f 291//291 249//249 211//211
f 253//253 291//291 292//292
f 291//291 253//253 249//249
f 250//250 293//293 209//209
f 292//292 254//254 253//253
f 255//255 182//182 294//294
f 182//182 295//295 294//294
f 182//182 215//215 295//295
f 258//258 218//218 296//296
f 259//259 258//258 296//296
f 212//212 297//297 262//262
f 263//263 187//187 298//298
f 217//217 264//264 260//260
f 223//223 299//299 264//264
f 264//264 219//219 223//223
f 267//267 263//263 300//300
f 268//268 188//188 301//301
f 224//224 302//302 225//225
f 121//121 267//267 303//303
f 122//122 121//121 303//303
f 302//302 224//224 268//268
f 122//122 303//303 269//269
f 270//270 271//271 222//222
f 193//193 304//304 273//273
f 228//228 304//304 193//193
f 227//227 305//305 306//306
f 229//229 307//307 230//230
f 227//227 306//306 231//231
f 306//306 277//277 231//231
f 277//277 278//278 232//232
f 229//229 157//157 233//233
f 280//280 279//279 308//308
f 308//308 279//279 278//278
f 235//235 309//309 234//234
f 235//235 234//234 200//200
f 235//235 236//236 310//310
f 235//235 169//169 236//236
f 281//281 311//311 282//282
f 311//311 237//237 282//282
f 310//310 236//236 312//312
f 312//312 236//236 202//202
f 204//204 237//237 284//284
f 238//238 285//285 313//313
f 286//286 314//314 315//315
f 314//314 286//286 316//316
f 316//316 286//286 287//287
f 242//242 315//315 317//317
f 286//286 315//315 242//242
f 244//244 242//242 317//317
f 241//241 318//318 287//287
f 241//241 288//288 318//318
f 244//244 319//319 247//247
f 320//320 318//318 288//288
f 288//288 207//207 320//320
f 320//320 207//207 321//321
f 207//207 248//248 321//321
f 247//247 322//322 289//289
f 322//322 323//323 289//289
f 289//289 323//323 291//291
f 209//209 293//293 290//290
f 292//292 291//291 323//323
f 324//324 254//254 292//292
f 250//250 325//325 293//293
f 325//325 250//250 255//255
f 256//256 254//254 324//324
f 255//255 294//294 325//325
f 213//213 256//256 326//326
f 213//213 326//326 212//212
f 218//218 327//327 296//296
f 260//260 328//328 215//215
f 218//218 221//221 327//327
f 187//187 296//296 298//298
f 187//187 259//259 296//296
f 264//264 329//329 260//260
f 330//330 261//261 262//262
f 221//221 266//266 327//327
f 263//263 298//298 300//300
f 264//264 299//299 329//329
f 261//261 265//265 220//220
f 261//261 330//330 265//265
f 299//299 223//223 331//331
f 265//265 332//332 301//301
f 188//188 265//265 301//301
f 225//225 333//333 266//266
f 331//331 223//223 271//271
f 333//333 225//225 334//334
f 301//301 302//302 268//268
f 334//334 225//225 302//302
f 303//303 335//335 269//269
f 270//270 336//336 271//271
f 337//337 269//269 335//335
f 270//270 269//269 337//337
f 272//272 338//338 339//339
f 273//273 338//338 272//272
f 272//272 274//274 190//190
f 339//339 274//274 272//272
f 273//273 304//304 340//340
f 305//305 275//275 341//341
f 275//275 305//305 227//227
f 230//230 342//342 228//228
f 342//342 230//230 307//307
f 305//305 343//343 306//306
f 229//229 233//233 344//344
f 277//277 345//345 278//278
f 344//344 233//233 346//346
f 233//233 234//234 346//346
f 345//345 308//308 278//278
f 346//346 234//234 309//309
f 280//280 347//347 281//281
f 237//237 311//311 284//284
f 312//312 202//202 283//283
f 284//284 348//348 349//349
f 285//285 284//284 349//349
f 285//285 349//349 313//313
f 350//350 316//316 287//287
f 317//317 315//315 351//351
f 352//352 350//350 287//287
f 318//318 352//352 287//287
f 319//319 244//244 317//317
f 318//318 320//320 353//353
f 319//319 322//322 247//247
f 321//321 248//248 354//354
f 248//248 290//290 354//354
f 324//324 292//292 355//355
f 294//294 356//356 325//325
f 256//256 324//324 355//355
f 326//326 256//256 355//355
f 294//294 295//295 357//357
f 355//355 358//358 326//326
f 326//326 297//297 212//212
f 358//358 297//297 326//326
f 215//215 359//359 295//295
f 359//359 357//357 295//295
f 359//359 215//215 328//328
f 327//327 298//298 296//296
f 328//328 260//260 360//360
f 360//360 260//260 329//329
f 262//262 361//361 330//330
f 297//297 362//362 262//262
f 362//362 361//361 262//262
f 327//327 266//266 363//363
f 363//363 298//298 327//327
f 298//298 364//364 300//300
f 328//328 365//365 359//359
f 366//366 367//367 368//368
f 369//369 332//332 330//330
f 332//332 265//265 330//330
f 370//370 367//367 371//371
f 371//371 367//367 366//366
f 372//372 368//368 367//367
f 373//373 332//332 369//369
f 267//267 300//300 374//374
f 271//271 336//336 331//331
f 336//336 375//375 376//376
f 331//331 336//336 376//376
f 375//375 377//377 376//376
f 376//376 377//377 370//370
f 370//370 377//377 378//378
f 367//367 370//370 378//378
f 379//379 367//367 378//378
f 372//372 367//367 379//379
f 380//380 332//332 373//373
f 301//301 380//380 381//381
f 332//332 380//380 301//301
f 382//382 303//303 374//374
f 303//303 267//267 374//374
f 378//378 377//377 383//383
f 384//384 378//378 383//383
f 379//379 378//378 384//384
f 385//385 386//386 387//387
f 387//387 386//386 388//388
f 389//389 387//387 388//388
f 373//373 390//390 380//380
f 333//333 334//334 391//391
f 377//377 375//375 392//392
f 383//383 377//377 392//392
f 386//386 393//393 394//394
f 388//388 386//386 394//394
f 389//389 388//388 395//395
f 396//396 389//389 395//395
f 390//390 396//396 397//397
f 380//380 390//390 397//397
f 381//381 302//302 301//301
f 335//335 303//303 382//382
f 270//270 375//375 336//336
f 270//270 398//398 375//375
f 392//392 375//375 398//398
f 383//383 392//392 399//399
f 400//400 383//383 399//399
f 401//401 402//402 394//394
f 388//388 394//394 403//403
f 403//403 394//394 402//402
f 395//395 388//388 403//403
f 397//397 396//396 395//395
f 302//302 381//381 404//404
f 404//404 334//334 302//302
f 335//335 382//382 405//405
f 405//405 337//337 335//335
f 270//270 337//337 398//398
f 392//392 398//398 406//406
f 399//399 392//392 406//406
f 381//381 380//380 397//397
f 404//404 381//381 397//397
f 405//405 407//407 337//337
f 398//398 337//337 408//408
f 402//402 401//401 409//409
f 409//409 410//410 402//402
f 402//402 410//410 403//403
f 397//397 395//395 411//411
f 404//404 397//397 412//412
f 408//408 337//337 407//407
f 413//413 406//406 414//414
f 399//399 406//406 413//413
f 415//415 403//403 410//410
f 416//416 403//403 415//415
f 395//395 403//403 416//416
f 412//412 397//397 411//411
f 417//417 408//408 407//407
f 398//398 408//408 418//418
f 406//406 398//398 414//414
f 410//410 409//409 419//419
f 411//411 395//395 416//416
f 340//340 417//417 420//420
f 421//421 340//340 420//420
f 408//408 417//417 422//422
f 418//418 408//408 422//422
f 418//418 414//414 398//398
f 419//419 415//415 410//410
f 423//423 411//411 416//416
f 424//424 412//412 411//411
f 424//424 411//411 423//423
f 276//276 274//274 425//425
f 273//273 340//340 338//338
f 417//417 340//340 304//304
f 422//422 417//417 304//304
f 418//418 422//422 342//342
f 416//416 415//415 426//426
f 424//424 423//423 427//427
f 427//427 428//428 424//424
f 427//427 275//275 429//429
f 275//275 276//276 429//429
f 430//430 414//414 418//418
f 342//342 430//430 418//418
f 431//431 415//415 419//419
f 426//426 415//415 431//431
f 432//432 416//416 426//426
f 341//341 432//432 305//305
f 341//341 423//423 432//432
f 423//423 416//416 432//432
f 427//427 423//423 341//341
f 275//275 427//427 341//341
f 304//304 228//228 422//422
f 342//342 422//422 228//228
f 305//305 432//432 343//343
f 342//342 307//307 430//430
f 431//431 433//433 426//426
f 432//432 426//426 343//343
f 343//343 426//426 433//433
f 430//430 307//307 434//434
f 306//306 433//433 277//277
f 306//306 343//343 433//433
f 307//307 229//229 434//434
f 229//229 344//344 434//434
f 345//345 280//280 308//308
f 345//345 435//435 280//280
f 280//280 435//435 347//347
f 235//235 310//310 436//436
f 281//281 347//347 437//437
f 437//437 311//311 281//281
f 438//438 310//310 312//312
f 437//437 439//439 311//311
f 284//284 311//311 439//439
f 439//439 348//348 284//284
f 283//283 238//238 313//313
f 315//315 314//314 351//351
f 352//352 318//318 440//440
f 351//351 319//319 317//317
f 441//441 319//319 351//351
f 318//318 353//353 440//440
f 320//320 321//321 353//353
f 319//319 442//442 322//322
f 322//322 443//443 323//323
f 290//290 293//293 444//444
f 292//292 323//323 445//445
f 323//323 446//446 445//445
f 292//292 445//445 355//355
f 447//447 356//356 294//294
f 294//294 357//357 447//447
f 362//362 448//448 361//361
f 329//329 449//449 360//360
f 329//329 299//299 449//449
f 449//449 299//299 450//450
f 330//330 361//361 451//451
f 266//266 452//452 363//363
f 298//298 363//363 364//364
f 364//364 363//363 452//452
f 300//300 364//364 453//453
f 299//299 331//331 450//450
f 454//454 455//455 456//456
f 451//451 369//369 330//330
f 331//331 376//376 457//457
f 458//458 457//457 459//459
f 457//457 371//371 459//459
f 385//385 387//387 454//454
f 454//454 387//387 389//389
f 455//455 454//454 389//389
f 333//333 460//460 266//266
f 371//371 457//457 376//376
f 370//370 371//371 376//376
f 372//372 379//379 461//461
f 462//462 463//463 464//464
f 464//464 463//463 465//465
f 463//463 386//386 465//465
f 465//465 386//386 466//466
f 467//467 455//455 389//389
f 333//333 391//391 460//460
f 379//379 384//384 468//468
f 461//461 379//379 468//468
f 462//462 393//393 463//463
f 386//386 463//463 393//393
f 385//385 469//469 386//386
f 386//386 469//469 466//466
f 467//467 389//389 396//396
f 390//390 470//470 467//467
f 373//373 470//470 390//390
f 384//384 383//383 400//400
f 471//471 462//462 472//472
f 462//462 471//471 393//393
f 393//393 471//471 394//394
f 390//390 467//467 396//396
f 334//334 473//473 391//391
f 399//399 474//474 475//475
f 400//400 399//399 475//475
f 401//401 394//394 471//471
f 334//334 404//404 476//476
f 476//476 473//473 334//334
f 405//405 382//382 477//477
f 405//405 477//477 478//478
f 405//405 478//478 407//407
f 409//409 401//401 479//479
f 413//413 480//480 399//399
f 404//404 412//412 476//476
f 420//420 407//407 478//478
f 407//407 420//420 417//417
f 412//412 424//424 476//476
f 481//481 338//338 421//421
f 414//414 482//482 413//413
f 339//339 425//425 274//274
f 340//340 421//421 338//338
f 430//430 482//482 414//414
f 427//427 429//429 428//428
f 276//276 425//425 429//429
f 434//434 482//482 430//430
f 433//433 431//431 483//483
f 277//277 433//433 345//345
f 433//433 484//484 345//345
f 344//344 346//346 485//485
f 346//346 309//309 486//486
f 309//309 235//235 486//486
f 487//487 347//347 435//435
f 486//486 235//235 436//436
f 436//436 310//310 488//488
f 347//347 487//487 437//437
f 310//310 438//438 488//488
f 438//438 312//312 489//489
f 490//490 348//348 439//439
f 312//312 283//283 489//489
f 348//348 490//490 491//491
f 313//313 492//492 283//283
f 351//351 314//314 493//493
f 314//314 350//350 493//493
f 316//316 350//350 314//314
f 494//494 351//351 493//493
f 442//442 319//319 441//441
f 321//321 354//354 353//353
f 442//442 443//443 322//322
f 354//354 290//290 444//444
f 443//443 446//446 323//323
f 293//293 325//325 444//444
f 495//495 444//444 325//325
f 445//445 496//496 355//355
f 355//355 496//496 358//358
f 497//497 357//357 359//359
f 498//498 449//449 450//450
f 456//456 499//499 500//500
f 365//365 328//328 501//501
f 328//328 360//360 501//501
f 502//502 501//501 360//360
f 498//498 502//502 360//360
f 449//449 498//498 360//360
f 454//454 456//456 500//500
f 503//503 454//454 500//500
f 266//266 460//460 452//452
f 331//331 504//504 450//450
f 458//458 504//504 331//331
f 458//458 459//459 505//505
f 366//366 506//506 507//507
f 368//368 506//506 366//366
f 300//300 453//453 374//374
f 457//457 458//458 331//331
f 371//371 505//505 459//459
f 371//371 508//508 505//505
f 371//371 509//509 508//508
f 366//366 509//509 371//371
f 509//509 366//366 507//507
f 506//506 368//368 372//372
f 510//510 464//464 511//511
f 454//454 503//503 385//385
f 373//373 369//369 451//451
f 462//462 510//510 472//472
f 464//464 510//510 462//462
f 466//466 512//512 465//465
f 385//385 513//513 469//469
f 460//460 391//391 514//514
f 515//515 461//461 468//468
f 382//382 374//374 516//516
f 400//400 475//475 468//468
f 384//384 400//400 468//468
f 401//401 471//471 517//517
f 473//473 518//518 391//391
f 382//382 516//516 477//477
f 401//401 517//517 519//519
f 519//519 479//479 401//401
f 474//474 480//480 520//520
f 474//474 399//399 480//480
f 476//476 521//521 473//473
f 409//409 479//479 522//522
f 522//522 419//419 409//409
f 523//523 420//420 478//478
f 419//419 522//522 524//524
f 523//523 421//421 420//420
f 413//413 482//482 525//525
f 526//526 424//424 428//428
f 339//339 481//481 425//425
f 481//481 339//339 338//338
f 527//527 419//419 524//524
f 429//429 528//528 428//428
f 525//525 482//482 529//529
f 482//482 434//434 529//529
f 419//419 527//527 431//431
f 483//483 530//530 433//433
f 433//433 530//530 484//484
f 345//345 484//484 435//435
f 346//346 486//486 485//485
f 485//485 486//486 531//531
f 532//532 435//435 484//484
f 531//531 486//486 533//533
f 435//435 532//532 487//487
f 436//436 533//533 486//486
f 436//436 488//488 533//533
f 437//437 487//487 534//534
f 534//534 439//439 437//437
f 438//438 489//489 488//488
f 492//492 489//489 283//283
f 348//348 491//491 535//535
f 536//536 493//493 350//350
f 350//350 352//352 536//536
f 494//494 441//441 351//351
f 441//441 537//537 442//442
f 356//356 495//495 325//325
f 356//356 538//538 495//495
f 356//356 447//447 538//538
f 539//539 538//538 447//447
f 496//496 540//540 358//358
f 541//541 498//498 542//542
f 542//542 498//498 543//543
f 544//544 545//545 546//546
f 547//547 358//358 540//540
f 357//357 497//497 447//447
f 543//543 498//498 450//450
f 544//544 543//543 548//548
f 548//548 543//543 450//450
f 545//545 544//544 548//548
f 447//447 497//497 539//539
f 498//498 541//541 502//502
f 549//549 550//550 500//500
f 551//551 361//361 552//552
f 361//361 448//448 552//552
f 553//553 554//554 448//448
f 448//448 362//362 553//553
f 297//297 555//555 362//362
f 297//297 358//358 555//555
f 497//497 359//359 365//365
f 502//502 541//541 556//556
f 504//504 548//548 450//450
f 504//504 545//545 548//548
f 557//557 545//545 504//504
f 507//507 558//558 509//509
f 558//558 507//507 559//559
f 500//500 550//550 560//560
f 500//500 560//560 503//503
f 470//470 551//551 561//561
f 551//551 470//470 451//451
f 551//551 451//451 361//361
f 555//555 553//553 362//362
f 460//460 562//562 452//452
f 364//364 452//452 563//563
f 452//452 562//562 563//563
f 453//453 364//364 564//564
f 364//364 563//563 564//564
f 453//453 564//564 565//565
f 501//501 556//556 566//566
f 501//501 566//566 365//365
f 556//556 501//501 502//502
f 504//504 567//567 557//557
f 504//504 458//458 567//567
f 458//458 505//505 567//567
f 568//568 508//508 509//509
f 506//506 559//559 507//507
f 506//506 372//372 559//559
f 560//560 569//569 503//503
f 456//456 455//455 570//570
f 460//460 571//571 562//562
f 453//453 565//565 374//374
f 505//505 572//572 567//567
f 505//505 508//508 572//572
f 559//559 372//372 573//573
f 511//511 574//574 510//510
f 464//464 575//575 511//511
f 503//503 513//513 385//385
f 455//455 467//467 570//570
f 451//451 470//470 373//373
f 460//460 514//514 571//571
f 510//510 576//576 472//472
f 465//465 575//575 464//464
f 575//575 512//512 577//577
f 575//575 465//465 512//512
f 578//578 512//512 466//466
f 513//513 466//466 469//469
f 513//513 578//578 466//466
f 374//374 579//579 516//516
f 580//580 515//515 475//475
f 468//468 475//475 515//515
f 471//471 472//472 581//581
f 471//471 581//581 582//582
f 471//471 582//582 517//517
f 517//517 583//583 519//519
f 475//475 474//474 580//580
f 473//473 584//584 518//518
f 519//519 585//585 479//479
f 479//479 585//585 522//522
f 584//584 473//473 521//521
f 480//480 586//586 520//520
f 521//521 476//476 526//526
f 521//521 526//526 587//587
f 480//480 413//413 586//586
f 476//476 424//424 526//526
f 421//421 588//588 481//481
f 588//588 421//421 523//523
f 413//413 525//525 586//586
f 589//589 587//587 526//526
f 589//589 526//526 428//428
f 425//425 590//590 429//429
f 481//481 590//590 425//425
f 524//524 591//591 527//527
f 528//528 589//589 428//428
f 527//527 483//483 431//431
f 527//527 592//592 483//483
f 529//529 434//434 593//593
f 434//434 344//344 593//593
f 594//594 530//530 483//483
f 344//344 485//485 593//593
f 595//595 530//530 594//594
f 530//530 595//595 484//484
f 484//484 595//595 532//532
f 596//596 597//597 598//598
f 596//596 598//598 532//532
f 532//532 598//598 487//487
f 598//598 597//597 534//534
f 487//487 598//598 534//534
f 534//534 599//599 439//439
f 599//599 490//490 439//439
f 491//491 490//490 600//600
f 601//601 492//492 313//313
f 349//349 348//348 535//535
f 535//535 313//313 349//349
f 313//313 535//535 602//602
f 601//601 313//313 602//602
f 493//493 536//536 494//494
f 536//536 352//352 603//603
f 352//352 440//440 603//603
f 603//603 440//440 604//604
f 441//441 494//494 537//537
f 440//440 353//353 604//604
f 537//537 605//605 442//442
f 353//353 354//354 604//604
f 604//604 354//354 606//606
f 354//354 444//444 606//606
f 443//443 605//605 446//446
f 607//607 445//445 446//446
f 608//608 445//445 607//607
f 444//444 495//495 609//609
f 445//445 608//608 496//496
f 538//538 609//609 495//495
f 496//496 608//608 540//540
f 543//543 544//544 610//610
f 611//611 541//541 542//542
f 500//500 499//499 549//549
f 358//358 547//547 555//555
f 555//555 547//547 612//612
f 613//613 612//612 547//547
f 539//539 614//614 615//615
f 611//611 556//556 541//541
f 546//546 545//545 616//616
f 499//499 456//456 570//570
f 551//551 617//617 561//561
f 551//551 552//552 617//617
f 448//448 618//618 552//552
f 618//618 448//448 554//554
f 612//612 562//562 619//619
f 612//612 613//613 562//562
f 563//563 562//562 613//613
f 620//620 563//563 613//613
f 564//564 563//563 620//620
f 620//620 615//615 564//564
f 614//614 564//564 615//615
f 539//539 497//497 614//614
f 545//545 557//557 616//616
f 553//553 621//621 554//554
f 497//497 622//622 614//614
f 497//497 365//365 623//623
f 567//567 616//616 557//557
f 509//509 558//558 568//568
f 511//511 624//624 574//574
f 570//570 470//470 561//561
f 571//571 619//619 562//562
f 564//564 614//614 565//565
f 565//565 614//614 622//622
f 497//497 625//625 622//622
f 623//623 625//625 497//497
f 508//508 568//568 572//572
f 572//572 568//568 626//626
f 511//511 577//577 624//624
f 511//511 575//575 577//577
f 470//470 570//570 467//467
f 622//622 625//625 627//627
f 622//622 627//627 565//565
f 572//572 628//628 567//567
f 626//626 628//628 572//572
f 372//372 461//461 573//573
f 510//510 574//574 576//576
f 629//629 578//578 513//513
f 569//569 513//513 503//503
f 629//629 513//513 569//569
f 565//565 627//627 579//579
f 374//374 565//565 579//579
f 515//515 630//630 631//631
f 631//631 573//573 515//515
f 461//461 515//515 573//573
f 576//576 581//581 472//472
f 512//512 632//632 633//633
f 512//512 578//578 632//632
f 629//629 632//632 578//578
f 391//391 518//518 514//514
f 580//580 634//634 635//635
f 580//580 635//635 630//630
f 515//515 580//580 630//630
f 517//517 582//582 583//583
f 636//636 477//477 516//516
f 580//580 520//520 634//634
f 580//580 474//474 520//520
f 585//585 519//519 583//583
f 522//522 585//585 637//637
f 522//522 637//637 524//524
f 521//521 587//587 584//584
f 523//523 638//638 588//588
f 638//638 523//523 478//478
f 590//590 481//481 639//639
f 481//481 588//588 639//639
f 586//586 525//525 640//640
f 591//591 524//524 637//637
f 429//429 641//641 528//528
f 590//590 641//641 429//429
f 525//525 642//642 640//640
f 529//529 642//642 525//525
f 591//591 643//643 527//527
f 643//643 592//592 527//527
f 592//592 644//644 483//483
f 529//529 593//593 645//645
f 594//594 483//483 644//644
f 645//645 593//593 646//646
f 646//646 593//593 647//647
f 593//593 485//485 647//647
f 595//595 594//594 644//644
f 485//485 531//531 648//648
f 648//648 647//647 485//485
f 595//595 596//596 532//532
f 648//648 531//531 649//649
f 531//531 533//533 649//649
f 533//533 488//488 649//649
f 649//649 488//488 650//650
f 650//650 488//488 489//489
f 489//489 492//492 651//651
f 650//650 489//489 651//651
f 491//491 600//600 652//652
f 535//535 491//491 652//652
f 494//494 536//536 653//653
f 494//494 653//653 537//537
f 537//537 654//654 605//605
f 442//442 605//605 443//443
f 605//605 655//655 446//446
f 606//606 444//444 609//609
f 607//607 446//446 655//655
f 609//609 538//538 656//656
f 657//657 547//547 608//608
f 547//547 540//540 608//608
f 539//539 656//656 538//538
f 658//658 656//656 539//539
f 659//659 660//660 542//542
f 543//543 659//659 542//542
f 610//610 659//659 543//543
f 610//610 544//544 661//661
f 661//661 544//544 546//546
f 662//662 611//611 542//542
f 549//549 663//663 550//550
f 613//613 547//547 657//657
f 658//658 620//620 657//657
f 539//539 615//615 658//658
f 618//618 617//617 552//552
f 620//620 613//613 657//657
f 615//615 620//620 658//658
f 611//611 664//664 556//556
f 546//546 616//616 665//665
f 617//617 570//570 561//561
f 553//553 555//555 612//612
f 559//559 573//573 558//558
f 666//666 560//560 550//550
f 566//566 556//556 664//664
f 568//568 558//558 667//667
f 573//573 667//667 558//558
f 566//566 623//623 365//365
f 628//628 668//668 567//567
f 668//668 616//616 567//567
f 626//626 568//568 669//669
f 669//669 568//568 670//670
f 568//568 667//667 670//670
f 625//625 671//671 627//627
f 628//628 626//626 669//669
f 669//669 670//670 631//631
f 573//573 631//631 667//667
f 667//667 631//631 670//670
f 577//577 512//512 633//633
f 671//671 579//579 627//627
f 635//635 672//672 628//628
f 669//669 635//635 628//628
f 630//630 635//635 669//669
f 631//631 630//630 669//669
f 514//514 518//518 571//571
f 673//673 516//516 579//579
f 634//634 674//674 672//672
f 672//672 635//635 634//634
f 582//582 581//581 675//675
f 632//632 676//676 677//677
f 629//629 676//676 632//632
f 582//582 675//675 583//583
f 584//584 678//678 518//518
f 516//516 673//673 636//636
f 634//634 520//520 674//674
f 520//520 679//679 674//674
f 583//583 680//680 681//681
f 585//585 583//583 681//681
f 678//678 584//584 682//682
f 638//638 477//477 636//636
f 637//637 585//585 683//683
f 585//585 681//681 683//683
f 477//477 638//638 478//478
f 520//520 586//586 679//679
f 586//586 684//684 679//679
f 682//682 584//584 587//587
f 587//587 589//589 685//685
f 637//637 686//686 591//591
f 589//589 528//528 641//641
f 639//639 641//641 590//590
f 586//586 640//640 684//684
f 643//643 687//687 592//592
f 645//645 642//642 529//529
f 688//688 592//592 687//687
f 644//644 592//592 688//688
f 689//689 646//646 647//647
f 644//644 690//690 595//595
f 691//691 596//596 690//690
f 690//690 596//596 595//595
f 689//689 647//647 648//648
f 692//692 596//596 691//691
f 693//693 596//596 692//692
f 597//597 596//596 693//693
f 694//694 599//599 534//534
f 694//694 490//490 599//599
f 651//651 492//492 601//601
f 652//652 600//600 695//695
f 535//535 652//652 696//696
f 535//535 696//696 602//602
f 653//653 536//536 603//603
f 653//653 654//654 537//537
f 603//603 654//654 653//653
f 603//603 697//697 654//654
f 604//604 606//606 697//697
f 603//603 604//604 697//697
f 605//605 654//654 697//697
f 697//697 606//606 698//698
f 698//698 699//699 655//655
f 606//606 609//609 698//698
f 698//698 609//609 699//699
f 699//699 607//607 655//655
f 656//656 607//607 699//699
f 699//699 609//609 656//656
f 607//607 657//657 608//608
f 607//607 656//656 657//657
f 659//659 700//700 660//660
f 659//659 610//610 700//700
f 658//658 657//657 656//656
f 542//542 660//660 662//662
f 661//661 546//546 665//665
f 701//701 663//663 702//702
f 663//663 549//549 702//702
f 549//549 703//703 702//702
f 611//611 662//662 704//704
f 705//705 703//703 549//549
f 617//617 706//706 705//705
f 617//617 618//618 706//706
f 707//707 706//706 618//618
f 708//708 550//550 663//663
f 666//666 550//550 708//708
f 549//549 499//499 705//705
f 570//570 705//705 499//499
f 617//617 705//705 570//570
f 709//709 618//618 554//554
f 710//710 616//616 711//711
f 554//554 621//621 709//709
f 621//621 553//553 712//712
f 712//712 553//553 612//612
f 713//713 566//566 664//664
f 624//624 714//714 574//574
f 666//666 715//715 560//560
f 712//712 612//612 716//716
f 619//619 716//716 612//612
f 713//713 623//623 566//566
f 625//625 623//623 713//713
f 668//668 711//711 616//616
f 624//624 577//577 633//633
f 714//714 624//624 633//633
f 560//560 717//717 569//569
f 560//560 715//715 717//717
f 716//716 619//619 571//571
f 718//718 711//711 668//668
f 628//628 672//672 668//668
f 574//574 714//714 576//576
f 633//633 719//719 714//714
f 719//719 633//633 677//677
f 633//633 632//632 677//677
f 569//569 720//720 629//629
f 569//569 717//717 720//720
f 720//720 717//717 721//721
f 571//571 722//722 716//716
f 674//674 711//711 718//718
f 668//668 672//672 718//718
f 576//576 714//714 581//581
f 675//675 581//581 714//714
f 719//719 675//675 714//714
f 629//629 720//720 676//676
f 721//721 723//723 720//720
f 723//723 676//676 720//720
f 571//571 678//678 722//722
f 671//671 673//673 579//579
f 672//672 674//674 718//718
f 680//680 675//675 719//719
f 677//677 680//680 719//719
f 677//677 676//676 680//680
f 680//680 676//676 724//724
f 723//723 724//724 676//676
f 571//571 518//518 678//678
f 680//680 583//583 675//675
f 679//679 725//725 674//674
f 681//681 680//680 683//683
f 724//724 683//683 680//680
f 723//723 686//686 724//724
f 726//726 686//686 723//723
f 678//678 682//682 727//727
f 725//725 679//679 684//684
f 686//686 637//637 683//683
f 686//686 683//683 724//724
f 587//587 685//685 682//682
f 728//728 643//643 686//686
f 728//728 686//686 726//726
f 589//589 729//729 685//685
f 641//641 729//729 589//589
f 729//729 641//641 639//639
f 730//730 684//684 640//640
f 686//686 643//643 591//591
f 643//643 731//731 687//687
f 728//728 731//731 643//643
f 732//732 640//640 642//642
f 732//732 642//642 645//645
f 733//733 690//690 688//688
f 688//688 690//690 644//644
f 734//734 690//690 733//733
f 646//646 732//732 645//645
f 691//691 690//690 734//734
f 735//735 692//692 691//691
f 735//735 693//693 692//692
f 648//648 649//649 736//736
f 649//649 737//737 736//736
f 597//597 693//693 738//738
f 597//597 694//694 534//534
f 738//738 694//694 597//597
f 650//650 739//739 649//649
f 739//739 737//737 649//649
f 740//740 739//739 650//650
f 738//738 741//741 694//694
f 490//490 694//694 600//600
f 741//741 695//695 694//694
f 600//600 694//694 695//695
f 652//652 695//695 742//742
f 696//696 652//652 742//742
f 742//742 743//743 696//696
f 602//602 696//696 743//743
f 697//697 698//698 655//655
f 605//605 697//697 655//655
f 610//610 744//744 700//700
f 745//745 702//702 746//746
f 746//746 702//702 747//747
f 700//700 748//748 660//660
f 661//661 744//744 610//610
f 665//665 744//744 661//661
f 702//702 745//745 701//701
f 703//703 747//747 702//702
f 706//706 747//747 703//703
f 708//708 663//663 701//701
f 703//703 705//705 706//706
f 704//704 664//664 611//611
f 664//664 704//704 749//749
f 665//665 616//616 710//710
f 708//708 715//715 666//666
f 709//709 707//707 618//618
f 664//664 749//749 713//713
f 621//621 712//712 750//750
f 750//750 712//712 716//716
f 751//751 717//717 715//715
f 717//717 751//751 721//721
f 674//674 752//752 711//711
f 671//671 753//753 673//673
f 721//721 754//754 723//723
f 754//754 726//726 723//723
f 727//727 755//755 756//756
f 722//722 727//727 756//756
f 722//722 678//678 727//727
f 753//753 636//636 673//673
f 753//753 757//757 636//636
f 758//758 755//755 727//727
f 636//636 757//757 638//638
f 759//759 728//728 726//726
f 682//682 685//685 727//727
f 588//588 760//760 761//761
f 638//638 760//760 588//588
f 725//725 684//684 730//730
f 639//639 761//761 729//729
f 761//761 639//639 588//588
f 762//762 728//728 759//759
f 733//733 687//687 731//731
f 731//731 728//728 763//763
f 763//763 728//728 762//762
f 687//687 733//733 688//688
f 640//640 732//732 730//730
f 730//730 732//732 764//764
f 733//733 765//765 734//734
f 766//766 764//764 732//732
f 767//767 764//764 766//766
f 732//732 646//646 766//766
f 646//646 689//689 766//766
f 766//766 689//689 767//767
f 734//734 768//768 691//691
f 689//689 769//769 767//767
f 770//770 771//771 772//772
f 735//735 691//691 768//768
f 689//689 736//736 769//769
f 689//689 648//648 736//736
f 770//770 773//773 771//771
f 774//774 775//775 770//770
f 775//775 773//773 770//770
f 776//776 775//775 774//774
f 769//769 775//775 776//776
f 773//773 777//777 771//771
f 769//769 737//737 775//775
f 736//736 737//737 769//769
f 735//735 778//778 779//779
f 693//693 735//735 779//779
f 773//773 780//780 777//777
f 775//775 781//781 773//773
f 779//779 738//738 693//693
f 773//773 782//782 780//780
f 783//783 773//773 781//781
f 777//777 780//780 784//784
f 775//775 739//739 781//781
f 737//737 739//739 775//775
f 785//785 786//786 787//787
f 788//788 787//787 784//784
f 789//789 784//784 780//780
f 782//782 789//789 780//780
f 739//739 740//740 781//781
f 785//785 790//790 786//786
f 785//785 787//787 788//788
f 789//789 788//788 784//784
f 791//791 788//788 789//789
f 651//651 792//792 793//793
f 781//781 651//651 793//793
f 740//740 651//651 781//781
f 740//740 650//650 651//651
f 788//788 743//743 794//794
f 791//791 743//743 788//788
f 792//792 651//651 601//601
f 743//743 742//742 794//794
f 602//602 743//743 792//792
f 601//601 602//602 792//792
f 706//706 795//795 747//747
f 748//748 662//662 660//660
f 796//796 662//662 748//748
f 744//744 665//665 710//710
f 795//795 706//706 707//707
f 662//662 797//797 704//704
f 749//749 704//704 797//797
f 701//701 798//798 708//708
f 799//799 800//800 707//707
f 801//801 715//715 708//708
f 709//709 802//802 799//799
f 709//709 799//799 707//707
f 621//621 802//802 709//709
f 711//711 752//752 710//710
f 621//621 750//750 802//802
f 803//803 751//751 715//715
f 750//750 716//716 804//804
f 625//625 713//713 671//671
f 804//804 716//716 722//722
f 751//751 805//805 721//721
f 722//722 756//756 804//804
f 725//725 806//806 752//752
f 752//752 674//674 725//725
f 721//721 805//805 754//754
f 807//807 757//757 808//808
f 808//808 757//757 753//753
f 754//754 759//759 726//726
f 809//809 759//759 754//754
f 755//755 810//810 809//809
f 755//755 758//758 810//810
f 727//727 685//685 811//811
f 758//758 727//727 811//811
f 761//761 760//760 812//812
f 757//757 760//760 638//638
f 762//762 759//759 809//809
f 685//685 729//729 811//811
f 729//729 813//813 811//811
f 761//761 813//813 729//729
f 761//761 812//812 813//813
f 730//730 814//814 725//725
f 815//815 814//814 730//730
f 731//731 816//816 733//733
f 731//731 763//763 816//816
f 730//730 764//764 815//815
f 767//767 817//817 815//815
f 764//764 767//767 815//815
f 818//818 819//819 772//772
f 770//770 772//772 819//819
f 820//820 770//770 819//819
f 817//817 776//776 820//820
f 767//767 776//776 817//817
f 765//765 768//768 734//734
f 774//774 770//770 820//820
f 776//776 774//774 820//820
f 767//767 769//769 776//776
f 768//768 821//821 735//735
f 818//818 822//822 823//823
f 772//772 822//822 818//818
f 778//778 735//735 821//821
f 822//822 824//824 823//823
f 771//771 777//777 822//822
f 772//772 771//771 822//822
f 824//824 786//786 825//825
f 822//822 777//777 784//784
f 822//822 787//787 824//824
f 787//787 786//786 824//824
f 784//784 787//787 822//822
f 782//782 773//773 783//783
f 826//826 738//738 779//779
f 827//827 825//825 828//828
f 786//786 828//828 825//825
f 790//790 828//828 786//786
f 738//738 826//826 741//741
f 783//783 793//793 782//782
f 783//783 781//781 793//793
f 829//829 828//828 830//830
f 790//790 830//830 828//828
f 782//782 793//793 789//789
f 695//695 741//741 829//829
f 830//830 695//695 829//829
f 794//794 830//830 790//790
f 785//785 794//794 790//790
f 788//788 794//794 785//785
f 792//792 791//791 789//789
f 793//793 792//792 789//789
f 742//742 695//695 830//830
f 794//794 742//742 830//830
f 792//792 743//743 791//791
f 831//831 746//746 747//747
f 700//700 832//832 748//748
f 832//832 700//700 744//744
f 745//745 746//746 833//833
f 831//831 833//833 746//746
f 832//832 744//744 834//834
f 744//744 710//710 834//834
f 745//745 798//798 701//701
f 835//835 795//795 707//707
f 662//662 796//796 797//797
f 800//800 835//835 707//707
f 801//801 708//708 798//798
f 749//749 797//797 713//713
f 800//800 799//799 802//802
f 797//797 836//836 713//713
f 837//837 802//802 750//750
f 713//713 836//836 838//838
f 839//839 837//837 750//750
f 838//838 671//671 713//713
f 839//839 750//750 804//804
f 751//751 840//840 805//805
f 753//753 671//671 838//838
f 841//841 842//842 756//756
f 806//806 843//843 844//844
f 841//841 805//805 845//845
f 841//841 754//754 805//805
f 756//756 755//755 841//841
f 808//808 846//846 847//847
f 847//847 846//846 844//844
f 725//725 843//843 806//806
f 807//807 808//808 847//847
f 844//844 843//843 847//847
f 754//754 841//841 809//809
f 755//755 809//809 841//841
f 812//812 760//760 848//848
f 760//760 757//757 807//807
f 760//760 807//807 848//848
f 847//847 848//848 807//807
f 843//843 814//814 847//847
f 843//843 725//725 814//814
f 758//758 811//811 849//849
f 810//810 758//758 849//849
f 849//849 811//811 813//813
f 813//813 812//812 850//850
f 850//850 812//812 851//851
f 848//848 851//851 812//812
f 847//847 852//852 848//848
f 814//814 852//852 847//847
f 810//810 853//853 809//809
f 849//849 853//853 810//810
f 850//850 849//849 813//813
f 854//854 850//850 851//851
f 848//848 854//854 851//851
f 852//852 854//854 848//848
f 814//814 815//815 855//855
f 856//856 762//762 809//809
f 853//853 856//856 809//809
f 850//850 857//857 849//849
f 857//857 853//853 849//849
f 854//854 858//858 850//850
f 858//858 857//857 850//850
f 852//852 858//858 854//854
f 814//814 855//855 852//852
f 763//763 762//762 856//856
f 852//852 819//819 858//858
f 859//859 819//819 852//852
f 855//855 859//859 852//852
f 816//816 860//860 733//733
f 816//816 763//763 860//860
f 860//860 763//763 856//856
f 853//853 861//861 856//856
f 857//857 861//861 853//853
f 819//819 861//861 857//857
f 858//858 819//819 857//857
f 855//855 815//815 817//817
f 733//733 860//860 765//765
f 855//855 817//817 859//859
f 819//819 862//862 861//861
f 859//859 820//820 819//819
f 863//863 864//864 860//860
f 856//856 863//863 860//860
f 861//861 863//863 856//856
f 817//817 820//820 859//859
f 860//860 821//821 765//765
f 818//818 823//823 862//862
f 819//819 818//818 862//862
f 765//765 821//821 768//768
f 860//860 864//864 821//821
f 863//863 865//865 864//864
f 861//861 866//866 863//863
f 862//862 866//866 861//861
f 823//823 824//824 862//862
f 862//862 824//824 866//866
f 864//864 865//865 821//821
f 865//865 778//778 821//821
f 866//866 827//827 863//863
f 827//827 865//865 863//863
f 824//824 825//825 866//866
f 825//825 827//827 866//866
f 867//867 778//778 865//865
f 827//827 867//867 865//865
f 867//867 826//826 778//778
f 778//778 826//826 779//779
f 829//829 826//826 867//867
f 827//827 829//829 867//867
f 827//827 828//828 829//829
f 829//829 741//741 826//826
f 868//868 833//833 831//831
f 869//869 868//868 831//831
f 747//747 869//869 831//831
f 795//795 869//869 747//747
f 796//796 748//748 870//870
f 832//832 870//870 748//748
f 745//745 833//833 798//798
f 835//835 871//871 869//869
f 835//835 869//869 795//795
f 834//834 872//872 870//870
f 832//832 834//834 870//870
f 834//834 710//710 872//872
f 835//835 800//800 873//873
f 801//801 798//798 874//874
f 797//797 796//796 875//875
f 710//710 876//876 872//872
f 800//800 837//837 873//873
f 802//802 837//837 800//800
f 797//797 877//877 836//836
f 797//797 875//875 877//877
f 874//874 715//715 801//801
f 803//803 715//715 874//874
f 876//876 710//710 752//752
f 803//803 840//840 751//751
f 752//752 806//806 876//876
f 842//842 839//839 804//804
f 806//806 878//878 876//876
f 805//805 840//840 845//845
f 756//756 842//842 804//804
f 753//753 838//838 808//808
f 838//838 879//879 808//808
f 846//846 878//878 844//844
f 879//879 878//878 846//846
f 806//806 844//844 878//878
f 845//845 880//880 841//841
f 841//841 880//880 842//842
f 846//846 808//808 879//879
f 881//881 870//870 872//872
f 833//833 882//882 798//798
f 882//882 874//874 798//798
f 878//878 881//881 872//872
f 876//876 878//878 872//872
f 874//874 883//883 803//803
f 884//884 836//836 877//877
f 803//803 883//883 840//840
f 838//838 836//836 884//884
f 879//879 838//838 884//884
f 839//839 842//842 880//880
f 869//869 885//885 868//868
f 869//869 871//871 885//885
f 868//868 882//882 833//833
f 885//885 882//882 868//868
f 796//796 870//870 875//875
f 875//875 870//870 881//881
f 871//871 835//835 886//886
f 835//835 873//873 886//886
f 887//887 882//882 885//885
f 887//887 885//885 886//886
f 885//885 871//871 886//886
f 875//875 881//881 877//877
f 887//887 874//874 882//882
f 883//883 887//887 886//886
f 873//873 837//837 888//888
f 873//873 888//888 886//886
f 881//881 889//889 877//877
f 887//887 883//883 874//874
f 888//888 883//883 886//886
f 884//884 877//877 889//889
f 881//881 878//878 889//889
f 840//840 883//883 845//845
f 888//888 880//880 883//883
f 880//880 845//845 883//883
f 888//888 837//837 839//839
f 889//889 879//879 884//884
f 839//839 880//880 888//888
f 878//878 879//879 889//889
